Application Id,Link,Application Number,Application Date,Country,Title,I P C
CN324347467,https://patentscope.wipo.int/search/en/detail.jsf?docId=CN324347467,201911093561.X,11.11.2019,CN,Breeding method for carrying out saturated base editing on specific gene of plant,C12N 15/29; C12N 15/82; A01H 5/00; A01H 6/46
CN417838467,https://patentscope.wipo.int/search/en/detail.jsf?docId=CN417838467,202311185644.8,13.09.2023,CN,Method for improving plant gene editing efficiency,C12N 15/82; C12N 15/29; A01H 6/20; A01H 5/00
CA382074342,https://patentscope.wipo.int/search/en/detail.jsf?docId=CA382074342,3183409,28.05.2021,CA,LARGE SCALE GENOME MANIPULATION,C12N 15/82
CN391941406,https://patentscope.wipo.int/search/en/detail.jsf?docId=CN391941406,202180038896.0,28.05.2021,CN,Large scale genome manipulation,C12N 15/82
WO2021243115,https://patentscope.wipo.int/search/en/detail.jsf?docId=WO2021243115,PCT/US2021/034704,28.05.2021,WO,LARGE SCALE GENOME MANIPULATION,C12N 15/82
EP394881944,https://patentscope.wipo.int/search/en/detail.jsf?docId=EP394881944,21812108,28.05.2021,EP,LARGE SCALE GENOME MANIPULATION,C12N 15/82; C12N 9/22
WO2023164550,https://patentscope.wipo.int/search/en/detail.jsf?docId=WO2023164550,PCT/US2023/063129,23.02.2023,WO,METHODS AND COMPOSITIONS FOR ADVANCED BREEDING THROUGH TARGETED CHROMOSOME ENGINEERING,A01H 1/00; A01H 1/04; C12N 9/22; A01H 5/10
EP445085862,https://patentscope.wipo.int/search/en/detail.jsf?docId=EP445085862,23760919,23.02.2023,EP,METHODS AND COMPOSITIONS FOR ADVANCED BREEDING THROUGH TARGETED CHROMOSOME ENGINEERING,A01H 1/00; A01H 1/04; A01H 5/10; C12N 9/22
US400261471,https://patentscope.wipo.int/search/en/detail.jsf?docId=US400261471,18000067,28.05.2021,US,LARGE SCALE GENOME MANIPULATION,C12N 15/82
WO2018099256,https://patentscope.wipo.int/search/en/detail.jsf?docId=WO2018099256,PCT/CN2017/110349,10.11.2017,WO,APPLICATION OF CRISPR/NCAS9 MEDIATED SITE-DIRECTED BASE SUBSTITUTION IN PLANTS,C12N 15/82; A01H 5/00
CN336182358,https://patentscope.wipo.int/search/en/detail.jsf?docId=CN336182358,202110405120.X,15.04.2021,CN,Application of RS2Z32 gene as plant immunity negative regulation factor in improvement of crop resistance,C12N 15/84; C07K 14/415; A01H 5/00; A01H 6/82; A01H 6/54; A01H 6/46; A01H 6/60
CN311217181,https://patentscope.wipo.int/search/en/detail.jsf?docId=CN311217181,201910275840.1,08.04.2019,CN,Method for acquiring non-transgenic perennial ryegrass mutant,C12N 15/82; C12N 15/10; C12N 15/113; C12N 15/29; C07K 14/415; A01H 5/00; A01H 6/46
CN236817200,https://patentscope.wipo.int/search/en/detail.jsf?docId=CN236817200,201811347308.8,13.11.2018,CN,Recombinant vector for rapidly obtaining non-GMO genome editing plants and method for using same,C12N 15/82; C12N 15/29; A01H 5/00; A01H 6/82
EP281665307,https://patentscope.wipo.int/search/en/detail.jsf?docId=EP281665307,18764709,07.03.2018,EP,METHOD FOR EPIGENETICALLY MANIPULATING PLANT PHENOTYPIC PLASTICITY,C12N 15/82; A01H 5/00; C07K 14/415; C12N 15/29
WO2018161921,https://patentscope.wipo.int/search/en/detail.jsf?docId=WO2018161921,PCT/CN2018/078295,07.03.2018,WO,METHOD FOR EPIGENETICALLY MANIPULATING PLANT PHENOTYPIC PLASTICITY,C12N 15/29; C12N 15/82; A01H 5/00
CN280377979,https://patentscope.wipo.int/search/en/detail.jsf?docId=CN280377979,201880016443.6,07.03.2018,CN,METHOD FOR EPIGENETICALLY MANIPULATING PLANT PHENOTYPIC PLASTICITY,C12N 15/29; C12N 15/82; A01H 5/00
CN427320293,https://patentscope.wipo.int/search/en/detail.jsf?docId=CN427320293,202410018969.5,05.01.2024,CN,Application of rice root-knot nematode susceptible gene OsThil in regulating resistance of rice to root-knot nematode,C12N 15/82; C12N 15/29; A01H 5/00; A01H 6/46
CN280201643,https://patentscope.wipo.int/search/en/detail.jsf?docId=CN280201643,201910913593.3,25.09.2019,CN,Construction method of CRISPR/Cas9 vector applied to potatoes,C12N 15/82; A01H 5/00; A01H 6/82; A01H 4/00
EP275489583,https://patentscope.wipo.int/search/en/detail.jsf?docId=EP275489583,17885381,21.12.2017,EP,GENOME EDITING-BASED CROP ENGINEERING AND PRODUCTION OF BRACHYTIC PLANTS,A01H 1/04; A01H 1/06; A01H 5/10; A01H 6/46; C07K 14/415; C12N 15/10; C12N 15/82
CA245841433,https://patentscope.wipo.int/search/en/detail.jsf?docId=CA245841433,3047163,21.12.2017,CA,GENOME EDITING-BASED CROP ENGINEERING AND PRODUCTION OF BRACHYTIC PLANTS,A01H 1/04; A01H 1/06; A01H 5/10; C12N 15/10; C12N 15/82
WO2018119225,https://patentscope.wipo.int/search/en/detail.jsf?docId=WO2018119225,PCT/US2017/067888,21.12.2017,WO,GENOME EDITING-BASED CROP ENGINEERING AND PRODUCTION OF BRACHYTIC PLANTS,A01H 1/04; A01H 1/06; A01H 5/10; C12N 15/10; C12N 15/82
MX283331777,https://patentscope.wipo.int/search/en/detail.jsf?docId=MX283331777,2019007546,21.06.2019,MX,GENOME EDITING-BASED CROP ENGINEERING AND PRODUCTION OF BRACHYTIC PLANTS.,A01H 1/06
CN251679698,https://patentscope.wipo.int/search/en/detail.jsf?docId=CN251679698,201780084277.9,21.12.2017,CN,GENOME EDITING-BASED CROP ENGINEERING AND PRODUCTION OF BRACHYTIC PLANTS,A01H 1/04; A01H 1/06; A01H 5/10; C12N 15/10; C12N 15/82
CN290161211,https://patentscope.wipo.int/search/en/detail.jsf?docId=CN290161211,201911081824.5,07.11.2019,CN,Wheat TaARF12 gene and application thereof,C12N 15/29; C12N 15/10; C12N 15/113; C12N 15/82; A01H 5/00; A01H 6/46; C12Q 1/6895
US294407009,https://patentscope.wipo.int/search/en/detail.jsf?docId=US294407009,16472140,21.12.2017,US,Genome editing-based crop engineering and production of brachytic plants,C12N 15/82; A01H 1/06; A01H 5/10; A01H 6/46; C07K 14/415
MX415081199,https://patentscope.wipo.int/search/en/detail.jsf?docId=MX415081199,2022014145,21.06.2019,MX,GENOME EDITING-BASED CROP ENGINEERING AND PRODUCTION OF BRACHYTIC PLANTS.,A01H 1/04
CA345312038,https://patentscope.wipo.int/search/en/detail.jsf?docId=CA345312038,3141931,17.06.2020,CA,COMPOSITIONS AND METHODS FOR IMPROVING POD SHATTER TOLERANCE IN CANOLA,C12N 15/113; A01H 6/20; C12Q 1/686; A01H 1/00; A01H 5/00; C07K 14/415; C12N 9/22; C12N 15/09; C12N 15/11; C12N 15/29
WO2020257251,https://patentscope.wipo.int/search/en/detail.jsf?docId=WO2020257251,PCT/US2020/038087,17.06.2020,WO,COMPOSITIONS AND METHODS FOR IMPROVING POD SHATTER TOLERANCE IN CANOLA,A01H 1/00; A01H 5/00; A01H 6/20; C07K 14/415; C12N 9/22; C12N 15/09; C12N 15/11
EP358609092,https://patentscope.wipo.int/search/en/detail.jsf?docId=EP358609092,20825832,17.06.2020,EP,COMPOSITIONS AND METHODS FOR IMPROVING POD SHATTER TOLERANCE IN CANOLA,A01H 1/00; A01H 5/00; A01H 6/20; C07K 14/415; C12N 9/22; C12N 15/09; C12N 15/11
EP311124141,https://patentscope.wipo.int/search/en/detail.jsf?docId=EP311124141,19701052,11.01.2019,EP,OPTIMIZED PLANT CRISPR/CPF1 SYSTEMS,C07K 14/415; A01H 6/02; A01H 6/46; C12N 15/113; C12N 15/82
CN312690861,https://patentscope.wipo.int/search/en/detail.jsf?docId=CN312690861,201980026491.8,16.04.2019,CN,IMPROVING AGRONOMIC CHARACTERISTICS IN MAIZE BY MODIFICATION OF ENDOGENOUS MADS BOX TRANSCRIPTION FACTORS,A01H 5/00; A01H 5/10; A01H 6/46; C07K 14/415; C12N 15/82
WO2019204256,https://patentscope.wipo.int/search/en/detail.jsf?docId=WO2019204256,PCT/US2019/027602,16.04.2019,WO,IMPROVING AGRONOMIC CHARACTERISTICS IN MAIZE BY MODIFICATION OF ENDOGENOUS MADS BOX TRANSCRIPTION FACTORS,A01H 5/00; A01H 5/10; C07K 14/415; C12N 15/82
EP318509452,https://patentscope.wipo.int/search/en/detail.jsf?docId=EP318509452,19789170,16.04.2019,EP,IMPROVING AGRONOMIC CHARACTERISTICS IN MAIZE BY MODIFICATION OF ENDOGENOUS MADS BOX TRANSCRIPTION FACTORS,C12N 15/82; A01H 1/02; A01H 5/10; C12Q 1/68
CA310737196,https://patentscope.wipo.int/search/en/detail.jsf?docId=CA310737196,3095045,,CA,IMPROVING AGRONOMIC CHARACTERISTICS IN MAIZE BY MODIFICATION OF ENDOGENOUS MADS BOX TRANSCRIPTION FACTORS,A01H 5/00; A01H 5/10; C07K 14/415; C12N 15/82
CN310801653,https://patentscope.wipo.int/search/en/detail.jsf?docId=CN310801653,201980018394.4,11.01.2019,CN,Optimized plant CRISPR/CPF1 systems,C07K 14/415; C12N 15/113; C12N 15/82; A01H 6/46; A01H 6/02
CA300730838,https://patentscope.wipo.int/search/en/detail.jsf?docId=CA300730838,3088052,,CA,OPTIMIZED PLANT CRISPR/CPF1 SYSTEMS,A01H 6/02; A01H 6/46; C07K 14/415; C12N 15/113; C12N 15/82
WO2019138052,https://patentscope.wipo.int/search/en/detail.jsf?docId=WO2019138052,PCT/EP2019/050655,11.01.2019,WO,OPTIMIZED PLANT CRISPR/CPF1 SYSTEMS,C07K 14/415; C12N 15/113; C12N 15/82; A01H 6/46; A01H 6/02
CN438262435,https://patentscope.wipo.int/search/en/detail.jsf?docId=CN438262435,202410589544.X,13.05.2024,CN,Application of rape phosphate transporter gene mutant in arsenic stress resistance,C12N 15/82; C07K 14/415; C12N 15/29; A01H 5/00; A01H 6/20
US375116822,https://patentscope.wipo.int/search/en/detail.jsf?docId=US375116822,17619583,17.06.2020,US,COMPOSITIONS AND METHODS FOR IMPROVING POD SHATTER TOLERANCE IN CANOLA,C12N 15/82; C12N 9/22; C12N 9/24; C12Q 1/6895; C12N 15/11
AU340320468,https://patentscope.wipo.int/search/en/detail.jsf?docId=AU340320468,2020295995,17.06.2020,AU,Compositions and methods for improving pod shatter tolerance in canola,A01H 1/00; A01H 5/00; A01H 6/20; C07K 14/415; C12N 9/22; C12N 15/09; C12N 15/11
IN318014159,https://patentscope.wipo.int/search/en/detail.jsf?docId=IN318014159,202017049501,12.11.2020,IN,IMPROVING AGRONOMIC CHARACTERISTICS IN MAIZE BY MODIFICATION OF ENDOGENOUS MADS BOX TRANSCRIPTION FACTORS,C12N /; C07K /; A01H /; A01H /; A01H /
US325111240,https://patentscope.wipo.int/search/en/detail.jsf?docId=US325111240,17047946,16.04.2019,US,IMPROVING AGRONOMIC CHARACTERISTICS IN MAIZE BY MODIFICATION OF ENDOGENOUS MADS BOX TRANSCRIPTION FACTORS,C12N 15/82
CN203439502,https://patentscope.wipo.int/search/en/detail.jsf?docId=CN203439502,102017000098892,23.02.2017,CN,Application of CRISPR/nCas9 mediated site-directed base substitution in plant,C12N 15/82; A01H 5/00; A01H 6/46
US444652451,https://patentscope.wipo.int/search/en/detail.jsf?docId=US444652451,18739142,10.06.2024,US,POTATO VARIETY NAMED 'UNR-01',A01H 6/82; A01H 5/06
WO2019027871,https://patentscope.wipo.int/search/en/detail.jsf?docId=WO2019027871,PCT/US2018/044312,30.07.2018,WO,PEANUT WITH REDUCED ALLERGEN LEVELS,C12N 15/11; C12N 15/113; C12N 15/63; C12N 15/82; C12N 9/22
US325709511,https://patentscope.wipo.int/search/en/detail.jsf?docId=US325709511,16961303,11.01.2019,US,Optimized plant CRISPR/CPF1 systems,C12N 15/82; C12N 9/22
US444088085,https://patentscope.wipo.int/search/en/detail.jsf?docId=US444088085,18813194,23.08.2024,US,OPTIMIZED PLANT CRISPR/CPF1 SYSTEMS,C12N 15/82; C12N 9/22
CN220636315,https://patentscope.wipo.int/search/en/detail.jsf?docId=CN220636315,102017000396445,31.05.2017,CN,CRISPR-Cas9 system-based gene editing vector and application thereof,C12N 15/82; C12N 9/22; C12N 15/113
CN350472567,https://patentscope.wipo.int/search/en/detail.jsf?docId=CN350472567,202111283433.9,01.11.2021,CN,Method for improving water utilization efficiency of tomato crops,C12N 15/54; C12N 15/84; A01H 5/00; A01H 6/82
CN274818238,https://patentscope.wipo.int/search/en/detail.jsf?docId=CN274818238,201780086842.5,20.12.2017,CN,"CONFERRING RESISTANCE TO GEMINIVIRUSES IN PLANTS IN ALTERNATIVE MANNER TO GENE DRIVE, USING CRISPR/CAS SYSTEMS",C12N 15/82; A01H 5/00; C12N 5/10; A01H 6/82
WO2018115202,https://patentscope.wipo.int/search/en/detail.jsf?docId=WO2018115202,PCT/EP2017/083952,20.12.2017,WO,"CONFERRING RESISTANCE TO GEMINIVIRUSES IN PLANTS IN ALTERNATIVE MANNER TO GENE DRIVE, USING CRISPR/CAS SYSTEMS",C12N 15/82; A01H 5/00
CA248190514,https://patentscope.wipo.int/search/en/detail.jsf?docId=CA248190514,3047829,20.12.2017,CA,"CONFERRING RESISTANCE TO GEMINIVIRUSES IN PLANTS IN ALTERNATIVE MANNER TO GENE DRIVE, USING CRISPR/CAS SYSTEMS",C12N 15/82; A01H 5/00
CN406155588,https://patentscope.wipo.int/search/en/detail.jsf?docId=CN406155588,202180079490.7,22.11.2021,CN,Preparation method for inhibiting potato plants by browning of CRISPR/Cas9 system,C12N 9/22
EP424808530,https://patentscope.wipo.int/search/en/detail.jsf?docId=EP424808530,22796734,28.04.2022,EP,PLANT REGULATORY ELEMENTS AND USES THEREOF,C12N 15/82; C12N 15/11; C12N 15/113
WO2022232407,https://patentscope.wipo.int/search/en/detail.jsf?docId=WO2022232407,PCT/US2022/026754,28.04.2022,WO,PLANT REGULATORY ELEMENTS AND USES THEREOF,C12N 15/82; C12N 15/11; C12N 15/113
CA412653842,https://patentscope.wipo.int/search/en/detail.jsf?docId=CA412653842,3217328,28.04.2022,CA,PLANT REGULATORY ELEMENTS AND USES THEREOF,C12N 15/82; C12N 15/113; C12N 15/11
CN418368970,https://patentscope.wipo.int/search/en/detail.jsf?docId=CN418368970,202280031323.X,28.04.2022,CN,Plant regulatory elements and uses thereof,C12N 15/82
US276885085,https://patentscope.wipo.int/search/en/detail.jsf?docId=US276885085,16471465,20.12.2017,US,"CONFERRING RESISTANCE TO GEMINIVIRUSES IN PLANTS IN ALTERNATIVE MANNER TO GENE DRIVE, USING CRISPR/CAS SYSTEMS",C12N 15/82
US314530943,https://patentscope.wipo.int/search/en/detail.jsf?docId=US314530943,16634220,30.07.2018,US,PEANUT WITH REDUCED ALLERGEN LEVELS,C12N 15/82
CN403547327,https://patentscope.wipo.int/search/en/detail.jsf?docId=CN403547327,202310602777.4,26.05.2023,CN,Sg RNA for editing corn ZmCENH3 gene by using CRISPR/Cas9 system and application of sg RNA,C12N 15/113; C12N 9/22; C12N 15/84; C12Q 1/6895; C12N 15/55; C12N 15/11; C12N 15/29; A01H 5/00; A01H 6/46
WO2018072706,https://patentscope.wipo.int/search/en/detail.jsf?docId=WO2018072706,PCT/CN2017/106665,18.10.2017,WO,CONSTRUCTS AND METHODS TO IMPROVE ABIOTIC STRESS TOLERANT IN PLANTS,C12N 15/55; C12N 15/53; C12N 15/29; C12N 15/63; C12Q 1/68; A01H 5/00
CN371017838,https://patentscope.wipo.int/search/en/detail.jsf?docId=CN371017838,202210741231.2,28.06.2022,CN,Application of rice OsbHLH38 protein and coding gene thereof in improving abiotic stress resistance of plants,C07K 14/415; C12N 15/29; C12N 15/84; A01H 5/10; A01H 6/46
CN436525250,https://patentscope.wipo.int/search/en/detail.jsf?docId=CN436525250,202410278043.X,12.03.2024,CN,Rice gene OsCAD8B and application thereof,C12N 15/53; C12N 9/04; C12N 15/82; A01H 6/46; A01H 5/00
CN226035000,https://patentscope.wipo.int/search/en/detail.jsf?docId=CN226035000,201810217936.8,16.03.2018,CN,Application for using LbCpf1-RR mutant in CRISPR/Cpf1 system in plant gene editing,C12N 15/82; C12N 15/62; C07K 14/415; A01H 5/00; A01H 6/46
US379738014,https://patentscope.wipo.int/search/en/detail.jsf?docId=US379738014,17731856,28.04.2022,US,PLANT REGULATORY ELEMENTS AND USES THEREOF,C12N 15/82
CN202655171,https://patentscope.wipo.int/search/en/detail.jsf?docId=CN202655171,201710182462.3,24.03.2017,CN,Method for improving RNA virus resistance of plants,C12N 15/82; A01H 5/00
WO2021124323,https://patentscope.wipo.int/search/en/detail.jsf?docId=WO2021124323,PCT/IL2020/051289,15.12.2020,WO,MEANS AND METHODS FOR PROVIDING RESISTANCE AGAINST PARASITIC WEEDS,A01H 1/00; A01H 5/08; A01H 6/82; C12N 15/82
CN370197819,https://patentscope.wipo.int/search/en/detail.jsf?docId=CN370197819,202210668828.9,14.06.2022,CN,Application of rice OsGA20ox2 protein and coding gene thereof in improving abiotic stress resistance of plants,C12N 9/02; C12N 15/53; C12N 15/84; C12N 5/10; A01H 5/00; A01H 6/46
NZ412444480,https://patentscope.wipo.int/search/en/detail.jsf?docId=NZ412444480,804298,04.10.2023,NZ,PLANT REGULATORY ELEMENTS AND USES THEREOF,C12N 15/82; C12N 15/11; C12N 15/113
CN333864293,https://patentscope.wipo.int/search/en/detail.jsf?docId=CN333864293,202110609717.6,01.06.2021,CN,Method for creating herbicide-resistant plants by using single base editing technology,C12N 15/113; C12N 15/82; A01H 4/00; A01H 5/12; A01H 6/60
CN323190088,https://patentscope.wipo.int/search/en/detail.jsf?docId=CN323190088,202110072099.6,19.01.2021,CN,Fluorescence labeled CRISPR/SpCas9 system mediated gene replacement system and application thereof in plants,C12N 15/82; C12N 15/113; C12N 9/22; C12N 15/65
CN405925025,https://patentscope.wipo.int/search/en/detail.jsf?docId=CN405925025,202310770131.7,28.06.2023,CN,Method and kit for visually detecting phytophthora sojae,C12Q 1/6895; C12Q 1/6844; C12N 15/11; C12R 1/645
CN231217044,https://patentscope.wipo.int/search/en/detail.jsf?docId=CN231217044,201810385868.6,26.04.2018,CN,Method for realizing homologous recombination of target genes in plants by using CRISPR/LbCpf1 system,C12N 15/82
CN405748556,https://patentscope.wipo.int/search/en/detail.jsf?docId=CN405748556,202310560815.4,16.05.2023,CN,Application of LjAP3M protein in regulation and control of nitrogen fixation efficiency of plant root nodule,C12N 15/82; C07K 14/415; C12N 15/29; A01H 5/06; A01H 6/54
CN405936984,https://patentscope.wipo.int/search/en/detail.jsf?docId=CN405936984,202310770135.5,28.06.2023,CN,Method and kit for visually detecting soybean southern stem canker pathogen,C12Q 1/6895; C12Q 1/6844; C12N 15/11; C12R 1/645
CN398582473,https://patentscope.wipo.int/search/en/detail.jsf?docId=CN398582473,202310410503.5,18.04.2023,CN,Application of inhibiting expression of HSRP1 gene in improving heat resistance of plants,C12N 15/84; C12N 15/54; A01H 5/10; A01H 5/00; A01H 6/20
CN426828106,https://patentscope.wipo.int/search/en/detail.jsf?docId=CN426828106,202311841396.8,29.12.2023,CN,Tomato SlMIS1 gene and application thereof in improving high temperature resistance of tomato,C12N 15/29; C07K 14/415; C12N 15/84; A01H 5/00; A01H 6/82
WO2022066647,https://patentscope.wipo.int/search/en/detail.jsf?docId=WO2022066647,PCT/US2021/051318,21.09.2021,WO,USE OF CRISPR-CAS ENDONUCLEASES FOR PLANT GENOME ENGINEERING,C12N 9/22; C12N 15/11; C12N 15/113; C12N 15/63; C12N 15/90
CN436540298,https://patentscope.wipo.int/search/en/detail.jsf?docId=CN436540298,202410637361.0,22.05.2024,CN,Application of arabidopsis thaliana HMP46 gene in improvement of cadmium stress resistance of plants,C12N 15/29; C12N 15/82; A01H 6/20; A01H 5/00
CN394136643,https://patentscope.wipo.int/search/en/detail.jsf?docId=CN394136643,202211028654.6,25.08.2022,CN,Application of NUA gene in plant salt stress resistance regulation,C12N 15/82; C12N 15/29; A01H 5/00; A01H 6/20
CN305439310,https://patentscope.wipo.int/search/en/detail.jsf?docId=CN305439310,202010513321.7,08.06.2020,CN,"Rice leaf albino-gene OsHMBPP, protein and application",C12N 15/29; C07K 14/415; C12N 15/82; A01H 5/12; A01H 6/46
CN243491176,https://patentscope.wipo.int/search/en/detail.jsf?docId=CN243491176,201780046646.5,18.10.2017,CN,CONSTRUCTS AND METHODS TO IMPROVE ABIOTIC STRESS TOLERANT IN PLANTS,C12N 15/55; C12N 15/53; C12N 15/29; C12N 15/63; C12Q 1/6895; A01H 5/00; A01H 6/46; A01H 6/54; A01H 6/14; A01H 6/20; A01H 6/60
CN429525058,https://patentscope.wipo.int/search/en/detail.jsf?docId=CN429525058,202410110575.2,26.01.2024,CN,Application of Gma-miR396c gene editing in improvement of soybean salt tolerance and yield,C12N 15/84; C12N 15/113; C12Q 1/6895; C12Q 1/6858; C12N 15/11; A01H 5/00; A01H 6/54
CN217693414,https://patentscope.wipo.int/search/en/detail.jsf?docId=CN217693414,201610909055.3,19.10.2016,CN,Construction body and method for improving abiotic stress tolerance of plants,C12N 15/55; C12N 15/53; C12N 15/29; C12N 15/82; C12Q 1/6895; A01H 5/10; A01H 6/46
CN394136642,https://patentscope.wipo.int/search/en/detail.jsf?docId=CN394136642,202211028651.2,25.08.2022,CN,Application of ESD4 gene in plant salt stress resistance regulation and control,C12N 15/57; C12N 15/82; A01H 5/00; A01H 6/20
CA240385129,https://patentscope.wipo.int/search/en/detail.jsf?docId=CA240385129,3037560,10.10.2017,CA,GENERATING NORTHERN LEAF BLIGHT RESISTANT MAIZE,A01H 1/04; C12N 15/82; C12Q 1/68
WO2018071362,https://patentscope.wipo.int/search/en/detail.jsf?docId=WO2018071362,PCT/US2017/055835,10.10.2017,WO,GENERATING NORTHERN LEAF BLIGHT RESISTANT MAIZE,A01H 1/04; C12Q 1/68; C12N 15/82
CN243759717,https://patentscope.wipo.int/search/en/detail.jsf?docId=CN243759717,201780063265.8,10.10.2017,CN,GENERATING NORTHERN LEAF BLIGHT RESISTANT MAIZE,C12N 15/82; C12N 15/113; A01H 5/00; A01H 6/46
EP250873369,https://patentscope.wipo.int/search/en/detail.jsf?docId=EP250873369,17787833,10.10.2017,EP,GENERATING NORTHERN LEAF BLIGHT RESISTANT MAIZE,A01H 1/04; C12N 15/82; C12Q 1/68
WO2019120283,https://patentscope.wipo.int/search/en/detail.jsf?docId=WO2019120283,PCT/CN2018/122640,21.12.2018,WO,METHOD FOR BASE EDITING IN PLANTS,C12N 15/63; C12N 15/82
EP309786257,https://patentscope.wipo.int/search/en/detail.jsf?docId=EP309786257,18891268,21.12.2018,EP,METHOD FOR BASE EDITING IN PLANTS,C12N 15/63; C12N 15/82
CA305248936,https://patentscope.wipo.int/search/en/detail.jsf?docId=CA305248936,3091157,,CA,METHOD FOR BASE EDITING IN PLANTS,C12N 15/63; C12N 15/82
US323259947,https://patentscope.wipo.int/search/en/detail.jsf?docId=US323259947,17090766,05.11.2020,US,SYSTEMS AND METHODS FOR PLANT GENOME EDITING USING CAS 12a ORTHOLOGS,C12N 15/82; C12N 15/11; C12N 9/22
CN254169437,https://patentscope.wipo.int/search/en/detail.jsf?docId=CN254169437,201910598288.X,04.07.2019,CN,Method for improving citrus canker resistance based on CRISPRCas9 mediated CsWRKY22 site-directed editing,C12N 15/82; C12N 15/29; A01H 5/00; A01H 6/78
CN398576169,https://patentscope.wipo.int/search/en/detail.jsf?docId=CN398576169,202310158146.8,23.02.2023,CN,Application of SlWRKY57 gene and encoded protein thereof in regulating and controlling salt tolerance of tomato,C07K 14/415; C12N 15/29; C12N 15/84; A01H 5/00; A01H 6/82
CN236644555,https://patentscope.wipo.int/search/en/detail.jsf?docId=CN236644555,201710514085.9,29.06.2017,CN,A method for creating male sterile line of tomato through genome editing and application thereof,C12N 15/82; C12N 15/29
CN178121098,https://patentscope.wipo.int/search/en/detail.jsf?docId=CN178121098,102016000269268,27.04.2016,CN,Seed breeding method for reducing cadmium content in rice grains,C12N 15/29; C12N 15/82; A01H 5/00
CN291484417,https://patentscope.wipo.int/search/en/detail.jsf?docId=CN291484417,201911227251.2,04.12.2019,CN,Function and application of rice Os11g0681100 gene and coding protein,C12N 15/113; C12N 15/82; A01H 5/00; A01H 6/46
CN276479923,https://patentscope.wipo.int/search/en/detail.jsf?docId=CN276479923,201910753805.6,15.08.2019,CN,Application of oryza sativa l. OsGA2ox8 protein and coding gene and recombinant vector thereof in enhancing plant drought resistance,C12N 9/02; C12N 15/53; C12N 15/82; A01H 5/00; A01H 6/46
US252246344,https://patentscope.wipo.int/search/en/detail.jsf?docId=US252246344,16342794,18.10.2017,US,Constructs and methods to improve abiotic stress tolerance in plants,C12N 15/82; C12N 9/22; C12N 15/11; C07K 14/415; C12Q 1/68; C12Q 1/6895
CN427212842,https://patentscope.wipo.int/search/en/detail.jsf?docId=CN427212842,202311839213.9,28.12.2023,CN,Type V-A anti-CRISPR protein suitable for plant genome editing and application of Type V-A anti-CRISPR protein,C07K 14/195; C12N 15/84; C12N 15/31; C12N 15/55; C12N 15/113
CN401487104,https://patentscope.wipo.int/search/en/detail.jsf?docId=CN401487104,202310175981.2,28.02.2023,CN,Application of rice gene OsFd4 in bacterial blight resistance of rice,C12N 15/29; C12N 15/84; C07K 14/415; A01H 5/00; A01H 6/46
CN417459406,https://patentscope.wipo.int/search/en/detail.jsf?docId=CN417459406,202210571648.9,24.05.2022,CN,Application of gene DSF1 and encoded protein thereof in plant drought resisting process,C12N 15/29; C07K 14/415; C12N 15/82; A01H 5/00; A01H 6/46
CN436029312,https://patentscope.wipo.int/search/en/detail.jsf?docId=CN436029312,202410509878.1,26.04.2024,CN,Application of knockout OsNAC95 gene in forward regulation of brown planthopper resistance of rice,C12N 15/82; C07K 14/415; C12N 15/29; C12N 15/84; A01H 5/00; A01H 6/46
WO2014194190,https://patentscope.wipo.int/search/en/detail.jsf?docId=WO2014194190,PCT/US2014/040220,30.05.2014,WO,GENE TARGETING AND GENETIC MODIFICATION OF PLANTS VIA RNA-GUIDED GENOME EDITING,C12N 15/82; C12N 15/90; C12N 15/63
US321200541,https://patentscope.wipo.int/search/en/detail.jsf?docId=US321200541,16623659,20.11.2017,US,A METHOD FOR CREATING MALE STERILE LINE OF TOMATO THROUGH GENOME EDITING AND APPLICATION THEREOF,C12N 15/82; C12Q 1/686; C12Q 1/6895
US367935124,https://patentscope.wipo.int/search/en/detail.jsf?docId=US367935124,17595469,22.05.2019,US,Abiotic stress tolerant plants and methods,C12N 15/82; C12N 9/22
CN431139955,https://patentscope.wipo.int/search/en/detail.jsf?docId=CN431139955,202410176831.8,08.02.2024,CN,Application of PtrPCaP1a protein and related biological materials thereof in regulating and controlling salt resistance of plants,C12N 15/84; C07K 14/415; C12N 15/29; C12N 1/21; A01H 5/00; A01H 6/00; C12R 1/01
WO2024151633,https://patentscope.wipo.int/search/en/detail.jsf?docId=WO2024151633,PCT/US2024/010882,09.01.2024,WO,PLANT MICROBES AND USES THEREOF,C12N 15/63; A61K 35/74; C12N 5/04; C12N 9/22; C12N 15/00; C12N 15/113
CN282845237,https://patentscope.wipo.int/search/en/detail.jsf?docId=CN282845237,201911164309.3,25.11.2019,CN,Rice retrotransposon gene LOC_Os11g45295 and encoding protein and application thereof,C12N 15/29; C07K 14/415; C12N 15/84; A01H 5/00; A01H 5/10; A01H 6/46
WO2021234370,https://patentscope.wipo.int/search/en/detail.jsf?docId=WO2021234370,PCT/GB2021/051195,18.05.2021,WO,ENHANCEMENT OF PRODUCTIVITY IN C3 PLANTS,C12N 15/82
EP394355057,https://patentscope.wipo.int/search/en/detail.jsf?docId=EP394355057,21729915,18.05.2021,EP,ENHANCEMENT OF PRODUCTIVITY IN C3 PLANTS,C12N 15/82
CA390621213,https://patentscope.wipo.int/search/en/detail.jsf?docId=CA390621213,3178261,18.05.2021,CA,ENHANCEMENT OF PRODUCTIVITY IN C3 PLANTS,C12N 15/82
CN323586860,https://patentscope.wipo.int/search/en/detail.jsf?docId=CN323586860,202110141115.2,01.02.2021,CN,Corncob row number related protein and encoding gene and application thereof,C07K 14/415; C12N 15/29; C12N 15/82; A01H 5/00; A01H 6/46
CN436511516,https://patentscope.wipo.int/search/en/detail.jsf?docId=CN436511516,202410510077.7,26.04.2024,CN,Application of knockout OsLTPL163 gene in forward regulation of brown planthopper resistance of rice,C12N 15/82; C12N 15/84; C07K 14/415; C12N 15/29; A01H 5/00; A01H 6/46
CN399165580,https://patentscope.wipo.int/search/en/detail.jsf?docId=CN399165580,202180059440.2,18.05.2021,CN,Increasing productivity of C3 plants,C12N 15/82
CN289088099,https://patentscope.wipo.int/search/en/detail.jsf?docId=CN289088099,201911164723.4,25.11.2019,CN,Rice receptor kinase gene LOC_Os11g47290 as well as its encoded protein and application thereof,C12N 9/12; C12N 15/54; C12N 15/113; C12N 15/82; A01H 5/00; A01H 6/46
CN436041086,https://patentscope.wipo.int/search/en/detail.jsf?docId=CN436041086,202410509875.8,26.04.2024,CN,OsPOX8.1 gene and application thereof in regulation and control of brown planthopper resistance of rice,C12N 15/53; C12N 9/08; C12N 15/82; C12N 15/84; A01H 5/00; A01H 6/46
CA279053031,https://patentscope.wipo.int/search/en/detail.jsf?docId=CA279053031,3062976,,CA,CREATION OF HERBICIDE RESISTANT GENE AND USE THEREOF,A01H 5/00; C12N 9/22; C12N 15/52; C12N 15/82
EP290831791,https://patentscope.wipo.int/search/en/detail.jsf?docId=EP290831791,18799388,11.05.2018,EP,CREATION OF HERBICIDE RESISTANT GENE AND USE THEREOF,C12N 9/22; A01H 5/00; C12N 15/52; C12N 15/82
WO2018205995,https://patentscope.wipo.int/search/en/detail.jsf?docId=WO2018205995,PCT/CN2018/086501,11.05.2018,WO,CREATION OF HERBICIDE RESISTANT GENE AND USE THEREOF,C12N 9/22; C12N 15/82; C12N 15/52; A01H 5/00
IN275746682,https://patentscope.wipo.int/search/en/detail.jsf?docId=IN275746682,201917018418,08.05.2019,IN,GENERATING NORTHERN LEAF BLIGHT RESISTANT MAIZE,A01H 1/04C
US372936162,https://patentscope.wipo.int/search/en/detail.jsf?docId=US372936162,16341531,10.10.2017,US,Generating northern leaf blight resistant maize,C12N 15/82
EP407445712,https://patentscope.wipo.int/search/en/detail.jsf?docId=EP407445712,23158586,10.10.2017,EP,GENERATING NORTHERN LEAF BLIGHT RESISTANT MAIZE,C12Q 1/6895
US309777020,https://patentscope.wipo.int/search/en/detail.jsf?docId=US309777020,16955920,21.12.2018,US,Method for base editing in plants,C12N 15/82; C12N 9/22; C12N 9/78; C12N 15/11
US410037111,https://patentscope.wipo.int/search/en/detail.jsf?docId=US410037111,18246317,21.09.2021,US,USE OF CRISPR-CAS ENDONUCLEASES FOR PLANT GENOME ENGINEERING,C12N 9/22; C12N 15/10; C12N 15/82
CN321136883,https://patentscope.wipo.int/search/en/detail.jsf?docId=CN321136883,202011261356.2,12.11.2020,CN,Method for regulating soybean nodulation and close planting through GmPIN1 gene mutation and application of method,C12N 15/29; C12N 15/82; A01H 4/00; A01H 5/00; A01H 6/54
US130907148,https://patentscope.wipo.int/search/en/detail.jsf?docId=US130907148,14291605,30.05.2014,US,GENE TARGETING AND GENETIC MODIFICATION OF PLANTS VIA RNA-GUIDED GENOME EDITING,C12N 15/82
IN392341083,https://patentscope.wipo.int/search/en/detail.jsf?docId=IN392341083,202227066024,17.11.2022,IN,ENHANCEMENT OF PRODUCTIVITY IN C3 PLANTS,C12N 15/82
US406481574,https://patentscope.wipo.int/search/en/detail.jsf?docId=US406481574,17999358,18.05.2021,US,ENHANCEMENT OF PRODUCTIVITY IN C3 PLANTS,C12N 15/82; C07K 14/415
AU378724754,https://patentscope.wipo.int/search/en/detail.jsf?docId=AU378724754,2021274120,18.05.2021,AU,Enhancement of productivity in C3 plants,C12N 15/82
US427161074,https://patentscope.wipo.int/search/en/detail.jsf?docId=US427161074,17909309,04.03.2021,US,MULTIPLEX GENOME EDITING METHOD AND SYSTEM,C12N 15/82; C12N 9/22
EP389041738,https://patentscope.wipo.int/search/en/detail.jsf?docId=EP389041738,21764356,04.03.2021,EP,MULTIPLEX GENOME EDITING METHOD AND SYSTEM,C12N 15/82; A01H 6/46; C12N 9/22; C12N 15/113
CN436033320,https://patentscope.wipo.int/search/en/detail.jsf?docId=CN436033320,202410521718.9,28.04.2024,CN,Method for changing flowering period of rice by gene editing and application,C12N 15/84; C12N 15/113; C12N 9/22; C12N 15/29; A01H 5/02; A01H 6/46
AU277606675,https://patentscope.wipo.int/search/en/detail.jsf?docId=AU277606675,2018264457,11.05.2018,AU,Creation of herbicide resistant gene and use thereof,C12N 9/22; A01H 5/00; C12N 15/52; C12N 15/82
US209022145,https://patentscope.wipo.int/search/en/detail.jsf?docId=US209022145,15630817,22.06.2017,US,HORMONE DEGRADABLE CRISPR-BASED TRANSCRIPTION FACTORS,C12N 15/82; C12N 15/01; C12N 15/10; C12N 15/63; C12N 9/22; C12N 15/00
JP350404535,https://patentscope.wipo.int/search/en/detail.jsf?docId=JP350404535,2021150908,16.09.2021,JP,METHODS AND COMPOSITIONS FOR INCREASING EFFICIENCY OF INCREASED EFFICIENCY OF TARGETED GENE MODIFICATION USING OLIGONUCLEOTIDE-MEDIATED GENE REPAIR,A01H 5/00; C12N 15/09; C12N 15/11; A01H 5/10
NZ179135155,https://patentscope.wipo.int/search/en/detail.jsf?docId=NZ179135155,711145,17.08.2015,NZ,METHODS AND COMPOSITIONS FOR INCREASING EFFICIENCY OF TARGETED GENE MODIFICATION USING OLIGONUCLEOTIDE-MEDIATED GENE REPAIR,A01H 1/00; A01H 5/00
NZ316825285,https://patentscope.wipo.int/search/en/detail.jsf?docId=NZ316825285,751577,14.03.2014,NZ,Methods And Compositions For Increasing Efficiency Of Targeted Gene Modification Using Oligonucleotide-Mediated Gene Repair,A01H 1/00; A01H 5/00
IN376455087,https://patentscope.wipo.int/search/en/detail.jsf?docId=IN376455087,202111007831,24.02.2021,IN,METHOD FOR GENERATING DROUGHT-TOLERANT PLANT USING NUCLEIC ACID SEQUENCE FROM A HOMEOBOX TRANSCRIPTION FACTOR ENCODING GENE,C07K /; C07K /; C12N /; A61K /; C12N /
CN437272635,https://patentscope.wipo.int/search/en/detail.jsf?docId=CN437272635,202410690901.1,30.05.2024,CN,Application of PGIP2 gene in regulation and control of crop waterlogging tolerance,C12N 15/29; C07K 14/415; C12N 15/84; A01H 5/10; A01H 6/20
CN313724079,https://patentscope.wipo.int/search/en/detail.jsf?docId=CN313724079,202010843041.2,20.08.2020,CN,Rape S-adenosyl-L-methionine dependent methyltransferase gene BnPMT6 and application thereof,C12N 15/54; C12N 15/84; C12N 1/21; A01H 5/10; A01H 6/20; C12R 1/01
CN315167130,https://patentscope.wipo.int/search/en/detail.jsf?docId=CN315167130,202010956094.5,11.09.2020,CN,Method for improving herbicide resistance of leguminous plants and application thereof,C12N 15/82; C07K 14/15; A01H 5/00; A01H 6/54
CN436513801,https://patentscope.wipo.int/search/en/detail.jsf?docId=CN436513801,202410656418.1,24.05.2024,CN,Application of EXA1 gene in enhancing virus resistance of tomato brown wrinkled fruit,C12N 15/29; C07K 14/415; C12N 15/82; A01H 5/00; A01H 6/82
US412496087,https://patentscope.wipo.int/search/en/detail.jsf?docId=US412496087,18182936,13.03.2023,US,GENE EDITING MOLECULAR CLONING KITS,C12N 15/82; C12N 9/22; C12N 15/11
NZ316825294,https://patentscope.wipo.int/search/en/detail.jsf?docId=NZ316825294,751586,14.03.2014,NZ,Methods and Compositions for Increasing Efficiency of Increased Efficiency of Targeted Gene Modification Using Oligonucleotide-Mediated Gene Repair,A01H 1/06; C12N 5/00; C12N 15/00; C12N 15/82
NZ316825299,https://patentscope.wipo.int/search/en/detail.jsf?docId=NZ316825299,751592,14.03.2014,NZ,Methods and Compositions for Increasing Efficiency of Increased Efficiency of Targeted Gene Modification using Oligonucleotide-Mediated Gene Repair,A01H 1/06; C12N 5/00; C12N 15/00; C12N 15/82
NZ179135156,https://patentscope.wipo.int/search/en/detail.jsf?docId=NZ179135156,711146,17.08.2015,NZ,Methods and Compositions for Increasing Efficiency of Targeted Gene Modification Using Oligonucleotide-Mediated Gene Repair,A01H 1/06; C12N 5/00; C12N 15/00; C12N 15/82
CN223072043,https://patentscope.wipo.int/search/en/detail.jsf?docId=CN223072043,201711472842.7,29.12.2017,CN,Method for knocking out hygromycin resistance genes in transgenic plants,C12N 15/82; A01H 5/00; A01H 6/46
CN425359281,https://patentscope.wipo.int/search/en/detail.jsf?docId=CN425359281,202311670002.7,07.12.2023,CN,"Wheat tillering control gene and application thereof, and method for improving tillering number and yield of wheat",C07K 14/415; C12N 15/29; C12N 15/113; C12N 15/84; A01H 5/00; A01H 6/46
CN232864667,https://patentscope.wipo.int/search/en/detail.jsf?docId=CN232864667,201810385845.5,26.04.2018,CN,CRISPR/Cpf1 system-mediated homologous recombination method using RNA transcript as repair template,C12N 15/82; C12N 9/22; A01H 5/00; A01H 6/46
CN294430550,https://patentscope.wipo.int/search/en/detail.jsf?docId=CN294430550,202010174074.2,13.03.2020,CN,Method for improving content of 5-methyltetrahydrofolate by gene knockout,C12N 15/82; C12N 15/11; A01H 5/00; A01H 6/46
WO2021003954,https://patentscope.wipo.int/search/en/detail.jsf?docId=WO2021003954,PCT/CN2019/121178,27.11.2019,WO,METHOD FOR ESTABLISHING RAPE NUCLEUS MALE STERILE LINE AND MAINTAINER LINE,C12N 15/82; A01H 5/00
WO2021042228,https://patentscope.wipo.int/search/en/detail.jsf?docId=WO2021042228,PCT/CN2019/103934,02.09.2019,WO,ABIOTIC STRESS TOLERANT PLANTS AND METHODS,C12N 15/82; C12N 9/24; A01H 1/00
CN248896494,https://patentscope.wipo.int/search/en/detail.jsf?docId=CN248896494,201711459345.3,28.12.2017,CN,Regulation gene CMP1 in flowering phase and related vector and application thereof,C12N 15/29; C07K 14/415; C12N 15/82
CN429328818,https://patentscope.wipo.int/search/en/detail.jsf?docId=CN429328818,202311839216.2,28.12.2023,CN,LbCas12a plant genome editing system for co-expressing TypeV-A type anti-CRISPR protein,C12N 15/84; C07K 14/195; C12N 15/31; C12N 15/55; C12N 15/113; A01H 5/00; A01H 6/46
WO2022114692,https://patentscope.wipo.int/search/en/detail.jsf?docId=WO2022114692,PCT/KR2021/017138,22.11.2021,WO,METHOD FOR PRODUCING BROWNING-SUPPRESSED POTATO PLANT USING CRISPR/CAS9 SYSTEM,C12N 15/113; C12N 9/22; C12N 15/82; A01H 1/06; A01H 4/00
WO2020232660,https://patentscope.wipo.int/search/en/detail.jsf?docId=WO2020232660,PCT/CN2019/087910,22.05.2019,WO,ABIOTIC STRESS TOLERANT PLANTS AND METHODS,C12N 15/29; C12N 15/82; C12N 5/10; A01H 5/00; C12Q 1/68
CN204730733,https://patentscope.wipo.int/search/en/detail.jsf?docId=CN204730733,201710482844.8,22.06.2017,CN,Method for increasing amylose content of plants and application,C12N 15/113; A01H 5/00
US403483445,https://patentscope.wipo.int/search/en/detail.jsf?docId=US403483445,18055765,15.11.2022,US,METHOD FOR INCREASING METHIONINE CONTENT IN GRAINS BY GENE KNOCKOUT,C12N 15/82; C12N 9/22; C12N 15/11
CN353483961,https://patentscope.wipo.int/search/en/detail.jsf?docId=CN353483961,202210110992.8,29.01.2022,CN,Method for increasing methionine content of grains through gene knockout,C12N 15/82; C12N 15/55; C12N 15/54; C12N 1/21; A01H 5/10; A01H 6/46; C12Q 1/6895; C12N 15/11
EP409873311,https://patentscope.wipo.int/search/en/detail.jsf?docId=EP409873311,21898518,22.11.2021,EP,METHOD FOR PRODUCING BROWNING-SUPPRESSED POTATO PLANT USING CRISPR/CAS9 SYSTEM,C12N 15/113; A01H 1/06; A01H 4/00; C12N 9/22; C12N 15/82
CN440333141,https://patentscope.wipo.int/search/en/detail.jsf?docId=CN440333141,202410891463.5,04.07.2024,CN,ZmHLH2 gene for regulating included angle and plant height of corn leaves and application of ZmHLH2 gene,C12N 15/29; C07K 14/415; C12N 15/82; C12N 15/113; C12N 9/22; C12N 1/21; A01H 5/00; A01H 6/46; C12R 1/01
CN321892911,https://patentscope.wipo.int/search/en/detail.jsf?docId=CN321892911,202011500837.4,18.12.2020,CN,Method for obtaining Glycine max (Linn.) Merr. with high oleic acid content by GmFAD2-1A gene modified by CRISPR/Cas9,C12N 15/84; C12N 15/53; A01H 5/10; A01H 6/54
CN251329989,https://patentscope.wipo.int/search/en/detail.jsf?docId=CN251329989,201910608113.2,08.07.2019,CN,Method for establishing rape nucleus male sterile line and maintainer line,C12N 15/82; A01H 5/00; A01H 6/20; A01H 1/02
CN440607367,https://patentscope.wipo.int/search/en/detail.jsf?docId=CN440607367,202410618897.8,17.05.2024,CN,Application of rice Os05g0498700 protein and coding gene thereof in improving abiotic stress resistance of plants,C12N 15/82; C07K 14/415; C12N 15/29; A01H 5/00; A01H 5/10; A01H 6/46
CN419869622,https://patentscope.wipo.int/search/en/detail.jsf?docId=CN419869622,202311668977.6,07.12.2023,CN,Expression and application of SvMOC1 gene for regulating tiller number of broomcorn plants,C12N 15/84; C12N 15/29; A01H 5/10; A01H 6/46
CN442933780,https://patentscope.wipo.int/search/en/detail.jsf?docId=CN442933780,202411065317.3,05.08.2024,CN,"Rice grain fatty acid regulation gene KCS18, protein coded by same and application of rice grain fatty acid regulation gene KCS18",C12N 9/10; C12N 15/54; C12N 15/84; A01H 5/10; A01H 5/00; A01H 6/46
CN282395785,https://patentscope.wipo.int/search/en/detail.jsf?docId=CN282395785,201910969503.2,12.10.2019,CN,Method for specifically knocking out soybean lipoxygenase gene by CRISPR-Cas9 and application of method,C12N 15/82; C12N 15/53; A01H 5/00; A01H 5/10; A01H 6/54
CN370182974,https://patentscope.wipo.int/search/en/detail.jsf?docId=CN370182974,202210663020.1,14.06.2022,CN,Application of rice chitinase and coding gene thereof in enhancing abiotic stress resistance of plants,C12N 9/42; C12N 15/56; C12N 15/84; A01H 5/10; A01H 5/00; A01H 6/46
CN251542817,https://patentscope.wipo.int/search/en/detail.jsf?docId=CN251542817,201910627648.4,12.07.2019,CN,Transcription factor NtMYB44a capable of improving drought resistance of tobacco and site-directed mutation method and application thereof,C07K 14/415; C12N 15/29; C12N 15/82; A01H 5/00; A01H 6/82
CN405936986,https://patentscope.wipo.int/search/en/detail.jsf?docId=CN405936986,202310773251.2,28.06.2023,CN,Application of OsbHLH6 gene and protein thereof in improving cold resistance of crops,C12N 15/82; C07K 14/415; C12N 15/29; A01H 6/46; A01H 5/00
CN429071255,https://patentscope.wipo.int/search/en/detail.jsf?docId=CN429071255,202410195430.7,22.02.2024,CN,Asparagus stress resistance gene editing method,C12N 15/82; C12N 15/113; C12N 9/22
KR377005915,https://patentscope.wipo.int/search/en/detail.jsf?docId=KR377005915,1020210043780,05.04.2021,KR,OsWRKY5 GENE FOR CONTROLLING RESISTANCE TO ABIOTIC STRESS OF PLANTS AND USES THEREOF,C12N 15/82; A01H 1/06; A01H 5/10; C07K 14/415; C12N 15/10; C12N 15/113; C12N 9/22
WO2020063775,https://patentscope.wipo.int/search/en/detail.jsf?docId=WO2020063775,PCT/CN2019/108240,26.09.2019,WO,METHOD FOR KNOCKING OUT BNMAX1 GENE IN BRASSICA NAPUS L. USING CRISPR-CAS9 SYSTEM AND APPLICATION,C12N 15/113; C12N 15/82
WO2018107103,https://patentscope.wipo.int/search/en/detail.jsf?docId=WO2018107103,PCT/US2017/065438,08.12.2017,WO,CRISPR-SYSTEMS FOR MODIFYING A TRAIT OF INTEREST IN A PLANT,C12N 9/22; C12N 15/63; C12N 15/82; C12N 15/86
KR331526083,https://patentscope.wipo.int/search/en/detail.jsf?docId=KR331526083,1020200160474,25.11.2020,KR,METHOD FOR PRODUCING POTATO PLANT WITH SUPPRESSED BROWNING USING CRISPR/CAS9 SYSTEM,C12N 15/113; A01H 1/06; A01H 4/00; C12N 15/82; C12N 9/22
CN333771554,https://patentscope.wipo.int/search/en/detail.jsf?docId=CN333771554,202110506582.0,10.05.2021,CN,Method for guiding editing system to mediate crops to generate endogenous herbicide resistance,C12N 15/84; C12N 15/55; C12N 15/52; C12N 9/00; A01H 5/00; A01H 6/46
CN427808294,https://patentscope.wipo.int/search/en/detail.jsf?docId=CN427808294,202311490649.1,09.11.2023,CN,Rice blast resistance related gene OsEDC4 and application thereof,C12N 15/29; C07K 14/415; C12N 15/82; A01H 5/00; A01H 6/46
CN442928104,https://patentscope.wipo.int/search/en/detail.jsf?docId=CN442928104,202411116334.5,14.08.2024,CN,Rice blast resistance related gene OsEDC4 and application thereof,C12N 15/29; C07K 14/415; C12N 15/82; A01H 5/00; A01H 6/46
CN212146150,https://patentscope.wipo.int/search/en/detail.jsf?docId=CN212146150,201711165423.9,21.11.2017,CN,Tobacco polyphenol oxidase gene NtPPO1 and site-directed mutagenesis method and application thereof,C12N 15/53; C12N 9/02; C12N 15/82; C12N 9/22; A01H 5/12; A01H 6/82
CN412733465,https://patentscope.wipo.int/search/en/detail.jsf?docId=CN412733465,202310424412.7,20.04.2023,CN,Plant programmed pollen self-cleaning CRISPR/Cas gene editing method,C12N 15/82; C12N 15/56; A01H 6/46; A01H 5/00
CN217719128,https://patentscope.wipo.int/search/en/detail.jsf?docId=CN217719128,201810010122.7,05.01.2018,CN,Method for obtaining rice changed in tillering by utilizing CRISPR-Cas to modify an OsTAC1 gene,C12N 15/113; C12N 15/82; A01H 5/00; A01H 6/46
CN204789403,https://patentscope.wipo.int/search/en/detail.jsf?docId=CN204789403,201710423992.2,07.06.2017,CN,Method for reducing content of amylose in plants and application,C12N 15/82; A01H 5/00
CN237084961,https://patentscope.wipo.int/search/en/detail.jsf?docId=CN237084961,201811137314.0,27.09.2018,CN,Method and application of knocking out BnMAX1 gene in Brassica napus by CRISPR-Cas9 system,C12N 15/113; C12N 15/82; A01H 5/00; A01H 6/20
CN313584580,https://patentscope.wipo.int/search/en/detail.jsf?docId=CN313584580,202010943333.3,09.09.2020,CN,Method and gene for enhancing crop disease resistance by increasing SA content,C12N 15/53; C12N 9/02; C12N 15/82; A01H 5/00; A01H 6/46
CN324363002,https://patentscope.wipo.int/search/en/detail.jsf?docId=CN324363002,202110347668.3,31.03.2021,CN,Rice gene OsFd2 and applications of rice gene OsFd2 in rice resistance to rice blast,C12N 15/29; C12N 15/84; C07K 14/415; A01H 4/00; A01H 5/00; A01H 6/46
US276885084,https://patentscope.wipo.int/search/en/detail.jsf?docId=US276885084,16468234,08.12.2017,US,CRISPR-SYSTEMS FOR MODIFYING A TRAIT OF INTEREST IN A PLANT,C12N 15/82; C12N 9/22; C12N 15/11
CN442609968,https://patentscope.wipo.int/search/en/detail.jsf?docId=CN442609968,202411076249.0,07.08.2024,CN,Application of rice miR5513 in brown planthopper resistance of rice,C12N 15/82; C12N 15/113; A01H 5/00; A01H 6/46
CN373556840,https://patentscope.wipo.int/search/en/detail.jsf?docId=CN373556840,202210705079.2,21.06.2022,CN,Method for breeding waxy rice mutant through site-directed gene knockout,C12N 15/54; C12N 15/82; A01H 5/00; A01H 6/46; C12N 15/11; C12Q 1/6895
CN327305336,https://patentscope.wipo.int/search/en/detail.jsf?docId=CN327305336,202110135853.6,01.02.2021,CN,Method for changing soybean flower color by using CRISPR-Cas9 modified GmW1 gene,C12N 15/82; C12N 15/53; C12N 9/02; C12N 15/113; A01H 5/02; A01H 6/54
MX441955534,https://patentscope.wipo.int/search/en/detail.jsf?docId=MX441955534,2024010443,23.08.2024,MX,COMPOSITIONS AND METHODS FOR SUPPRESSION OF FLOWERING IN SUGARCANE AND ENERGYCANE.,A01H 6/46
WO2023164553,https://patentscope.wipo.int/search/en/detail.jsf?docId=WO2023164553,PCT/US2023/063133,23.02.2023,WO,COMPOSITIONS AND METHODS FOR SUPPRESSION OF FLOWERING IN SUGARCANE AND ENERGYCANE,A01G 22/55; C12N 9/22; C12N 15/113; C12N 15/82
CN351926035,https://patentscope.wipo.int/search/en/detail.jsf?docId=CN351926035,202210029979.X,12.01.2022,CN,Kit and method for visual detection of citrus huanglongbing based on RPA-CRISPR-Cas12a system,C12Q 1/689; C12Q 1/6844; C12N 15/11; C12R 1/01
CN402732621,https://patentscope.wipo.int/search/en/detail.jsf?docId=CN402732621,202210996308.0,19.08.2022,CN,Flax cellulose synthetase gene knockout vector as well as construction method and application thereof,C12N 15/84; C12N 15/66; C12N 15/54; A01H 6/58; A01H 5/00
KR358034521,https://patentscope.wipo.int/search/en/detail.jsf?docId=KR358034521,1020200128828,06.10.2020,KR,METHOD FOR MANUFACTURING SIMS10 GENE KNOCKOUT TOMATO PLANT USING CRISPR/Cas9 SYSTEM AND MALE-STERILE TOMATO PLANT PREPARED BY METHOD,C12N 9/22; A01H 1/06; C12N 15/10; C12N 15/113; C12N 15/82
CN226031897,https://patentscope.wipo.int/search/en/detail.jsf?docId=CN226031897,201810146653.9,12.02.2018,CN,Plant high-efficiency homologous recombination method based on CRISPR/Cas9,C12N 15/82; C12N 15/66; A01H 5/00; A01H 6/46; A01H 6/20
WO2019129145,https://patentscope.wipo.int/search/en/detail.jsf?docId=WO2019129145,PCT/CN2018/124381,27.12.2018,WO,FLOWERING TIME-REGULATING GENE CMP1 AND RELATED CONSTRUCTS AND APPLICATIONS THEREOF,C12N 15/55; A01H 5/10
CN321129228,https://patentscope.wipo.int/search/en/detail.jsf?docId=CN321129228,202011507747.8,18.12.2020,CN,Method for obtaining high-oleic-acid-content soybeans by simultaneously editing and modifying genes GmFAD2-1A and GmFAD2-1B,C12N 15/53; C12N 15/82; A01H 5/00; A01H 6/54
CN321128961,https://patentscope.wipo.int/search/en/detail.jsf?docId=CN321128961,202011500864.1,18.12.2020,CN,Method for preparing soybeans with high oleic acid content,C12N 15/82; C12N 15/53; A01H 5/10; A01H 6/54
CN429060848,https://patentscope.wipo.int/search/en/detail.jsf?docId=CN429060848,202311752677.6,19.12.2023,CN,Plant gene editing vector for assisting CRISPR (Clustered Regularly Interspaced Short Palindromic Repeats) in excision of self T-DNA (Deoxyribose Nucleic Acid) fragment in transformation event by utilizing RUBY (,C12N 15/82; C12N 15/64; A01H 5/00; A01H 6/46
CN357083102,https://patentscope.wipo.int/search/en/detail.jsf?docId=CN357083102,202111336838.4,12.11.2021,CN,Application of GmECT2 in aspect of regulating and controlling plant height,C12N 15/84; C07K 14/415; C12N 15/29; A01H 5/00; A01H 6/54
RU425456481,https://patentscope.wipo.int/search/en/detail.jsf?docId=RU425456481,2022123793,07.09.2022,RU,METHOD OF OBTAINING POTATO PLANT WITH BIALLELIC MUTATIONS IN EDR1 GENE ENCODING REGION USING CRISPR/Cas9 PLANT GENOME EDITING METHOD,C12N 15/82; C12N 15/05; C12N 9/22; A01H 6/82; C12N 15/11; C12N 15/90
CN322136128,https://patentscope.wipo.int/search/en/detail.jsf?docId=CN322136128,202011498307.0,17.12.2020,CN,Method for cultivating self-compatible cabbages based on CRISPR/Cas9 gene editing method and application of self-compatible cabbages,C12N 15/84; A01H 5/00; A01H 6/20
CN405930764,https://patentscope.wipo.int/search/en/detail.jsf?docId=CN405930764,202310594917.8,25.05.2023,CN,CRISPR/CasRx-mediated method for improving soybean resistance to soybean mosaic virus,C12N 15/84; C12N 15/113; A01H 5/10; A01H 5/00; A01H 6/54
KR401594367,https://patentscope.wipo.int/search/en/detail.jsf?docId=KR401594367,1020210176714,10.12.2021,KR,METHOD FOR PRODUCING PLANTS PRODUCING DIHYDROKAEMPFEROL USING CRISPR/CAS9 SYSTEM,A01H 6/20; A01H 1/02; A01H 1/06; C12N 15/113; C12N 15/82; C12N 9/22; C12P 17/06
CN233992055,https://patentscope.wipo.int/search/en/detail.jsf?docId=CN233992055,201810590142.6,08.06.2018,CN,Method for obtaining label-free transgenic plant,C12N 15/82; C12N 9/22; A01H 5/00; A01H 6/46; A01H 6/82; A01H 6/00
WO2019000806,https://patentscope.wipo.int/search/en/detail.jsf?docId=WO2019000806,PCT/CN2017/111859,20.11.2017,WO,"METHOD FOR CREATING MALE STERILITY LINE OF SOLANUM LYCOPERSICUM BY MEANS OF GENOME EDITING, AND APPLICATION THEREOF",C12N 15/82; C12N 15/29; A01H 5/00; C12Q 1/68
CN198388440,https://patentscope.wipo.int/search/en/detail.jsf?docId=CN198388440,102017000094428,22.02.2017,CN,Method for generating alfalfa genome edited homozygous plant,C12N 15/82; A01H 5/00
CN428834917,https://patentscope.wipo.int/search/en/detail.jsf?docId=CN428834917,202410135169.1,31.01.2024,CN,Application of GmTPS2 protein and coding gene thereof in improvement of soybean plant type and yield traits,C12N 15/84; C12N 9/88; C12N 15/60; C12N 5/10; C12N 15/113; C12N 9/22; A01H 5/00; A01H 6/54
CN353490314,https://patentscope.wipo.int/search/en/detail.jsf?docId=CN353490314,202111204379.4,15.10.2021,CN,Method for preparing arabidopsis autophagy gene mutant and application of arabidopsis autophagy gene mutant,C12N 15/84; C12N 15/29; C12N 15/55; A01H 5/10; A01H 5/00; A01H 6/20
AU323947525,https://patentscope.wipo.int/search/en/detail.jsf?docId=AU323947525,2019345788,26.09.2019,AU,Method for knocking out BnMAX1 gene in Brassica napus L. using CRISPR-Cas9 system and application,C12N 15/113; C12N 15/82
CN429514908,https://patentscope.wipo.int/search/en/detail.jsf?docId=CN429514908,202410064977.3,16.01.2024,CN,Application of AHL10 gene in negative regulation of plant salt tolerance,C12N 15/84; C12N 15/29; C07K 14/415; A01H 5/00; A01H 6/20
CN426585142,https://patentscope.wipo.int/search/en/detail.jsf?docId=CN426585142,202311744435.2,18.12.2023,CN,Application of rice protein kinase OsSAPK5 in improving salt resistance of rice,C12N 15/82; C12N 15/54; A01H 5/00; A01H 5/10; A01H 6/46
CN241110817,https://patentscope.wipo.int/search/en/detail.jsf?docId=CN241110817,201910097278.8,31.01.2019,CN,Oryza sativa gene OsGE61 and application thereof to resistance to piricularia oryzae,C12N 15/54; C12N 9/12; C12N 15/82; A01H 5/00; A01H 6/46
CN428739930,https://patentscope.wipo.int/search/en/detail.jsf?docId=CN428739930,202410057939.5,16.01.2024,CN,Tomato SlBTB6 gene and application thereof in improving drought and high temperature tolerance of plants,C07K 14/415; C12N 15/29; C12N 15/82; A01H 6/82; A01H 5/00
CA312299937,https://patentscope.wipo.int/search/en/detail.jsf?docId=CA312299937,3099645,30.05.2019,CA,CRISPR/CAS SYSTEM FOR EDITING BRASSICA GENOME,C12N 15/82; A01H 6/20; A01H 1/00; A01H 4/00; A01H 5/00; C12N 5/10; C12N 9/22; C12N 15/11; C12N 15/53
RU425456485,https://patentscope.wipo.int/search/en/detail.jsf?docId=RU425456485,2022123799,07.09.2022,RU,METHOD OF OBTAINING  POTATO PLANT WITH BIALLELIC MUTATIONS IN EDR1 GENE ENCODING REGION USING CRISPR/CAS9 PLANT GENOME EDITING METHOD,C12N 15/82; C12N 15/90; C12N 15/11; C12N 15/05; C12N 9/22; A01H 6/82
CN405935360,https://patentscope.wipo.int/search/en/detail.jsf?docId=CN405935360,202211374705.0,04.11.2022,CN,Method for creating novel germplasm of fragrant glutinous rice,C12N 15/82; C12N 15/113; C12N 15/55; C12Q 1/6895; A01H 4/00; A01H 5/00; A01H 6/46
CN428738112,https://patentscope.wipo.int/search/en/detail.jsf?docId=CN428738112,202410081766.0,19.01.2024,CN,Application of GmTPS1 protein and coding gene thereof in improvement of soybean plant type character and yield,C12N 15/82; C12N 9/10; C12N 15/54; A01H 5/00; A01H 6/54
CN409239756,https://patentscope.wipo.int/search/en/detail.jsf?docId=CN409239756,202311044581.4,18.08.2023,CN,Soybean mutant gene for improving yield of leguminous crops and application of soybean mutant gene,C12N 15/29; C07K 14/415; C12N 15/82; A01H 5/00; A01H 6/54
CN403176980,https://patentscope.wipo.int/search/en/detail.jsf?docId=CN403176980,202310379008.2,11.04.2023,CN,Application of protein OsNLP4 in regulation and control of plant tillering,C07K 14/415; C12N 15/29; C12N 15/82; A01H 5/00; A01H 5/04; A01H 6/46
CN254016049,https://patentscope.wipo.int/search/en/detail.jsf?docId=CN254016049,201810216180.5,15.03.2018,CN,Applications of rice nitrogen efficient utilization gene OsNLP4 and encoded protein thereof,C07K 14/415; C12N 15/29; C12N 15/84; C12N 1/21; A01H 5/00; A01H 6/46; A01H 1/02; C12R 1/01
CN436977081,https://patentscope.wipo.int/search/en/detail.jsf?docId=CN436977081,202410356177.9,27.03.2024,CN,Application of OsSERK4 protein and coding gene thereof in regulating and controlling resistance of plants to waterstraw stunt virus,C12N 15/82; C12N 9/12; C12N 15/54; A01H 6/46; A01H 5/00
CN367894266,https://patentscope.wipo.int/search/en/detail.jsf?docId=CN367894266,202011493084.9,17.12.2020,CN,Application of inhibiting ZmbHLH21 protein expression in plant drought resistance,C12N 15/113; C12N 15/82; C07K 14/415; A01H 5/00; A01H 6/46
RU425456483,https://patentscope.wipo.int/search/en/detail.jsf?docId=RU425456483,2022123795,07.09.2022,RU,METHOD OF OBTAINING POTATO PLANT WITH BIALLELIC MUTATIONS IN EDR1 GENE ENCODING REGION USING CRISPR/Cas9 PLANT GENOME EDITING METHOD,A01H 1/00; C12N 9/22; C12N 15/82; A01H 6/82
CN235943234,https://patentscope.wipo.int/search/en/detail.jsf?docId=CN235943234,201810982676.3,27.08.2018,CN,Application of GmCOP1a and/or GmCOP1b in aspect of regulating plant height,C12N 15/82; A01H 5/00; A01H 6/54
CN427222766,https://patentscope.wipo.int/search/en/detail.jsf?docId=CN427222766,202311845245.X,29.12.2023,CN,Transgene method for editing betula platyphylla or populus sutchuenensis by CRISPR (clustered regularly interspaced short palindromic repeats) without exogenous DNA (deoxyribonucleic acid) integration based on agrobacterium transformation method,C12N 15/84; C12N 15/29; A01H 5/00; A01H 6/00
WO2018103686,https://patentscope.wipo.int/search/en/detail.jsf?docId=WO2018103686,PCT/CN2017/114962,07.12.2017,WO,CHLOROPLAST GENOME EDITING METHOD,C12N 15/09; C12N 15/11; C12N 15/63; C12N 15/66
KR357011741,https://patentscope.wipo.int/search/en/detail.jsf?docId=KR357011741,1020200121196,21.09.2020,KR,METHOD FOR PRODUCING GENOME-EDITED TOMATO PLANT INCREASED IN POTYVIRUS RESISTANCE BY EIF4E1 GENE EDITING AND GENOME-EDITED TOMATO PLANT WITH INCREASED POTYVIRUS RESISTANCE PRODUCED BY THE METHOD,A01H 1/06; A01H 5/10; A01H 6/82; C12N 15/10; C12N 15/113; C12N 15/82; C12N 9/22
CN294735778,https://patentscope.wipo.int/search/en/detail.jsf?docId=CN294735778,201911257614.7,10.12.2019,CN,"Genetic transformation, gene editing and analysis methods of main soybean varieties",C12N 15/82; A01H 5/00; A01H 6/54
CN232595260,https://patentscope.wipo.int/search/en/detail.jsf?docId=CN232595260,201810257507.3,27.03.2018,CN,Method for obtaining yield-improved plants by carrying out mutation on OsHXK1 with CRISPR/Cas9 system,C12N 15/82; C12N 15/29; A01H 5/00; A01H 6/46
CN405934493,https://patentscope.wipo.int/search/en/detail.jsf?docId=CN405934493,202310534653.7,12.05.2023,CN,Application of GmMTAs protein in regulation and control of soybean plant height,C12N 15/82; C12N 15/84; C12N 9/10; C12N 15/54; A01H 5/00; A01H 6/54
CN313583904,https://patentscope.wipo.int/search/en/detail.jsf?docId=CN313583904,202010930137.2,07.09.2020,CN,Application of corn CPK2 gene in drought resistance of plants,C12N 15/54; C12N 15/82; A01H 5/00; A01H 6/46
CN418719987,https://patentscope.wipo.int/search/en/detail.jsf?docId=CN418719987,202311583582.6,24.11.2023,CN,CRISPR/Cas9-mediated gene editing system for efficient targeted mutagenesis of tetraploid pogostemon cablin,C12N 15/84; C12N 15/64; C12N 15/55; C12N 15/113; A01H 5/00; A01H 6/50; C12Q 1/6895; C12N 15/11; A01H 4/00
CN361403375,https://patentscope.wipo.int/search/en/detail.jsf?docId=CN361403375,202210109362.9,28.01.2022,CN,Application of GT1/HB13 gene in regulation and control of non-degeneration and lodging resistance of inferior flower of corn ear,C12N 15/82; C12N 15/29; A01H 5/00; A01H 5/02; A01H 6/46
CN442639833,https://patentscope.wipo.int/search/en/detail.jsf?docId=CN442639833,202411015830.1,26.07.2024,CN,Application of soybean SOC5 gene in regulating and controlling quality and yield of plant seeds,C12N 15/82; C07K 14/415; C12N 15/29; C12N 15/113; A01H 5/00; A01H 5/10; A01H 6/54
US239436764,https://patentscope.wipo.int/search/en/detail.jsf?docId=US239436764,15779825,25.03.2016,US,System for site-specific modification of ALS gene using CRISPR-Cas9 system for production of herbicide-resistant rice and use of same,C12N 15/82; C12N 15/62
CN394513312,https://patentscope.wipo.int/search/en/detail.jsf?docId=CN394513312,202211259228.3,14.10.2022,CN,Effect of rice outermost layer cell specific gene 6 in rice breeding,C12N 15/29; C12N 15/82; A01H 5/02; A01H 5/12; A01H 6/46
CN429533525,https://patentscope.wipo.int/search/en/detail.jsf?docId=CN429533525,202410224162.7,28.02.2024,CN,Application of TaNAC22-A1 gene in negative regulation of number of small flowers in wheat ears,C12N 15/29; C07K 14/415; C12N 15/82; A01H 5/02; A01H 6/46
CN294743375,https://patentscope.wipo.int/search/en/detail.jsf?docId=CN294743375,201911417842.6,31.12.2019,CN,Applications of PP84 protein and coding gene of PP84 protein to adjustment and control of drought resistance of plants,C12N 9/12; C12N 15/54; C12N 15/113; C12N 15/84; A01H 5/00; A01H 6/46
CN397485207,https://patentscope.wipo.int/search/en/detail.jsf?docId=CN397485207,202111231384.4,22.10.2021,CN,Protein for regulating and controlling ear height and flowering phase of corn as well as coding gene and application of protein,C12N 15/82; C12N 15/29; C12N 5/10; C07K 14/415; A01H 5/00; A01H 5/02; A01H 6/46; A01H 6/20
WO2021081264,https://patentscope.wipo.int/search/en/detail.jsf?docId=WO2021081264,PCT/US2020/056963,23.10.2020,WO,OPTIMIZED CRISPR-CAS NUCLEASES AND BASE EDITORS AND METHODS OF USE THEREOF,C12N 15/52; C12N 15/62; C12N 15/63
CN432991811,https://patentscope.wipo.int/search/en/detail.jsf?docId=CN432991811,202410551750.1,07.05.2024,CN,Rice CNGC16 protein and application of coding gene thereof,C12N 15/84; C12N 15/29; C07K 14/415; A01H 5/10; A01H 6/46
CN308314155,https://patentscope.wipo.int/search/en/detail.jsf?docId=CN308314155,202010551254.8,17.06.2020,CN,Method for separating protoplasts of different tissues and organs of peanuts and application of method,C12N 5/04; C12N 5/14
CN313733078,https://patentscope.wipo.int/search/en/detail.jsf?docId=CN313733078,202011147114.0,23.10.2020,CN,Rice gene OsTGA5 and application thereof in rice blast resisting of rice,C12N 15/29; C07K 14/415; C12N 15/82; A01H 5/00; A01H 6/46
CN438262394,https://patentscope.wipo.int/search/en/detail.jsf?docId=CN438262394,202410569055.8,09.05.2024,CN,Method for site-specific integration of agrobacterium T-DNA in plant genome and application,C12N 15/82; C12N 15/113; C12N 9/22; C12N 15/11; C12Q 1/686
CN368034901,https://patentscope.wipo.int/search/en/detail.jsf?docId=CN368034901,202011525282.9,22.12.2020,CN,Application of CBL9 and coding gene thereof in regulation and control of saline-alkaline tolerance of plants,C07K 14/415; C12N 15/29; C12N 15/113; C12N 15/82; A01H 5/00; A01H 6/46
CN441680693,https://patentscope.wipo.int/search/en/detail.jsf?docId=CN441680693,202411095845.3,12.08.2024,CN,Application of rice OsCRLK1 protein and coding nucleic acid thereof in improving abiotic stress resistance of plants,C12N 15/82; C12N 9/12; C12N 15/54; A01H 5/00; A01H 6/46
CN442629381,https://patentscope.wipo.int/search/en/detail.jsf?docId=CN442629381,202410879998.0,02.07.2024,CN,Application of corn BRI1a gene in regulation and control of plant cold tolerance,C12N 15/82; C12N 15/54; C12N 9/12; C12N 15/113; C12N 1/21; C12N 15/11; A01H 5/00; A01H 6/46; C12R 1/01
CN274826340,https://patentscope.wipo.int/search/en/detail.jsf?docId=CN274826340,201910627653.5,12.07.2019,CN,Transcription factor NtMYB44b capable of improving drought resistance of tobacco and fixed-point mutation method and application of transcription factor,C12N 15/29; C07K 14/415; C12N 15/82; A01H 5/00; A01H 6/82
CN179615265,https://patentscope.wipo.int/search/en/detail.jsf?docId=CN179615265,201610241425.0,19.04.2016,CN,Method for obtaining tomato genome fixed-point knockout mutant,C12N 15/82
CN436548334,https://patentscope.wipo.int/search/en/detail.jsf?docId=CN436548334,202410638977.X,22.05.2024,CN,Soybean CRISPR/Cas9 gene editing vector and gene editing method,C12N 15/82; C12N 15/113; C12N 15/53; A01H 6/54; A01H 5/00
CN331980106,https://patentscope.wipo.int/search/en/detail.jsf?docId=CN331980106,202110397974.8,14.04.2021,CN,Nucleic acid molecule for efficiently expressing Bs3Cas12b protein in arabidopsis thaliana and application of nucleic acid molecule in genome editing,C12N 15/55; C12N 9/22; C12N 1/21; C12N 15/84; A01H 5/00; A01H 6/20; C12R 1/01
CN321264939,https://patentscope.wipo.int/search/en/detail.jsf?docId=CN321264939,202011509062.7,18.12.2020,CN,CRISPR/Cas9 recombinant vector mediated by BSMV virus vector and application of CRISPR/Cas9 recombinant vector,C12N 15/83; C12N 15/66; C12N 15/113; A01H 5/00; A01H 5/10; A01H 6/82
CN231893790,https://patentscope.wipo.int/search/en/detail.jsf?docId=CN231893790,201810414408.1,03.05.2018,CN,Preparation method of non-transgenic CRISPR mutant,C12N 15/82; A01H 5/00
CN328980901,https://patentscope.wipo.int/search/en/detail.jsf?docId=CN328980901,201911277169.0,12.12.2019,CN,Application of PP2CG1 gene in regulating and controlling low-temperature stress resistance of arabidopsis thaliana,C12N 15/82; C12N 15/11; A01H 5/00; A01H 6/20
CN174348820,https://patentscope.wipo.int/search/en/detail.jsf?docId=CN174348820,201610085619.6,15.02.2016,CN,Gene editing method for knocking out rice MIRNA393b stem-loop sequences with application of CRISPR(clustered regulatory interspersed short palindromic repeat)-Cas9 system,C12N 15/82; A01H 5/00
CN362104710,https://patentscope.wipo.int/search/en/detail.jsf?docId=CN362104710,202210248417.4,14.03.2022,CN,Application of rice plant height and plant type regulatory gene OsUBR7,C12N 15/52; C12N 9/00; C12N 15/82; A01H 5/00; A01H 6/46
CN439187583,https://patentscope.wipo.int/search/en/detail.jsf?docId=CN439187583,202411103031.X,13.08.2024,CN,Manufacturing method based on application of OsLEC1 gene in rice callus differentiation,C12N 15/82; C12N 15/113; C12N 15/29; A01H 5/00; A01H 6/46
CN320030286,https://patentscope.wipo.int/search/en/detail.jsf?docId=CN320030286,201910777609.2,22.08.2019,CN,Wheat salt stress related protein TaCSN5 as well as coding gene and application thereof,C07K 14/415; C12N 15/29; C12N 15/82; A01H 5/00; A01H 6/20; A01H 6/46
CN292006520,https://patentscope.wipo.int/search/en/detail.jsf?docId=CN292006520,201810965519.1,23.08.2018,CN,Method for breeding soybean mosaic virus (SMV) resistant soybeans,C12N 15/82; A01H 5/00; A01H 6/54
CN403552184,https://patentscope.wipo.int/search/en/detail.jsf?docId=CN403552184,202310263603.X,17.03.2023,CN,"Casphi coding gene, compact plant genome oriented modification system and plant genome appearance editing system",C12N 15/55; C12N 9/22; C12N 9/10; C12N 15/82; C12N 15/64; A01H 6/46; A01H 5/00
CN416031293,https://patentscope.wipo.int/search/en/detail.jsf?docId=CN416031293,202311248605.8,26.09.2023,CN,Method for knocking out brassica napus BnaTTG1 gene by using CRISPR-Cas9 system and application,C12N 15/113; C12N 9/22; C12N 15/82; A01H 4/00; A01H 5/10; A01H 6/20
CN304782766,https://patentscope.wipo.int/search/en/detail.jsf?docId=CN304782766,202010443155.8,22.05.2020,CN,CRISPR/RfxCas13d anti-plant RNA virus vector and construction method and application of CRISPR/RfxCas13d anti-plant RNA virus vector,C12N 15/82; C12N 15/66; C12N 15/55
CN436034042,https://patentscope.wipo.int/search/en/detail.jsf?docId=CN436034042,202410007095.3,03.01.2024,CN,Construction method and application of brassica napus BnVTE4 gene triple mutant plant,C12N 15/29; C07K 14/415; C12N 15/82; A01H 5/00; A01H 6/20
CN242651118,https://patentscope.wipo.int/search/en/detail.jsf?docId=CN242651118,201811282645.3,31.10.2018,CN,Method for improving purity of wheat ms1 male sterile line,C12N 15/82; A01H 5/00; A01H 6/46
WO2016073559,https://patentscope.wipo.int/search/en/detail.jsf?docId=WO2016073559,PCT/US2015/058961,04.11.2015,WO,METHODS FOR AUTOCATALYTIC GENOME EDITING AND NEUTRALIZING AUTOCATALYTIC GENOME EDITING,C12N 15/79
CN321743401,https://patentscope.wipo.int/search/en/detail.jsf?docId=CN321743401,202011531114.0,22.12.2020,CN,Acquisition of edited wheat susceptible gene plants and application of edited wheat susceptible gene plants in disease-resistant variety cultivation,C12N 15/54; C12N 15/82; A01H 5/00; A01H 6/46
CN178138964,https://patentscope.wipo.int/search/en/detail.jsf?docId=CN178138964,201610430815.2,16.06.2016,CN,Application of gene OsARF4 in controlling grain length and thousand grain weight of rice,C12N 15/29; C12N 15/113; C12N 15/82; C07K 14/415; A01H 5/00; A01H 4/00; A01H 6/46
WO2018136547,https://patentscope.wipo.int/search/en/detail.jsf?docId=WO2018136547,PCT/US2018/014091,17.01.2018,WO,DNA-FREE GENOME EDITING AND SELECTION METHODS IN PLANTS,A01H 1/00; A01H 5/00; C07K 14/415; C12N 15/82
CN401520177,https://patentscope.wipo.int/search/en/detail.jsf?docId=CN401520177,202310103908.4,13.02.2023,CN,Plant gene editing method without exogenous DNA,C12N 15/82; C12N 15/113
CN329984149,https://patentscope.wipo.int/search/en/detail.jsf?docId=CN329984149,202110212632.4,25.02.2021,CN,"Plant floral organ predominant expression gene JAZ-10, expression product, expression vector and application of plant floral organ predominant expression gene JAZ-10",C12N 15/29; C07K 14/415; C12N 15/84; A01H 6/82; A01H 5/00
CN330067237,https://patentscope.wipo.int/search/en/detail.jsf?docId=CN330067237,202110473473.3,29.04.2021,CN,Method for creating corn germplasm resistant to rough dwarf disease,C12N 15/113; C12N 15/82; C12N 15/11; C12Q 1/6895; A01H 4/00; A01H 5/00; A01H 6/46
CN436528522,https://patentscope.wipo.int/search/en/detail.jsf?docId=CN436528522,202410810936.4,21.06.2024,CN,OsBAG gene mutant and application thereof in improving brown planthopper resistance of rice,C12N 15/29; C07K 14/415; C12N 15/82; A01H 5/00; A01H 6/46
CN428343256,https://patentscope.wipo.int/search/en/detail.jsf?docId=CN428343256,202410114306.3,29.01.2024,CN,Rapid detection method for pathogenic bacteria of plant basal stem rot based on RPA-CRISPR/Cas12a,C12Q 1/6895; C12Q 1/6844; C12N 15/11; C12R 1/77
CN283217422,https://patentscope.wipo.int/search/en/detail.jsf?docId=CN283217422,201911136315.8,19.11.2019,CN,Method of improving plant type of dendrocalamus latiflorus with GRG1 gene and application of method,C12N 15/29; C12N 15/113; C12N 15/82; A01H 4/00; A01H 5/00; A01H 6/46
CN401642519,https://patentscope.wipo.int/search/en/detail.jsf?docId=CN401642519,202310380168.9,11.04.2023,CN,Construction method and application of foxtail millet capable of heading early in long day and heading late in short day,C12N 15/82; C12N 15/113; C12N 9/22; C12N 15/29; C07K 14/415; A01H 5/00; A01H 6/46
CN390524309,https://patentscope.wipo.int/search/en/detail.jsf?docId=CN390524309,202110784769.7,12.07.2021,CN,CRISPR-Cas3 (clustered regularly interspaced short palindromic repeats-associated 3) system and application thereof in plant virus resistance,C12N 15/84; A01H 5/00; A01H 6/82; C12N 9/22; C12N 15/55
WO2024262920,https://patentscope.wipo.int/search/en/detail.jsf?docId=WO2024262920,PCT/KR2024/008429,19.06.2024,WO,METHOD FOR DELIVERY OF CRISPR/CAS9 INTO MICROSPORES OF PLANT AND PLANT REDIFFERENTIATION,C12N 15/82; C12N 9/22; C12N 15/113; A01H 6/20
CN418698382,https://patentscope.wipo.int/search/en/detail.jsf?docId=CN418698382,202310128189.1,17.02.2023,CN,ZmMIEL1 and application thereof in cultivating drought-resistant plants,C07K 14/415; C12N 15/29; C12N 15/84; A01H 5/00; A01H 6/46
KR322254252,https://patentscope.wipo.int/search/en/detail.jsf?docId=KR322254252,1020200126742,29.09.2020,KR,"GENE EDITING METHOD USING TRANSGENIC PLANTS EXPRESSING CRISPR/Cas9 AND gRNA, RESPECTIVELY",C12N 15/82; C12N 15/113; C12N 9/22
CN362108996,https://patentscope.wipo.int/search/en/detail.jsf?docId=CN362108996,202011266389.6,13.11.2020,CN,Application of nKCBP protein in regulation and control of nitrogen fixation capability of leguminous plants,C07K 14/415; C12N 15/29; C12N 15/113; C12N 15/82; A01H 5/00; A01H 6/54
CN332876948,https://patentscope.wipo.int/search/en/detail.jsf?docId=CN332876948,202110473451.7,29.04.2021,CN,ZmFhb1 protein and application of encoding gene of ZmFhb1 protein in enhancement of resistance to maize ear rot,C07K 14/415; C12N 15/29; C12N 15/113; C12N 15/84; C12N 15/55; A01H 5/00; A01H 5/10; A01H 6/46
CN427204963,https://patentscope.wipo.int/search/en/detail.jsf?docId=CN427204963,202410149154.0,02.02.2024,CN,Application of wheat TaMFS1 protein and related biological materials thereof in regulation and control of plant grain size and grain weight,C12N 15/82; C07K 14/415; C12N 15/29; A01H 5/10; A01H 6/46
WO2021202978,https://patentscope.wipo.int/search/en/detail.jsf?docId=WO2021202978,PCT/US2021/025548,02.04.2021,WO,SUBERIN BIOSYNTHETIC GENES AND REGULATORS,C12N 15/82; C12N 15/29; C07K 14/415
CN357970310,https://patentscope.wipo.int/search/en/detail.jsf?docId=CN357970310,202111349102.0,15.11.2021,CN,Application of rice susceptible gene OsHPP04 in cultivation of root knot nematode disease resistant rice,C12N 15/84; C12N 15/113; C12N 15/29; A01H 4/00; A01H 5/00; A01H 6/46
CN293083776,https://patentscope.wipo.int/search/en/detail.jsf?docId=CN293083776,201911252075.8,09.12.2019,CN,Method for creating tomato material with high fruit solid content by using CRISPR/Cas9 gene editing system,C12N 15/113; C12N 15/84; A01H 4/00; A01H 5/00; A01H 6/82
CN251078884,https://patentscope.wipo.int/search/en/detail.jsf?docId=CN251078884,201910371358.8,06.05.2019,CN,Method of developing corn dwarfing material via gene editing,C07K 14/415; C12N 15/29; C12N 15/82; A01H 5/00; A01H 6/46
EP440660298,https://patentscope.wipo.int/search/en/detail.jsf?docId=EP440660298,22843957,29.11.2022,EP,HIGH EFFICIENCY LARGE SCALE CHROMOSOMAL GENOME MANIPULATION,C12N 9/22; C12N 15/82
WO2023102393,https://patentscope.wipo.int/search/en/detail.jsf?docId=WO2023102393,PCT/US2022/080605,29.11.2022,WO,HIGH EFFICIENCY LARGE SCALE CHROMOSOMAL GENOME MANIPULATION,C12N 9/22; C12N 15/82
RU425456482,https://patentscope.wipo.int/search/en/detail.jsf?docId=RU425456482,2022123794,07.09.2022,RU,METHOD OF OBTAINING POTATO PLANT WITH TETRAALLEL MUTATIONS IN EDR1 GENE ENCODING REGION USING CRISPR/CAS9 PLANT GENOME EDITING TECHNOLOGY,A01H 5/00; C12N 15/82; C12N 15/63; C12N 15/11
CN279879983,https://patentscope.wipo.int/search/en/detail.jsf?docId=CN279879983,201911049937.7,31.10.2019,CN,Soybean sHSP16.9 gene and application thereof,C12N 15/29; C07K 14/415; C12N 15/82; A01H 5/00; A01H 6/54
CN301618201,https://patentscope.wipo.int/search/en/detail.jsf?docId=CN301618201,202010238220.3,30.03.2020,CN,Application of plant amino acid permease and coding genes thereof to regulation and control of high temperature resistance of plants,C12N 15/52; C12N 9/00; C12N 15/82; A01H 5/02; A01H 6/46
CN280388092,https://patentscope.wipo.int/search/en/detail.jsf?docId=CN280388092,201911038979.0,29.10.2019,CN,Functions and applications of rice lipase gene Os07g0586800 and encoded protein thereof,C12N 15/82; C12N 15/113; C12N 9/22; C12N 15/55; A01H 5/00; A01H 5/10; A01H 6/46
CN440702307,https://patentscope.wipo.int/search/en/detail.jsf?docId=CN440702307,202411023615.6,29.07.2024,CN,Application of UBP1b in improving salt stress resistance of plants,C12N 15/82; C12N 15/29; A01H 5/00; A01H 6/82
CN330055594,https://patentscope.wipo.int/search/en/detail.jsf?docId=CN330055594,202110131373.2,30.01.2021,CN,Application of NtFER gene-based modification in improvement of bacterial wilt resistance of plants,C12N 15/29; C12N 15/82; C07K 14/415; A01H 5/00; A01H 6/82
RU405655024,https://patentscope.wipo.int/search/en/detail.jsf?docId=RU405655024,2022123792,07.09.2022,RU,METHOD OF OBTAINING A POTATO PLANT WITH TETRAALLEL MUTATIONS IN THE EDR1 GENE ENCODING REGION USING CRISPR/CAS9 PLANT GENOME EDITING TECHNOLOGY,A01H 1/00; A01H 5/00; C12N 15/82; C12N 15/11; C12N 15/63
CN419366292,https://patentscope.wipo.int/search/en/detail.jsf?docId=CN419366292,202311202071.5,18.09.2023,CN,Populus suberensis tubulin PdbTUBG gene as well as knockout vector and application thereof,C12N 15/29; C07K 14/415; C12N 15/82; A01H 5/00; A01H 6/00
CN438252612,https://patentscope.wipo.int/search/en/detail.jsf?docId=CN438252612,202410696293.5,30.05.2024,CN,Application of FAH gene in improving drought resistance of plants,C12N 15/82; C12N 15/55; A01H 5/00; A01H 6/46; A01H 6/54; A01H 6/20
WO2017049266,https://patentscope.wipo.int/search/en/detail.jsf?docId=WO2017049266,PCT/US2016/052424,19.09.2016,WO,METHODS FOR AUTOCATALYTIC GENOME EDITING AND NEUTRALIZING AUTOCATALYTIC GENOME EDITING AND COMPOSITIONS THEREOF,C12N 5/078; C12N 5/0783; C12N 15/09; C12N 15/62; C12N 15/63; A61K 35/14; A61K 35/17; A61K 48/00
CA214204610,https://patentscope.wipo.int/search/en/detail.jsf?docId=CA214204610,2998894,19.09.2016,CA,METHODS FOR AUTOCATALYTIC GENOME EDITING AND NEUTRALIZING AUTOCATALYTIC GENOME EDITING AND COMPOSITIONS THEREOF,A61K 48/00; C12N 5/0783; A61K 35/17; A61K 35/14; C12N 15/09; C12N 15/62; C12N 15/63; C12N 15/85
EP224029923,https://patentscope.wipo.int/search/en/detail.jsf?docId=EP224029923,16847523,19.09.2016,EP,METHODS FOR AUTOCATALYTIC GENOME EDITING AND NEUTRALIZING AUTOCATALYTIC GENOME EDITING AND COMPOSITIONS THEREOF,C12N 5/078; A01K 67/033; A61K 35/14; A61K 35/17; A61K 48/00; C12N 5/0783; C12N 15/09; C12N 15/62; C12N 15/63; C12N 15/90
RU425456480,https://patentscope.wipo.int/search/en/detail.jsf?docId=RU425456480,2022123791,07.09.2022,RU,METHOD OF OBTAINING POTATO PLANT WITH TETRAALLEL MUTATIONS IN EDR1 GENE ENCODING REGION USING CRISPR/CAS9 PLANT GENOME EDITING TECHNOLOGY,C12N 15/63; A01H 5/00; C12N 15/82; C12N 15/11
CN407972991,https://patentscope.wipo.int/search/en/detail.jsf?docId=CN407972991,202310725481.1,16.06.2023,CN,Application of OsSKIPa gene and encoded protein thereof in regulation and control of plant seed development,C12N 15/82; C07K 14/415; C12N 15/29; A01H 6/46; A01H 5/10
CN195282523,https://patentscope.wipo.int/search/en/detail.jsf?docId=CN195282523,201610725564.0,25.08.2016,CN,Method for cultivating low-cadmium-accumulation indica rice variety,C12N 15/82; A01H 6/46
CN405900646,https://patentscope.wipo.int/search/en/detail.jsf?docId=CN405900646,202310535570.X,12.05.2023,CN,Rice OsCTK1 protein and application of coding gene thereof,C12N 9/12; C12N 15/54; C12N 15/84; A01H 5/10; A01H 5/00; A01H 6/46
CN311240483,https://patentscope.wipo.int/search/en/detail.jsf?docId=CN311240483,202010562713.2,19.06.2020,CN,Method for simultaneously silencing tomato miR482b and miR482c by using CRISPR-Cas9 system and application,C12N 15/82; A01H 5/00; A01H 6/82
RU425455546,https://patentscope.wipo.int/search/en/detail.jsf?docId=RU425455546,2022123796,07.09.2022,RU,METHOD OF OBTAINING POTATO PLANT WITH BIALLELIC MUTATIONS IN EDR1 GENE ENCODING REGION USING CRISPR/CAS9 PLANT GENOME EDITING METHOD,A01H 1/00; C12N 15/82
RU425456484,https://patentscope.wipo.int/search/en/detail.jsf?docId=RU425456484,2022123797,07.09.2022,RU,METHOD OF OBTAINING POTATO PLANT WITH BIALLELIC MUTATIONS IN EDR1 GENE ENCODING REGION USING CRISPR/CAS9 PLANT GENOME EDITING METHOD,C12N 15/11; C12N 15/82; C12N 9/22; A01H 5/00
CN365368447,https://patentscope.wipo.int/search/en/detail.jsf?docId=CN365368447,202210273396.1,18.03.2022,CN,Application of PUB22 gene in regulation and control of insect pest stress resistance of plants,C12N 15/54; C12N 9/10; C12N 15/84; C12N 15/29; C07K 14/415; A01H 5/00; A01H 6/82
WO2019232136,https://patentscope.wipo.int/search/en/detail.jsf?docId=WO2019232136,PCT/US2019/034531,30.05.2019,WO,SYSTEMS AND METHODS FOR EDITING BRASSICA GENOME,A01H 1/00; A01H 1/04; A01H 1/06; A01H 4/00; A01H 5/00
EP326386763,https://patentscope.wipo.int/search/en/detail.jsf?docId=EP326386763,19811366,30.05.2019,EP,SYSTEMS AND METHODS FOR EDITING BRASSICA GENOME,A01H 1/00; A01H 1/04; A01H 1/06; A01H 4/00; A01H 5/00; A01H 5/10; A01H 5/12; C12N 15/82
US428011940,https://patentscope.wipo.int/search/en/detail.jsf?docId=US428011940,18114014,24.02.2023,US,T-DNA Free Gene Editing through Transient Suppressing POLQ in Plants,C12N 15/82; C12N 5/04; C12N 9/22; C12N 15/11; C12Q 1/6895
CN441611789,https://patentscope.wipo.int/search/en/detail.jsf?docId=CN441611789,202411016432.1,27.07.2024,CN,RPA-CRISPR/Cas12a-based kit for visually detecting botryosphaeria dothidea,C12Q 1/6895; C12Q 1/6844; C12N 15/113; C12N 15/11; C12R 1/645
CN398214558,https://patentscope.wipo.int/search/en/detail.jsf?docId=CN398214558,202211230683.0,08.10.2022,CN,Method for improving editing efficiency of dicotyledon single base editor and application thereof,C12N 15/82; C12N 15/113; C12N 9/22; A01H 5/06; A01H 6/54
CN361493003,https://patentscope.wipo.int/search/en/detail.jsf?docId=CN361493003,202110439680.7,23.04.2021,CN,Application of tomato gene SlCIPK7 in regulation and control of plant drought resistance,C12N 15/82; A01H 5/00; A01H 6/82; C12N 15/29
EP335385731,https://patentscope.wipo.int/search/en/detail.jsf?docId=EP335385731,19797277,01.11.2019,EP,DUAL GUIDE RNA FOR CRISPR/CAS GENOME EDITING IN PLANTS CELLS,C12N 15/82
CN431524734,https://patentscope.wipo.int/search/en/detail.jsf?docId=CN431524734,202410421381.4,09.04.2024,CN,Method for increasing lycopene content of tomato fruits,C12N 15/82; C12N 15/29; A01H 5/08; A01H 6/82; C12Q 1/6895; C12N 15/11
CN308318674,https://patentscope.wipo.int/search/en/detail.jsf?docId=CN308318674,202010634291.5,02.07.2020,CN,Method for regulating proportion of S/G type lignin and improving degradation and conversion efficiency of cell walls by using laccase PtoLAC14,C12N 15/53; C12N 15/11; C12N 15/82; A01H 5/00; A01H 6/00
CN326509626,https://patentscope.wipo.int/search/en/detail.jsf?docId=CN326509626,202110095351.5,25.01.2021,CN,Gene editing system and gene editing method for mature plants,C12N 15/89
CN442099900,https://patentscope.wipo.int/search/en/detail.jsf?docId=CN442099900,202410951750.0,16.07.2024,CN,Rice gene OsWRKY46 and application thereof in rice blast resistance of rice,C12N 15/29; C07K 14/415; C12N 15/82; C12N 15/84; A01H 5/00; A01H 6/46
WO2020089448,https://patentscope.wipo.int/search/en/detail.jsf?docId=WO2020089448,PCT/EP2019/079950,01.11.2019,WO,DUAL GUIDE RNA FOR CRISPR/CAS GENOME EDITING IN PLANTS CELLS,C12N 15/82
CN292996495,https://patentscope.wipo.int/search/en/detail.jsf?docId=CN292996495,201911319231.8,19.12.2019,CN,"SgRNA sequence for targeted knockout of FcMYC2 gene, CRISPR/Cas9 vector and application thereof",C12N 15/113; C12N 15/82; C12N 15/66; A01H 4/00; A01H 5/00; A01H 6/78
CN403149917,https://patentscope.wipo.int/search/en/detail.jsf?docId=CN403149917,202211644474.0,09.04.2021,CN,Transgenic component detection method based on CRISPR Cas enzyme gene editing technology,C12Q 1/6895; C12Q 1/6844; C12N 15/11
CN240129193,https://patentscope.wipo.int/search/en/detail.jsf?docId=CN240129193,201811347121.8,13.11.2018,CN,Tobacco outward-rectifying potassium ion channel gene NtSKOR1 as well as cloning method and application thereof,C12N 15/29; C07K 14/415; C12N 15/10; C12N 15/82; A01H 5/00; A01H 6/82
CN397491200,https://patentscope.wipo.int/search/en/detail.jsf?docId=CN397491200,202111231365.1,22.10.2021,CN,Corn grain size and grain weight related protein as well as coding gene and application thereof,C07K 14/415; C12N 15/29; C12N 15/84; A01H 5/10; A01H 6/20; A01H 6/46
CN328272043,https://patentscope.wipo.int/search/en/detail.jsf?docId=CN328272043,202110272399.9,12.03.2021,CN,Application of OsPIL15 gene in regulating and controlling salt tolerance of rice,C12N 15/29; C12N 15/84; C07K 14/415; A01H 5/00; A01H 6/46
CN346609969,https://patentscope.wipo.int/search/en/detail.jsf?docId=CN346609969,202110381531.X,09.04.2021,CN,"Transgenic component detection method based on CRISPR Cas enzyme gene editing technology, reaction system and application thereof",C12Q 1/6895; C12Q 1/6844; C12N 15/11
CN442604196,https://patentscope.wipo.int/search/en/detail.jsf?docId=CN442604196,202411222338.1,02.09.2024,CN,"Method for continuously regulating and controlling content of resistant starch in rice, rice plant and genetically engineered bacterium",C12N 15/82; C12N 15/54; C12N 1/21; A01H 5/10; A01H 6/46; C12R 1/02
KR390080737,https://patentscope.wipo.int/search/en/detail.jsf?docId=KR390080737,1020210082691,24.06.2021,KR,METHOD FOR MANUFACTURING RICE PLANT HAVING INCREASED CAROTENOID CONTENT AND ENVIRONMENTAL STRESS-TOLERANCE USING GENE EDITING AND RICE PLANT PRODUCED BY MANUFACTURING METHOD,A01H 1/06; A01H 1/00; A01H 5/10; A01H 6/46; C12N 15/10; C12N 15/113; C12N 15/82; C12N 9/22
CN242275199,https://patentscope.wipo.int/search/en/detail.jsf?docId=CN242275199,201910169731.1,06.03.2019,CN,Capsicum CRISPR-Cas9 gene editing method and applications thereof,C12N 15/82; A01H 5/00; A01H 5/10; A01H 6/82
CN236603326,https://patentscope.wipo.int/search/en/detail.jsf?docId=CN236603326,201811084234.3,18.09.2018,CN,Method for obtaining high oleic acid rapeseed by means of gene editing technology,C12N 15/82; C12N 9/22; A01H 5/00; A01H 6/20
CN415203848,https://patentscope.wipo.int/search/en/detail.jsf?docId=CN415203848,202310050184.1,01.02.2023,CN,Method for constructing medicago sativa double-target gene editing genetic transformation system,C12N 15/82; C12N 15/29; A01H 5/00; A01H 6/54
WO2021079759,https://patentscope.wipo.int/search/en/detail.jsf?docId=WO2021079759,PCT/JP2020/038323,09.10.2020,WO,"METHOD FOR PRODUCING DNA-EDITED PLANT CELL, AND KIT TO BE USED THEREIN",A01H 1/00; C12N 5/10; A01H 5/00; C12N 15/09
WO2023111225,https://patentscope.wipo.int/search/en/detail.jsf?docId=WO2023111225,PCT/EP2022/086257,16.12.2022,WO,DOUBLE DECAPITATION OF PLANTS,A01H 4/00; C12N 9/22
EP441487010,https://patentscope.wipo.int/search/en/detail.jsf?docId=EP441487010,22839693,16.12.2022,EP,DOUBLE DECAPITATION OF PLANTS,A01H 4/00; C12N 9/22
CN209339681,https://patentscope.wipo.int/search/en/detail.jsf?docId=CN209339681,201710759446.6,29.08.2017,CN,Gene for controlling male reproduction and development of rice and application of gene,C12N 15/29; C07K 14/415
CN302918588,https://patentscope.wipo.int/search/en/detail.jsf?docId=CN302918588,201880084381.2,27.12.2018,CN,FLOWERING TIME-REGULATING GENE CMP1 AND RELATED CONSTRUCTS AND APPLICATIONS THEREOF,C12N 15/55; C12N 15/82; A01H 5/10; C12Q 1/6895
CN431138489,https://patentscope.wipo.int/search/en/detail.jsf?docId=CN431138489,202410332320.0,22.03.2024,CN,Application of PvALKBH10 protein and coding gene thereof in regulating and controlling flowering time of plant,C12N 15/82; C12N 15/53; C12N 15/113; A01H 6/46; A01H 5/02
CN432991868,https://patentscope.wipo.int/search/en/detail.jsf?docId=CN432991868,202410596624.8,14.05.2024,CN,Application of RecQ-mediated genome unstable protein 1 in regulation and control of plant salt tolerance,C07K 14/415; C07K 14/405; C12N 15/29; C12N 15/31; C12N 15/82; C12N 1/13; A01H 5/00; A01H 6/20; C12Q 1/6895; C12R 1/89
CN417839298,https://patentscope.wipo.int/search/en/detail.jsf?docId=CN417839298,202311343208.9,17.10.2023,CN,Rice gene OsWAK74 and application thereof in rice blast resistance of rice,C12N 15/54; C12N 9/12; C12N 15/82; A01H 5/00; A01H 6/46
CN279822863,https://patentscope.wipo.int/search/en/detail.jsf?docId=CN279822863,201911049758.3,31.10.2019,CN,Soybean sHSP26 gene and application thereof,C12N 15/29; C12N 15/82; C07K 14/415; A01H 5/00; A01H 6/54
CN222366080,https://patentscope.wipo.int/search/en/detail.jsf?docId=CN222366080,201711287309.3,07.12.2017,CN,Chloroplast genome editing method,C12N 15/82
CN403993533,https://patentscope.wipo.int/search/en/detail.jsf?docId=CN403993533,202310528568.X,11.05.2023,CN,Application of knockout EIN2 gene in retarding seed shattering of weedy rice,C12N 15/29; C12N 15/84; A01H 5/02; A01H 5/10; A01H 6/46
CN429065004,https://patentscope.wipo.int/search/en/detail.jsf?docId=CN429065004,202410009066.0,03.01.2024,CN,Pectin methylesterase inhibiting factor BnPMEI8 gene for regulating and controlling sclerotinia rot resistance of brassica napus and application,C12N 15/82; C12N 15/29; A01H 5/00; A01H 6/20
CN373577351,https://patentscope.wipo.int/search/en/detail.jsf?docId=CN373577351,202210524175.7,14.05.2022,CN,"Gene KWE2 for regulating and controlling grain weight and yield of corn ear as well as encoding protein, functional marker, expression vector and application of gene KWE2",C12N 15/29; C07K 14/415; C12N 15/84; A01H 5/10; A01H 6/46; C12N 1/21; C12Q 1/6895; C12Q 1/6858; C12N 15/11; C12R 1/01
CN275671453,https://patentscope.wipo.int/search/en/detail.jsf?docId=CN275671453,201910378397.0,08.05.2019,CN,AP1 gene mutant and method for adjusting and controlling flowering time of plant calyx and petals,C12N 15/29; C12N 15/82; A01H 5/00; A01H 6/20
CN441600512,https://patentscope.wipo.int/search/en/detail.jsf?docId=CN441600512,202411144569.5,20.08.2024,CN,Method for detecting sweet potato SPVD virus disease by using CRISPR-Cas13a,C12Q 1/70; C12Q 1/6816; C12N 15/11; C12N 15/113; C12N 9/22; C12N 15/70; C12R 1/94; C12R 1/19
US223782249,https://patentscope.wipo.int/search/en/detail.jsf?docId=US223782249,15873699,17.01.2018,US,DNA-FREE GENOME EDITING AND SELECTION METHODS IN PLANTS,C12N 15/82; C12N 9/22; C12N 15/11
WO2020007332,https://patentscope.wipo.int/search/en/detail.jsf?docId=WO2020007332,PCT/CN2019/094632,03.07.2019,WO,METHOD OF OBTAINING MULTI-LEAF ALFALFA MATERIAL BY MEANS OF MSPALM1 ARTIFICIAL SITE-DIRECTED MUTANT,C12N 15/29; C12N 15/82; A01H 5/12; A01H 6/54
US372936152,https://patentscope.wipo.int/search/en/detail.jsf?docId=US372936152,17634132,02.09.2019,US,ABIOTIC STRESS TOLERANT PLANTS AND METHODS,C12N 15/82; C07K 14/415; C12N 9/22
CN367895675,https://patentscope.wipo.int/search/en/detail.jsf?docId=CN367895675,202011516664.5,21.12.2020,CN,Application of rice gene OsREM20 in regulation and control of grain number per ear and yield,C07K 14/415; C12N 15/29; C12N 15/82; A01H 5/00; A01H 6/46
CN240129198,https://patentscope.wipo.int/search/en/detail.jsf?docId=CN240129198,201811347473.3,13.11.2018,CN,Tobacco protein kinase gene NtCIPK25-1 as well as cloning method and application thereof,C12N 15/54; C12N 9/12; C12N 15/10; C12N 15/82; A01H 5/00; A01H 6/82
CN368035026,https://patentscope.wipo.int/search/en/detail.jsf?docId=CN368035026,202011527928.7,22.12.2020,CN,Application of inhibiting expression of PAD1 and coding gene of PAD1 in regulation and control of plant stress tolerance,C12N 15/82; C12N 15/29; C07K 14/415; A01H 5/00; A01H 5/10; A01H 6/46
US347660611,https://patentscope.wipo.int/search/en/detail.jsf?docId=US347660611,17290547,01.11.2019,US,DUAL GUIDE RNA FOR CRISPR/CAS GENOME EDITING IN PLANTS CELLS,C12N 15/82; C12N 15/11; C12N 9/22
CN326515741,https://patentscope.wipo.int/search/en/detail.jsf?docId=CN326515741,202110257240.X,09.03.2021,CN,Method for creating high-amylose corn germplasm,C12N 15/113; C12N 15/84; C12N 15/55; C12N 15/29; A01H 5/10; A01H 6/46; C12Q 1/6895; C12N 15/11
WO2022150811,https://patentscope.wipo.int/search/en/detail.jsf?docId=WO2022150811,PCT/US2022/070033,05.01.2022,WO,COMPOSITIONS AND METHODS FOR ALTERING STEM LENGTH IN SOLANACEAE,A01H 5/00; A61K 36/81; A61K 38/46; C12N 9/22; C12N 15/09; C12N 15/113
CN242182136,https://patentscope.wipo.int/search/en/detail.jsf?docId=CN242182136,201811443996.8,29.11.2018,CN,Improved 16S-seq method and application thereof,C12N 15/113; C12Q 1/6806
US324126207,https://patentscope.wipo.int/search/en/detail.jsf?docId=US324126207,17078576,23.10.2020,US,Optimized CRISPR-Cas nucleases and base editors and methods of use thereof,C12N 15/82; C12N 9/22; C12N 15/113
US395389611,https://patentscope.wipo.int/search/en/detail.jsf?docId=US395389611,18048236,20.10.2022,US,Optimized CRISPR-Cas nucleases and base editors and methods of use thereof,C12N 15/82; C12N 9/22; C12N 15/113
US399575957,https://patentscope.wipo.int/search/en/detail.jsf?docId=US399575957,18164910,06.02.2023,US,Optimized CRISPR-Cas nucleases and base editors and methods of use thereof,C12N 15/82; C12N 9/22; C12N 15/113
WO2015189693,https://patentscope.wipo.int/search/en/detail.jsf?docId=WO2015189693,PCT/IB2015/001202,12.06.2015,WO,TARGETED VIRAL-MEDIATED PLANT GENOME EDITING USING CRISPR/CAS9,C12N 9/22; C12N 15/82
RU403330049,https://patentscope.wipo.int/search/en/detail.jsf?docId=RU403330049,2022100974,17.06.2020,RU,COMPOSITIONS AND METHODS FOR IMPROVING POD CRACKING TOLERANCE IN CANOLA,A01H 1/00; C12N 5/04
CN405766547,https://patentscope.wipo.int/search/en/detail.jsf?docId=CN405766547,202310749957.5,25.06.2023,CN,Method for improving alternaria alternata resistance of tobacco plants and application,C12N 15/82; A24B 15/18; A01H 6/82; A01H 5/00
CN365430498,https://patentscope.wipo.int/search/en/detail.jsf?docId=CN365430498,202210204361.2,02.03.2022,CN,Application of corn TCP gene in cross breeding,C12N 15/29; C12N 15/82; C12N 15/113; A01H 5/02; A01H 5/10; A01H 6/46
CN198422634,https://patentscope.wipo.int/search/en/detail.jsf?docId=CN198422634,201510778495.5,13.11.2015,CN,Corn RNA polymerase III identification promoter and application thereof,C12N 15/113; C12N 15/82; A01H 5/00; A01H 6/46
CN426766309,https://patentscope.wipo.int/search/en/detail.jsf?docId=CN426766309,202311699960.7,12.12.2023,CN,Application of GmRGA in regulation and control of soybean aging,C07K 14/415; C12N 15/29; C12N 15/82; C12N 15/84; A01H 5/12; A01H 5/10; A01H 6/54
US399233750,https://patentscope.wipo.int/search/en/detail.jsf?docId=US399233750,17916516,02.04.2021,US,SUBERIN BIOSYNTHETIC GENES AND REGULATORS,C12N 15/82
EP323272303,https://patentscope.wipo.int/search/en/detail.jsf?docId=EP323272303,19830583,03.07.2019,EP,METHOD OF OBTAINING MULTI-LEAF ALFALFA MATERIAL BY MEANS OF MSPALM1 ARTIFICIAL SITE-DIRECTED MUTANT,C12N 15/29; A01H 5/12; A01H 6/54; C12N 15/82
CN276093287,https://patentscope.wipo.int/search/en/detail.jsf?docId=CN276093287,201910709006.9,01.08.2019,CN,Method for efficiently preparing corn resistant to sulfonylurea herbicides and application of method,C12N 15/113; C12N 15/82; C12N 5/10; A01H 4/00; A01H 5/00; A01H 6/46
CN355479434,https://patentscope.wipo.int/search/en/detail.jsf?docId=CN355479434,202111572603.5,21.12.2021,CN,Method for creating early-maturing corn germplasm and application thereof,C12N 15/113; C12N 15/84; C12N 15/11; C12Q 1/6895; A01H 4/00; A01H 5/00; A01H 5/02; A01H 6/46
CN276091445,https://patentscope.wipo.int/search/en/detail.jsf?docId=CN276091445,201910675956.4,25.07.2019,CN,Application of NOR-like1 gene and protein encoded thereby in regulating postharvest water loss of tomato fruits,C12N 15/82; C07K 14/415; C12N 15/29; A01H 5/08; A01H 6/82
CN306898735,https://patentscope.wipo.int/search/en/detail.jsf?docId=CN306898735,202010546971.1,16.06.2020,CN,Method for regulating and controlling salt tolerance of plants and salt-tolerant relevant protein,C12N 15/84; C07K 14/415; C12N 15/29; C12N 5/10; A01H 5/00; A01H 6/46
CN329303397,https://patentscope.wipo.int/search/en/detail.jsf?docId=CN329303397,201911325467.2,20.12.2019,CN,Application of ZmbZIP68 protein and coding gene thereof in regulating and controlling low-temperature stress tolerance of corn,C07K 14/415; C12N 15/29; C12N 15/113; C12N 15/82; A01H 5/00; A01H 6/46
CN193500733,https://patentscope.wipo.int/search/en/detail.jsf?docId=CN193500733,201610670630.9,15.08.2016,CN,Method for obtaining glyphosate-resistant rice by site-specific substitution of nucleotide,C12N 9/10; C12N 15/54; C12N 15/82; A01H 5/00
US298713127,https://patentscope.wipo.int/search/en/detail.jsf?docId=US298713127,16746924,19.01.2020,US,METHOD FOR RAPIDLY AND EFFICIENTLY CREATING DIRECTED GENE MUTATED NON-TRANSGENIC PLANTS AND ITS APPLICATIONS,C12N 15/82
CN427204510,https://patentscope.wipo.int/search/en/detail.jsf?docId=CN427204510,202311847178.5,28.12.2023,CN,Extension factor BnELP2 gene for regulating and controlling sclerotinia rot resistance of brassica napus and application of extension factor BnELP2 gene,C12N 15/82; C07K 14/415; C12N 15/29; A01H 6/20; A01H 5/00
CN368374255,https://patentscope.wipo.int/search/en/detail.jsf?docId=CN368374255,202210380909.9,12.04.2022,CN,Gene editing system and application thereof,C12N 15/84; C12N 15/67; C12N 15/55; C12N 15/29; C12N 15/113; A01H 5/00; A01H 6/14; A01H 6/82
CN321262033,https://patentscope.wipo.int/search/en/detail.jsf?docId=CN321262033,202011435916.1,10.12.2020,CN,Method for obtaining rice with increased tillering by utilizing OsTNC1 gene mutation,C12N 15/82; C12N 15/29; A01H 5/00; A01H 6/46; C12N 15/113
US224376938,https://patentscope.wipo.int/search/en/detail.jsf?docId=US224376938,15575167,19.05.2016,US,Methods and hybrids for targeted nucleic acid editing in plants using CRISPR/Cas systems,C12N 15/82; C12N 15/113; A01H 5/04; A01H 5/12
RU425456479,https://patentscope.wipo.int/search/en/detail.jsf?docId=RU425456479,2022123790,07.09.2022,RU,METHOD FOR OBTAINING POTATO PLANT WITH BIALLELIC MUTATIONS IN EDR1 GENE ENCODING REGION USING CRISPR/CAS9 PLANT GENOME EDITING METHOD,A01H 5/00; A01H 4/00; C12N 15/82
CN393835093,https://patentscope.wipo.int/search/en/detail.jsf?docId=CN393835093,202210927081.4,03.08.2022,CN,Development and application of plant pathogenic bacterium genome editing tool,C12N 15/78; C12N 15/74; C12N 9/22
CN313903963,https://patentscope.wipo.int/search/en/detail.jsf?docId=CN313903963,202010930148.0,07.09.2020,CN,Application of corn AL14 gene in drought resistance of plants,C12N 15/84; A01H 5/00; A01H 6/46
US425878998,https://patentscope.wipo.int/search/en/detail.jsf?docId=US425878998,18449242,14.08.2023,US,RICE SUBERIN BIOSYNTHETIC GENES AND REGULATORS,C12N 15/82
CN428105474,https://patentscope.wipo.int/search/en/detail.jsf?docId=CN428105474,202410271748.9,11.03.2024,CN,Application of FLS1 gene in controlling formation of purple-leaf rape,C12N 15/82; C12N 9/02; C12N 15/53; A01H 5/12; A01H 6/20
CN353493195,https://patentscope.wipo.int/search/en/detail.jsf?docId=CN353493195,202111299896.4,04.11.2021,CN,FvGR3 protein as well as coding gene and application thereof,C07K 14/415; C12N 15/29; C12N 15/84; A01H 5/08; A01H 5/12; A01H 5/04; A01H 6/74
CN407132125,https://patentscope.wipo.int/search/en/detail.jsf?docId=CN407132125,202310749999.9,25.06.2023,CN,Method for improving bacterial wilt resistance of tobacco plants and application,C12N 15/82; A01H 5/00; A01H 5/12; A01H 6/82
CN179521031,https://patentscope.wipo.int/search/en/detail.jsf?docId=CN179521031,102016000141330,14.03.2016,CN,A method of improving plant resistance to invaded DNA viruses,C12N 15/82; A01H 5/00
CN236666865,https://patentscope.wipo.int/search/en/detail.jsf?docId=CN236666865,201811228461.9,22.10.2018,CN,Application of DCM1 Protein and Its Coding Gene in Regulating Plant Male Fertility,C12N 15/82; C12N 15/29; A01H 5/00; A01H 6/46; C12N 15/113; C07K 14/415
CN190123711,https://patentscope.wipo.int/search/en/detail.jsf?docId=CN190123711,102016000597205,26.07.2016,CN,Recombinant vector and non-GMO gene editing plant screening method,C12N 15/82; C12N 15/65; A01H 5/00; A01H 6/46
CN422925169,https://patentscope.wipo.int/search/en/detail.jsf?docId=CN422925169,202311661896.3,06.12.2023,CN,Rice tillering regulation gene OsMAB and application of protein coded by rice tillering regulation gene OsMAB,C12N 15/82; C12N 15/29; C07K 14/415; A01H 5/00; A01H 6/46
CN276928026,https://patentscope.wipo.int/search/en/detail.jsf?docId=CN276928026,201910582229.3,30.06.2019,CN,Rice WSCP gene mutant OsWSCP1 and application thereof,C12N 15/29; C07K 14/415; C12N 15/82; A01H 5/00; A01H 6/46
US405661525,https://patentscope.wipo.int/search/en/detail.jsf?docId=US405661525,18174103,24.02.2023,US,GENE-EDITING IN CANNABIS PLANT,C12N 15/82; C12N 15/11
CN305438413,https://patentscope.wipo.int/search/en/detail.jsf?docId=CN305438413,202010407040.3,14.05.2020,CN,"GmAMS1 protein, coding gene, inhibiting factor of coding gene and method for creating plant nuclear male sterile line",C07K 14/415; C12N 15/29; C12N 15/82; A01H 5/00; A01H 5/10; A01H 6/54
CN436048172,https://patentscope.wipo.int/search/en/detail.jsf?docId=CN436048172,202410298537.4,15.03.2024,CN,Inhibition factor of ZmTIP4c protein coding gene and application of inhibition factor in regulation and control of drought stress of corn,C12N 15/113; C12N 15/84; A01H 5/00; A01H 6/46
CN395072369,https://patentscope.wipo.int/search/en/detail.jsf?docId=CN395072369,202211053585.4,31.08.2022,CN,Genetic transformation method of rehmannia glutinosa libosch,C12N 15/53; C12N 15/84; C12N 15/82; A01H 5/00; A01H 6/00
CN438244872,https://patentscope.wipo.int/search/en/detail.jsf?docId=CN438244872,202410784644.8,18.06.2024,CN,Binary expression vector for fixing soybean heterosis as well as construction method and application of binary expression vector,C12N 15/82; C12N 15/113; C12N 15/55; A01H 5/00; A01H 6/54
US231565023,https://patentscope.wipo.int/search/en/detail.jsf?docId=US231565023,15524440,04.11.2015,US,Methods for Autocatalytic Genome Editing and Neutralizing Autocatalytic Genome Editing,C12N 15/63; C12N 15/10; C12N 9/22; C12N 15/11; C12N 15/82
WO2024099163,https://patentscope.wipo.int/search/en/detail.jsf?docId=WO2024099163,PCT/CN2023/128135,31.10.2023,WO,USE OF ZEA MAYS AMINO ACID TRANSPORTER AND CODING GENE THEREOF IN PLANT DISEASE RESISTANCE,C12N 15/29; C12N 15/82; C07K 14/415; A01H 5/00; A01H 6/46
CN405763330,https://patentscope.wipo.int/search/en/detail.jsf?docId=CN405763330,202310328753.4,30.03.2023,CN,Gene editing method for seamless insertion or replacement of tobacco long gene segment,C12N 15/82; C12N 15/29; A01H 5/00; A01H 6/82
CN276475343,https://patentscope.wipo.int/search/en/detail.jsf?docId=CN276475343,201910675952.6,25.07.2019,CN,Application of NOR-like 1 gene and encoded protein thereof in regulation of yield of tomato fruits,C12N 15/82; A01H 5/00; A01H 5/10; A01H 5/08; A01H 6/82
CA316323041,https://patentscope.wipo.int/search/en/detail.jsf?docId=CA316323041,3105397,03.07.2019,CA,METHOD OF OBTAINING MULTILEAFLET MEDICAGO SATIVA MATERIALS BY MEANS OF MSPALM1 ARTIFICIAL SITE-DIRECTED MUTANTS,A01H 5/12; A01H 6/54; C12N 15/29; C12N 15/82
CN238924975,https://patentscope.wipo.int/search/en/detail.jsf?docId=CN238924975,201811602847.1,26.12.2018,CN,Application of OsRBR2 gene to development of rice male sterile line,C12N 15/29; C07K 14/415; C12N 15/82; A01H 5/00; A01H 5/02; A01H 6/46
CN338599353,https://patentscope.wipo.int/search/en/detail.jsf?docId=CN338599353,202011377672.6,30.11.2020,CN,Betula platyphylla gene editing method based on CRISPR/Cas9,C12N 15/113; C12N 9/22; C12N 15/82; A01H 5/00; A01H 6/00
CN312699503,https://patentscope.wipo.int/search/en/detail.jsf?docId=CN312699503,202010876340.6,27.08.2020,CN,Building method of macleaya cordata PDS gene editing system on basis of CRISPR/Cas9 system and application,C12N 15/84; A01H 5/12; A01H 6/64; C12Q 1/6895
CN282391239,https://patentscope.wipo.int/search/en/detail.jsf?docId=CN282391239,201910795590.4,27.08.2019,CN,Rice super-high-yield key gene OsSPL4 and application of artificial site-directed mutant of rice super-high-yield key gene OsSPL4,C12N 15/29; C12N 15/82; A01H 5/00; A01H 6/46
CN436471355,https://patentscope.wipo.int/search/en/detail.jsf?docId=CN436471355,202410267052.9,08.03.2024,CN,Method for creating diploid seedless watermelon through gene editing of ClHAP2,C12N 15/84; C12N 15/29; C12N 15/113; C12N 15/11; A01H 5/10; A01H 6/34
CN373431133,https://patentscope.wipo.int/search/en/detail.jsf?docId=CN373431133,202210599276.0,30.05.2022,CN,Application of tomato SlULT1 gene in improvement of drought resistance of tomato,C12N 15/29; C12N 15/70; C12N 15/82; C12N 15/84; A01H 5/00; A01H 6/82; C12R 1/19
CN343791151,https://patentscope.wipo.int/search/en/detail.jsf?docId=CN343791151,202110592538.6,28.05.2021,CN,Application of tomato SlHMGA3 gene in cultivation of tomatoes with delayed fruit maturity,C12N 15/84; A01H 5/08; A01H 6/82; C12N 15/29
CN430695302,https://patentscope.wipo.int/search/en/detail.jsf?docId=CN430695302,202311552580.0,21.11.2023,CN,Method for increasing ethylene release amount of plants,C12N 15/84; C12N 15/53; C12N 9/02; A01H 11/00
CN426836078,https://patentscope.wipo.int/search/en/detail.jsf?docId=CN426836078,202311830360.X,28.12.2023,CN,Application of OsHR mutant gene in improving brown planthopper resistance of rice,C12N 15/82; C07K 14/415; C12N 15/29; C12Q 1/6895; A01H 6/46; A01H 5/00; C12N 15/11
CN430583840,https://patentscope.wipo.int/search/en/detail.jsf?docId=CN430583840,202410147666.3,02.02.2024,CN,OsDNR1 mutant gene as well as encoding protein and application thereof,C12N 15/29; C07K 14/415; C12N 15/82; C12N 15/11; C12Q 1/6895; A01H 6/46; A01H 5/00
CN423404395,https://patentscope.wipo.int/search/en/detail.jsf?docId=CN423404395,202311494458.2,10.11.2023,CN,Method for creating dwarf cucumber germplasm through site-directed mutagenesis,C12N 15/84; C12N 9/12; C12N 15/113; C12N 15/54; A01H 5/00; A01H 6/34
CN319684842,https://patentscope.wipo.int/search/en/detail.jsf?docId=CN319684842,202011348043.0,26.11.2020,CN,Rice blast resistance related gene OsCYS and application thereof in genetic engineering,C12N 15/29; C07K 14/415; C12N 15/82; A01H 5/00; A01H 6/46
CN399758809,https://patentscope.wipo.int/search/en/detail.jsf?docId=CN399758809,202310162653.9,24.02.2023,CN,Method for cultivating catkins-free pollen-free American black poplar and sgRNAs adopted by method,C12N 15/82; C12N 15/29; C12N 15/113; A01H 5/02; A01H 6/00
CN243509962,https://patentscope.wipo.int/search/en/detail.jsf?docId=CN243509962,201910171502.3,07.03.2019,CN,Preparation method of tomato strain with visible marking and parthenocarpy character linkage,C12N 15/82; C12N 15/29; C12N 15/113; C07K 14/415; A01H 5/00; A01H 5/02; A01H 6/82
CN356040944,https://patentscope.wipo.int/search/en/detail.jsf?docId=CN356040944,202010975279.0,16.09.2020,CN,Establishment of method for directly reducing protein levels in plants,C07K 14/00; C12N 15/65; C12N 15/82; C12N 9/22; A01H 5/12
CN355468672,https://patentscope.wipo.int/search/en/detail.jsf?docId=CN355468672,202010965332.9,15.09.2020,CN,Protein for regulating and controlling nitrogen utilization efficiency and yield of plants and application thereof,C07K 14/415; C12N 15/29; C12N 15/82; A01H 5/00; A01H 5/10; A01H 6/46
EP289838835,https://patentscope.wipo.int/search/en/detail.jsf?docId=EP289838835,18722498,03.05.2018,EP,USE OF CRISPR-CAS ENDONUCLEASES FOR PLANT GENOME ENGINEERING,C12N 9/22; C12N 15/82
CN370996025,https://patentscope.wipo.int/search/en/detail.jsf?docId=CN370996025,202210484516.2,06.05.2022,CN,CRISPR/Cas9 system-based larch DNA-free gene editing method,C12N 15/89; C12N 15/53; A01H 7/00
US343544204,https://patentscope.wipo.int/search/en/detail.jsf?docId=US343544204,16957994,27.12.2018,US,FLOWERING TIME-REGULATING GENE CMP1 AND RELATED CONSTRUCTS AND APPLICATIONS THEREOF,C12N 15/82; C07K 14/415
CN401492926,https://patentscope.wipo.int/search/en/detail.jsf?docId=CN401492926,202310118133.8,15.02.2023,CN,Transcriptional inhibition factor OsSMAX1 gene and application thereof in brown planthopper resistance of rice,C12N 15/29; C12N 15/82; C12N 15/11; C07K 14/415; C12Q 1/6895; A01H 5/00; A01H 6/46
CN355402380,https://patentscope.wipo.int/search/en/detail.jsf?docId=CN355402380,202111329192.7,10.11.2021,CN,Application of allele of rice grain length gene GL10,C12Q 1/6895; C12N 15/11
CN238145000,https://patentscope.wipo.int/search/en/detail.jsf?docId=CN238145000,201811348441.5,13.11.2018,CN,Tobacco protein kinase gene NtCIPK1 as well as cloning method and application thereof,C12N 15/54; C12N 9/12; C12N 15/10; C12N 15/82; A01H 5/00; A01H 6/82
KR393118854,https://patentscope.wipo.int/search/en/detail.jsf?docId=KR393118854,1020210104891,09.08.2021,KR,"GENE EDITING SYSTEM SIMULTANEOUSLY TARGETING P34 AND HOMOLOGOUS CHROMOSOME THEREOF, AND USE THEREOF",C12N 15/10; A01H 1/06; A01H 5/10; C07K 14/415; C12N 15/113; C12N 15/82; C12N 9/22
CN432784546,https://patentscope.wipo.int/search/en/detail.jsf?docId=CN432784546,202410341721.2,25.03.2024,CN,Application of tobacco calcium-dependent protein kinase gene,C12N 15/82; C12N 9/12; C12N 15/54; A01H 6/82; A01H 5/12
US329767723,https://patentscope.wipo.int/search/en/detail.jsf?docId=US329767723,17059707,30.05.2019,US,SYSTEMS AND METHODS FOR EDITING A PLANT GENOME,C12N 15/82; A01H 6/20
KR393118856,https://patentscope.wipo.int/search/en/detail.jsf?docId=KR393118856,1020210104893,09.08.2021,KR,GENE EDITING SYSTEM SIMULTANEOUSLY TARGETING MIPS1 AND HOMOLOGS THEREOF AND USES THEREOF,C12N 15/10; A01H 1/06; A01H 5/10; C07K 14/415; C12N 15/113; C12N 15/82; C12N 9/22
US447185884,https://patentscope.wipo.int/search/en/detail.jsf?docId=US447185884,18713877,29.11.2022,US,HIGH EFFICIENCY LARGE SCALE CHROMOSOMAL GENOME MANIPULATION,C12N 15/82; C12N 9/22; C12N 15/11
WO2017054721,https://patentscope.wipo.int/search/en/detail.jsf?docId=WO2017054721,PCT/CN2016/100533,28.09.2016,WO,A CRISPR/Cas9 System for high efficient site-directed altering of plant genomes,C12N 15/82; A01H 5/00; C12N 15/113
CN289613052,https://patentscope.wipo.int/search/en/detail.jsf?docId=CN289613052,201911099967.9,12.11.2019,CN,Application of rice tRNA isopentenyl transferase gene OsIPT9 in brown planthopper resistance of rice,C12N 9/10; C12N 15/54; C12N 15/82; A01H 5/00; A01H 5/10; A01H 6/46
CN397763983,https://patentscope.wipo.int/search/en/detail.jsf?docId=CN397763983,202211135434.3,19.09.2022,CN,Application of rice Ospep5 gene and coding small peptide thereof in regulation and control of plant salt tolerance,C12N 15/29; C07K 14/415; C12N 15/82; A01H 5/00; A01H 6/46; C12Q 1/6895; G01N 33/68
CN316342093,https://patentscope.wipo.int/search/en/detail.jsf?docId=CN316342093,202011283325.7,17.11.2020,CN,Application of rice gene OsDES1,C12N 15/29; C12N 15/82; C12N 15/113; C07K 14/415; A01H 5/00; A01H 6/46
CN415882692,https://patentscope.wipo.int/search/en/detail.jsf?docId=CN415882692,202210519284.X,13.05.2022,CN,Rice tillering angle control gene LAZY3 and application thereof,C12N 15/82; C07K 14/415; C12N 15/29; A01H 5/00; A01H 6/46
ID231817659,https://patentscope.wipo.int/search/en/detail.jsf?docId=ID231817659,PID201802802,19.09.2016,ID,METODE UNTUK PENGUBAHAN GENOM SECARA AUTOKATALITIK DAN PENETRALAN PENGUBAHAN GENOM SECARA AUTOKATALITIK DAN KOMPOSISINYA,C12N 5/078; C12N 5/0783; A61K 35/14; A61K 35/17; A61K 48/00; C12N 15/09; C12N 15/62; C12N 15/63
IN231450595,https://patentscope.wipo.int/search/en/detail.jsf?docId=IN231450595,201817013932,11.04.2018,IN,METHODS FOR AUTOCATALYTIC GENOME EDITING AND NEUTRALIZING AUTOCATALYTIC GENOME EDITING AND COMPOSITIONS THEREOF,C12N 5/078; C12N 5/078; C12N 15/09
US289829710,https://patentscope.wipo.int/search/en/detail.jsf?docId=US289829710,15761156,19.09.2016,US,Methods for autocatalytic genome editing and neutralizing autocatalytic genome editing and compositions thereof,C12N 15/63; C12N 15/79; C07H 21/02; C07H 21/04; C12N 15/90; A01K 67/033
US331222150,https://patentscope.wipo.int/search/en/detail.jsf?docId=US331222150,17151856,19.01.2021,US,Dominant CRISPR inverted-repeat alleles to down-regulate gene expression in heterozygous plants,C12N 15/82
RU359606480,https://patentscope.wipo.int/search/en/detail.jsf?docId=RU359606480,2020134986,26.10.2020,RU,METHOD FOR PRODUCING A WHEAT PLANT WITH BIALLEL MUTATIONS IN THE PROMOTOR REGION OF THE VRN-A1 GENE USING THE CRISPR/CAS9 TECHNOLOGY FOR EDITING PLANT GENOME,C12N 15/11; C12N 9/22; C12N 15/82; A01H 1/00
WO2018202800,https://patentscope.wipo.int/search/en/detail.jsf?docId=WO2018202800,PCT/EP2018/061394,03.05.2018,WO,USE OF CRISPR-CAS ENDONUCLEASES FOR PLANT GENOME ENGINEERING,C12N 9/22; C12N 15/82
CN289606821,https://patentscope.wipo.int/search/en/detail.jsf?docId=CN289606821,201880044965.7,03.05.2018,CN,USE OF CRISPR-CAS ENDONUCLEASES FOR PLANT GENOME ENGINEERING,C12N 9/22; C12N 15/82
CN311637528,https://patentscope.wipo.int/search/en/detail.jsf?docId=CN311637528,202010653774.X,08.07.2020,CN,Application of GT1 gene in regulation and control of maize male inflorescence sex determination and/or multi-cluster development,C12N 15/29; C12N 15/82; A01H 5/02; A01H 6/46
AU311193518,https://patentscope.wipo.int/search/en/detail.jsf?docId=AU311193518,2019277388,30.05.2019,AU,Systems and methods for editing brassica genome,A01H 1/00; A01H 1/04; A01H 1/06; A01H 4/00; A01H 5/00
WO2019150200,https://patentscope.wipo.int/search/en/detail.jsf?docId=WO2019150200,PCT/IB2019/000132,29.01.2019,WO,DNA FREE CRISPR PLANT TRANSFORMATION,C12N 15/82; C12N 9/22; C12N 15/10; C12N 15/11; C12N 15/113
KR361464537,https://patentscope.wipo.int/search/en/detail.jsf?docId=KR361464537,1020200140459,27.10.2020,KR,METHOD FOR MANUFACTURING OsSLR1 GENE MUTANT RICE PLANT USING CRISPR/Cas9 SYSTEM AND RICE PLANT HAVING DWARF PHENOTYPE MANUFACTURED BY METHOD,C12N 15/113; A01H 1/06; C07K 14/415; C12N 15/82; C12N 9/22
US425299080,https://patentscope.wipo.int/search/en/detail.jsf?docId=US425299080,18260161,05.01.2022,US,COMPOSITIONS AND METHODS FOR ALTERING STEM LENGTH IN SOLANACEAE,C12N 15/82; C12N 9/22
CN397493746,https://patentscope.wipo.int/search/en/detail.jsf?docId=CN397493746,202211601055.9,13.12.2022,CN,Application of tomato SlERF.H6 gene in regulation and control of solanine metabolism and reduction of tomato toxicity,C12N 15/29; C07K 14/415; C12N 15/82; A01H 5/00; A01H 6/82
CN322593311,https://patentscope.wipo.int/search/en/detail.jsf?docId=CN322593311,202010920987.4,04.09.2020,CN,Gene VvMADS39 for regulating grape seed development and application thereof,C07K 14/415; C12N 15/82; A01H 5/10; A01H 5/08; A01H 6/82; A01H 6/88
CN355481760,https://patentscope.wipo.int/search/en/detail.jsf?docId=CN355481760,202210069833.8,21.01.2022,CN,Corn sheath blight disease resistance related gene Zmbzip45 and application thereof,C12N 15/29; C07K 14/415; C12N 15/84; C12N 15/55; A01H 5/00; A01H 6/46
KR223235533,https://patentscope.wipo.int/search/en/detail.jsf?docId=KR223235533,1020160159681,28.11.2016,KR,"HOST PLANT OF ARABIDOPSIS APPLIED WITH GLYCOTECHNOLOGY FOR PRODUCTION OF BIODRUG, AND METHOD FOR PRODUCING BIODRUG USING SAME",C12N 15/82; C12N 15/63; C12N 9/22
CN371158371,https://patentscope.wipo.int/search/en/detail.jsf?docId=CN371158371,202210662396.0,13.06.2022,CN,Application of OsRST2 gene or related biological material thereof in regulating plant salt tolerance,C12N 15/84; C12N 15/29; A01H 5/00; A01H 6/46
CN405886242,https://patentscope.wipo.int/search/en/detail.jsf?docId=CN405886242,202310461229.4,26.04.2023,CN,Application of soybean GmPHOTs family gene in regulation and control of synthesis of plant isoflavone,C07K 14/415; C12N 15/82; A01H 6/54; A01H 5/00
CN419373590,https://patentscope.wipo.int/search/en/detail.jsf?docId=CN419373590,202310224361.3,10.03.2023,CN,Gene OsBDG1 related to rice stress resistance and application of encoding protein of gene OsBDG1,C12N 9/12; C12N 15/54; C12N 15/82; A01H 5/00; A01H 6/46
CN429314718,https://patentscope.wipo.int/search/en/detail.jsf?docId=CN429314718,202211382642.3,07.11.2022,CN,Corn amino acid transporter and application of coding gene thereof in plant disease resistance,C12N 15/82; C12N 15/29; A01H 5/00; A01H 6/46
CN319589879,https://patentscope.wipo.int/search/en/detail.jsf?docId=CN319589879,202011235857.3,08.11.2020,CN,Application of pC1300-MAS-Cas9 gene editing system to 84K poplar gene editing,C12N 15/82; C12N 15/66; C12N 15/55; A01H 5/00; A01H 6/00
CN299152867,https://patentscope.wipo.int/search/en/detail.jsf?docId=CN299152867,202010179130.1,15.03.2020,CN,Application of thermally induced gene editing system CRISPR-Cas12b in upland cotton,C12N 15/82; C12N 15/66; A01H 5/00; A01H 6/60
CN318106434,https://patentscope.wipo.int/search/en/detail.jsf?docId=CN318106434,202011404655.7,03.12.2020,CN,Use of OsSEC3B gene in controlling drought resistance of rice,C07K 14/415; C12N 15/29; C12N 15/82; A01H 5/00; A01H 6/46
CN314581330,https://patentscope.wipo.int/search/en/detail.jsf?docId=CN314581330,202011054281.0,30.09.2020,CN,Tobacco receptor protein genes as well as cloning method and application thereof,C12N 15/29; C12N 15/10; C12N 15/82; A01H 5/12; A01H 6/82
US440278106,https://patentscope.wipo.int/search/en/detail.jsf?docId=US440278106,18743454,14.06.2024,US,DOUBLE DECAPITATION OF PLANTS,C12N 15/82; C12N 9/22; C12N 15/11
WO2014039970,https://patentscope.wipo.int/search/en/detail.jsf?docId=WO2014039970,PCT/US2013/058766,09.09.2013,WO,FLUORESCENCE ACTIVATED CELL SORTING (FACS) ENRICHMENT TO GENERATE PLANTS,C12N 15/82; C12Q 1/24; A01H 5/00
CA131326342,https://patentscope.wipo.int/search/en/detail.jsf?docId=CA131326342,2883800,09.09.2013,CA,FLUORESCENCE ACTIVATED CELL SORTING (FACS) ENRICHMENT TO GENERATE PLANTS,C12N 15/82; C12Q 1/24
CN142928407,https://patentscope.wipo.int/search/en/detail.jsf?docId=CN142928407,201380054087.4,09.09.2013,CN,Fluorescence activated cell sorting (FACS) enrichment to generate plants,C12N 15/82; C12Q 1/24; A01H 5/00
MX152799440,https://patentscope.wipo.int/search/en/detail.jsf?docId=MX152799440,2015002964,06.03.2015,MX,FLUORESCENCE ACTIVATED CELL SORTING (FACS) ENRICHMENT TO GENERATE PLANTS.,C12N 15/82
EP145109800,https://patentscope.wipo.int/search/en/detail.jsf?docId=EP145109800,13835630,09.09.2013,EP,FLUORESCENCE ACTIVATED CELL SORTING (FACS) ENRICHMENT TO GENERATE PLANTS,C12N 15/82; A01H 5/00; C12Q 1/24
US335023216,https://patentscope.wipo.int/search/en/detail.jsf?docId=US335023216,17257595,03.07.2019,US,Method of Obtaining Multileaflet Medicago Sativa Materials by Means of MsPALM1 Artificial Site-Directed Mutants,C12N 15/82
US326379612,https://patentscope.wipo.int/search/en/detail.jsf?docId=US326379612,17141308,05.01.2021,US,Method of obtaining multileaflet <i>Medicago sativa </i>materials by means of <i>MsPALM1 </i>artificial site-directed mutants,C12N 15/82
CN316327743,https://patentscope.wipo.int/search/en/detail.jsf?docId=CN316327743,201880090026.6,21.12.2018,CN,CPF1 BASED TRANSCRIPTION REGULATION SYSTEMS IN PLANTS,C12N 15/82; C12N 15/63; A01H 4/00; A01H 1/08
WO2019122394,https://patentscope.wipo.int/search/en/detail.jsf?docId=WO2019122394,PCT/EP2018/086725,21.12.2018,WO,CPF1 BASED TRANSCRIPTION REGULATION SYSTEMS IN PLANTS,C12N 15/82; C12N 15/63; A01H 4/00; A01H 1/08
CA300120963,https://patentscope.wipo.int/search/en/detail.jsf?docId=CA300120963,3086619,21.12.2018,CA,CPF1 BASED TRANSCRIPTION REGULATION SYSTEMS IN PLANTS,C12N 15/82; A01H 1/08; A01H 4/00; C12N 15/63
CN222375053,https://patentscope.wipo.int/search/en/detail.jsf?docId=CN222375053,201810030081.8,12.01.2018,CN,High-efficiency preparation method for simultaneously preparing multiple member mutants of same gene family of cabbage mustard,C12N 15/82; C12N 9/22; A01H 5/00; A01H 6/20
EP309786263,https://patentscope.wipo.int/search/en/detail.jsf?docId=EP309786263,18830278,21.12.2018,EP,CPF1 BASED TRANSCRIPTION REGULATION SYSTEMS IN PLANTS,C12N 15/82; A01H 1/08; A01H 4/00; C12N 15/63
CN279818890,https://patentscope.wipo.int/search/en/detail.jsf?docId=CN279818890,201910803890.2,28.08.2019,CN,Application of UB2/UB3 gene in regulation and control of corn multi-spike development,C12N 15/82; C12N 15/29; C12N 15/10; A01H 5/00; A01H 5/08; A01H 6/46
CN425356613,https://patentscope.wipo.int/search/en/detail.jsf?docId=CN425356613,202311421552.5,19.10.2023,CN,Method for creating cold-resistant eggplant germplasm and application thereof,C12N 15/113; C12N 15/84; C12N 15/11; C12Q 1/6895; A01H 5/00; A01H 6/82
US195266439,https://patentscope.wipo.int/search/en/detail.jsf?docId=US195266439,15317283,12.06.2015,US,Targeted viral-mediated plant genome editing using CRISPR /Cas9,C12N 15/82; C12N 9/22
CN199377632,https://patentscope.wipo.int/search/en/detail.jsf?docId=CN199377632,201710030839.3,17.01.2017,CN,Gene site-directed mutation vector as well as construction method and application thereof,C12N 15/82; A01H 5/00; A01H 6/20
CN250406966,https://patentscope.wipo.int/search/en/detail.jsf?docId=CN250406966,201910273522.1,05.04.2019,CN,Corn ZmPIF3s mutant protein and encoding gene and application in breeding thereof,C12N 15/29; C12N 15/113; C12N 15/82; C12N 15/65; C07K 14/415; A01H 5/00; A01H 5/10; A01H 6/46
CN439122164,https://patentscope.wipo.int/search/en/detail.jsf?docId=CN439122164,202410807675.0,21.06.2024,CN,LOCOs11g10170 gene for regulating and controlling chalkiness of rice as well as encoding protein and application of LOCOs11g10170 gene,C12N 15/82; C12N 15/84; C12N 15/70; C07K 14/415; C12N 15/29; A01H 5/10; A01H 5/08; A01H 6/46; C12R 1/19
CN408077341,https://patentscope.wipo.int/search/en/detail.jsf?docId=CN408077341,202180088340.2,05.11.2021,CN,Compositions and methods for RNA-encoded DNA substitution of alleles,C12N 15/10
US403483441,https://patentscope.wipo.int/search/en/detail.jsf?docId=US403483441,17934089,21.09.2022,US,METHODS AND HYBRIDS FOR TARGETED NUCLEIC ACID EDITING IN PLANTS USING CRISPR/CAS SYSTEMS,C12N 15/82; C12N 15/113; A01H 5/04; A01H 5/12
EP145109802,https://patentscope.wipo.int/search/en/detail.jsf?docId=EP145109802,13835965,06.09.2013,EP,ENGINEERED TRANSGENE INTEGRATION PLATFORM (ETIP) FOR GENE TARGETING AND TRAIT STACKING,C12N 5/10
CA131326335,https://patentscope.wipo.int/search/en/detail.jsf?docId=CA131326335,2883792,06.09.2013,CA,ENGINEERED TRANSGENE INTEGRATION PLATFORM (ETIP) FOR GENE TARGETING AND TRAIT STACKING,C12N 15/82; C12N 15/29
CN205489033,https://patentscope.wipo.int/search/en/detail.jsf?docId=CN205489033,201710506971.7,06.09.2013,CN,Engineered transgene integration platform (ETIP) for gene targeting and trait stacking,C12N 15/29; C12N 5/10
WO2014039872,https://patentscope.wipo.int/search/en/detail.jsf?docId=WO2014039872,PCT/US2013/058584,06.09.2013,WO,ENGINEERED TRANSGENE INTEGRATION PLATFORM (ETIP) FOR GENE TARGETING AND TRAIT STACKING,C12N 15/82; A01H 5/00; C12N 15/29
CN427219178,https://patentscope.wipo.int/search/en/detail.jsf?docId=CN427219178,202410136833.4,31.01.2024,CN,Application of lettuce LsNGAL3 gene in controlling tip or round leaf character of lettuce,C12N 15/29; C07K 14/415; C12N 15/82; C12N 15/113; C12N 9/22; A01H 5/12; A01H 6/82
US313890885,https://patentscope.wipo.int/search/en/detail.jsf?docId=US313890885,16610372,03.05.2018,US,USE OF CRISPR-CAS ENDONUCLEASES FOR PLANT GENOME ENGINEERING,C12N 15/82
IN349444033,https://patentscope.wipo.int/search/en/detail.jsf?docId=IN349444033,202041031656,24.07.2020,IN,"TITLE OF INVENTION""CRISPR/CAS GENOME EDITING OF GLUTAMATE DECARBOXYLASE TO IMPROVE ENVIRONMENTAL STRESS TOLERANCE IN THE FIELD CONDITIONS""",C12N /; C12N /; A61K /; C12N /; C07K /
CN370196643,https://patentscope.wipo.int/search/en/detail.jsf?docId=CN370196643,202210551831.2,20.05.2022,CN,Corn naringenin methyltransferase gene ZmNOMT and application thereof in plant broad-spectrum disease resistance,C12N 9/10; C12N 15/54; C12N 15/84; A01H 5/00; A01H 6/46
CN364577081,https://patentscope.wipo.int/search/en/detail.jsf?docId=CN364577081,202210210201.9,04.03.2022,CN,Application of lettuce LsNRL4 gene in control of lettuce leaf green depth and leaf included angle character,C12N 15/29; C12N 15/82; C07K 14/415; C12Q 1/6895; A01H 5/12; A01H 6/14
CN369008391,https://patentscope.wipo.int/search/en/detail.jsf?docId=CN369008391,202210261017.7,16.03.2022,CN,Application of lettuce LsWOX3L gene in controlling existence of lettuce thorns,C12N 15/82; C12N 15/84; C12N 15/29; A01H 6/14; A01H 5/00; C12Q 1/6895
CN431146990,https://patentscope.wipo.int/search/en/detail.jsf?docId=CN431146990,202410476471.3,19.04.2024,CN,Application of tomato gene SlCBL11 in enhancing drought resistance of tomatoes,C12N 15/82; C12N 15/29; C12N 15/113; C12N 15/55; C12N 15/11; A01H 5/00; A01H 6/82
CN437966401,https://patentscope.wipo.int/search/en/detail.jsf?docId=CN437966401,202410991481.0,23.07.2024,CN,Application of corn ZmGPAT2 gene in improving salt tolerance of plants,C12N 15/82; C12N 9/10; C12N 15/54; A01H 6/46; A01H 5/00
CN192773193,https://patentscope.wipo.int/search/en/detail.jsf?docId=CN192773193,201610807153.6,07.09.2016,CN,Method for directionally knocking out miRNA (micro Ribonucleic Acid) of paddy rice,C12N 15/82; A01H 5/00; A01H 6/46
CN336186216,https://patentscope.wipo.int/search/en/detail.jsf?docId=CN336186216,202110583896.0,27.05.2021,CN,Method for accurately and efficiently editing genes suitable for upland cotton,C12N 15/84; A01H 5/00; A01H 6/60
CN426079396,https://patentscope.wipo.int/search/en/detail.jsf?docId=CN426079396,202410066965.4,17.01.2024,CN,Application of NAC29 protein in regulation and control of rice sheath blight resistance,C07K 14/415; C12N 15/29; C12N 15/82; A01H 5/00; A01H 6/46
AU314749214,https://patentscope.wipo.int/search/en/detail.jsf?docId=AU314749214,2019297209,03.07.2019,AU,Method of obtaining multi-leaf alfalfa material by means of MsPALM1 artificial site-directed mutant,C12N 15/29; A01H 5/12; A01H 6/54; C12N 15/82
CN312690071,https://patentscope.wipo.int/search/en/detail.jsf?docId=CN312690071,202010512913.7,08.06.2020,CN,Plant modification,C12N 15/83; C12N 5/10; A01H 5/00; A01H 6/46; A01H 6/20; C12N 7/01; C07K 14/005; C12R 1/94
US231206597,https://patentscope.wipo.int/search/en/detail.jsf?docId=US231206597,15764217,28.09.2016,US,A CRISPR/Cas9 SYSTEM FOR HIGH EFFICIENT SITE-DIRECTED ALTERING OF PLANT GENOMES,C12N 15/82; C12N 15/113
CN442609860,https://patentscope.wipo.int/search/en/detail.jsf?docId=CN442609860,202411035506.6,31.07.2024,CN,Kit and method for detecting transgenic crops based on multiple RPA (recombinase polymerase amplification) and double CRISPR (clustered regularly interspaced short palindromic repeats) detection methods,C12Q 1/6895; C12Q 1/6844; C12N 15/11
US319904287,https://patentscope.wipo.int/search/en/detail.jsf?docId=US319904287,16955937,21.12.2018,US,CPF1 BASED TRANSCRIPTION REGULATION SYSTEMS IN PLANTS,C12N 15/82
AU296614945,https://patentscope.wipo.int/search/en/detail.jsf?docId=AU296614945,2018390965,21.12.2018,AU,Cpf1 based transcription regulation systems in plants,C12N 15/82; A01H 1/08; A01H 4/00; C12N 15/63
CN430590440,https://patentscope.wipo.int/search/en/detail.jsf?docId=CN430590440,202410282926.8,13.03.2024,CN,Method for detecting transgenic crops based on CRISPR/Cas12b system and application thereof,C12Q 1/6844; C12Q 1/6895
US452612464,https://patentscope.wipo.int/search/en/detail.jsf?docId=US452612464,18558619,29.12.2022,US,Method for Improving Wheat Resistance To Fusarium Head Blight (FHB) By Genome Editing,C12N 15/82; C12N 9/22; C12N 15/11
CN341236369,https://patentscope.wipo.int/search/en/detail.jsf?docId=CN341236369,202110775203.8,08.07.2021,CN,Method for improving crop yield by regulating and controlling wheat ARE1 gene through CRISPR/Cas9 technology,C12N 15/29; C07K 14/415; C12N 15/82; A01H 5/00; A01H 6/46
CN422799248,https://patentscope.wipo.int/search/en/detail.jsf?docId=CN422799248,202311436002.0,31.10.2023,CN,Crop variety genotyping method and device compatible with multiple fluorescence signal platforms,C12Q 1/6895; G16B 20/00; G16B 30/00
CN442642296,https://patentscope.wipo.int/search/en/detail.jsf?docId=CN442642296,202411144944.6,20.08.2024,CN,CRISPR/dCas9 protein combined Raman coding transgenic corn detection method,C12Q 1/6895; G01N 21/65; C12Q 1/6816; C12N 15/113; G01N 21/64
CN213851939,https://patentscope.wipo.int/search/en/detail.jsf?docId=CN213851939,201711089532.7,08.11.2017,CN,CRISPR-mediated rapid and effective crop site-specific gene fragment or allele replacement method and system,C12N 15/82; C12N 15/89; A01H 5/00
KR395700816,https://patentscope.wipo.int/search/en/detail.jsf?docId=KR395700816,1020220123547,28.09.2022,KR,"METHOD FOR PRODUCING BRASSICA CROPS WITH DELAYED POD DEHISCENCE USING GENE EDITING, AND BRASSICA CROPS PRODUCED BY PRODUCTION METHOD",C12N 15/82; A01H 5/10; A01H 6/20; C07K 14/415; C12N 15/113; C12N 9/22
WO2017092201,https://patentscope.wipo.int/search/en/detail.jsf?docId=WO2017092201,PCT/CN2016/077337,25.03.2016,WO,SYSTEM FOR OBTAINING HERBICIDE-TOLERANT RICE BY SITE-DIRECTED MODIFYING ALS GENE USING CRISPR-CAS9 SYSTEM AND USE THEREOF,C12N 15/82; C12N 15/60; A01H 5/00
CN317064580,https://patentscope.wipo.int/search/en/detail.jsf?docId=CN317064580,202011007681.6,23.09.2020,CN,Method for visual semi-quantitative detection of NOS terminator of transgenic crop by CRISPR/Cas12a system,C12Q 1/6844
CN431391281,https://patentscope.wipo.int/search/en/detail.jsf?docId=CN431391281,202410132791.7,30.01.2024,CN,Application of beet armyworm UGT33F24 gene as target in pest control,C12N 15/12; C07K 14/435; C12N 9/22; C12N 15/113; C12N 15/89; C12N 15/873; A01K 67/033
CN341344215,https://patentscope.wipo.int/search/en/detail.jsf?docId=CN341344215,202111031355.3,03.09.2021,CN,CRISPR-Cas9 gene editing tool and editing method thereof,C12N 15/113; C12N 15/55; C12N 9/22; C12N 15/82; A01H 5/00; A01H 6/46
CN340516547,https://patentscope.wipo.int/search/en/detail.jsf?docId=CN340516547,202110816683.8,20.07.2021,CN,"Pisum sativum CRISPR/Cas9 gene editing vector, pisum sativum CRISPR/Cas9 gene editing system and pisum sativum CRISPR/Cas9 gene editing method",C12N 15/82; C12N 15/29; A01H 5/00; A01H 6/54
CN441333994,https://patentscope.wipo.int/search/en/detail.jsf?docId=CN441333994,202410940329.X,15.07.2024,CN,Application of SRB gene in regulation and control of resistance of spodoptera frugiperda to Vip3Aa protein,C12N 15/12; C07K 14/705; C12N 15/89; C12N 15/113; C12N 9/22; A01K 67/033; C12Q 1/6888; C12N 15/11
CN313671942,https://patentscope.wipo.int/search/en/detail.jsf?docId=CN313671942,202010984936.8,17.09.2020,CN,Establishment method and application of CRISPR/Cas9 gene editing system,C12N 15/113; C12N 15/80; C12N 15/66
CN323582956,https://patentscope.wipo.int/search/en/detail.jsf?docId=CN323582956,202011581248.3,28.12.2020,CN,CRISPR-Cas9 gene editing system containing corn seed fluorescence reporter group and application of CRISPR-Cas9 gene editing system,C12N 15/84; C12N 15/65; A01H 6/46; A01H 5/10; G01N 21/64
CN427808614,https://patentscope.wipo.int/search/en/detail.jsf?docId=CN427808614,202311734910.8,15.12.2023,CN,Application of brassica napus BnaREM1.3 gene and encoding protein thereof in regulation and control of drought resistance of crops,C12N 15/84; C12N 15/29; A01H 5/00; A01H 6/20
WO2022047135,https://patentscope.wipo.int/search/en/detail.jsf?docId=WO2022047135,PCT/US2021/047913,27.08.2021,WO,ENGINEERED CRISPR-CAS PROTEINS AND METHODS OF USE THEREOF,C07K 14/315; C12N 9/22; C07K 14/195; C12N 15/10
CN132765247,https://patentscope.wipo.int/search/en/detail.jsf?docId=CN132765247,201410730236.0,04.12.2014,CN,Construction of soybean CRISPR/Cas9 system and application of soybean CRISPR/Cas9 system in soybean gene modification,C12N 15/82; C12N 15/66; A01H 5/00
CN305440777,https://patentscope.wipo.int/search/en/detail.jsf?docId=CN305440777,202010439225.2,22.05.2020,CN,Efficient clustered regularly interspaced short palindromic repeats ribonucleoprotein (CRISPR RNP) and donor DNA co-location mediated gene insertion or replacement method and application thereof,C12N 15/90; C12N 9/22; C07K 19/00; C12N 15/62; C12N 15/70
WO2021092130,https://patentscope.wipo.int/search/en/detail.jsf?docId=WO2021092130,PCT/US2020/059045,05.11.2020,WO,COMPOSITIONS AND METHODS FOR RNA-ENCODED DNA-REPLACEMENT OF ALLELES,A61K 38/46; C12N 9/22; C12N 15/11; C12N 15/113; C12N 15/63; C12N 15/90
CN396204737,https://patentscope.wipo.int/search/en/detail.jsf?docId=CN396204737,202211429022.0,15.11.2022,CN,Gene sequence detection method,C12Q 1/6825; C12Q 1/6869; G01N 27/26
CN395776395,https://patentscope.wipo.int/search/en/detail.jsf?docId=CN395776395,202211038934.5,29.08.2022,CN,Application of CRISPR/SaCas9 system in soybean gene editing,C12N 15/82; C12N 15/113; C12N 15/29; C12N 15/55; A01H 5/00; A01H 6/54
CN361401421,https://patentscope.wipo.int/search/en/detail.jsf?docId=CN361401421,202210079554.X,24.01.2022,CN,Application of rape cinnamyl-CoA reductase gene BnaCCR-LIKE in regulation and control of oil content of crops,C12N 15/84; C12N 15/53; C12N 9/02; A01H 5/10; A01H 6/20
CN343798396,https://patentscope.wipo.int/search/en/detail.jsf?docId=CN343798396,202110997209.X,27.08.2021,CN,Kit for detecting RBSDV based on CRISPR-Cas system and detection method,C12Q 1/70; C12Q 1/6844; C12N 15/11
CN328303501,https://patentscope.wipo.int/search/en/detail.jsf?docId=CN328303501,202110241224.1,04.03.2021,CN,III-A type CRISPR-Cas system inhibitor AcrIIIA1 and application thereof,C07K 14/31; C12N 9/22
CN419775443,https://patentscope.wipo.int/search/en/detail.jsf?docId=CN419775443,202311236119.4,22.09.2023,CN,Nucleic acid detection method for nanogold enhanced CRISPR/dCas9 mediated fluorescence resonance energy transfer,C12Q 1/6844
KR399816027,https://patentscope.wipo.int/search/en/detail.jsf?docId=KR399816027,1020210172065,03.12.2021,KR,METHOD FOR PRODUCING PLANTS WITH INCREASED POLYUNSATURATED FATTY ACID CONTENT USING CRISPR/Cas9 SYSTEM,A01H 6/20; A01H 1/00; A01H 1/06
WO2018237197,https://patentscope.wipo.int/search/en/detail.jsf?docId=WO2018237197,PCT/US2018/038839,21.06.2018,WO,CRISPR-MEDIATED SELECTIVE GENE DISRUPTION IN PLANTS,C12N 15/113; C12N 15/11; C12N 15/05
CN347715443,https://patentscope.wipo.int/search/en/detail.jsf?docId=CN347715443,202111149852.3,29.09.2021,CN,Oryza sativa L. calcineurin B protein interaction protein kinase and application thereof in breeding,C12N 9/12; C12N 15/54; C12N 15/82; A01H 5/04; A01H 5/06; A01H 5/00; A01H 6/46
CN350475990,https://patentscope.wipo.int/search/en/detail.jsf?docId=CN350475990,202111390729.0,23.11.2021,CN,Potato U6 RNA polymerase III type promoter and cloning and application thereof,C12N 15/113; C12N 15/11; C12N 15/82; A01H 5/00; A01H 6/82
CN426775360,https://patentscope.wipo.int/search/en/detail.jsf?docId=CN426775360,202410181708.5,19.02.2024,CN,CRISPR-Cas12a-based BVDV specific crRNA and related kit and detection method thereof,C12N 15/113; C12Q 1/6844; C12Q 1/70; C12N 15/11; C12R 1/93
WO2021087182,https://patentscope.wipo.int/search/en/detail.jsf?docId=WO2021087182,PCT/US2020/058082,30.10.2020,WO,TYPE V CRISPR-CAS BASE EDITORS AND METHODS OF USE THEREOF,C12N 9/22; C12N 15/11; C12N 15/113; C12N 15/55; C12N 15/63; C12N 15/90
CN418379260,https://patentscope.wipo.int/search/en/detail.jsf?docId=CN418379260,202310639011.3,31.05.2023,CN,Method for activating expression of silent Glu-1Ax subunit of wheat and related biological material,C12N 15/84; C12N 15/113; C12N 15/29
CN420671221,https://patentscope.wipo.int/search/en/detail.jsf?docId=CN420671221,202310415113.7,23.11.2021,CN,Potato U6 gene promoter StU6 8-1 and cloning and application thereof,C12N 15/113; C12N 15/11; C12N 15/82; A01H 5/00; A01H 6/82
CN319673335,https://patentscope.wipo.int/search/en/detail.jsf?docId=CN319673335,201910745321.7,13.08.2019,CN,Application of TGW10 gene for improving crop grain shape characters,C12N 15/82; C12N 15/29; A01H 5/10; A01H 6/46
CN283957548,https://patentscope.wipo.int/search/en/detail.jsf?docId=CN283957548,201911080944.3,07.11.2019,CN,CRISPR/Cas9 system and method for efficiently producing mutant plants without carrying transgenic elements in plants,C12N 9/22; C12N 15/113; C12N 15/82; A01H 5/00; A01H 6/20
CN207679119,https://patentscope.wipo.int/search/en/detail.jsf?docId=CN207679119,201710466017.X,19.06.2017,CN,Large-scale genome editing method applicable to plants,C12N 15/82; C12N 9/22; C40B 50/06
CN321265669,https://patentscope.wipo.int/search/en/detail.jsf?docId=CN321265669,202011529612.1,22.12.2020,CN,"Composition for detecting African swine fever virus LAMP-CRISPR, detection kit and detection method",C12Q 1/70; C12Q 1/6844; C12N 15/11; C12R 1/93
CN405891919,https://patentscope.wipo.int/search/en/detail.jsf?docId=CN405891919,202310197445.2,04.03.2021,CN,Effector AcrIIIA2TEM123 for controlling CRISPR-Cas editing system and application of effector AcrIIIA2TEM123,C07K 14/31; C12N 9/22
CN241723585,https://patentscope.wipo.int/search/en/detail.jsf?docId=CN241723585,201910047440.5,18.01.2019,CN,Efficient CRISPR-CAS9 gene editing vector in arabidopsis thaliana and construction method thereof,C12N 15/82; C12N 15/66; C12N 15/113; A01H 5/12; A01H 6/20
EP393008924,https://patentscope.wipo.int/search/en/detail.jsf?docId=EP393008924,21793745,20.04.2021,EP,CRISPR SYSTEMS IN PLANTS,C12N 9/22; C12N 15/03; C12N 15/19
CN438257245,https://patentscope.wipo.int/search/en/detail.jsf?docId=CN438257245,202410771409.7,14.06.2024,CN,Method for remarkably improving goldfish CRISPR-LbCas12a gene editing efficiency and application thereof,C12N 15/89; A01K 67/0276; C12N 15/53
CN283955658,https://patentscope.wipo.int/search/en/detail.jsf?docId=CN283955658,201911035381.6,29.10.2019,CN,Method for creating new crop germplasm with broad-spectrum resistance to stripe disease through gene editing and application of method,C12N 15/82; C12N 15/29; A01H 5/00; A01H 6/46
CN332891147,https://patentscope.wipo.int/search/en/detail.jsf?docId=CN332891147,202110175765.9,09.02.2021,CN,CRISPR/Cas9 system mediated wheat polygene knockout editing system,C12N 15/82; C12N 15/29; A01H 5/00; A01H 6/46
CN396410152,https://patentscope.wipo.int/search/en/detail.jsf?docId=CN396410152,202211452218.1,21.11.2022,CN,Visual detection method of fusarium solanum based on CRISPR/Cas12 and LAMP,C12Q 1/6895; C12Q 1/6844; C12Q 1/6806; C12R 1/77
CN231672513,https://patentscope.wipo.int/search/en/detail.jsf?docId=CN231672513,201810384372.7,26.04.2018,CN,Construction method and application of high-efficiency soybean CRISPR/Cas9 system,C12N 15/90; A01H 5/00; A01H 6/54
CN403180578,https://patentscope.wipo.int/search/en/detail.jsf?docId=CN403180578,202310275729.9,16.03.2023,CN,Vector suitable for muskmelon CRISPR/Cas9 gene editing system and application thereof,C12N 15/84; C12N 15/113; C12N 15/53; A01H 5/00; A01H 6/34
CN425949417,https://patentscope.wipo.int/search/en/detail.jsf?docId=CN425949417,202311663304.1,06.12.2023,CN,Method for creating sweet corn germplasm by using gene editing technology,C12N 15/84; C12N 15/113; C12N 15/29; C07K 14/415; A01H 5/10; A01H 6/46; C12N 1/21; C12R 1/01
CN436471015,https://patentscope.wipo.int/search/en/detail.jsf?docId=CN436471015,202410656891.X,24.05.2024,CN,Method for creating high-yield rape germplasm by editing BnaIAA10 by using CRISPR/Cas9,C12N 15/29; C12N 15/84; C12N 15/113; A01H 5/10; A01H 6/20
CN405925555,https://patentscope.wipo.int/search/en/detail.jsf?docId=CN405925555,202310197437.8,04.03.2021,CN,Anti-CRISPR-Cas protein AcrIIIA1IME1367 and application thereof,C07K 14/31; C12N 9/22
CN329006380,https://patentscope.wipo.int/search/en/detail.jsf?docId=CN329006380,202110240048.X,04.03.2021,CN,III-A type CRISPR-Cas system inhibitor AcrIIIA2 and application thereof,C07K 14/31; C12N 9/22; C12N 15/113
CN426831238,https://patentscope.wipo.int/search/en/detail.jsf?docId=CN426831238,202311663301.8,06.12.2023,CN,Method for creating sweet corn germplasm and application thereof,C12N 15/84; C12N 15/113; C12N 15/29; C07K 14/415; A01H 5/10; A01H 6/46; C12N 1/21; C12R 1/01
CN426825292,https://patentscope.wipo.int/search/en/detail.jsf?docId=CN426825292,202311669126.3,07.12.2023,CN,Method for creating sweet corn germplasm and related biological materials thereof,C12N 15/84; C12N 15/113; C12N 15/29; C07K 14/415; A01H 5/10; A01H 6/46; C12N 1/21; C12R 1/01
WO2021216512,https://patentscope.wipo.int/search/en/detail.jsf?docId=WO2021216512,PCT/US2021/028105,20.04.2021,WO,CRISPR SYSTEMS IN PLANTS,C12N 9/22; C12N 15/03; C12N 15/19
CN355398691,https://patentscope.wipo.int/search/en/detail.jsf?docId=CN355398691,202110871824.6,30.07.2021,CN,Gene editing sequence and method for creating soybean nuclear male sterile line,C12N 15/113; C12N 15/84; A01H 5/02; A01H 6/54
CN438240768,https://patentscope.wipo.int/search/en/detail.jsf?docId=CN438240768,202410753434.2,12.06.2024,CN,Single-stranded DNA binding protein mediated in-vitro CRISPR/Cas9 gene editing method and application thereof,C12N 15/70; C12N 15/90; C07K 14/195; C12N 9/22; C12N 15/113; C12N 15/31; C12R 1/19
CA363160727,https://patentscope.wipo.int/search/en/detail.jsf?docId=CA363160727,3160186,05.11.2020,CA,COMPOSITIONS AND METHODS FOR RNA-ENCODED DNA-REPLACEMENT OF ALLELES,A61K 38/46; C12N 15/113; C12N 9/22; C12N 15/11; C12N 15/63; C12N 15/90
EP374021588,https://patentscope.wipo.int/search/en/detail.jsf?docId=EP374021588,20884787,05.11.2020,EP,COMPOSITIONS AND METHODS FOR RNA-ENCODED DNA-REPLACEMENT OF ALLELES,A61K 38/46; C12N 9/22; C12N 15/11; C12N 15/113; C12N 15/63; C12N 15/90
CN349228450,https://patentscope.wipo.int/search/en/detail.jsf?docId=CN349228450,202111238330.0,25.10.2021,CN,RCA-assisted CRISPR/Cas9 detection method based on let-7 and application of RCA-assisted CRISPR/Cas9 detection method,C12Q 1/6844; C12Q 1/6888
CN405937557,https://patentscope.wipo.int/search/en/detail.jsf?docId=CN405937557,202310197452.2,04.03.2021,CN,Inhibitor AcrIIIA1IPLA35 of RNA editing system and application of inhibitor AcrIIIA1IPLA35,C07K 14/31; C12N 9/22
CN333878095,https://patentscope.wipo.int/search/en/detail.jsf?docId=CN333878095,202110510545.7,11.05.2021,CN,Method for efficiently creating fragrant corn by using CRISPR/Cas9 technology,C12N 15/113; C12N 9/22; C12N 15/82; C12N 15/29; A01H 5/10; A01H 6/46
CN427210168,https://patentscope.wipo.int/search/en/detail.jsf?docId=CN427210168,202311712218.5,13.12.2023,CN,Goldfish CRISPR/Cas12 gene editing method and application thereof,C12N 15/113; C12N 9/22; C12N 15/11; C12N 15/89; C12N 15/10; C12N 15/53; A01K 67/0276
EP289342224,https://patentscope.wipo.int/search/en/detail.jsf?docId=EP289342224,18721982,24.04.2018,EP,METHODS AND COMPOSITIONS OF ANTI-CRISPR PROTEINS FOR USE IN PLANTS,C07K 14/005; C07K 14/315; C12N 5/10; C12N 15/63
CN200890915,https://patentscope.wipo.int/search/en/detail.jsf?docId=CN200890915,201710194580.6,29.03.2017,CN,Method for applying CRISPR-Cas9 system to knockout of key gene HPT in VE synthesis pathway of barley,C12N 15/82; A01H 4/00; A01H 5/00
CN401503390,https://patentscope.wipo.int/search/en/detail.jsf?docId=CN401503390,202310255652.9,16.03.2023,CN,Application of Gma-MIR396a gene editing in regulating and improving weight and stress resistance of soybean seeds,C12N 15/84; C12N 15/113; A01H 5/10; A01H 5/00; A01H 6/54; C12Q 1/6895; C12N 15/11
WO2015048707,https://patentscope.wipo.int/search/en/detail.jsf?docId=WO2015048707,PCT/US2014/058188,30.09.2014,WO,CONFERRING RESISTANCE TO GEMINIVIRUSES IN PLANTS USING CRISPR/CAS SYSTEMS,C12N 5/00; C12N 15/00; C12N 15/82; C12N 5/02; C12P 19/34; C07H 21/02
CN397428055,https://patentscope.wipo.int/search/en/detail.jsf?docId=CN397428055,202210839276.3,18.07.2022,CN,Application of PDHB gene in fusaric acid resistance,C12N 15/85; C12N 15/113; C12N 15/53; C12N 9/02; C12N 5/10; A61K 48/00; A61K 38/46; A61P 39/02
CN432073458,https://patentscope.wipo.int/search/en/detail.jsf?docId=CN432073458,202410512720.X,26.04.2024,CN,CRISPR-Cas12a-based pectobacterium carotovorum visual rapid detection method,C12Q 1/689; C12Q 1/6844; C12N 15/11; C12R 1/01
CN203405613,https://patentscope.wipo.int/search/en/detail.jsf?docId=CN203405613,102017000146782,13.03.2017,CN,"CRISPR/Cpf1 plant genome directional modification function unit, carrier comprising function unit, and application thereof",C12N 15/82
CN401631967,https://patentscope.wipo.int/search/en/detail.jsf?docId=CN401631967,202310197446.7,04.03.2021,CN,Anti-CRISPR protein AcrIIIA2SAP26 and application thereof,C07K 14/31; C12N 9/22
CN241720562,https://patentscope.wipo.int/search/en/detail.jsf?docId=CN241720562,201811613264.9,27.12.2018,CN,Method for improving broad-spectrum resistance of rice blast by using CRISPR/Cas9 mediated adenine base editing system,C12N 15/82; A01H 5/00; A01H 6/46
EP214091171,https://patentscope.wipo.int/search/en/detail.jsf?docId=EP214091171,16727228,18.05.2016,EP,METHOD OF INHIBITING PLANT VIRUS PATHOGEN INFECTIONS BY CRISPR/CAS9-MEDIATED INTERFERENCE,C12N 15/82
IN366094323,https://patentscope.wipo.int/search/en/detail.jsf?docId=IN366094323,202011052804,03.12.2020,IN,"CRISPR-CAS VECTOR SYSTEM FOR ALTERING GENE EXPRESSION IN RICE, METHODS AND PLANTS THEREOF",C12N /; A01H /; C12N /; A61K /; C12N /
CN260334458,https://patentscope.wipo.int/search/en/detail.jsf?docId=CN260334458,201910646779.7,17.07.2019,CN,Method for knocking out sheep MSTN gene by using large fragment of CRISPR/Cas9 system,C12N 15/90; C12N 15/12; A01K 67/027; C12N 15/113; C12N 15/63
CN291898449,https://patentscope.wipo.int/search/en/detail.jsf?docId=CN291898449,201880042315.9,24.04.2018,CN,METHODS AND COMPOSITIONS OF ANTI-CRISPR PROTEINS FOR USE IN PLANTS,C07K 14/005; C07K 14/315; C12N 5/10; C12N 15/63
WO2018197520,https://patentscope.wipo.int/search/en/detail.jsf?docId=WO2018197520,PCT/EP2018/060510,24.04.2018,WO,METHODS AND COMPOSITIONS OF ANTI-CRISPR PROTEINS FOR USE IN PLANTS,C07K 14/005; C07K 14/315; C12N 5/10; C12N 15/63
WO2016185411,https://patentscope.wipo.int/search/en/detail.jsf?docId=WO2016185411,PCT/IB2016/052918,18.05.2016,WO,METHOD OF INHIBITING PLANT VIRUS PATHOGEN INFECTIONS BY CRISPR/CAS9-MEDIATED INTERFERENCE,C12N 15/82
MX407569783,https://patentscope.wipo.int/search/en/detail.jsf?docId=MX407569783,2022005328,03.05.2022,MX,COMPOSITIONS AND METHODS FOR RNA-ENCODED DNA-REPLACEMENT OF ALLELES.,C12N 15/113
CN442630231,https://patentscope.wipo.int/search/en/detail.jsf?docId=CN442630231,202411330604.2,24.09.2024,CN,"Primer group, kit and method for detecting potato bacterial wilt based on RPA/CRISPR-Cas12a system",C12Q 1/689; C12Q 1/6844; C12N 15/11; C12R 1/38
CN198383332,https://patentscope.wipo.int/search/en/detail.jsf?docId=CN198383332,102016000918480,21.10.2016,CN,Construction of CRISPR-Cas9 system of tomato PSY 1 gene and application thereof,C12N 15/82; C12N 15/113; A01H 5/00; A01H 6/82
CN395739692,https://patentscope.wipo.int/search/en/detail.jsf?docId=CN395739692,202310004201.8,03.01.2023,CN,Method for rapidly obtaining nicotine transformant of cultivated tobacco and application of nicotine transformant,C12N 15/84; C12N 15/53; A01H 6/82; A01H 5/12
KR365503323,https://patentscope.wipo.int/search/en/detail.jsf?docId=KR365503323,1020200165707,01.12.2020,KR,NOVEL U6 PROMOTER SEPARATED FROM VITIS PLANTS AND USE THEREOF,C12N 15/82; C07K 14/415; C12N 15/113
CN283217400,https://patentscope.wipo.int/search/en/detail.jsf?docId=CN283217400,201911135747.7,19.11.2019,CN,Cas9-mediated dendrocalamus latiflorus gene editing vector and application thereof,C12N 15/113; C12N 15/82; A01H 4/00; A01H 5/00; A01H 6/46
CN276925711,https://patentscope.wipo.int/search/en/detail.jsf?docId=CN276925711,201910178919.2,11.03.2019,CN,Editing modification method of piricularia oryzae resistance locus DNA in rice genome and editing vector,C12N 15/82; C12N 15/90; C12N 15/66; A01H 5/00; A01H 6/46
CN365359358,https://patentscope.wipo.int/search/en/detail.jsf?docId=CN365359358,202210069861.X,21.01.2022,CN,Gene expression regulation system and application thereof,C12N 9/22; C12N 15/55; C12N 15/113; C12N 15/70
CN440759204,https://patentscope.wipo.int/search/en/detail.jsf?docId=CN440759204,202410771410.X,14.06.2024,CN,Application of CRISPR-AsCas12a system in goldfish gene editing,C12N 15/89; A01K 67/0276; C12N 15/53
KR369721673,https://patentscope.wipo.int/search/en/detail.jsf?docId=KR369721673,1020200189691,31.12.2020,KR,NOVEL Cas9 PROTEIN VARIANT WITH IMPROVED TARGET SPECIFICITY AND USE THEREOF,C12N 9/22; C12N 15/113; C12N 15/90
CN313777281,https://patentscope.wipo.int/search/en/detail.jsf?docId=CN313777281,202010843518.7,20.08.2020,CN,Method for directionally editing genes of brassica oleracea var.capitata by utilizing CRISPR/Cas9 and application of method,C12N 15/84; A01H 5/00; A01H 6/20
CA177691236,https://patentscope.wipo.int/search/en/detail.jsf?docId=CA177691236,2940217,,CA,COMPOSITIONS AND METHODS FOR SITE DIRECTED GENOMIC MODIFICATION,C12N 5/10; C12N 15/00; C12N 15/10; C12N 15/113; C12N 15/63; C12N 15/82
EP189904976,https://patentscope.wipo.int/search/en/detail.jsf?docId=EP189904976,15755923,27.02.2015,EP,COMPOSITIONS AND METHODS FOR SITE DIRECTED GENOMIC MODIFICATION,C12N 5/00; C07H 21/02; C12N 5/02; C12N 15/00; C12N 15/82; C12P 19/34
WO2015131101,https://patentscope.wipo.int/search/en/detail.jsf?docId=WO2015131101,PCT/US2015/018104,27.02.2015,WO,COMPOSITIONS AND METHODS FOR SITE DIRECTED GENOMIC MODIFICATION,C12N 5/00; C12N 15/00; C12N 15/82; C12N 5/02; C12P 19/34; C07H 21/02
WO2021195630,https://patentscope.wipo.int/search/en/detail.jsf?docId=WO2021195630,PCT/US2021/024697,29.03.2021,WO,GENE-EDITED BASIL PLANTS RESISTANT TO DOWNY MILDEW,A01H 1/00; C12N 9/22; C12N 15/11; C12N 15/113; C12N 15/29; C12N 15/82
CN328998432,https://patentscope.wipo.int/search/en/detail.jsf?docId=CN328998432,202110154123.0,04.02.2021,CN,HDAC8 gene knockout BHK-21 cell line as well as construction method and application thereof,C12N 15/85; C12N 15/55; C12N 5/10; C12N 7/00; C12Q 1/70; C12Q 1/6851; C12Q 1/02; C12Q 1/06; G01N 33/569; C12R 1/91; C12R 1/93
CN324362172,https://patentscope.wipo.int/search/en/detail.jsf?docId=CN324362172,202110227210.4,02.03.2021,CN,Pseudosciaena crocea CRISPR/Cas9 gene editing method,C12N 15/113; C12N 9/22; C12N 15/89
CN251344015,https://patentscope.wipo.int/search/en/detail.jsf?docId=CN251344015,201910510389.7,13.06.2019,CN,Editing method for CRISPR-Cas9 gene of bees,C12N 15/89; C12N 15/90; A01K 67/033
SG361459169,https://patentscope.wipo.int/search/en/detail.jsf?docId=SG361459169,11202204171Q,05.11.2020,SG,COMPOSITIONS AND METHODS FOR RNA-ENCODED DNA-REPLACEMENT OF ALLELES,A61K 38/46; C12N 9/22; C12N 15/11; C12N 15/113; C12N 15/63; C12N 15/90
NZ358654272,https://patentscope.wipo.int/search/en/detail.jsf?docId=NZ358654272,787446,20.04.2022,NZ,COMPOSITIONS AND METHODS FOR RNA-ENCODED DNA-REPLACEMENT OF ALLELES,A61K 38/46; C12N 9/22; C12N 15/11; C12N 15/113; C12N 15/63; C12N 15/90
AU359946182,https://patentscope.wipo.int/search/en/detail.jsf?docId=AU359946182,2020380319,05.11.2020,AU,Compositions and methods for RNA-encoded DNA-replacement of alleles,A61K 38/46; C12N 9/22; C12N 15/11; C12N 15/113; C12N 15/63; C12N 15/90
CN197213494,https://patentscope.wipo.int/search/en/detail.jsf?docId=CN197213494,201510856814.X,28.11.2015,CN,Method for acquiring aromatic rice strain by targeting Badh2 gene via CRISPR/Cas9 gene editing technology,C12N 15/82; A01H 5/00
CN311241035,https://patentscope.wipo.int/search/en/detail.jsf?docId=CN311241035,202010576529.3,22.06.2020,CN,SgRNA for targeted knockout of RPSA gene and construction method of RPSA gene knockout cell line,C12N 15/113; C12N 15/85; C12N 15/90; C12N 5/10; C12N 7/00; C12R 1/91; C12R 1/93
CN442639008,https://patentscope.wipo.int/search/en/detail.jsf?docId=CN442639008,202410766641.1,14.06.2024,CN,Chinese cabbage black rot detection method based on CRISPR/Cas12a and related materials and application thereof,C12N 15/113; C12Q 1/6895; C12Q 1/686; G01N 33/543; G01N 33/569; G01N 33/58; C12N 15/11; C12R 1/645
CN412714430,https://patentscope.wipo.int/search/en/detail.jsf?docId=CN412714430,202310004176.3,03.01.2023,CN,Method for specific knockout of soybean lipoxygenase gene by CRISPR-Cas9 (clustered regularly interspaced short palindromic repeats-associated 9) and application,C12N 15/82; C12N 15/53; A01H 5/10; A01H 6/54
CN415888235,https://patentscope.wipo.int/search/en/detail.jsf?docId=CN415888235,202311337582.8,17.10.2023,CN,Application of tomato SlMYB13 protein and coding gene thereof in regulating and controlling salt tolerance and drought tolerance of plants,C07K 14/415; C12N 15/29; C12N 15/113; C12N 15/84; A01H 5/10; A01H 5/00; A01H 6/82
CN254000567,https://patentscope.wipo.int/search/en/detail.jsf?docId=CN254000567,201910394240.7,13.05.2019,CN,High-resolution-ratio dissolution curve detection method for mutation of OsNramp5 gene specific site,C12Q 1/6858; C12Q 1/6895
CN400361523,https://patentscope.wipo.int/search/en/detail.jsf?docId=CN400361523,202111525533.8,14.12.2021,CN,Application of potato auxin response gene StSAUR30231 in inhibition of enzymatic browning of fresh-cut potatoes,C12N 15/29; C07K 14/415; C12N 15/84; A01H 5/00; A01H 6/82
KR390079858,https://patentscope.wipo.int/search/en/detail.jsf?docId=KR390079858,1020210084294,28.06.2021,KR,MANUFACTURING METHOD OF FLOWERING-DELAYED CABBAGE PLANTS USING CRISPR/CAS COMPLEX,A01H 1/00; A01H 1/06; A01H 5/10; A01H 6/20; C12N 15/10; C12N 15/113; C12N 15/82; C12N 9/22
CN439115859,https://patentscope.wipo.int/search/en/detail.jsf?docId=CN439115859,202410766644.5,14.06.2024,CN,CRISPR/Cas12a-based Chinese cabbage verticillium wilt detection method and related material and application thereof,C12N 15/113; C12Q 1/6895; C12Q 1/686; G01N 33/543; G01N 33/569; G01N 33/58; C12N 15/11; C12R 1/645
CN362208620,https://patentscope.wipo.int/search/en/detail.jsf?docId=CN362208620,202210358122.2,06.04.2022,CN,Application of tobacco NtCNGC4 gene in preparation of tobacco mutant material for regulating plant height and leaf amino acid content,C12N 15/84; C12N 15/29; A01H 6/82; A01H 5/00; A01H 5/12
CN326420260,https://patentscope.wipo.int/search/en/detail.jsf?docId=CN326420260,202110155151.4,04.02.2021,CN,HDAC3 gene knockout BHK-21 cell line as well as construction method and application thereof,C12N 5/10; C12N 15/113; C12N 15/85; C12Q 1/70; C12Q 1/6851; G01N 33/569; G01N 21/31; C12R 1/91
CN396314321,https://patentscope.wipo.int/search/en/detail.jsf?docId=CN396314321,202310126995.5,17.02.2023,CN,Application of GmASHH2a/b protein and coding gene thereof in regulation and control of late flowering of soybean,C07K 14/415; C12N 15/29; C12N 15/82; A01H 5/02; A01H 6/54
CN438706466,https://patentscope.wipo.int/search/en/detail.jsf?docId=CN438706466,202410788422.3,18.06.2024,CN,High expression system of CRISPR/Cas9 component in bacillus subtilis,C12N 15/75; C12N 15/113; C12N 15/55
CN441991338,https://patentscope.wipo.int/search/en/detail.jsf?docId=CN441991338,202410796360.0,20.06.2024,CN,"Promoter, gene editing method and application thereof",C12N 15/113; C12N 15/82; C12N 15/63; A01H 5/02; A01H 6/46
CN349499155,https://patentscope.wipo.int/search/en/detail.jsf?docId=CN349499155,202111388006.7,22.11.2021,CN,Application of Sub gene in regulation and control of cold resistance of rice,C12N 15/57; C12N 9/50; C12N 15/113; C12N 15/82; A01H 5/00; A01H 6/46
CN318550213,https://patentscope.wipo.int/search/en/detail.jsf?docId=CN318550213,202011151684.7,23.10.2020,CN,Application of CRISPR/Cas12a gene editing system in 84K poplar gene editing,C12N 15/84; A01H 5/00; A01H 6/00
CN198413651,https://patentscope.wipo.int/search/en/detail.jsf?docId=CN198413651,201710014870.8,09.01.2017,CN,Method for cultivating rice common nuclear sterile lines,C12N 15/82; A01H 5/00; A01H 1/02; A01H 6/46
CN398440715,https://patentscope.wipo.int/search/en/detail.jsf?docId=CN398440715,202211382049.9,07.11.2022,CN,Sugarcane parthenogenesis haploid induction gene SaMTL and application thereof,C12N 15/29; C07K 14/415; C12N 15/84; C12N 15/113; A01H 5/00; A01H 6/46
KR394570161,https://patentscope.wipo.int/search/en/detail.jsf?docId=KR394570161,1020230023709,22.02.2023,KR,NOVEL U6 PROMOTER SEPARATED FROM VITIS PLANTS AND USE THEREOF,C12N 15/82; C12N 15/10; C12N 15/113; C12N 9/22
CN398578420,https://patentscope.wipo.int/search/en/detail.jsf?docId=CN398578420,202310296447.7,24.03.2023,CN,Tobacco chloroplast related protein gene NtTHF1 and application thereof,C07K 14/415; C12N 15/29; C12N 15/82; A01H 5/00; A01H 6/82
CN214579669,https://patentscope.wipo.int/search/en/detail.jsf?docId=CN214579669,201711153430.7,20.11.2017,CN,Paddy rice seed dormancy controlling gene OsMPK7 and applications thereof,C07K 14/415; C12N 15/29; C12N 15/84; A01H 5/10; A01H 6/46
CN311252861,https://patentscope.wipo.int/search/en/detail.jsf?docId=CN311252861,202010619562.X,01.07.2020,CN,Application of ascorbic acid oxidase RIP5 to regulating and controlling of drought resistance of rice,C12N 9/02; C12N 15/53; C12N 15/82; A01H 5/00; A01H 6/46
CN288662756,https://patentscope.wipo.int/search/en/detail.jsf?docId=CN288662756,201911253430.3,09.12.2019,CN,Method for making solanum lycopersicum materials having high fruit lycopene content,C12N 15/82; C12N 15/113; A01H 5/00; A01H 6/82
CN432783798,https://patentscope.wipo.int/search/en/detail.jsf?docId=CN432783798,202311859758.6,30.12.2023,CN,CRISPR/Cas9 plant genome multi-target editing vector and application thereof,C12N 15/82; C12N 15/55; C12N 15/113; A01H 5/06; A01H 6/54
EP401173046,https://patentscope.wipo.int/search/en/detail.jsf?docId=EP401173046,21778606,27.08.2021,EP,ENGINEERED CRISPR-CAS PROTEINS AND METHODS OF USE THEREOF,C07K 14/315; C07K 14/195; C12N 9/22; C12N 15/10
CN312390784,https://patentscope.wipo.int/search/en/detail.jsf?docId=CN312390784,202010895147.7,31.08.2020,CN,Application of TaVQ25 gene to regulation of resistance of wheat to powdery mildew and sheath blight disease,C07K 14/415; C12N 15/29; C12N 15/82; A01H 5/00; A01H 5/10; A01H 6/46
CN415868306,https://patentscope.wipo.int/search/en/detail.jsf?docId=CN415868306,202311273439.7,28.09.2023,CN,Corn ZmBAG1 gene and application thereof,C07K 14/415; C12N 15/29; C12N 15/82; A01H 5/00; A01H 6/46
CN431079657,https://patentscope.wipo.int/search/en/detail.jsf?docId=CN431079657,202410267438.X,08.03.2024,CN,Transcription factor Osmyb4 for regulating and controlling rice yield quality character and application of transcription factor Osmyb4,C07K 14/415; C12N 15/82; C12N 15/29; A01H 5/10; A01H 6/46
CN436060898,https://patentscope.wipo.int/search/en/detail.jsf?docId=CN436060898,202410629579.1,21.05.2024,CN,Rice transcription factor Osmyb5 for regulating and controlling seed shape and application of rice transcription factor Osmyb5,C07K 14/415; C12N 15/29; C12N 15/84; A01H 5/10; A01H 6/46
CN422922214,https://patentscope.wipo.int/search/en/detail.jsf?docId=CN422922214,202311463065.5,06.11.2023,CN,Method for specifically knocking down circRNA of plant based on CRISPR/RfxCas13d system,C12N 15/113; C12N 15/82; A01H 5/00; A01H 6/46
CN405893770,https://patentscope.wipo.int/search/en/detail.jsf?docId=CN405893770,202211175660.4,26.09.2022,CN,Wheat yellow mosaic disease susceptible gene TaEIF4E and application thereof,C12N 15/29; C07K 14/415; C12N 15/82; C12Q 1/6895; C12N 15/11; A01H 5/00; A01H 6/46
AR440322764,https://patentscope.wipo.int/search/en/detail.jsf?docId=AR440322764,P230101611,23.06.2023,AR,"PROTEÍNAS DE FUSIÓN DE EXONUCLEASA CAS Y MÉTODOS ASOCIADOS PARA LA ESCISIÓN, INVERSIÓN E INTEGRACIÓN ESPECÍFICA DEL SITIO",C07K 19/00; C12N 9/16; C12N 9/22; C12N 15/90; C12N 15/55; C12N 15/62
CN326499329,https://patentscope.wipo.int/search/en/detail.jsf?docId=CN326499329,202110361987.X,02.04.2021,CN,Brassica napus BnaA09.GTR2 gene related to thioglycoside transport and application thereof,C12N 15/29; C07K 14/415; C12N 15/84; C12N 1/21; A01H 5/10; A01H 6/20
CN422811964,https://patentscope.wipo.int/search/en/detail.jsf?docId=CN422811964,202311355505.5,19.10.2023,CN,High wheat new strain breeding technology,A01H 1/02; A01H 1/04; A01H 3/04; A01G 22/20; A01G 25/16; A01C 21/00; A01C 1/00
CN371158631,https://patentscope.wipo.int/search/en/detail.jsf?docId=CN371158631,202210687849.5,17.06.2022,CN,ZmRAP2.7 gene related to storage resistance of corn seeds as well as functional marker and application of ZmRAP2.7 gene,C12N 15/29; C07K 14/415; C12Q 1/6895; C12N 15/11
CN424851403,https://patentscope.wipo.int/search/en/detail.jsf?docId=CN424851403,202311478129.9,08.11.2023,CN,"Gene DUF630/632 for controlling rice yield quality traits, protein and application",C12N 15/29; C07K 14/415; C12N 15/84; A01H 5/10; A01H 6/46; A01H 5/00
CN432990932,https://patentscope.wipo.int/search/en/detail.jsf?docId=CN432990932,202410299735.2,15.03.2024,CN,Application of STR of rice OsFD1 gene promoter region or method for targeted deletion of STR in rice molecular breeding,C12N 15/82; C12N 15/113; C12N 15/29; A01H 5/00; A01H 6/46
CN441690668,https://patentscope.wipo.int/search/en/detail.jsf?docId=CN441690668,202411113505.9,14.08.2024,CN,Method for creating corn germplasm with high starch freeze-thaw stability and related biological material thereof,C12N 9/10; C12N 15/54; C12N 15/84; A01H 5/10; A01H 6/46
CN244857568,https://patentscope.wipo.int/search/en/detail.jsf?docId=CN244857568,201910128264.8,21.02.2019,CN,Method for evaluating CRISPR/Cas9 gene editing efficiency or miss frequency,C12N 15/82; A01H 5/00; A01H 5/10; A01H 6/20
CN422255217,https://patentscope.wipo.int/search/en/detail.jsf?docId=CN422255217,202311390311.9,25.10.2023,CN,Callus-specific CRISPR/Cas9 gene editing system for improving genetic editing rate and application of callus-specific CRISPR/Cas9 gene editing system,C12N 15/82; C12N 15/64; C12N 15/55; A01H 5/00; A01H 6/46
CN185364502,https://patentscope.wipo.int/search/en/detail.jsf?docId=CN185364502,201610197563.3,31.03.2016,CN,"Monocotyledon plant gene knockout vector based on CRISPR/Cas9 technology, and applications thereof",C12N 15/82; A01H 5/00
CN326512503,https://patentscope.wipo.int/search/en/detail.jsf?docId=CN326512503,202110154125.X,04.02.2021,CN,HDAC2 gene knockout BHK-21 cell line as well as construction method and application thereof,C12N 5/071; C12N 15/55; C12N 15/85; C12Q 1/02; C12N 7/00
CN438265198,https://patentscope.wipo.int/search/en/detail.jsf?docId=CN438265198,202410766640.7,14.06.2024,CN,CRISPR/Cas12a-based Chinese cabbage clubroot detection method and related material and application thereof,C12N 15/113; C12Q 1/6895; C12Q 1/686; G01N 33/543; G01N 33/569; G01N 33/58; C12N 15/11; C12R 1/645
CN438257230,https://patentscope.wipo.int/search/en/detail.jsf?docId=CN438257230,202410766646.4,14.06.2024,CN,CRISPR/Cas12a-based Chinese cabbage downy mildew detection method and related materials and application thereof,C12N 15/113; C12Q 1/6895; C12Q 1/686; G01N 33/543; G01N 33/569; G01N 33/58; C12N 15/11; C12R 1/645
CN405878758,https://patentscope.wipo.int/search/en/detail.jsf?docId=CN405878758,202310732068.8,20.06.2023,CN,LAMP-CRISPRCas12a-based primer for detecting porcine circovirus type 2 and detection method,C12Q 1/70; C12Q 1/6844; C12Q 1/6806; C12N 15/11; C12R 1/93
CN235360010,https://patentscope.wipo.int/search/en/detail.jsf?docId=CN235360010,201810794442.6,18.07.2018,CN,Preparation method for plant mutant,C12N 15/82; A01H 5/00; A01H 6/46
WO2021125503,https://patentscope.wipo.int/search/en/detail.jsf?docId=WO2021125503,PCT/KR2020/012037,07.09.2020,WO,METHOD FOR PREPARING LOSS-OF-FUNCTION MUTANT IN F1 HYBRID USING CRISPR/CAS SYSTEM,A01H 1/02; A01H 5/10; C12N 15/82; C12N 9/22; C12N 15/113
CN371004696,https://patentscope.wipo.int/search/en/detail.jsf?docId=CN371004696,202210465278.0,29.04.2022,CN,CRISPR-Cas12a-based method for detecting pine canker pathogenic bacteria and application of CRISPR-Cas12a-based method,C12Q 1/6816; C12Q 1/6895; C12R 1/77
CN242436818,https://patentscope.wipo.int/search/en/detail.jsf?docId=CN242436818,201910151374.6,28.02.2019,CN,Method for establishing tomato nuclear male sterile line with green stem marker,C12N 15/82; C12N 9/22; A01H 5/00; A01H 6/82
CN177033898,https://patentscope.wipo.int/search/en/detail.jsf?docId=CN177033898,102016000254568,22.04.2016,CN,Establishment method of caffeine synthetase CRISPR/Cas9 genome editing vector,C12N 15/82; C12N 15/66
WO2022098993,https://patentscope.wipo.int/search/en/detail.jsf?docId=WO2022098993,PCT/US2021/058235,05.11.2021,WO,COMPOSITIONS AND METHODS FOR RNA-ENCODED DNA-REPLACEMENT OF ALLELES,C12N 15/10; C12N 15/11; C12N 15/62; C12N 9/12; C12N 9/22
CN202653160,https://patentscope.wipo.int/search/en/detail.jsf?docId=CN202653160,102016000004499,05.01.2016,CN,Method for fixed point knock-out of second exon of rice OsPDCD5 gene by using CRISPR/Cas9 system,C12N 15/82; A01H 5/00; A01H 6/46
CN401501620,https://patentscope.wipo.int/search/en/detail.jsf?docId=CN401501620,202310296450.9,24.03.2023,CN,Tobacco xyloglucan endotransglucosylase/hydrolase protein gene NtXTH8 and application thereof,C12N 9/10; C12N 15/54; C12N 15/82; A01H 5/04; A01H 5/12; A01H 6/82
CN330942577,https://patentscope.wipo.int/search/en/detail.jsf?docId=CN330942577,202110363245.0,02.04.2021,CN,Brassica napus BnaA06.GTR2 gene related to thioglycoside transport and application thereof,C12N 15/29; C07K 14/415; C12N 15/84; C12N 1/21; A01H 5/10; A01H 6/20; C12R 1/01
CA393795561,https://patentscope.wipo.int/search/en/detail.jsf?docId=CA393795561,3192195,27.08.2021,CA,ENGINEERED PROTEINS AND METHODS OF USE THEREOF,C07K 14/195; C07K 14/315; C12N 9/22; C12N 15/10
CN331406512,https://patentscope.wipo.int/search/en/detail.jsf?docId=CN331406512,202110487854.7,30.04.2021,CN,Method for mining tobacco bacterial wilt resistance gene by using plant-mediated CRISPR technology,C12N 15/82; C12N 15/113; A01H 4/00; A01H 5/12; A01H 6/82
CN345741375,https://patentscope.wipo.int/search/en/detail.jsf?docId=CN345741375,202111177100.8,09.10.2021,CN,Function and application of SiLCYE in regulating and controlling anabolism of millet carotenoids such as zeaxanthin,C12N 9/90; C12N 15/61; C12N 15/84; C12N 15/55; C12N 1/21; C12N 5/10; A01H 5/10; A01H 6/46
CN427324067,https://patentscope.wipo.int/search/en/detail.jsf?docId=CN427324067,202311870432.3,29.12.2023,CN,Application of corn Zm00001d017111 gene mutant gl8 in insect resistance,C12N 15/53; C12N 9/04; C12N 15/82; C12N 15/11; C12Q 1/6895; A01H 5/00; A01H 6/46
CN179612627,https://patentscope.wipo.int/search/en/detail.jsf?docId=CN179612627,102016000705816,23.08.2016,CN,Method of increasing content of resistant starch in rice through genome editing and sgRNA special for same,C12N 15/113; C12N 15/82; C12N 15/29; C07K 14/415; A01H 5/00; A01H 6/46
CN314501580,https://patentscope.wipo.int/search/en/detail.jsf?docId=CN314501580,202011224100.4,05.11.2020,CN,Rice-derived insect-resistant related gene OsLRR6 as well as encoding product and application thereof,C12Q 1/6895; C12Q 1/686; C12Q 1/6816; C12N 15/11
CN282838520,https://patentscope.wipo.int/search/en/detail.jsf?docId=CN282838520,201910994534.3,18.10.2019,CN,"Rice receptor kinase gene OsRLCK21, protein encoded by rice receptor kinase gene OsRLCK21and application",C12N 15/54; C12N 9/12; C12N 15/84; A01H 5/00; A01H 6/46
CN312390782,https://patentscope.wipo.int/search/en/detail.jsf?docId=CN312390782,202010895136.9,31.08.2020,CN,Method for improving wheat disease resistance by inhibiting expression of TaVQ5 gene in wheat,C12N 15/82; C12N 15/29; C07K 14/415; A01H 5/00; A01H 5/10; A01H 6/46
CN374079414,https://patentscope.wipo.int/search/en/detail.jsf?docId=CN374079414,202210687826.4,17.06.2022,CN,Application of SiPSI1 protein and related biological materials thereof in regulation and control of synthesis of millet carotenoid,C07K 14/415; C12N 15/29; C12N 15/84; A01H 5/10; A01H 6/46
CN436074892,https://patentscope.wipo.int/search/en/detail.jsf?docId=CN436074892,202410267432.2,08.03.2024,CN,"Transcription factor Osmyb2 for regulating and controlling grain thickness, grain weight and pericarp color of rice seeds and application of transcription factor Osmyb2",C07K 14/415; C12N 15/82; C12N 15/29; A01H 5/10; A01H 6/46
CN428112185,https://patentscope.wipo.int/search/en/detail.jsf?docId=CN428112185,202311740983.8,15.12.2023,CN,Application of ZTL2 gene in construction of high-yield soybean and method for constructing high-yield soybean by using CRISPR/Cas9,C12N 15/82; C07K 14/415; C12N 15/29; A01H 5/00; A01H 6/54
CN251465576,https://patentscope.wipo.int/search/en/detail.jsf?docId=CN251465576,201910468783.9,31.05.2019,CN,"Method for obtaining watermelon female strains, and application thereof",C12N 15/82; C12N 15/66; A01H 5/00; A01H 6/34; A01H 1/02
CN337665974,https://patentscope.wipo.int/search/en/detail.jsf?docId=CN337665974,202110703245.0,24.06.2021,CN,Kit for detecting toxoplasma gondii based on isothermal amplification-CRISPR/Cas12a technology and application thereof,C12Q 1/6893; C12Q 1/6844; C12N 15/113
CN254016789,https://patentscope.wipo.int/search/en/detail.jsf?docId=CN254016789,201811511143.3,11.12.2018,CN,Method for cultivating bacterial blight-resistant rice through gene editing technology,C12N 15/82; A01H 5/00; A01H 6/46
CN297246081,https://patentscope.wipo.int/search/en/detail.jsf?docId=CN297246081,202010098739.6,18.02.2020,CN,Method for improving disease resistance of rice through genome editing and sgRNA used in method,C12N 15/113; C12N 15/82; A01H 5/00; A01H 6/46; A01H 1/02
CN350474495,https://patentscope.wipo.int/search/en/detail.jsf?docId=CN350474495,202111321459.8,09.11.2021,CN,Soybean seed vigor regulation gene GmSV1 and application thereof,C12N 15/29; C12N 15/113; C12N 15/82; A01H 5/10; A01H 6/54
CN394520092,https://patentscope.wipo.int/search/en/detail.jsf?docId=CN394520092,202211487266.4,25.11.2022,CN,Gene PlYPK1 and application thereof in preventing and treating litchi downy blight,C12N 9/12; C12N 15/80; C12N 15/54; C12N 1/15; C12N 15/113; C12Q 1/18; C12R 1/645
CN426777313,https://patentscope.wipo.int/search/en/detail.jsf?docId=CN426777313,202410032306.9,09.01.2024,CN,Soybean genome editor,C12N 9/22; C12N 15/113; C12N 15/82; A01H 5/00; A01H 6/54
CN345741374,https://patentscope.wipo.int/search/en/detail.jsf?docId=CN345741374,202111177080.4,09.10.2021,CN,Function and application of SiLCYB in regulating and controlling anabolism of millet carotenoids such as lycopene,C12N 9/90; C12N 15/61; C12N 15/84; C12N 5/10; A01H 5/10; A01H 6/46
CN403514769,https://patentscope.wipo.int/search/en/detail.jsf?docId=CN403514769,202310414665.6,18.04.2023,CN,Wheat DNA demethylase gene TaROS1 gene editing vector and application thereof,C12N 15/82; C12N 15/66; C12N 9/02; C12N 15/53; A01H 5/10; A01H 6/46
CN405750188,https://patentscope.wipo.int/search/en/detail.jsf?docId=CN405750188,202310504665.5,06.05.2023,CN,"Method for constructing sgRNA combination of new soybean variety, method for cultivating new soybean variety and application of sgRNA combination",C12N 15/113; C12N 15/84; C12N 15/11; C12Q 1/6895; A01H 5/00; A01H 6/54
US398480033,https://patentscope.wipo.int/search/en/detail.jsf?docId=US398480033,17919503,20.04.2021,US,CRISPR SYSTEMS IN PLANTS,C12N 15/82; C12N 9/22
CN280387332,https://patentscope.wipo.int/search/en/detail.jsf?docId=CN280387332,201911017259.6,24.10.2019,CN,Stiff1 gene for regulating maize stalk strength and application of encoded protein of Stiff1 gene,C07K 14/415; C12N 15/29; C12N 15/82; C12N 15/113; C12N 9/22; A01H 5/04; A01H 6/46
WO2023164722,https://patentscope.wipo.int/search/en/detail.jsf?docId=WO2023164722,PCT/US2023/063398,28.02.2023,WO,ENGINEERED CRISPR-CAS EFFECTOR PROTEINS AND METHODS OF USE THEREOF,C12N 9/22; C12N 15/52; C12N 15/62
CN401510636,https://patentscope.wipo.int/search/en/detail.jsf?docId=CN401510636,202310237362.1,13.03.2023,CN,"CasD protein, CRISPR/CasD gene editing system and application of CRISPR/CasD gene editing system in plant gene editing",C12N 9/22; C12N 15/55; C07K 19/00; C12N 15/62; C12N 15/84; C12N 15/29; A01H 5/00; A01H 6/20; A01H 6/46
CN376170672,https://patentscope.wipo.int/search/en/detail.jsf?docId=CN376170672,202210650148.4,10.06.2022,CN,Construction method and application of recessive genic male sterility rice germplasm,C12N 15/82; C12N 15/29; A01H 1/02; A01H 1/04; A01H 5/00; A01H 6/46
CN425348422,https://patentscope.wipo.int/search/en/detail.jsf?docId=CN425348422,202311347930.X,17.10.2023,CN,Method for delaying heading period of rice and improving yield based on editing rice Ehd1 gene promoter region,C12N 15/113; C12N 15/82; A01H 5/00; A01H 6/46
US240619102,https://patentscope.wipo.int/search/en/detail.jsf?docId=US240619102,15575749,18.05.2016,US,Method of inhibiting plant virus pathogen infections by CRISPR/Cas9-mediated interference,C12N 15/82
CN334871680,https://patentscope.wipo.int/search/en/detail.jsf?docId=CN334871680,202110508397.5,10.05.2021,CN,Method for specifically knocking out soybean SOC1 gene by CRISPR/Cas9 and application of method,C12N 15/82; C12N 15/55; C12N 15/29; A01H 5/02; A01H 5/04; A01H 5/00; A01H 6/54; C12Q 1/6895; C12N 15/11
EP442296968,https://patentscope.wipo.int/search/en/detail.jsf?docId=EP442296968,23171650,04.05.2023,EP,HIGHLY ACTIVE CRISPR BASE EDITORS OBTAINED THROUGH CAS-ASSISTED SUBSTRATE-LINKED DIRECTED EVOLUTION (CASLIDE),C12N 9/22; C12N 9/78; C12N 15/10; C12N 15/90
CN346893609,https://patentscope.wipo.int/search/en/detail.jsf?docId=CN346893609,202110885202.9,03.08.2021,CN,CRISPR/Cas13b-mediated cotton RNA transcription regulation method,C12N 15/84; C12N 15/29; A01H 5/00; A01H 6/60
CN431136860,https://patentscope.wipo.int/search/en/detail.jsf?docId=CN431136860,202410468499.2,18.04.2024,CN,Method for improving citrus liberobacter asiaticum resistance by using CsMEKK1-2 gene,C12N 9/12; C12N 15/82; A01H 5/00; A01H 6/78; C12Q 1/6895; C12Q 1/6869; C12N 15/113
WO2021076682,https://patentscope.wipo.int/search/en/detail.jsf?docId=WO2021076682,PCT/US2020/055659,15.10.2020,WO,VARIANTS OF CAS12A NUCLEASES AND METHODS OF MAKING AND USE THEREOF,C12N 9/88; C12N 15/62; C12N 9/10
KR243443517,https://patentscope.wipo.int/search/en/detail.jsf?docId=KR243443517,1020180144185,21.11.2018,KR,COMPOSITION FOR EDITING GENOME USING CRISPR/Cpf1 SYSTEM AND USES THEREOF,C12N 15/79; C12N 15/10; C12N 15/113; C12N 15/90; C12N 9/22
KR375101491,https://patentscope.wipo.int/search/en/detail.jsf?docId=KR375101491,1020220027564,03.03.2022,KR,METHOD FOR SINGLE-BASE GENOME EDITING USING CRISPR/Cas9 SYSTEM AND USES THEREOF,C12N 15/63; C12N 15/10; C12N 15/113; C12N 9/22
KR377463280,https://patentscope.wipo.int/search/en/detail.jsf?docId=KR377463280,1020220049739,21.04.2022,KR,METHOD FOR SINGLE-BASE GENOME EDITING USING CRISPR/CPF1 SYSTEM AND USE THEREOF,C12N 15/10; C12N 15/63; C12N 9/22
CN337668581,https://patentscope.wipo.int/search/en/detail.jsf?docId=CN337668581,202110768471.7,07.07.2021,CN,Protein for regulating and controlling corn bracts and related biological material and application thereof,C07K 14/415; C12N 15/29; C12N 15/113; C12N 15/82; C12N 5/10; A01H 5/12; A01H 6/46
CN394511457,https://patentscope.wipo.int/search/en/detail.jsf?docId=CN394511457,202211053478.1,31.08.2022,CN,Gene PGI1 and PGI2 for regulating and controlling chalkiness of rice as well as encoding protein and application of gene PGI1 and PGI2,C12N 15/61; C12N 9/92; C12N 15/82; A01H 5/10; A01H 6/46
EP373276376,https://patentscope.wipo.int/search/en/detail.jsf?docId=EP373276376,20880833,30.10.2020,EP,TYPE V CRISPR-CAS BASE EDITORS AND METHODS OF USE THEREOF,C12N 9/22; C12N 15/11; C12N 15/113; C12N 15/55; C12N 15/63; C12N 15/82; C12N 15/90
CN295349933,https://patentscope.wipo.int/search/en/detail.jsf?docId=CN295349933,201911380897.4,27.12.2019,CN,CRISPR-mediated system for rapidly detecting function of plant gene,C12N 15/83; A01H 5/10
CN193003211,https://patentscope.wipo.int/search/en/detail.jsf?docId=CN193003211,201610197562.9,31.03.2016,CN,CRISPR/Cas9 technology-based monocotyledon gene knockout vector and application thereof,C12N 15/82
CN238462212,https://patentscope.wipo.int/search/en/detail.jsf?docId=CN238462212,201811452764.9,30.11.2018,CN,Application of LEPTO1 and encoded protein thereof in rice fertility control,C07K 14/415; C12N 15/29; C12N 15/82; C12N 15/113; A01H 5/00; A01H 6/46
US176141970,https://patentscope.wipo.int/search/en/detail.jsf?docId=US176141970,15025690,30.09.2014,US,CONFERRING RESISTANCE TO GEMINIVIRUSES IN PLANTS USING CRISPR/CAS SYSTEMS,C12N 15/82; C12N 15/11; C12N 9/22
KR414658869,https://patentscope.wipo.int/search/en/detail.jsf?docId=KR414658869,1020230059159,08.05.2023,KR,SOPHISTICATED MULTIPLEX GENOME EDITING METHOD USING CRISPR-CAS9 AND USES THEREOF,C12N 15/10; C12N 15/113; C12N 15/63; C12N 9/22
CA361444529,https://patentscope.wipo.int/search/en/detail.jsf?docId=CA361444529,3158897,,CA,TYPE V CRISPR-CAS BASE EDITORS AND METHODS OF USE THEREOF,C12N 9/22; C12N 15/11; C12N 15/113; C12N 15/55; C12N 15/63; C12N 15/90
CN426766716,https://patentscope.wipo.int/search/en/detail.jsf?docId=CN426766716,202311761727.7,20.12.2023,CN,Method for rapidly evaluating plant CRISPR/Cas9 target editing efficiency,C12Q 1/6869; C12Q 1/6895; C12N 15/82; A01H 6/26; A01H 5/00; G16B 20/20
CN326420259,https://patentscope.wipo.int/search/en/detail.jsf?docId=CN326420259,202110155142.5,04.02.2021,CN,HDAC5 gene knockout BHK-21 cell line as well as construction method and application thereof,C12N 15/85; C12N 15/55; C12N 5/10; C12N 7/00; C12Q 1/70; C12Q 1/6851; G01N 33/569; C12R 1/91
CN371148518,https://patentscope.wipo.int/search/en/detail.jsf?docId=CN371148518,202210359548.X,06.04.2022,CN,Application of tobacco ABA receptor protein gene NtPYL6 in regulation and control of tobacco plant height and leaf rutin content,C12N 15/29; C12N 15/82; C12N 15/113; C12N 15/55; C07K 14/415; A01H 5/00; A01H 5/12; A01H 6/82
CN422262973,https://patentscope.wipo.int/search/en/detail.jsf?docId=CN422262973,202311360016.9,20.10.2023,CN,MA-104 cell line with vimentin gene knocked out as well as construction method and application of MA-104 cell line,C12N 5/10; C12N 15/113; C12N 15/12; C12N 15/87; A61K 35/22; A61K 31/7105; A61P 31/20
CN297232635,https://patentscope.wipo.int/search/en/detail.jsf?docId=CN297232635,201811229714.4,22.10.2018,CN,"Root length regulation and control gene LOGL5, corresponding construct, and application of gene",C12N 15/29; C12N 15/82; A01H 5/06; A01H 6/46; C12Q 1/6895
CN289610797,https://patentscope.wipo.int/search/en/detail.jsf?docId=CN289610797,201911058387.5,01.11.2019,CN,Method and technical system for increasing content of resistant starch in triticum aestivum by genome editing,C12N 15/82; C12N 15/29; A01H 5/00; A01H 5/10; A01H 6/46
CN416013989,https://patentscope.wipo.int/search/en/detail.jsf?docId=CN416013989,202310898502.X,21.07.2023,CN,Nanoparticle-mediated rice genome oriented editing technology,C12N 15/82; C12N 15/113; C12N 9/22
CN232511154,https://patentscope.wipo.int/search/en/detail.jsf?docId=CN232511154,201810495827.2,22.05.2018,CN,Method for improving rice salt resistance,C12N 15/82; A01H 5/00; A01H 6/46
CN276929866,https://patentscope.wipo.int/search/en/detail.jsf?docId=CN276929866,201910659379.X,22.07.2019,CN,Method and kit for promoting flowering time of rice and mutation genotypes,C12N 15/113; C12N 15/82; A01H 5/02; A01H 6/46
CN344455101,https://patentscope.wipo.int/search/en/detail.jsf?docId=CN344455101,202110996362.0,27.08.2021,CN,"Novel Cas9 protein, CRISPR-Cas9 genome directed editing vector and genome editing method",C12N 9/22; C12N 15/55; C12N 15/84; A01H 5/00; A01H 6/46
CN243509537,https://patentscope.wipo.int/search/en/detail.jsf?docId=CN243509537,201910159312.X,04.03.2019,CN,Application of CRISPR/Cas12a gene editing system in physcomitrella patens gene editing,C12N 15/90; C12N 15/82; A01H 5/00
CN374856635,https://patentscope.wipo.int/search/en/detail.jsf?docId=CN374856635,202210631019.0,06.06.2022,CN,"BnaFANCM gene, application and method for obtaining rape male sterility mutant",C12N 15/29; C12N 1/21; C07K 14/415; C12N 15/84; A01H 5/00; A01H 6/20; C12R 1/01
KR320320753,https://patentscope.wipo.int/search/en/detail.jsf?docId=KR320320753,1020190175479,26.12.2019,KR,PLANT CELL WITH MANIPULATED PUTRESCINE N-METHYLTRANSFERASE GENE AND USING METHOD THEREOF,A24B 15/18; C12N 15/82; C12N 9/10
CN370167585,https://patentscope.wipo.int/search/en/detail.jsf?docId=CN370167585,202011535209.X,23.12.2020,CN,Method for cultivating drought-resistant corn by editing carbonic anhydrase gene and application thereof,C12N 15/84; C12N 9/88; C12N 15/60; A01H 5/00; A01H 5/12; A01H 6/46
CN406241633,https://patentscope.wipo.int/search/en/detail.jsf?docId=CN406241633,202310549093.2,16.05.2023,CN,Tobacco potassium ion channel gene NtKAT3 and application thereof,C12N 15/29; C07K 14/415; C12N 15/82; A01H 5/00; A01H 6/82
WO2022055144,https://patentscope.wipo.int/search/en/detail.jsf?docId=WO2022055144,PCT/KR2021/011059,19.08.2021,WO,"TRANSGENIC PLANT HAVING REDUCED HEAVY METAL CONTENT, AND METHOD FOR PRODUCING SAME",A01H 1/06; A01H 6/82; C12N 9/10; C12N 15/82; C12N 9/22; C12N 15/10
IN283300908,https://patentscope.wipo.int/search/en/detail.jsf?docId=IN283300908,201917043473,25.10.2019,IN,METHODS AND COMPOSITIONS OF ANTI-CRISPR PROTEINS FOR USE IN PLANTS,C07K 14/005
CN314067486,https://patentscope.wipo.int/search/en/detail.jsf?docId=CN314067486,201911304475.9,17.12.2019,CN,Method for creating marked male sterile line of cotton,C12N 15/82; A01H 5/00; A01H 6/60; A01H 1/02
CN370574256,https://patentscope.wipo.int/search/en/detail.jsf?docId=CN370574256,202210226450.7,16.05.2022,CN,Application and method of tobacco osmomodulin related gene,C12N 15/29; C07K 14/415; C12N 15/84; A01H 5/00; A01H 6/82
KR329301569,https://patentscope.wipo.int/search/en/detail.jsf?docId=KR329301569,1020200113810,07.09.2020,KR,METHOD FOR PREPARING LOSS-OF-FUNCTION MUTANT IN F1 HYBRID USING CRISPR/Cas SYSTEM,A01H 1/02; A01H 5/10; C12N 15/113; C12N 15/82; C12N 9/22
CN238918594,https://patentscope.wipo.int/search/en/detail.jsf?docId=CN238918594,201811406321.6,23.11.2018,CN,Application of rice OsARF6 gene to regulation of rice seed grain shapes,C12N 15/29; C12N 15/82; A01H 5/10; A01H 6/46
CN419379188,https://patentscope.wipo.int/search/en/detail.jsf?docId=CN419379188,202311616318.8,30.11.2023,CN,Nucleic acid detection method for detecting soybean plant MON87705,C12Q 1/6895; C12Q 1/6844; C12N 15/11
CN241609249,https://patentscope.wipo.int/search/en/detail.jsf?docId=CN241609249,201780048145.0,30.05.2017,CN,HYBRID NUCLEIC ACID SEQUENCES FOR GENOME ENGINEERING,C12N 15/113; C12N 15/82
EP240628412,https://patentscope.wipo.int/search/en/detail.jsf?docId=EP240628412,17728794,30.05.2017,EP,HYBRID NUCLEIC ACID SEQUENCES FOR GENOME ENGINEERING,C12N 15/113; C12N 15/82
WO2017207589,https://patentscope.wipo.int/search/en/detail.jsf?docId=WO2017207589,PCT/EP2017/063067,30.05.2017,WO,HYBRID NUCLEIC ACID SEQUENCES FOR GENOME ENGINEERING,C12N 15/113; C12N 15/82
CA234724450,https://patentscope.wipo.int/search/en/detail.jsf?docId=CA234724450,3025828,,CA,HYBRID NUCLEIC ACID SEQUENCES FOR GENOME ENGINEERING,C12N 15/113; C12N 15/82
CN219499720,https://patentscope.wipo.int/search/en/detail.jsf?docId=CN219499720,201711153388.9,20.11.2017,CN,Rice seed dormancy regulation gene OsMPK14 and application thereof,C07K 14/415; C12N 15/29; C12N 15/82; A01H 5/10; A01H 6/46
CN350443372,https://patentscope.wipo.int/search/en/detail.jsf?docId=CN350443372,202010726929.8,26.07.2020,CN,Method for creating male sterility and maintenance dual-purpose line of cotton through GhAOC4 gene knockout,C12N 15/82; C12N 15/61; A01H 5/00; A01H 6/60; A01H 1/02
CN354927619,https://patentscope.wipo.int/search/en/detail.jsf?docId=CN354927619,202111203405.1,15.10.2021,CN,MLO gene mutant as well as preparation method and application thereof,C12N 15/29; C12N 15/84; C12N 15/55; C12N 5/10; A01H 5/00; A01H 5/10; A01H 6/20
WO2021201653,https://patentscope.wipo.int/search/en/detail.jsf?docId=WO2021201653,PCT/KR2021/004155,02.04.2021,WO,GENOME EDITING METHOD BASED ON CRISPR/CAS9 SYSTEM AND USE THEREOF,C12N 15/63; C12N 15/10; C12N 9/22; C12N 15/113
CN290161094,https://patentscope.wipo.int/search/en/detail.jsf?docId=CN290161094,201911079333.7,07.11.2019,CN,Gene editing method for converting rice pericarp color based on CRISPR/Cas9 and application thereof,C12N 15/113; C12N 15/82; A01H 5/10; A01H 4/00; A01H 6/46
CN336727881,https://patentscope.wipo.int/search/en/detail.jsf?docId=CN336727881,202110770783.1,07.07.2021,CN,Plant double-target CRISPR/Cas9 vector as well as construction method and application thereof,C12N 15/82; C12N 15/113; C12N 9/22; C12N 15/55; C12N 15/66
CN317680403,https://patentscope.wipo.int/search/en/detail.jsf?docId=CN317680403,202011140708.9,22.10.2020,CN,Method for site-specific mutagenesis of taraxacum kok-saghyz or dandelion genes by using CRISPR/Cas9 system,C12N 15/82; C12N 15/29; A01H 5/00; A01H 5/10; A01H 6/14
CN240358365,https://patentscope.wipo.int/search/en/detail.jsf?docId=CN240358365,201811493466.4,07.12.2018,CN,Method for enhancing RNA (Ribonucleic Acid) virus infection defending performance of monocotyledon plants,C12N 15/82; A01H 5/00; A01H 6/46
WO2024191228,https://patentscope.wipo.int/search/en/detail.jsf?docId=WO2024191228,PCT/KR2024/003313,15.03.2024,WO,"TRANSGENIC PLANT PRODUCING GLYCOPROTEINS HAVING PLANT-SPECIFIC N-GLYCANS REMOVED THEREFROM, AND METHOD FOR PRODUCING SAME",C12N 15/82; C12N 15/113; C12N 9/22; A01H 6/82
CN325821131,https://patentscope.wipo.int/search/en/detail.jsf?docId=CN325821131,202110208742.3,24.02.2021,CN,Application of rice OsRPS6A gene or OsRPS6B gene in improving drought resistance of rice,C12N 15/82; C12N 15/29; C12N 15/55; A01H 5/00; A01H 5/10; A01H 6/46
WO2019219046,https://patentscope.wipo.int/search/en/detail.jsf?docId=WO2019219046,PCT/CN2019/087139,16.05.2019,WO,"METHOD FOR RAPIDLY AND EFFICIENTLY OBTAINING NON-TRANSGENIC, GENE-TARGETED MUTATED PLANT AND USE THEREOF",C12N 15/82; C12N 9/22; A01H 5/00; A01H 6/46
CN328292130,https://patentscope.wipo.int/search/en/detail.jsf?docId=CN328292130,202110202177.X,23.02.2021,CN,CRISPR/Cas9 system for targeted knockout of GLK gene and application of CRISPR/Cas9 system,C12N 15/113; C12N 15/87; A01H 5/00; A01H 6/00
CN277624484,https://patentscope.wipo.int/search/en/detail.jsf?docId=CN277624484,201910842931.9,06.09.2019,CN,Gene BnC04BIN2-like1 for adjusting and controlling signal transduction of brassinolide and application of gene BnC04BIN2-like1,C12N 15/29; C07K 14/415; C12N 15/82; A01H 5/12; A01H 6/20
CN279776285,https://patentscope.wipo.int/search/en/detail.jsf?docId=CN279776285,201910886881.4,19.09.2019,CN,"Homologous recombinant vector for expressing eGFP, recombinant cell and preparation method and application thereof",C12N 15/85; C12N 15/66; C12N 5/10; C12N 15/90; C12N 9/22
CN283211700,https://patentscope.wipo.int/search/en/detail.jsf?docId=CN283211700,201910936056.0,29.09.2019,CN,Creation method of short style tomato,C12N 15/82; C12N 15/56; C12N 9/24; A01H 5/02; A01H 6/82
CN312695557,https://patentscope.wipo.int/search/en/detail.jsf?docId=CN312695557,202010812846.0,13.08.2020,CN,Method for improving rice blast resistance of rice,C12N 15/29; C12N 15/82; A01H 5/00; A01H 6/46
CN426772813,https://patentscope.wipo.int/search/en/detail.jsf?docId=CN426772813,202311798322.0,25.12.2023,CN,Method for producing GHR-KO mini-pigs by introducing specific mRNA in fertilized egg stage,C12N 15/85; C12N 15/113; C12N 9/22; A01K 67/0276
CN374082028,https://patentscope.wipo.int/search/en/detail.jsf?docId=CN374082028,202210748558.2,29.06.2022,CN,Gene PlMYB1R and application thereof in preventing and treating peronophythora litchii,C07K 14/37; C12N 15/31; C12N 15/113; C12N 15/80; C12N 1/15; C12R 1/645
CN393817225,https://patentscope.wipo.int/search/en/detail.jsf?docId=CN393817225,202111037190.0,06.09.2021,CN,Method for creating novel two-line rice sterile line based on gene editing technology,C12N 15/84; C12N 15/55; C12N 15/57; A01H 5/02; A01H 6/46; A01H 1/02
KR412483154,https://patentscope.wipo.int/search/en/detail.jsf?docId=KR412483154,1020220048664,20.04.2022,KR,RECOMBINANT VECTOR FOR TESTING ACTIVITY OF GUIDE RNA FOR CRISPR-BASED BASE EDITING AND USES THEREOF,C12N 9/78; C12N 15/10; C12N 15/113; C12N 15/70; C12N 9/22
EP222932993,https://patentscope.wipo.int/search/en/detail.jsf?docId=EP222932993,17206792,23.10.2013,EP,"COMPOSITION FOR CLEAVING A TARGET DNA COMPRISING A GUIDE RNA SPECIFIC FOR THE TARGET DNA AND CAS PROTEIN-ENCODING NUCLEIC ACID OR CAS PROTEIN, AND USE THEREOF",C12N 9/22; C12N 15/10; C12N 15/11; C12N 15/63; C12N 15/82
CN364594804,https://patentscope.wipo.int/search/en/detail.jsf?docId=CN364594804,202210160515.2,22.02.2022,CN,Application and method of tobacco amino acid transporter related gene NtLHT1,C12N 15/29; C12N 15/82; A01H 5/00; A01H 6/82
CN431084345,https://patentscope.wipo.int/search/en/detail.jsf?docId=CN431084345,202410532554.X,30.04.2024,CN,Evaluation method for gRNA target gene editing efficiency,C12N 15/82; C12N 15/113; A01H 6/54
CN214219229,https://patentscope.wipo.int/search/en/detail.jsf?docId=CN214219229,201710698186.6,15.08.2017,CN,Establishment method of CRISPR/Cas9 technology-mediated miR167 precursor sequence editing system,C12N 15/82; C12N 15/65; C12N 15/113
NZ393027614,https://patentscope.wipo.int/search/en/detail.jsf?docId=NZ393027614,797276,15.02.2023,NZ,ENGINEERED CRISPR-CAS PROTEINS AND METHODS OF USE THEREOF,C07K 14/315; C12N 9/22; C07K 14/195; C12N 15/10
AU393409162,https://patentscope.wipo.int/search/en/detail.jsf?docId=AU393409162,2021331344,27.08.2021,AU,Engineered crispr-cas proteins and methods of use thereof,C07K 14/315; C07K 14/195; C12N 9/22; C12N 15/10
MX422874822,https://patentscope.wipo.int/search/en/detail.jsf?docId=MX422874822,2023002160,21.02.2023,MX,ENGINEERED CRISPR-CAS PROTEINS AND METHODS OF USE THEREOF.,C07K 14/315
US198634555,https://patentscope.wipo.int/search/en/detail.jsf?docId=US198634555,15120110,27.02.2015,US,Compositions and methods for site directed genomic modification,C12N 15/81; C12N 15/82
CN205965235,https://patentscope.wipo.int/search/en/detail.jsf?docId=CN205965235,201580016648.0,27.02.2015,CN,Compositions and methods for site directed genomic modification,C12N 5/00; C12N 15/00; C12N 15/82; C12N 5/02; C12P 19/34; C07H 21/02
US359921904,https://patentscope.wipo.int/search/en/detail.jsf?docId=US359921904,17503235,15.10.2021,US,Compositions and methods for site directed genomic modification,C12N 15/82
CA394495338,https://patentscope.wipo.int/search/en/detail.jsf?docId=CA394495338,3194412,,CA,COMPOSITIONS AND METHODS FOR SITE DIRECTED GENOMIC MODIFICATION,C12N 5/10; C12N 15/00; C12N 15/10; C12N 15/113; C12N 15/63; C12N 15/82
US400932313,https://patentscope.wipo.int/search/en/detail.jsf?docId=US400932313,18146434,26.12.2022,US,Compositions and methods for site directed genomic modification,C12N 15/82
US432027940,https://patentscope.wipo.int/search/en/detail.jsf?docId=US432027940,18596328,05.03.2024,US,COMPOSITIONS AND METHODS FOR SITE DIRECTED GENOMIC MODIFICATION,C12N 15/82
EP355381128,https://patentscope.wipo.int/search/en/detail.jsf?docId=EP355381128,21189033,27.02.2015,EP,COMPOSITIONS AND METHODS FOR SITE DIRECTED GENOMIC MODIFICATION,C12N 5/00; C07H 21/02; C12N 5/02; C12N 15/00; C12N 15/82; C12P 19/34
CN439687199,https://patentscope.wipo.int/search/en/detail.jsf?docId=CN439687199,202410971243.3,19.07.2024,CN,Rice PD1 gene and application thereof in improving abiotic stress resistance of plants,C12N 9/88; C12N 15/60; C12N 15/84; A01H 5/10; A01H 5/00; A01H 6/46
CN392029549,https://patentscope.wipo.int/search/en/detail.jsf?docId=CN392029549,202110808845.3,16.07.2021,CN,Rice OsRGE3 gene as well as encoding protein and application thereof,C12N 9/00; C12N 15/52; C12N 15/11; C12N 15/84; C12N 15/55; A01H 5/06; A01H 5/10; A01H 5/00; A01H 6/46
CN418381583,https://patentscope.wipo.int/search/en/detail.jsf?docId=CN418381583,202311128408.2,04.09.2023,CN,Application of E3 ubiquitin ligase gene GmPUB20 capable of regulating soybean mosaic virus resistance,C12N 15/82; C12N 15/54; A01H 6/54; A01H 5/00
CN367894264,https://patentscope.wipo.int/search/en/detail.jsf?docId=CN367894264,202011493037.4,17.12.2020,CN,Application of ZmWRKY70 protein and coding gene thereof in plant drought resistance,C12N 15/29; C07K 14/415; C12N 15/82; C12N 15/84; A01H 5/00; A01H 6/46
CN429515739,https://patentscope.wipo.int/search/en/detail.jsf?docId=CN429515739,202410265784.4,08.03.2024,CN,"Detection target, detection method and application of pine ulcer pathogenic bacteria",C12Q 1/6895; C12Q 1/6844; C12N 15/11; C12R 1/77
CN357086318,https://patentscope.wipo.int/search/en/detail.jsf?docId=CN357086318,202111446874.6,30.11.2021,CN,Detection kit and detection method for nervous necrosis virus RGNNV of epinephelus akaara,C12Q 1/70; C12Q 1/6818; C12Q 1/6806; C12N 15/11; C12R 1/93
CN350463911,https://patentscope.wipo.int/search/en/detail.jsf?docId=CN350463911,202111391727.3,19.11.2021,CN,NtLHY1 gene capable of regulating and controlling potassium content of tobacco leaves and application of NtLHY1 gene,C12N 15/29; C07K 14/415; C12N 15/82; A01H 5/00; A01H 6/82
CN393824497,https://patentscope.wipo.int/search/en/detail.jsf?docId=CN393824497,202211498755.X,28.11.2022,CN,Application of tobacco NtabCrRLK12 gene in removing continuous cropping obstacle of tobacco,C12N 15/82; C12N 15/54; C12N 9/12; A01H 5/00; A01H 6/82
EP241455983,https://patentscope.wipo.int/search/en/detail.jsf?docId=EP241455983,17739336,20.06.2017,EP,METHOD FOR TARGETED DNA ALTERATION IN PLANT CELLS,C12N 15/82; A01H 4/00; C12N 5/14; C12N 9/22
WO2017222370,https://patentscope.wipo.int/search/en/detail.jsf?docId=WO2017222370,PCT/NL2017/050408,20.06.2017,WO,METHOD FOR TARGETED DNA ALTERATION IN PLANT CELLS,C12N 15/82; C12N 9/22; A01H 4/00; C12N 5/14
CA235450285,https://patentscope.wipo.int/search/en/detail.jsf?docId=CA235450285,3027869,20.06.2017,CA,METHOD FOR TARGETED DNA ALTERATION IN PLANT CELLS,A01H 4/00; C12N 5/14; C12N 9/22; C12N 15/82
CN429533669,https://patentscope.wipo.int/search/en/detail.jsf?docId=CN429533669,202410264537.2,08.03.2024,CN,CRISPR/Cas9 gene editing vector for increasing soybean yield as well as preparation method and application of CRISPR/Cas9 gene editing vector,C12N 15/82; C12N 15/113; C12N 9/22; C12N 15/29; A01H 5/00; A01H 6/54
CN405765800,https://patentscope.wipo.int/search/en/detail.jsf?docId=CN405765800,202310514396.0,03.03.2022,CN,"CasF2 protein, CRISPR/Cas gene editing system and application of CRISPR/Cas gene editing system in plant gene editing",C12N 9/22; C12N 15/113; C12N 15/82; C12N 15/84; C12N 15/29; C12N 15/53; A01H 5/00; A01H 6/20; A01H 6/82
KR414660234,https://patentscope.wipo.int/search/en/detail.jsf?docId=KR414660234,1020230055740,27.04.2023,KR,METHOD FOR EDITING SINGLE NUCLEOTIDE GENOME AND USES THEREOF USING CRISPR-CAS12F1 SYSTEM,C12N 15/113; C12N 15/10; C12N 15/63; C12N 9/22
KR339293335,https://patentscope.wipo.int/search/en/detail.jsf?docId=KR339293335,1020210043583,02.04.2021,KR,METHOD FOR EDITING GENOME BASED ON CRISPR/Cas9 SYSTEM AND USE THEREOF,C12N 15/63; C12N 15/10; C12N 15/113; C12N 9/22
CN202665762,https://patentscope.wipo.int/search/en/detail.jsf?docId=CN202665762,102016001043674,24.11.2016,CN,GRA17 gene deleted toxoplasma gondii attenuative mutant strain and preparation method thereof,C12N 1/11; C12N 15/79; C12N 15/87
CN290166889,https://patentscope.wipo.int/search/en/detail.jsf?docId=CN290166889,201911181697.6,27.11.2019,CN,Application of polyphenol oxidase gene NtPPO2a and/or NtPPO2b from tobacco in drought-resistant tobacco variety breeding,C12Q 1/6895; C12N 15/82; A01H 5/00; A01H 6/82
CN318123667,https://patentscope.wipo.int/search/en/detail.jsf?docId=CN318123667,201910720572.X,06.08.2019,CN,Construction method and application of sting knockout porcine cells,C12N 15/867; C12N 15/90; C12N 9/22; C12N 15/66; C12N 5/10; C12Q 1/02
CN426833847,https://patentscope.wipo.int/search/en/detail.jsf?docId=CN426833847,202311794062.X,25.12.2023,CN,Application of STG5 gene in regulating and controlling salt tolerance of rice,C12N 15/29; C07K 14/415; C12N 15/82; A01H 5/00; A01H 6/46
CN339135117,https://patentscope.wipo.int/search/en/detail.jsf?docId=CN339135117,202110717347.8,28.06.2021,CN,Gene editing method mediated by delivering splited-Sacas9 and sgRNA by using BSMV,C12N 15/82; C12N 15/11
CN405914135,https://patentscope.wipo.int/search/en/detail.jsf?docId=CN405914135,202310492142.3,05.05.2023,CN,Plant gene repair and insertion vector based on combination of CRISPR/Cas9 and BeYDV and construction method,C12N 15/84; C12N 15/55; C12N 15/113; C12N 15/66
CN360732605,https://patentscope.wipo.int/search/en/detail.jsf?docId=CN360732605,202210160576.9,22.02.2022,CN,Tobacco transport protein related gene NtImpalpha 4 and application thereof,C12N 15/29; C07K 14/415; C12N 15/84; A01H 5/00; A01H 5/10; A01H 6/82
CN323191613,https://patentscope.wipo.int/search/en/detail.jsf?docId=CN323191613,202110272905.4,12.03.2021,CN,Male sterility gene ZmPHD11 and application thereof in creating corn male sterility line,C12N 15/29; C12N 15/113; C12N 15/11; C12Q 1/6895; C07K 14/415; A01H 1/02; A01H 1/04
CN393746044,https://patentscope.wipo.int/search/en/detail.jsf?docId=CN393746044,202211375093.7,04.11.2022,CN,Application of POP gene or protein as target spot in screening drugs for inhibiting virus replication of small RNA viridae,C12Q 1/6883; C12Q 1/37; C12N 15/113; A61K 45/00; A61K 31/713; A61K 48/00; A61K 38/46; A61P 31/14; C12N 15/867; C12N 5/10; C12N 7/00; C12R 1/93
CN401630741,https://patentscope.wipo.int/search/en/detail.jsf?docId=CN401630741,202310323610.4,29.03.2023,CN,BHK-21 cell line for promoting virus replication of small RNA viridae as well as construction method and application of BHK-21 cell line,C12N 15/113; C12N 15/85; C12N 5/10; C07K 14/47; C12N 7/00; A61K 39/135; A61P 31/14; C12R 1/93; C12R 1/91
CN396205490,https://patentscope.wipo.int/search/en/detail.jsf?docId=CN396205490,202310019982.8,06.01.2023,CN,Construction of Tollip knockout cell line and application of Tollip knockout cell line as small RNA viridae virus vaccine production cell line,C12N 15/85; C12N 7/00; A61K 39/135; A61P 31/14; C12N 15/113; C12N 5/10; C12N 15/12; C12R 1/93; C12R 1/91
CN234311199,https://patentscope.wipo.int/search/en/detail.jsf?docId=CN234311199,201810595722.4,11.06.2018,CN,Method for obtaining carrot mutant,C12N 15/82; A01H 5/00; A01H 6/06
CN357962544,https://patentscope.wipo.int/search/en/detail.jsf?docId=CN357962544,202111586529.2,21.12.2021,CN,Kit and method for producing FecB gene g.A746G site-directed mutagenesis sheep,C12N 15/12; C12N 15/10; C12N 15/63; C12N 15/66; C12N 15/89; C12N 15/113; C12N 5/10; C12Q 1/6888; C12N 15/11
JP380674096,https://patentscope.wipo.int/search/en/detail.jsf?docId=JP380674096,2021085011,20.05.2021,JP,METHOD FOR SYNTHESIZING LOW-MOLECULAR-WEIGHT COMPOUND BRD0539,C07B 61/00; A61P 43/00; C07D 471/04; A61K 31/4745
CN339483340,https://patentscope.wipo.int/search/en/detail.jsf?docId=CN339483340,202110884895.X,03.08.2021,CN,Alfalfa CRISPR/Cas9 genome editing system and application thereof,C12N 15/82; C12N 15/113; C12N 15/84; C12N 15/55; C12N 15/29; A01H 5/04; A01H 5/02; A01H 6/54
CN276928135,https://patentscope.wipo.int/search/en/detail.jsf?docId=CN276928135,201910589002.1,02.07.2019,CN,Method for fixing heterosis of rice in adventitious embryo manner,C12N 15/66; C12N 15/82; A01H 5/00; A01H 6/46; A01G 22/22
CN361389104,https://patentscope.wipo.int/search/en/detail.jsf?docId=CN361389104,202210204370.1,03.03.2022,CN,"CasF2 protein, CRISPR/Cas gene editing system and application of CRISPR/Cas gene editing system in plant gene editing",C12N 9/22; C12N 15/113; C12N 15/82; C12N 15/84; C12N 15/29; C12N 15/53; A01H 5/00; A01H 6/20; A01H 6/82
CN425949433,https://patentscope.wipo.int/search/en/detail.jsf?docId=CN425949433,202311665535.6,06.12.2023,CN,Application of BnaSPL4 gene in cultivation of early flowering high-yield transgenic plant,C12N 15/82; C12N 15/113; C12N 15/29; A01H 5/00; A01H 5/02; A01H 6/20
CN232275078,https://patentscope.wipo.int/search/en/detail.jsf?docId=CN232275078,201810479981.0,18.05.2018,CN,Method of breeding mung bean sterile mutant based on CRISPR/Cas9 gene editing technology and special gRNA,C12N 15/82; C12N 15/113; A01H 5/02; A01H 6/54
CN432987246,https://patentscope.wipo.int/search/en/detail.jsf?docId=CN432987246,202410373333.2,29.03.2024,CN,Method for creating tobacco strain with multiple leaves and high biomass,C07K 14/415; C12N 15/29; C12N 15/84; A01H 5/10; A01H 5/12; A01H 6/82
CN323175815,https://patentscope.wipo.int/search/en/detail.jsf?docId=CN323175815,201910989830.4,17.10.2019,CN,Application of ZmSPL gene to regulation and control of development of stigma papillary cells of zea mays,C12N 15/82; C12N 15/29; A01H 5/02; A01H 6/46
CN395771590,https://patentscope.wipo.int/search/en/detail.jsf?docId=CN395771590,202211695138.9,28.12.2022,CN,Method for improving soybean pod explosion by gene editing,C12N 15/84; C12N 15/113; C12N 15/55; A01H 5/00; A01H 6/54
CN203441064,https://patentscope.wipo.int/search/en/detail.jsf?docId=CN203441064,201710269809.8,24.04.2017,CN,sgRNA for promoting development of cotton lateral root and application thereof,C12N 15/113; C12N 15/82; C12N 9/22; A01H 5/00; A01H 6/60
CN205204909,https://patentscope.wipo.int/search/en/detail.jsf?docId=CN205204909,201580064960.7,07.12.2015,CN,Site-directed CRISPR/recombinase compositions and methods of integrating transgenes,C12N 9/22; C12N 15/113
CN207703136,https://patentscope.wipo.int/search/en/detail.jsf?docId=CN207703136,201710599347.6,21.07.2017,CN,Artificial site-directed mutant of paddy rice starch branching enzyme SBE3 gene and applications thereof,C12N 15/54; C12N 15/82; C12N 5/10; A01H 5/00; C12N 9/22; A01H 6/46
US377255349,https://patentscope.wipo.int/search/en/detail.jsf?docId=US377255349,17727142,22.04.2022,US,METHOD FOR SINGLE-BASE GENOME EDITING USING CRISPR/CPF1 SYSTEM AND USES THEREOF,C12N 15/90; C12N 15/11
WO2016090385,https://patentscope.wipo.int/search/en/detail.jsf?docId=WO2016090385,PCT/US2015/064352,07.12.2015,WO,SITE-DIRECTED CRISPR/RECOMBINASE COMPOSITIONS AND METHODS OF INTEGRATING TRANSGENES,C12N 9/22; C12N 15/113; C12N 15/52; C12N 15/85
RU427855247,https://patentscope.wipo.int/search/en/detail.jsf?docId=RU427855247,2023131563,01.12.2023,RU,METHOD FOR DETECTING GBSSI GENE EDITING EVENTS IN CEREALS USING SET OF OLIGONUCLEOTIDE SEQUENCES,C12Q 1/686; C12Q 1/6806; C12N 15/82; C12Q 1/6876
CN399746383,https://patentscope.wipo.int/search/en/detail.jsf?docId=CN399746383,202310004217.9,03.01.2023,CN,Method for obtaining tobacco with changed leaf shape and low nicotine content by knocking out tobacco NtLNP1 gene and application,C07K 14/415; C12N 15/29; C12N 15/84; A01H 6/82; A01H 5/12
CN368035421,https://patentscope.wipo.int/search/en/detail.jsf?docId=CN368035421,202011535205.1,23.12.2020,CN,Application of ZmAE1 protein and coding gene thereof in plant drought resistance,C07K 14/415; C12N 15/29; C12N 15/84; C12N 5/10; C12N 15/113; A01H 5/00; A01H 6/46
CN366182430,https://patentscope.wipo.int/search/en/detail.jsf?docId=CN366182430,202210208222.7,04.03.2022,CN,Vector of plant single-gene or multi-gene CRISPR activation technology as well as construction method and application,C12N 15/83; C12N 15/66; A01H 6/82; A01H 5/00
CN410045849,https://patentscope.wipo.int/search/en/detail.jsf?docId=CN410045849,202311019880.2,14.08.2023,CN,Application of tobacco beta-glucosidase gene NtBGLU17 in regulation and control of tobacco leaf secondary metabolite content,C12N 15/84; C12N 9/42; C12N 15/113; C12N 15/56; C12N 15/55; A01H 5/12; A01H 6/82
CN323191612,https://patentscope.wipo.int/search/en/detail.jsf?docId=CN323191612,202110272890.1,12.03.2021,CN,Male sterility gene ZmTGA9 and application thereof in creating corn male sterility line,C12N 15/29; C12N 15/113; C12N 15/11; C12Q 1/6895; C07K 14/415; A01H 1/02; A01H 1/04
CN350463923,https://patentscope.wipo.int/search/en/detail.jsf?docId=CN350463923,202111392074.0,19.11.2021,CN,NtYpi1 gene capable of regulating and controlling potassium content of tobacco leaves and application of NtYpi1 gene,C12N 15/55; C12N 9/16; C12N 15/82; C12N 15/66; C12Q 1/6895; C12N 15/11; A01H 5/00; A01H 6/82
CN325374665,https://patentscope.wipo.int/search/en/detail.jsf?docId=CN325374665,202110272184.7,12.03.2021,CN,Method for creating corn bhlh51 male sterile line by using artificial mutation,C12N 15/84; C12N 15/29; C12N 15/55; A01H 5/02; A01H 6/46; A01H 1/02; C12Q 1/6895; C12N 15/11
CN327292359,https://patentscope.wipo.int/search/en/detail.jsf?docId=CN327292359,202110464871.9,28.04.2021,CN,Male sterile gene ZmTKPR1 and application thereof in creating male sterile line of corn,C12N 9/04; C12N 15/53; C12N 15/84; C12N 15/55; A01H 5/02; A01H 6/46; A01H 1/02; C12Q 1/6895; C12N 15/11
CN312382606,https://patentscope.wipo.int/search/en/detail.jsf?docId=CN312382606,202010749127.9,30.07.2020,CN,Application of gene AN in regulation and control of flowering amount of tomato and method,C12N 15/29; C12N 15/82; A01H 5/02; A01H 6/82
CN336237834,https://patentscope.wipo.int/search/en/detail.jsf?docId=CN336237834,202110397674.X,14.04.2021,CN,Method for creating rehmannia heterozygous mutant and application of rehmannia heterozygous mutant,C12N 15/53; C12N 15/84; A01H 5/00; A01H 6/00
CN322606103,https://patentscope.wipo.int/search/en/detail.jsf?docId=CN322606103,202011530075.2,22.12.2020,CN,Application of OsELF4 gene to controlling heading stage of rice,C12N 15/84; A01H 5/00; A01H 6/46
CN338515641,https://patentscope.wipo.int/search/en/detail.jsf?docId=CN338515641,202110761133.0,06.07.2021,CN,Application of PRKRA gene as target spot in inhibition of peste des petits ruminants virus replication,C12Q 1/6851; C12N 15/113; C12N 15/55; C12N 5/10; A61K 48/00; A61K 31/713; A61P 31/14; C12R 1/91
CN328304460,https://patentscope.wipo.int/search/en/detail.jsf?docId=CN328304460,202110272020.4,12.03.2021,CN,Male sterility gene ZmbHLH122 and application thereof in creation of male sterility line of corn,C07K 14/415; C12N 15/29; C12N 15/82; C12N 15/84; A01H 5/02; A01H 6/46; A01H 1/02; C12Q 1/6895; C12N 15/11
CN394168312,https://patentscope.wipo.int/search/en/detail.jsf?docId=CN394168312,202211530967.1,01.12.2022,CN,Method for screening PxPolycalin homozygous mutant strain based on crude extraction of plutella xylostella adult genome DNA,C12Q 1/6869; C12N 15/89; A01K 67/033
CN421129553,https://patentscope.wipo.int/search/en/detail.jsf?docId=CN421129553,202311352822.1,19.10.2023,CN,Application of ATG16L1 or WD40 structural domain knockout cell line thereof as small RNA viridae virus production cell line,C12N 5/10; C12N 15/12; C12N 7/00; C12N 15/113
SG361459055,https://patentscope.wipo.int/search/en/detail.jsf?docId=SG361459055,11202204012U,30.10.2020,SG,TYPE V CRISPR-CAS BASE EDITORS AND METHODS OF USE THEREOF,C12N 9/22; C12N 15/11; C12N 15/113; C12N 15/55; C12N 15/63; C12N 15/90
AU358633669,https://patentscope.wipo.int/search/en/detail.jsf?docId=AU358633669,2020372931,30.10.2020,AU,Type V CRISPR-Cas base editors and methods of use thereof,C12N 9/22; C12N 15/11; C12N 15/113; C12N 15/55; C12N 15/63; C12N 15/90
CL393376375,https://patentscope.wipo.int/search/en/detail.jsf?docId=CL393376375,2022001145,03.05.2022,CL,COMPOSICIONES Y MÉTODOS PARA EL REEMPLAZO DE ALELOS DE ADN CODIFICADO POR ARN,C12N 15/11; A61K 38/46; C12N 15/113; C12N 15/63; C12N 15/90; C12N 9/22
BR373260476,https://patentscope.wipo.int/search/en/detail.jsf?docId=BR373260476,US2020059045,05.11.2020,BR,COMPOSIÇÕES E MÉTODOS PARA SUBSTITUIÇÃO DO DNA CODIFICADO PELO RNA DOS ALELOS,A61K 38/46; C12N 9/22; C12N 15/11; C12N 15/113; C12N 15/63; C12N 15/90
NZ358654212,https://patentscope.wipo.int/search/en/detail.jsf?docId=NZ358654212,787352,19.04.2022,NZ,TYPE V CRISPR-CAS BASE EDITORS AND METHODS OF USE THEREOF,C12N 9/22; C12N 15/11; C12N 15/113; C12N 15/55; C12N 15/63; C12N 15/90
CN357077334,https://patentscope.wipo.int/search/en/detail.jsf?docId=CN357077334,201980096653.5,22.05.2019,CN,Abiotic stress tolerant plants and methods,C12N 15/29; C12N 15/82; C12N 15/113; A01H 5/00; A01H 6/46; A01H 6/20
CA398968277,https://patentscope.wipo.int/search/en/detail.jsf?docId=CA398968277,3200521,05.11.2021,CA,COMPOSITIONS AND METHODS FOR RNA-ENCODED DNA-REPLACEMENT OF ALLELES,C12N 9/12; C12N 9/22; C12N 15/10; C12N 15/11; C12N 15/62
EP407442871,https://patentscope.wipo.int/search/en/detail.jsf?docId=EP407442871,21844079,05.11.2021,EP,COMPOSITIONS AND METHODS FOR RNA-ENCODED DNA-REPLACEMENT OF ALLELES,C12N 15/10; C12N 9/12; C12N 9/22; C12N 15/11; C12N 15/62
MX425631474,https://patentscope.wipo.int/search/en/detail.jsf?docId=MX425631474,2023005150,02.05.2023,MX,COMPOSITIONS AND METHODS FOR RNA-ENCODED DNA-REPLACEMENT OF ALLELES.,C12N 15/10
CN409231074,https://patentscope.wipo.int/search/en/detail.jsf?docId=CN409231074,202310743827.0,23.06.2023,CN,Application of LTA4H gene or protein as target spot in screening medicines for inhibiting foot-and-mouth disease virus replication,C12Q 1/6888; G01N 33/68; A61K 38/46; A61P 31/14; C12N 15/113; C12N 9/22; C12N 15/867; C12N 5/10
CN329315626,https://patentscope.wipo.int/search/en/detail.jsf?docId=CN329315626,202110272146.1,12.03.2021,CN,Male sterility gene ZmMYB84 and application of male sterility gene ZmMYB84 in creation of male sterility line of maize,C12N 15/29; C12N 15/82; A01H 5/00; A01H 6/46; C12Q 1/6895
CN428104751,https://patentscope.wipo.int/search/en/detail.jsf?docId=CN428104751,202410054994.9,15.01.2024,CN,Soybean auxin transport carrier GmPIN3 gene and application thereof,C12N 15/82; C07K 14/415; C12N 15/29; A01H 6/54; A01H 5/10; A01H 5/06; A01H 5/04; A01H 5/12
CN352785304,https://patentscope.wipo.int/search/en/detail.jsf?docId=CN352785304,202111392731.1,19.11.2021,CN,Construction of RIPLET knockout cell line and application of RIPLET knockout cell line as picornaviridae virus vaccine production cell line,C12N 15/113; C12N 15/55; C12N 5/10; A61K 39/125; A61K 39/135; A61P 31/14
CN413601404,https://patentscope.wipo.int/search/en/detail.jsf?docId=CN413601404,202311203233.7,19.09.2023,CN,Application of volvariella volvacea Vvpks gene in regulation and control of umbrella opening character,C12N 15/80; C12N 15/54; C12N 1/15; A01H 15/00; C12R 1/645
CN413586982,https://patentscope.wipo.int/search/en/detail.jsf?docId=CN413586982,202310933866.7,27.07.2023,CN,Construction of EIF2B4 knockout cell line and application of EIF2B4 knockout cell line as small RNA viridae virus vaccine production cell line,C07K 14/47; C12N 15/113; A61K 45/00; A61K 39/135; A61P 31/14; C12N 5/10; C12N 7/00; C12N 15/85; C12R 1/91
CN396204885,https://patentscope.wipo.int/search/en/detail.jsf?docId=CN396204885,202211575526.3,08.12.2022,CN,Related gene influencing tobacco plastid pigment synthesis and application,C12N 9/88; C12N 15/60; C12N 15/84; A01H 6/82; A01H 5/12
CN319683588,https://patentscope.wipo.int/search/en/detail.jsf?docId=CN319683588,202011304418.3,19.11.2020,CN,Breeding method for improving disease resistance of rice against rice blast,C12N 15/84; A01H 5/00; A01H 6/46; C12Q 1/6895
CN343412945,https://patentscope.wipo.int/search/en/detail.jsf?docId=CN343412945,202110933585.2,14.08.2021,CN,Application of KIF5B gene as target spot in inhibition of replication of the foot-and-mouth disease virus,C12N 15/90; C12N 5/10; C12N 15/12; C12N 15/113; A61K 31/7105; A61P 31/14; C12R 1/91
CN316356913,https://patentscope.wipo.int/search/en/detail.jsf?docId=CN316356913,202011309849.9,20.11.2020,CN,Application of rice OsS6K1 gene or OsS6K2 gene in improving rice yield and/or drought resistance,C12N 15/54; C12N 15/82; A01H 5/00; A01H 6/46
JP436023750,https://patentscope.wipo.int/search/en/detail.jsf?docId=JP436023750,2024068959,22.04.2024,JP,"COMPOSITION FOR CLEAVING TARGET DNA, COMPRISING GUIDE RNA SPECIFIC FOR THE TARGET DNA AND CAS PROTEIN-ENCODING NUCLEIC ACID OR CAS PROTEIN, AND USE THEREOF",C12N 5/10; C12N 15/87; C12N 15/09; A01H 1/00
RU448817454,https://patentscope.wipo.int/search/en/detail.jsf?docId=RU448817454,2023131568,01.12.2023,RU,METHOD FOR DETECTING SBEIIA GENE EDITING EVENTS IN CEREALS USING SET OF OLIGONUCLEOTIDE SEQUENCES,C12Q 1/686; C12N 1/20; C12Q 1/6876; C12Q 1/6806
CN304773776,https://patentscope.wipo.int/search/en/detail.jsf?docId=CN304773776,202010321272.7,22.04.2020,CN,Ethylene-induced BAHD acyltransferase ERAT2 gene and application thereof,C12N 15/54; C12N 15/82; A01H 5/06; A01H 6/20; C12Q 1/6895
WO2020263773,https://patentscope.wipo.int/search/en/detail.jsf?docId=WO2020263773,PCT/US2020/039051,23.06.2020,WO,METHODS AND COMPOSITIONS FOR MODIFYING BACTERIAL GENOMES AND FOR KILLING BACTERIA,C08L 51/02; C08L 51/08; A61K 48/00; C12N 15/11; C12N 15/63; C12N 9/22
CN399162062,https://patentscope.wipo.int/search/en/detail.jsf?docId=CN399162062,202211473477.2,21.11.2022,CN,Application of tobacco ethanol dehydrogenase related gene NtADH1 in regulation and control of width of waist leaf of tobacco,C12N 15/84; C12N 9/04; C12N 15/53; A01H 5/12; A01H 6/82
CN335058341,https://patentscope.wipo.int/search/en/detail.jsf?docId=CN335058341,202110275528.X,15.03.2021,CN,"Method for constructing polygene editing mutant library of Oryza sativa L., and application",C12N 15/82; C12N 15/55; A01H 5/00; A01H 6/46; C12Q 1/6869
WO2023003177,https://patentscope.wipo.int/search/en/detail.jsf?docId=WO2023003177,PCT/KR2022/008352,14.06.2022,WO,"METHOD FOR PRODUCING TOMATO PLANT HAVING CONTROLLED DISEASE RESISTANCE BY GENE EDITING, AND TOMATO PLANT PRODUCED BY SAME PRODUCTION METHOD",A01H 1/00; A01H 1/06; A01H 4/00; A01H 5/10; A01H 6/82; C12N 15/82; C07K 14/415
AR413639920,https://patentscope.wipo.int/search/en/detail.jsf?docId=AR413639920,P220101666,24.06.2022,AR,MODIFICACIÓN DE GENES DE UBIQUITINA LIGASA E3 HECT PARA MEJORAR LOS RASGOS DE RENDIMIENTO,C12N 9/22; C12N 15/82
CN407472909,https://patentscope.wipo.int/search/en/detail.jsf?docId=CN407472909,202310889054.7,19.07.2023,CN,Creation method and breeding method of tomato green hypocotyl male sterile line,C12N 15/84; C12N 9/04; C12N 15/53; C12N 15/29; C07K 14/415; A01H 5/02; A01H 6/82; A01H 1/02; C12Q 1/6895; C12N 15/11
US296504293,https://patentscope.wipo.int/search/en/detail.jsf?docId=US296504293,16607849,24.04.2018,US,Anti-CRISPR polynucleotides and polypeptides and methods of use,C12N 9/22; C07K 14/005; C07K 14/315; C12N 15/63
CN213623384,https://patentscope.wipo.int/search/en/detail.jsf?docId=CN213623384,201710923662.X,30.09.2017,CN,Construction and application of clone and expression vector of cyperus esculentus pepc gene,C12N 9/88; C12N 15/60; C12N 15/10; C12N 15/82; A01H 5/00; A01H 4/00
CN254000321,https://patentscope.wipo.int/search/en/detail.jsf?docId=CN254000321,201910383611.1,09.05.2019,CN,Method for fixing rice heterosis,C12N 15/82; C12N 15/66; A01H 5/00; A01H 6/46
CN395762638,https://patentscope.wipo.int/search/en/detail.jsf?docId=CN395762638,202310153602.X,22.02.2023,CN,Corn VPS23 similar gene ZmVPS23L and application thereof,C12N 15/29; C12N 15/84; C12N 15/113; C07K 14/415; A01H 5/00; A01H 6/46
WO2023199308,https://patentscope.wipo.int/search/en/detail.jsf?docId=WO2023199308,PCT/IL2023/050351,03.04.2023,WO,SYSTEMS AND METHODS FOR GENOME-SCALE TARGETING OF FUNCTIONAL REDUNDANCY IN PLANTS,C12N 15/82; C12N 9/22
EP449225675,https://patentscope.wipo.int/search/en/detail.jsf?docId=EP449225675,23721018,03.04.2023,EP,SYSTEMS AND METHODS FOR GENOME-SCALE TARGETING OF FUNCTIONAL REDUNDANCY IN PLANTS,C12N 15/82; C12N 9/22
CN193005842,https://patentscope.wipo.int/search/en/detail.jsf?docId=CN193005842,102016000615347,01.08.2016,CN,Artificial fixed-point rice dense and erect panicle (DEP1) gene mutant body and application thereof,C12N 15/29; A01H 5/00
CN323191611,https://patentscope.wipo.int/search/en/detail.jsf?docId=CN323191611,202110272886.5,12.03.2021,CN,Male sterility gene ZmTGA10 and application thereof in creating corn male sterility line,C12N 15/29; C12N 15/113; C12N 15/11; C12Q 1/6895; C07K 14/415; A01H 1/02; A01H 1/04
CN282892495,https://patentscope.wipo.int/search/en/detail.jsf?docId=CN282892495,201911186091.1,28.11.2019,CN,Method for reducing rice amylose content through gene editing and special sgRNA,C12N 15/113; C12N 15/82; C12N 15/29; C12N 9/22; C07K 14/415; A01H 5/10; A01H 6/46
WO2024227911,https://patentscope.wipo.int/search/en/detail.jsf?docId=WO2024227911,PCT/EP2024/062227,03.05.2024,WO,HIGHLY ACTIVE CRISPR BASE EDITORS OBTAINED THROUGH CAS-ASSISTED SUBSTRATE-LINKED DIRECTED EVOLUTION (CASLIDE),C12N 9/22; C12N 9/78; C12N 15/10; C12N 15/90
CN439115535,https://patentscope.wipo.int/search/en/detail.jsf?docId=CN439115535,202410724454.7,05.06.2024,CN,"Application of tobacco early blossoming gene NtELF3 in regulating and controlling contents of scopolamine, total sugar and reducing sugar in tobacco leaves",C12N 15/82; C12N 15/29; C07K 14/415; A01H 5/00; A01H 6/82; C12N 15/113
CN234767909,https://patentscope.wipo.int/search/en/detail.jsf?docId=CN234767909,201810724589.8,04.07.2018,CN,Method for site-specific mutagenesis of medicago sativa gene by employing CRISPR/Cas9 system,C12N 15/84; C12N 15/113; C12N 9/22; A01H 5/00; A01H 6/54
CN349230546,https://patentscope.wipo.int/search/en/detail.jsf?docId=CN349230546,202111375330.5,19.11.2021,CN,NtCHA1 gene capable of regulating and controlling potassium content of tobacco leaves and application of NtCHA1 gene,C12N 15/29; C07K 14/415; C12N 15/82; A01H 5/00; A01H 6/82
CN397876024,https://patentscope.wipo.int/search/en/detail.jsf?docId=CN397876024,202211108487.6,13.09.2022,CN,Method for preparing improved rice by mutating OsHOX3 gene by using CRISPR/Cas9 system,C12N 15/29; C07K 14/415; C12N 15/113; C12N 15/82; A01H 5/00; A01H 6/46
CN398214758,https://patentscope.wipo.int/search/en/detail.jsf?docId=CN398214758,202211431638.1,15.11.2022,CN,Gene related to tobacco auxin response transcription factor ARF2 and application thereof,C12N 15/29; C12N 15/82; C07K 14/415; A01H 5/06; A01H 5/00; A01H 6/82
CN408078064,https://patentscope.wipo.int/search/en/detail.jsf?docId=CN408078064,202310601655.3,25.05.2023,CN,Liriodendron tulipifera LtPDS gene and knockout system and application thereof,C12N 15/53; C12N 15/82; C12N 9/02; A01H 5/12; A01H 6/00
CN250445290,https://patentscope.wipo.int/search/en/detail.jsf?docId=CN250445290,201910375501.0,07.05.2019,CN,SigRNAs specifically shearing rice xal3 gene promoter using CRISPR/Cas9 system and its application,C12N 15/113; C12N 15/82; C12N 5/10; A01H 5/00; A01H 6/46
CN306880563,https://patentscope.wipo.int/search/en/detail.jsf?docId=CN306880563,202010522524.2,10.06.2020,CN,Creation method of non-transgenic mutant strain of Chinese cabbage,C12N 15/82; C12N 15/84; C12N 15/53; A01H 5/00; A01H 6/20
CN403530347,https://patentscope.wipo.int/search/en/detail.jsf?docId=CN403530347,202310322418.3,29.03.2023,CN,Construction of KLHL34 knockout cell line and application of KLHL34 knockout cell line as small RNA viridae virus production cell line,C12N 15/113; C12N 15/85; C12N 15/12; C12N 7/00; C12N 5/10; A61K 39/135; A61K 38/17; A61K 48/00; A61P 31/14; C12R 1/91; C12R 1/93
AR416012797,https://patentscope.wipo.int/search/en/detail.jsf?docId=AR416012797,P220102344,30.08.2022,AR,MODIFICACIÓN DE GENES DE PEPTIDASA DE UNIÓN A UBIQUITINA EN PLANTAS PARA MEJORAR RASGOS DE RENDIMIENTO,C12N 9/16; C12N 9/22; C12N 9/63; C07K 14/415; A01H 1/06; A01H 5/10; A01H 6/542
CN253592423,https://patentscope.wipo.int/search/en/detail.jsf?docId=CN253592423,201910652717.7,19.07.2019,CN,Rice cell genome fragrance gene directed editing method,C12N 15/82; A01H 1/02; A01H 5/00; A01H 5/10; A01H 6/46
CN396319107,https://patentscope.wipo.int/search/en/detail.jsf?docId=CN396319107,202211432982.2,16.11.2022,CN,Tea tree CsU6 gene promoter and cloning and application thereof,C12N 15/113; C12N 15/10; C12N 15/11; C12Q 1/6897; C12N 15/82
RU448817702,https://patentscope.wipo.int/search/en/detail.jsf?docId=RU448817702,2023131564,01.12.2023,RU,METHOD FOR DETECTING GBSSI GENE EDITING EVENTS IN CEREALS USING SET OF OLIGONUCLEOTIDE SEQUENCES,C12Q 1/6806; C12Q 1/6876; C12Q 1/68; C12Q 1/686
RU448817453,https://patentscope.wipo.int/search/en/detail.jsf?docId=RU448817453,2023131566,01.12.2023,RU,METHOD FOR DETECTING RSR1 GENE EDITING EVENTS IN CEREALS USING SET OF OLIGONUCLEOTIDE SEQUENCES,C12Q 1/6806; C12Q 1/6876; C12N 15/82; C12Q 1/686
EP443662468,https://patentscope.wipo.int/search/en/detail.jsf?docId=EP443662468,24175045,30.10.2020,EP,TYPE V CRISPR-CAS BASE EDITORS AND METHODS OF USE THEREOF,C12N 9/22; C12N 15/11; C12N 15/113; C12N 15/55; C12N 15/63; C12N 15/82; C12N 15/90
CN430695943,https://patentscope.wipo.int/search/en/detail.jsf?docId=CN430695943,202410212456.8,27.02.2024,CN,"Promoter for improving gene editing efficiency of CRISPR/Cas9 system, gene editing vector and application",C12N 15/113; C12N 15/82; C12N 9/22
RU448817452,https://patentscope.wipo.int/search/en/detail.jsf?docId=RU448817452,2023131565,01.12.2023,RU,METHOD FOR DETECTING ISA1 GENE EDITING EVENTS IN CEREALS USING SET OF OLIGONUCLEOTIDE SEQUENCES,C12N 15/82; C12Q 1/686; C12Q 1/6876; C12Q 1/6806
CN368366138,https://patentscope.wipo.int/search/en/detail.jsf?docId=CN368366138,202011572744.2,24.12.2020,CN,The invention relates to a method using ZmPHT1; method for cultivating drought-resistant plant by using 7 protein or coding gene thereof,C12N 15/29; C12N 15/84; C12N 15/113; C07K 14/415; A01H 4/00; A01H 5/00; A01H 6/56
CN436449858,https://patentscope.wipo.int/search/en/detail.jsf?docId=CN436449858,202410126891.9,30.01.2024,CN,Application of ZmPMI1L gene or encoded protein thereof in regulation and control of corn plant height,C12N 15/61; C12N 9/90; C12N 15/82; A01H 5/00; A01H 6/46; C12N 15/11; C12Q 1/6895
CN220635484,https://patentscope.wipo.int/search/en/detail.jsf?docId=CN220635484,201710380845.1,25.05.2017,CN,Method for preparing rice mutant OsPIL15 based on CRISPR/Cas9 technology and application,C12N 15/82; C12N 9/22; A01H 5/00
DK429311641,https://patentscope.wipo.int/search/en/detail.jsf?docId=DK429311641,17739336,20.06.2017,DK,Fremgangsmåde til målrettet DNA-ændring i planteceller,C12N 15/82; A01H 4/00; C12N 5/14; C12N 9/22
CN288644961,https://patentscope.wipo.int/search/en/detail.jsf?docId=CN288644961,201911128274.8,18.11.2019,CN,Method for creating blight resistant citrullus lanatus germplasm material,C12N 15/82; C12N 15/29; A01H 5/00; A01H 5/10; A01H 6/34
WO2022040169,https://patentscope.wipo.int/search/en/detail.jsf?docId=WO2022040169,PCT/US2021/046281,17.08.2021,WO,"COMPOSITIONS, SYSTEMS, AND METHODS FOR ORTHOGONAL GENOME ENGINEERING IN PLANTS",C12N 9/22; C12N 15/113
EP400274288,https://patentscope.wipo.int/search/en/detail.jsf?docId=EP400274288,21858957,17.08.2021,EP,"COMPOSITIONS, SYSTEMS, AND METHODS FOR ORTHOGONAL GENOME ENGINEERING IN PLANTS",A01H 1/06; C12N 9/22; C12N 15/113
CN361389236,https://patentscope.wipo.int/search/en/detail.jsf?docId=CN361389236,202210211936.3,04.03.2022,CN,Cell strain with human SLC25A12 gene knocked out and application of cell strain,C12N 15/113; C12N 15/867; C12N 15/66; C12N 5/10; C12N 7/00; C12N 7/02; C12R 1/91
KR393118857,https://patentscope.wipo.int/search/en/detail.jsf?docId=KR393118857,1020210104894,09.08.2021,KR,"SYSTEM FOR SIMULTANEOUS TARGET GENE EDITING OF E2 AND HOMOLOGOUS CHROMOSOME THEREOF, AND USE THEREOF",C12N 15/10; A01H 1/06; A01H 5/10; C07K 14/415; C12N 15/113; C12N 15/82; C12N 9/22
CN206674365,https://patentscope.wipo.int/search/en/detail.jsf?docId=CN206674365,201710674530.8,09.08.2017,CN,Application of OsKTN80b gene in terms of reducing rice plant height,C12N 15/55; C12N 15/113; C12N 15/82; A01H 5/00; A01H 6/46
KR356034458,https://patentscope.wipo.int/search/en/detail.jsf?docId=KR356034458,1020200114891,08.09.2020,KR,PLANT WITH REDUCED HEAVY METALS AND MANUFACTURING METHOD THEREOF,A01H 1/06; A01H 6/82; C12N 15/10; C12N 15/82; C12N 9/10; C12N 9/22
CN440611313,https://patentscope.wipo.int/search/en/detail.jsf?docId=CN440611313,202410693944.5,31.05.2024,CN,Method for creating compact plant type material of cotton by using gene editing technology,C12N 15/29; C07K 14/415; C12N 15/82; A01H 5/00; A01H 6/60
AR409883138,https://patentscope.wipo.int/search/en/detail.jsf?docId=AR409883138,P220101598,16.06.2022,AR,MODIFICACIÓN DE FACTORES DE TRANSCRIPCIÓN DE LA FAMILIA DE FACTORES REGULADORES DEL CRECIMIENTO EN SOJA,C12N 15/82; A01H 6/46
CN369011258,https://patentscope.wipo.int/search/en/detail.jsf?docId=CN369011258,202210336608.6,31.03.2022,CN,Fraxinus mandshurica U6 gene promoter proFmU6.7 and cloning and application thereof,C12N 15/113; C12N 15/82; C12N 15/10; A01H 5/00; A01H 6/00
EP445581477,https://patentscope.wipo.int/search/en/detail.jsf?docId=EP445581477,23713549,28.02.2023,EP,ENGINEERED CRISPR-CAS EFFECTOR PROTEINS AND METHODS OF USE THEREOF,C12N 9/22; C12N 15/52; C12N 15/62
WO2023108430,https://patentscope.wipo.int/search/en/detail.jsf?docId=WO2023108430,PCT/CN2021/138005,14.12.2021,WO,"PLANT SPECIES IDENTIFICATION METHOD BASED ON WHOLE GENOME ANALYSIS AND GENOME EDITING, AND APPLICATION",C12Q 1/68
WO2018018979,https://patentscope.wipo.int/search/en/detail.jsf?docId=WO2018018979,PCT/CN2017/082678,02.05.2017,WO,RECOMBINANT PLANT VECTOR AND METHOD FOR SCREENING NON-TRANSGENIC GENE-EDITED STRAIN,C12N 15/82; C12N 15/65; A01H 5/00
CN370196641,https://patentscope.wipo.int/search/en/detail.jsf?docId=CN370196641,202210551811.5,20.05.2022,CN,Plant nicotinic acid methyltransferase gene NANMT and application thereof in plant broad-spectrum disease resistance,C12N 15/54; C12N 9/10; C12N 15/84; A01H 5/00; A01H 6/46; A01H 6/20
CN398584930,https://patentscope.wipo.int/search/en/detail.jsf?docId=CN398584930,202211265905.2,17.10.2022,CN,Target site editing sequence of targeted plant prolamin K2G gene and application of target site editing sequence,C12N 15/84; C12N 9/22; C12N 15/29; C12N 15/113; C07K 14/415; A01H 5/10; A01H 6/46
WO2018226972,https://patentscope.wipo.int/search/en/detail.jsf?docId=WO2018226972,PCT/US2018/036480,07.06.2018,WO,COMPOSITIONS AND METHODS FOR GENOME EDITING,C12N 15/82; C12N 15/90; C12N 9/22; C12N 15/86; C12N 15/113
EP293252363,https://patentscope.wipo.int/search/en/detail.jsf?docId=EP293252363,18813973,07.06.2018,EP,COMPOSITIONS AND METHODS FOR GENOME EDITING,C12N 15/82; A01H 6/46
CN351921915,https://patentscope.wipo.int/search/en/detail.jsf?docId=CN351921915,202111362595.1,17.11.2021,CN,"Vector for editing nicotiana benthamiana gene based on CRISPR/Cas9 system, and construction method and application thereof",C12N 15/84; C12N 15/66; C12N 15/113; C12N 1/21; A01H 5/00; A01H 6/82; C12R 1/01
CN318120308,https://patentscope.wipo.int/search/en/detail.jsf?docId=CN318120308,202011260361.1,12.11.2020,CN,Oryza sativa root-knot nematode resistance gene OsBetvI and application thereof,C12N 15/29; C12N 15/82; C12N 1/21; A01H 5/00; A01H 6/46; C12R 1/01
CN370197089,https://patentscope.wipo.int/search/en/detail.jsf?docId=CN370197089,202210579115.5,26.05.2022,CN,"CrRNA, kit and method for rapidly and visually detecting SADS-CoV",C12Q 1/70; C12Q 1/6844; C12N 15/113; C12N 15/11; C12R 1/93
CN367900544,https://patentscope.wipo.int/search/en/detail.jsf?docId=CN367900544,202210276737.0,21.03.2022,CN,Microrhin J25 recombinant integrated engineering bacterium as well as construction method and application thereof,C12N 1/21; C12N 15/70; C12N 15/64; C12N 15/90; C12N 15/113; C12N 15/31; C12P 21/02; C12R 1/19
CN424218995,https://patentscope.wipo.int/search/en/detail.jsf?docId=CN424218995,202311507316.5,13.11.2023,CN,Method for creating white fruit thorn cucumber germplasm through site-directed mutagenesis,C12N 15/82; C07K 14/415; C12N 15/29; A01H 5/08; A01H 6/34
CN440702213,https://patentscope.wipo.int/search/en/detail.jsf?docId=CN440702213,202410980061.2,22.07.2024,CN,New rice susceptible gene OsBSG1 capable of efficiently utilizing resources,C12N 15/29; C07K 14/415; C12N 15/84; A01H 5/00; A01H 6/46
KR233180245,https://patentscope.wipo.int/search/en/detail.jsf?docId=KR233180245,1020170050756,20.04.2017,KR,PLANT GENOME DELETION OR REPLACEMENT METHODS BASED ON CRISPR-HARBORING AGROBACTERIUM OR TRANSFECTION AGENTS,C12N 15/82; C12N 15/10; C12N 9/22
WO2022057780,https://patentscope.wipo.int/search/en/detail.jsf?docId=WO2022057780,PCT/CN2021/118140,14.09.2021,WO,PROTEIN REGULATING NITROGEN UTILIZATION EFFICIENCY AND YIELD OF PLANT AND USE THEREOF,C07K 14/415; C12N 15/29
CN407816720,https://patentscope.wipo.int/search/en/detail.jsf?docId=CN407816720,202310649506.4,02.06.2023,CN,Method for blocking metabolic pathway of endogenous cembrane trienediol compound in tobacco,C12N 15/84; C12N 15/29; A01H 5/00; A01H 6/82
CN364575799,https://patentscope.wipo.int/search/en/detail.jsf?docId=CN364575799,202210192351.1,28.02.2022,CN,Application of OsBEE1 gene in increasing rice yield,C12N 15/29; C12N 15/84; C12N 15/113; A01H 5/10; A01H 6/46
CN416048625,https://patentscope.wipo.int/search/en/detail.jsf?docId=CN416048625,202311019878.5,14.08.2023,CN,"Application of tobacco biotin synthase gene NtBIO3-BIO1 in regulation and control of tobacco waist leaf length, waist leaf width and polyphenol content",C12N 15/84; C12N 9/10; C12N 15/54; C12N 15/113; C12N 15/55; A01H 5/00; A01H 5/12; A01H 6/82
CN397879501,https://patentscope.wipo.int/search/en/detail.jsf?docId=CN397879501,202211267908.X,17.10.2022,CN,Application of AtLecRK-VI.1 gene and encoded protein thereof in regulation and control of plant root length,C12N 15/29; C12N 9/12; C12N 15/82; A01H 5/06; A01H 6/20; C12N 15/11
CN225133305,https://patentscope.wipo.int/search/en/detail.jsf?docId=CN225133305,201810442597.3,10.05.2018,CN,Method used for modifying paddy rice OsTFIIAgamma1 gene and culturing wide spectrum bacterial leaf blight resistant paddy rice,C12N 15/84; C12N 15/113; A01H 5/00; A01H 4/00; A01H 6/46
RU448817456,https://patentscope.wipo.int/search/en/detail.jsf?docId=RU448817456,2023131570,01.12.2023,RU,METHOD FOR DETECTING RSR1 GENE EDITING EVENTS IN CEREALS USING SET OF OLIGONUCLEOTIDE SEQUENCES,C12N 15/82; C12Q 1/686; C12Q 1/6876; C12Q 1/6806
CN251468006,https://patentscope.wipo.int/search/en/detail.jsf?docId=CN251468006,201910514241.0,14.06.2019,CN,"Wheat anti-stripe rust associated TXR protein, and encoding gene and application of wheat anti-stripe rust associated TXR protein",C07K 14/415; C12N 15/29; C12N 15/82; C12N 15/83; A01H 6/46
AU232939091,https://patentscope.wipo.int/search/en/detail.jsf?docId=AU232939091,2017272623,30.05.2017,AU,Hybrid nucleic acid sequences for genome engineering,C12N 15/113; C12N 15/82
US242624167,https://patentscope.wipo.int/search/en/detail.jsf?docId=US242624167,16306341,30.05.2017,US,Hybrid nucleic acid sequences for genome engineering,C12N 15/82; C12N 15/113
US442710644,https://patentscope.wipo.int/search/en/detail.jsf?docId=US442710644,18779482,22.07.2024,US,HYBRID NUCLEIC ACID SEQUENCES FOR GENOME ENGINEERING,C12N 15/82; C12N 15/113
WO2016155482,https://patentscope.wipo.int/search/en/detail.jsf?docId=WO2016155482,PCT/CN2016/076244,14.03.2016,WO,METHOD OF APPLYING NON-GENETIC SUBSTANCE TO PERFORM SITE-DIRECTED REFORM OF PLANT GENOME,C12N 15/01; C12N 15/87; C12N 15/55; A01H 1/06; A01H 5/00
CN428120119,https://patentscope.wipo.int/search/en/detail.jsf?docId=CN428120119,202311779084.9,22.12.2023,CN,Method for creating tomato male sterility material through CRISPR-Cas9 gene editing and application,C12N 15/82; C12N 15/53; A01H 6/82; A01H 5/00; C12N 9/02; A01H 1/02
CN241316121,https://patentscope.wipo.int/search/en/detail.jsf?docId=CN241316121,201810464473.5,16.05.2018,CN,Method and application for rapidly and efficiently obtaining non-transgenic targeted gene mutation plant,C12N 15/82; C12N 9/22; A01H 5/00; A01H 6/46
CN410664347,https://patentscope.wipo.int/search/en/detail.jsf?docId=CN410664347,202310996978.7,09.08.2023,CN,Application of ZmPIF2 gene or protein thereof in regulation and control of corn plant height,C12N 15/29; C07K 14/415; C12N 15/113; C12N 9/22; C12N 15/82; C12Q 1/6895; A01H 5/00; A01H 6/46
CN401471076,https://patentscope.wipo.int/search/en/detail.jsf?docId=CN401471076,202310150683.8,22.02.2023,CN,Construction method of miRNA166o in plant light transcription process,C12N 15/82; C12N 15/113; A01H 5/00; A01H 5/06; A01H 5/04; A01H 5/12; A01H 6/00
US443002808,https://patentscope.wipo.int/search/en/detail.jsf?docId=US443002808,17995223,02.04.2021,US,GENOME EDITING METHOD BASED ON CRISPR/CAS9 SYSTEM AND USE THEREOF,C12N 15/90; C12N 9/22; C12N 15/11
CN436509320,https://patentscope.wipo.int/search/en/detail.jsf?docId=CN436509320,202410452620.2,16.04.2024,CN,QTL for controlling wheat plant height and candidate gene TaRPS27 and application thereof,C12N 15/29; C12N 15/82; C07K 14/415; A01H 5/00; A01H 6/46; C12Q 1/6895; C12N 15/11
WO2016141893,https://patentscope.wipo.int/search/en/detail.jsf?docId=WO2016141893,PCT/CN2016/076246,14.03.2016,WO,METHOD FOR INCREASING ABILITY OF PLANT TO RESIST INVADING DNA VIRUS,C12N 15/82; A01H 5/00
KR241939695,https://patentscope.wipo.int/search/en/detail.jsf?docId=KR241939695,1020170135857,19.10.2017,KR,METHOD FOR REDUCING ETHYLENE PRODUCTION BY LeMADS-RIN GENE EDITING USING CRISPR/Cas9 SYSTEM IN PLANT,C12N 15/82; C12N 15/10; C12N 15/113; C12N 9/22
CN371014507,https://patentscope.wipo.int/search/en/detail.jsf?docId=CN371014507,202210606954.1,31.05.2022,CN,CRISPR/Cas9 vector with visual protein fusion antibiotic selection marker as well as construction method and application of CRISPR/Cas9 vector,C12N 15/66; C12N 15/84; C12N 15/54; C12N 15/56; A01H 6/82; A01H 5/00
CN403935984,https://patentscope.wipo.int/search/en/detail.jsf?docId=CN403935984,202211120428.0,15.09.2022,CN,CRISPR (clustered regularly interspaced short palindromic repeats) fluorescence method based rhinoceros nucleic acid rapid detection method and detection kit,C12Q 1/6844; C12Q 1/6888; C12N 15/11; C12N 15/113
CN282890572,https://patentscope.wipo.int/search/en/detail.jsf?docId=CN282890572,201911055014.2,31.10.2019,CN,Application of tomato CTI1 gene for improving plant root knot nematode resistance,C12N 15/84; C12N 15/52; A01H 5/00; A01H 6/82
CN373432646,https://patentscope.wipo.int/search/en/detail.jsf?docId=CN373432646,202210698378.8,20.06.2022,CN,Maize transcription factor ZmEREB92 and application,C12N 15/29; C07K 14/415; C12N 15/84; C12N 1/21; C12N 15/113; A01H 5/10; A01H 6/46; C12R 1/01
CN293999606,https://patentscope.wipo.int/search/en/detail.jsf?docId=CN293999606,202010007093.6,03.01.2020,CN,Gene editing method for tobacco haploid,C12N 15/113; C12N 15/84; A01H 5/00; A01H 4/00; A01H 6/82
KR390080735,https://patentscope.wipo.int/search/en/detail.jsf?docId=KR390080735,1020210082687,24.06.2021,KR,METHOD FOR MANUFACTURING RICE PLANT HAVING EDITED OsAAP2 GENE USING CRISPR/Cas SYSTEM,A01H 1/06; A01H 5/10; A01H 6/46
CN137653376,https://patentscope.wipo.int/search/en/detail.jsf?docId=CN137653376,201510009526.0,06.01.2015,CN,Method for obtaining temperature-sensitive sterile line by performing site-specific mutagenesis on P/TMS12-1 through CRISPR (clustered regularly interspaced short palindromic repeats)/Cas9 system,C12N 15/82; C12N 15/11; A01H 5/00; A01H 6/46
CN305434914,https://patentscope.wipo.int/search/en/detail.jsf?docId=CN305434914,202010451052.6,25.05.2020,CN,Construction method of genetically engineered CHO cell line for constitutively secreting and expressing type O FMDV recombinant epitopes,C07K 14/09; C07K 19/00; C12N 15/85; C12N 15/113; C12N 5/10; C12N 15/90; C12R 1/91
CN323191600,https://patentscope.wipo.int/search/en/detail.jsf?docId=CN323191600,202110272228.6,12.03.2021,CN,Male sterility gene ZmMYB33 and application thereof in creating corn male sterility line,C12N 15/29; C12N 15/113; C12N 15/11; C12Q 1/6895; C07K 14/415; A01H 1/02; A01H 1/04
CN424852370,https://patentscope.wipo.int/search/en/detail.jsf?docId=CN424852370,202311790565.X,25.12.2023,CN,Cas12f1 mutant and application thereof,C12N 9/22; C12N 15/55; C12N 15/113; C12Q 1/6816; A61K 48/00
WO2022242464,https://patentscope.wipo.int/search/en/detail.jsf?docId=WO2022242464,PCT/CN2022/091102,06.05.2022,WO,NOVEL CRISPR-ASSOCIATED TRANSPOSASE,C12N 15/113; C12N 15/10; C12N 9/22; C12N 15/90; C07K 1/00
CN204742071,https://patentscope.wipo.int/search/en/detail.jsf?docId=CN204742071,201710035068.7,18.01.2017,CN,Method for constructing CRISPR/Cas9 vector applied to plant,C12N 15/82
CN408073334,https://patentscope.wipo.int/search/en/detail.jsf?docId=CN408073334,202180072987.6,27.08.2021,CN,Engineered CRISPR-CAS proteins and methods of use thereof,C12N 9/22
US400933521,https://patentscope.wipo.int/search/en/detail.jsf?docId=US400933521,17914647,29.03.2021,US,GENE-EDITED BASIL PLANTS RESISTANT TO DOWNY MILDEW,A01H 1/00; C12N 9/22; C12N 15/82
CN438245935,https://patentscope.wipo.int/search/en/detail.jsf?docId=CN438245935,202410539755.2,30.04.2024,CN,Application of rice ribonucleotide reductase gene RNR in creation of pink rice,C12N 15/82; C12N 15/53; A01H 5/10; A01H 5/12; A01H 6/46; A01N 47/28; A01P 21/00
CN441678844,https://patentscope.wipo.int/search/en/detail.jsf?docId=CN441678844,202411146081.6,20.08.2024,CN,Application of tobacco nicotine metabolism and plant height regulation related gene NtSULTR3.4 in nicotine metabolism and plant height regulation,C12N 15/29; C07K 14/415; C12N 15/84; A01H 5/10; A01H 5/04; A01H 5/00; A01H 6/82
CN414525343,https://patentscope.wipo.int/search/en/detail.jsf?docId=CN414525343,202310565818.7,18.05.2023,CN,AcrIE10 protein for regulating and controlling activity of CRISPR-Cas (clustered regularly interspaced short palindromic repeats-associated proteins) system 1 as well as coding nucleic acid and application thereof,C07K 14/26; C12N 9/22; C07K 19/00; C12N 15/70; A61K 35/76; A61K 38/16; A61P 31/04
CN207130817,https://patentscope.wipo.int/search/en/detail.jsf?docId=CN207130817,201710225082.3,07.04.2017,CN,System for efficient screening of candidate sgRNAs for CRISPR/CAS9 gene editing system from plants and application,C12N 15/82; C12N 15/113; C12N 15/66
CN203415849,https://patentscope.wipo.int/search/en/detail.jsf?docId=CN203415849,201610074115.4,02.02.2016,CN,Method for site-directed mutation of maize gene by means of CRISPR/Cas9 system,C12N 15/82; A01H 5/00; A01H 6/46
CN292995605,https://patentscope.wipo.int/search/en/detail.jsf?docId=CN292995605,201911294774.9,16.12.2019,CN,"MiR1866 gene for controlling rice seed germination, overexpression vector and preparation method thereof, gRNA expression vector, and application thereof",C12N 15/113; C12N 15/82; C12N 15/66; A01H 5/10; A01H 6/46
CN369011259,https://patentscope.wipo.int/search/en/detail.jsf?docId=CN369011259,202210336613.7,31.03.2022,CN,Fraxinus mandshurica U6 gene promoter proFmU6.6 and cloning and application thereof,C12N 15/113; C12N 15/10; C12N 15/70; C12N 15/84; A01H 5/00; A01H 6/00; C12Q 1/6897
CN403950905,https://patentscope.wipo.int/search/en/detail.jsf?docId=CN403950905,202310302085.8,27.03.2023,CN,Wheat plant height related QTL and candidate gene TaPI4KA-4B and application thereof,C12Q 1/6895; C12N 9/12; C12N 15/54; C12N 15/82; C12N 15/11; A01H 5/00; A01H 6/46
CN426595198,https://patentscope.wipo.int/search/en/detail.jsf?docId=CN426595198,202311768005.4,21.12.2023,CN,Application of CRISPR-Cas13a system in DNA detection,C12Q 1/6816; C12Q 1/70; C12N 9/22; C12R 1/93
CN403127916,https://patentscope.wipo.int/search/en/detail.jsf?docId=CN403127916,202211526783.8,01.12.2022,CN,Method for improving content of resveratrol in vitis davidii cells through gene editing and constructed vitis davidii CHS2 mutant cell line,C12N 15/82; C12N 15/54; C12N 5/10; A01H 5/00; A01H 6/88
CN442088060,https://patentscope.wipo.int/search/en/detail.jsf?docId=CN442088060,202410796862.3,20.06.2024,CN,Gene for regulating and controlling length of plant fiber and application thereof,C12N 15/82; C07K 14/415; C12N 15/29; A01H 5/00; A01H 6/20; A01H 6/60
CN440615060,https://patentscope.wipo.int/search/en/detail.jsf?docId=CN440615060,202410693947.9,31.05.2024,CN,Application of GhPEBP2 gene in regulation and control of cotton plant type,C12N 15/29; C07K 14/415; C12N 15/82; A01H 5/00; A01H 6/60
CN431134476,https://patentscope.wipo.int/search/en/detail.jsf?docId=CN431134476,202410335035.4,22.03.2024,CN,Application of tobacco phenylalanine ammonialyase gene NtPAL in regulation and control of polyphenol content and disease resistance,C12N 15/60; C12N 9/88; C12N 15/82; A01H 5/00; A01H 6/82
CN425951423,https://patentscope.wipo.int/search/en/detail.jsf?docId=CN425951423,202311656062.3,05.12.2023,CN,Application of arabidopsis thaliana ERF012 gene in regulation and control of seed germination,C12N 15/29; C07K 14/415; C12N 15/84; A01H 5/10; A01H 6/20
CN340512517,https://patentscope.wipo.int/search/en/detail.jsf?docId=CN340512517,202110618334.5,03.06.2021,CN,SgRNA for editing non-heading Chinese cabbage CENH3 gene and CRISPR/Cas9 vector and application thereof,C12N 15/113; C12N 15/82; C12N 15/55; C12N 15/29; A01H 5/02; A01H 5/00; A01H 6/20
CN431146863,https://patentscope.wipo.int/search/en/detail.jsf?docId=CN431146863,202410429950.X,10.04.2024,CN,Application of GmSIG1 gene in regulation and control of soybean plant type,C07K 14/415; C12N 15/29; C12N 15/84; A01H 5/12; A01H 5/04; A01H 6/54
CN415089875,https://patentscope.wipo.int/search/en/detail.jsf?docId=CN415089875,202310785468.5,29.06.2023,CN,Tobacco chloride channel protein NtCLC13 as well as coding gene and application thereof,C12N 15/29; C07K 14/415; C12N 15/84; A01H 5/00; A01H 6/82
CN409115559,https://patentscope.wipo.int/search/en/detail.jsf?docId=CN409115559,202310699898.5,14.06.2023,CN,Application of NAC079 gene in regulation and control of rice sheath blight resistance,C07K 14/415; C12N 15/29; C12N 15/113; C12N 15/84; A01H 5/00; A01H 6/46
WO2024248759,https://patentscope.wipo.int/search/en/detail.jsf?docId=WO2024248759,PCT/TR2023/051843,29.12.2023,WO,AN ANTIVIRAL SOLUTION TO DEACTIVATE WHEAT DWARF VIRUS,C12N 15/82
WO2019103442,https://patentscope.wipo.int/search/en/detail.jsf?docId=WO2019103442,PCT/KR2018/014312,21.11.2018,WO,GENOME EDITING COMPOSITION USING CRISPR/CPF1 SYSTEM AND USE THEREOF,C12N 15/79; C12N 15/10; C12N 15/113; C12N 9/22; C12N 15/90
CN217719882,https://patentscope.wipo.int/search/en/detail.jsf?docId=CN217719882,201810059520.8,22.01.2018,CN,Application of bHLH73 protein to regulation and control of plant height,C12N 15/82; C12N 15/29; C07K 14/415; A01H 5/00; A01H 6/46
CN441690782,https://patentscope.wipo.int/search/en/detail.jsf?docId=CN441690782,202411169009.5,23.08.2024,CN,Application of PEX16 gene in regulation and control of plant virus resistance and transgenic plant cultivation method,C12N 15/82; C12N 15/29; A01H 5/00; A01H 6/82
CN420582339,https://patentscope.wipo.int/search/en/detail.jsf?docId=CN420582339,202311209620.1,18.09.2023,CN,Kit and detection method for detecting fusarium verticillium based on RPA-CRISPR/Cas system,C12Q 1/6895; C12Q 1/6844; C12N 15/11; C12R 1/77
CN223068417,https://patentscope.wipo.int/search/en/detail.jsf?docId=CN223068417,201711351623.3,15.12.2017,CN,Method for identifying homozygous mutant edited by genome,C12N 15/82; C12N 9/22; A01H 5/00; A01H 6/82; C12Q 1/686
CN428115147,https://patentscope.wipo.int/search/en/detail.jsf?docId=CN428115147,202410218614.0,28.02.2024,CN,One-tube method for detecting food-borne hepatitis A virus by combining CRISPR/Cas12a and RT-LAMP,C12Q 1/70; C12Q 1/6844; C12N 15/11; C12R 1/93
CN425359198,https://patentscope.wipo.int/search/en/detail.jsf?docId=CN425359198,202311645971.7,04.12.2023,CN,Method for improving potato PSTVd resistance based on CRISPR-RfxCas13d system and product and application thereof,C12N 15/84; C12N 15/113; C12N 15/40; A01H 5/00; A01H 6/82
WO2023040623,https://patentscope.wipo.int/search/en/detail.jsf?docId=WO2023040623,PCT/CN2022/114878,25.08.2022,WO,METHOD FOR AND APPLICATION OF SITE-DIRECTED MUTATION OF BRASSICA NAPUS BNHBBD GENE,C12N 15/113; C12N 15/55; C12N 9/22; C12N 15/82; C12N 1/21; C12N 15/29; C07K 14/415
WO2023241004,https://patentscope.wipo.int/search/en/detail.jsf?docId=WO2023241004,PCT/CN2022/143089,29.12.2022,WO,METHOD FOR IMPROVING FUSARIUM HEAD BLIGHT RESISTANCE BY MEANS OF GENOME EDITING,C12N 15/82; A01H 6/46; A01N 65/08; A01H 5/00; C12N 9/12; C12N 15/54
CN418694201,https://patentscope.wipo.int/search/en/detail.jsf?docId=CN418694201,202210662170.0,13.06.2022,CN,Pear CRISPR/Cas9 gene editing system and application thereof,C12N 15/113; C12N 9/22; C12N 15/66; C12N 15/29; C12N 15/82; C12N 15/84; A01H 5/00; A01H 6/74
CN326427672,https://patentscope.wipo.int/search/en/detail.jsf?docId=CN326427672,202110442351.8,23.04.2021,CN,Detection method for detecting nucleic acid of Atlantic salmon based on CRISPR fluorescence method and detection kit,C12Q 1/6888; C12Q 1/6844; C12N 15/113
CN346614684,https://patentscope.wipo.int/search/en/detail.jsf?docId=CN346614684,202111068941.5,13.09.2021,CN,"Method for improving thermo-sensitive sterile rice line, application and recombinant vector",C12N 15/84; C12N 15/29; C12N 15/65; A01H 5/00; A01H 6/82
CN417778387,https://patentscope.wipo.int/search/en/detail.jsf?docId=CN417778387,202210602147.2,30.05.2022,CN,Corn gene ZmCPK28 and application thereof in regulation and control of plant growth and development and environmental stress,C12N 15/54; C12N 9/12; C12N 15/82; A01H 5/00; A01H 6/46; C12N 15/113
CN429513314,https://patentscope.wipo.int/search/en/detail.jsf?docId=CN429513314,202410178459.4,09.02.2024,CN,Application of PtoPIF3.2 gene of populus tomentosa in promoting plant growth and xylem development,C12N 15/84; C12N 15/29; A01H 5/00; A01H 5/04; A01H 6/00
CN438248373,https://patentscope.wipo.int/search/en/detail.jsf?docId=CN438248373,202410643856.4,23.05.2024,CN,Application of knockout soybean GmDMEb gene in increasing soybean plant branch number and increasing soybean yield,C12N 15/82; C12N 15/54; A01H 6/54; A01H 5/00
KR393118858,https://patentscope.wipo.int/search/en/detail.jsf?docId=KR393118858,1020210104895,09.08.2021,KR,GMIKP1 GENE EDITING SYSTEM AND USE THEREOF,C12N 15/10; A01H 1/06; A01H 5/10; C07K 14/415; C12N 15/113; C12N 15/82; C12N 9/22
US444948515,https://patentscope.wipo.int/search/en/detail.jsf?docId=US444948515,18758713,28.06.2024,US,COMPOSITION FOR GENE EDITING AND USE THEREOF,C12N 9/22; C12N 9/78; C12N 15/11; C12N 15/90
CN425953501,https://patentscope.wipo.int/search/en/detail.jsf?docId=CN425953501,202311665547.9,06.12.2023,CN,Application of BnaSPL14 gene in cultivation of multi-branch high-yield transgenic plant,C12N 15/82; C12N 15/113; C12N 15/29; A01H 5/00; A01H 5/02; A01H 6/20
CN419781600,https://patentscope.wipo.int/search/en/detail.jsf?docId=CN419781600,202311277889.3,28.09.2023,CN,Method for obtaining high-activity and low-toxin type III collagen based on Cpf1 plant genome fixed-point editing,C07K 14/78; C12N 15/82; C12N 5/10
CN314570137,https://patentscope.wipo.int/search/en/detail.jsf?docId=CN314570137,201910582526.8,28.06.2019,CN,Soybean GmEF1B gene mutant plant as well as preparation method and application thereof,C12N 15/113; C12N 15/82; A01H 6/54
CN321339029,https://patentscope.wipo.int/search/en/detail.jsf?docId=CN321339029,202011490418.7,16.12.2020,CN,"Gene for controlling maize plant height, protein encoded by gene and application of gene",C12N 15/29; C12N 15/113; C12N 15/82; C07K 14/415; A01H 5/00; A01H 6/46
CN350464637,https://patentscope.wipo.int/search/en/detail.jsf?docId=CN350464637,202010731014.6,27.07.2020,CN,Method for creating dwarf upright plant type rice germplasm and application of dwarf upright plant type rice germplasm,C12N 15/82; C12N 15/113; A01H 5/10; A01H 6/46
CN321339794,https://patentscope.wipo.int/search/en/detail.jsf?docId=CN321339794,202011538861.7,23.12.2020,CN,CRISPR/Cas9 vector suitable for myrothecium roridum A553 as well as construction method and application of CRISPR/Cas9 vector,C12N 15/80; C12N 15/113; C12N 1/15; C12R 1/645
CN428735721,https://patentscope.wipo.int/search/en/detail.jsf?docId=CN428735721,202311784842.6,24.12.2023,CN,"Low-temperature specific ralstonia solanacearum, specific fragment and application",C12N 1/20; C12Q 1/689; C12Q 1/6844; C12N 15/11; C12R 1/01
CN340397319,https://patentscope.wipo.int/search/en/detail.jsf?docId=CN340397319,202010321800.9,22.04.2020,CN,Technology for intervening and blocking virus reverse transcription transposition based on CRISPR-Cas13a,C12N 15/113; C12N 15/79; C12N 15/65; C12N 15/90; C12N 15/81
CN414523158,https://patentscope.wipo.int/search/en/detail.jsf?docId=CN414523158,202210440534.0,25.04.2022,CN,Genetic engineering application of BcERF070 gene of non-heading Chinese cabbage,C12N 15/29; C12N 15/84; C12N 15/113; A01H 5/00; A01H 6/20
CN361405908,https://patentscope.wipo.int/search/en/detail.jsf?docId=CN361405908,202210151249.7,16.02.2022,CN,Preparation method and application of polygene mutant rice plant carrying marker,C12N 15/82; C12N 15/65; C12N 15/29; A01H 5/00; A01H 6/46
CN398216770,https://patentscope.wipo.int/search/en/detail.jsf?docId=CN398216770,202211496128.2,25.11.2022,CN,CRISPR-Cas12a-based African horse pestivirus visual rapid detection method and kit thereof,C12Q 1/70; C12Q 1/6844; C12N 15/11; C12R 1/93
CN205470769,https://patentscope.wipo.int/search/en/detail.jsf?docId=CN205470769,201710316378.6,08.05.2017,CN,Novel reaction system for rapidly constructing plant gene site-directed knockout carrier,C12N 15/82; C12N 9/22; A01H 5/00
CN438250681,https://patentscope.wipo.int/search/en/detail.jsf?docId=CN438250681,202410697790.7,31.05.2024,CN,"Application of OsCCT22 and coding gene thereof in regulation and control of heading period, plant height and yield of rice",C12N 15/82; C07K 14/415; C12N 15/29; A01H 5/00; A01H 6/46
CN393834652,https://patentscope.wipo.int/search/en/detail.jsf?docId=CN393834652,202210260017.5,16.03.2022,CN,CRISPR/Cas12a primer and kit for detecting campylobacter jejuni and use method of CRISPR/Cas12a primer and kit,C12Q 1/689; C12Q 1/6844; C12Q 1/04; C12N 15/11
CN398503042,https://patentscope.wipo.int/search/en/detail.jsf?docId=CN398503042,202211406558.0,10.11.2022,CN,"Primer group, kit and detection method for CRISPR (clustered regularly interspaced short palindromic repeats) detection of PRRSV (porcine reproductive and respiratory syndrome virus) pedigree 1C variant",C12Q 1/70; C12Q 1/6844; C12N 15/11; C12R 1/93
CN437268318,https://patentscope.wipo.int/search/en/detail.jsf?docId=CN437268318,202410661836.X,27.05.2024,CN,Application of corn miRNA172 and precursor sequence Zma-MIR172c thereof in change of corn plant height,C12N 15/82; C12N 15/113; A01H 5/00; A01H 6/46; C12Q 1/6895
CN397762126,https://patentscope.wipo.int/search/en/detail.jsf?docId=CN397762126,202210812008.2,11.07.2022,CN,Method for improving gene editing efficiency of chrysanthemum plant by utilizing adventitious bud in-vitro regeneration,C12N 15/84; C12N 15/54; A01H 5/00; A01H 6/14; A01H 4/00
CN399863074,https://patentscope.wipo.int/search/en/detail.jsf?docId=CN399863074,202211733523.8,30.12.2022,CN,Method for regulating and controlling rice plant type by using promoter for editing rice OsD18 gene,C12N 15/84; C12N 15/65; C12N 15/29; C12N 15/113; A01H 5/04; A01H 5/10; A01H 5/00; A01H 6/46
CN370575930,https://patentscope.wipo.int/search/en/detail.jsf?docId=CN370575930,202210295156.1,24.03.2022,CN,Rice male low-temperature thermo-sensitive sterile line created based on AGO1d gene editing and application of rice male low-temperature thermo-sensitive sterile line,C07K 14/415; C12N 15/29; C12N 15/84; A01H 5/00; A01H 6/46; C12Q 1/6895; G01N 33/68; C12N 15/11
CN442096617,https://patentscope.wipo.int/search/en/detail.jsf?docId=CN442096617,202310404760.8,17.04.2023,CN,Application of tomato SlCOST1 gene in creation of new tomato germplasm,C12N 15/29; C07K 14/415; C12N 15/84; A01H 5/00; A01H 5/08; A01H 6/82
WO2017186550,https://patentscope.wipo.int/search/en/detail.jsf?docId=WO2017186550,PCT/EP2017/059331,20.04.2017,WO,IMPROVED METHODS FOR MODIFICATION OF TARGET NUCLEIC ACIDS,C12N 9/22; C12N 15/90
CN330061522,https://patentscope.wipo.int/search/en/detail.jsf?docId=CN330061522,202110302806.6,22.03.2021,CN,Tobacco peroxidase related gene and application thereof,C12N 15/53; C12N 15/82; A01H 5/00; A01H 6/82; C12Q 1/6895
EP214742583,https://patentscope.wipo.int/search/en/detail.jsf?docId=EP214742583,16761120,14.03.2016,EP,METHOD FOR INCREASING ABILITY OF PLANT TO RESIST INVADING DNA VIRUS,C12N 15/82; A01H 5/00
CN236154297,https://patentscope.wipo.int/search/en/detail.jsf?docId=CN236154297,201711252951.8,01.12.2017,CN,Gene OsVAS1 capable of regulating ideal plant type of rice,C12N 15/29; C07K 14/415; C12N 15/82
CN283958135,https://patentscope.wipo.int/search/en/detail.jsf?docId=CN283958135,201911106924.9,13.11.2019,CN,"Cas12a protein identifying TTTV and TTV PAM sites, plant genome orientated editing vector and method",C12N 9/22; C12N 15/55; C12N 15/84
CN407129781,https://patentscope.wipo.int/search/en/detail.jsf?docId=CN407129781,202310726443.8,19.06.2023,CN,Plant ferredoxin PhFd gene and application thereof,C12N 15/29; C07K 14/415; C12N 15/84; A01H 5/02; A01H 6/82
CN403550717,https://patentscope.wipo.int/search/en/detail.jsf?docId=CN403550717,202310432666.3,17.04.2023,CN,Plant RNA methylation and demethylation editing method and application thereof,C12N 9/22; C12N 15/55; C12N 15/53; C12N 9/02; C12N 15/84
CN371002821,https://patentscope.wipo.int/search/en/detail.jsf?docId=CN371002821,202210447149.9,18.04.2022,CN,Application of methionine sulfoxide reductase gene NtE4 of tobacco in stress resistance of tobacco,C12N 15/82; C12N 15/53; A01H 5/00; A01H 6/82
CN339137374,https://patentscope.wipo.int/search/en/detail.jsf?docId=CN339137374,202110748243.3,01.07.2021,CN,"SIZ1 protein separated from corn, coding gene of SIZ1 protein and application of SIZ1 protein and coding gene in variety improvement",C12N 9/00; C12N 15/52; C12N 15/82; A01H 5/00; A01H 6/46
RU359606481,https://patentscope.wipo.int/search/en/detail.jsf?docId=RU359606481,2020134987,26.10.2020,RU,METHOD FOR OBTAINING WHEAT PLANT WITH NUCLEOTIDE DELETION IN PROMOTOR REGION OF VRN-A1 GENE USING CRISPR/CAS9 TECHNOLOGY OF PLANT GENOME EDITING,A01H 5/00; C12N 15/05; A01H 1/06
CN341356132,https://patentscope.wipo.int/search/en/detail.jsf?docId=CN341356132,202110871736.6,30.07.2021,CN,"SgRNA target sequence for gene editing, vector, editing system and application",C12N 15/113; C12N 15/84; A01H 5/00; A01H 6/78
CN422926368,https://patentscope.wipo.int/search/en/detail.jsf?docId=CN422926368,202311475277.5,08.11.2023,CN,Plant gene editing system based on eggplant mottle dwarf virus,C12N 15/82; C12N 9/22; C12N 15/113; C12N 15/66
EP306980528,https://patentscope.wipo.int/search/en/detail.jsf?docId=EP306980528,18882084,21.11.2018,EP,GENOME EDITING COMPOSITION USING CRISPR/CPF1 SYSTEM AND USE THEREOF,C12N 15/79; C12N 9/22; C12N 15/10; C12N 15/113; C12N 15/90
CN418375910,https://patentscope.wipo.int/search/en/detail.jsf?docId=CN418375910,202311209639.6,18.09.2023,CN,"Kit capable of rapidly detecting pathogenic bacterium fusarium sp. Of corn stem rot, application of kit and detection method",C12Q 1/6895; C12Q 1/6844; C12N 15/11; C12R 1/77
RU359606482,https://patentscope.wipo.int/search/en/detail.jsf?docId=RU359606482,2020134988,26.10.2020,RU,METHOD FOR PRODUCING A WHEAT PLANT WITH A NUCLEOTIDE INSERT IN THE PROMOTOR REGION OF THE VRN-A1 GENE USING THE CRISPR/CAS9 TECHNOLOGY FOR EDITING PLANT GENOME,C12N 15/82; C12N 15/11; A01H 1/00; C12N 9/22
CN190079767,https://patentscope.wipo.int/search/en/detail.jsf?docId=CN190079767,102016000587707,22.07.2016,CN,Molecular improvement method for lowering rice grain seed holding,C12N 15/82; C12N 15/29; A01H 5/10; A01H 6/46
CN374061813,https://patentscope.wipo.int/search/en/detail.jsf?docId=CN374061813,202210754131.3,28.06.2022,CN,Arabidopsis thaliana calcium binding protein gene AtCAREF and application thereof,C12N 15/29; C12N 15/82; A01H 6/20; A01H 5/02
CN297692176,https://patentscope.wipo.int/search/en/detail.jsf?docId=CN297692176,202010034529.0,14.01.2020,CN,Method for obtaining rape with high oleic acid content on basis of double-site genome editing,C12N 15/82; C12N 15/113; A01H 5/00; A01H 6/20
CN296184001,https://patentscope.wipo.int/search/en/detail.jsf?docId=CN296184001,202010092499.9,14.02.2020,CN,OsSWEET13 gene mutant and application in raising of rice yield thereof,C12N 15/82; C12N 15/29; A01H 5/00; A01H 6/46
IL395511440,https://patentscope.wipo.int/search/en/detail.jsf?docId=IL395511440,300823,21.02.2023,IL,ENGINEERED CRISPR-CAS PROTEINS AND METHODS OF USE THEREOF,C07K 14/195; C07K 14/315; C12N 15/10; C12N 15/11; C12N 15/70; C12N 15/90; C12N 9//22
CN396208582,https://patentscope.wipo.int/search/en/detail.jsf?docId=CN396208582,202211253178.8,13.10.2022,CN,Method for targeted removal of bacterial drug resistance,C12N 15/87
CN405935283,https://patentscope.wipo.int/search/en/detail.jsf?docId=CN405935283,202210065915.5,20.01.2022,CN,Method for creating fragrant sorghum and biological material used in method,C12N 15/84; A01H 5/10; A01H 5/12; A01H 5/00; A01H 6/46; C12N 9/02; C12N 15/53
CN412731689,https://patentscope.wipo.int/search/en/detail.jsf?docId=CN412731689,202211523455.2,30.11.2022,CN,Radish gene editing technology based on CRISPR/Cas9 system and application thereof,C12N 15/82; C12N 15/84; C12N 15/53; A01H 5/00; A01H 6/20
CN295340426,https://patentscope.wipo.int/search/en/detail.jsf?docId=CN295340426,201911411238.2,31.12.2019,CN,"Vector for editing tomato yellow leaf curl China virus (TYLCCNV) on basis of CRISPR/Cas9 system, and construction method and application of vector",C12N 15/83; C12N 15/66; C12N 15/113; A01H 5/00; A01H 6/82
EP154345599,https://patentscope.wipo.int/search/en/detail.jsf?docId=EP154345599,14724856,14.03.2014,EP,ENGINEERING PLANT GENOMES USING CRISPR/CAS SYSTEMS,C12N 15/82; A01H 5/00; C12N 15/86
CN393834651,https://patentscope.wipo.int/search/en/detail.jsf?docId=CN393834651,202210260004.8,16.03.2022,CN,Kit for detecting shigella based on CRISPR/Cas12a method and use method thereof,C12Q 1/689; C12Q 1/6844; C12N 15/11; C12R 1/01
CN231669197,https://patentscope.wipo.int/search/en/detail.jsf?docId=CN231669197,201810333898.2,13.04.2018,CN,Application of tomato SlMPK20 gene in creating tomato genic male sterile line,C12N 15/82; A01H 6/82; A01H 5/00
CN241956423,https://patentscope.wipo.int/search/en/detail.jsf?docId=CN241956423,201910081298.6,28.01.2019,CN,Application of anti-soybean mosaic virus gene GmRDBM,C12N 15/29; A01H 5/00; A01H 6/54
AR413640172,https://patentscope.wipo.int/search/en/detail.jsf?docId=AR413640172,P220101734,01.07.2022,AR,MÉTODOS Y COMPOSICIONES PARA MEJORAR EL DESARROLLO DEL SISTEMA RADICULAR,C12N 9/12; C12N 9/22; C12N 15/82; A01H 6/46
RU448817455,https://patentscope.wipo.int/search/en/detail.jsf?docId=RU448817455,2023131569,01.12.2023,RU,METHOD FOR DETECTING ISA1 GENE EDITING EVENTS IN CEREALS USING SET OF OLIGONUCLEOTIDE SEQUENCES,C12Q 1/68; C12Q 1/6895
CN437958247,https://patentscope.wipo.int/search/en/detail.jsf?docId=CN437958247,202410968635.4,19.07.2024,CN,Wheat RNA acetylase TaNAT10 and application thereof,C12N 9/10; C12N 15/54; A01H 6/46; A01H 5/00; C12N 15/82
US278278945,https://patentscope.wipo.int/search/en/detail.jsf?docId=US278278945,16310764,20.06.2017,US,Method for targeted DNA alteration in plant cells,C12N 15/82; C12N 9/22; C12N 15/11
AU234885886,https://patentscope.wipo.int/search/en/detail.jsf?docId=AU234885886,2017282623,20.06.2017,AU,Method for targeted DNA alteration in plant cells,C12N 15/82; A01H 4/00; C12N 5/14; C12N 9/22
KR343759126,https://patentscope.wipo.int/search/en/detail.jsf?docId=KR343759126,1020210060798,11.05.2021,KR,GENOME SINGLE BASE EDITING METHOD BASED ON CRISPR/Cpf1 SYSTEM AND USE THEREOF,C12N 15/10; C12N 15/113; C12N 15/63; C12N 9/22
CN375273641,https://patentscope.wipo.int/search/en/detail.jsf?docId=CN375273641,202210719566.4,23.06.2022,CN,Gene ZmADT2 for regulating and controlling corn plant type and tumor smut resistance as well as encoding protein and application of gene ZmADT2,C12N 15/29; C07K 14/415; C12N 15/82; A01H 5/00; A01H 6/46
KR391087766,https://patentscope.wipo.int/search/en/detail.jsf?docId=KR391087766,1020210095574,21.07.2021,KR,"METHOD FOR PRODUCING TOMATO PLANT WITH CONTROLLED DISEASE RESISTANCE USING GENE EDITING, AND TOMATO PLANT PREPARED BY METHOD",A01H 1/00; A01H 1/06; A01H 4/00; A01H 5/10; A01H 6/82; C07K 14/415; C12N 15/82
CN422931410,https://patentscope.wipo.int/search/en/detail.jsf?docId=CN422931410,202311790309.0,25.12.2023,CN,Cas12a mutant and application thereof,C12N 9/22; C12N 15/55; C12N 15/113; C12Q 1/6816; A61K 48/00
CN323175816,https://patentscope.wipo.int/search/en/detail.jsf?docId=CN323175816,201910989836.1,17.10.2019,CN,Application of ZmSPL gene to regulation and control of development of crown roots or aerial roots of corn,C12N 15/82; C12N 15/29; A01H 5/06; A01H 6/46
CN405747948,https://patentscope.wipo.int/search/en/detail.jsf?docId=CN405747948,202310413087.4,18.04.2023,CN,Creation method of topping-free cotton germplasm,C12N 15/84; C12N 15/29; A01H 5/04; A01H 6/60; A01H 1/02
CN415205200,https://patentscope.wipo.int/search/en/detail.jsf?docId=CN415205200,202311182619.4,13.09.2023,CN,Method for obtaining zero toxin type III collagen through plant gene editing based on feature engineering,C07K 14/78; C12N 15/82; C12N 9/22; C12N 15/113; G16B 5/00
CN214230193,https://patentscope.wipo.int/search/en/detail.jsf?docId=CN214230193,201710937465.3,30.09.2017,CN,"Rice salt-tolerant gene OsRR22 mutant, encoded amino acid sequence thereof, plant and making method of mutant",C12N 15/29; C07K 14/415; C12N 15/82; A01H 5/00; A01H 6/46
CA276053858,https://patentscope.wipo.int/search/en/detail.jsf?docId=CA276053858,2994883,,CA,METHOD FOR OBTAINING GLYPHOSATE-RESISTANT RICE BY SITE-DIRECTED NUCLEOTIDE SUBSTITUTION,C12N 15/82
WO2017028768,https://patentscope.wipo.int/search/en/detail.jsf?docId=WO2017028768,PCT/CN2016/095307,15.08.2016,WO,METHOD FOR OBTAINING GLYPHOSATE-RESISTANT RICE BY SITE-DIRECTED NUCLEOTIDE SUBSTITUTION,C12N 15/82; C12N 9/10; C12N 15/54; C12N 5/10; A01H 4/00; A01H 5/00
EP221778046,https://patentscope.wipo.int/search/en/detail.jsf?docId=EP221778046,16836632,15.08.2016,EP,METHOD FOR OBTAINING GLYPHOSATE-RESISTANT RICE BY SITE-DIRECTED NUCLEOTIDE SUBSTITUTION,C12N 15/82; A01H 5/00; C12N 5/10; C12N 9/10; C12N 15/54; C12N 15/90
CN442616183,https://patentscope.wipo.int/search/en/detail.jsf?docId=CN442616183,202411241745.7,05.09.2024,CN,Detection system and detection kit for type I norovirus and group A rotavirus as well as detection method and application of detection system and detection kit,C12Q 1/70; C12Q 1/6844; C12N 15/11; C12R 1/93
CN241624792,https://patentscope.wipo.int/search/en/detail.jsf?docId=CN241624792,201811465137.9,03.12.2018,CN,Method for editing grape ZEP gene fixed point based on CRISPR/Cas 9 technology,C12N 15/113; C12N 15/82; C12N 15/11; A01H 4/00; A01H 5/00; A01H 6/88
CN310797673,https://patentscope.wipo.int/search/en/detail.jsf?docId=CN310797673,201880085616.X,21.11.2018,CN,Genome editing composition using CRISPR/CPF1 SYSTEM AND USE THEREOF,C12N 15/79; C12N 15/10; C12N 15/113; C12N 9/22; C12N 15/90
CN331986802,https://patentscope.wipo.int/search/en/detail.jsf?docId=CN331986802,202110583863.6,27.05.2021,CN,Preparation method of novel CRISPR/Cas9 gene editing vector,C12N 15/82; C12N 15/66; A01H 5/00; A01H 6/60
CN395072962,https://patentscope.wipo.int/search/en/detail.jsf?docId=CN395072962,202180026003.0,14.12.2021,CN,Plant species identification method based on whole genome analysis and genome editing and application,C12Q 1/6895; C12Q 1/686; C12Q 1/6816
CN329308485,https://patentscope.wipo.int/search/en/detail.jsf?docId=CN329308485,202110179863.X,08.02.2021,CN,Plant glandular hair specific expression gene HD-9 as well as expression vector and application thereof,C12N 15/29; C07K 14/415; C12N 15/84; A01H 5/00; A01H 6/82
CN365436733,https://patentscope.wipo.int/search/en/detail.jsf?docId=CN365436733,202210365241.0,08.04.2022,CN,Tobacco ubiquitin-binding enzyme NtE2 gene and application thereof,C12N 15/54; C12N 9/10; C12N 15/84; A01H 5/12; A01H 6/82
CN430678808,https://patentscope.wipo.int/search/en/detail.jsf?docId=CN430678808,202410224727.1,29.02.2024,CN,Tomato male sterility gene SlABCG26 and application thereof,C12N 15/29; C07K 14/415; C12N 15/82; A01H 5/00; A01H 6/82
US208148744,https://patentscope.wipo.int/search/en/detail.jsf?docId=US208148744,15533164,07.12.2015,US,Site-directed CRISPR/recombinase compositions and methods of integrating transgenes,C12N 15/22; C12N 15/11; C12N 15/90; C12N 9/22; C12N 9/12
CN348116833,https://patentscope.wipo.int/search/en/detail.jsf?docId=CN348116833,202111174296.5,08.10.2021,CN,Application of OsFWL7 gene in increasing content of metal trace elements in rice grains,C12N 15/29; C12N 15/113; C12N 15/84; A01H 5/10; A01H 6/46
CN240145924,https://patentscope.wipo.int/search/en/detail.jsf?docId=CN240145924,201811446718.8,29.11.2018,CN,Method for creating broad-spectrum resistance rice genetic resource for rice blast,C12N 15/82; A01H 5/00; A01H 6/46
CN236292956,https://patentscope.wipo.int/search/en/detail.jsf?docId=CN236292956,201810903450.X,09.08.2018,CN,Protoplast preparation method and gene knock-out method of Phomopsis,C12N 1/14; C12N 15/80; C12N 15/90; C12N 15/54; C12N 15/60; C12R 1/645
CN291485075,https://patentscope.wipo.int/search/en/detail.jsf?docId=CN291485075,201911284409.X,13.12.2019,CN,"Corn ZmDTX3.1 mutant gene, construction method for genetic transformation system of corn ZmDTX3.1 mutant gene, and application for corn ZmDTX3.1 mutant gene",C12N 15/29; C12N 15/82; A01H 4/00; A01H 5/00; A01H 5/10; A01H 6/46
CN364577844,https://patentscope.wipo.int/search/en/detail.jsf?docId=CN364577844,202210224393.9,09.03.2022,CN,Maize long-chain non-coding RNA lncRNA25659 and application thereof,C12N 15/113; C12N 15/11; C12N 15/82; A01H 5/00; A01H 6/46
CN395780408,https://patentscope.wipo.int/search/en/detail.jsf?docId=CN395780408,202210940971.9,08.08.2022,CN,Application of GhDMP8 gene as target to improvement of haploid inductivity of cotton female parent,C12N 15/113; C12N 15/29; C12N 15/55; C12N 15/82; A01H 1/02; A01H 5/00; A01H 6/60
CN422926516,https://patentscope.wipo.int/search/en/detail.jsf?docId=CN422926516,202311497607.0,11.11.2023,CN,Application of editing ptoESK1 gene in improving sugar production efficiency or/and ethanol yield of poplar,C12N 15/84; C12N 15/54; A01H 5/00; A01H 6/00
CN198358522,https://patentscope.wipo.int/search/en/detail.jsf?docId=CN198358522,102016001247205,29.12.2016,CN,Smearing agent and application thereof in screening rice T0 transgenic mutant plant,C12N 15/82; A01G 7/06
CN361396496,https://patentscope.wipo.int/search/en/detail.jsf?docId=CN361396496,202111588443.3,23.12.2021,CN,CRISPR/Cas9 gene editing vector as well as construction method and application thereof,C12N 15/82; C12N 15/64; A01H 4/00; A01H 5/00; A01H 6/38
CN282357080,https://patentscope.wipo.int/search/en/detail.jsf?docId=CN282357080,201911102351.2,12.11.2019,CN,Tomato SlLOB40 protein and application of encoding gene thereof in regulation of plant drought resistance,C12N 15/82; C12N 15/113; A01H 5/00; A01H 6/82; A01H 6/46; A01H 6/20; A01H 6/88; A01H 6/54; A01H 6/34
CN441683476,https://patentscope.wipo.int/search/en/detail.jsf?docId=CN441683476,202410762568.0,13.06.2024,CN,Application of cotton cinnamyl alcohol dehydrogenase gene in regulation and control of plant fertility,C12N 15/53; C12N 9/04; C12N 15/82; A01H 5/00; A01H 6/60
CN439188263,https://patentscope.wipo.int/search/en/detail.jsf?docId=CN439188263,202410762175.X,13.06.2024,CN,Preparation method of rice partial male sterility mutant oswsd1 plant,C12N 15/29; C12N 15/82; A01H 5/00; A01H 6/46
CN310440969,https://patentscope.wipo.int/search/en/detail.jsf?docId=CN310440969,202010745699.X,29.07.2020,CN,oligo DNA group of sgRNA for realizing fixed point knockout of rice OsAurora1 gene,C12N 15/11; C12N 15/113; C12N 15/82; C12Q 1/6895; C12Q 1/686; A01H 4/00; A01H 5/00; A01H 6/46
CN436465594,https://patentscope.wipo.int/search/en/detail.jsf?docId=CN436465594,202311297975.0,09.10.2023,CN,Medicago sativa CRISPR/Cas9 multi-target editing system and application thereof,C12N 15/82; C12N 15/113; C12N 9/22; A01H 5/00; A01H 6/54
MX390515918,https://patentscope.wipo.int/search/en/detail.jsf?docId=MX390515918,2020011620,09.09.2015,MX,ENGINEERING PLANT GENOMES USING CRISPR/CAS SYSTEMS.,C12N 15/82
WO2014144155,https://patentscope.wipo.int/search/en/detail.jsf?docId=WO2014144155,PCT/US2014/028445,14.03.2014,WO,ENGINEERING PLANT GENOMES USING CRISPR/CAS SYSTEMS,C12N 15/82; C12N 15/86; A01H 5/00
CA152749803,https://patentscope.wipo.int/search/en/detail.jsf?docId=CA152749803,2906747,,CA,ENGINEERING PLANT GENOMES USING CRISPR/CAS SYSTEMS,A01H 1/00; A01H 5/00; C12N 1/21; C12N 5/04; C12N 5/10; C12N 15/10; C12N 15/11; C12N 15/82; C12N 15/86
CN232275079,https://patentscope.wipo.int/search/en/detail.jsf?docId=CN232275079,201810479983.X,18.05.2018,CN,Method for breeding mung bean flowering pollination mutant based on CRISPR/Cas9 gene editing technology and special gRNA,C12N 15/82; C12N 15/113; A01H 5/02; A01H 6/54
CN365436470,https://patentscope.wipo.int/search/en/detail.jsf?docId=CN365436470,202210351108.X,02.04.2022,CN,Application of rice OsbZIP39 gene in improving cadmium resistance of rice,C12N 15/55; C12N 15/82; A01H 5/00; A01H 6/46
CN436506925,https://patentscope.wipo.int/search/en/detail.jsf?docId=CN436506925,202410266946.6,08.03.2024,CN,Method for creating diploid seedless watermelon through gene editing ClSPO11-2,C12N 15/84; C12N 15/29; C12N 15/113; C12N 15/11; A01H 5/10; A01H 6/34
CN405913018,https://patentscope.wipo.int/search/en/detail.jsf?docId=CN405913018,202310749968.3,25.06.2023,CN,Method for increasing ratio of S lignin to G lignin in tobacco plant,C12N 15/82; A01H 6/82; A01H 5/12
CN407793766,https://patentscope.wipo.int/search/en/detail.jsf?docId=CN407793766,202310649643.8,02.06.2023,CN,Method for blocking metabolic pathway of tomato endogenous monoterpene compound,C12N 15/82; C12N 15/113; C12N 9/22; C12N 15/60; C12N 15/54; A01H 5/00; A01H 6/82
US238727218,https://patentscope.wipo.int/search/en/detail.jsf?docId=US238727218,16176936,31.10.2018,US,IDENTIFICATION OF CROP MYB TRANSCRIPTION FACTORS AND THEIR USE,C12N 15/82; C07K 14/415
CN321730126,https://patentscope.wipo.int/search/en/detail.jsf?docId=CN321730126,201910930856.1,29.09.2019,CN,Application of GmLCL3 gene in regulating photoperiod and flowering time of soybeans and increasing yield of soybeans,C12N 15/29; C07K 14/415; C12N 15/82; A01H 5/00; A01H 5/02; A01H 6/54
CN347943467,https://patentscope.wipo.int/search/en/detail.jsf?docId=CN347943467,202010546983.4,16.06.2020,CN,Plant salt tolerance related protein as well as related biological material and application thereof,C07K 14/415; C12N 15/29; C12N 15/84; C12N 5/10; A01H 5/00; A01H 6/46
CN427327169,https://patentscope.wipo.int/search/en/detail.jsf?docId=CN427327169,202311697425.8,11.12.2023,CN,Application of cell nucleic acid binding protein CNBP and coding gene thereof in regulation and control of plant salt tolerance,C07K 14/405; C12N 15/82; C12N 15/79; A01H 5/00; A01H 6/20; C12Q 1/6895; C12R 1/89
CA205108241,https://patentscope.wipo.int/search/en/detail.jsf?docId=CA205108241,2979290,,CA,A METHOD FOR MAKING SITE-DIRECTED MODIFICATION TO PLANT GENOMES BY USING NON-INHERITABLE MATERIALS,A01H 1/00; A01H 4/00; A01H 5/00; C12N 9/22; C12N 15/00; C12N 15/01; C12N 15/09; C12N 15/11; C12N 15/29; C12N 15/55; C12N 15/82; C12N 15/87
CN222339305,https://patentscope.wipo.int/search/en/detail.jsf?docId=CN222339305,201711218585.4,28.11.2017,CN,Application of male sterility gene OsDPW3 and rice fertility restoration method,C12N 15/29; C12N 15/82; C07K 14/415; A01H 5/00; A01H 6/46; A01H 1/02
WO2017048316,https://patentscope.wipo.int/search/en/detail.jsf?docId=WO2017048316,PCT/US2016/013005,12.01.2016,WO,SMALL MOLECULE BIOSENSORS,C12N 15/63
CA360699398,https://patentscope.wipo.int/search/en/detail.jsf?docId=CA360699398,3157707,15.10.2020,CA,VARIANTS OF CAS12A NUCLEASES AND METHODS OF MAKING AND USE THEREOF,C12N 9/10; C12N 9/88; C12N 15/62
EP372524587,https://patentscope.wipo.int/search/en/detail.jsf?docId=EP372524587,20875763,15.10.2020,EP,VARIANTS OF CAS12A NUCLEASES AND METHODS OF MAKING AND USE THEREOF,C12N 9/88; C12N 9/10; C12N 15/62
CN405933404,https://patentscope.wipo.int/search/en/detail.jsf?docId=CN405933404,202211259879.2,14.10.2022,CN,Application of tobacco JIH1-1 gene in preparation of insect-resistant tobacco variety and method of tobacco JIH1-1 gene,C12N 15/84; C12N 15/113; C12N 15/29; A01H 5/00; A01H 6/82
CN299160082,https://patentscope.wipo.int/search/en/detail.jsf?docId=CN299160082,202010185814.2,17.03.2020,CN,Rice-dwarfing and multi-tillering gene Os11g0587000 mutant and applications thereof,C12N 15/29; C07K 14/415; C12N 15/82; A01H 5/00; A01H 6/46
AR432774420,https://patentscope.wipo.int/search/en/detail.jsf?docId=AR432774420,P230100528,02.03.2023,AR,MODIFICACIÓN DE GENES DEL RECEPTOR DE BRASINOESTEROIDES PARA MEJORAR RASGOS DE RENDIMIENTO,A01H 5/00; A01H 6/54; C12N 5/10; C12N 5/04; C12N 15/29; C12N 15/82
MX407569699,https://patentscope.wipo.int/search/en/detail.jsf?docId=MX407569699,2022004549,13.04.2022,MX,VARIANTS OF CAS12A NUCLEASES AND METHODS OF MAKING AND USE THEREOF.,C12N 15/10
CN412734912,https://patentscope.wipo.int/search/en/detail.jsf?docId=CN412734912,202311198272.2,18.09.2023,CN,Fusarium RPA-CRISPR/Cas detection kit and method,C12Q 1/6895; C12Q 1/6844; C12N 15/11; C12R 1/77
CN368373558,https://patentscope.wipo.int/search/en/detail.jsf?docId=CN368373558,202210359488.1,06.04.2022,CN,Gene for controlling betula platyphylla leaf splitting character and application thereof,C12N 15/29; C12N 15/84; C12N 15/113; C12N 15/55; C07K 14/415; A01H 5/12; A01H 6/00
CN429510736,https://patentscope.wipo.int/search/en/detail.jsf?docId=CN429510736,202311870220.5,29.12.2023,CN,Application of SlFPF1 gene in regulation and control of tomato flowering time and plant type,C07K 14/415; C12N 15/29; C12N 15/84; C12N 15/11; A01H 5/02; A01H 6/82; C12Q 1/6895
CN371010602,https://patentscope.wipo.int/search/en/detail.jsf?docId=CN371010602,202210538022.8,18.05.2022,CN,Gene related to tobacco glutathione transfer and application thereof,C12N 9/10; C12N 15/54; C12N 15/82; C12N 15/84; A01H 5/00; A01H 6/82
CN395087724,https://patentscope.wipo.int/search/en/detail.jsf?docId=CN395087724,202211054333.3,31.08.2022,CN,Wheat powdery mildew resistance gene PmD479 and application thereof,C07K 14/415; C12N 15/29; C12N 15/82; A01H 5/00; A01H 6/46; C12N 15/11; C12Q 1/6895; A01H 1/00
AR413639981,https://patentscope.wipo.int/search/en/detail.jsf?docId=AR413639981,P210100759,26.03.2021,AR,MÉTODOS PARA CONTROLAR EL TAMAÑO DEL MERISTEMA PARA EL MEJORAMIENTO DE CULTIVOS,A01H 1/00; A01H 6/46; C07K 14/415; C12N 9/22; C12N 15/113; C12N 15/29; C12N 15/82
CN400924846,https://patentscope.wipo.int/search/en/detail.jsf?docId=CN400924846,202211063341.4,01.09.2022,CN,Method for creating temperature-sensitive female sterile rice material,C12N 15/29; C12N 15/82; A01H 5/00; A01H 6/46
AR425398810,https://patentscope.wipo.int/search/en/detail.jsf?docId=AR425398810,P220103094,10.11.2022,AR,RESISTENCIA A HERBICIDAS,C07K 14/415; C12N 9/10; C12N 15/29; C12N 15/82; C12N 5/04; C12N 15/63; A01H 5/00
CN439683340,https://patentscope.wipo.int/search/en/detail.jsf?docId=CN439683340,202410960727.8,17.07.2024,CN,"RAA-CRISPR/Cas13a system, kit and method for detecting SVCV",C12Q 1/70; C12Q 1/6883; C12Q 1/6844; C12N 15/11; C12R 1/93
CN393834653,https://patentscope.wipo.int/search/en/detail.jsf?docId=CN393834653,202210260047.6,16.03.2022,CN,"Primer group, reagent, kit and detection method for detecting listeria monocytogenes",C12Q 1/689; C12N 15/11; C12Q 1/6844; C12R 1/01
CN274828112,https://patentscope.wipo.int/search/en/detail.jsf?docId=CN274828112,201910698527.9,31.07.2019,CN,Method for cultivating broad-spectrum anti-bacterial-blight oryza sativa Indica by modifying OsSWEET gene promoters of oryza sativa Indica,C12N 15/82; C07K 14/415; C12N 15/90; A01H 5/00; A01H 6/46
CN319686401,https://patentscope.wipo.int/search/en/detail.jsf?docId=CN319686401,202011412880.5,03.12.2020,CN,"Soybean sterile gene mutant, application and construction method of soybean sterile line",C12N 15/29; C12N 15/82; C12Q 1/6895; A01H 1/02; A01H 1/04; A01H 5/02; A01H 6/46
CN436063836,https://patentscope.wipo.int/search/en/detail.jsf?docId=CN436063836,202410470125.4,18.04.2024,CN,Application of sodium-calcium transporter SlNCL12 in tomato salt stress,C12N 15/84; C07K 14/415; C12N 15/29; A01H 5/00; A01H 6/82
BR443788587,https://patentscope.wipo.int/search/en/detail.jsf?docId=BR443788587,BR112024017602,28.02.2023,BR,PROTEÍNAS EFETORAS CRISPR-CAS MODIFICADAS E SEUS MÉTODOS DE USO,C12N 9; C12N 15; C12N 15
CN295060774,https://patentscope.wipo.int/search/en/detail.jsf?docId=CN295060774,201911411234.4,31.12.2019,CN,"CRISPR/Cas9 SunTag system based vector for inhibiting geminivirus infection, and construction and applications thereof",C12N 15/82; C12N 15/66; A01H 5/00; A01H 6/82
CN406542305,https://patentscope.wipo.int/search/en/detail.jsf?docId=CN406542305,202310575555.8,22.05.2023,CN,SgRNA and CRISPR/Cas9 vector for targeted knockout of CsWRKY41 gene and application of sgRNA and CRISPR/Cas9 vector,C12N 15/29; C12N 15/113; C12N 15/55; C12N 15/84; A01H 5/00; A01H 6/78
CN426769688,https://patentscope.wipo.int/search/en/detail.jsf?docId=CN426769688,202310574414.4,19.05.2023,CN,Ginkgo gene knockout vector based on CRISPR/Cas9 technology and application thereof,C12N 15/82; C12N 15/29; A01H 7/00
CN418385121,https://patentscope.wipo.int/search/en/detail.jsf?docId=CN418385121,202210654407.0,10.06.2022,CN,Gene related to tomato flowering as well as encoding protein and application thereof,C07K 14/415; C12N 15/29; C12N 15/82; A01H 5/02; A01H 6/82
AR444176343,https://patentscope.wipo.int/search/en/detail.jsf?docId=AR444176343,P230102065,04.08.2023,AR,MÉTODOS Y COMPOSICIONES PARA MEJORAR RASGOS DE RENDIMIENTO,C12N 15/82; C12N 9/22; A01H 1/00; C07K 14/415
CN235940715,https://patentscope.wipo.int/search/en/detail.jsf?docId=CN235940715,201810895852.X,08.08.2018,CN,Method and application for creating purple fruit tomato mutant using CRISPR/Cas9 gene editing system,C12N 15/82; C12N 15/29; A01H 5/08; A01H 6/82
CN294444232,https://patentscope.wipo.int/search/en/detail.jsf?docId=CN294444232,201911411237.8,31.12.2019,CN,Vector for editing nicotiana benthamiana gene based on CRISPR/Cas9 as well as construction method and application thereof,C12N 15/82; C12N 15/113; C12N 15/66; A01H 5/00; A01H 6/82
CN355401695,https://patentscope.wipo.int/search/en/detail.jsf?docId=CN355401695,202111297086.5,04.11.2021,CN,Method for obtaining new strawberry germplasm with high regeneration efficiency by utilizing CRISPR/Cas9 gene editing vector and application,C12N 15/84; A01H 5/00; A01H 6/74
CN395072475,https://patentscope.wipo.int/search/en/detail.jsf?docId=CN395072475,202211104290.5,09.09.2022,CN,Method for creating brassica napus dwarfing material by using gene editing technology and application of brassica napus dwarfing material,C12N 15/84; C12N 15/113; C12N 15/29; A01H 5/00; A01H 6/20
CN322968871,https://patentscope.wipo.int/search/en/detail.jsf?docId=CN322968871,202110085347.0,22.01.2021,CN,"Method, kit and gene for postponing flowering phase of corn",C12N 15/54; C12N 15/82; A01H 5/02; A01H 6/46; C12N 15/113; C12Q 1/6895
CN223042911,https://patentscope.wipo.int/search/en/detail.jsf?docId=CN223042911,201611188402.4,20.12.2016,CN,Method for editing cotton genes,C12N 15/82; C12N 15/66; C12N 15/113
EP324112204,https://patentscope.wipo.int/search/en/detail.jsf?docId=EP324112204,19740353,12.07.2019,EP,TYPE V CRISPR/NUCLEASE-SYSTEM FOR GENOME EDITING IN PLANT CELLS,C12N 9/22; C12N 15/10; C12N 15/82
CN313902842,https://patentscope.wipo.int/search/en/detail.jsf?docId=CN313902842,202010898296.9,31.08.2020,CN,"RAA-CRISPR amplification primer group, kit and method for efficiently detecting novel coronavirus",C12Q 1/70; C12Q 1/6844; C12N 15/11
CN399267675,https://patentscope.wipo.int/search/en/detail.jsf?docId=CN399267675,202211203732.1,29.09.2022,CN,Application of NtAITRs transcription factor family gene in regulation and control of tobacco stress resistance,C12N 15/82; C12N 15/29; A01H 5/00; A01H 6/82
CN317396465,https://patentscope.wipo.int/search/en/detail.jsf?docId=CN317396465,202011233671.4,06.11.2020,CN,Application of OsKEAP1 gene in regulation and control of agronomic traits and yield of rice,C12N 15/29; C12N 15/82; A01H 5/00; A01H 6/46
CN442624700,https://patentscope.wipo.int/search/en/detail.jsf?docId=CN442624700,202410767049.3,14.06.2024,CN,Rice SDT6 gene as well as encoding protein and application thereof,C12N 9/00; C12N 15/52; C12N 15/84; C12Q 1/6895; A01H 5/00; A01H 6/46
CN399641709,https://patentscope.wipo.int/search/en/detail.jsf?docId=CN399641709,202111455341.4,01.12.2021,CN,Protein PSRK2 related to rice panicle type as well as coding gene and application of protein PSRK2,C12N 15/29; C07K 14/415; C12N 15/82; A01H 5/00; A01H 6/46
CN341236327,https://patentscope.wipo.int/search/en/detail.jsf?docId=CN341236327,202110773909.0,08.07.2021,CN,Construction method and application of CRISPR/Cas9 mediated plant polygene editing vector,C12N 15/82; C12N 15/29; C12N 15/66; A01H 5/00; A01H 6/46
CA205108242,https://patentscope.wipo.int/search/en/detail.jsf?docId=CA205108242,2979292,14.03.2016,CA,METHOD FOR IMPROVING ABILITY TO RESIST AGAINST INTRUSIVE DNA VIRUSES OF PLANT,C12N 15/82; A01H 6/82; A01H 5/00
CN426766945,https://patentscope.wipo.int/search/en/detail.jsf?docId=CN426766945,202311791807.7,25.12.2023,CN,Application of rice broad-spectrum resistance regulation related gene OsRLCK107,C12N 15/54; C12N 9/12; C12N 15/84; C12N 15/113; A01H 5/00; A01H 6/46
WO2020263782,https://patentscope.wipo.int/search/en/detail.jsf?docId=WO2020263782,PCT/US2020/039063,23.06.2020,WO,METHODS AND COMPOSITIONS FOR MODIFYING NUCLEIC ACIDS AND FOR KILLING CELLS,A61K 31/713; C12N 9/22; C12N 15/11; C12N 15/113
CN398214587,https://patentscope.wipo.int/search/en/detail.jsf?docId=CN398214587,202211268559.3,17.10.2022,CN,"OsCDPK14 gene for reducing maturing rate of rice, protein obtained by coding of OsCDPK14 gene and application of OsCDPK14 gene",C12N 15/82; C12N 9/12; C12N 15/54; A01H 6/46; A01H 5/00
CN345736688,https://patentscope.wipo.int/search/en/detail.jsf?docId=CN345736688,202111069180.5,13.09.2021,CN,Construction method and application of beet BvCENH3 gene haploid induction line,C12N 15/84; C12N 15/55; C12N 15/29; C12N 15/113; A01H 5/00; A01H 6/02; A01H 1/02; C12Q 1/6895; C12N 15/11
CN234988193,https://patentscope.wipo.int/search/en/detail.jsf?docId=CN234988193,201810866033.2,01.08.2018,CN,Method for site-directed mutation of rice PHYB gene using CRISPR/Cas9 system,C12N 15/82; A01H 5/00; A01H 6/46
CN428836599,https://patentscope.wipo.int/search/en/detail.jsf?docId=CN428836599,202410082887.7,19.01.2024,CN,Rapid detection method for pratylenchus coffee based on RPA-CRISPR/Cas12a,C12Q 1/6844; C12Q 1/6888; C12N 15/11
CN370570721,https://patentscope.wipo.int/search/en/detail.jsf?docId=CN370570721,202210606127.2,31.05.2022,CN,"Banana fusarium wilt CRISPR/Cas9 gene editing vector, preparation method and application",C12N 15/80; C12N 15/66; C12N 1/15; C12N 15/113; C12N 15/56; C12R 1/645
CN281792435,https://patentscope.wipo.int/search/en/detail.jsf?docId=CN281792435,201910995642.2,18.10.2019,CN,Tobacco pigment synthesis associated gene and application thereof,C12N 15/29; C07K 14/415; C12N 15/82; A01H 5/12; A01H 6/82
CN306315719,https://patentscope.wipo.int/search/en/detail.jsf?docId=CN306315719,202010408492.3,14.05.2020,CN,Method for enhancing gene editing efficiency of CRISPR/ Cas9 system,C12N 15/82; C12N 15/29
CN240415594,https://patentscope.wipo.int/search/en/detail.jsf?docId=CN240415594,201811393902.0,21.11.2018,CN,Method of constructing cotton mutant library with high through throughput based on CRISPR/Cas9 system,C12N 15/90; C12N 15/82; C12N 15/66; A01H 5/00; A01H 6/60
CN323790134,https://patentscope.wipo.int/search/en/detail.jsf?docId=CN323790134,201911035463.0,29.10.2019,CN,Method for creating plant haploid induction system and application thereof,C12N 15/84; C12N 15/29; C12N 15/113; A01H 1/02; A01H 5/00; A01H 5/10; A01H 6/46
CN241488075,https://patentscope.wipo.int/search/en/detail.jsf?docId=CN241488075,201910079903.6,28.01.2019,CN,Application of SlGLR3 gene in improvement of plant gray mold resistance,C12N 15/29; A01H 5/00; A01H 6/82
CN338598829,https://patentscope.wipo.int/search/en/detail.jsf?docId=CN338598829,202010199885.8,20.03.2020,CN,Application of NPF7.6 protein in regulation and control of nitrogen tolerance of leguminous plant root nodules,C07K 14/415; C12N 15/82; A01H 5/00; A01H 5/06; A01H 6/54
CN406237289,https://patentscope.wipo.int/search/en/detail.jsf?docId=CN406237289,202310549097.0,16.05.2023,CN,Tobacco CBL interaction serine/threonine protein kinase 23 gene and application thereof,C12N 15/54; C12N 9/12; C12N 15/82; A01H 5/00; A01H 6/82
JP443103342,https://patentscope.wipo.int/search/en/detail.jsf?docId=JP443103342,2024143412,23.08.2024,JP,METHOD OF APPLYING NON-GENETIC SUBSTANCE TO PERFORM SITE-DIRECTED REFORM OF PLANT GENOME,C12N 15/09; A01H 1/00; A01H 4/00; C12N 15/87
CN107362034,https://patentscope.wipo.int/search/en/detail.jsf?docId=CN107362034,201410209121.7,16.05.2014,CN,Breeding method for prolongation of rice fertility stage,C12N 15/82; A01H 5/00
CN368376158,https://patentscope.wipo.int/search/en/detail.jsf?docId=CN368376158,202210478404.6,05.05.2022,CN,Breeding method of salt-tolerant rice variety,C12N 15/84; C12N 15/29; A01H 5/00; A01H 6/46
CN333958093,https://patentscope.wipo.int/search/en/detail.jsf?docId=CN333958093,202110509271.X,10.05.2021,CN,GmARF16 gene for coding soybean ARF transcription factor and application of GmARF16 gene,C12N 15/29; C07K 14/415; C12N 15/82; A01H 5/00; A01H 6/54
CN334791167,https://patentscope.wipo.int/search/en/detail.jsf?docId=CN334791167,202110110257.2,27.01.2021,CN,Application of OsPIN9 gene in regulation of cold stress resistance of rice,C12N 15/29; C12N 15/82; C12N 15/113; C07K 14/415; A01H 5/00; A01H 6/46
CN362120710,https://patentscope.wipo.int/search/en/detail.jsf?docId=CN362120710,202210011580.9,06.01.2022,CN,Genetic engineering application of paddy rice aminotransferase gene OsGAT2,C12N 15/84; C12N 15/52; A01H 5/00; A01H 5/04; A01H 6/46
CN428120492,https://patentscope.wipo.int/search/en/detail.jsf?docId=CN428120492,202410023406.5,08.01.2024,CN,Separated mustard heading gene BjKNAT6 and development and application of molecular marker,C12N 15/29; C07K 14/415; C12N 15/82; C12Q 1/6895; C12N 15/11; A01H 5/12; A01H 5/00; A01H 6/20
AR436441416,https://patentscope.wipo.int/search/en/detail.jsf?docId=AR436441416,P230101087,04.05.2023,AR,MÉTODOS Y COMPOSICIONES PARA MODIFICAR LA ARQUITECTURA RADICULAR Y/O MEJORAR LOS RANGOS DE RENDIMIENTO DE LAS PLANTAS,A01H 5/00; A01H 1/04; C12N 5/04; C12N 15/29; C12N 15/82
AR440322777,https://patentscope.wipo.int/search/en/detail.jsf?docId=AR440322777,P230101625,23.06.2023,AR,MÉTODOS Y COMPOSICIONES PARA MODIFICAR EL ESCAPE A LA SOMBRA EN PLANTAS,C12N 9/22; C12N 15/82; C07K 14/415
CN395506990,https://patentscope.wipo.int/search/en/detail.jsf?docId=CN395506990,202211074785.8,02.09.2022,CN,OsJDG1 gene and application thereof in regulation and control of rice grain shape and thousand grain weight,C07K 14/415; C12N 15/29; C12N 15/84; A01H 5/10; A01H 6/46; C12Q 1/6895; C12N 15/11
CN426593675,https://patentscope.wipo.int/search/en/detail.jsf?docId=CN426593675,202410083697.7,19.01.2024,CN,Application of OsCRK35 gene in controlling drought resistance of rice,C12N 9/12; C12N 15/82; C12N 15/54; A01H 5/00; A01H 6/46
CN436043146,https://patentscope.wipo.int/search/en/detail.jsf?docId=CN436043146,202410595159.6,14.05.2024,CN,OsRALF13 gene and application of protein coded by OsRALF13 gene in regulation and control of rice seed size,C07K 14/415; C12N 15/29; C12N 15/84; A01H 5/10; A01H 6/46; A01H 1/04
CN424230946,https://patentscope.wipo.int/search/en/detail.jsf?docId=CN424230946,202311533231.4,17.11.2023,CN,OsPCRKs gene and application thereof in regulating resistance of rice to rice blast,C12N 15/84; C12N 15/54; C12N 9/12; A01H 5/00; A01H 6/46
CN429521696,https://patentscope.wipo.int/search/en/detail.jsf?docId=CN429521696,202410266951.7,08.03.2024,CN,Method for creating diploid seedless watermelon through gene editing ClCKI1,C12N 15/84; C12N 15/113; C12N 15/54; C12N 15/11; A01H 5/10; A01H 6/34
CN214971044,https://patentscope.wipo.int/search/en/detail.jsf?docId=CN214971044,201710999410.5,24.10.2017,CN,Method for rapidly establishing Cas9 dual-element expression carrier library of paired sg RNA,C12N 15/66; C12N 9/22; C40B 50/06
US323259936,https://patentscope.wipo.int/search/en/detail.jsf?docId=US323259936,17084721,30.10.2020,US,TYPE V CRISPR-CAS BASE EDITORS AND METHODS OF USE THEREOF,C12N 15/113; C12N 9/22
CN422266520,https://patentscope.wipo.int/search/en/detail.jsf?docId=CN422266520,202311345922.1,18.10.2023,CN,Gene participating in formation of tomato flavonol 3-O-glucoside and application thereof,C12N 9/10; C12N 15/54; C12N 15/84; A01H 5/08; A01H 6/82
CN334797159,https://patentscope.wipo.int/search/en/detail.jsf?docId=CN334797159,202110528344.X,14.05.2021,CN,Application of soybean agglutinin receptor kinase Rsc7-1 coding gene,C12N 15/54; C12N 9/12; C12N 15/84; A01H 5/00; A01H 6/54
WO2020007331,https://patentscope.wipo.int/search/en/detail.jsf?docId=WO2020007331,PCT/CN2019/094630,03.07.2019,WO,METHOD FOR SITE-SPECIFIC MUTAGENESIS OF MEDICAGO SATIVA GENE BY USING CRISPR/CAS9 SYSTEM,C12N 15/82; C12N 9/22; C12N 15/70; A01H 5/00; A01H 6/54
CN275775028,https://patentscope.wipo.int/search/en/detail.jsf?docId=CN275775028,201910629321.0,12.07.2019,CN,Rice seed storage-resistant gene sd1 and molecular marker and application thereof,C12N 15/29; C07K 14/415; C12N 15/82; C12N 15/11; A01H 5/10; A01H 6/46; C12Q 1/6895
WO2022245454,https://patentscope.wipo.int/search/en/detail.jsf?docId=WO2022245454,PCT/US2022/024863,14.04.2022,WO,SHORT MULTI-REPEAT RNA TARGETING GENE SILENCING,C12N 15/113; C12N 15/63
CN132735377,https://patentscope.wipo.int/search/en/detail.jsf?docId=CN132735377,201310415047.X,12.09.2013,CN,Method for acquiring specific rice gene mutant and application thereof,C12N 15/31; C12N 15/113; C12N 15/63; A01H 5/00
CN362097287,https://patentscope.wipo.int/search/en/detail.jsf?docId=CN362097287,202210127509.7,11.02.2022,CN,Application of CRISPR/cas9 system in obtaining tomato leaf miner kynurenine 3-hydroxylase mutant,C12N 9/02; C12N 15/53; C12N 15/113; C12N 9/22; C12N 15/85; A01K 67/033
CN237488249,https://patentscope.wipo.int/search/en/detail.jsf?docId=CN237488249,201710604760.7,24.07.2017,CN,Application of reducing expression of OsSAMS1 protein and encoding gene thereof in improving plant resistance to rice dwarf virus,C12N 9/10; C12N 15/54; C12N 9/22
CN412705041,https://patentscope.wipo.int/search/en/detail.jsf?docId=CN412705041,202310859103.2,13.07.2023,CN,Application of RRA3 gene in controlling rice regeneration capacity,C12N 15/84; C07K 14/415; C12N 15/29; C12N 1/21; A01H 5/00; A01H 6/46; C12R 1/01
CN405759583,https://patentscope.wipo.int/search/en/detail.jsf?docId=CN405759583,202310447471.6,24.04.2023,CN,Application of GmBBX4 gene in regulation and control of synthesis of soybean isoflavone,C12N 15/29; C07K 14/415; C12N 15/84; C12N 15/113; A01H 5/00; A01H 6/54
CN376474760,https://patentscope.wipo.int/search/en/detail.jsf?docId=CN376474760,202110299392.6,19.03.2021,CN,Application and method of CsSH1 gene in improving spindling resistance of cucumbers in seedling stage,C12N 15/29; C12N 15/113; C12N 15/84; C12N 15/55; A01H 5/00; A01H 5/04; A01H 5/12; A01H 6/34
CN428100325,https://patentscope.wipo.int/search/en/detail.jsf?docId=CN428100325,202311833785.6,28.12.2023,CN,Method for creating turnip mosaic virus disease resistant brassica napus new germplasm through gene editing technology and application,C12N 15/29; C07K 14/415; C12N 15/82; A01H 5/00; A01H 6/20
CN439190999,https://patentscope.wipo.int/search/en/detail.jsf?docId=CN439190999,202310224344.X,09.03.2023,CN,Gene for regulating drought tolerance of sorghum and application thereof,C07K 14/415; C12N 15/29; C12N 15/84; A01H 5/06; A01H 5/10; A01H 5/00; A01H 6/46
US427161082,https://patentscope.wipo.int/search/en/detail.jsf?docId=US427161082,18367282,12.09.2023,US,GENETICALLY MODIFIED SORGHUM AND METHODS OF GENETICALLY ENGINEERING SORGHUM TO CONTROL CROSS-INCOMPATIBILITY,C12N 15/82; C12N 9/22; C12N 15/11
CN321725540,https://patentscope.wipo.int/search/en/detail.jsf?docId=CN321725540,202011444975.5,08.12.2020,CN,Efficient genome editing vector based on CRISPR-SaCas9 system and application of efficient genome editing vector,C12N 15/84; C12N 9/22; C12N 15/113; C12N 5/10; A01H 5/00; A01H 6/46
CN340392615,https://patentscope.wipo.int/search/en/detail.jsf?docId=CN340392615,202110924679.3,12.08.2021,CN,Method for rapidly analyzing construction condition of CRISPR/Cas9 gene editing vector and application,C12Q 1/6869
CN411745453,https://patentscope.wipo.int/search/en/detail.jsf?docId=CN411745453,202310575550.5,22.05.2023,CN,SgRNA and CRISPR/Cas9 vector for targeted knockout of CsWRKY42 gene and application of sgRNA and CRISPR/Cas9 vector,C12N 15/82; C12N 15/113; C12N 15/55; A01H 5/10; A01H 6/78
CN441986191,https://patentscope.wipo.int/search/en/detail.jsf?docId=CN441986191,202411126857.8,16.08.2024,CN,Application of OsDOF23 gene in controlling drought resistance of rice,C12N 15/82; C07K 14/415; C12N 15/29; A01H 6/46; A01H 5/00
CN364577080,https://patentscope.wipo.int/search/en/detail.jsf?docId=CN364577080,202210210126.6,04.03.2022,CN,Application of lettuce LsSAW1 gene in controlling heading character of lettuce,C12N 15/29; C12N 15/82; C07K 14/415; C12Q 1/6895; A01H 5/00; A01H 6/14
CN297065498,https://patentscope.wipo.int/search/en/detail.jsf?docId=CN297065498,202010083041.7,07.02.2020,CN,CRISPR (Clustered Regularly Interspaced Short Palindromic Repeats)/ Cas9 system knockout populus alba PDS (phytoene desaturase) gene and application thereof,C12N 15/82; A01H 5/00; A01H 6/00; C12N 15/11; C12N 15/113
CN340397317,https://patentscope.wipo.int/search/en/detail.jsf?docId=CN340397317,202010321783.9,22.04.2020,CN,Technology for intervening and blocking virus reverse transcription transposition based on CRISPR-Cas12a,C12N 15/113; C12N 15/79; C12N 15/65; C12N 15/90; C12N 15/81
CN393834649,https://patentscope.wipo.int/search/en/detail.jsf?docId=CN393834649,202210259345.3,16.03.2022,CN,Kit for cronobacter detection and detection method,C12Q 1/689; C12Q 1/6844; C12Q 1/04; C12N 15/11; C12N 9/22
CN353424329,https://patentscope.wipo.int/search/en/detail.jsf?docId=CN353424329,202111568997.7,21.12.2021,CN,Application of rice OsNAC2 gene in regulation and control of included angle of rice leaves,C12N 15/29; C07K 14/415; C12N 15/82; A01H 5/12; A01H 6/46
US297156569,https://patentscope.wipo.int/search/en/detail.jsf?docId=US297156569,16620614,07.06.2018,US,Compositions and methods for genome editing,C12N 15/82; C12N 9/22
CN413597033,https://patentscope.wipo.int/search/en/detail.jsf?docId=CN413597033,202310963646.9,01.08.2023,CN,Application of DGP1DGP1B gene in regulation and control of sensitivity of rice to red light,C12N 15/82; C12N 15/29; A01H 5/00; A01H 5/02; A01H 6/46
CA406583286,https://patentscope.wipo.int/search/en/detail.jsf?docId=CA406583286,3211382,,CA,"METHOD FOR SITE-DIRECTED MUTAGENESIS OF BNHBBD GENE OF BRASSICA NAPUS L., AND USE",C07K 14/415; C12N 1/21; C12N 9/22; C12N 15/113; C12N 15/29; C12N 15/55; C12N 15/82
CN361390364,https://patentscope.wipo.int/search/en/detail.jsf?docId=CN361390364,202210296828.0,24.03.2022,CN,Tobacco NtMLO6-1 gene and knockout method and application thereof,C12N 15/29; C07K 14/415; C12N 15/84; A01H 5/12; A01H 6/82
CN295319583,https://patentscope.wipo.int/search/en/detail.jsf?docId=CN295319583,202010014813.1,07.01.2020,CN,Method for realizing rice heterosis fixation,C12N 15/82; A01H 5/00; A01H 6/46
CN374079005,https://patentscope.wipo.int/search/en/detail.jsf?docId=CN374079005,202210680893.3,15.06.2022,CN,Application of TCP19 protein in regulation and control of rice sheath blight resistance,C07K 14/415; C12N 15/29; C12N 15/84; A01H 5/00; A01H 6/46
CN421213220,https://patentscope.wipo.int/search/en/detail.jsf?docId=CN421213220,202311656797.6,06.12.2023,CN,Wheat yellow mosaic disease-resistant gene TaRx-2D as well as protein coded by wheat yellow mosaic disease-resistant gene TaRx-2D and application thereof,C12N 15/29; C07K 14/415; C12N 15/82; A01H 5/00; A01H 6/46
CN402732639,https://patentscope.wipo.int/search/en/detail.jsf?docId=CN402732639,202211285574.9,20.10.2022,CN,Application of OsSUT2 gene in preparation of Sitobion avenae-resistant transgenic rice,C12N 15/29; C12N 15/82; A01H 5/00; A01H 6/46
CN179622310,https://patentscope.wipo.int/search/en/detail.jsf?docId=CN179622310,201610405985.5,10.06.2016,CN,CRISPR/cas9 (clustered regularly interspaced short palindromic repeats/associated proteins) system of bemisia tabaci MED cryptic species TRP gene and application of CRISPR/cas9 system,C12N 15/11; C12N 15/89
CN217880413,https://patentscope.wipo.int/search/en/detail.jsf?docId=CN217880413,201810051691.6,19.01.2018,CN,Gene OsPK3 for controlling 1000-grain weight of rice,C12N 9/12; C12N 15/54; C12N 15/82; A01H 5/10; A01H 6/46
CN432885828,https://patentscope.wipo.int/search/en/detail.jsf?docId=CN432885828,202410476284.5,19.04.2024,CN,Application of rice anchoring protein OsANK3 and coding gene thereof in regulation and control of seed development,C12N 15/82; C12N 15/113; C07K 14/415; A01H 5/10; A01H 6/46
CN206670678,https://patentscope.wipo.int/search/en/detail.jsf?docId=CN206670678,201710540810.X,05.07.2017,CN,Cas9-mediated tomato gene editing vector and application thereof,C12N 15/82; C12N 9/22; A01H 5/00
CN396415293,https://patentscope.wipo.int/search/en/detail.jsf?docId=CN396415293,202211322491.2,27.10.2022,CN,Application of PAP10a gene in regulation and control of rice blast resistance of rice,C12N 15/55; C12N 9/16; C12N 15/82; A01H 5/00; A01H 6/46
CN206678012,https://patentscope.wipo.int/search/en/detail.jsf?docId=CN206678012,201710345610.9,16.05.2017,CN,"Site-directed knockout system for rice TMS10 gene, and applications thereof",C12N 15/82; A01H 5/00
CN233251762,https://patentscope.wipo.int/search/en/detail.jsf?docId=CN233251762,201810637465.6,20.06.2018,CN,Construction method and application of eggplant CRISPR/Cas9 gene knock-out vector,C12N 15/82; C12N 15/113; A01H 4/00; A01H 5/00; A01H 6/82
CN427802616,https://patentscope.wipo.int/search/en/detail.jsf?docId=CN427802616,202311740658.1,18.12.2023,CN,Rice HSMS1 male sterile line created by using CRISPR and application of rice HSMS1 male sterile line,C12N 15/82; C12N 9/22; C12N 15/113; C07K 14/415; C12N 15/29; A01H 5/00; A01H 6/46
RU250114944,https://patentscope.wipo.int/search/en/detail.jsf?docId=RU250114944,2018101730,17.06.2016,RU,NOVEL CRISPR ENZYMES AND SYSTEMS,C12N 9/22; C12N 15/90; C12N 15/11; C12N 5/10
CN305430553,https://patentscope.wipo.int/search/en/detail.jsf?docId=CN305430553,202010401496.9,13.05.2020,CN,Method for performing site-directed mutation on rice TDR gene by CRISPR\Cas9 system and detection method,C12N 15/84; A01H 5/00; A01H 6/46; C12Q 1/6858
CN403512489,https://patentscope.wipo.int/search/en/detail.jsf?docId=CN403512489,202310188216.4,28.02.2023,CN,Application of SlCSN5B gene in regulation and control of tomato flowering time,C12N 15/29; C12N 15/84; A01H 5/02; A01H 6/82
CN432776483,https://patentscope.wipo.int/search/en/detail.jsf?docId=CN432776483,202410267049.7,08.03.2024,CN,Method for creating diploid seedless watermelon through gene editing ClSPL,C12N 15/84; C12N 15/29; C12N 15/113; C12N 15/11; A01H 5/10; A01H 6/34
CN440757981,https://patentscope.wipo.int/search/en/detail.jsf?docId=CN440757981,202411104915.7,13.08.2024,CN,Wheat transcription factor gene TaSGT1 and application thereof,C12N 15/29; C07K 14/415; C12N 15/82; A01H 5/00; A01H 6/46
CN343415213,https://patentscope.wipo.int/search/en/detail.jsf?docId=CN343415213,202110987392.5,26.08.2021,CN,Rice cold-resistant gene OsRab11C1 and application thereof,C12N 15/29; C12N 15/82; C12N 15/113; C07K 14/415; A01H 5/00; A01H 6/46
CN409230988,https://patentscope.wipo.int/search/en/detail.jsf?docId=CN409230988,202310733434.1,20.06.2023,CN,Preparation method of rice germplasm with relatively low amylose content,C12N 15/82; A01H 6/46; A01H 5/10
CN414616758,https://patentscope.wipo.int/search/en/detail.jsf?docId=CN414616758,202310380212.6,11.04.2023,CN,Molecular detection target g7594 of fusarium solani and application thereof,C12Q 1/6895; C12Q 1/6844; C07K 14/37; C12N 15/31; C12N 15/11; C12R 1/77
CN429515032,https://patentscope.wipo.int/search/en/detail.jsf?docId=CN429515032,202410111954.3,26.01.2024,CN,Method for quickly converting diploid host into haploid and application of method in large-fragment DNA (Deoxyribose Nucleic Acid) transfer,C12N 15/81; C12N 15/90; C12N 1/19; C12R 1/645; C12R 1/865; C12R 1/84
CN178125139,https://patentscope.wipo.int/search/en/detail.jsf?docId=CN178125139,201610248513.3,20.04.2016,CN,Application of male-sterility gene OsGEN and method for restoring fertility,C12N 15/82; C07K 14/415; C12N 15/29; A01H 5/00; C12Q 1/68; A01H 1/02
CN395743650,https://patentscope.wipo.int/search/en/detail.jsf?docId=CN395743650,202211693198.7,28.12.2022,CN,Method for improving storability of plant fruits,C12N 15/82; C12N 15/84; C12N 15/29; C12N 15/113; A01H 5/00; A01H 6/82
CN426072760,https://patentscope.wipo.int/search/en/detail.jsf?docId=CN426072760,202311711783.X,13.12.2023,CN,Application of GhnsLTP1 gene in regulation and control of cotton fiber length,C12N 15/29; C12N 15/82; C07K 14/415; C12Q 1/6895; C12Q 1/6851; A01H 5/00; A01H 6/60
CN318108166,https://patentscope.wipo.int/search/en/detail.jsf?docId=CN318108166,202010917117.1,03.09.2020,CN,Application of OsZFP1 gene in control of oryza sativa L. drought resistance,C12N 15/29; C07K 14/415; C12N 15/82; A01H 5/00; A01H 6/46
CN242190018,https://patentscope.wipo.int/search/en/detail.jsf?docId=CN242190018,201910071781.6,25.01.2019,CN,Application of OsCKX7 protein and its encoding gene in regulating plant sheath blight resistance,C07K 14/415; C12N 15/29; C12N 15/82; C12N 5/10; A01H 5/00; A01H 6/46
CN398430744,https://patentscope.wipo.int/search/en/detail.jsf?docId=CN398430744,202211139980.4,19.09.2022,CN,Method for improving properties of poplar,C12N 15/113; C12N 15/84; C12N 15/29; C12N 1/21; A01H 5/06; A01H 5/04; A01H 5/00; A01H 6/00; C12R 1/01
CN396317043,https://patentscope.wipo.int/search/en/detail.jsf?docId=CN396317043,202211308830.1,25.10.2022,CN,"Tomato SlBBX31 gene, InDel marker and application",C12N 15/82; C12N 15/29; C07K 14/415; A01H 6/82; A01H 5/00; C12Q 1/6895; C12N 15/11
CN382198213,https://patentscope.wipo.int/search/en/detail.jsf?docId=CN382198213,202210620278.3,01.06.2022,CN,"Receptor-like protein kinase STRK2 protein for regulating and controlling salt tolerance of rice, gene and application",C12N 9/12; C12N 15/54; C12N 15/82; A01H 5/00; A01H 6/46
CN276475341,https://patentscope.wipo.int/search/en/detail.jsf?docId=CN276475341,201910675934.8,25.07.2019,CN,Application of NOR gene and encoded protein thereof in regulating synthesis of flavonoids in tomato fruits,C12N 15/82; C12N 15/29; A01H 5/08; A01H 6/82
CN399507194,https://patentscope.wipo.int/search/en/detail.jsf?docId=CN399507194,202310437674.7,23.04.2023,CN,Application of inhibition of expression of ZmP5H1 and ZmP5H2 genes in improvement of heat resistance of corn,C12N 15/29; C12N 15/82; A01H 5/00; A01H 6/46
CN251686813,https://patentscope.wipo.int/search/en/detail.jsf?docId=CN251686813,201910501858.9,11.06.2019,CN,Rice temperature-sensitive nuclear sterility gene tms3 mutant and its molecular marker and application thereof,C12N 15/29; C12N 15/11; C12N 15/82; C07K 14/415; C12Q 1/6895; A01H 5/00; A01H 6/46
CN442103833,https://patentscope.wipo.int/search/en/detail.jsf?docId=CN442103833,202411102806.1,13.08.2024,CN,"SlSWEET12c gene for regulating and controlling sugar content of tomato fruits, method and application",C12N 15/29; C07K 14/415; C12N 15/82; A01H 6/82; A01H 5/08
CN311261423,https://patentscope.wipo.int/search/en/detail.jsf?docId=CN311261423,202010775061.0,05.08.2020,CN,Method for creating high-yield brassica napus germplasm by editing BnaARF2,C12N 15/82; A01H 5/00; A01H 5/10; A01H 6/20
CN376481993,https://patentscope.wipo.int/search/en/detail.jsf?docId=CN376481993,202210669512.1,14.06.2022,CN,Application of OsJMJ718 gene and encoded protein thereof in regulation and control of rice grain shape,C12N 9/02; C12N 15/53; C12N 15/82; A01H 5/10; A01H 6/46
CN297071312,https://patentscope.wipo.int/search/en/detail.jsf?docId=CN297071312,202010078896.0,03.02.2020,CN,Gene gun mediated efficient gene editing method for zoysia japonica,C12N 15/89; C12N 15/82; C12N 15/113; C12N 9/02; A01H 5/00; A01H 6/46
EP330907214,https://patentscope.wipo.int/search/en/detail.jsf?docId=EP330907214,19830148,03.07.2019,EP,METHOD FOR SITE-SPECIFIC MUTAGENESIS OF MEDICAGO SATIVA GENE BY USING CRISPR/CAS9 SYSTEM,C12N 15/82; A01H 5/00; A01H 6/54; C12N 9/22; C12N 15/70
CN408067910,https://patentscope.wipo.int/search/en/detail.jsf?docId=CN408067910,202210197967.8,01.03.2022,CN,Method for intervening and inhibiting Zika virus based on CRISPR-CAS13 system and application,C12N 15/113; C12N 9/22; C12N 15/85; A61K 31/7105; A61P 31/14
CA316323040,https://patentscope.wipo.int/search/en/detail.jsf?docId=CA316323040,3105396,,CA,METHOD FOR SITE-SPECIFIC MUTAGENESIS OF MEDICAGO SATIVA GENES BY USING CRISPR/CAS9 SYSTEM,A01H 5/00; A01H 6/54; C12N 9/22; C12N 15/70; C12N 15/82
GB426478738,https://patentscope.wipo.int/search/en/detail.jsf?docId=GB426478738,202310807,13.07.2023,GB,Application of PDHB gene in resistance to fusaric acid,C12N 15/113; C12N 5/10; C12N 9/02; C12N 15/85
US301567773,https://patentscope.wipo.int/search/en/detail.jsf?docId=US301567773,16718155,17.12.2019,US,CRISPR CPF1 DIRECT REPEAT VARIANTS,C12N 15/86; C12N 9/22
CN352777334,https://patentscope.wipo.int/search/en/detail.jsf?docId=CN352777334,202111195985.4,14.10.2021,CN,Application of glutamate dehydrogenase as target spot in pest control,C12N 15/113; C12N 15/85; C12N 15/55; C12N 15/53
CN393834648,https://patentscope.wipo.int/search/en/detail.jsf?docId=CN393834648,202210259323.7,16.03.2022,CN,Kit and detection method for detecting escherichia coli O157,C12Q 1/689; C12Q 1/6844; C12N 15/11; C12R 1/19
CN395074893,https://patentscope.wipo.int/search/en/detail.jsf?docId=CN395074893,202211505627.3,28.11.2022,CN,Oligo DNA group of sgRNA of two fixed-point knockout rice gene OsZFP8 and application of oligo DNA group,C12N 15/113; C12N 15/84; C12N 15/29; C07K 14/415; A01H 5/10; A01H 6/46
CN374857622,https://patentscope.wipo.int/search/en/detail.jsf?docId=CN374857622,202210652598.7,09.06.2022,CN,Method for improving water transport efficiency of rice and/or promoting xylem growth of rice,C12N 15/54; C12N 9/10; C12N 15/84; C12N 15/74; C12N 1/21; A01H 5/00; A01H 6/46; C12R 1/01
CN435098125,https://patentscope.wipo.int/search/en/detail.jsf?docId=CN435098125,202410359122.3,27.03.2024,CN,Application of rice OsFWL1 gene in improving rice quality,C12N 15/84; C12N 15/29; A01H 6/46; A01H 5/10
CN395776531,https://patentscope.wipo.int/search/en/detail.jsf?docId=CN395776531,202211253287.X,13.10.2022,CN,Rape RNA processing factor NCBP gene and application thereof,C12N 15/29; C12N 15/11; C12N 15/82; C12N 15/84; A01H 5/02; A01H 6/20
CN356055569,https://patentscope.wipo.int/search/en/detail.jsf?docId=CN356055569,202111586842.6,23.12.2021,CN,Application of copper ion transporter gene OsCOPT7 in rice breeding,C12N 15/29; C12N 15/82; C07K 14/415; A01H 5/00; A01H 6/46
CN399619894,https://patentscope.wipo.int/search/en/detail.jsf?docId=CN399619894,202210944170.X,05.08.2022,CN,Rice salt-tolerant genes OsINH2 and OsIN3 and application thereof,C12N 15/55; C12N 15/84; A01H 5/10; A01H 5/02; A01H 5/00; A01H 6/46; A01H 6/82
CN205780970,https://patentscope.wipo.int/search/en/detail.jsf?docId=CN205780970,201710251008.9,18.04.2017,CN,Zea mays transcription factor ZmbZIP22 and application thereof,C07K 14/415; C12N 15/29; C12N 15/82; A01H 5/10; A01H 6/46
CN345600902,https://patentscope.wipo.int/search/en/detail.jsf?docId=CN345600902,202110764142.5,06.07.2021,CN,Mutant of soybean GmTic110 gene and application of mutant,C12N 15/29; C12N 15/82; C07K 14/415; A01H 5/00; A01H 6/54
CN345615617,https://patentscope.wipo.int/search/en/detail.jsf?docId=CN345615617,202010493437.9,01.06.2020,CN,Semi-dwarf banana gene editing vector as well as construction method and application thereof,C12N 15/84; C12N 15/66; C12N 1/21; A01H 5/00; A01H 6/00; C12R 1/01
CN403940956,https://patentscope.wipo.int/search/en/detail.jsf?docId=CN403940956,202310360952.3,06.04.2023,CN,Limonium bicolor gene Lb3G20842 and application thereof,C12N 15/29; C12N 15/113; C12N 15/82; A01H 5/00; A01H 6/00
CN435125842,https://patentscope.wipo.int/search/en/detail.jsf?docId=CN435125842,202410383665.9,01.04.2024,CN,Method for increasing oil content of soybean seeds,C12N 15/82; C12N 15/29; A01H 5/10; A01H 6/54
CN318123668,https://patentscope.wipo.int/search/en/detail.jsf?docId=CN318123668,201910720664.8,06.08.2019,CN,Construction method and application of porcine cells for expressing human sting protein,C12N 15/867; C12N 5/10
CN403542431,https://patentscope.wipo.int/search/en/detail.jsf?docId=CN403542431,202310400913.1,14.04.2023,CN,"Gene ENT for regulating tiller number and biomass of switchgrass as well as encoding protein, expression vector and application of gene ENT",C12N 15/29; C07K 14/415; C12N 15/82; C12Q 1/6895; C12N 15/11
EP443015623,https://patentscope.wipo.int/search/en/detail.jsf?docId=EP443015623,24173285,09.11.2015,EP,SYSTEMS FOR IMPROVING CRISPR/CAS-MEDIATED GENOME-EDITING,C12N 15/10
EP203791896,https://patentscope.wipo.int/search/en/detail.jsf?docId=EP203791896,15795322,09.11.2015,EP,SYSTEMS FOR IMPROVING CRISPR/CAS-MEDIATED GENOME-EDITING,C12N 15/10; A61K 48/00; C12N 15/113
US360588276,https://patentscope.wipo.int/search/en/detail.jsf?docId=US360588276,17520246,05.11.2021,US,COMPOSITIONS AND METHODS FOR RNA-ENCODED DNA-REPLACEMENT OF ALLELES,C12N 15/90; C12N 9/22; C12N 15/11; C12N 15/66; C07K 14/47; C12N 9/12
GB211848660,https://patentscope.wipo.int/search/en/detail.jsf?docId=GB211848660,201613156,29.07.2016,GB,Wheat,A01H 1/06; A01H 1/02; C12N 5/04; C12N 15/82
CN328991743,https://patentscope.wipo.int/search/en/detail.jsf?docId=CN328991743,201911291240.0,16.12.2019,CN,CRISPR-Cas-based Escherichia coli genome editing tool,C12N 15/90; C12N 15/70; C12N 9/22
AR444955530,https://patentscope.wipo.int/search/en/detail.jsf?docId=AR444955530,P230102596,29.09.2023,AR,MÉTODOS DE MANIPULACIÓN DE PLANTAS,C12N 15/82; A01H 4/00; A01H 6/14
CN399169725,https://patentscope.wipo.int/search/en/detail.jsf?docId=CN399169725,202111383529.2,22.11.2021,CN,Bacteria in-vivo targeting protein acylation modification method,C12N 15/62; C12N 15/70; C12R 1/19
CN210664797,https://patentscope.wipo.int/search/en/detail.jsf?docId=CN210664797,201710949078.1,12.10.2017,CN,Establishment of Chinese cabbage CRISPR-Cas9 gene editing system and application thereof,C12N 15/82; C12N 1/21; A01H 5/02
CN314084706,https://patentscope.wipo.int/search/en/detail.jsf?docId=CN314084706,201910534976.X,20.06.2019,CN,Marker gene of CRISPR/Cas9 gene editing system applied to hermetia illucens,C12N 15/90; C12N 9/22; C12N 15/89; C12N 15/113; C12N 15/11; A01K 67/027
CN431385807,https://patentscope.wipo.int/search/en/detail.jsf?docId=CN431385807,202410300135.3,15.03.2024,CN,CRISPR/Cas9-based leaf mustard BjRCO gene editing material,C12N 15/29; C12N 15/84; A01H 5/12; A01H 6/20
CN439118527,https://patentscope.wipo.int/search/en/detail.jsf?docId=CN439118527,202410872485.7,01.07.2024,CN,"Expression vector, application of broccoli gene in improvement of broccoli purple and improvement method",C12N 15/82; C12N 15/113; C12N 9/22; C12N 15/53; A01H 6/20; A01H 5/12; A01H 5/02; A01H 5/04
US306969677,https://patentscope.wipo.int/search/en/detail.jsf?docId=US306969677,16765553,21.11.2018,US,Composition for genome editing using CRISPR/CPF1 system and use thereof,C12N 15/113; C12N 9/22; C12N 15/82; C12N 15/85; C12N 9/96
AU297188130,https://patentscope.wipo.int/search/en/detail.jsf?docId=AU297188130,2018370588,21.11.2018,AU,Composition for Genome Editing Using Crispr/CPF1 System and Use Thereof,C12N 15/79; C12N 9/22; C12N 15/10; C12N 15/113; C12N 15/90
AU397751753,https://patentscope.wipo.int/search/en/detail.jsf?docId=AU397751753,2021374974,05.11.2021,AU,COMPOSITIONS AND METHODS FOR RNA-ENCODED DNA-REPLACEMENT OF ALLELES,C12N 15/10; C12N 9/12; C12N 9/22; C12N 15/11; C12N 15/62
NZ396385426,https://patentscope.wipo.int/search/en/detail.jsf?docId=NZ396385426,798968,11.04.2023,NZ,COMPOSITIONS AND METHODS FOR RNA-ENCODED DNA-REPLACEMENT OF ALLELES,C12N 15/10; C12N 15/11; C12N 15/62; C12N 9/12; C12N 9/22
CN339912584,https://patentscope.wipo.int/search/en/detail.jsf?docId=CN339912584,202110278014.X,15.03.2021,CN,Method for advancing rice growth period and increasing yield by using mutant OsHsfC2a gene,C12N 15/29; C12N 15/84; C12N 15/55; A01H 5/00; A01H 6/46
CN391140300,https://patentscope.wipo.int/search/en/detail.jsf?docId=CN391140300,202211273124.8,18.10.2022,CN,Application of isoprenylated protein GmHIPP26 in plant cadmium transport,C07K 14/415; C12N 15/29; C12N 15/84; A01H 5/00; A01H 6/54
CN437342414,https://patentscope.wipo.int/search/en/detail.jsf?docId=CN437342414,202410917432.2,10.07.2024,CN,Application of arabidopsis thaliana COP1 gene in regulation and control of root hair development,C12N 15/29; C07K 14/415; C12N 15/82; A01H 5/00; A01H 6/20
KR379164457,https://patentscope.wipo.int/search/en/detail.jsf?docId=KR379164457,1020210056809,30.04.2021,KR,HERBICIDE-RESISTANT PLANT AND METHOD FOR PRODUCING SAME,A01H 1/00; A01H 6/54; C12N 15/10; C12N 15/113; C12N 15/82; C12N 9/22; C12Q 1/04
CN350449498,https://patentscope.wipo.int/search/en/detail.jsf?docId=CN350449498,202111075160.9,14.09.2021,CN,Brassica napus BnHBBD gene site-specific mutagenesis method and application,C12N 15/113; C12N 15/55; C12N 9/22; C12N 15/82; C12N 1/21; C12N 15/29; C07K 14/415; A01H 5/00; A01H 5/02; A01H 6/20
CN418367512,https://patentscope.wipo.int/search/en/detail.jsf?docId=CN418367512,202311048560.X,18.08.2023,CN,Application of cytokinin oxidase gene in increasing zinc and iron contents of plant grains,C12N 9/06; C12N 15/53; C12N 15/82; A01H 5/10; A01H 6/46
CN428333581,https://patentscope.wipo.int/search/en/detail.jsf?docId=CN428333581,202410100274.1,24.01.2024,CN,Application of editing site of soybean SWEET homologous gene as target spot in regulation and control of hypocotyl length of soybean,C12N 15/82; C12N 15/29; A01H 6/54; A01H 5/00
IN211746396,https://patentscope.wipo.int/search/en/detail.jsf?docId=IN211746396,6312/CHENP/2015,13.10.2015,IN,ENGINEERING PLANT GENOMES USING CRISPR/CAS SYSTEMS,C12N 15/82; C12N 15/86; A01H 5/00
US344363889,https://patentscope.wipo.int/search/en/detail.jsf?docId=US344363889,17405577,18.08.2021,US,ENGINEERING PLANT GENOMES USING CRISPR/Cas SYSTEMS,C12N 15/113; C12N 15/82; C12N 9/16; C12N 15/52
CN396317308,https://patentscope.wipo.int/search/en/detail.jsf?docId=CN396317308,202211578415.8,09.12.2022,CN,Application of SlPRMT5 gene and protein thereof in regulation and control of tomato fruit maturation,C12N 9/10; C12N 15/54; C12N 15/84; A01H 5/08; A01H 6/82
MX175573184,https://patentscope.wipo.int/search/en/detail.jsf?docId=MX175573184,2015011985,09.09.2015,MX,ENGINEERING PLANT GENOMES USING CRISPR/CAS SYSTEMS.,C12N 15/82
US107417207,https://patentscope.wipo.int/search/en/detail.jsf?docId=US107417207,14211712,14.03.2014,US,ENGINEERING PLANT GENOMES USING CRISPR/Cas SYSTEMS,C12N 15/82
US137592146,https://patentscope.wipo.int/search/en/detail.jsf?docId=US137592146,14629859,24.02.2015,US,ENGINEERING PLANT GENOMES USING CRISPR/Cas SYSTEMS,C12N 15/113; C12N 15/52; C12N 9/16; C12N 15/82
AU181648586,https://patentscope.wipo.int/search/en/detail.jsf?docId=AU181648586,2014227831,14.03.2014,AU,Engineering plant genomes using CRISPR/Cas systems,C12N 15/82; A01H 5/00; C12N 15/86
AU294794230,https://patentscope.wipo.int/search/en/detail.jsf?docId=AU294794230,2020202823,29.04.2020,AU,Engineering plant genomes using CRISPR/Cas systems,C12N 15/82; A01H 5/00; C12N 15/86
CN206675929,https://patentscope.wipo.int/search/en/detail.jsf?docId=CN206675929,201710734041.7,24.08.2017,CN,Gene editing method using CRISPR/Cas9 system to create pink fruit tomato,C12N 15/82; C12N 15/113; A01H 5/00; A01H 4/00
CN314493475,https://patentscope.wipo.int/search/en/detail.jsf?docId=CN314493475,202010987093.7,18.09.2020,CN,Application of rice OsAUX3 gene in regulating and controlling grain length of rice seed,C12N 15/29; C07K 14/415; C12N 15/82; A01H 5/10; A01H 6/46
US323259944,https://patentscope.wipo.int/search/en/detail.jsf?docId=US323259944,17090334,05.11.2020,US,Compositions and methods for RNA-encoded DNA-replacement of alleles,C12N 15/82; C12N 9/22; C12N 15/11; C12N 15/113
US429374553,https://patentscope.wipo.int/search/en/detail.jsf?docId=US429374553,18423374,26.01.2024,US,COMPOSITIONS AND METHODS FOR RNA-ENCODED DNA-REPLACEMENT OF ALLELES,C12N 15/82; C12N 9/22; C12N 15/113
US429026426,https://patentscope.wipo.int/search/en/detail.jsf?docId=US429026426,18423378,26.01.2024,US,COMPOSITIONS AND METHODS FOR RNA-ENCODED DNA-REPLACEMENT OF ALLELES,C12N 15/82; C12N 9/22; C12N 15/113
CN301623275,https://patentscope.wipo.int/search/en/detail.jsf?docId=CN301623275,202010459528.0,26.05.2020,CN,"NF-YB9 mutant gene, and protein and application thereof",C12N 15/29; C07K 14/415; C12N 15/84; A01H 5/10; A01H 6/46; C12Q 1/6895; G01N 33/68
WO2020011985,https://patentscope.wipo.int/search/en/detail.jsf?docId=WO2020011985,PCT/EP2019/068839,12.07.2019,WO,TYPE V CRISPR/NUCLEASE-SYSTEM FOR GENOME EDITING IN PLANT CELLS,C12N 15/10; C12N 15/82; C12N 9/22
CN364307539,https://patentscope.wipo.int/search/en/detail.jsf?docId=CN364307539,202011310758.7,20.11.2020,CN,Application of OsCRKD1 gene in controlling drought resistance of rice,C12N 15/84; C12N 15/54; A01H 5/00; A01H 6/46
CN398575006,https://patentscope.wipo.int/search/en/detail.jsf?docId=CN398575006,202211500747.4,28.11.2022,CN,Rice MYB transcription factor and application of encoding protein thereof,C12N 15/82; C12N 15/29; C07K 14/415; A01H 5/00; A01H 6/46; C12Q 1/6895; C12N 15/11
CN428331870,https://patentscope.wipo.int/search/en/detail.jsf?docId=CN428331870,202410083485.9,19.01.2024,CN,Application of OsCRK31 gene in controlling drought resistance of rice,C12N 9/12; C12N 15/82; C12N 15/54; A01H 5/00; A01H 6/46
GB249993847,https://patentscope.wipo.int/search/en/detail.jsf?docId=GB249993847,201801692,01.02.2018,GB,Wheat,A01H 1/06; A01H 1/02; A01H 5/10; A01H 6/46; C12N 5/04; C12N 15/82
CN403528696,https://patentscope.wipo.int/search/en/detail.jsf?docId=CN403528696,202310415761.2,18.04.2023,CN,"Wheat effective tiller number and yield regulation and control gene TraesCS2A02G577100 as well as encoding protein, expression vector and application of wheat effective tiller number and yield regulation and control gene TraesCS2A02G577100",C12N 15/29; C07K 14/415; C12N 15/84; A01H 5/00; A01H 6/46; C12Q 1/6895; C12N 15/11
CN325822384,https://patentscope.wipo.int/search/en/detail.jsf?docId=CN325822384,202110270214.0,12.03.2021,CN,GhFLA19-D protein for adjusting and controlling male reproductive development of cotton as well as coding gene and application of GhFLA19-D protein,C07K 14/415; C12N 15/29; C12N 15/84; A01H 5/02; A01H 6/60
CN323796526,https://patentscope.wipo.int/search/en/detail.jsf?docId=CN323796526,202110116744.X,28.01.2021,CN,Separated lettuce Tr gene and application thereof in controlling allergic reaction of lettuce to triazinam,C07K 14/415; C12N 15/29; C12N 15/82; A01H 5/00; A01H 6/14; C12Q 1/6895
CN409107338,https://patentscope.wipo.int/search/en/detail.jsf?docId=CN409107338,202310641992.5,01.06.2023,CN,Application of rice recombination frequency regulation related genes RAD51C and RAD51D,C07K 14/415; C12N 15/29; C12N 15/84; C12N 15/113; A01H 5/00; A01H 6/46
CN403936848,https://patentscope.wipo.int/search/en/detail.jsf?docId=CN403936848,202310276468.2,21.03.2023,CN,"Wheat sugar transporter, gene and application thereof",C07K 14/415; C12N 15/29; C12N 15/82; A01H 5/00; A01H 6/46
CN431127471,https://patentscope.wipo.int/search/en/detail.jsf?docId=CN431127471,202410082734.2,19.01.2024,CN,Application of OsCRK29 gene in controlling drought resistance of rice,C12N 9/12; C12N 15/82; C12N 15/54; A01H 5/00; A01H 6/46
WO2020156367,https://patentscope.wipo.int/search/en/detail.jsf?docId=WO2020156367,PCT/CN2020/073414,21.01.2020,WO,METHOD FOR IMPROVING ORYZA SATIVA YIELD AND/OR BLAST RESISTANCE AND PROTEIN USED THEREBY,A01H 1/06; C12N 15/29; C12N 15/113
CN427815280,https://patentscope.wipo.int/search/en/detail.jsf?docId=CN427815280,202410032949.3,09.01.2024,CN,Application of rice OsSPL10 gene in regulation and control of pre-harvest germination of rice,C12N 15/29; C07K 14/415; C12N 15/84; A01H 5/00; A01H 6/46
US414867758,https://patentscope.wipo.int/search/en/detail.jsf?docId=US414867758,18040942,17.08.2021,US,"COMPOSITIONS, SYSTEMS, AND METHODS FOR ORTHOGONAL GENOME ENGINEERING IN PLANTS",C12N 15/82; C12N 9/22; C12N 15/11; C12N 15/115
CN321248686,https://patentscope.wipo.int/search/en/detail.jsf?docId=CN321248686,202011597646.4,29.12.2020,CN,Novel creation method of self-incompatible brassica napus germplasm,C12N 15/113; C12N 15/29; C12N 15/82; A01H 5/00; A01H 6/20
US422368628,https://patentscope.wipo.int/search/en/detail.jsf?docId=US422368628,17642050,19.08.2021,US,TRANSGENIC PLANT WITH REDUCED HEAVY METALS AND METHODS FOR PREPARATION THEREOF,C12N 15/82; C12N 9/10; C12N 9/22; C12N 15/11
WO2020007002,https://patentscope.wipo.int/search/en/detail.jsf?docId=WO2020007002,PCT/CN2018/124189,27.12.2018,WO,METHOD FOR ACQUIRING AND CREATING STERILE MUTANT,A01H 1/02; A01H 1/04; C12N 15/82; C12N 15/11
CN254165622,https://patentscope.wipo.int/search/en/detail.jsf?docId=CN254165622,201910525288.7,18.06.2019,CN,Naringenin production method based on phomopsis cell fermentation,C12P 17/06; C12N 15/80; C12N 15/90; C12N 15/54; C12R 1/645
CN323798469,https://patentscope.wipo.int/search/en/detail.jsf?docId=CN323798469,202110331141.1,29.03.2021,CN,Gene related to flue-cured tobacco ash hanging and application thereof,C12N 15/29; C12N 15/84; C12N 15/55; A01H 5/12; A01H 6/82
EP238735856,https://patentscope.wipo.int/search/en/detail.jsf?docId=EP238735856,17720040,20.04.2017,EP,"METHODS FOR MODIFICATION OF TARGET NUCLEIC ACIDS USING A FUSION MOLECULE OF GUIDE AND DONOR RNA, FUSION RNA MOLECULE AND VECTOR SYSTEMS ENCODING THE FUSION RNA MOLECULE",C12N 9/22; C12N 15/90
KR418625636,https://patentscope.wipo.int/search/en/detail.jsf?docId=KR418625636,1020220073655,16.06.2022,KR,EHMT2 GENE-EDITED CELLS RESISTANT TO FOOT-AND-MOUTH DISEASE VIRUS AND USES THEREOF,C12N 15/113; A01K 67/027; C12N 15/10; C12N 15/85
CN431396278,https://patentscope.wipo.int/search/en/detail.jsf?docId=CN431396278,202410453221.8,16.04.2024,CN,Method for creating watermelon male sterility germplasm through gene editing ClMS188,C12N 15/84; C12N 15/11; C12N 15/29; A01H 5/00; A01H 6/34
CN429083659,https://patentscope.wipo.int/search/en/detail.jsf?docId=CN429083659,202410314633.3,19.03.2024,CN,"South ocean mealybug gluteus rapid detection primer group, kit and identification method",C12Q 1/6888; C12Q 1/6844; C12N 15/11
CN396315123,https://patentscope.wipo.int/search/en/detail.jsf?docId=CN396315123,202211471598.3,23.11.2022,CN,Application of AL7 gene in regulation and control of rice chloroplast development and/or rice leaf color,C12N 15/82; C12N 15/29; C12N 15/113; C07K 14/415; A01H 5/12; A01H 6/46
CN430574952,https://patentscope.wipo.int/search/en/detail.jsf?docId=CN430574952,202410237565.5,01.03.2024,CN,Technical system for performing nutrient high-throughput screening by regulating mRNA m6A level through targeted FTO gene,C12Q 1/02; G01N 21/64; C12N 15/85; C12N 15/65; C12N 15/113; C12N 15/53; C12N 5/10
CN235629297,https://patentscope.wipo.int/search/en/detail.jsf?docId=CN235629297,201780025990.6,20.04.2017,CN,IMPROVED METHODS FOR MODIFICATION OF TARGET NUCLEIC ACIDS,C12N 9/22; C12N 15/90
CN437264668,https://patentscope.wipo.int/search/en/detail.jsf?docId=CN437264668,202410698541.X,31.05.2024,CN,Application of qULG2b gene in improvement of rice grain length character,C12N 15/82; C12N 15/29; C07K 14/415; C12N 15/113; C12N 15/11; A01H 5/10; A01H 6/46
CA232854835,https://patentscope.wipo.int/search/en/detail.jsf?docId=CA232854835,3022475,,CA,IMPROVED METHODS FOR MODIFICATION OF TARGET NUCLEIC ACIDS,C12N 9/22; C12N 15/90
MX251369838,https://patentscope.wipo.int/search/en/detail.jsf?docId=MX251369838,2018013256,29.10.2018,MX,IMPROVED METHODS FOR MODIFICATION OF TARGET NUCLEIC ACIDS.,C12N 9/22
MX398105214,https://patentscope.wipo.int/search/en/detail.jsf?docId=MX398105214,2021009235,29.10.2018,MX,IMPROVED METHODS FOR MODIFICATION OF TARGET NUCLEIC ACIDS.,C12N 9/22
AU315236320,https://patentscope.wipo.int/search/en/detail.jsf?docId=AU315236320,2019299296,03.07.2019,AU,Method for site-specific mutagenesis of medicago sativa gene by using CRISPR/Cas9 system,C12N 15/82; A01H 5/00; A01H 6/54; C12N 9/22; C12N 15/70
CN107128313,https://patentscope.wipo.int/search/en/detail.jsf?docId=CN107128313,201410210447.1,16.05.2014,CN,Breeding method capable of changing glume color of rice varieties with yellow glume to brownness,C12N 15/82; A01H 4/00; A01H 5/00
CN316356885,https://patentscope.wipo.int/search/en/detail.jsf?docId=CN316356885,202011304335.4,19.11.2020,CN,Application of OsPPCK2 gene in regulating and controlling drought resistance of rice,C12N 15/60; C12N 15/82; A01H 5/00; A01H 6/46
CN383849259,https://patentscope.wipo.int/search/en/detail.jsf?docId=CN383849259,202110678422.4,18.06.2021,CN,Rice copper stress response gene OsCORK1 as well as encoding protein and application thereof,C12N 15/54; C12N 9/12; C12N 15/11; C12N 15/82; C12N 15/55; A01H 5/00; A01H 5/10; A01H 6/46; C12Q 1/6895; A01H 1/04
CN306317204,https://patentscope.wipo.int/search/en/detail.jsf?docId=CN306317204,201910145602.9,27.02.2019,CN,Application of ZmCEP1 gene to regulation of development of maize kernels,C07K 14/415; C12N 15/29; C12N 15/82; A01H 5/10; A01H 6/46
CN406247402,https://patentscope.wipo.int/search/en/detail.jsf?docId=CN406247402,202310394618.X,13.04.2023,CN,"Soybean pod bearing number and yield regulation gene GLYMA02G083400 as well as encoding protein, expression vector and application of soybean pod bearing number and yield regulation gene GLYMA02G083400",C12N 15/29; C07K 14/415; C12N 15/82; A01H 5/00; A01H 6/54; C12Q 1/6895
CN338610507,https://patentscope.wipo.int/search/en/detail.jsf?docId=CN338610507,202110815459.7,19.07.2021,CN,Application of tomato WRKY37 protein in regulation and control of leaf aging resistance of tomatoes and improvement of tomato yield,C12N 15/82; C12N 15/29; C12N 15/113; A01H 5/08; A01H 5/12; A01H 6/82
CN436060393,https://patentscope.wipo.int/search/en/detail.jsf?docId=CN436060393,202410533713.8,29.04.2024,CN,Extension factor complex subunit OsELP4 gene for regulating and controlling resistance of rice to rice blast and application of extension factor complex subunit OsELP4 gene,C12N 15/54; C12N 9/10; C12N 15/82; A01H 5/00; A01H 6/46
CN334874000,https://patentscope.wipo.int/search/en/detail.jsf?docId=CN334874000,202110566843.8,24.05.2021,CN,"Method for targeted knockout of rice grain shape regulatory gene SLG7, rice grain shape regulatory gene SLG7 mutant and application thereof",C12N 15/84; C12N 15/113; C12N 15/29; C12N 15/66; A01H 4/00; A01H 5/10; A01H 6/46
CA196206281,https://patentscope.wipo.int/search/en/detail.jsf?docId=CA196206281,2963820,,CA,METHODS FOR IMPROVING CRISPR/CAS-MEDIATED GENOME-EDITING,C12N 15/10
CN426589728,https://patentscope.wipo.int/search/en/detail.jsf?docId=CN426589728,202410081090.5,19.01.2024,CN,Application of OsCRK13 gene in controlling low temperature resistance of rice,C12N 9/12; C12N 15/82; C12N 15/54; A01H 5/00; A01H 6/46
CN346619737,https://patentscope.wipo.int/search/en/detail.jsf?docId=CN346619737,202111225771.7,21.10.2021,CN,DMP protein as well as coding gene and application thereof,C07K 14/415; C12N 15/29; C12N 15/84; A01H 5/00; A01H 6/54
WO2016073990,https://patentscope.wipo.int/search/en/detail.jsf?docId=WO2016073990,PCT/US2015/059782,09.11.2015,WO,METHODS FOR IMPROVING CRISPR/CAS-MEDIATED GENOME-EDITING,C12N 15/10
CN237684170,https://patentscope.wipo.int/search/en/detail.jsf?docId=CN237684170,201811328793.4,09.11.2018,CN,Papaya U6 promoter genes and application,C12N 15/113; C12N 15/82; A01H 5/00; A01H 6/00
CN279016474,https://patentscope.wipo.int/search/en/detail.jsf?docId=CN279016474,201910912426.7,25.09.2019,CN,"Gene for controlling color of cabbage type rape seed coats, acquiring method for cabbage type rape yellow seed mutant material and application of acquiring method",C12N 15/29; C12N 15/82; A01H 5/10; A01H 6/20
US305803743,https://patentscope.wipo.int/search/en/detail.jsf?docId=US305803743,16508712,11.07.2019,US,APPLICATION OF CRISPR/CAS12A GENE EDITING SYSTEM IN GENE EDITING OF PHYSCOMITRELLA PATENS,C12N 9/22; C12N 15/11; C12N 15/82
CN333956305,https://patentscope.wipo.int/search/en/detail.jsf?docId=CN333956305,202110475115.6,29.04.2021,CN,Kit for rapidly diagnosing peach bacterial shot hole disease,C12Q 1/689; C12Q 1/6844; C12Q 1/04; C12N 15/11; C12R 1/64
CN437332939,https://patentscope.wipo.int/search/en/detail.jsf?docId=CN437332939,202410591022.3,13.05.2024,CN,"Corn heterosis regulation gene ZmCNR5, coding protein thereof, mutant and application of corn heterosis regulation gene ZmCNR5",C12N 15/29; C07K 14/415; C12N 15/82; A01H 5/00; A01H 6/46
CN275774272,https://patentscope.wipo.int/search/en/detail.jsf?docId=CN275774272,201910608223.9,08.07.2019,CN,OsEBP89 gene for enhancing abiotic stress resistance of rice and preparation method and application thereof,C12N 15/29; C12N 15/113; C12N 15/82; A01H 4/00; A01H 5/00; A01H 6/46
CN334792244,https://patentscope.wipo.int/search/en/detail.jsf?docId=CN334792244,202110346271.2,31.03.2021,CN,Breeding method of sweet potatoes with SPVD resistance,C12N 15/84; C12N 15/55; A01H 5/00; A01H 6/00
CN405905786,https://patentscope.wipo.int/search/en/detail.jsf?docId=CN405905786,202310408543.6,17.04.2023,CN,"Gene GHD05G2737 for regulating and controlling number of fruit branches and yield of cotton as well as encoding protein, expression vector and application of gene GHD05G2737",C12N 15/29; C12N 15/82; C12N 15/11; C07K 14/415; C12Q 1/6895; A01H 5/00; A01H 5/12; A01H 6/60
CN289090126,https://patentscope.wipo.int/search/en/detail.jsf?docId=CN289090126,201911264946.8,10.12.2019,CN,Method for knocking out rice tiller number regulation gene OsFWL4 to increase rice tiller number and yield,C12N 15/84; A01H 5/00; A01H 6/46
CN321705340,https://patentscope.wipo.int/search/en/detail.jsf?docId=CN321705340,201910850906.5,10.09.2019,CN,Method for preparing female sterile lepidoptera insects and nucleic acid construct by method,C12N 15/85; A01K 67/033
KR418625476,https://patentscope.wipo.int/search/en/detail.jsf?docId=KR418625476,1020220073299,16.06.2022,KR,GENE EDITING CELL ENCODING LC3 PROTEIN HAVING RESISTANCE TO FOOT-AND-MOUTH DISEASE VIRUS AND USE THEREOF,C12N 15/113; A01K 67/027; C12N 15/10; C12N 15/85
CN436457609,https://patentscope.wipo.int/search/en/detail.jsf?docId=CN436457609,202410225449.1,29.02.2024,CN,Rice salt stress regulation gene OsEra1 and application thereof,C12N 15/29; C07K 14/415; C12N 15/82; A01H 5/00; A01H 6/46
US238103315,https://patentscope.wipo.int/search/en/detail.jsf?docId=US238103315,15752514,15.08.2016,US,Method for obtaining glyphosate-resistant rice by site-directed nucleotide substitution,C12N 15/82; C12N 5/14; C12N 15/66; C12N 9/10
CN298604086,https://patentscope.wipo.int/search/en/detail.jsf?docId=CN298604086,202010175241.5,13.03.2020,CN,Method for promoting growth and development of solanum lycopersicum,C12N 15/82; C12N 15/84; A01H 5/00; A01H 5/10; A01H 6/82
CN313726735,https://patentscope.wipo.int/search/en/detail.jsf?docId=CN313726735,202010913903.4,03.09.2020,CN,Application of rice gene OsNF-YC5 in improving salt tolerance of rice,C07K 14/415; C12N 15/29; C12N 15/82; A01H 5/00; A01H 6/46
WO2020018535,https://patentscope.wipo.int/search/en/detail.jsf?docId=WO2020018535,PCT/US2019/042004,16.07.2019,WO,DOSE AND TIME-DEPENDENT INTRACELLUAR PENETRATION OF SURFACE-MODIFIED NANOTUBES FOR DELIVERY OF MOLECULAR MATERIALS INTO CELLS,A61K 9/00; C01B 32/174; C01B 32/158; C12N 15/87; A61K 47/69
CN306883870,https://patentscope.wipo.int/search/en/detail.jsf?docId=CN306883870,202010377879.7,07.05.2020,CN,Hevea brasiliensis phytoene desaturase HbPDS and encoding gene thereof,C12N 9/02; C12N 15/53; C12N 15/70
CN301616801,https://patentscope.wipo.int/search/en/detail.jsf?docId=CN301616801,202010256963.3,03.04.2020,CN,Application of polygene knockout mutant in dry rice breeding,C12N 15/82; A01H 5/00; A01H 6/46
EP362954871,https://patentscope.wipo.int/search/en/detail.jsf?docId=EP362954871,20844817,17.07.2020,EP,DONOR DESIGN STRATEGY FOR CRISPR-CAS9 GENOME EDITING,C12N 9/22; C12N 15/10; C12N 15/82; C12N 15/90
CN352775448,https://patentscope.wipo.int/search/en/detail.jsf?docId=CN352775448,202080050299.5,17.07.2020,CN,DONOR DESIGN STRATEGY FOR CRISPR-CAS9 GENOME EDITING,C12N 9/22; C12N 15/10; C12N 15/82
CN400153460,https://patentscope.wipo.int/search/en/detail.jsf?docId=CN400153460,202211627899.0,16.12.2022,CN,Separated negative regulation drought-resistant grape MYB transcription factor VviMYB30 and application thereof,C07K 14/415; C12N 15/29; C12N 15/84; A01H 5/00; A01H 6/88
CN403537230,https://patentscope.wipo.int/search/en/detail.jsf?docId=CN403537230,202310543186.4,15.05.2023,CN,"Application of OsAAP8 in regulation and control of tillering, grain shape and grain weight of rice",C12N 15/29; C07K 14/415; C12N 15/82; A01H 5/00; A01H 5/10; A01H 6/46
CN364597141,https://patentscope.wipo.int/search/en/detail.jsf?docId=CN364597141,202210178199.1,25.02.2022,CN,Application of CsMLO gene in increasing petal number and ventricle number of cucumber,C12N 15/84; C12N 15/65; A01H 5/02; A01H 5/00; A01H 6/34; C12N 15/29; A01H 1/02
CA347940590,https://patentscope.wipo.int/search/en/detail.jsf?docId=CA347940590,3143016,17.07.2020,CA,DONOR DESIGN STRATEGY FOR CRISPR-CAS9 GENOME EDITING,C12N 9/22; C12N 15/10; C12N 15/82
CN205487064,https://patentscope.wipo.int/search/en/detail.jsf?docId=CN205487064,201710467168.7,20.06.2017,CN,Corn transcription factor ZmbHLH167 and application thereof,C07K 14/415; C12N 15/82; C12N 9/22; A01H 5/10; A01H 6/46
CN429428982,https://patentscope.wipo.int/search/en/detail.jsf?docId=CN429428982,202410410659.8,08.04.2024,CN,Application of OsOPCL1 gene in regulating and controlling nutrient content of polished rice,C12N 15/82; C07K 14/415; C12N 15/29; A01H 5/10; A01H 6/46
CN431387877,https://patentscope.wipo.int/search/en/detail.jsf?docId=CN431387877,202410296537.0,14.03.2024,CN,Genome editing method for allotetraploid pennisetum purpureum,C12N 15/84; A01H 4/00; A01H 5/00; A01H 6/46
CN432783909,https://patentscope.wipo.int/search/en/detail.jsf?docId=CN432783909,202410188949.2,20.02.2024,CN,Corn CYP92C5 gene and application of corn CYP92C5 gene in cultivation of Asiatic corn borer resistant variety,C12N 15/29; C07K 14/415; C12N 15/82; A01H 5/00; A01H 6/20; A01H 6/46
WO2021016098,https://patentscope.wipo.int/search/en/detail.jsf?docId=WO2021016098,PCT/US2020/042579,17.07.2020,WO,DONOR DESIGN STRATEGY FOR CRISPR-CAS9 GENOME EDITING,C12N 9/22; C12N 15/10; C12N 15/82
CN437950500,https://patentscope.wipo.int/search/en/detail.jsf?docId=CN437950500,202410975258.7,19.07.2024,CN,Application of knockout OsJMJ703 gene in improvement of amino acid content of rice,C12N 15/29; C07K 14/415; C12N 15/82; A01H 5/00; A01H 6/46
CN437354098,https://patentscope.wipo.int/search/en/detail.jsf?docId=CN437354098,202410705797.9,03.06.2024,CN,Application of high-protein alfalfa as soybean meal substitute in feed,C12N 9/00; A23K 10/30; A23K 10/37; A23K 10/22; A23K 10/26; A23K 10/18; A23K 20/22; A23K 40/10; A23K 50/75; C12N 15/113
CN439125503,https://patentscope.wipo.int/search/en/detail.jsf?docId=CN439125503,202410675933.4,28.05.2024,CN,Application of rice E3 ubiquitin ligase OsFBX68 in rice virus resistance,C12N 15/82; C12N 15/52; A01H 5/00; A01H 6/46; C12N 15/113
CN347714505,https://patentscope.wipo.int/search/en/detail.jsf?docId=CN347714505,202111139974.4,27.09.2021,CN,Application of TGS1 gene in regulation and control of size and yield of Oryza sativa L. grain,C12N 15/29; C12N 15/84; C12N 15/55; A01H 5/10; A01H 6/46
CN178717922,https://patentscope.wipo.int/search/en/detail.jsf?docId=CN178717922,201610362598.8,27.05.2016,CN,Application of male sterility gene OsDPW2 and rice sterility recovery method,C12N 15/82; A01H 5/00; A01H 6/46; C07K 14/415
CN366177809,https://patentscope.wipo.int/search/en/detail.jsf?docId=CN366177809,202110456863.X,25.04.2021,CN,Application of jasmonic acid methyltransferase coding gene OsJMTL1 in resisting rice black-streaked dwarf virus,C12N 15/54; C12N 9/10; C12N 15/82; C12Q 1/6869; A01H 4/00; A01H 5/00; A01H 6/46
CN395093302,https://patentscope.wipo.int/search/en/detail.jsf?docId=CN395093302,202211478214.0,23.11.2022,CN,"Gene for regulating tomato growth and development, knockout method and application",C12N 15/29; C07K 14/415; C12N 15/82; C12N 1/21; C12N 15/113; C12N 15/11; A01H 5/00; A01H 6/82; C12R 1/01
CN401527597,https://patentscope.wipo.int/search/en/detail.jsf?docId=CN401527597,202210785309.0,05.07.2022,CN,"Application of GS3, GW8 and/or GS9 genes in regulation and control of rice stigma exsertion rate",C12N 15/82; C12N 15/29; A01H 5/02; A01H 6/46
CN370998595,https://patentscope.wipo.int/search/en/detail.jsf?docId=CN370998595,202080087121.8,15.10.2020,CN,Variants of CAS12A nuclease as well as preparation method and application thereof,C12N 9/88; C12N 15/62; C12N 9/10
CN422258993,https://patentscope.wipo.int/search/en/detail.jsf?docId=CN422258993,202311384439.4,25.10.2023,CN,Method for improving drug resistance of natural enemy insects,C12N 15/89; C12N 15/113; C12N 9/22; A01K 67/033
CN440329601,https://patentscope.wipo.int/search/en/detail.jsf?docId=CN440329601,202411155402.9,22.08.2024,CN,Laccase Laccase-2 gene of tomato leaf miner and application of laccase Laccase-2 gene,C12N 15/53; C12N 9/02; C12N 15/89; A01N 57/16; A01P 15/00
US399952195,https://patentscope.wipo.int/search/en/detail.jsf?docId=US399952195,17687928,07.03.2022,US,METHOD AND USE FOR IDENTIFYING PLANT SPECIES BASED ON WHOLE GENOME ANALYSIS AND GENOME EDITING,C12N 15/82
CN283344535,https://patentscope.wipo.int/search/en/detail.jsf?docId=CN283344535,201911103126.0,12.11.2019,CN,Application of tomato SlMIP protein and coding gene of tomato SlMIP protein in regulating plant gray mold resistance,C07K 14/415; C12N 15/29; C12N 15/113; C12N 15/82; A01H 5/00; A01H 6/82
CN107128185,https://patentscope.wipo.int/search/en/detail.jsf?docId=CN107128185,201410209551.9,16.05.2014,CN,Breeding method for preparing closed glume pollination rice material,C12N 15/82; A01H 4/00; A01H 5/00
CN306331943,https://patentscope.wipo.int/search/en/detail.jsf?docId=CN306331943,202010603648.3,29.06.2020,CN,Glutamine synthetase mutant with phosphinothricin resistance and application of glutamine synthetase mutant,C12N 9/00; C12N 15/52; C12N 15/82; A01H 5/00; A01H 6/46
CN325778561,https://patentscope.wipo.int/search/en/detail.jsf?docId=CN325778561,201911126195.3,18.11.2019,CN,Rice ACCase mutant protein and corresponding gene,C12N 9/00; C12N 15/52; C12N 15/82; A01H 5/00; A01H 6/46
CN368048677,https://patentscope.wipo.int/search/en/detail.jsf?docId=CN368048677,202210415471.3,20.04.2022,CN,Method for increasing sanguinarine content in macleaya cordata and application,C12N 15/54; C12N 15/84; A01H 5/00; A01H 6/64
CN370581510,https://patentscope.wipo.int/search/en/detail.jsf?docId=CN370581510,202210412150.8,19.04.2022,CN,Method for constructing auxotrophic fusarium verticillium mutant,C12N 15/80; C12N 15/60; C12N 15/113; C12N 1/21; C12N 15/31; C12R 1/77
CN399754340,https://patentscope.wipo.int/search/en/detail.jsf?docId=CN399754340,202211722460.6,30.12.2022,CN,Simple visual rapid nucleic acid detection method and application thereof,C12Q 1/682; C12Q 1/689; C12R 1/19
CN242438714,https://patentscope.wipo.int/search/en/detail.jsf?docId=CN242438714,201910201675.5,18.03.2019,CN,Application of maize gene ZmACO2 in increasing maize yield,C12N 9/02; C12N 15/82; A01H 5/00; A01H 6/46; C12Q 1/6895
CN337671525,https://patentscope.wipo.int/search/en/detail.jsf?docId=CN337671525,202110886392.6,03.08.2021,CN,Method for cultivating giant embryo japonica rice variety by editing rice giant embryo gene GE,C12N 15/84; C12N 15/29; A01H 5/10; A01H 6/46
CN335438076,https://patentscope.wipo.int/search/en/detail.jsf?docId=CN335438076,202110592166.7,28.05.2021,CN,Application of soybean E1 gene in regulation and control of podding habits,C12N 15/29; C12N 15/82; A01H 5/00; A01H 6/54
CN438240831,https://patentscope.wipo.int/search/en/detail.jsf?docId=CN438240831,202410766112.1,14.06.2024,CN,Method suitable for on-site rapid detection of multiple experimental animal epidemic diseases,C12Q 1/70; C12Q 1/6844; C12N 15/11; C12R 1/93
CN376152293,https://patentscope.wipo.int/search/en/detail.jsf?docId=CN376152293,202210626058.1,02.06.2022,CN,Cloning and application of gene Os03g0626100 for regulating and controlling rice grain length,C12N 15/29; C12N 15/82; A01H 5/00; A01H 6/46
CN405931732,https://patentscope.wipo.int/search/en/detail.jsf?docId=CN405931732,202310360951.9,06.04.2023,CN,Limonium bicolor gene Lb7G34824 and application thereof,C12N 15/29; C12N 15/113; C12N 15/82; A01H 5/00; A01H 6/00
CN398206678,https://patentscope.wipo.int/search/en/detail.jsf?docId=CN398206678,202211509646.3,29.11.2022,CN,Application of OsBsr-d1 gene in cultivation of rice blast resistant japonica rice,C12N 15/29; C12N 15/84; A01H 4/00; A01H 5/00; A01H 6/46
CN431382316,https://patentscope.wipo.int/search/en/detail.jsf?docId=CN431382316,202410453319.3,16.04.2024,CN,Soybean Gmcmt gene editing technology and application,C12N 15/82; C12N 15/29; A01H 5/00; A01H 6/54
KR418625489,https://patentscope.wipo.int/search/en/detail.jsf?docId=KR418625489,1020220073327,16.06.2022,KR,GENE-EDITING CELL ENCODING SAM68 PROTEIN RESISTANT TO FOOT-AND-MOUTH DISEASE VIRUS AND USES THEREOF,C12N 15/113; A01K 67/027; C12N 15/10; C12N 15/85
CN436035319,https://patentscope.wipo.int/search/en/detail.jsf?docId=CN436035319,202410538658.1,30.04.2024,CN,"Rapid detection primer group, kit and identification method for Xinanbeanmealybug",C12Q 1/6888; C12Q 1/6844; C12N 15/113; C12N 15/11
CN193516786,https://patentscope.wipo.int/search/en/detail.jsf?docId=CN193516786,102016001039068,21.11.2016,CN,Application of tobacco NtNAC096 gene in control of tobacco aging,C12N 15/29; C12N 15/82; A01H 5/00
CN253590873,https://patentscope.wipo.int/search/en/detail.jsf?docId=CN253590873,201910574778.6,28.06.2019,CN,Application of SlRALF5 gene as negative adjusting and controlling factor to increasing of low temperature resistance of solanum lycopersicum,C07K 14/415; C12N 15/29; C12N 15/82; A01H 5/00; A01H 6/82
CN432884045,https://patentscope.wipo.int/search/en/detail.jsf?docId=CN432884045,202410457384.3,16.04.2024,CN,Application of OsER2 gene in controlling rice environment tolerance,C12N 15/84; C12N 9/12; C12N 15/113; C12N 15/54; A01H 5/00; A01H 6/46; C12N 1/21; C12R 1/01
CN397882605,https://patentscope.wipo.int/search/en/detail.jsf?docId=CN397882605,202310070988.8,12.01.2023,CN,Peste des petits ruminants virus nucleic acid visual rapid detection method and kit thereof,C12Q 1/70; C12Q 1/6844; C12N 15/11; C12N 15/113; C12R 1/93
EP423110130,https://patentscope.wipo.int/search/en/detail.jsf?docId=EP423110130,22715642,15.04.2022,EP,MOBILE ENDONUCLEASES FOR HERITABLE MUTATIONS,C12N 15/82; C12N 9/22
WO2022219175,https://patentscope.wipo.int/search/en/detail.jsf?docId=WO2022219175,PCT/EP2022/060160,15.04.2022,WO,MOBILE ENDONUCLEASES FOR HERITABLE MUTATIONS,C12N 15/82; C12N 9/22
CN399753900,https://patentscope.wipo.int/search/en/detail.jsf?docId=CN399753900,202211424394.4,14.11.2022,CN,Cloning and application of tomato transcription factor SlBT1,C12N 15/29; C12N 15/113; C12N 15/84; A01H 5/00; A01H 6/82
CN295337151,https://patentscope.wipo.int/search/en/detail.jsf?docId=CN295337151,201911366075.0,26.12.2019,CN,"MiRNA related to resistance to rice blast, corresponding precursor related to resistance to rice blast and application",C12N 15/113; C12N 15/82; A01H 5/00; A01H 6/46
CN426579422,https://patentscope.wipo.int/search/en/detail.jsf?docId=CN426579422,202311794027.8,25.12.2023,CN,"Primer group, kit and identification method for rapid detection of mealybug gluteus",C12Q 1/6888; C12N 15/113; C12Q 1/6844; C12N 15/11
CN436470661,https://patentscope.wipo.int/search/en/detail.jsf?docId=CN436470661,202410562145.4,08.05.2024,CN,Application of corn gene ZmEREB147 and homologous gene ZmEREB83 thereof in control of corn ear grain number,C12N 15/82; C12N 15/29; C07K 14/415; A01H 5/10; A01H 6/46
JP312752503,https://patentscope.wipo.int/search/en/detail.jsf?docId=JP312752503,2020095870,02.06.2020,JP,METHODS AND COMPOSITIONS FOR INCREASING EFFICIENCY OF TARGETED GENE MODIFICATION USING OLIGONUCLEOTIDE-MEDIATED GENE REPAIR,A01H 6/00; C12N 15/09
US222923389,https://patentscope.wipo.int/search/en/detail.jsf?docId=US222923389,15557306,14.03.2016,US,METHOD FOR INCREASING ABILITY OF A PLANT TO RESIST AN INVADING DNA VIRUS,C12N 15/82
CN251212750,https://patentscope.wipo.int/search/en/detail.jsf?docId=CN251212750,201910467470.1,31.05.2019,CN,Experimental method for improving corn amylose content by knocking out SIP1 gene,C12N 15/82; A01H 5/00; A01H 6/46
CN441683932,https://patentscope.wipo.int/search/en/detail.jsf?docId=CN441683932,202410885217.9,03.07.2024,CN,"Rapid detection primer group, kit and identification method for Pseudococcus Jackbeeli G.Jackbeeli G.Jackbeeli",C12Q 1/6888; C12Q 1/6844; C12N 15/11
CN409112885,https://patentscope.wipo.int/search/en/detail.jsf?docId=CN409112885,202310078500.6,07.02.2023,CN,Method for cultivating catkin-free poplar and sgRNA adopted by method,C12N 15/82; C12N 15/29; C12N 15/113; A01H 5/10; A01H 5/00; A01H 6/00
CN411749951,https://patentscope.wipo.int/search/en/detail.jsf?docId=CN411749951,202310640389.5,29.05.2023,CN,Extension factor complex subunit OsELP3 gene for regulating and controlling resistance of rice to rice blast and application of extension factor complex subunit OsELP3 gene,C12N 15/54; C12N 9/10; C12N 15/82; A01H 5/00; A01H 6/46
CN432885763,https://patentscope.wipo.int/search/en/detail.jsf?docId=CN432885763,202410452686.1,16.04.2024,CN,Method for creating watermelon male sterility germplasm through gene editing ClTDM1,C12N 15/84; C12N 15/11; C12N 15/29; A01H 5/00; A01H 6/34
KR418625513,https://patentscope.wipo.int/search/en/detail.jsf?docId=KR418625513,1020220073398,16.06.2022,KR,ITGB8 GENE EDITING CELL HAVING RESISTANCE TO FOOT-AND-MOUTH DISEASE VIRUS AND USE THEREOF,C12N 15/113; A01K 67/027; C12N 15/10; C12N 15/85
CN302977965,https://patentscope.wipo.int/search/en/detail.jsf?docId=CN302977965,201910107277.7,02.02.2019,CN,Method for increasing yield of rice and protein used in method,C07K 14/415; C12N 15/29; C12N 15/82; A01H 5/00; A01H 5/10; A01H 6/46
CN403548598,https://patentscope.wipo.int/search/en/detail.jsf?docId=CN403548598,202310408542.1,17.04.2023,CN,"Lettuce yield regulation gene LOC111907799 as well as encoding protein, expression vector and application of lettuce yield regulation gene LOC111907799",C12N 15/29; C12N 15/82; C12N 15/11; C07K 14/415; C12Q 1/6895; A01H 5/00; A01H 5/12; A01H 6/14
CN235944865,https://patentscope.wipo.int/search/en/detail.jsf?docId=CN235944865,201811038025.5,06.09.2018,CN,Applications of ALS (acetolactate synthase) mutant type protein based on gene editing technology and ALS mutant type protein gene in plant breeding,C12N 9/10; C12N 15/54; C12N 15/82; A01H 5/00; A01H 6/46
CN431139463,https://patentscope.wipo.int/search/en/detail.jsf?docId=CN431139463,202211540566.4,01.12.2022,CN,Application of heat stress resistance related protein OsALKBHL1 or substance for regulating expression of heat stress resistance related protein OsALKBHL1,C12N 15/29; C07K 14/415; C12N 15/82; A01H 5/00; A01H 6/46
CN440776604,https://patentscope.wipo.int/search/en/detail.jsf?docId=CN440776604,202410777351.7,17.06.2024,CN,Soybean root nodule related gene GmWAK2a and application thereof,C12N 15/29; C07K 14/415; C12N 15/82; A01H 5/00; A01H 6/54
CN407961461,https://patentscope.wipo.int/search/en/detail.jsf?docId=CN407961461,202310752230.2,26.06.2023,CN,Tomato leaf miner LW2 gene and application thereof in regulation and control of phototaxis and color taxis selection of Tomato leaf miner,C12N 15/12; C07K 14/435; C12N 15/87; A01K 67/033
CN324149975,https://patentscope.wipo.int/search/en/detail.jsf?docId=CN324149975,202110239257.2,04.03.2021,CN,GBSSI mutant protein based on gene editing technology and application thereof in plant breeding,C12N 9/10; C12N 15/54; C12N 15/84; C12N 15/55; A01H 5/10; A01H 6/46
CN327320131,https://patentscope.wipo.int/search/en/detail.jsf?docId=CN327320131,202110195588.0,19.02.2021,CN,Method for creating watermelon male sterile new germplasm through gene editing technology,C12N 15/84; A01H 5/00; A01H 6/34
CN391044717,https://patentscope.wipo.int/search/en/detail.jsf?docId=CN391044717,202110792698.5,14.07.2021,CN,Plant epigenetic modification editor for targeted removal of DNA methylation,C12N 15/82; C12N 15/62; C12N 9/22; C07K 19/00; C12N 9/02; A01H 5/04; A01H 6/46
CN407963436,https://patentscope.wipo.int/search/en/detail.jsf?docId=CN407963436,202310752231.7,26.06.2023,CN,Tomato leaf miner BL gene and application thereof in regulation and control of phototaxis and host selection of Tomato leaf miner,C12N 15/12; C07K 14/435; C12N 15/87; A01K 67/033
CN251082315,https://patentscope.wipo.int/search/en/detail.jsf?docId=CN251082315,201910422241.8,21.05.2019,CN,Method of detecting gene editing events and measuring gene editing efficiency and application of method,C12N 15/82; A01H 5/00; A01H 6/46; A01H 6/54
CN431378573,https://patentscope.wipo.int/search/en/detail.jsf?docId=CN431378573,202410453779.6,16.04.2024,CN,Method for creating watermelon male sterility germplasm through gene editing ClMMD1,C12N 15/84; C12N 15/11; C12N 15/29; A01H 5/00; A01H 6/34
AR432774693,https://patentscope.wipo.int/search/en/detail.jsf?docId=AR432774693,P230100813,31.03.2023,AR,PLANTAS ROSÁCEAS DE FLORACIÓN TEMPRANA CON CARACTERÍSTICAS MEJORADAS,A01H 6/74; A01H 1/00; A01H 1/04; A01H 5/00; C07K 14/415; C12N 15/29; C12N 5/10; C12N 9/22; C12N 15/82; C12Q 1/6827
EP211348372,https://patentscope.wipo.int/search/en/detail.jsf?docId=EP211348372,16771237,14.03.2016,EP,METHOD OF APPLYING NON-GENETIC SUBSTANCE TO PERFORM SITE-DIRECTED REFORM OF PLANT GENOME,C12N 15/01; A01H 1/06; A01H 5/00; C12N 15/55; C12N 15/82; C12N 15/87
AU211159364,https://patentscope.wipo.int/search/en/detail.jsf?docId=AU211159364,2016309392,15.08.2016,AU,Method for obtaining glyphosate-resistant rice by site-directed nucleotide substitution,C12N 15/82; A01H 4/00; A01H 5/00; C12N 5/10; C12N 9/10; C12N 15/54
CN107373507,https://patentscope.wipo.int/search/en/detail.jsf?docId=CN107373507,201410209304.9,16.05.2014,CN,Method for directionally editing chaff-color-determining gene OsCHI for creating brown-chaff rice material,C12N 15/82; A01H 5/00
CN237946497,https://patentscope.wipo.int/search/en/detail.jsf?docId=CN237946497,201811271189.2,29.10.2018,CN,Creation method of glandless low cotton gossypol cotton germplasm,C12N 15/113; C12N 15/82; A01H 5/00; A01H 6/60
CN329970302,https://patentscope.wipo.int/search/en/detail.jsf?docId=CN329970302,202110392603.0,13.04.2021,CN,Application of corn gene ZmEREB102 in improvement of corn yield,C07K 14/415; C12N 15/82; A01H 5/10; A01H 5/00; A01H 6/46
CN406164043,https://patentscope.wipo.int/search/en/detail.jsf?docId=CN406164043,202310415760.8,18.04.2023,CN,"Oilseed rape yield regulation gene SKP1-IP15 as well as encoding protein, expression vector and application thereof",C12N 15/29; C07K 14/415; C12N 15/82; A01H 5/00; A01H 6/20; C12Q 1/6895; C12N 15/11
CN420669905,https://patentscope.wipo.int/search/en/detail.jsf?docId=CN420669905,202311351113.1,18.10.2023,CN,Application of OsGL5 gene in regulation and control of rice yield traits,C12N 15/29; C07K 14/415; C12N 15/82; A01H 5/00; A01H 6/46; C12Q 1/6895
CN254162572,https://patentscope.wipo.int/search/en/detail.jsf?docId=CN254162572,201910281797.X,09.04.2019,CN,Mediator complex subunit OsMEDdiator16 gene capable of regulating and controlling resistance of rice to magnaporthe grisea,C12N 15/29; C12N 15/57; C12N 9/50; C07K 14/415; C12N 15/82; A01H 5/00; A01H 6/46
CN427332055,https://patentscope.wipo.int/search/en/detail.jsf?docId=CN427332055,202410019090.2,05.01.2024,CN,Method for enhancing compression resistance of wood of populus tomentosa,C12N 15/82; C12N 15/29; A01H 5/04; A01H 6/00
CN429431264,https://patentscope.wipo.int/search/en/detail.jsf?docId=CN429431264,202211399506.5,09.11.2022,CN,Application of OsFT1 gene in regulation and control of flowering time of rice,C12N 15/29; C12N 15/84; A01H 5/02; A01H 6/46
AR436441312,https://patentscope.wipo.int/search/en/detail.jsf?docId=AR436441312,P230100972,21.04.2023,AR,MÉTODOS Y COMPOSICIONES PARA MEJORAR RASGOS DE RENDIMIENTO,A01H 5/00; A01H 1/00; A01H 6/46; C12N 5/10; C12N 5/04; C12N 15/113; C12N 9/22
NZ437840263,https://patentscope.wipo.int/search/en/detail.jsf?docId=NZ437840263,814010,26.08.2024,NZ,ENGINEERED CRISPR-CAS EFFECTOR PROTEINS AND METHODS OF USE THEREOF,C12N 9/22; C12N 15/52; C12N 15/62
AU437856061,https://patentscope.wipo.int/search/en/detail.jsf?docId=AU437856061,2023226168,28.02.2023,AU,ENGINEERED CRISPR-CAS EFFECTOR PROTEINS AND METHODS OF USE THEREOF,C12N 9/22; C12N 15/52; C12N 15/62
AR440322817,https://patentscope.wipo.int/search/en/detail.jsf?docId=AR440322817,P230101667,28.06.2023,AR,MÉTODOS Y COMPOSICIONES PARA CONTROLAR EL TAMAÑO DEL MERISTEMO PARA EL MEJORAMIENTO DE CULTIVOS,C12N 9/22; C12N 15/82; C07K 14/415
CL450036414,https://patentscope.wipo.int/search/en/detail.jsf?docId=CL450036414,2024002567,28.08.2024,CL,PROTEÍNAS EFECTORAS CRISPR-CAS GENÉTICAMENTE MODIFICADAS Y MÉTODOS DE USO DE LAS MISMAS,C12N 15/62; C12N 15/52; C12N 9/22
IN211827350,https://patentscope.wipo.int/search/en/detail.jsf?docId=IN211827350,201737029078,16.08.2017,IN,METHOD OF APPLYING NON GENETIC SUBSTANCE TO PERFORM SITE DIRECTED REFORM OF PLANT GENOME,C12N 15/01; C12N 15/87; C12N 15/55
AU201229392,https://patentscope.wipo.int/search/en/detail.jsf?docId=AU201229392,2016239037,14.03.2016,AU,Method of applying non-genetic substance to perform site-directed reform of plant genome,C12N 15/01; A01H 1/06; A01H 5/00; C12N 15/55; C12N 15/87
JP391872221,https://patentscope.wipo.int/search/en/detail.jsf?docId=JP391872221,2022186467,22.11.2022,JP,METHOD FOR APPLYING NON-GENETIC MATERIAL TO PERFORM SITE-SPECIFIC MODIFICATION OF PLANT GENOME,A01H 1/00; C12N 15/09; C12N 15/87
US414435729,https://patentscope.wipo.int/search/en/detail.jsf?docId=US414435729,18245282,14.09.2021,US,PROTEIN REGULATING NITROGEN-USE EFFICIENCY AND YIELD OF PLANT AND USE THEREOF,C07K 14/415; C12N 15/82; C12N 15/11; A01H 6/46
CN236154302,https://patentscope.wipo.int/search/en/detail.jsf?docId=CN236154302,201711302425.8,11.12.2017,CN,Applications of OsLUT2 gene in rice photoprotection,C12N 15/61; C12N 15/82
CN313345362,https://patentscope.wipo.int/search/en/detail.jsf?docId=CN313345362,202010792573.8,09.08.2020,CN,Method for creating fruit green-shoulder-free tomato material and application of green-shoulder-free tomato material,C12N 15/113; C12N 15/11; C12N 15/82; A01H 5/08; A01H 6/82
CN325374786,https://patentscope.wipo.int/search/en/detail.jsf?docId=CN325374786,202110283859.8,17.03.2021,CN,sgRNA composition for knocking out anemone vitifolia Buch GhTSTs gene and application of sgRNA composition to creation of anemone vitifolia Buch non-short-fiber mutant,C12N 15/29; C12N 15/113; C12N 15/84; A01H 5/10; A01H 6/60
CN322137600,https://patentscope.wipo.int/search/en/detail.jsf?docId=CN322137600,202011530125.7,22.12.2020,CN,The invention also discloses application of OsAO2 gene in controlling drought resistance of rice,C12N 15/84; A01H 5/00; A01H 6/46
CN342337550,https://patentscope.wipo.int/search/en/detail.jsf?docId=CN342337550,202110847090.8,27.07.2021,CN,Application of tomato inositol galactoside synthetase gene SlGolS2 in regulation and control of fruit coloring and ripening,C12N 15/54; C12N 15/82; A01H 5/08; A01H 6/82
CN396417371,https://patentscope.wipo.int/search/en/detail.jsf?docId=CN396417371,202211694613.0,28.12.2022,CN,Application of lipoxygenase gene LOX6 in regulation and control of rice spikelet development,C12N 15/82; C12N 15/53; A01H 5/02; A01H 5/10; A01H 6/46
CN401498794,https://patentscope.wipo.int/search/en/detail.jsf?docId=CN401498794,202310055268.4,04.02.2023,CN,Application of rice gene OsNAL12 in regulation and control of rice grain shape and improvement of thousand grain weight,C12N 15/54; C12N 9/10; C12N 15/84; C12N 15/113; A01H 5/00; A01H 6/46
CN405758650,https://patentscope.wipo.int/search/en/detail.jsf?docId=CN405758650,202310798261.1,03.07.2023,CN,SlMETS1 gene and application thereof in regulation and control of tomato growth and development,C12N 15/54; C12N 15/82; A01H 5/00; A01H 6/82
CN312389439,https://patentscope.wipo.int/search/en/detail.jsf?docId=CN312389439,202010876337.4,27.08.2020,CN,Nucleotide sequence and application of macleaya cordata phytoene desaturase gene,C12N 15/53; C12N 15/10; C12N 9/02; C12N 15/82; A01H 5/00; A01H 6/64
CN413692917,https://patentscope.wipo.int/search/en/detail.jsf?docId=CN413692917,202311160993.4,11.09.2023,CN,Function identification and application of garlic AsFMO1 gene,C12N 15/53; C12N 9/02; C12N 15/84; A01H 5/00; A01H 6/56
CN413697852,https://patentscope.wipo.int/search/en/detail.jsf?docId=CN413697852,202310810474.1,03.07.2023,CN,Application of knockout tomato SlZF3 gene in improvement of tomato yield,C12N 15/82; C12N 15/29; C12N 15/113; C12N 15/55; A01H 5/08; A01H 6/82
CN429523017,https://patentscope.wipo.int/search/en/detail.jsf?docId=CN429523017,202410139917.3,31.01.2024,CN,Method for improving heat stress resistance and/or yield of rice,C12N 15/84; C12N 15/29; C12N 15/113; C12N 9/22; C07K 14/415; A01H 5/00; A01H 6/46
CN334788501,https://patentscope.wipo.int/search/en/detail.jsf?docId=CN334788501,202010083919.7,10.02.2020,CN,Method for rapid multi-copy integration of target gene in bacterial chromosome,C12N 15/70; C12N 15/90; C12N 15/67; C12N 15/53
CN430079182,https://patentscope.wipo.int/search/en/detail.jsf?docId=CN430079182,202410285789.3,13.03.2024,CN,Application of genes NAT1 and bHLH110 in improving high-temperature resistance of rice,C12N 15/82; C07K 14/415; C12N 15/29; A01H 6/46; A01H 5/00
CN440612936,https://patentscope.wipo.int/search/en/detail.jsf?docId=CN440612936,202410628146.4,21.05.2024,CN,"Application of CMT3 gene knockout tomato rootstock in improvement of tomato biomass, drought resistance and TYLCV resistance",C12N 15/29; C12N 15/82; A01H 5/00; A01H 6/82
CN281793521,https://patentscope.wipo.int/search/en/detail.jsf?docId=CN281793521,201911049273.4,31.10.2019,CN,Soybean GmHsps_p23-like gene and application thereof,C12N 15/29; C07K 14/415; C12N 15/82; A01H 5/00; A01H 6/54
SG361458992,https://patentscope.wipo.int/search/en/detail.jsf?docId=SG361458992,11202203928S,15.10.2020,SG,VARIANTS OF CAS12A NUCLEASES AND METHODS OF MAKING AND USE THEREOF,C12N 9/88; C12N 15/62; C12N 9/10
US225648411,https://patentscope.wipo.int/search/en/detail.jsf?docId=US225648411,15760352,12.01.2016,US,Small molecule biosensors,G01N 33/74; C07K 14/00; C12N 15/62; C12N 15/63; C12N 9/22; C12N 15/11; C12N 15/90
AR440322816,https://patentscope.wipo.int/search/en/detail.jsf?docId=AR440322816,P230101666,28.06.2023,AR,MÉTODOS Y COMPOSICIONES PARA CONTROLAR EL TAMAÑO DEL MERISTEMO PARA EL MEJORAMIENTO DE CULTIVOS,C12N 9/22; C12N 15/82; C07K 14/415
BR368145675,https://patentscope.wipo.int/search/en/detail.jsf?docId=BR368145675,US2020055659,15.10.2020,BR,VARIANTES DE NUCLEASES CAS12A E MÉTODOS DE PRODUÇÃO E USO DAS MESMAS,C12N 9/88; C12N 15/62; C12N 9/10
CL391570095,https://patentscope.wipo.int/search/en/detail.jsf?docId=CL391570095,2022000937,13.04.2022,CL,VARIANTES DE NUCLEASAS CAS12A Y MÉTODOS DE PREPARACIÓN Y USO DE LAS MISMAS,C12N 9/10; C12N 15/62; C12N 9/88
US322187632,https://patentscope.wipo.int/search/en/detail.jsf?docId=US322187632,17071095,15.10.2020,US,Variants of CAS12A nucleases and methods of making and use thereof,C12N 9/22; C07K 14/20; C12N 15/10; C12N 15/113
US424795966,https://patentscope.wipo.int/search/en/detail.jsf?docId=US424795966,18502136,06.11.2023,US,VARIANTS OF CAS12A NUCLEASES AND METHODS OF MAKING AND USE THEREOF,C12N 9/22; C07K 14/20; C12N 15/10; C12N 15/113
US424795967,https://patentscope.wipo.int/search/en/detail.jsf?docId=US424795967,18502194,06.11.2023,US,VARIANTS OF CAS12A NUCLEASES AND METHODS OF MAKING AND USE THEREOF,C12N 9/22; C07K 14/20; C12N 15/10; C12N 15/113
AR428328383,https://patentscope.wipo.int/search/en/detail.jsf?docId=AR428328383,P230100200,27.01.2023,AR,SUPRESIÓN DE LA RESPUESTA DE EVITACIÓN DE LA SOMBRA EN LAS PLANTAS,A01H 5/00; C12N 15/90; C12N 15/82; C12N 15/29; C12N 9/22; C12N 15/11; C12N 5/04
CL444818110,https://patentscope.wipo.int/search/en/detail.jsf?docId=CL444818110,2024001737,11.06.2024,CL,VARIANTES DE NUCLEASAS CAS12A Y MÉTODOS DE PREPARACIÓN Y USO DE LAS MISMAS,C12N 9/10; C12N 15/62
CL444818109,https://patentscope.wipo.int/search/en/detail.jsf?docId=CL444818109,2024001734,11.06.2024,CL,VARIANTES DE NUCLEASAS CAS12A Y MÉTODOS DE PREPARACIÓN Y USO DE LAS MISMAS,C12N 9/10; C12N 15/62; C12N 9/88
CL444818108,https://patentscope.wipo.int/search/en/detail.jsf?docId=CL444818108,2024001733,11.06.2024,CL,VARIANTES DE NUCLEASAS CAS12A Y MÉTODOS DE PREPARACIÓN Y USO DE LAS MISMAS,C12N 9/10; C12N 15/62; C12N 9/88
NZ358654086,https://patentscope.wipo.int/search/en/detail.jsf?docId=NZ358654086,787124,11.04.2022,NZ,VARIANTS OF CAS12A NUCLEASES AND METHODS OF MAKING AND USE THEREOF,C12N 9/88; C12N 15/62; C12N 9/10
AU357600419,https://patentscope.wipo.int/search/en/detail.jsf?docId=AU357600419,2020366358,15.10.2020,AU,Variants of Cas12a nucleases and methods of making and use thereof,C12N 9/88; C12N 9/10; C12N 15/62
UY335048793,https://patentscope.wipo.int/search/en/detail.jsf?docId=UY335048793,0001038992,18.12.2020,UY,MUTACIÓN DE LOS FACTORES DE TRANSCRIPCIÓN DE LA FAMILIA DE FACTORES REGULADORES DE CRECIMIENTO PARA MEJORAR EL CRECIMIENTO DE PLANTAS,A01H 1/00
AR426806913,https://patentscope.wipo.int/search/en/detail.jsf?docId=AR426806913,P220103369,07.12.2022,AR,MÉTODOS PARA MEJORAR LA FERTILIDAD DE FLORETES Y EL RENDIMIENTO DE SEMILLAS,C12N 15/29; C12N 15/82; C12N 9/22; C07K 14/415; C12Q 1/6895; A01H 5/00
US283321494,https://patentscope.wipo.int/search/en/detail.jsf?docId=US283321494,16412901,15.05.2019,US,Compositions and methods for identifying and selecting brachytic locus in solanaceae,C12N 15/82; A01H 1/04
AR369698455,https://patentscope.wipo.int/search/en/detail.jsf?docId=AR369698455,P210100760,26.03.2021,AR,MÉTODOS PARA MEJORAR LA  RESISTENCIA A LA  ROYA DE LA SOJA,A01H 5/00; A01H 1/00; C12N 5/10; C12N 15/11; C12N 15/82; C07K 14/415
AU202614153,https://patentscope.wipo.int/search/en/detail.jsf?docId=AU202614153,2016228599,14.03.2016,AU,Method for increasing ability of plant to resist invading DNA virus,C12N 15/82; A01H 5/00
IN211827348,https://patentscope.wipo.int/search/en/detail.jsf?docId=IN211827348,201737029075,16.08.2017,IN,METHOD FOR INCREASING ABILITY OF PLANT TO RESIST INVADING DNA VIRUS,C12N 15/82; A01H 5/00
BR402579023,https://patentscope.wipo.int/search/en/detail.jsf?docId=BR402579023,112023007640,05.11.2021,BR,COMPOSIÇÕES E MÉTODOS PARA SUBSTITUIÇÃO DO DNA CODIFICADO PELO RNA DOS ALELOS,C12N 15; C12N 15; C12N 15; C12N 9; C12N 9
CL419507959,https://patentscope.wipo.int/search/en/detail.jsf?docId=CL419507959,2023001284,03.05.2023,CL,COMPOSICIONES Y MÉTODOS PARA EL REEMPLAZO DE ALELOS CON ADN CODIFICADO POR ARN,C12N 15/10
US202587505,https://patentscope.wipo.int/search/en/detail.jsf?docId=US202587505,15376569,12.12.2016,US,Genetic indicator and control system and method utilizing split Cas9/CRISPR domains for transcriptional control in eukaryotic cell lines,C12N 9/22; C12N 15/86; A61K 48/00; C12N 7/00; C12N 15/82
CN251337903,https://patentscope.wipo.int/search/en/detail.jsf?docId=CN251337903,201910400169.9,15.05.2019,CN,Experimental method for increasing yield of high-amylose corn through knockout of ZmPAD1 gene,C12N 15/29; C12N 15/82; A01H 5/00; A01H 6/46
US324126190,https://patentscope.wipo.int/search/en/detail.jsf?docId=US324126190,17141354,05.01.2021,US,Method for Site-Specific Mutagenesis of Medicago Sativa Genes by Using CRISPR/Cas9 System,C12N 15/113; C12N 9/22
US323751145,https://patentscope.wipo.int/search/en/detail.jsf?docId=US323751145,17005090,27.08.2020,US,PLANT GENOME EDITING,C12N 15/82; C12N 15/11; C12N 15/113
CN321742904,https://patentscope.wipo.int/search/en/detail.jsf?docId=CN321742904,202011512015.8,19.12.2020,CN,Application of combined knockout of rice susceptible genes in creation of broad-spectrum disease-resistant material,C12N 15/82; C12N 15/84; C12N 15/66; C12N 15/55; C12N 15/29; A01H 5/00; A01H 5/10; A01H 6/46
US336567719,https://patentscope.wipo.int/search/en/detail.jsf?docId=US336567719,17257617,03.07.2019,US,Method for Site-Specific Mutagenesis of Medicago Sativa Genes by Using CRISPR/Cas9 System,C12N 15/82; C12N 9/22; C12N 15/11
CN398217589,https://patentscope.wipo.int/search/en/detail.jsf?docId=CN398217589,202310177864.X,28.02.2023,CN,Method for synergistically improving tomato yield and fruit quality by using G protein gene SlGGC1,C12N 15/29; C07K 14/415; C12N 15/84; A01H 5/08; A01H 6/82
CN398587677,https://patentscope.wipo.int/search/en/detail.jsf?docId=CN398587677,202310013571.8,05.01.2023,CN,Application of SlSR3 gene as negative regulatory factor in improvement of tomato blossom-end rot resistance,C12N 15/29; C12N 15/84; A01H 5/00; A01H 6/82
CN409933484,https://patentscope.wipo.int/search/en/detail.jsf?docId=CN409933484,202310422373.7,19.04.2023,CN,"Rice yield regulation gene Os04t0686700, encoding protein thereof, expression vector and application of rice yield regulation gene Os04t0686700",C12N 15/29; C07K 14/415; C12N 15/82; A01H 5/00; A01H 6/46; C12Q 1/6895
CN409224200,https://patentscope.wipo.int/search/en/detail.jsf?docId=CN409224200,202310965033.9,02.08.2023,CN,"Rapid detection primer group, kit and identification method for papaya Pleurotus geesteranus",C12Q 1/6888; C12Q 1/6844; C12N 15/11
CN438692598,https://patentscope.wipo.int/search/en/detail.jsf?docId=CN438692598,202410797160.7,20.06.2024,CN,Application of OsCSG1 gene in improving cadmium stress tolerance in rice seedling stage,C12N 15/82; C12N 15/29; A01H 6/46; A01H 5/00
CN429529077,https://patentscope.wipo.int/search/en/detail.jsf?docId=CN429529077,202410108353.7,25.01.2024,CN,Application of inhibitor in increasing tomato fruit size and tomato breeding method,C12N 15/82; C12N 15/29; C12N 15/113; C12N 9/22; A01H 5/08; A01H 6/82
WO2024137926,https://patentscope.wipo.int/search/en/detail.jsf?docId=WO2024137926,PCT/US2023/085330,21.12.2023,WO,PLANT-MEDIATED INSECT GENE EDITING AND USE OF THE METHODS FOR INSECT GENETIC CONTROL,C12N 15/11; C12N 15/09; C12N 15/63; C12N 15/87
CN436537446,https://patentscope.wipo.int/search/en/detail.jsf?docId=CN436537446,202410438742.6,12.04.2024,CN,Application of corn gene ZmEREB202 in control of corn yield,C12N 15/82; C07K 14/415; C12N 15/29; A01H 5/00; A01H 5/08; A01H 6/46
CN432981608,https://patentscope.wipo.int/search/en/detail.jsf?docId=CN432981608,202410538891.X,30.04.2024,CN,A protein OsCDKB2; application of 1 or substance for regulating and controlling expression of 1 in regulation and control of rice yield,C12N 15/84; C12N 15/54; C12N 9/12; C12N 15/113; C12N 1/21; A01H 5/00; A01H 6/46; C12R 1/01
CN431130836,https://patentscope.wipo.int/search/en/detail.jsf?docId=CN431130836,202410557571.9,08.05.2024,CN,Tilapia lake virus detection reagent and application thereof,C12Q 1/70; C12Q 1/6844; C12N 15/113; C12N 15/11; C12R 1/93
AR399334678,https://patentscope.wipo.int/search/en/detail.jsf?docId=AR399334678,P220100278,11.02.2022,AR,MÉTODOS Y COMPOSICIONES PARA MODIFICAR LOS NIVELES DE CITOQUININA OXIDASA EN PLANTAS,C12N 15/82; C12N 9/22
AR421111361,https://patentscope.wipo.int/search/en/detail.jsf?docId=AR421111361,P220102670,03.10.2022,AR,MÉTODOS PARA MEJORAR LA FERTILIDAD DE LA FLOR Y EL RENDIMIENTO DE SEMILLAS,C12N 15/82; C12N 9/22
US430565060,https://patentscope.wipo.int/search/en/detail.jsf?docId=US430565060,18555161,14.04.2022,US,SHORT MULTI-REPEAT RNA TARGETING GENE SILENCING,C12N 15/113; C12N 15/82
AR421111425,https://patentscope.wipo.int/search/en/detail.jsf?docId=AR421111425,P220102728,06.10.2022,AR,MÉTODOS PARA MEJORAR LA FERTILIDAD DE LA FLOR Y EL RENDIMIENTO DE SEMILLAS,C12N 15/82; C12N 9/22; C07K 14/415
US413450096,https://patentscope.wipo.int/search/en/detail.jsf?docId=US413450096,18311427,03.05.2023,US,METHODS AND COMPOSITIONS FOR SUPERSENSITIVE AND SPECIFIC DETECTION OF CITRUS GREENING AND PHYTOPLASMA PATHOGENS,C12Q 1/6895; C12N 15/11; C12N 9/22
US442374561,https://patentscope.wipo.int/search/en/detail.jsf?docId=US442374561,17808128,22.06.2022,US,Engineered deaminases,C12N 9/22; C12N 9/78; C12N 15/11; C12N 15/82
US450628187,https://patentscope.wipo.int/search/en/detail.jsf?docId=US450628187,18924558,23.10.2024,US,ENGINEERED DEAMINASES,C12N 9/78; C12N 9/22; C12N 15/11; C12N 15/82
AR416012811,https://patentscope.wipo.int/search/en/detail.jsf?docId=AR416012811,P220102358,31.08.2022,AR,MÉTODOS Y COMPOSICIONES PARA MEJORAR LA ARQUITECTURA DE LAS PLANTAS Y LOS RASGOS DE RENDIMIENTO,C12N 15/82; C12N 9/02; C12N 9/16; C12N 9/22; C07K 14/415; A01H 1/06; A01H 1/06; A01H 5/10; A01H 6/54
US332611568,https://patentscope.wipo.int/search/en/detail.jsf?docId=US332611568,17259359,12.07.2019,US,TYPE V CRISPR/NUCLEASE-SYSTEM FOR GENOME EDITING IN PLANT CELLS,C12N 15/82; C12N 9/22
BR239462018,https://patentscope.wipo.int/search/en/detail.jsf?docId=BR239462018,112018068934,20.04.2017,BR,"método de modificação de moléculas de ácido nucleico alvo (na alvo) em células, molécula, molécula de funa recombinante, vetor e seu uso, sistema de vetor, sistema de modificação de na alvo em células, composição",C12N 9; C12N 15
US254126254,https://patentscope.wipo.int/search/en/detail.jsf?docId=US254126254,16097300,20.04.2017,US,Methods for modification of target nucleic acids,C12N 15/11; C12N 15/10; C12N 15/70; C12N 15/75; C12N 15/82; C12N 15/85; C12N 15/90; C12N 15/81
IN283176848,https://patentscope.wipo.int/search/en/detail.jsf?docId=IN283176848,201827044973,29.11.2018,IN,IMPROVED METHODS FOR MODIFICATION OF TARGET NUCLEIC ACIDS,C12N 9/22C
DK335014386,https://patentscope.wipo.int/search/en/detail.jsf?docId=DK335014386,17720040,20.04.2017,DK,"FREMGANGSMÅDER TIL MODIFIKATION AF MÅLNUKLEINSYRER VED ANVENDELSE AF ET FUSIONSMOLEKYLE BESTÅENDE AF GUIDE- OG DONOR-DNA, RNA-FUSIONSMOLEKYLE OG VEKTORSYSTEMER, DER KODER FOR RNA-FUSIONSMOLEKYLET",C12N 9/22; C12N 15/90
IN346041924,https://patentscope.wipo.int/search/en/detail.jsf?docId=IN346041924,202128045052,04.10.2021,IN,IMPROVED METHODS FOR MODIFICATION OF TARGET NUCLEIC ACIDS,C12N /; C12N /; C12N /; C12Q /; A61K /
US391879816,https://patentscope.wipo.int/search/en/detail.jsf?docId=US391879816,17933015,16.09.2022,US,IMPROVED METHODS FOR MODIFICATION OF TARGET NUCLEIC ACIDS,C12N 15/11; C12N 15/70; C12N 15/75; C12N 15/81; C12N 15/82; C12N 15/85; C12N 15/90; C12N 15/10
US390989515,https://patentscope.wipo.int/search/en/detail.jsf?docId=US390989515,17933003,16.09.2022,US,METHODS FOR MODIFICATION OF TARGET NUCLEIC ACIDS,C12N 15/11; C12N 15/70; C12N 15/75; C12N 15/81; C12N 15/82; C12N 15/85; C12N 15/90; C12N 15/10
US394940204,https://patentscope.wipo.int/search/en/detail.jsf?docId=US394940204,17933023,16.09.2022,US,METHODS FOR MODIFICATION OF TARGET NUCLEIC ACIDS,C12N 15/11; C12N 15/10; C12N 15/70; C12N 15/75; C12N 15/82; C12N 15/85; C12N 15/90; C12N 15/81
US399575913,https://patentscope.wipo.int/search/en/detail.jsf?docId=US399575913,17933005,16.09.2022,US,METHODS FOR MODIFICATION OF TARGET NUCLEIC ACIDS,C12N 15/11; C12N 15/10; C12N 15/70; C12N 15/75; C12N 15/82; C12N 15/85; C12N 15/90; C12N 15/81
AU230087930,https://patentscope.wipo.int/search/en/detail.jsf?docId=AU230087930,2017256517,20.04.2017,AU,Improved methods for modification of target nucleic acids,C12N 9/22; C12N 15/90
AU378724232,https://patentscope.wipo.int/search/en/detail.jsf?docId=AU378724232,2022100157,04.11.2022,AU,Improved methods for modification of target nucleic acids,C12N 9/22; C12N 15/90
AU380188783,https://patentscope.wipo.int/search/en/detail.jsf?docId=AU380188783,2022100170,14.11.2022,AU,Improved methods for modification of target nucleic acids,C12N 9/22; C12N 15/90
AU378724233,https://patentscope.wipo.int/search/en/detail.jsf?docId=AU378724233,2022100158,04.11.2022,AU,Improved methods for modification of target nucleic acids,C12N 9/22; C12N 15/90
CL250858856,https://patentscope.wipo.int/search/en/detail.jsf?docId=CL250858856,2018003074,29.10.2018,CL,"Métodos para la modificación de una molécula de ácido nucleico diana en una célula, molécula de fusión recombinante, vector que la comprende, y su uso para la modificación de un polinucleótido diana en células.",C12N 9/22; C12N 15/90
US231859068,https://patentscope.wipo.int/search/en/detail.jsf?docId=US231859068,15524672,09.11.2015,US,Methods for improving CRISPR/Cas-mediated genome-editing,C12N 15/64; C12N 15/10; C12N 9/12
US414436101,https://patentscope.wipo.int/search/en/detail.jsf?docId=US414436101,18138988,25.04.2023,US,METHODS FOR IMPROVING CRISPR/CAS-MEDIATED GENOME-EDITING,C12N 15/64; C12N 15/10; C12N 9/12
AU198163511,https://patentscope.wipo.int/search/en/detail.jsf?docId=AU198163511,2015342749,09.11.2015,AU,Methods for improving CRISPR/Cas-mediated genome-editing,C12N 15/10
AU360627791,https://patentscope.wipo.int/search/en/detail.jsf?docId=AU360627791,2022202645,21.04.2022,AU,Methods for improving crispr/cas-mediated genome-editing,C12N 15/10
IN355391645,https://patentscope.wipo.int/search/en/detail.jsf?docId=IN355391645,202217001543,11.01.2022,IN,DONOR DESIGN STRATEGY FOR CRISPR-CAS9 GENOME EDITING,C12N /; C12N /; C12N /; C12N /; C12N /
US375618627,https://patentscope.wipo.int/search/en/detail.jsf?docId=US375618627,17618926,17.07.2020,US,DONOR DESIGN STRATEGY FOR CRISPR-CAS9 GENOME EDITING,C12N 15/10; C12N 15/82
US428686324,https://patentscope.wipo.int/search/en/detail.jsf?docId=US428686324,18487025,13.10.2023,US,MOBILE ENDONUCLEASES FOR HERITABLE MUTATIONS,C12N 9/22; C12N 15/74; C12N 15/82; C12N 15/86
US327114343,https://patentscope.wipo.int/search/en/detail.jsf?docId=US327114343,16981549,17.04.2019,US,USE OF ALS MUTANT PROTEIN AND THE GENE THEREOF IN PLANT BREEDING BASED ON GENE EDITING TECHNOLOGY,C12N 15/82; C12Q 1/6895; C12N 9/10
CN431386229,https://patentscope.wipo.int/search/en/detail.jsf?docId=CN431386229,202410423107.0,09.04.2024,CN,"Application of inhibition of expression of ZmP5L1, ZmP5L2 and ZmP5L3 genes in regulation of heat resistance of corn",C12N 15/82; C12N 15/29; A01H 6/46; A01H 5/00
US356967674,https://patentscope.wipo.int/search/en/detail.jsf?docId=US356967674,17427570,21.01.2020,US,Method for improving rice yield and/or rice blast resistance and protein used thereof,C12N 15/82
US339381771,https://patentscope.wipo.int/search/en/detail.jsf?docId=US339381771,17229530,13.04.2021,US,A GENE OSCKX11 FOR CONTROLLING RICE GRAIN NUMBER AND USE THEREOF,C12N 15/82; C12N 9/06