Application Id,Application Number,Office,Application Date_page,Grant Number,Grant Date,Applicants,Title_page,Priority Data,Related Patent Documents,International Application No.,International Filing Date,Application Date_list,Country,latitude,longitude,applicant_city_name,applicant_state_name,applicant_country_name,crop,Days Between Application and Grant,Granted,Application Year,Grant Year,Has Related Patent Documents,purpose
CN324347467,201911093561.X,China,2019-11-11,112779265.0,2022-11-08,"Institute Of Genetics And Developmental Biology, Chinese Academy Of Sciences",(EN) Breeding method for carrying out saturated base editing on specific gene of plant(ZH) 一种对植物特定基因进行饱和碱基编辑的育种方法,,,,,11.11.2019,China,38.115509,114.533286,Shi Jia Zhuang Shi,He Bei Sheng,China,Crop plants,1093.0,True,2019.0,2022.0,False,Other Genetic Improvement for Crop Traits
CN417838467,202311185645,China,2023-09-13,,,"Shengyan Private Life Technology (Shanghai) Co., Ltd.圣言私密生命科技（上海）",(EN) Method for improving plant gene editing efficiency(ZH) 一种提高植物基因编辑效率的方法,,,,,,,31.189885,121.269746,,Shang Hai Shi,China,Crop plants,,False,2023.0,,False,Gene Editing Systems Development
CA382074342,3183409,Canada,2021-05-28,,,"Pioneer Hi-Bred International, Inc.",(EN) LARGE SCALE GENOME MANIPULATION(FR) MANIPULATION DE GENOME A GRANDE ECHELLE,"63/031,822 29.05.2020 US","WO/2021/243115

CN115698302

EP4158033

US20230203517

IN202217070664This application is not viewable in PATENTSCOPE because the national phase entry has not been published yet or the national entry is issued from a country that does not share data with WIPO or there is a formatting issue or an unavailability of the application.",,,28.05.2021,Canada,40.0601297,-76.0696993,New Holland,Pennsylvania,United States,Crop plants,,False,2021.0,,True,Other Genetic Improvement for Crop Traits
CN391941406,202180038896,China,2021-05-28,,,"Pioneer Hi-Bred International, Inc.",(EN) Large scale genome manipulation(ZH) 大规模基因组操纵,63/031822 29.05.2020 US,"WO/2021/243115

CA3183409

EP4158033

US20230203517

IN202217070664This application is not viewable in PATENTSCOPE because the national phase entry has not been published yet or the national entry is issued from a country that does not share data with WIPO or there is a formatting issue or an unavailability of the application.",,,,,40.0601297,-76.0696993,New Holland,Pennsylvania,United States,Crop plants,,False,2021.0,,True,Other Genetic Improvement for Crop Traits
WO2021243115,PCT/US2021/034704,,,,,"Pioneer Hi-Bred International, Inc.",(EN) LARGE SCALE GENOME MANIPULATION(FR) MANIPULATION DE GÉNOME À GRANDE ÉCHELLE,"63/031,82229.05.2020US","CA3183409

CN115698302

EP4158033

US20230203517

IN202217070664This application is not viewable in PATENTSCOPE because the national phase entry has not been published yet or the national entry is issued from a country that does not share data with WIPO or there is a formatting issue or an unavailability of the application.",PCT/US2021/034704,28.05.2021,28.05.2021,World Intellectual Property Organization,40.1631226,-76.6461019,Elizabethtown,Pennsylvania,United States,Crop plants,,False,,,True,Other Genetic Improvement for Crop Traits
EP394881944,21812108,European Patent Office,2021-05-28,,,Pioneer Hi Bred Int,(DE) GENOMMANIPULATION IM GROSSMASSSTAB(EN) LARGE SCALE GENOME MANIPULATION(FR) MANIPULATION DE GÉNOME À GRANDE ÉCHELLE,202063031822 29.05.2020 US,"WO/2021/243115

CA3183409

CN115698302

US20230203517

IN202217070664This application is not viewable in PATENTSCOPE because the national phase entry has not been published yet or the national entry is issued from a country that does not share data with WIPO or there is a formatting issue or an unavailability of the application.",,,28.05.2021,European Patent Office,40.1631226,-76.6461019,Elizabethtown,Pennsylvania,United States,Crop plants,,False,2021.0,,True,Other Genetic Improvement for Crop Traits
WO2023164550,PCT/US2023/063129,,,,,"Pioneer Hi-Bred International, Inc.",(EN) METHODS AND COMPOSITIONS FOR ADVANCED BREEDING THROUGH TARGETED CHROMOSOME ENGINEERING(FR) PROCÉDÉS ET COMPOSITIONS DE CULTURE AVANCÉE PAR INGÉNIERIE CHROMOSOMIQUE CIBLÉE,"63/314,40226.02.2022US","EP4482298

US18840944This application is not viewable in PATENTSCOPE because the national phase entry has not been published yet or the national entry is issued from a country that does not share data with WIPO or there is a formatting issue or an unavailability of the application.",PCT/US2023/063129,23.02.2023,23.02.2023,World Intellectual Property Organization,40.1631226,-76.6461019,Elizabethtown,Pennsylvania,United States,Crop plants,,False,,,True,Other Genetic Improvement for Crop Traits
EP445085862,23760919,European Patent Office,2023-02-23,,,Pioneer Hi Bred Int,(DE) VERFAHREN UND ZUSAMMENSETZUNGEN ZUR ERWEITERTEN ZÜCHTUNG DURCH GEZIELTE CHROMOSOMENMANIPULATION(EN) METHODS AND COMPOSITIONS FOR ADVANCED BREEDING THROUGH TARGETED CHROMOSOME ENGINEERING(FR) PROCÉDÉS ET COMPOSITIONS DE CULTURE AVANCÉE PAR INGÉNIERIE CHROMOSOMIQUE CIBLÉE,202263314402 26.02.2022 US,"WO/2023/164550

US18840944This application is not viewable in PATENTSCOPE because the national phase entry has not been published yet or the national entry is issued from a country that does not share data with WIPO or there is a formatting issue or an unavailability of the application.",,,23.02.2023,European Patent Office,40.1631226,-76.6461019,Elizabethtown,Pennsylvania,United States,Crop plants,,False,2023.0,,True,Other Genetic Improvement for Crop Traits
US400261471,18000067,United States of America,2021-05-28,,,"Pioneer Hi-Bred International, Inc.",(EN) LARGE SCALE GENOME MANIPULATION,,"WO/2021/243115

CA3183409

CN115698302

EP4158033

IN202217070664This application is not viewable in PATENTSCOPE because the national phase entry has not been published yet or the national entry is issued from a country that does not share data with WIPO or there is a formatting issue or an unavailability of the application.",,,28.05.2021,United States,40.0601297,-76.0696993,New Holland,Pennsylvania,United States,Crop plants,,False,2021.0,,True,Other Genetic Improvement for Crop Traits
WO2018099256,PCT/CN2017/110349,,,,,"中国农业科学院作物科学研究所 Institute Of Crop Sciences, Chinese Academy Of Agricultural Sciences",(EN) APPLICATION OF CRISPR/NCAS9 MEDIATED SITE-DIRECTED BASE SUBSTITUTION IN PLANTS(FR) APPLICATION DE SUBSTITUTION DE BASE SITE DIRIGÉE MÉDIÉE PAR CRISPR/NCAS9 DANS DES PLANTES(ZH) 一种CRISPR/nCas9介导的定点碱基替换在植物中的应用,201611091107.701.12.2016CN,,PCT/CN2017/110349,10.11.2017,10.11.2017,World Intellectual Property Organization,39.961188,116.328189,,北京市,China,Rice,,False,,,False,Gene Editing Systems Development
CN336182358,202110405120.X,China,2021-04-15,113337536.0,2022-09-09,Nanjing Agricultural University,(EN) Application of RS2Z32 gene as plant immunity negative regulation factor in improvement of crop resistance(ZH) RS2Z32基因作为植物免疫负调控因子在提高作物抗性中的应用,,,,,15.04.2021,China,32.033399,118.842587,Nan Jing Shi,Jiang Su Sheng,China,"Rice, Corn, Wheat, Soybeans, Cotton",512.0,True,2021.0,2022.0,False,Disease Resistance
CN311217181,201910275840,China,2019-04-08,111850029.0,2022-04-26,"Tianjin Genovo Bio Technology Co., Ltd.",(EN) Method for acquiring non-transgenic perennial ryegrass mutant(ZH) 一种获得非转基因多年生黑麦草突变体的方法,,,,,,,38.898899,116.987485,,Tian Jin Shi,China,Ryegrass,1114.0,True,2019.0,2022.0,False,Other Genetic Improvement for Crop Traits
CN236817200,201811347309,China,2018-11-13,109234310.0,2021-08-20,Yunnan Institute Of Tobacco Agriculture Science,(EN) Recombinant vector for rapidly obtaining non-GMO genome editing plants and method for using same(ZH) 快速获得无转基因基因编辑植株的重组载体及使用方法,,,,,,,24.3492058,102.5505331,Yu Xi Shi,Yun Nan Sheng,China,Crop plants,1011.0,True,2018.0,2021.0,False,Gene Editing Systems Development
EP281665307,18764709,European Patent Office,2018-03-07,,,Univ Nanjing Agricultural,(DE) VERFAHREN ZUR EPIGENETISCHEN MANIPULATION VON PFLANZENPHÄNOTYPISCHER PLASTIZITÄT(EN) METHOD FOR EPIGENETICALLY MANIPULATING PLANT PHENOTYPIC PLASTICITY(FR) PROCÉDÉ DE MANIPULATION ÉPIGÉNÉTIQUE DE LA PLASTICITÉ PHÉNOTYPIQUE D'UNE PLANTE,2017075976 08.03.2017 CN,"CN110637087

WO/2018/161921",,,07.03.2018,European Patent Office,32.033399,118.842587,Nan Jing Shi,Jiang Su Sheng,China,Crop plants,,False,2018.0,,True,Cold Tolerance
WO2018161921,PCT/CN2018/078295,,,,,南京农业大学 Nanjing Agricultural University,(EN) METHOD FOR EPIGENETICALLY MANIPULATING PLANT PHENOTYPIC PLASTICITY(FR) PROCÉDÉ DE MANIPULATION ÉPIGÉNÉTIQUE DE LA PLASTICITÉ PHÉNOTYPIQUE D'UNE PLANTE(ZH) 一个表观遗传操作植物表型可塑性性状的方法,,"CN110637087

EP3594349",PCT/CN2017/07597608.03.2017CN,07.03.2018,07.03.2018,World Intellectual Property Organization,32.033399,118.842587,Nan Jing Shi,Jiang Su Sheng,China,Crop plants,,False,,,True,Cold Tolerance
CN280377979,201880016444,China,2018-03-07,110637087.0,2024-01-16,Nanjing Agricultural University,(EN) METHOD FOR EPIGENETICALLY MANIPULATING PLANT PHENOTYPIC PLASTICITY(ZH) 一个表观遗传操作植物表型可塑性性状的方法,,"EP3594349

WO/2018/161921",PCT/CN2017/075976 08.03.2017 CN,,,,32.033399,118.842587,Nan Jing Shi,Jiang Su Sheng,China,Crop plants,2141.0,True,2018.0,2024.0,True,Cold Tolerance
CN427320293,202410018970,China,2024-01-05,117802151.0,2024-06-14,"Institute Of Plant Protection, Chinese Academy Of Agricultural Sciences",(EN) Application of rice root-knot nematode susceptible gene OsThil in regulating resistance of rice to root-knot nematode(ZH) 水稻根结线虫感病基因OsThil在调控水稻对根结线虫的抗性方面的应用,,,,,,,39.9628214,116.3269465,,Bei Jing Shi,China,Rice,161.0,True,2024.0,2024.0,False,Disease Resistance
CN280201643,201910913593,China,2019-09-25,,,"Crop Science Research Institute, Shanxi Academy Of Agricultural Science",(EN) Construction method of CRISPR/Cas9 vector applied to potatoes(ZH) 一种应用于马铃薯上的CRISPR/Cas9载体的构建方法,,,,,,,37.817051,112.586934,Tai Yuan Shi,Shan Xi Sheng,China,Potatoes,,False,2019.0,,False,Other Genetic Improvement for Crop Traits
EP275489583,17885381,European Patent Office,2017-12-21,,,Monsanto Technology Llc,(DE) AUF GENOM-EDITING BASIERENDE NUTZPFLANZENMANIPULATION UND HERSTELLUNG VON BRACHYTISCHEN PFLANZEN(EN) GENOME EDITING-BASED CROP ENGINEERING AND PRODUCTION OF BRACHYTIC PLANTS(FR) GÉNIE GÉNÉTIQUE DE CULTURES BASÉ SUR L'ÉDITION GÉNIQUE ET PRODUCTION DE PLANTES BRACHYTIQUES,201662438370 22.12.2016 US,"CA3047163

CN110213961

BR112019012819

US20200140874

WO/2018/119225

UY0001037545

AR110581

MX2019007546

MX2022014145",,,21.12.2017,European Patent Office,38.66369922,-90.57639294,,,,Corn/Maize,,False,2017.0,,True,Yield Improvement
CA245841433,3047163,Canada,2017-12-21,,,Monsanto Technology Llc,(EN) GENOME EDITING-BASED CROP ENGINEERING AND PRODUCTION OF BRACHYTIC PLANTS(FR) GENIE GENETIQUE DE CULTURES BASE SUR L'EDITION GENIQUE ET PRODUCTION DE PLANTES BRACHYTIQUES,"62/438,370 22.12.2016 US","CN110213961

EP3557980

BR112019012819

US20200140874

WO/2018/119225

UY0001037545

AR110581

MX2019007546

MX2022014145",,,21.12.2017,Canada,38.66369922,-90.57639294,,,,Corn/Maize,,False,2017.0,,True,Yield Improvement
WO2018119225,PCT/US2017/067888,,,,,Monsanto Technology Llc,(EN) GENOME EDITING-BASED CROP ENGINEERING AND PRODUCTION OF BRACHYTIC PLANTS(FR) GÉNIE GÉNÉTIQUE DE CULTURES BASÉ SUR L'ÉDITION GÉNIQUE ET PRODUCTION DE PLANTES BRACHYTIQUES,"62/438,37022.12.2016US","CA3047163

CN110213961

EP3557980

BR112019012819

US20200140874

UY0001037545

AR110581

MX2019007546

MX2022014145",PCT/US2017/067888,21.12.2017,21.12.2017,World Intellectual Property Organization,38.66369922,-90.57639294,Remington,Indiana,United States,Corn/Maize,,False,,,True,Yield Improvement
MX283331777,2019007546,Mexico,2019-06-21,,,Monsanto Technology Llc,(EN) GENOME EDITING-BASED CROP ENGINEERING AND PRODUCTION OF BRACHYTIC PLANTS.(ES) MODIFICACIÓN GENÉTICA DE CULTIVOS A BASE DE EDICIÓN DEL GENÓMICA Y PRODUCCIÓN DE PLANTAS BRAQUÍTICAS.,"62/438,370 22.12.2016 US","CA3047163

CN110213961

EP3557980

BR112019012819

US20200140874

WO/2018/119225

UY0001037545

AR110581

MX2022014145",,,21.06.2019,Mexico,38.66369922,-90.57639294,,,,Corn/Maize,,False,2019.0,,True,Yield Improvement
CN251679698,201780084278,China,2017-12-21,,,Monsanto Technology Llc,(EN) GENOME EDITING-BASED CROP ENGINEERING AND PRODUCTION OF BRACHYTIC PLANTS(ZH) 基于基因组编辑的作物工程化和生产矮秆植物,"62/438,370 22.12.2016 US","CA3047163

EP3557980

BR112019012819

US20200140874

WO/2018/119225

UY0001037545

AR110581

MX2019007546

MX2022014145",,,,,38.66369922,-90.57639294,Los Angeles,California,United States,Corn/Maize,,False,2017.0,,True,Yield Improvement
CN290161211,201911081825,China,2019-11-07,110846323.0,2021-06-11,"Institute Of Crop Science, Chinese Academy Of Agricultural Sciences",(EN) Wheat TaARF12 gene and application thereof(ZH) 小麦TaARF12基因及其应用,,,,,,,39.9628214,116.3269465,,Bei Jing Shi,China,Wheat,582.0,True,2019.0,2021.0,False,Yield Improvement
US294407009,16472140,United States of America,2017-12-21,12241074.0,2025-03-04,Monsanto Technology Llc,(EN) Genome editing-based crop engineering and production of brachytic plants,,"CA3047163

CN110213961

EP3557980

BR112019012819

WO/2018/119225

UY0001037545

AR110581

MX2019007546

MX2022014145",,,21.12.2017,United States,38.66369922,-90.57639294,,,,Corn/Maize,2630.0,True,2017.0,2025.0,True,Yield Improvement
MX415081199,2022014145,Mexico,2019-06-21,,,Monsanto Technology Llc,(EN) GENOME EDITING-BASED CROP ENGINEERING AND PRODUCTION OF BRACHYTIC PLANTS.(ES) MODIFICACION GENETICA DE CULTIVOS A BASE DE EDICION GENOMICA Y PRODUCCION DE PLANTAS BRAQUITICAS.,"62/438,370 22.12.2016 US","CA3047163

CN110213961

EP3557980

BR112019012819

US20200140874

WO/2018/119225

UY0001037545

AR110581

MX2019007546",,,21.06.2019,Mexico,38.66369922,-90.57639294,,,,Corn/Maize,,False,2019.0,,True,Yield Improvement
CA345312038,3141931,Canada,2020-06-17,,,"Pioneer Hi-Bred International, Inc.",(EN) COMPOSITIONS AND METHODS FOR IMPROVING POD SHATTER TOLERANCE IN CANOLA(FR) COMPOSITIONS ET PROCEDES POUR AMELIORER LA TOLERANCE A L'ECLATEMENT DES CAPSULES DANS LE CANOLA,"62/863,551 19.06.2019 US","WO/2020/257251

WO/2020/257273

AU2020295995

AU2020295398

CA3142950

EP3986118

EP3986120

US20220298519

US20220298520

RU2022100974

RU2022100976

CL2021003363

CL2021003403

UAa202200215This application is not viewable in PATENTSCOPE because the national phase entry has not been published yet or the national entry is issued from a country that does not share data with WIPO or there is a formatting issue or an unavailability of the application.",,,17.06.2020,Canada,40.0601297,-76.0696993,New Holland,Pennsylvania,United States,Canola,,False,2020.0,,True,Yield Improvement
WO2020257251,PCT/US2020/038087,,,,,"Pioneer Hi-Bred International, Inc.",(EN) COMPOSITIONS AND METHODS FOR IMPROVING POD SHATTER TOLERANCE IN CANOLA(FR) COMPOSITIONS ET PROCÉDÉS POUR AMÉLIORER LA TOLÉRANCE À L'ÉCLATEMENT DES CAPSULES DANS LE CANOLA,"62/863,55119.06.2019US","WO/2020/257273

AU2020295995

AU2020295398

CA3141931

CA3142950

EP3986118

EP3986120

US20220298519

US20220298520

RU2022100974

RU2022100976

CL2021003363

CL2021003403

UAa202200215This application is not viewable in PATENTSCOPE because the national phase entry has not been published yet or the national entry is issued from a country that does not share data with WIPO or there is a formatting issue or an unavailability of the application.",PCT/US2020/038087,17.06.2020,17.06.2020,World Intellectual Property Organization,40.1631226,-76.6461019,Elizabethtown,Pennsylvania,United States,Canola,,False,,,True,Yield Improvement
EP358609092,20825832,European Patent Office,2020-06-17,,,Pioneer Hi Bred Int,(DE) ZUSAMMENSETZUNGEN UND VERFAHREN ZUR VERBESSERUNG DER HÜSELBRUCHTOLERANZ BEI RAPS(EN) COMPOSITIONS AND METHODS FOR IMPROVING POD SHATTER TOLERANCE IN CANOLA(FR) COMPOSITIONS ET PROCÉDÉS POUR AMÉLIORER LA TOLÉRANCE À L'ÉCLATEMENT DES CAPSULES DANS LE CANOLA,201962863551 19.06.2019 US,"WO/2020/257251

WO/2020/257273

AU2020295995

AU2020295398

CA3141931

CA3142950

EP3986120

US20220298519

US20220298520

RU2022100974

RU2022100976

CL2021003363

CL2021003403

UAa202200215This application is not viewable in PATENTSCOPE because the national phase entry has not been published yet or the national entry is issued from a country that does not share data with WIPO or there is a formatting issue or an unavailability of the application.",,,17.06.2020,European Patent Office,40.1631226,-76.6461019,Elizabethtown,Pennsylvania,United States,Canola,,False,2020.0,,True,Yield Improvement
EP311124141,19701052,European Patent Office,2019-01-11,,,Kws Saat Se & Co Kgaa,(DE) OPTIMIERTE CRISPR/CPF1-PFLANZENSYSTEME(EN) OPTIMIZED PLANT CRISPR/CPF1 SYSTEMS(FR) SYSTÈMES CRISPR/CPF1 OPTIMISÉS DE PLANTES,201862616136 11.01.2018 US,"AR113728

WO/2019/138052

CN111836825

BR112020014017

US20210163968

CA3088052

US20240409949",,,11.01.2019,European Patent Office,51.8149087,9.884365,Einbeck,Niedersachsen,Germany,Crop plants,,False,2019.0,,True,Gene Editing Systems Development
CN312690861,201980026492,China,2019-04-16,,,Pioneer Hi-Bred International Inc.,(EN) IMPROVING AGRONOMIC CHARACTERISTICS IN MAIZE BY MODIFICATION OF ENDOGENOUS MADS BOX TRANSCRIPTION FACTORS(ZH) 通过修饰内源性MADS盒转录因子改善玉蜀黍中的农艺特征,62/659579 18.04.2018 US62/741529 04.10.2018 US62/814373 06.03.2019 US,"WO/2019/204256

BR112020021364

EP3780946

US20210155949

CA3095045

IN202017049501",,,,,40.0601297,-76.0696993,New Holland,Pennsylvania,United States,Corn/Maize,,False,2019.0,,True,Yield Improvement
WO2019204256,PCT/US2019/027602,,,,,"Pioneer Hi-Bred International, Inc.",(EN) IMPROVING AGRONOMIC CHARACTERISTICS IN MAIZE BY MODIFICATION OF ENDOGENOUS MADS BOX TRANSCRIPTION FACTORS(FR) AMÉLIORATION DE CARACTÉRISTIQUES AGRONOMIQUES DANS LE MAÏS PAR MODIFICATION DE FACTEURS DE TRANSCRIPTION DE MADS BOX ENDOGÈNES,"62/659,57918.04.2018US62/741,52904.10.2018US62/814,37306.03.2019US","CN111988989

BR112020021364

EP3780946

US20210155949

CA3095045

IN202017049501",PCT/US2019/027602,16.04.2019,16.04.2019,World Intellectual Property Organization,40.1631226,-76.6461019,Elizabethtown,Pennsylvania,United States,Corn/Maize,,False,,,True,Yield Improvement
EP318509452,19789170,European Patent Office,2019-04-16,,,Pioneer Hi Bred Int,(DE) VERBESSERUNG DER AGRONOMISCHEN EIGENSCHAFTEN BEI MAIS DURCH MODIFIKATION ENDOGENER MADS-BOX-TRANSKRIPTIONSFAKTOREN(EN) IMPROVING AGRONOMIC CHARACTERISTICS IN MAIZE BY MODIFICATION OF ENDOGENOUS MADS BOX TRANSCRIPTION FACTORS(FR) AMÉLIORATION DE CARACTÉRISTIQUES AGRONOMIQUES DANS LE MAÏS PAR MODIFICATION DE FACTEURS DE TRANSCRIPTION DE MADS BOX ENDOGÈNES,201862659579 18.04.2018 US201862741529 04.10.2018 US201962814373 06.03.2019 US,"WO/2019/204256

CN111988989

BR112020021364

US20210155949

CA3095045

IN202017049501",,,16.04.2019,European Patent Office,40.1631226,-76.6461019,Elizabethtown,Pennsylvania,United States,Corn/Maize,,False,2019.0,,True,Yield Improvement
CA310737196,3095045,Canada,,,,"Pioneer Hi-Bred International, Inc.",(EN) IMPROVING AGRONOMIC CHARACTERISTICS IN MAIZE BY MODIFICATION OF ENDOGENOUS MADS BOX TRANSCRIPTION FACTORS(FR) AMELIORATION DE CARACTERISTIQUES AGRONOMIQUES DANS LE MAIS PAR MODIFICATION DE FACTEURS DE TRANSCRIPTION DE MADS BOX ENDOGENES,"62/659,579 18.04.2018 US62/741,529 04.10.2018 US62/814,373 06.03.2019 US","WO/2019/204256

CN111988989

BR112020021364

EP3780946

US20210155949

IN202017049501",,,,Canada,40.0601297,-76.0696993,New Holland,Pennsylvania,United States,Corn/Maize,,False,,,True,Yield Improvement
CN310801653,201980018394,China,2019-01-11,,,Kws Saat Se,(EN) Optimized plant CRISPR/CPF1 systems(ZH) 优化的植物CRISPR/CPF1系统,"62/616,136 11.01.2018 US","AR113728

WO/2019/138052

EP3737691

BR112020014017

US20210163968

CA3088052

US20240409949",,,,,51.8149087,9.884365,Einbeck,Niedersachsen,Germany,Crop plants,,False,2019.0,,True,Gene Editing Systems Development
CA300730838,3088052,Canada,,,,Kws Saat Se & Co. Kgaa,(EN) OPTIMIZED PLANT CRISPR/CPF1 SYSTEMS(FR) SYSTEMES CRISPR/CPF1 OPTIMISES DE PLANTES,"62/616,136 11.01.2018 US","AR113728

WO/2019/138052

CN111836825

EP3737691

BR112020014017

US20210163968

US20240409949",,,,Canada,51.8149087,9.884365,Einbeck,Niedersachsen,Germany,Crop plants,,False,,,True,Gene Editing Systems Development
WO2019138052,PCT/EP2019/050655,,,,,Kws Saat Se & Co. Kgaa,(EN) OPTIMIZED PLANT CRISPR/CPF1 SYSTEMS(FR) SYSTÈMES CRISPR/CPF1 OPTIMISÉS DE PLANTES,"62/616,13611.01.2018US","AR113728

CN111836825

EP3737691

BR112020014017

US20210163968

CA3088052

US20240409949",PCT/EP2019/050655,11.01.2019,11.01.2019,World Intellectual Property Organization,51.8149087,9.884365,Einbeck,Niedersachsen,Germany,Crop plants,,False,,,True,Gene Editing Systems Development
CN438262435,202410589544.X,China,2024-05-13,,,Hangzhou International Science And Technology Innovation Center Of Zhejiang University,(EN) Application of rape phosphate transporter gene mutant in arsenic stress resistance(ZH) 一种油菜磷酸盐转运子基因突变体在耐砷胁迫中的应用,,,,,13.05.2024,China,30.2049443,120.2573322,Hang Zhou Shi,Zhe Jiang Sheng,China,Canola,,False,2024.0,,False,Other Genetic Improvement for Crop Traits
US375116822,17619583,United States of America,2020-06-17,,,"Pioneer Hi-Bred International, Inc.",(EN) COMPOSITIONS AND METHODS FOR IMPROVING POD SHATTER TOLERANCE IN CANOLA,,"WO/2020/257251

WO/2020/257273

AU2020295995

AU2020295398

CA3141931

CA3142950

EP3986118

EP3986120

US20220298519

RU2022100974

RU2022100976

CL2021003363

CL2021003403

UAa202200215This application is not viewable in PATENTSCOPE because the national phase entry has not been published yet or the national entry is issued from a country that does not share data with WIPO or there is a formatting issue or an unavailability of the application.",,,17.06.2020,United States,40.0601297,-76.0696993,New Holland,Pennsylvania,United States,Canola,,False,2020.0,,True,Yield Improvement
AU340320468,2020295995,Australia,2020-06-17,,,"Pioneer Hi-Bred International, Inc.",(EN) Compositions and methods for improving pod shatter tolerance in canola,"62/863,551 19.06.2019 US","WO/2020/257251

WO/2020/257273

AU2020295398

CA3141931

CA3142950

EP3986118

EP3986120

US20220298519

US20220298520

RU2022100974

RU2022100976

CL2021003363

CL2021003403

UAa202200215This application is not viewable in PATENTSCOPE because the national phase entry has not been published yet or the national entry is issued from a country that does not share data with WIPO or there is a formatting issue or an unavailability of the application.",,,17.06.2020,Australia,40.0601297,-76.0696993,New Holland,Pennsylvania,United States,Canola,,False,2020.0,,True,Other Genetic Improvement for Crop Traits
IN318014159,202017049501,India,2020-11-12,,,"Pioneer Hi-Bred International, Inc.",(EN) IMPROVING AGRONOMIC CHARACTERISTICS IN MAIZE BY MODIFICATION OF ENDOGENOUS MADS BOX TRANSCRIPTION FACTORS,62/659579 18.04.2018 US62/741529 04.10.2018 US62/814373 06.03.2019 US,"WO/2019/204256

CN111988989

BR112020021364

EP3780946

US20210155949

CA3095045",,,12.11.2020,India,40.0601297,-76.0696993,New Holland,Pennsylvania,United States,Corn/Maize,,False,2020.0,,True,Yield Improvement
US325111240,17047946,United States of America,2019-04-16,,,"Pioneer Hi-Bred International, Inc.",(EN) IMPROVING AGRONOMIC CHARACTERISTICS IN MAIZE BY MODIFICATION OF ENDOGENOUS MADS BOX TRANSCRIPTION FACTORS,,"WO/2019/204256

CN111988989

BR112020021364

EP3780946

CA3095045

IN202017049501",,,16.04.2019,United States,40.0601297,-76.0696993,New Holland,Pennsylvania,United States,Corn/Maize,,False,2019.0,,True,Yield Improvement
CN203439502,102017000098892,China,2017-02-23,107043779.0,2020-05-12,"Institute Of Crop Science, Chinese Academy Of Agricultural Sciences",(EN) Application of CRISPR/nCas9 mediated site-directed base substitution in plant(ZH) 一种CRISPR/nCas9介导的定点碱基替换在植物中的应用,2016110911077 01.12.2016 CN,,,,23.02.2017,China,39.9628214,116.3269465,,Bei Jing Shi,China,Rice,1174.0,True,2017.0,2020.0,False,Gene Editing Systems Development
US444652451,18739142,United States of America,2024-06-10,,,"Board Of Regents Of The Nevada System Of Higher Education, On Behalf Of The University Of Nevada",(EN) POTATO VARIETY NAMED 'UNR-01',,,,,10.06.2024,United States,39.5512226,-119.8123014,Reno,Nevada,United States,Potatoes,,False,2024.0,,False,Other Genetic Improvement for Crop Traits
WO2019027871,PCT/US2018/044312,,,,,Ingateygen Llc,(EN) PEANUT WITH REDUCED ALLERGEN LEVELS(FR) CACAHUÈTE À NIVEAUX D'ALLERGÈNES RÉDUITS,"62/539,30831.07.2017US",US20210010014,PCT/US2018/044312,30.07.2018,30.07.2018,World Intellectual Property Organization,40.9806198,-74.2545021,Wayne,New Jersey,United States,Peanuts,,False,,,True,Other Genetic Improvement for Crop Traits
US325709511,16961303,United States of America,2019-01-11,12098374.0,2024-09-24,Kws Saat Se & Co. Kgaa,(EN) Optimized plant CRISPR/CPF1 systems,,"AR113728

WO/2019/138052

CN111836825

EP3737691

BR112020014017

CA3088052

US20240409949",,,11.01.2019,United States,51.8149087,9.884365,Einbeck,Niedersachsen,Germany,Crop plants,2083.0,True,2019.0,2024.0,True,Gene Editing Systems Development
US444088085,18813194,United States of America,2024-08-23,,,Kws Saat Se & Co. Kgaa,(EN) OPTIMIZED PLANT CRISPR/CPF1 SYSTEMS,,"AR113728

WO/2019/138052

CN111836825

EP3737691

BR112020014017

US20210163968

CA3088052",,,23.08.2024,United States,51.8149087,9.884365,Einbeck,Niedersachsen,Germany,Crop plants,,False,2024.0,,True,Gene Editing Systems Development
CN220636315,102017000396445,China,2017-05-31,107164402.0,2020-10-16,"Weiming Xingwang System Crop Design Frontier Laboratory (Beijing) Co., Ltd.未名兴旺系统作物设计前沿实验室（北京）",(EN) CRISPR-Cas9 system-based gene editing vector and application thereof(ZH) 一种基于CRISPR-Cas9系统的基因编辑载体及其应用,,,,,31.05.2017,China,39.7965923,116.5179335,,Bei Jing Shi,China,Wheat,1234.0,True,2017.0,2020.0,False,Gene Editing Systems Development
CN350472567,202111283434,China,2021-11-01,113999863.0,2024-01-05,Zhejiang University,(EN) Method for improving water utilization efficiency of tomato crops(ZH) 一种提高番茄作物水分利用效率的方法,,,,,,,30.3086844,120.0864995,Hang Zhou Shi,Zhe Jiang Sheng,China,Tomatoes,795.0,True,2021.0,2024.0,False,Drought Adaptation
CN274818238,201780086843,China,2017-12-20,,,Kws Saat Sekws,"(EN) CONFERRING RESISTANCE TO GEMINIVIRUSES IN PLANTS IN ALTERNATIVE MANNER TO GENE DRIVE, USING CRISPR/CAS SYSTEMS(ZH) 使用CRISPR/CAS系统以可选方式进行基因驱动在植物中赋予对双生病毒的抗性","62/436,792 20.12.2016 US","CA3047829

US20190352653

BR112019012839

WO/2018/115202",,,,,51.8149087,9.884365,Einbeck,Niedersachsen,Germany,Crop plants,,False,2017.0,,True,Disease Resistance
WO2018115202,PCT/EP2017/083952,,,,,Kws Saat Se,"(EN) CONFERRING RESISTANCE TO GEMINIVIRUSES IN PLANTS IN ALTERNATIVE MANNER TO GENE DRIVE, USING CRISPR/CAS SYSTEMS(FR) MOYENS PERMETTANT DE CONFÉRER UNE RÉSISTANCE À DES GÉMINIVIRUS DANS DES PLANTES DE MANIÈRE ALTERNATIVE À UNE MANOEUVRE GÉNIQUE, À L'AIDE DE SYSTÈMES CRISPR/CAS","62/436,79220.12.2016US","C12N 15/8213
					






C12N 15/8283
					






C12N 2310/20
					








C12N 15/8213
					






C12N 15/8283
					






C12N 2310/20
					






View less classifications",PCT/EP2017/083952,20.12.2017,20.12.2017,World Intellectual Property Organization,51.8149087,9.884365,Einbeck,Niedersachsen,Germany,Crop plants,,False,,,True,Disease Resistance
WO2022232407,PCT/US2022/026754,,,,,Monsanto Technology Llc,(EN) PLANT REGULATORY ELEMENTS AND USES THEREOF(FR) ÉLÉMENTS RÉGULATEURS DE PLANTE ET LEURS UTILISATIONS,"63/182,28830.04.2021US63/295,06130.12.2021US","AU2022264019

CA3217328

BR112023020555

CN117242181

EP4330403

JP2024515777

NZ804298",PCT/US2022/026754,28.04.2022,28.04.2022,World Intellectual Property Organization,38.66369922,-90.57639294,Remington,Indiana,United States,Crop plants,,False,,,True,Gene Editing Systems Development
WO2018071362,PCT/US2017/055835,,,,,"Becker, James E.",(EN) GENERATING NORTHERN LEAF BLIGHT RESISTANT MAIZE(FR) GÉNÉRATION DE MAÏS RÉSISTANT À L'HELMINTHOSPORIOSE DU NORD,"62/407,86713.10.2016US","US3416802

CA3037560

CN109844121

BR112019007327

EP3525578

EA201990924

US20220275392

EA202292659

EP4242330

AR109941

UAa201904883This application is not viewable in PATENTSCOPE because the national phase entry has not been published yet or the national entry is issued from a country that does not share data with WIPO or there is a formatting issue or an unavailability of the application.

IN201917018418",PCT/US2017/055835,10.10.2017,10.10.2017,World Intellectual Property Organization,40.7794438,-73.9547643,New York,New York,United States,Corn/Maize,,False,,,True,Disease Resistance
WO2019120283,PCT/CN2018/122640,,,,,Ntd Patent And Trademark Agency Limited,(EN) METHOD FOR BASE EDITING IN PLANTS(FR) PROCÉDÉ D'ÉDITION DE BASES CHEZ LES PLANTES,201711393160.721.12.2017CN201810402244.028.04.2018CN,"CN110157727

US20200340002

EP3728600

BR112020010594

CA3091157",PCT/CN2018/122640,21.12.2018,21.12.2018,World Intellectual Property Organization,22.302027,114.178402,,Kowloon,Hong Kong,Crop plants,,False,,,True,Gene Editing Systems Development
WO2014194190,PCT/US2014/040220,,,,,The Penn State Research Foundation,(EN) GENE TARGETING AND GENETIC MODIFICATION OF PLANTS VIA RNA-GUIDED GENOME EDITING(FR) CIBLAGE GÉNIQUE ET MODIFICATION GÉNÉTIQUE DE VÉGÉTAUX PAR LE BIAIS DE L'ÉDITION DU GÉNOME GUIDÉE PAR L'ARN,"61/828,73730.05.2013US",US20150067922,PCT/US2014/040220,30.05.2014,30.05.2014,World Intellectual Property Organization,40.7992578,-77.8617846,State College,Pennsylvania,United States,Crop plants,,False,,,True,Gene Editing Systems Development
WO2024151633,PCT/US2024/010882,,,,,"Robigo, Inc.",(EN) PLANT MICROBES AND USES THEREOF(FR) MICROBES VÉGÉTAUX ET LEURS UTILISATIONS,"63/438,07210.01.2023US63/541,44829.09.2023US",,PCT/US2024/010882,09.01.2024,09.01.2024,World Intellectual Property Organization,41.8775365,12.5535792,Roma,Lazio,Italy,Crop plants,,False,,,False,Disease Resistance
WO2021234370,PCT/GB2021/051195,,,,,Oxford University Innovation Limited,(EN) ENHANCEMENT OF PRODUCTIVITY IN C3 PLANTS(FR) AMÉLIORATION DE LA PRODUCTIVITÉ DANS LES PLANTES C3,2007526.320.05.2020GB,"AU2021274120

BR112022023522

CA3178261

EP4153754

CN116157526

JP2023531153

US20230279419

BRGB2021051195

AR122124

IN202227066024",PCT/GB2021/051195,18.05.2021,18.05.2021,World Intellectual Property Organization,51.753007,-1.291241,,England,United Kingdom,Crop plants,,False,,,True,Yield Improvement
WO2021003954,PCT/CN2019/121178,,,,,"济南诚智商标专利事务所有限公司 Jinan Chengzhi Trademark & Patent Office Co., Ltd.",(EN) METHOD FOR ESTABLISHING RAPE NUCLEUS MALE STERILE LINE AND MAINTAINER LINE(FR) PROCÉDÉ D'ÉTABLISSEMENT D'UNE LIGNÉE STÉRILE MÂLE DE NOYAU DE COLZA ET LIGNE DE MAINTIEN(ZH) 一种创建油菜细胞核雄性不育系和保持系的方法,201910608113.208.07.2019CN,CN110157732,PCT/CN2019/121178,27.11.2019,27.11.2019,World Intellectual Property Organization,36.20547,117.67865,Ji Nan Shi,Shan Dong Sheng,China,Canola,,False,,,True,Yield Improvement
WO2021042228,PCT/CN2019/103934,,,,,Ntd Patent And Trademark Agency Limited,(EN) ABIOTIC STRESS TOLERANT PLANTS AND METHODS(FR) PLANTES ET PROCÉDÉS TOLÉRANTS AU STRESS ABIOTIQUE,,"CN114341359

US20220275384",PCT/CN2019/103934,02.09.2019,02.09.2019,World Intellectual Property Organization,22.302027,114.178402,,Kowloon,Hong Kong,Crop plants,,False,,,True,Drought Adaptation
WO2022114692,PCT/KR2021/017138,,,,,주식회사 툴젠 Toolgen Incorporated,(EN) METHOD FOR PRODUCING BROWNING-SUPPRESSED POTATO PLANT USING CRISPR/CAS9 SYSTEM(FR) PROCÉDÉ DE PRODUCTION D'UN PLANT DE POMME DE TERRE À BRUNISSEMENT SUPPRIMÉ À L'AIDE D'UN SYSTÈME CRISPR/CAS9(KO) CRISPR/Cas9 시스템을 이용한 갈변 억제 감자 식물체의 제조방법,10-2020-016047425.11.2020KR,"KR102272557

BRKR2021017138

CN116615535

EP4253541

AR124149

BR112023008309This application is not viewable in PATENTSCOPE because the national phase entry has not been published yet or the national entry is issued from a country that does not share data with WIPO or there is a formatting issue or an unavailability of the application.",PCT/KR2021/017138,22.11.2021,22.11.2021,World Intellectual Property Organization,37.4329779,126.8116866,Siheung-si,Gyeonggi-do,South Korea,Potatoes,,False,,,True,Other Genetic Improvement for Crop Traits
WO2020232660,PCT/CN2019/087910,,,,,Ntd Patent And Trademark Agency Limited,(EN) ABIOTIC STRESS TOLERANT PLANTS AND METHODS(FR) PLANTES TOLÉRANTES AU STRESS ABIOTIQUE ET PROCÉDÉS,,"CN114245823

US20220213499",PCT/CN2019/087910,22.05.2019,22.05.2019,World Intellectual Property Organization,22.302027,114.178402,,Kowloon,Hong Kong,Crop plants,,False,,,True,Drought Adaptation
CN353483961,202210110993,China,2022-01-29,114107372.0,2022-07-29,Biotechnology Research Institute Of Chinese Academy Of Agricultural Sciences,(EN) Method for increasing methionine content of grains through gene knockout(ZH) 一种通过基因敲除提高籽粒甲硫氨酸含量的方法,,US20230242930,,,,,39.959662,116.327333,,北京市,China,Corn/Maize,181.0,True,2022.0,2022.0,True,Yield Improvement
EP409873311,21898518,European Patent Office,2021-11-22,,,Toolgen Inc,(DE) VERFAHREN ZUR HERSTELLUNG EINER BRÄUNUNGSUNTERDRÜCKTEN KARTOFFELPFLANZE MIT CRISPR/CAS9-SYSTEM(EN) METHOD FOR PRODUCING BROWNING-SUPPRESSED POTATO PLANT USING CRISPR/CAS9 SYSTEM(FR) PROCÉDÉ DE PRODUCTION D'UN PLANT DE POMME DE TERRE À BRUNISSEMENT SUPPRIMÉ À L'AIDE D'UN SYSTÈME CRISPR/CAS9,1020200160474 25.11.2020 KR,"KR102272557

WO/2022/114692

BRKR2021017138

CN116615535

AR124149

BR112023008309This application is not viewable in PATENTSCOPE because the national phase entry has not been published yet or the national entry is issued from a country that does not share data with WIPO or there is a formatting issue or an unavailability of the application.",,,22.11.2021,European Patent Office,37.56913433,126.8291021,,,,Potatoes,,False,2021.0,,True,Other Genetic Improvement for Crop Traits
CN440333141,202410891464,China,2024-07-04,,,Anhui Agricultural University,(EN) ZmHLH2 gene for regulating included angle and plant height of corn leaves and application of ZmHLH2 gene(ZH) 一种调控玉米叶夹角和株高的ZmHLH2基因及其应用,,,,,,,31.860048,117.257372,He Fei Shi,An Hui Sheng,China,Corn/Maize,,False,2024.0,,False,Yield Improvement
CN321892911,202011500837,China,2020-12-18,,,"Institute Of Crop Science, Chinese Academy Of Agricultural Sciences",(EN) Method for obtaining Glycine max (Linn.) Merr. with high oleic acid content by GmFAD2-1A gene modified by CRISPR/Cas9(ZH) 利用CRISPR/Cas9修饰GmFAD2-1A基因获得高油酸含量大豆的方法,,,,,,,39.9628214,116.3269465,,Bei Jing Shi,China,Soybeans,,False,2020.0,,False,Other Genetic Improvement for Crop Traits
CN251329989,201910608113,China,2019-07-08,,,Shandong Crop Germplasm Center,(EN) Method for establishing rape nucleus male sterile line and maintainer line(ZH) 一种创建油菜细胞核雄性不育系和保持系的方法,,WO/2021/003954,,,,,36.62619,117.17238,Jinan,Shandong,China,Canola,,False,2019.0,,True,Other Genetic Improvement for Crop Traits
CN440607367,202410618898,China,2024-05-17,,,"Institute Of Crop Science, Chinese Academy Of Agricultural Sciences",(EN) Application of rice Os05g0498700 protein and coding gene thereof in improving abiotic stress resistance of plants(ZH) 水稻Os05g0498700蛋白及其编码基因在提高植物抗非生物胁迫中的用途,,,,,,,39.9628214,116.3269465,,Bei Jing Shi,China,Rice,,False,2024.0,,False,Other Genetic Improvement for Crop Traits
CN419869622,202311668978,China,2023-12-07,117363648.0,2024-03-29,"Sanya Research Institute, Chinese Academy Of Tropical Agricultural Sciences中国热带农业科学院三亚研究院Grain Research Institute, Hebei Academy Of Agriculture And Forestry Sciences",(EN) Expression and application of SvMOC1 gene for regulating tiller number of broomcorn plants(ZH) 一种用于调控黍亚科植物分蘖数的SvMOC1基因表达及应用,,,,,,,38.0363787,114.5635167,Shi Jia Zhuang Shi,He Bei Sheng,China,Sorghum,113.0,True,2023.0,2024.0,False,Yield Improvement
CN442933780,202411065317,China,2024-08-05,,,China National Rice Research Institute,"(EN) Rice grain fatty acid regulation gene KCS18, protein coded by same and application of rice grain fatty acid regulation gene KCS18(ZH) 水稻籽粒脂肪酸调控基因KCS18及其编码的蛋白质与应用",,,,,,,46.88572,130.28944,Jiamusi,Heilongjiang,China,Rice,,False,2024.0,,False,Other Genetic Improvement for Crop Traits
CN282395785,201910969503,China,2019-10-12,110684796.0,2021-08-03,Fujian Agriculture And Forestry University,(EN) Method for specifically knocking out soybean lipoxygenase gene by CRISPR-Cas9 and application of method(ZH) CRISPR-Cas9特异性敲除大豆脂肪氧化酶基因的方法及其应用,,,,,,,26.084946,119.239701,Fu Zhou Shi,Fu Jian Sheng,China,Soybeans,661.0,True,2019.0,2021.0,False,Other Genetic Improvement for Crop Traits
CN370182974,202210663020,China,2022-06-14,114736890.0,2022-10-04,"Institute Of Crop Science, Chinese Academy Of Agricultural Sciences",(EN) Application of rice chitinase and coding gene thereof in enhancing abiotic stress resistance of plants(ZH) 水稻几丁质酶及其编码基因在增强植物抗非生物胁迫中的用途,,,,,,,39.9628214,116.3269465,,Bei Jing Shi,China,Rice,112.0,True,2022.0,2022.0,False,Drought Adaptation
CN251542817,201910627648,China,2019-07-12,110194792.0,2021-09-14,Yunnan Institute Of Tobacco Agriculture Science,(EN) Transcription factor NtMYB44a capable of improving drought resistance of tobacco and site-directed mutation method and application thereof(ZH) 一种能提高烟草抗旱的转录因子NtMYB44a及其定点突变方法与应用,,,,,,,24.3492058,102.5505331,Yu Xi Shi,Yun Nan Sheng,China,Tobacco,795.0,True,2019.0,2021.0,False,Drought Adaptation
CN405936986,202310773251,China,2023-06-28,116515893.0,2023-09-08,Sanya Nanfan Research Institute Of Hainan University海南大学三亚南繁研究院Sanya Research Institute Of Hainan University,(EN) Application of OsbHLH6 gene and protein thereof in improving cold resistance of crops(ZH) OsbHLH6基因及其蛋白质在提高作物耐冷性的应用,,,,,,,18.2910908,109.4995686,San Ya Shi,Hai Nan Sheng,China,Rice,72.0,True,2023.0,2023.0,False,Cold Tolerance
CN429071255,202410195431,China,2024-02-22,,,Huang Jiahui,(EN) Asparagus stress resistance gene editing method(ZH) 一种芦笋抗逆性基因编辑方法,,,,,,,40.6332854,-74.0122981,,New York,United States,Asparagus,,False,2024.0,,False,Drought Adaptation
KR377005915,1020210043780,Republic of Korea,2021-04-05,102632726.0,2024-02-01,서울대학교산학협력단Seoul National University R&Db Foundation,(EN) OsWRKY5 GENE FOR CONTROLLING RESISTANCE TO ABIOTIC STRESS OF PLANTS AND USES THEREOF(KO) 식물체의 비생물적 스트레스 저항성을 조절하는 OsWRKY5 유전자 및 이의 용도,,,,,05.04.2021,South Korea,37.4648267,126.9571988,,Seoul,South Korea,Crop plants,1032.0,True,2021.0,2024.0,False,Drought Adaptation
WO2020063775,PCT/CN2019/108240,,,,,"中国农业科学院油料作物研究所 Oil Crops Research Institute, Chinese Academy Of Agricultural Sciences",(EN) METHOD FOR KNOCKING OUT BNMAX1 GENE IN BRASSICA NAPUS L. USING CRISPR-CAS9 SYSTEM AND APPLICATION(FR) PROCÉDÉ D'INACTIVATION PAR KNOCK OUT DU GÈNE BNMAX1 CHEZ BRASSICA NAPUS L. À L'AIDE DU SYSTÈME CRISPR-CAS9 ET SON APPLICATION(ZH) 利用CRISPR-Cas9系统敲除甘蓝型油菜BnMAX1基因的方法及应用,201811137314.027.09.2018CN,"CN109266646

AU2019345788",PCT/CN2019/108240,26.09.2019,26.09.2019,World Intellectual Property Organization,30.581532,114.344114,Wu Han Shi,Hu Bei Sheng,China,Canola,,False,,,True,Yield Improvement
WO2018107103,PCT/US2017/065438,,,,,"The Broad Institute, Inc.",(EN) CRISPR-SYSTEMS FOR MODIFYING A TRAIT OF INTEREST IN A PLANT(FR) SYSTÈMES CRISPR POUR MODIFIER UN CARACTÈRE D'INTÉRÊT CHEZ UNE PLANTE,"62/432,54309.12.2016US62/567,95904.10.2017US",US20190352652,PCT/US2017/065438,08.12.2017,08.12.2017,World Intellectual Property Organization,42.3628314,-71.0888228,Cambridge,Massachusetts,United States,Crop plants,,False,,,True,Gene Editing Systems Development
KR331526083,1020200160474,Republic of Korea,2020-11-25,102272557.0,2021-06-29,주식회사 툴젠,(EN) METHOD FOR PRODUCING POTATO PLANT WITH SUPPRESSED BROWNING USING CRISPR/CAS9 SYSTEM(KO) CRISPR/Cas9 시스템을 이용한 갈변 억제 감자 식물체의 제조방법,,"WO/2022/114692

BRKR2021017138

CN116615535

EP4253541

AR124149

BR112023008309This application is not viewable in PATENTSCOPE because the national phase entry has not been published yet or the national entry is issued from a country that does not share data with WIPO or there is a formatting issue or an unavailability of the application.",,,25.11.2020,South Korea,37.4329779,126.8116866,Siheung-si,Gyeonggi-do,South Korea,Potatoes,216.0,True,2020.0,2021.0,True,Other Genetic Improvement for Crop Traits
CN333771554,202110506582,China,2021-05-10,113201557.0,2023-04-07,"Rice Research Institute, Anhui Academy Of Agricultural Sciences",(EN) Method for guiding editing system to mediate crops to generate endogenous herbicide resistance(ZH) 一种引导编辑系统介导作物产生内源除草剂抗性的方法,,,,,,,31.8827699,117.2471304,He Fei Shi,An Hui Sheng,China,Crop plants,697.0,True,2021.0,2023.0,False,Pesticide Resistance
CN427808294,202311490649,China,2023-11-09,,,Fujian Agriculture And Forestry University,(EN) Rice blast resistance related gene OsEDC4 and application thereof(ZH) 一种水稻抗稻瘟病相关基因OsEDC4及其应用,,CN118879732,,,,,26.084946,119.239701,Fu Zhou Shi,Fu Jian Sheng,China,Rice,,False,2023.0,,True,Disease Resistance
CN442928104,202411116335,China,2024-08-14,,,Fujian Agriculture And Forestry University,(EN) Rice blast resistance related gene OsEDC4 and application thereof(ZH) 一种水稻抗稻瘟病相关基因OsEDC4及其应用,202311490649.1 09.11.2023 CN,CN117844817,,,,,26.084946,119.239701,Fu Zhou Shi,Fu Jian Sheng,China,Rice,,False,2024.0,,True,Disease Resistance
WO2023164553,PCT/US2023/063133,,,,,,(EN) COMPOSITIONS AND METHODS FOR SUPPRESSION OF FLOWERING IN SUGARCANE AND ENERGYCANE(FR) COMPOSITIONS ET PROCÉDÉS DE SUPPRESSION DE FLORAISON DE LA CANNE À SUCRE ET LA CANNE À ÉNERGIE,"63/268,57225.02.2022US",MX2024010443,PCT/US2023/063133,23.02.2023,23.02.2023,World Intellectual Property Organization,,,,,,"Sugarcane, Energycane",,False,,,True,Yield Improvement
WO2019129145,PCT/CN2018/124381,,,,,,(EN) FLOWERING TIME-REGULATING GENE CMP1 AND RELATED CONSTRUCTS AND APPLICATIONS THEREOF(FR) GÈNE CMP1 DE RÉGULATION DE L'ÉPOQUE DE FLORAISON ET CONSTRUCTIONS ASSOCIÉES ET APPLICATIONS CORRESPONDANTES,201711459345.328.12.2017CN,"CN109971763

CN111511916

US20210371868",PCT/CN2018/124381,27.12.2018,27.12.2018,World Intellectual Property Organization,,,,,,Crop plants,,False,,,True,Yield Improvement
WO2019000806,PCT/CN2017/111859,,,,,北京市农林科学院 Beijing Academy Of Agriculture And Forestry Sciences,"(EN) METHOD FOR CREATING MALE STERILITY LINE OF SOLANUM LYCOPERSICUM BY MEANS OF GENOME EDITING, AND APPLICATION THEREOF(FR) PROCÉDÉ DE CRÉATION D'UNE LIGNÉE MÂLE STÉRILE DE SOLANUM LYCOPERSICUM PAR ÉDITION DU GÉNOME, ET APPLICATION ASSOCIÉE(ZH) 一种通过基因组编辑创制番茄雄性不育系的方法及其应用",201710514085.929.06.2017CN,"CN109207505

US20210095308",PCT/CN2017/111859,20.11.2017,20.11.2017,World Intellectual Property Organization,40.0051991,116.3813791,,Beijing,China,Tomatoes,,False,,,True,Other Genetic Improvement for Crop Traits
CN409239756,202311044581,China,2023-08-18,116769799.0,2023-11-10,Nanchang University,(EN) Soybean mutant gene for improving yield of leguminous crops and application of soybean mutant gene(ZH) 一种提高豆科作物产量的大豆突变基因及其应用,,,,,,,28.683529,115.937347,Nan Chang Shi,,China,Soybeans,84.0,True,2023.0,2023.0,False,Yield Improvement
CN403176980,202310379008,China,2023-04-11,,,University Of Science And Technology Of China,(EN) Application of protein OsNLP4 in regulation and control of plant tillering(ZH) 蛋白质OsNLP4在植物分蘖调控中的应用,,,,,,,31.821994,117.28059,He Fei Shi,An Hui Sheng,China,"Rice, Corn, Wheat, Soybeans, Cotton",,False,2023.0,,False,Yield Improvement
CN254016049,201810216181,China,2018-03-15,110272904.0,2022-09-30,University Of Science And Technology Of China,(EN) Applications of rice nitrogen efficient utilization gene OsNLP4 and encoded protein thereof(ZH) 水稻氮利用基因OsNLP4及其编码蛋白的应用,,,,,,,31.821994,117.28059,He Fei Shi,An Hui Sheng,China,"Rice, Corn, Wheat, Soybeans, Cotton",1660.0,True,2018.0,2022.0,False,Yield Improvement
CN436977081,202410356178,China,2024-03-27,,,Fujian Agriculture And Forestry University,(EN) Application of OsSERK4 protein and coding gene thereof in regulating and controlling resistance of plants to waterstraw stunt virus(ZH) OsSERK4蛋白及其编码基因在调控植物对水稻草状矮化病毒抗性中的应用,,,,,,,26.084946,119.239701,Fu Zhou Shi,Fu Jian Sheng,China,Rice,,False,2024.0,,False,Disease Resistance
CN367894266,202011493085,China,2020-12-17,114645046.0,2023-05-12,Chinese Agricultural University,(EN) Application of inhibiting ZmbHLH21 protein expression in plant drought resistance(ZH) 抑制ZmbHLH21蛋白表达在植物抗旱中的应用,,,,,,,40.004202,116.352988,,Bei Jing Shi,China,Corn/Maize,876.0,True,2020.0,2023.0,False,Drought Adaptation
RU425456483,2022123795,Russian Federation,2022-09-07,,2024-04-15,"Федеральное Государственное Бюджетное Научное Учреждение ""Всероссийский Научно-Исследовательский Институт Сельскохозяйственной Биотехнологии"" (Фгбну Вниисб) (Ru)",(EN) METHOD OF OBTAINING POTATO PLANT WITH BIALLELIC MUTATIONS IN EDR1 GENE ENCODING REGION USING CRISPR/Cas9 PLANT GENOME EDITING METHOD(RU) СПОСОБ ПОЛУЧЕНИЯ РАСТЕНИЯ КАРТОФЕЛЯ С ТРИАЛЛЕЛЬНЫМИ МУТАЦИЯМИ В КОДИРУЮЩЕЙ ОБЛАСТИ ГЕНА EDR1 ПРИ ПОМОЩИ ТЕХНОЛОГИИ РЕДАКТИРОВАНИЯ ГЕНОМА РАСТЕНИЙ CRISPR/CAS9,,,,,07.09.2022,Russia,55.8271038,37.5574356,Moskva,Moskva,Russia,Potatoes,586.0,True,2022.0,2024.0,False,Other Genetic Improvement for Crop Traits
CN235943234,201810982676,China,2018-08-27,109097388.0,2020-08-07,"Institute Of Crop Science, Chinese Academy Of Agricultural Sciences",(EN) Application of GmCOP1a and/or GmCOP1b in aspect of regulating plant height(ZH) GmCOP1a和/或GmCOP1b在调控植物株高方面的应用,,,,,,,39.9628214,116.3269465,,Bei Jing Shi,China,Soybeans,711.0,True,2018.0,2020.0,False,Yield Improvement
CN427222766,202311845245.X,China,2023-12-29,,,Shenyang Agricultural University,(EN) Transgene method for editing betula platyphylla or populus sutchuenensis by CRISPR (clustered regularly interspaced short palindromic repeats) without exogenous DNA (deoxyribonucleic acid) integration based on agrobacterium transformation method(ZH) 一种基于农杆菌转化法获得无外源DNA整合的CRISPR编辑白桦或山新杨的转基因方法,,,,,29.12.2023,China,41.821328,123.57225,Shen Yang Shi,Liao Ning Sheng,China,Poplar,,False,2023.0,,False,Gene Editing Systems Development
WO2018103686,PCT/CN2017/114962,,,,,"中国科学院上海生命科学研究院 Shanghai Institutes For Biological Sciences, Chinese Academy Of Sciences",(EN) CHLOROPLAST GENOME EDITING METHOD(FR) PROCÉDÉ D’ÉDITION DE GÉNOME DE CHLOROPLASTE(ZH) 叶绿体基因组编辑方法,201611115749.607.12.2016CN,,PCT/CN2017/114962,07.12.2017,07.12.2017,World Intellectual Property Organization,31.1622842,121.4068946,,Shang Hai Shi,China,Crop plants,,False,,,False,Gene Editing Systems Development
KR357011741,1020200121196,Republic of Korea,2020-09-21,102579767.0,2023-09-18,서울대학교산학협력단대한민국(농촌진흥청장)Seoul National University R&Db Foundationrepublic Of Korea(Management : Rural Development Administration),(EN) METHOD FOR PRODUCING GENOME-EDITED TOMATO PLANT INCREASED IN POTYVIRUS RESISTANCE BY EIF4E1 GENE EDITING AND GENOME-EDITED TOMATO PLANT WITH INCREASED POTYVIRUS RESISTANCE PRODUCED BY THE METHOD(KO) eIF4E1 유전자 교정에 의해 포티바이러스 저항성이 증가된 유전체 교정 토마토 식물체의 제조방법 및 상기 방법에 의해 제조된 포티바이러스 저항성이 증가된 유전체 교정 토마토 식물체,,,,,21.09.2020,South Korea,35.8311352,127.0561373,Jeonju,Jeonbuk State,South Korea,Tomatoes,1092.0,True,2020.0,2023.0,False,Disease Resistance
CN294735778,201911257615,China,2019-12-10,111073904.0,2023-12-22,"Beidahuang Kenfeng Seed Industry Co., Ltd.","(EN) Genetic transformation, gene editing and analysis methods of main soybean varieties(ZH) 大豆主栽品种的遗传转化、基因编辑及分析方法",,,,,,,48.2956,125.39423,Qiqihar,Heilongjiang,China,Soybeans,1473.0,True,2019.0,2023.0,False,Gene Editing Systems Development
CN232595260,201810257507,China,2018-03-27,108676812.0,2020-12-08,South China Agricultural University,(EN) Method for obtaining yield-improved plants by carrying out mutation on OsHXK1 with CRISPR/Cas9 system(ZH) 一种利用CRISPR/Cas9系统突变OsHXK1获得产量提高植株的方法,,,,,,,23.1568182,113.3536811,Guang Zhou Shi,Guang Dong Sheng,China,Rice,987.0,True,2018.0,2020.0,False,Yield Improvement
CN405934493,202310534654,China,2023-05-12,,,"Institute Of Crop Science, Chinese Academy Of Agricultural Sciences",(EN) Application of GmMTAs protein in regulation and control of soybean plant height(ZH) GmMTAs蛋白在调控大豆株高中的应用,,,,,,,39.9628214,116.3269465,,Bei Jing Shi,China,Soybeans,,False,2023.0,,False,Yield Improvement
CN313583904,202010930137,China,2020-09-07,112011560.0,2022-02-08,China Agricultural University,(EN) Application of corn CPK2 gene in drought resistance of plants(ZH) 玉米CPK2基因在植物抗旱中的应用,,,,,,,40.004202,116.352988,,Bei Jing Shi,China,Corn/Maize,519.0,True,2020.0,2022.0,False,Drought Adaptation
CN418719987,202311583583,China,2023-11-24,117286181.0,2024-03-01,"Crop Research Institute, Guangdong Academy Of Agricultural Sciences",(EN) CRISPR/Cas9-mediated gene editing system for efficient targeted mutagenesis of tetraploid pogostemon cablin(ZH) 一种CRISPR/Cas9介导的四倍体广藿香高效靶向诱变的基因编辑系统,,,,,,,23.1460184,113.3481282,Guang Zhou Shi,Guang Dong Sheng,China,Patchouli,98.0,True,2023.0,2024.0,False,Gene Editing Systems Development
CN361403375,202210109363,China,2022-01-28,114438117.0,2024-03-29,South China Agriculture University华南农业大学Biotechnology Research Institute Of Chinese Academy Of Agricultural Sciences,(EN) Application of GT1/HB13 gene in regulation and control of non-degeneration and lodging resistance of inferior flower of corn ear(ZH) GT1/HB13基因在调控玉米雌穗下位花不退化及抗倒伏中的应用,,,,,,,39.959662,116.327333,,北京市,China,Corn/Maize,791.0,True,2022.0,2024.0,False,Yield Improvement
CN442639833,202411015830,China,2024-07-26,,,"Institute Of Crop Science, Chinese Academy Of Agricultural Sciences",(EN) Application of soybean SOC5 gene in regulating and controlling quality and yield of plant seeds(ZH) 大豆SOC5基因在调控植物种子品质和产量中的应用,,,,,,,39.9628214,116.3269465,,Bei Jing Shi,China,Soybeans,,False,2024.0,,False,Yield Improvement
US239436764,15779825,United States of America,2016-03-25,10988774.0,2021-04-27,"Institute Of Crop Sciences, Chinese Academy Of Agricultural Sciences",(EN) System for site-specific modification of ALS gene using CRISPR-Cas9 system for production of herbicide-resistant rice and use of same,201510854747.8 30.11.2015 CN,,,,25.03.2016,United States,39.9628214,116.3269465,,Bei Jing Shi,China,Rice,1859.0,True,2016.0,2021.0,False,Pesticide Resistance
CN394513312,202211259228,China,2022-10-14,,,Nantong University,(EN) Effect of rice outermost layer cell specific gene 6 in rice breeding(ZH) 水稻最外层细胞特异性基因6在水稻育种中的作用,,,,,,,32.006493,120.886132,Nan Tong Shi,Jiang Su Sheng,China,Rice,,False,2022.0,,False,Yield Improvement
CN429533525,202410224163,China,2024-02-28,118028307.0,2024-08-09,"Institute Of Genetics And Developmental Biology, Chinese Academy Of Sciences",(EN) Application of TaNAC22-A1 gene in negative regulation of number of small flowers in wheat ears(ZH) TaNAC22-A1基因在负调控小麦穗中小花数目中的应用,,,,,,,38.115509,114.533286,Shi Jia Zhuang Shi,He Bei Sheng,China,Wheat,163.0,True,2024.0,2024.0,False,Yield Improvement
CN294743375,201911417843,China,2019-12-31,111073873.0,2022-04-05,China Agricultural University,(EN) Applications of PP84 protein and coding gene of PP84 protein to adjustment and control of drought resistance of plants(ZH) PP84蛋白及其编码基因在调控植物抗旱性中的应用,,,,,,,40.004202,116.352988,,Bei Jing Shi,China,Corn/Maize,826.0,True,2019.0,2022.0,False,Drought Adaptation
CN397485207,202111231384,China,2021-10-22,,,"Institute Of Crop Science, Chinese Academy Of Agricultural Sciences中国农业科学院作物科学研究所National South Research Institute Of Sanya Academy Of Agricultural Sciences",(EN) Protein for regulating and controlling ear height and flowering phase of corn as well as coding gene and application of protein(ZH) 调控玉米穗位高和花期的蛋白及其编码基因和应用,,,,,,,39.961188,116.328189,,北京市,China,Corn/Maize,,False,2021.0,,False,Yield Improvement
WO2021081264,PCT/US2020/056963,,,,,"Pairwise Plants Services, Inc.",(EN) OPTIMIZED CRISPR-CAS NUCLEASES AND BASE EDITORS AND METHODS OF USE THEREOF(FR) NUCLÉASES CRISPR-CAS OPTIMISÉES ET ÉDITEURS DE BASE ET LEURS MÉTHODES D'UTILISATION,"62/925,42224.10.2019US",,PCT/US2020/056963,23.10.2020,23.10.2020,World Intellectual Property Organization,35.9900355,-78.8898264,Durham,North Carolina,United States,Crop plants,,False,,,False,Gene Editing Systems Development
CN432991811,202410551750,China,2024-05-07,,,Nanjing Agricultural University,(EN) Rice CNGC16 protein and application of coding gene thereof(ZH) 水稻CNGC16蛋白及其编码基因的应用,,,,,,,32.033399,118.842587,Nan Jing Shi,Jiang Su Sheng,China,Rice,,False,2024.0,,False,Drought Adaptation
CN308314155,202010551255,China,2020-06-17,111718887.0,2021-11-09,"Crops Research Institute, Guangdong Academy Of Agricultural Sciences",(EN) Method for separating protoplasts of different tissues and organs of peanuts and application of method(ZH) 一种用于分离花生不同组织器官原生质体的方法及其应用,,,,,,,23.145737,113.349761,Guang Zhou Shi,Guang Dong Sheng,China,Peanuts,510.0,True,2020.0,2021.0,False,Gene Editing Systems Development
CN313733078,202011147114,China,2020-10-23,112048513.0,2022-08-12,Fujian Agriculture And Forestry University,(EN) Rice gene OsTGA5 and application thereof in rice blast resisting of rice(ZH) 水稻基因OsTGA5及其在水稻抗稻瘟病中的应用,,,,,,,26.084946,119.239701,Fu Zhou Shi,Fu Jian Sheng,China,Rice,658.0,True,2020.0,2022.0,False,Disease Resistance
CN438262394,202410569056,China,2024-05-09,,,Sun Yat-Sen University,(EN) Method for site-specific integration of agrobacterium T-DNA in plant genome and application(ZH) 一种植物基因组中定点整合农杆菌T-DNA的方法及应用,,,,,,,23.0965384,113.298883,Guang Zhou Shi,Guang Dong Sheng,China,Crop plants,,False,2024.0,,False,Gene Editing Systems Development
CN368034901,202011525283,China,2020-12-22,114656532.0,2023-08-18,Chinese Agricultural University,(EN) Application of CBL9 and coding gene thereof in regulation and control of saline-alkaline tolerance of plants(ZH) CBL9及其编码基因在调控植物耐盐碱中的应用,,,,,,,40.004202,116.352988,,Bei Jing Shi,China,Crop plants,969.0,True,2020.0,2023.0,False,Other Genetic Improvement for Crop Traits
CN441680693,202411095845,China,2024-08-12,,,Nanjing Agricultural University,(EN) Application of rice OsCRLK1 protein and coding nucleic acid thereof in improving abiotic stress resistance of plants(ZH) 水稻OsCRLK1蛋白及其编码核酸在提高植物抗非生物胁迫中的应用,,,,,,,32.033399,118.842587,Nan Jing Shi,Jiang Su Sheng,China,Rice,,False,2024.0,,False,Cold Tolerance
CN442629381,202410879998,China,2024-07-02,,,China Agricultural University,(EN) Application of corn BRI1a gene in regulation and control of plant cold tolerance(ZH) 玉米BRI1a基因在调控植物耐冷性中的应用,,,,,,,40.004202,116.352988,,Bei Jing Shi,China,Corn/Maize,,False,2024.0,,False,Cold Tolerance
CN274826340,201910627654,China,2019-07-12,110317816.0,2022-03-08,Yunnan Institute Of Tobacco Agriculture Science,(EN) Transcription factor NtMYB44b capable of improving drought resistance of tobacco and fixed-point mutation method and application of transcription factor(ZH) 一种能提高烟草抗旱的转录因子NtMYB44b及其定点突变方法与应用,,,,,,,24.3492058,102.5505331,Yu Xi Shi,Yun Nan Sheng,China,Tobacco,970.0,True,2019.0,2022.0,False,Drought Adaptation
CN179615265,201610241425,China,2016-04-19,,,Shanghai Academy Of Agricultural Sciences,(EN) Method for obtaining tomato genome fixed-point knockout mutant(ZH) 一种获得番茄基因组定点敲除突变体的方法,,,,,,,31.221401,121.324266,,Shang Hai Shi,China,Tomatoes,,False,2016.0,,False,Gene Editing Systems Development
CN436548334,202410638977.X,China,2024-05-22,,,"Institute Of Crop Science, Chinese Academy Of Agricultural Sciences",(EN) Soybean CRISPR/Cas9 gene editing vector and gene editing method(ZH) 一种大豆CRISPR/Cas9基因编辑载体及基因编辑方法,,,,,22.05.2024,China,39.9628214,116.3269465,,Bei Jing Shi,China,Soybeans,,False,2024.0,,False,Other Genetic Improvement for Crop Traits
CN331980106,202110397975,China,2021-04-14,,,Hebei University Of Science And Technology,(EN) Nucleic acid molecule for efficiently expressing Bs3Cas12b protein in arabidopsis thaliana and application of nucleic acid molecule in genome editing(ZH) 在拟南芥中高效表达Bs3Cas12b蛋白的核酸分子及其在基因组编辑中的应用,,,,,,,37.9763587,114.5212977,Shi Jia Zhuang Shi,He Bei Sheng,China,Crop plants,,False,2021.0,,False,Gene Editing Systems Development
CN321264939,202011509063,China,2020-12-18,,,Zhengzhou University,(EN) CRISPR/Cas9 recombinant vector mediated by BSMV virus vector and application of CRISPR/Cas9 recombinant vector(ZH) 一种BSMV病毒载体介导的CRISPR/Cas9重组载体及其应用,,,,,,,34.808071,113.53581,Zheng Zhou Shi,He Nan Sheng,China,Crop plants,,False,2020.0,,False,Gene Editing Systems Development
CN231893790,201810414408,China,2018-05-03,,,Nanjing Agricultural University,(EN) Preparation method of non-transgenic CRISPR mutant(ZH) 一种非转基因CRISPR突变体的制备方法,,,,,,,32.033399,118.842587,Nan Jing Shi,Jiang Su Sheng,China,Crop plants,,False,2018.0,,False,Gene Editing Systems Development
CN328980901,201911277169,China,2019-12-12,,,China Agricultural University,(EN) Application of PP2CG1 gene in regulating and controlling low-temperature stress resistance of arabidopsis thaliana(ZH) PP2CG1基因在调控拟南芥耐低温胁迫中的应用,,,,,,,40.004202,116.352988,,Bei Jing Shi,China,Other plants,,False,2019.0,,False,Cold Tolerance
CN174348820,201610085620,China,2016-02-15,,,Zhejiang University,(EN) Gene editing method for knocking out rice MIRNA393b stem-loop sequences with application of CRISPR(clustered regulatory interspersed short palindromic repeat)-Cas9 system(ZH) 运用CRISPR-Cas9系统敲除水稻MIRNA393b茎环序列的基因编辑方法,,,,,,,30.3086844,120.0864995,Hang Zhou Shi,Zhe Jiang Sheng,China,Rice,,False,2016.0,,False,Gene Editing Systems Development
CN362104710,202210248417,China,2022-03-14,114480443.0,2023-06-20,South China Agriculture University,(EN) Application of rice plant height and plant type regulatory gene OsUBR7(ZH) 一种水稻株高株型调节基因OsUBR7的应用,,,,,,,23.1568182,113.3536811,Guang Zhou Shi,Guang Dong Sheng,China,Rice,463.0,True,2022.0,2023.0,False,Yield Improvement
CN439187583,202411103031.X,China,2024-08-13,,,Hainan Research Institute Of Zhejiang University,(EN) Manufacturing method based on application of OsLEC1 gene in rice callus differentiation(ZH) 基于OsLEC1基因在水稻愈伤组织分化应用的制作方法,,,,,13.08.2024,China,30.2726708,120.1419505,Hangzhou,Zhejiang,China,Rice,,False,2024.0,,False,Other Genetic Improvement for Crop Traits
CN320030286,201910777609,China,2019-08-22,112430259.0,2022-03-15,"Institute Of Crop Science, Chinese Academy Of Agricultural Sciences",(EN) Wheat salt stress related protein TaCSN5 as well as coding gene and application thereof(ZH) 小麦盐胁迫相关蛋白TaCSN5及其编码基因与应用,,,,,,,39.9628214,116.3269465,,Bei Jing Shi,China,Wheat,936.0,True,2019.0,2022.0,False,Other Genetic Improvement for Crop Traits
CN292006520,201810965519,China,2018-08-23,,,"Institute Of Crop Science, Chinese Academy Of Agricultural Sciences",(EN) Method for breeding soybean mosaic virus (SMV) resistant soybeans(ZH) 一种培育抗大豆花叶病毒的大豆的方法,,,,,,,39.9628214,116.3269465,,Bei Jing Shi,China,Soybeans,,False,2018.0,,False,Disease Resistance
CN403552184,202310263603.X,China,2023-03-17,,,Uestc,"(EN) Casphi coding gene, compact plant genome oriented modification system and plant genome appearance editing system(ZH) CasФ编码基因、紧凑型植物基因组定向修饰系统及植物基因组表观编辑系统",2022117366344 31.12.2022 CN,,,,17.03.2023,China,30.6624863,104.1021662,Cheng Du Shi,,China,Crop plants,,False,2023.0,,False,Gene Editing Systems Development
CN416031293,202311248606,China,2023-09-26,,,"Oil Crops Research Institute, Chinese Academy Of Agricultural Sciences",(EN) Method for knocking out brassica napus BnaTTG1 gene by using CRISPR-Cas9 system and application(ZH) 利用CRISPR-Cas9系统敲除甘蓝型油菜BnaTTG1基因的方法及应用,,,,,,,30.581532,114.344114,Wu Han Shi,Hu Bei Sheng,China,Canola,,False,2023.0,,False,Yield Improvement
CN304782766,202010443156,China,2020-05-22,,,"Institute Of Plant Protection, Chinese Academy Of Agricultural Sciences",(EN) CRISPR/RfxCas13d anti-plant RNA virus vector and construction method and application of CRISPR/RfxCas13d anti-plant RNA virus vector(ZH) CRISPR/RfxCas13d抗植物RNA病毒载体及其构建方法和应用,,,,,,,39.9628214,116.3269465,,Bei Jing Shi,China,Crop plants,,False,2020.0,,False,Disease Resistance
CN436034042,202410007095,China,2024-01-03,,,"Oil Crops Research Institute, Chinese Academy Of Agricultural Sciences中国农业科学院油料作物研究所Wuhan Zhongyou Dadi Xiwang Seed Industry Co., Ltd.",(EN) Construction method and application of brassica napus BnVTE4 gene triple mutant plant(ZH) 一种甘蓝型油菜BnVTE4基因三重突变体植株的构建方法及应用,,,,,,,30.581532,114.344114,Wu Han Shi,Hu Bei Sheng,China,Canola,,False,2024.0,,False,Drought Adaptation
CN242651118,201811282645,China,2018-10-31,109750060.0,2020-08-28,"Frontier Laboratories Of Systems Crop Design Co., Ltd.未名兴旺系统作物设计前沿实验室（北京）有限公司Peking University",(EN) Method for improving purity of wheat ms1 male sterile line(ZH) 一种提高小麦ms1雄性不育系纯度的方法,2017110577288 01.11.2017 CN,,,,,,39.9927842,116.3199535,,Bei Jing Shi,China,Wheat,667.0,True,2018.0,2020.0,False,Other Genetic Improvement for Crop Traits
WO2016073559,PCT/US2015/058961,,,,,The Regents Of The University Of California,(EN) METHODS FOR AUTOCATALYTIC GENOME EDITING AND NEUTRALIZING AUTOCATALYTIC GENOME EDITING(FR) PROCÉDÉS POUR L’ÉDITION AUTOCATALYTIQUE D'UN GÉNOME ET LA NEUTRALISATION DE L’ÉDITION AUTOCATALYTIQUE D'UN GÉNOME,"62/075,53405.11.2014US62/101,44309.01.2015US",PCT/US2015/058961,,04.11.2015,04.11.2015,World Intellectual Property Organization,34.069278,-118.4407843,Los Angeles,California,United States,Crop plants,,False,,,True,Gene Editing Systems Development
CN321743401,202011531114,China,2020-12-22,112575012.0,2022-08-09,Northwest A&F University,(EN) Acquisition of edited wheat susceptible gene plants and application of edited wheat susceptible gene plants in disease-resistant variety cultivation(ZH) 编辑小麦感病基因植株获得及在抗病品种培育中的应用,,,,,,,34.262298,108.073742,Xian Yang Shi,Shan Xi Sheng,China,Wheat,595.0,True,2020.0,2022.0,False,Disease Resistance
CN178138964,201610430815,China,2016-06-16,105950633.0,2019-05-03,Fudan University,(EN) Application of gene OsARF4 in controlling grain length and thousand grain weight of rice(ZH) 基因OsARF4在控制水稻粒长和千粒重中的应用,,,,,,,31.2974197,121.5036178,,Shang Hai Shi,China,Rice,1051.0,True,2016.0,2019.0,False,Yield Improvement
WO2018136547,PCT/US2018/014091,,,,,"Noble Research Institute, Llc",(EN) DNA-FREE GENOME EDITING AND SELECTION METHODS IN PLANTS(FR) PROCÉDÉS D’ÉDITION ET DE SÉLECTION DE GÉNOME SANS ADN DANS DES PLANTES,"62/447,11517.01.2017US",PCT/US2018/014091,,17.01.2018,17.01.2018,World Intellectual Property Organization,34.1857525,-97.0867899,Ardmore,Oklahoma,United States,Crop plants,,False,,,True,Gene Editing Systems Development
CN401520177,202310103908,China,2023-02-13,,,Nanjing Agricultural University,(EN) Plant gene editing method without exogenous DNA(ZH) 一种无外源DNA的植物基因编辑方法,,,,,,,32.033399,118.842587,Nan Jing Shi,Jiang Su Sheng,China,Crop plants,,False,2023.0,,False,Gene Editing Systems Development
CN329984149,202110212632,China,2021-02-25,113025622.0,2022-07-08,Henan Agricultural University,"(EN) Plant floral organ predominant expression gene JAZ-10, expression product, expression vector and application of plant floral organ predominant expression gene JAZ-10(ZH) 植物花器官优势表达基因JAZ-10、其表达产物、表达载体及应用",,,,,,,34.7854718,113.6632032,Zheng Zhou Shi,He Nan Sheng,China,Crop plants,498.0,True,2021.0,2022.0,False,Other Genetic Improvement for Crop Traits
CN330067237,202110473473,China,2021-04-29,,,"Institute Of Crop Science, Chinese Academy Of Agricultural Sciences",(EN) Method for creating corn germplasm resistant to rough dwarf disease(ZH) 一种创制抗粗缩病玉米种质的方法,,,,,,,39.9628214,116.3269465,,Bei Jing Shi,China,Corn/Maize,,False,2021.0,,False,Disease Resistance
CN436528522,202410810936,China,2024-06-21,118389539.0,2024-10-22,Jiangsu Academy Of Agricultural Sciences,(EN) OsBAG gene mutant and application thereof in improving brown planthopper resistance of rice(ZH) OsBAG基因突变体及其在提高水稻对褐飞虱抗性中的应用,,,,,,,32.035361,118.869025,Nanjing,Jiangsu,China,Rice,123.0,True,2024.0,2024.0,False,Disease Resistance
CN428343256,202410114306,China,2024-01-29,,,Henan Normal University,(EN) Rapid detection method for pathogenic bacteria of plant basal stem rot based on RPA-CRISPR/Cas12a(ZH) 一种基于RPA-CRISPR/Cas12a的植物茎基腐病病原菌的快速检测方法,,,,,,,35.3268663,113.9159103,Xin Xiang Shi,He Nan Sheng,China,Crop plants,,False,2024.0,,False,Other Purpose
CN283217422,201911136316,China,2019-11-19,110724693.0,2020-11-06,Fujian Agriculture And Forestry University,(EN) Method of improving plant type of dendrocalamus latiflorus with GRG1 gene and application of method(ZH) GRG1基因改良麻竹株型的方法及应用,,,,,,,26.084946,119.239701,Fu Zhou Shi,Fu Jian Sheng,China,Bamboo,353.0,True,2019.0,2020.0,False,Yield Improvement
CN401642519,202310380169,China,2023-04-11,,,"Institute Of Crop Science, Chinese Academy Of Agricultural Sciences",(EN) Construction method and application of foxtail millet capable of heading early in long day and heading late in short day(ZH) 一种长日早抽穗短日晚抽穗谷子的构建方法及其应用,,,,,,,39.9628214,116.3269465,,Bei Jing Shi,China,Foxtail millet,,False,2023.0,,False,Yield Improvement
CN390524309,202110784770,China,2021-07-12,115595330.0,2024-08-02,Institute Of Microbiology Chinese Academy Of Sciences,(EN) CRISPR-Cas3 (clustered regularly interspaced short palindromic repeats-associated 3) system and application thereof in plant virus resistance(ZH) 一种CRISPR-Cas3系统及其在抗植物病毒方面的应用,,,,,,,39.9892448,116.3249796,,Bei Jing Shi,China,Tomatoes,1117.0,True,2021.0,2024.0,False,Disease Resistance
WO2024262920,PCT/KR2024/008429,,,,,주식회사 툴젠 Toolgen Incorporated,(EN) METHOD FOR DELIVERY OF CRISPR/CAS9 INTO MICROSPORES OF PLANT AND PLANT REDIFFERENTIATION(FR) PROCÉDÉ D'ADMINISTRATION DE CRISPR/CAS9 DANS DES MICROSPORES DE PLANTE ET DE REDIFFÉRENCIATION DE PLANTES(KO) 식물의 소포자 내로 CRISPR/Cas9의 전달 및 식물체 재분화 방법,10-2023-007898720.06.2023KR,PCT/KR2024/008429,,19.06.2024,19.06.2024,World Intellectual Property Organization,37.4329779,126.8116866,Siheung-si,Gyeonggi-do,South Korea,Crop plants,,False,,,True,Gene Editing Systems Development
WO2021202978,PCT/US2021/025548,,,,,The Regents Of The University Of California,(EN) SUBERIN BIOSYNTHETIC GENES AND REGULATORS(FR) RÉGULATEURS ET GÈNES BIOSYNTHÉTIQUES DE SUBÉRINE,"63/005,03603.04.2020US",US20230175002,PCT/US2021/025548,02.04.2021,02.04.2021,World Intellectual Property Organization,34.069278,-118.4407843,Los Angeles,California,United States,Crop plants,,False,,,True,Other Genetic Improvement for Crop Traits
WO2023102393,PCT/US2022/080605,,,,,"Pioneer Hi-Bred International, Inc.",(EN) HIGH EFFICIENCY LARGE SCALE CHROMOSOMAL GENOME MANIPULATION(FR) MANIPULATION DE GÉNOME CHROMOSOMIQUE À GRANDE ÉCHELLE ET À HAUTE EFFICACITÉ,"63/264,67330.11.2021US","EP4441208

US20250027097",PCT/US2022/080605,29.11.2022,29.11.2022,World Intellectual Property Organization,40.1631226,-76.6461019,Elizabethtown,Pennsylvania,United States,Crop plants,,False,,,True,Gene Editing Systems Development
CN326509626,202110095352,China,2021-01-25,112877368.0,2023-05-16,Huazhong Agricultural University,(EN) Gene editing system and gene editing method for mature plants(ZH) 一种用于成熟植物的基因编辑系统及基因编辑方法,,,,,,,30.475126,114.353035,Wu Han Shi,Hu Bei Sheng,China,Crop plants,841.0,True,2021.0,2023.0,False,Gene Editing Systems Development
CN442099900,202410951750,China,2024-07-16,,,Fujian Agriculture And Forestry University,(EN) Rice gene OsWRKY46 and application thereof in rice blast resistance of rice(ZH) 水稻基因OsWRKY46及其在水稻抗稻瘟病中的应用,,,,,,,26.084946,119.239701,Fu Zhou Shi,Fu Jian Sheng,China,Rice,,False,2024.0,,False,Disease Resistance
WO2020089448,PCT/EP2019/079950,,,,,Keygene N.V.,(EN) DUAL GUIDE RNA FOR CRISPR/CAS GENOME EDITING IN PLANTS CELLS(FR) ARN GUIDE DOUBLE POUR ÉDITION DE GÉNOME CRISPR/CAS DANS DES CELLULES VÉGÉTALES,18203919.801.11.2018EP,"EP3874048

US20220010321

JP2022505440",PCT/EP2019/079950,01.11.2019,01.11.2019,World Intellectual Property Organization,51.9763484,5.6461028,Wageningen,Gelderland,Netherlands,Crop plants,,False,,,True,Gene Editing Systems Development
CN292996495,201911319232,China,2019-12-19,110904111.0,2021-06-11,Southwest University,"(EN) SgRNA sequence for targeted knockout of FcMYC2 gene, CRISPR/Cas9 vector and application thereof(ZH) 一种靶向敲除FcMYC2基因的sgRNA序列、CRISPR/Cas9载体及其应用",,,,,,,29.8195959,106.4266239,,Chong Qing Shi,China,Citrus,540.0,True,2019.0,2021.0,False,Other Genetic Improvement for Crop Traits
CN403149917,202211644474,China,2021-04-09,,,"Sanya Research Institute, Chinese Academy Of Tropical Agricultural Sciences中国热带农业科学院三亚研究院Shandong Shunfeng Biotechnology Co., Ltd.",(EN) Transgenic component detection method based on CRISPR Cas enzyme gene editing technology(ZH) 基于CRISPR Cas酶基因编辑技术的转基因成分检测方法,,,,,,,18.2366503,109.513347,San Ya Shi,Hai Nan Sheng,China,Crop plants,,False,2021.0,,False,Other Genetic Improvement for Crop Traits
CN240129193,201811347122,China,2018-11-13,109468329.0,2022-04-08,Yunnan Institute Of Tobacco Agriculture Science,(EN) Tobacco outward-rectifying potassium ion channel gene NtSKOR1 as well as cloning method and application thereof(ZH) 一种烟草外向整流钾离子通道基因NtSKOR1及其克隆方法与应用,,,,,,,24.3492058,102.5505331,Yu Xi Shi,Yun Nan Sheng,China,Tobacco,1242.0,True,2018.0,2022.0,False,Other Genetic Improvement for Crop Traits
CN397491200,202111231365,China,2021-10-22,,,"Institute Of Crop Science, Chinese Academy Of Agricultural Sciences",(EN) Corn grain size and grain weight related protein as well as coding gene and application thereof(ZH) 玉米籽粒大小和粒重相关蛋白及其编码基因和应用,,,,,,,39.9628214,116.3269465,,Bei Jing Shi,China,Corn/Maize,,False,2021.0,,False,Yield Improvement
CN328272043,202110272400,China,2021-03-12,112941086.0,2022-07-19,Xinyang College Of Agriculture And Forestry,(EN) Application of OsPIL15 gene in regulating and controlling salt tolerance of rice(ZH) OsPIL15基因在调控水稻耐盐性中的应用,,,,,,,32.102743,114.06685,Xin Yang Shi,He Nan Sheng,China,Rice,494.0,True,2021.0,2022.0,False,Other Genetic Improvement for Crop Traits
CN346609969,202110381531.X,China,2021-04-09,,,"Sanya Research Institute, Chinese Academy Of Tropical Agricultural Sciences中国热带农业科学院三亚研究院Shandong Shunfeng Biotechnology Co., Ltd.","(EN) Transgenic component detection method based on CRISPR Cas enzyme gene editing technology, reaction system and application thereof(ZH) 基于CRISPR Cas酶基因编辑技术的转基因成分检测方法、反应体系及其应用",,,,,09.04.2021,China,18.2366503,109.513347,San Ya Shi,Hai Nan Sheng,China,Crop plants,,False,2021.0,,False,Other Genetic Improvement for Crop Traits
CN442604196,202411222338,China,2024-09-02,,,Henan Normal University,"(EN) Method for continuously regulating and controlling content of resistant starch in rice, rice plant and genetically engineered bacterium(ZH) 一种连续调控水稻中抗性淀粉含量的方法、水稻植株及基因工程菌",,,,,,,35.3268663,113.9159103,Xin Xiang Shi,He Nan Sheng,China,Rice,,False,2024.0,,False,Other Genetic Improvement for Crop Traits
KR390080737,1020210082691,Republic of Korea,2021-06-24,,,한경대학교 산학협력단Hankyong Industry Academic Cooperation Center,(EN) METHOD FOR MANUFACTURING RICE PLANT HAVING INCREASED CAROTENOID CONTENT AND ENVIRONMENTAL STRESS-TOLERANCE USING GENE EDITING AND RICE PLANT PRODUCED BY MANUFACTURING METHOD(KO) 유전자 교정을 이용한 카로티노이드 함량 및 환경 스트레스 내성이 증가된 벼 식물체의 제조방법 및 상기 제조방법에 의해 제조된 벼 식물체,,,,,24.06.2021,South Korea,37.0116265,127.2642483,Anseong-si,Gyeonggi-do,South Korea,Rice,,False,2021.0,,False,Other Genetic Improvement for Crop Traits
CN242275199,201910169731,China,2019-03-06,109722446.0,2022-05-31,"Zhenjiang Agricultural Science Institute, Jiangsu Hilly Areas",(EN) Capsicum CRISPR-Cas9 gene editing method and applications thereof(ZH) 一种辣椒CRISPR-Cas9基因编辑方法及其应用,,,,,,,31.9532445,119.1675733,Zhen Jiang Shi,Jiang Su Sheng,China,Capsicum,1182.0,True,2019.0,2022.0,False,Gene Editing Systems Development
CN236603326,201811084234,China,2018-09-18,109182373.0,2020-10-09,Wuhan Academy Of Agricultural Sciences,(EN) Method for obtaining high oleic acid rapeseed by means of gene editing technology(ZH) 一种利用基因编辑技术获得高油酸油菜的方法,,,,,,,30.4817495,114.322668,Wu Han Shi,Hu Bei Sheng,China,Canola,752.0,True,2018.0,2020.0,False,Yield Improvement
CN415203848,202310050184,China,2023-02-01,,,Northwest A&F University西北农林科技大学Gao Jinghui高景慧Peng Jiawen,(EN) Method for constructing medicago sativa double-target gene editing genetic transformation system(ZH) 一种紫花苜蓿双靶点基因编辑遗传转化体系构建的方法,,,,,,,34.262298,108.073742,Xian Yang Shi,Shan Xi Sheng,China,Alfalfa,,False,2023.0,,False,Gene Editing Systems Development
WO2021079759,PCT/JP2020/038323,,,,,国立研究開発法人農業・食品産業技術総合研究機構 National Agriculture And Food Research Organization,"(EN) METHOD FOR PRODUCING DNA-EDITED PLANT CELL, AND KIT TO BE USED THEREIN(FR) PROCÉDÉ DE PRODUCTION D'UNE CELLULE VÉGÉTALE ÉDITÉE PAR UN ADN, ET KIT À UTILISER DANS CELUI-CI(JA) ＤＮＡが編集された植物細胞を製造する方法、及びそれに用いるためのキット",2019-19291323.10.2019JP,JPWO2021079759,PCT/JP2020/038323,09.10.2020,09.10.2020,World Intellectual Property Organization,36.0281245,140.1021432,Tsukuba,Ibaraki,Japan,Crop plants,,False,,,True,Gene Editing Systems Development
WO2023111225,PCT/EP2022/086257,,,,,Keygene N.V.,(EN) DOUBLE DECAPITATION OF PLANTS(FR) DOUBLE DÉCAPITATION DE PLANTES,21215549.317.12.2021EP,"EP4447649

JP2025500904

US20240327853",PCT/EP2022/086257,16.12.2022,16.12.2022,World Intellectual Property Organization,51.9763484,5.6461028,Wageningen,Gelderland,Netherlands,Crop plants,,False,,,True,Gene Editing Systems Development
EP441487010,22839693,European Patent Office,2022-12-16,,,Keygene Nv,(DE) DOPPELTE DEKAPITATION VON PFLANZEN(EN) DOUBLE DECAPITATION OF PLANTS(FR) DOUBLE DÉCAPITATION DE PLANTES,21215549 17.12.2021 EP,"WO/2023/111225

JP2025500904

US20240327853",,,16.12.2022,European Patent Office,51.9763484,5.6461028,Wageningen,Gelderland,Netherlands,Crop plants,,False,2022.0,,True,Gene Editing Systems Development
CN209339681,201710759447,China,2017-08-29,107446932.0,2020-02-21,Jiangxi Academy Of Agricultural Sciences,(EN) Gene for controlling male reproduction and development of rice and application of gene(ZH) 一个控制水稻雄性生殖发育基因及其应用,,,,,,,28.558568,115.942573,Nan Chang Shi,Jiang Xi Sheng,China,Rice,906.0,True,2017.0,2020.0,False,Other Genetic Improvement for Crop Traits
CN302918588,201880084381,China,2018-12-27,,,Sinobioway Bio Agriculture Group Co Ltd未名生物农业集团有限公司Pioneer Overseas Corp,(EN) FLOWERING TIME-REGULATING GENE CMP1 AND RELATED CONSTRUCTS AND APPLICATIONS THEREOF(ZH) 花期调控基因CMP1和相关的载体及其应用,201711459345.3 28.12.2017 CN,,,,,,40.032423,116.3077686,,Bei Jing Shi,China,Crop plants,,False,2018.0,,False,Yield Improvement
CN431138489,202410332320,China,2024-03-22,,,China Agricultural University,(EN) Application of PvALKBH10 protein and coding gene thereof in regulating and controlling flowering time of plant(ZH) PvALKBH10蛋白及其编码基因在调控植物开花时间中的应用,,,,,,,40.004202,116.352988,,Bei Jing Shi,China,Switchgrass,,False,2024.0,,False,Yield Improvement
WO2020007332,PCT/CN2019/094632,,,,,"广东三杰牧草生物科技有限公司 Guangdong Sanjie Forage Biotechnology Co., Ltd",(EN) METHOD OF OBTAINING MULTI-LEAF ALFALFA MATERIAL BY MEANS OF MSPALM1 ARTIFICIAL SITE-DIRECTED MUTANT(FR) MÉTHODE D'OBTENTION D'UN MATÉRIAU DE LUZERNE MULTI-FEUILLES AU MOYEN D'UN MUTANT DIRIGÉ SUR UN SITE ARTIFICIEL MSPALM1(ZH) 一种利用MsPALM1人工定点突变体获得多叶型紫花苜蓿材料的方法,201810724563.304.07.2018CN,"CN108949774

AU2019297209

CA3105397

EP3816292

US20210269816

US20210171973",PCT/CN2019/094632,03.07.2019,03.07.2019,World Intellectual Property Organization,23.10456,113.831377,Dong Guan Shi,Guang Dong Sheng,China,Alfalfa,,False,,,True,Other Genetic Improvement for Crop Traits
WO2022150811,PCT/US2022/070033,,,,,"Ekena, Kirk Alston & Bird Llp Baltich, Dane A. Lightner, Christopher P. Kelly, Christopher B. Cooper, Jason P. Mckendrick, Tyler J. Gosnell, Guy R. O'Connor, Daniel J.",(EN) COMPOSITIONS AND METHODS FOR ALTERING STEM LENGTH IN SOLANACEAE(FR) COMPOSITIONS ET PROCÉDÉS POUR MODIFIER LA LONGUEUR DE LA TIGE DANS DES SOLANACÉES,"63/135,04808.01.2021US",US20240084320,PCT/US2022/070033,05.01.2022,05.01.2022,World Intellectual Property Organization,40.750777,-73.9792219,New York,New York,United States,"Tomatoes, Potatoes",,False,,,True,Yield Improvement
US395389611,18048236,United States of America,2022-10-20,11913005.0,2024-02-27,Pairwise Plants Services Inc,(EN) Optimized CRISPR-Cas nucleases and base editors and methods of use thereof,,"WO/2021/081264

US20210147861

US20230183726",,,20.10.2022,United States,35.9900355,-78.8898264,Durham,North Carolina,United States,Crop plants,495.0,True,2022.0,2024.0,True,Gene Editing Systems Development
US399575957,18164910,United States of America,2023-02-06,12084671.0,2024-09-10,Pairwise Plants Services Inc,(EN) Optimized CRISPR-Cas nucleases and base editors and methods of use thereof,,"WO/2021/081264

US20210147861

US20230114342",,,06.02.2023,United States,35.9900355,-78.8898264,Durham,North Carolina,United States,Crop plants,582.0,True,2023.0,2024.0,True,Gene Editing Systems Development
WO2015189693,PCT/IB2015/001202,,,,,King Abdullah University Of Science And Technology,(EN) TARGETED VIRAL-MEDIATED PLANT GENOME EDITING USING CRISPR/CAS9(FR) ÉDITION CIBLÉE DE GÉNOME DE PLANTE À MÉDIATION VIRALE À L'AIDE DU SYSTÈME CRISPR/CAS9,"62/011,12412.06.2014US62/014,30919.06.2014US",US20170114351,PCT/IB2015/001202,12.06.2015,12.06.2015,World Intellectual Property Organization,22.309465,39.104697,جامعة الملك عبدالله للعلوم والتقنية,مكة المكرمة,Saudi Arabia,Tobacco,,False,,,True,Gene Editing Systems Development
RU403330049,2022100974,Russian Federation,2020-06-17,,2025-02-04,"Пайонир Хай-Бред Интернэшнл, Инк. (Us)",(EN) COMPOSITIONS AND METHODS FOR IMPROVING POD CRACKING TOLERANCE IN CANOLA(RU) КОМПОЗИЦИИ И СПОСОБЫ УЛУЧШЕНИЯ ТОЛЕРАНТНОСТИ К РАСТРЕСКИВАНИЮ СТРУЧКОВ У КАНОЛЫ,"62/863,551 19.06.2019 US","WO/2020/257251

WO/2020/257273

AU2020295995

AU2020295398

CA3141931

CA3142950

EP3986118

EP3986120

US20220298519

US20220298520

RU2022100976

CL2021003363

CL2021003403

UAa202200215This application is not viewable in PATENTSCOPE because the national phase entry has not been published yet or the national entry is issued from a country that does not share data with WIPO or there is a formatting issue or an unavailability of the application.",,,17.06.2020,Russia,40.7508732,-73.9839671,New York,New York,United States,Canola,1693.0,True,2020.0,2025.0,True,Other Genetic Improvement for Crop Traits
CN405766547,202310749958,China,2023-06-25,,,"China Tobacco Yunnan Industrial Co., Ltd.",(EN) Method for improving alternaria alternata resistance of tobacco plants and application(ZH) 一种提升烟草植株抗赤星病的方法和用途,,,,,,,26.5895249,106.7159627,Gui Yang Shi,Gui Zhou Sheng,China,Tobacco,,False,2023.0,,False,Disease Resistance
CN365430498,202210204361,China,2022-03-02,114591967.0,2023-05-23,South China Agriculture University,(EN) Application of corn TCP gene in cross breeding(ZH) 玉米TCP基因在杂交育种中的应用,,,,,,,23.1568182,113.3536811,Guang Zhou Shi,Guang Dong Sheng,China,Corn/Maize,447.0,True,2022.0,2023.0,False,Yield Improvement
CN198422634,201510778496,China,2015-11-13,106701754.0,2019-06-11,"Institute Of Crop Science, Chinese Academy Of Agricultural Sciences",(EN) Corn RNA polymerase III identification promoter and application thereof(ZH) 一种玉米RNA聚合酶III识别的启动子及其应用,,,,,,,39.9628214,116.3269465,,Bei Jing Shi,China,Corn/Maize,1306.0,True,2015.0,2019.0,False,Gene Editing Systems Development
CN426766309,202311699961,China,2023-12-12,,,"Institute Of Crop Science, Chinese Academy Of Agricultural Sciences",(EN) Application of GmRGA in regulation and control of soybean aging(ZH) GmRGA在调控大豆衰老中的应用,,,,,,,39.9628214,116.3269465,,Bei Jing Shi,China,Soybeans,,False,2023.0,,False,Yield Improvement
US399233750,17916516,United States of America,2021-04-02,,,The Regents Of The University Of California,(EN) SUBERIN BIOSYNTHETIC GENES AND REGULATORS,,WO/2021/202978,,,02.04.2021,United States,34.069278,-118.4407843,Los Angeles,California,United States,Crop plants,,False,2021.0,,True,Drought Adaptation
EP323272303,19830583,European Patent Office,2019-07-03,,,Guangdong Sanjie Forage Biotechnology Co Ltd,(DE) VERFAHREN ZUR GEWINNUNG VON MEHRBLÄTTRIGEM ALFALFAMATERIAL MITTELS KÜNSTLICHEM STELLENGERICHTETEM MSPALM1-MUTANT(EN) METHOD OF OBTAINING MULTI-LEAF ALFALFA MATERIAL BY MEANS OF MSPALM1 ARTIFICIAL SITE-DIRECTED MUTANT(FR) MÉTHODE D'OBTENTION D'UN MATÉRIAU DE LUZERNE MULTI-FEUILLES AU MOYEN D'UN MUTANT DIRIGÉ SUR UN SITE ARTIFICIEL MSPALM1,201810724563.3 04.07.2018 CN,"CN108949774

WO/2020/007332

AU2019297209

CA3105397

US20210269816

US20210171973",,,03.07.2019,European Patent Office,23.190879,113.549766,Guang Zhou Shi,Guang Dong Sheng,China,Alfalfa,,False,2019.0,,True,Other Genetic Improvement for Crop Traits
CN276093287,201910709007,China,2019-08-01,,,"Institute Of Crop Science, Chinese Academy Of Agricultural Sciences",(EN) Method for efficiently preparing corn resistant to sulfonylurea herbicides and application of method(ZH) 一种高效创制磺酰脲类除草剂抗性玉米的方法及其应用,,,,,,,39.9628214,116.3269465,,Bei Jing Shi,China,Corn/Maize,,False,2019.0,,False,Pesticide Resistance
CN355479434,202111572604,China,2021-12-21,114181943.0,2023-06-27,Crop Science Research Institute Of Chinese Academy Of Agricultural Sciences,(EN) Method for creating early-maturing corn germplasm and application thereof(ZH) 一种创制早熟玉米种质的方法及其应用,,,,,,,39.961188,116.328189,,北京市,China,Corn/Maize,553.0,True,2021.0,2023.0,False,Yield Improvement
CN276091445,201910675956,China,2019-07-25,110373425.0,2021-06-29,China Agricultural University,(EN) Application of NOR-like1 gene and protein encoded thereby in regulating postharvest water loss of tomato fruits(ZH) NOR-like1基因及其编码的蛋白质在调控番茄果实采后失水中的应用,,,,,,,40.004202,116.352988,,Bei Jing Shi,China,Tomatoes,705.0,True,2019.0,2021.0,False,Other Genetic Improvement for Crop Traits
CN306898735,202010546971,China,2020-06-16,111662928.0,2021-10-08,"Institute Of Botany, The Chinese Academy Of Sciences",(EN) Method for regulating and controlling salt tolerance of plants and salt-tolerant relevant protein(ZH) 调控植物耐盐性的方法及耐盐相关蛋白,,,,,,,39.9935072,116.2160961,,Bei Jing Shi,China,Rice,479.0,True,2020.0,2021.0,False,Other Genetic Improvement for Crop Traits
CN329303397,201911325467,China,2019-12-20,113004381.0,2022-07-15,China Agricultural University,(EN) Application of ZmbZIP68 protein and coding gene thereof in regulating and controlling low-temperature stress tolerance of corn(ZH) ZmbZIP68蛋白及其编码基因在调控玉米耐受低温胁迫中的应用,,,,,,,40.004202,116.352988,,Bei Jing Shi,China,Corn/Maize,938.0,True,2019.0,2022.0,False,Cold Tolerance
CN193500733,201610670631,China,2016-08-15,,,"Institute Of Genetics And Developmental Biology, Chinese Academy Of Sciences",(EN) Method for obtaining glyphosate-resistant rice by site-specific substitution of nucleotide(ZH) 一种通过核苷酸定点替换获得抗草甘膦水稻的方法,2015105009308 14.08.2015 CN,"AU2016309392

KR1020180031765

EP3334832

BR112018002026

EA201890492

US20190062779

JP2018527920

KR1020200078685

WO/2017/028768

AR105713

CA2994883

UAa201802118This application is not viewable in PATENTSCOPE because the national phase entry has not been published yet or the national entry is issued from a country that does not share data with WIPO or there is a formatting issue or an unavailability of the application.",,,,,38.115509,114.533286,Shi Jia Zhuang Shi,He Bei Sheng,China,Rice,,False,2016.0,,True,Pesticide Resistance
US298713127,16746924,United States of America,2020-01-19,,,Huazhong Agricultural University,(EN) METHOD FOR RAPIDLY AND EFFICIENTLY CREATING DIRECTED GENE MUTATED NON-TRANSGENIC PLANTS AND ITS APPLICATIONS,201810464473.5 16.05.2018 CN,"CN109593776

WO/2019/219046",,,19.01.2020,United States,30.475126,114.353035,Wu Han Shi,Hu Bei Sheng,China,Crop plants,,False,2020.0,,True,Gene Editing Systems Development
CN427204510,202311847179,China,2023-12-28,,,"Hubei University湖北大学Oil Crops Research Institute, Chinese Academy Of Agricultural Sciences",(EN) Extension factor BnELP2 gene for regulating and controlling sclerotinia rot resistance of brassica napus and application of extension factor BnELP2 gene(ZH) 调控甘蓝型油菜菌核病抗性的延伸因子BnELP2基因及应用,,,,,,,30.581532,114.344114,Wu Han Shi,Hu Bei Sheng,China,Canola,,False,2023.0,,False,Disease Resistance
CN368374255,202210380910,China,2022-04-12,114672513.0,2024-04-02,Modern Agricultural Research Institute Of Beijing University,(EN) Gene editing system and application thereof(ZH) 一种基因编辑系统及其应用,,,,,,,40.092594,116.30938,,Bei Jing Shi,China,Crop plants,721.0,True,2022.0,2024.0,False,Gene Editing Systems Development
CN321262033,202011435916,China,2020-12-10,,,Zhejiang Wanli University浙江万里学院Ningbo Academy Of Agricultural Science宁波市农业科学研究院Zhejiang Academy Of Agricultural Sciences,(EN) Method for obtaining rice with increased tillering by utilizing OsTNC1 gene mutation(ZH) 一种利用OsTNC1基因突变获得分蘖增加的水稻的方法,,,,,,,29.8190718,121.567482,Ning Bo Shi,,China,Rice,,False,2020.0,,False,Yield Improvement
US224376938,15575167,United States of America,2016-05-19,11492630.0,2022-11-08,Kws Saat Se & Co. Kgaa,(EN) Methods and hybrids for targeted nucleic acid editing in plants using CRISPR/Cas systems,102015006335 19.05.2015 DE102015014252 05.11.2015 DE,"EP3095870

AU2016265197

CA2989368

EP3298148

BR112017024754

CN107849581

EA201792542

WO/2016/184955

DK3298148

ES2953919

UAa201712091This application is not viewable in PATENTSCOPE because the national phase entry has not been published yet or the national entry is issued from a country that does not share data with WIPO or there is a formatting issue or an unavailability of the application.

US20230242926",,,19.05.2016,United States,51.8149087,9.884365,Einbeck,Niedersachsen,Germany,Crop plants,2364.0,True,2016.0,2022.0,True,Gene Editing Systems Development
RU425456479,2022123790,Russian Federation,2022-09-07,,2024-04-15,"Федеральное Государственное Бюджетное Научное Учреждение ""Всероссийский Научно-Исследовательский Институт Сельскохозяйственной Биотехнологии"" (Фгбну Вниисб) (Ru)",(EN) METHOD FOR OBTAINING POTATO PLANT WITH BIALLELIC MUTATIONS IN EDR1 GENE ENCODING REGION USING CRISPR/CAS9 PLANT GENOME EDITING METHOD(RU) СПОСОБ ПОЛУЧЕНИЯ РАСТЕНИЯ КАРТОФЕЛЯ С БИАЛЛЕЛЬНЫМИ МУТАЦИЯМИ В КОДИРУЮЩЕЙ ОБЛАСТИ ГЕНА EDR1 ПРИ ПОМОЩИ ТЕХНОЛОГИИ РЕДАКТИРОВАНИЯ ГЕНОМА РАСТЕНИЙ CRISPR/CAS9,,,,,07.09.2022,Russia,55.8271038,37.5574356,Moskva,Moskva,Russia,Potatoes,586.0,True,2022.0,2024.0,False,Other Genetic Improvement for Crop Traits
CN393835093,202210927081,China,2022-08-03,,,"Institute Of Plant Protection, Chinese Academy Of Agricultural Sciences",(EN) Development and application of plant pathogenic bacterium genome editing tool(ZH) 植物病原细菌基因组编辑工具的开发及应用,,,,,,,39.9628214,116.3269465,,Bei Jing Shi,China,Crop plants,,False,2022.0,,False,Other Purpose
CN313903963,202010930148,China,2020-09-07,112080518.0,2021-11-02,China Agricultural University,(EN) Application of corn AL14 gene in drought resistance of plants(ZH) 玉米AL14基因在植物抗旱中的应用,,,,,,,40.004202,116.352988,,Bei Jing Shi,China,Corn/Maize,421.0,True,2020.0,2021.0,False,Drought Adaptation
US425878998,18449242,United States of America,2023-08-14,,,The Regents Of The University Of California,(EN) RICE SUBERIN BIOSYNTHETIC GENES AND REGULATORS,,,,,14.08.2023,United States,34.069278,-118.4407843,Los Angeles,California,United States,Rice,,False,2023.0,,False,Drought Adaptation
CN428105474,202410271749,China,2024-03-11,,,Crop Research Institute Of The Sichuan Academy Of Agricultural Sciences,(EN) Application of FLS1 gene in controlling formation of purple-leaf rape(ZH) 一种FLS1基因在控制紫叶油菜形成中的应用,,,,,,,30.611225,104.1093,Chengdu,Sichuan,China,Canola,,False,2024.0,,False,Other Genetic Improvement for Crop Traits
CN353493195,202111299896,China,2021-11-04,114106121.0,2023-07-25,Shanghai Traffic University,(EN) FvGR3 protein as well as coding gene and application thereof(ZH) FvGR3蛋白及其编码基因和用途,,,,,,,31.0252201,121.4337784,,Shang Hai Shi,China,Strawberry,628.0,True,2021.0,2023.0,False,Yield Improvement
CN407132125,202310750000,China,2023-06-25,,,"China Tobacco Yunnan Industrial Co., Ltd.",(EN) Method for improving bacterial wilt resistance of tobacco plants and application(ZH) 一种提升烟草植株抗青枯病的方法和用途,,,,,,,26.5895249,106.7159627,Gui Yang Shi,Gui Zhou Sheng,China,Tobacco,,False,2023.0,,False,Disease Resistance
CN179521031,102016000141330,China,2016-03-14,,,"Institute Of Genetics And Developmental Biology, Chinese Academy Of Sciences",(EN) A method of improving plant resistance to invaded DNA viruses(ZH) 一种提高植物对入侵的DNA 病毒的抵御能力的方法,2015101074929 12.03.2015 CN,"AR103927

AU2016228599

CA2979292

KR1020170126495

EP3309255

BR112017016423

US20180195084

EA201791991

JP2018507705

WO/2016/141893

IN201737029075

UAa201709464This application is not viewable in PATENTSCOPE because the national phase entry has not been published yet or the national entry is issued from a country that does not share data with WIPO or there is a formatting issue or an unavailability of the application.",,,14.03.2016,China,38.115509,114.533286,Shi Jia Zhuang Shi,He Bei Sheng,China,Crop plants,,False,2016.0,,True,Disease Resistance
CN236666865,201811228462,China,2018-10-22,109207513.0,2021-11-02,"Institute Of Genetics And Developmental Biology, Chinese Academy Of Sciences",(EN) Application of DCM1 Protein and Its Coding Gene in Regulating Plant Male Fertility(ZH) DCM1蛋白及其编码基因在调控植物雄性育性中的应用,,,,,,,38.115509,114.533286,Shi Jia Zhuang Shi,He Bei Sheng,China,Rice,1107.0,True,2018.0,2021.0,False,Yield Improvement
CN190123711,102016000597205,China,2016-07-26,106222193.0,2019-09-20,"Zhejiang University浙江大学Zhejiang Zhijiang Seeds Co., Ltd.",(EN) Recombinant vector and non-GMO gene editing plant screening method(ZH) 一种重组载体及无转基因基因编辑植株的筛选方法,,,,,26.07.2016,China,30.2929169,120.370014,Hang Zhou Shi,Zhe Jiang Sheng,China,Crop plants,1151.0,True,2016.0,2019.0,False,Pesticide Resistance
CN422925169,202311661896,China,2023-12-06,,,China National Rice Research Institute,(EN) Rice tillering regulation gene OsMAB and application of protein coded by rice tillering regulation gene OsMAB(ZH) 一种水稻分蘖调控基因OsMAB及其编码的蛋白质的应用,,,,,,,46.88572,130.28944,Jiamusi,Heilongjiang,China,Rice,,False,2023.0,,False,Yield Improvement
CN276928026,201910582229,China,2019-06-30,,,Nanjing University,(EN) Rice WSCP gene mutant OsWSCP1 and application thereof(ZH) 一种水稻WSCP基因突变体OsWSCP1及其应用,,,,,,,32.0568391,118.7789602,Nanjing,Jiangsu,China,Rice,,False,2019.0,,False,Yield Improvement
US405661525,18174103,United States of America,2023-02-24,,,Canopy Growth Corporation,(EN) GENE-EDITING IN CANNABIS PLANT,,,,,24.02.2023,United States,47.6089226,-52.6778984,St. John's,Newfoundland and Labrador,Canada,Cannabis,,False,2023.0,,False,Gene Editing Systems Development
CN305438413,202010407040,China,2020-05-14,111574602.0,2023-01-31,"Northeast Institute Of Geography And Agroecology, Chinese Academy Of Sciences","(EN) GmAMS1 protein, coding gene, inhibiting factor of coding gene and method for creating plant nuclear male sterile line(ZH) GmAMS1蛋白、编码基因及其抑制因子和创制植物细胞核雄性不育系的方法",,,,,,,44.001519,125.399287,Changchun,Jilin,China,Crop plants,992.0,True,2020.0,2023.0,False,Yield Improvement
CN436048172,202410298537,China,2024-03-15,,,China Agricultural University,(EN) Inhibition factor of ZmTIP4c protein coding gene and application of inhibition factor in regulation and control of drought stress of corn(ZH) 一种ZmTIP4c蛋白编码基因的抑制因子及其在调控玉米抗旱胁迫中的应用,,,,,,,40.004202,116.352988,,Bei Jing Shi,China,Corn/Maize,,False,2024.0,,False,Drought Adaptation
CN395072369,202211053585,China,2022-08-31,,,Henan Agricultural University河南农业大学Henan Institute Of Crop Molecular Breeding,(EN) Genetic transformation method of rehmannia glutinosa libosch(ZH) 一种天目地黄的遗传转化方法,202111641926.5 29.12.2021 CN,CN114410661,,,,,34.7854718,113.6632032,Zheng Zhou Shi,He Nan Sheng,China,Other plants,,False,2022.0,,True,Other Genetic Improvement for Crop Traits
CN438244872,202410784645,China,2024-06-18,,,Anhui Agricultural University,(EN) Binary expression vector for fixing soybean heterosis as well as construction method and application of binary expression vector(ZH) 一种固定大豆杂种优势的双元表达载体及其构建方法和应用,,,,,,,31.860048,117.257372,He Fei Shi,An Hui Sheng,China,Soybeans,,False,2024.0,,False,Yield Improvement
US231565023,15524440,United States of America,2015-11-04,,,The Regents Of The University Of California,(EN) Methods for Autocatalytic Genome Editing and Neutralizing Autocatalytic Genome Editing,,WO/2016/073559,,,04.11.2015,United States,34.069278,-118.4407843,Los Angeles,California,United States,Crop plants,,False,2015.0,,True,Gene Editing Systems Development
WO2024099163,PCT/CN2023/128135,,,,,西北农林科技大学 Northwest A & F University,(EN) USE OF ZEA MAYS AMINO ACID TRANSPORTER AND CODING GENE THEREOF IN PLANT DISEASE RESISTANCE(FR) UTILISATION DU TRANSPORTEUR D'ACIDES AMINÉS DE ZEA MAYS ET DE SON GÈNE CODANT POUR LA RÉSISTANCE DES PLANTES AUX MALADIES(ZH) 一种玉米氨基酸转运蛋白及其编码基因在植物抗病中的应用,202211382642.307.11.2022CN,CN117987449,PCT/CN2023/128135,31.10.2023,31.10.2023,World Intellectual Property Organization,34.262298,108.073742,Xian Yang Shi,Shan Xi Sheng,China,Corn/Maize,,False,,,True,Disease Resistance
WO2019122394,PCT/EP2018/086725,,,,,,(EN) CPF1 BASED TRANSCRIPTION REGULATION SYSTEMS IN PLANTS(FR) SYSTÈMES DE RÉGULATION DE LA TRANSCRIPTION BASÉS SUR CPF1 DANS DES PLANTES,"62/609,50822.12.2017US62/758,06809.11.2018US","AU2018390965

CA3086619

EP3728605

BR112020012327

CN112204147

US20210071189",PCT/EP2018/086725,21.12.2018,21.12.2018,World Intellectual Property Organization,,,,,,Crop plants,,False,,,True,Gene Editing Systems Development
WO2014039872,PCT/US2013/058584,,,,,,(EN) ENGINEERED TRANSGENE INTEGRATION PLATFORM (ETIP) FOR GENE TARGETING AND TRAIT STACKING(FR) PLATEFORME D'INTÉGRATION DE TRANSGÈNE GÉNÉTIQUEMENT MODIFIÉ (ETIP) POUR LE CIBLAGE GÉNIQUE ET L'EMPILEMENT DE CARACTÈRES,"61/697,88207.09.2012US","EP2893025

JP2015531598

US20140090113

RU0002666916

CN107267524

CN104838001

BR112015004848

AU2013312352

RU0002666916

AR092479

KR1020150046345

CA2883792

IL237534

NZ705675

CL2015000565

IN2249/DELNP/2015

UAa201503063This application is not viewable in PATENTSCOPE because the national phase entry has not been published yet or the national entry is issued from a country that does not share data with WIPO or there is a formatting issue or an unavailability of the application.",PCT/US2013/058584,06.09.2013,06.09.2013,World Intellectual Property Organization,,,,,,Crop plants,,False,,,True,Gene Editing Systems Development
WO2017092201,PCT/CN2016/077337,,,,,"中国农业科学院作物科学研究所 Institute Of Crop Sciences, Chinese Academy Of Agricultural Sciences",(EN) SYSTEM FOR OBTAINING HERBICIDE-TOLERANT RICE BY SITE-DIRECTED MODIFYING ALS GENE USING CRISPR-CAS9 SYSTEM AND USE THEREOF(FR) SYSTÈME D'OBTENTION DE RIZ TOLÉRANT AUX HERBICIDES PAR MODIFICATION DIRIGÉE SUR LE SITE DE GÈNE ALS À L'AIDE DU SYSTÈME CRISPR-CAS9 ET SON UTILISATION(ZH) 利用CRISPR-Cas9系统定点修饰ALS基因获得抗除草剂水稻的系统及其应用,201510854747.830.11.2015CN,"CN106811479

US20190085356",PCT/CN2016/077337,25.03.2016,25.03.2016,World Intellectual Property Organization,39.961188,116.328189,,北京市,China,Rice,,False,,,True,Pesticide Resistance
WO2022047135,PCT/US2021/047913,,,,,"Pairwise Plants Services, Inc.",(EN) ENGINEERED CRISPR-CAS PROTEINS AND METHODS OF USE THEREOF(FR) PROTÉINES CRISPR-CAS INGÉNIÉRISÉES ET LEURS PROCÉDÉS D'UTILISATION,"63/071,73428.08.2020US","AU2021331344

CA3192195

KR1020230058090

EP4204436

JP2023539668

CN116745415

NZ797276

IL300823

MX2023002160

CL2023000554

BR112023003573This application is not viewable in PATENTSCOPE because the national phase entry has not been published yet or the national entry is issued from a country that does not share data with WIPO or there is a formatting issue or an unavailability of the application.

IN202347022446This application is not viewable in PATENTSCOPE because the national phase entry has not been published yet or the national entry is issued from a country that does not share data with WIPO or there is a formatting issue or an unavailability of the application.

SG11202301230XThis application is not viewable in PATENTSCOPE because the national phase entry has not been published yet or the national entry is issued from a country that does not share data with WIPO or there is a formatting issue or an unavailability of the application.",PCT/US2021/047913,27.08.2021,27.08.2021,World Intellectual Property Organization,35.99012121,-78.89092283,,,,Crop plants,,False,,,True,Gene Editing Systems Development
WO2021092130,PCT/US2020/059045,,,,,"Pairwise Plants Services, Inc.",(EN) COMPOSITIONS AND METHODS FOR RNA-ENCODED DNA-REPLACEMENT OF ALLELES(FR) COMPOSITIONS ET PROCÉDÉS DE REMPLACEMENT D'ALLÈLES D'ADN CODÉ PAR L'ARN,"62/930,83605.11.2019US","JP2023505600

EP4054621

BR112022008415

CN114901302

KR1020220110748

CA3160186

SG11202204171Q

AU2020380319

US20210130835

NZ787446

IL292434

BR112022008415This application is not viewable in PATENTSCOPE because the national phase entry has not been published yet or the national entry is issued from a country that does not share data with WIPO or there is a formatting issue or an unavailability of the application.

CL2022001145

MX2022005328

US20240158804

US20240167045",PCT/US2020/059045,05.11.2020,05.11.2020,World Intellectual Property Organization,35.99012121,-78.89092283,,,,Crop plants,,False,,,True,Gene Editing Systems Development
CN328303501,202110241224,China,2021-03-04,112961226.0,2023-05-02,Chinese People'S Liberation Army Army Specialized Medical Center西部（重庆）,(EN) III-A type CRISPR-Cas system inhibitor AcrIIIA1 and application thereof(ZH) III-A型CRISPR-Cas系统抑制剂AcrIIIA1及其应用,,,,,,,29.535509,106.448107,,Chong Qing Shi,China,Crop plants,789.0,True,2021.0,2023.0,False,Gene Editing Systems Development
CN419775443,202311236119,China,2023-09-22,,,"Oil Crops Research Institute, Chinese Academy Of Agricultural Sciences",(EN) Nucleic acid detection method for nanogold enhanced CRISPR/dCas9 mediated fluorescence resonance energy transfer(ZH) 纳米金增强的CRISPR/dCas9介导的荧光共振能量转移的核酸检测方法,,,,,,,30.581532,114.344114,Wu Han Shi,Hu Bei Sheng,China,Crop plants,,False,2023.0,,False,Other Purpose
KR399816027,1020210172065,Republic of Korea,2021-12-03,,,대한민국(농촌진흥청장)Republic Of Korea(Management : Rural Development Administration),(EN) METHOD FOR PRODUCING PLANTS WITH INCREASED POLYUNSATURATED FATTY ACID CONTENT USING CRISPR/Cas9 SYSTEM(KO) CRISPR/Cas9 시스템을 이용한 다중불포화지방산 함량이 증진된 식물 제조방법,,,,,03.12.2021,South Korea,35.8311352,127.0561373,Jeonju,Jeonbuk State,South Korea,Crop plants,,False,2021.0,,False,Other Genetic Improvement for Crop Traits
WO2018237197,PCT/US2018/038839,,,,,"Noble Research Institute, Llc",(EN) CRISPR-MEDIATED SELECTIVE GENE DISRUPTION IN PLANTS(FR) DISRUPTION GÉNIQUE SÉLECTIVE MÉDIÉE PAR CRISPR DANS DES PLANTES,"62/523,02521.06.2017US",,PCT/US2018/038839,21.06.2018,21.06.2018,World Intellectual Property Organization,34.1857525,-97.0867899,Ardmore,Oklahoma,United States,Switchgrass,,False,,,False,Gene Editing Systems Development
CN347715443,202111149852,China,2021-09-29,113862236.0,2023-09-19,Nantong University,(EN) Oryza sativa L. calcineurin B protein interaction protein kinase and application thereof in breeding(ZH) 一种水稻类钙调磷酸酶B蛋白互作蛋白激酶及其在育种中的应用,,,,,,,32.006493,120.886132,Nan Tong Shi,Jiang Su Sheng,China,Rice,720.0,True,2021.0,2023.0,False,Pesticide Resistance
CN350475990,202111390729,China,2021-11-23,113999850.0,2023-06-23,Yunnan Agricultural University,(EN) Potato U6 RNA polymerase III type promoter and cloning and application thereof(ZH) 马铃薯U6 RNA聚合酶III型启动子及其克隆与应用,,,,,,,25.124795,102.742834,Kun Ming Shi,Yun Nan Sheng,China,"Potatoes, Tobacco",577.0,True,2021.0,2023.0,False,Gene Editing Systems Development
CN426775360,202410181709,China,2024-02-19,117737069.0,2024-06-11,"Harbin Veterinary Research Institute, Caas (Harbin Branch Of China Animal Health And Epidemiology Center)中国农业科学院哈尔滨兽医研究所（中国动物卫生与流行病学中心哈尔滨分中心）Shenzhen Agricultural Genome Institute Of Chinese Academy Of Agricultural Sciences (Lingnan Modern Agriculture Science And Technology Guangdong Province Shenzhen Branch Center)中国农业科学院深圳农业基因组研究所（岭南现代农业科学与技术广东省实验室深圳分中心）",(EN) CRISPR-Cas12a-based BVDV specific crRNA and related kit and detection method thereof(ZH) 一种基于CRISPR-Cas12a的BVDV特异crRNA及其相关试剂盒与检测方法,,,,,,,45.763191,126.6643229,Ha Er Bin Shi,Hei Long Jiang Sheng,China,Crop plants,113.0,True,2024.0,2024.0,False,Other Purpose
WO2021087182,PCT/US2020/058082,,,,,"Pairwise Plants Services, Inc.",(EN) TYPE V CRISPR-CAS BASE EDITORS AND METHODS OF USE THEREOF(FR) ÉDITEURS À BASE DE CRISPR-CAS DE TYPE V ET MÉTHODES D'UTILISATION DE CEUX-CI,"62/927,91430.10.2019US","CA3158897

US20210130827

AU2020372931

SG11202204012U

KR1020220110739

CN114867852

EP4051788

JP2023501223

EP4471149

NZ787352",PCT/US2020/058082,30.10.2020,30.10.2020,World Intellectual Property Organization,35.9900355,-78.8898264,Durham,North Carolina,United States,Crop plants,,False,,,True,Gene Editing Systems Development
CN418379260,202310639011,China,2023-05-31,,,"Crop Research Institute, Shandong Academy Of Agricultural Sciences",(EN) Method for activating expression of silent Glu-1Ax subunit of wheat and related biological material(ZH) 激活小麦沉默的Glu-1Ax亚基表达的方法及其相关生物材料,,,,,,,36.7084734,117.0773869,Ji Nan Shi,Shan Dong Sheng,China,Wheat,,False,2023.0,,False,Yield Improvement
CN420671221,202310415114,China,2021-11-23,,,Yunnan Agricultural University,(EN) Potato U6 gene promoter StU6 8-1 and cloning and application thereof(ZH) 马铃薯U6基因启动子StU6 8-1及其克隆与应用,,,,,,,25.124795,102.742834,Kun Ming Shi,Yun Nan Sheng,China,"Potatoes, Tobacco",,False,2021.0,,False,Gene Editing Systems Development
CN319673335,201910745322,China,2019-08-13,112391403.0,2023-01-06,"Suzhou Jinxin Biotechnology Co., Ltd.",(EN) Application of TGW10 gene for improving crop grain shape characters(ZH) TGW10基因在用于改良农作物粒型性状中的应用,,,,,,,31.293262,120.609775,Su Zhou Shi,Jiang Su Sheng,China,Rice,1242.0,True,2019.0,2023.0,False,Yield Improvement
CN283957548,201911080944,China,2019-11-07,110747186.0,2021-07-30,Peking University,(EN) CRISPR/Cas9 system and method for efficiently producing mutant plants without carrying transgenic elements in plants(ZH) 在植物中高效生成不携带转基因元件的突变体的CRISPR/Cas9系统和方法,,,,,,,39.986913,116.3058739,,Bei Jing Shi,China,Crop plants,631.0,True,2019.0,2021.0,False,Gene Editing Systems Development
CN207679119,201710466017.X,China,2017-06-19,,,"Biogle Genome Technology (Jiangsu) Co., Ltd.",(EN) Large-scale genome editing method applicable to plants(ZH) 一种适用于植物的大规模基因组编辑的方法,,,,,19.06.2017,China,32.39065,119.88708,Taizhou,Jiangsu,China,Crop plants,,False,2017.0,,False,Gene Editing Systems Development
CN321265669,202011529612,China,2020-12-22,,,"Lanzhou Veterinary Research Institute, Chinese Academy Of Agriculture Sciences","(EN) Composition for detecting African swine fever virus LAMP-CRISPR, detection kit and detection method(ZH) 一种非洲猪瘟病毒LAMP-CRISPR检测用组合物、检测试剂盒和检测方法",,,,,,,36.082643,103.853777,Lan Zhou Shi,Gan Su Sheng,China,Crop plants,,False,2020.0,,False,Other Purpose
CN405891919,202310197445,China,2021-03-04,116535473.0,2024-04-30,Western (Chongqing) Science City Germplasm Creation Science Center西部（重庆）科学城种质创制大科学中心Chinese People'S Liberation Army Army Specialized Medical Center,(EN) Effector AcrIIIA2TEM123 for controlling CRISPR-Cas editing system and application of effector AcrIIIA2TEM123(ZH) 控制CRISPR-Cas编辑系统的效应子AcrIIIA2TEM123及其应用,,,,,,,29.571912,106.578303,,Chong Qing Shi,China,Crop plants,1153.0,True,2021.0,2024.0,False,Gene Editing Systems Development
CN241723585,201910047441,China,2019-01-18,,,Shenzhen University,(EN) Efficient CRISPR-CAS9 gene editing vector in arabidopsis thaliana and construction method thereof(ZH) 拟南芥中高效CRISPR-CAS9基因编辑载体及构建方法,,,,,,,22.53306,113.932813,Shen Zhen Shi,Guang Dong Sheng,China,Other plants,,False,2019.0,,False,Gene Editing Systems Development
EP393008924,21793745,European Patent Office,2021-04-20,,,Univ California,(DE) CRISPR-SYSTEME IN PFLANZEN(EN) CRISPR SYSTEMS IN PLANTS(FR) SYSTÈMES CRISPR DANS DES PLANTES,202063012634 20.04.2020 US202163146468 05.02.2021 US,"WO/2021/216512

US20230159943",,,20.04.2021,European Patent Office,34.0699182,-118.4438495,Los Angeles,California,United States,Crop plants,,False,2021.0,,True,Gene Editing Systems Development
CN438257245,202410771410,China,2024-06-14,,,Beijing Academy Of Agriculture And Forestry Sciences,(EN) Method for remarkably improving goldfish CRISPR-LbCas12a gene editing efficiency and application thereof(ZH) 一种显著提高金鱼CRISPR-LbCas12a基因编辑效率的方法及其应用,,,,,,,39.9438284,116.2870162,,Bei Jing Shi,China,Other plants,,False,2024.0,,False,Gene Editing Systems Development
CN283955658,201911035382,China,2019-10-29,,,Guangxi Academy Of Agricultural Sciences,(EN) Method for creating new crop germplasm with broad-spectrum resistance to stripe disease through gene editing and application of method(ZH) 通过基因编辑创制广谱抗细条病作物新种质的方法及其应用,,,,,,,22.841119,108.249658,Nan Ning Shi,Guang Xi Zhuang Zu Zi Zhi Qu,China,Rice,,False,2019.0,,False,Disease Resistance
CN332891147,202110175766,China,2021-02-09,113151346.0,2022-11-08,"Institute Of Crop Science, Chinese Academy Of Agricultural Sciences",(EN) CRISPR/Cas9 system mediated wheat polygene knockout editing system(ZH) 一种CRISPR/Cas9系统介导的小麦多基因敲除编辑体系,,,,,,,39.9628214,116.3269465,,Bei Jing Shi,China,Wheat,637.0,True,2021.0,2022.0,False,Gene Editing Systems Development
WO2021216512,PCT/US2021/028105,,,,,"Ellison, Cory",(EN) CRISPR SYSTEMS IN PLANTS(FR) SYSTÈMES CRISPR DANS DES PLANTES,"63/012,63420.04.2020US63/146,46805.02.2021US","EP4139447

US20230159943",PCT/US2021/028105,20.04.2021,20.04.2021,World Intellectual Property Organization,40.719383,-73.584118,Uniondale,New York,United States,Crop plants,,False,,,True,Gene Editing Systems Development
WO2015048707,PCT/US2014/058188,,,,,"Kaytor, Elizabeth N.",(EN) CONFERRING RESISTANCE TO GEMINIVIRUSES IN PLANTS USING CRISPR/CAS SYSTEMS(FR) RÉSISTANCE AUX GEMINIVIRUS CONFÉRÉE À DES PLANTES AU MOYEN DE SYSTÈMES CRISPR/CAS,"61/884,23630.09.2013US",US20160237451,PCT/US2014/058188,30.09.2014,30.09.2014,World Intellectual Property Organization,40.9041902,-73.9686547,Englewood,New Jersey,United States,Crop plants,,False,,,True,Disease Resistance
WO2018197520,PCT/EP2018/060510,,,,,"Mallalieu, Catherine",(EN) METHODS AND COMPOSITIONS OF ANTI-CRISPR PROTEINS FOR USE IN PLANTS(FR) PROCÉDÉS ET COMPOSITIONS DE PROTÉINES ANTI-CRISPR DESTINÉS À ÊTRE UTILISÉS DANS DES PLANTES,"62/488,96924.04.2017US62/488,98124.04.2017US62/510,89625.05.2017US62/510,91425.05.2017US","EP3615552

CN110891965

BR112019022201

US20200190492

IN201917043473",PCT/EP2018/060510,24.04.2018,24.04.2018,World Intellectual Property Organization,40.7323585,-73.9873367,New York,New York,United States,Crop plants,,False,,,True,Gene Editing Systems Development
WO2016185411,PCT/IB2016/052918,,,,,,(EN) METHOD OF INHIBITING PLANT VIRUS PATHOGEN INFECTIONS BY CRISPR/CAS9-MEDIATED INTERFERENCE(FR) PROCÉDÉ D’INHIBITION D’INFECTIONS PAR DES PATHOGÈNES VIRAUX DES VÉGÉTAUX PAR INTERFÉRENCE À MÉDIATION PAR CRISPR/CAS9,"62/162,85618.05.2015US","EP3298149

US20190106706",PCT/IB2016/052918,18.05.2016,18.05.2016,World Intellectual Property Organization,,,,,,"Tobacco, Tomatoes",,False,,,True,Disease Resistance
CN365359358,202210069861.X,China,2022-01-21,114574467.0,2023-05-23,South China Agriculture University,(EN) Gene expression regulation system and application thereof(ZH) 一种基因表达调控系统及其应用,,,,,21.01.2022,China,23.1568182,113.3536811,Guang Zhou Shi,Guang Dong Sheng,China,Crop plants,487.0,True,2022.0,2023.0,False,Gene Editing Systems Development
CN440759204,202410771410.X,China,2024-06-14,,,Beijing Academy Of Agriculture And Forestry Sciences,(EN) Application of CRISPR-AsCas12a system in goldfish gene editing(ZH) CRISPR-AsCas12a系统在金鱼基因编辑中的应用,,,,,14.06.2024,China,39.9438284,116.2870162,,Bei Jing Shi,China,Other plants,,False,2024.0,,False,Gene Editing Systems Development
KR369721673,1020200189691,Republic of Korea,2020-12-31,102567576.0,2023-08-14,한양대학교 산학협력단서울대학교산학협력단Iucf-Hyu (Industry-University Cooperation Foundation Hanyang University)Seoul National University R&Db Foundation,(EN) NOVEL Cas9 PROTEIN VARIANT WITH IMPROVED TARGET SPECIFICITY AND USE THEREOF(KO) 표적 특이성이 향상된 신규한 Cas9 단백질 변이체 및 이의 용도,,,,,31.12.2020,South Korea,37.5571759,127.0454092,,Seoul,South Korea,Crop plants,956.0,True,2020.0,2023.0,False,Gene Editing Systems Development
CN313777281,202010843519,China,2020-08-20,,,"Jiangsu Academy Of Agricultural Sciences江苏省农业科学院Nanjing Lihua Agricultural Technology Co., Ltd.",(EN) Method for directionally editing genes of brassica oleracea var.capitata by utilizing CRISPR/Cas9 and application of method(ZH) 一种利用CRISPR/Cas9定向编辑结球甘蓝基因的方法及应用,,,,,,,32.035361,118.869025,Nanjing,Jiangsu,China,Cabbage,,False,2020.0,,False,Other Genetic Improvement for Crop Traits
CA177691236,2940217,Canada,,,2023-06-13,Monsanto Technology Llc,(EN) COMPOSITIONS AND METHODS FOR SITE DIRECTED GENOMIC MODIFICATION(FR) COMPOSITIONS ET PROCEDES DE MODIFICATION GENOMIQUE DIRIGEE,"61/945,700 27.02.2014 US","CA3194412

US6447065

GB2364906

DE000010127370

EP3110945

US20170166912

CN106232803

WO/2015/131101

ES2898460

EP3971283

US20220135991

US20230212596

US20240209385",,,,Canada,38.66369922,-90.57639294,,,,"Corn, Tomato, Soybeans",,True,,2023.0,True,Gene Editing Systems Development
EP189904976,15755923,European Patent Office,2015-02-27,,,Monsanto Technology Llc,(DE) ZUSAMMENSETZUNGEN UND VERFAHREN ZUR STELLENGERICHTETEN GENOMMODIFIKATION(EN) COMPOSITIONS AND METHODS FOR SITE DIRECTED GENOMIC MODIFICATION(FR) COMPOSITIONS ET PROCÉDÉS DE MODIFICATION GÉNOMIQUE DIRIGÉE,201461945700 27.02.2014 US,"CA3194412

US6447065

GB2364906

DE000010127370

US20170166912

CN106232803

WO/2015/131101

ES2898460

EP3971283

CA2940217

US20220135991

US20230212596

US20240209385",,,27.02.2015,European Patent Office,38.66369922,-90.57639294,,,,"Corn, Tomato, Soybeans",,False,2015.0,,True,Gene Editing Systems Development
WO2015131101,PCT/US2015/018104,,,,,Monsanto Technology Llc,(EN) COMPOSITIONS AND METHODS FOR SITE DIRECTED GENOMIC MODIFICATION(FR) COMPOSITIONS ET PROCÉDÉS DE MODIFICATION GÉNOMIQUE DIRIGÉE,"61/945,70027.02.2014US","CA3194412

US6447065

GB2364906

DE000010127370

EP3110945

US20170166912

CN106232803

ES2898460

EP3971283

CA2940217

US20220135991

US20230212596

US20240209385",PCT/US2015/018104,27.02.2015,27.02.2015,World Intellectual Property Organization,38.66369922,-90.57639294,Remington,Indiana,United States,"Corn, Tomato, Soybeans",,False,,,True,Gene Editing Systems Development
WO2021195630,PCT/US2021/024697,,,,,"Rutgers, The State University Of New Jersey",(EN) GENE-EDITED BASIL PLANTS RESISTANT TO DOWNY MILDEW(FR) PLANTS DE BASILIC GÉNÉTIQUEMENT MODIFIÉS RÉSISTANTS AU MILDIOU,"63/000,58627.03.2020US",US20230210073,PCT/US2021/024697,29.03.2021,29.03.2021,World Intellectual Property Organization,40.5017645,-74.4479342,New Brunswick,New Jersey,United States,Basil,,False,,,True,Disease Resistance
CN328998432,202110154123,China,2021-02-04,112980878.0,2023-03-31,"Lanzhou Veterinary Research Institute, Chinese Academy Of Agriculture Sciences",(EN) HDAC8 gene knockout BHK-21 cell line as well as construction method and application thereof(ZH) HDAC8基因敲除的BHK-21细胞系及其构建方法和应用,,,,,,,36.082643,103.853777,Lan Zhou Shi,Gan Su Sheng,China,Crop plants,785.0,True,2021.0,2023.0,False,Other Purpose
CN324362172,202110227210,China,2021-03-02,,,Fujian Agriculture And Forestry University,(EN) Pseudosciaena crocea CRISPR/Cas9 gene editing method(ZH) 一种大黄鱼CRISPR/Cas9基因编辑方法,,,,,,,26.084946,119.239701,Fu Zhou Shi,Fu Jian Sheng,China,Crop plants,,False,2021.0,,False,Gene Editing Systems Development
CN251344015,201910510390,China,2019-06-13,,,Fujian Agriculture And Forestry University,(EN) Editing method for CRISPR-Cas9 gene of bees(ZH) 一种蜜蜂CRISPR-Cas9基因编辑方法,,,,,,,26.084946,119.239701,Fu Zhou Shi,Fu Jian Sheng,China,Other plants,,False,2019.0,,False,Gene Editing Systems Development
SG361459169,11202204171Q,Singapore,2020-11-05,,,Pairwise Plants Services Inc,(EN) COMPOSITIONS AND METHODS FOR RNA-ENCODED DNA-REPLACEMENT OF ALLELES,"62/930,836 05.11.2019 US","WO/2021/092130

JP2023505600

EP4054621

BR112022008415

CN114901302

KR1020220110748

CA3160186

AU2020380319

US20210130835

NZ787446

IL292434

BR112022008415This application is not viewable in PATENTSCOPE because the national phase entry has not been published yet or the national entry is issued from a country that does not share data with WIPO or there is a formatting issue or an unavailability of the application.

CL2022001145

MX2022005328

US20240158804

US20240167045",,,05.11.2020,Singapore,35.9900355,-78.8898264,Durham,North Carolina,United States,Crop plants,,False,2020.0,,True,Gene Editing Systems Development
NZ358654272,787446,New Zealand,2022-04-20,,,Pairwise Plants Services Inc,(EN) COMPOSITIONS AND METHODS FOR RNA-ENCODED DNA-REPLACEMENT OF ALLELES,"62/930,836 05.11.2019 US","WO/2021/092130

JP2023505600

EP4054621

BR112022008415

CN114901302

KR1020220110748

CA3160186

SG11202204171Q

AU2020380319

US20210130835

IL292434

BR112022008415This application is not viewable in PATENTSCOPE because the national phase entry has not been published yet or the national entry is issued from a country that does not share data with WIPO or there is a formatting issue or an unavailability of the application.

CL2022001145

MX2022005328

US20240158804

US20240167045",,,20.04.2022,New Zealand,35.9900355,-78.8898264,Durham,North Carolina,United States,Crop plants,,False,2022.0,,True,Gene Editing Systems Development
AU359946182,2020380319,Australia,2020-11-05,,,Pairwise Plants Services Inc,(EN) Compositions and methods for RNA-encoded DNA-replacement of alleles,"62/930,836 05.11.2019 US","WO/2021/092130

JP2023505600

EP4054621

BR112022008415

CN114901302

KR1020220110748

CA3160186

SG11202204171Q

US20210130835

NZ787446

IL292434

BR112022008415This application is not viewable in PATENTSCOPE because the national phase entry has not been published yet or the national entry is issued from a country that does not share data with WIPO or there is a formatting issue or an unavailability of the application.

CL2022001145

MX2022005328

US20240158804

US20240167045",,,05.11.2020,Australia,35.9900355,-78.8898264,Durham,North Carolina,United States,Crop plants,,False,2020.0,,True,Gene Editing Systems Development
CN197213494,201510856814.X,China,2015-11-28,,,Hubei University,(EN) Method for acquiring aromatic rice strain by targeting Badh2 gene via CRISPR/Cas9 gene editing technology,,,,,28.11.2015,China,30.5604645,114.3174596,Wu Han Shi,Hu Bei Sheng,China,Rice,,False,2015.0,,False,Other Genetic Improvement for Crop Traits
CN311241035,202010576529,China,2020-06-22,111849979.0,2022-02-08,"Lanzhou Veterinary Research Institute, Chinese Academy Of Agriculture Sciences",(EN) SgRNA for targeted knockout of RPSA gene and construction method of RPSA gene knockout cell line(ZH) 一种靶向敲除RPSA基因的sgRNA及RPSA基因敲除细胞系的构建方法,,,,,,,36.082643,103.853777,Lan Zhou Shi,Gan Su Sheng,China,Crop plants,596.0,True,2020.0,2022.0,False,Gene Editing Systems Development
CN442639008,202410766641,China,2024-06-14,,,Beijing Academy Of Agriculture And Forestry Sciences,(EN) Chinese cabbage black rot detection method based on CRISPR/Cas12a and related materials and application thereof(ZH) 基于CRISPR/Cas12a的大白菜黑腐病检测方法及其相关材料和应用,,,,,,,39.9438284,116.2870162,,Bei Jing Shi,China,Cabbage,,False,2024.0,,False,Other Purpose
CN412714430,202310004176,China,2023-01-03,,,"Hongchang Bio-Tech (Suzhou) Co., Ltd.鸿昶生物科技（苏州）",(EN) Method for specific knockout of soybean lipoxygenase gene by CRISPR-Cas9 (clustered regularly interspaced short palindromic repeats-associated 9) and application(ZH) 一种CRISPR-Cas9特异性敲除大豆脂肪氧化酶基因的方法及应用,,,,,,,31.086679,120.659264,Su Zhou Shi,Jiang Su Sheng,China,Soybeans,,False,2023.0,,False,Other Genetic Improvement for Crop Traits
CN415888235,202311337583,China,2023-10-17,117088957.0,2024-01-02,"Shandong Yantai Agricultural Sci & Tech Institute (Yantai Branch Of Shandong Academy Of Agricultural Sciences)山东省烟台市农业科学研究院（山东省农业科学院烟台市分院）Yantai Xugeng Agricultural Technology Co., Ltd.",(EN) Application of tomato SlMYB13 protein and coding gene thereof in regulating and controlling salt tolerance and drought tolerance of plants(ZH) 番茄SlMYB13蛋白及其编码基因在调控植物耐盐、耐旱性中的应用,,,,,,,37.4876024,121.2794021,Yantai,Shandong,China,Tomatoes,77.0,True,2023.0,2024.0,False,Drought Adaptation
CN254000567,201910394241,China,2019-05-13,,,Jiangxi Super Paddy Rice Research Development Center (Jiangxi Academy Of Agricultural Sciences Hainan Paddy Rice Breeding Center)江西省超级水稻研究发展中心（江西省农科院海南水稻育种中心）,(EN) High-resolution-ratio dissolution curve detection method for mutation of OsNramp5 gene specific site(ZH) 一种OsNramp5基因特定位点突变的高分辨率溶解曲线检测方法,,,,,,,28.762772,115.832826,Nan Chang Shi,Jiang Xi Sheng,China,Rice,,False,2019.0,,False,Other Genetic Improvement for Crop Traits
WO2023164722,PCT/US2023/063398,,,,,"Pairwise Plants Services, Inc.",(EN) ENGINEERED CRISPR-CAS EFFECTOR PROTEINS AND METHODS OF USE THEREOF(FR) PROTÉINES EFFECTRICES CRISPR-CAS MODIFIÉES ET LEURS PROCÉDÉS D'UTILISATION,"63/314,59828.02.2022US","CA3253290

AU2023226168

CN119173626

EP4486880

NZ814010

CL2024002567",PCT/US2023/063398,28.02.2023,28.02.2023,World Intellectual Property Organization,35.99012121,-78.89092283,,,,Crop plants,,False,,,True,Gene Editing Systems Development
WO2022055144,PCT/KR2021/011059,,,,,주식회사 케이티앤지 Kt&G Corporation,"(EN) TRANSGENIC PLANT HAVING REDUCED HEAVY METAL CONTENT, AND METHOD FOR PRODUCING SAME(FR) PLANTE TRANSGÉNIQUE AYANT UNE TENEUR RÉDUITE EN MÉTAUX LOURDS, ET SON PROCÉDÉ DE PRODUCTION(KO) 중금속 저감된 형질전환 식물체 및 이의 제조방법",10-2020-011489108.09.2020KR,"KR1020220032937

US20240052360",PCT/KR2021/011059,19.08.2021,19.08.2021,World Intellectual Property Organization,36.42809842,127.4369284,,,,Crop plants,,False,,,True,Other Genetic Improvement for Crop Traits
WO2017207589,PCT/EP2017/063067,,,,,,(EN) HYBRID NUCLEIC ACID SEQUENCES FOR GENOME ENGINEERING(FR) SÉQUENCES D’ACIDES NUCLÉIQUES HYBRIDES DESTINÉES À L’INGÉNIERIE GÉNOMIQUE,"62/344,10901.06.2016US","AU2017272623

KR1020190012229

EP3464594

CN109642232

US20190161760

BR112018074494

EA201892810

JP2019517261

CA3025828

UAa201812605This application is not viewable in PATENTSCOPE because the national phase entry has not been published yet or the national entry is issued from a country that does not share data with WIPO or there is a formatting issue or an unavailability of the application.

US20240376486",PCT/EP2017/063067,30.05.2017,30.05.2017,World Intellectual Property Organization,,,,,,Crop plants,,False,,,True,Gene Editing Systems Development
CN350443372,202010726930,China,2020-07-26,113980994.0,2023-12-29,Huazhong Agricultural University,(EN) Method for creating male sterility and maintenance dual-purpose line of cotton through GhAOC4 gene knockout(ZH) GhAOC4基因敲除创造棉花雄性不育和保持两用系的方法,,,,,,,30.475126,114.353035,Wu Han Shi,Hu Bei Sheng,China,Cotton,1251.0,True,2020.0,2023.0,False,Other Genetic Improvement for Crop Traits
CN354927619,202111203405,China,2021-10-15,114134155.0,2023-09-12,"Oil Crop Research Institute Of Chinese Academy Of Agricultural Sciences中国农业科学院油料作物研究所Wuhan Middle Oil Geodesire Seed Industry Co.,",(EN) MLO gene mutant as well as preparation method and application thereof(ZH) 一种MLO基因突变体及其制备方法与应用,2021107259214 29.06.2021 CN,,,,,,30.581532,114.344114,Wu Han Shi,Hu Bei Sheng,China,Canola,697.0,True,2021.0,2023.0,False,Disease Resistance
WO2021201653,PCT/KR2021/004155,,,,,중앙대학교 산학협력단 Chungang University Industry Academic Cooperation Foundation,(EN) GENOME EDITING METHOD BASED ON CRISPR/CAS9 SYSTEM AND USE THEREOF(FR) PROCÉDÉ D'ÉDITION GÉNOMIQUE BASÉ SUR UN SYSTÈME CRISPR/CPF1 ET SON UTILISATION(KO) CRISPR/CAS9 시스템을 기반으로 한 유전체 편집 방법 및 이의 용도,10-2020-004035202.04.2020KR,"KR1020210123237

US20240384303

KR1020250033178",PCT/KR2021/004155,02.04.2021,02.04.2021,World Intellectual Property Organization,37.5045563,126.9569379,,Seoul,South Korea,Crop plants,,False,,,True,Gene Editing Systems Development
CN290161094,201911079334,China,2019-11-07,,,Nanjing Agricultural University,(EN) Gene editing method for converting rice pericarp color based on CRISPR/Cas9 and application thereof(ZH) 一种基于CRISPR/Cas9转变水稻果皮色的基因编辑方法及其应用,,,,,,,32.033399,118.842587,Nan Jing Shi,Jiang Su Sheng,China,Rice,,False,2019.0,,False,Other Genetic Improvement for Crop Traits
CN336727881,202110770783,China,2021-07-07,113388635.0,2022-08-19,Jingchu University Of Technology,(EN) Plant double-target CRISPR/Cas9 vector as well as construction method and application thereof(ZH) 一种植物双靶点CRISPR/Cas9载体及其构建方法和应用,,,,,,,31.04339,112.199108,Jing Men Shi,Hu Bei Sheng,China,Crop plants,408.0,True,2021.0,2022.0,False,Gene Editing Systems Development
CN317680403,202011140709,China,2020-10-22,112280799.0,2023-02-17,"Rubber Research Institute, Chinese Academy Of Tropical Agricultural Sciences中国热带农业科学院橡胶研究所Beijing Linglong Pugongying Technology Development Co., Ltd.北京玲珑蒲公英科技发展有限公司Beijing University Of Chemical Technology",(EN) Method for site-specific mutagenesis of taraxacum kok-saghyz or dandelion genes by using CRISPR/Cas9 system(ZH) 利用CRISPR/Cas9系统对橡胶草或蒲公英基因定点突变的方法,,,,,,,39.961638,116.325058,,Beijing,China,"Dandelion, Taraxacum kok-saghyz",848.0,True,2020.0,2023.0,False,Gene Editing Systems Development
CN240358365,201811493466,China,2018-12-07,109504704.0,2022-07-12,South China Agricultural University,(EN) Method for enhancing RNA (Ribonucleic Acid) virus infection defending performance of monocotyledon plants(ZH) 一种增强单子叶植物抵御RNA病毒侵染的方法,,,,,,,23.1568182,113.3536811,Guang Zhou Shi,Guang Dong Sheng,China,Rice,1313.0,True,2018.0,2022.0,False,Disease Resistance
WO2024191228,PCT/KR2024/003313,,,,,주식회사 바이오앱 Bioapplications Inc.,"(EN) TRANSGENIC PLANT PRODUCING GLYCOPROTEINS HAVING PLANT-SPECIFIC N-GLYCANS REMOVED THEREFROM, AND METHOD FOR PRODUCING SAME(FR) PLANTE TRANSGÉNIQUE PRÉSENTANT DES GLYCOPROTÉINES DONT LES N-GLYCANES SPÉCIFIQUES DE LA PLANTE ONT ÉTÉ RETIRÉS, ET SON PROCÉDÉ DE PRODUCTION(KO) 식물 특이적 N-글리칸이 제거된 당단백질을 생산하는 형질전환 식물체 및 이의 제조방법",10-2023-003421615.03.2023KR,KR1020240141142,PCT/KR2024/003313,15.03.2024,15.03.2024,World Intellectual Property Organization,37.5760784,127.1935135,Hanam-si,Gyeonggi-do,South Korea,Crop plants,,False,,,True,Other Genetic Improvement for Crop Traits
CN325821131,202110208742,China,2021-02-24,112831518.0,2022-04-08,Zhejiang University,(EN) Application of rice OsRPS6A gene or OsRPS6B gene in improving drought resistance of rice(ZH) 水稻OsRPS6A基因或OsRPS6B基因在提高水稻抗旱性中的应用,,,,,,,30.3086844,120.0864995,Hang Zhou Shi,Zhe Jiang Sheng,China,Rice,408.0,True,2021.0,2022.0,False,Drought Adaptation
WO2019219046,PCT/CN2019/087139,,,,,华中农业大学 Huazhong Agricultural University,"(EN) METHOD FOR RAPIDLY AND EFFICIENTLY OBTAINING NON-TRANSGENIC, GENE-TARGETED MUTATED PLANT AND USE THEREOF(FR) PROCÉDÉ D'OBTENTION RAPIDE ET EFFICACE D'UNE PLANTE MUTÉE NON TRANSGÉNIQUE, À GÈNE CIBLÉ PAR LA MUTATION, ET SON UTILISATION(ZH) 一种快速高效获得非转基因的定向基因突变植物的方法和应用",201810464473.516.05.2018CN,"CN109593776

US20200216853",PCT/CN2019/087139,16.05.2019,16.05.2019,World Intellectual Property Organization,30.475126,114.353035,Wu Han Shi,Hu Bei Sheng,China,Crop plants,,False,,,True,Gene Editing Systems Development
CN328292130,202110202177.X,China,2021-02-23,112941077.0,2021-09-07,Northeast Forestry University,(EN) CRISPR/Cas9 system for targeted knockout of GLK gene and application of CRISPR/Cas9 system(ZH) 靶向敲除GLK基因的CRISPR/Cas9系统及其应用,,,,,23.02.2021,China,45.7240008,126.6403002,Ha Er Bin Shi,Hei Long Jiang Sheng,China,Other plants,196.0,True,2021.0,2021.0,False,Gene Editing Systems Development
CN277624484,201910842932,China,2019-09-06,110452914.0,2021-07-02,Nanjing Agricultural University,(EN) Gene BnC04BIN2-like1 for adjusting and controlling signal transduction of brassinolide and application of gene BnC04BIN2-like1(ZH) 一个调控油菜素内酯信号转导的基因BnC04BIN2-like1及其应用,,,,,,,32.033399,118.842587,Nan Jing Shi,Jiang Su Sheng,China,Canola,665.0,True,2019.0,2021.0,False,Yield Improvement
CN279776285,201910886881,China,2019-09-19,110564765.0,2021-06-01,"Lanzhou Veterinary Research Institute, Chinese Academy Of Agriculture Sciences",,,,,,,,36.082643,103.853777,Lan Zhou Shi,Gan Su Sheng,China,Other plants,621.0,True,2019.0,2021.0,False,Gene Editing Systems Development
CN283211700,201910936056,China,2019-09-29,110724703.0,2021-08-20,"Beijing Academy Of Agriculture And Forestry Sciences北京市农林科学院Institute Of Genetics And Developmental Biology, Chinese Academy Of Sciences",(EN) Creation method of short style tomato(ZH) 一种短花柱番茄的创制方法,,,,,,,40.0051991,116.3813791,,Beijing,China,Tomatoes,691.0,True,2019.0,2021.0,False,Other Genetic Improvement for Crop Traits
CN312695557,202010812846,China,2020-08-13,,,"Yuan Longping High-Tech Agriculture Co., Ltd.袁隆平农业高科技股份有限公司Hunan Yahua Academy Of Seed Sciences湖南亚华种业科学研究院Hunan Longping Hi-Tech Seed Science And Technology Institute Co., Ltd.",(EN) Method for improving rice blast resistance of rice(ZH) 一种提高水稻稻瘟病抗性的方法,,,,,,,28.21084,113.00779,Chang Sha Shi,Hu Nan Sheng,China,Rice,,False,2020.0,,False,Disease Resistance
CN426772813,202311798322,China,2023-12-25,,,Shenzhen Bgi Agriculture Application Research Institute,(EN) Method for producing GHR-KO mini-pigs by introducing specific mRNA in fertilized egg stage(ZH) 一种在受精卵期导入特异mRNA制作GHR-KO微型猪的方法,,,,,,,22.590798,114.264499,Shen Zhen Shi,Guang Dong Sheng,China,Crop plants,,False,2023.0,,False,Other Genetic Improvement for Crop Traits
CN374082028,202210748558,China,2022-06-29,114989273.0,2023-07-28,South China Agricultural University,(EN) Gene PlMYB1R and application thereof in preventing and treating peronophythora litchii(ZH) 基因PlMYB1R及其在防治荔枝霜疫霉病中的应用,,,,,,,23.1568182,113.3536811,Guang Zhou Shi,Guang Dong Sheng,China,Lychee,394.0,True,2022.0,2023.0,False,Disease Resistance
CN393817225,202111037190,China,2021-09-06,,,Wuhan University,(EN) Method for creating novel two-line rice sterile line based on gene editing technology(ZH) 一种基于基因编辑技术创制水稻新型两系不育系的方法,,,,,,,30.5360485,114.3643219,Wu Han Shi,Hu Bei Sheng,China,Rice,,False,2021.0,,False,Other Genetic Improvement for Crop Traits
KR412483154,1020220048664,Republic of Korea,2022-04-20,,,경상국립대학교산학협력단Industry-Academic Cooperation Foundation Gyeongsang National University,(EN) RECOMBINANT VECTOR FOR TESTING ACTIVITY OF GUIDE RNA FOR CRISPR-BASED BASE EDITING AND USES THEREOF(KO) 크리스퍼 기반 염기 교정용 가이드 RNA의 활성 검정용 재조합 벡터 및 이의 용도,,,,,20.04.2022,South Korea,35.1530444,128.1010899,Jinju-si,Gyeongsangnam-do,South Korea,Crop plants,,False,2022.0,,False,Gene Editing Systems Development
EP222932993,17206792,European Patent Office,2013-10-23,,,Toolgen Inc,"(DE) ZUSAMMENSETZUNG ZUR SPALTUNG EINER ZIEL-DNA MIT EINER FÜR DIE ZIEL-DNA SPEZIFISCHEN LEIT-DNA UND FÜR CAS- PROTEIN CODIERENDE NUKLEINSÄURE ODER CAS-PROTEIN SOWIE VERWENDUNG DAVON(EN) COMPOSITION FOR CLEAVING A TARGET DNA COMPRISING A GUIDE RNA SPECIFIC FOR THE TARGET DNA AND CAS PROTEIN-ENCODING NUCLEIC ACID OR CAS PROTEIN, AND USE THEREOF(FR) COMPOSITION POUR LE CLIVAGE D'UN ADN CIBLE COMPRENANT UN ARN GUIDE SPÉCIFIQUE DE L'ADN CIBLE ET UN ACIDE NUCLÉIQUE CODANT POUR LA PROTÉINE CAS OU LA PROTÉINE CAS, ET LEUR UTILISATION",13849670 23.10.2013 EP201261717324 23.10.2012 US201361803599 20.03.2013 US201361837481 20.06.2013 US,,,,23.10.2013,European Patent Office,37.56913433,126.8291021,,,,Crop plants,,False,2013.0,,False,Gene Editing Systems Development
CN364594804,202210160515,China,2022-02-22,114540368.0,2024-03-08,Limited Responsibility Company Of Yunnan Chinese Tobacco Industry,(EN) Application and method of tobacco amino acid transporter related gene NtLHT1(ZH) 一种烟草氨基酸转运蛋白相关基因NtLHT1的应用及方法,,,,,,,25.0727148,102.7550882,Kun Ming Shi,Yun Nan Sheng,China,Tobacco,745.0,True,2022.0,2024.0,False,Yield Improvement
CN431084345,202410532554.X,China,2024-04-30,,,Qingdao Agricultural University,(EN) Evaluation method for gRNA target gene editing efficiency(ZH) 一种gRNA靶点基因编辑效率评价方法,,,,,30.04.2024,China,36.321259,120.39659,Qingdao,Shandong,China,Crop plants,,False,2024.0,,False,Gene Editing Systems Development
CN214219229,201710698187,China,2017-08-15,,,Southwest University,(EN) Establishment method of CRISPR/Cas9 technology-mediated miR167 precursor sequence editing system(ZH) CRISPR/Cas9技术介导miR167前体序列编辑体系的建立方法,,,,,,,29.8195959,106.4266239,,Chong Qing Shi,China,Crop plants,,False,2017.0,,False,Gene Editing Systems Development
NZ393027614,797276,New Zealand,2023-02-15,,,Pairwise Plants Services Inc,(EN) ENGINEERED CRISPR-CAS PROTEINS AND METHODS OF USE THEREOF,"63/071,734 28.08.2020 US","WO/2022/047135

AU2021331344

CA3192195

KR1020230058090

EP4204436

JP2023539668

CN116745415

IL300823

MX2023002160

CL2023000554

BR112023003573This application is not viewable in PATENTSCOPE because the national phase entry has not been published yet or the national entry is issued from a country that does not share data with WIPO or there is a formatting issue or an unavailability of the application.

IN202347022446This application is not viewable in PATENTSCOPE because the national phase entry has not been published yet or the national entry is issued from a country that does not share data with WIPO or there is a formatting issue or an unavailability of the application.

SG11202301230XThis application is not viewable in PATENTSCOPE because the national phase entry has not been published yet or the national entry is issued from a country that does not share data with WIPO or there is a formatting issue or an unavailability of the application.",,,15.02.2023,New Zealand,35.9900355,-78.8898264,Durham,North Carolina,United States,Crop plants,,False,2023.0,,True,Gene Editing Systems Development
AU393409162,2021331344,Australia,2021-08-27,,,Pairwise Plants Services Inc,(EN) Engineered crispr-cas proteins and methods of use thereof,"63/071,734 28.08.2020 US","WO/2022/047135

CA3192195

KR1020230058090

EP4204436

JP2023539668

CN116745415

NZ797276

IL300823

MX2023002160

CL2023000554

BR112023003573This application is not viewable in PATENTSCOPE because the national phase entry has not been published yet or the national entry is issued from a country that does not share data with WIPO or there is a formatting issue or an unavailability of the application.

IN202347022446This application is not viewable in PATENTSCOPE because the national phase entry has not been published yet or the national entry is issued from a country that does not share data with WIPO or there is a formatting issue or an unavailability of the application.

SG11202301230XThis application is not viewable in PATENTSCOPE because the national phase entry has not been published yet or the national entry is issued from a country that does not share data with WIPO or there is a formatting issue or an unavailability of the application.",,,27.08.2021,Australia,35.9900355,-78.8898264,Durham,North Carolina,United States,Crop plants,,False,2021.0,,True,Gene Editing Systems Development
MX422874822,2023002160,Mexico,2023-02-21,,,Pairwise Plants Services Inc,(EN) ENGINEERED CRISPR-CAS PROTEINS AND METHODS OF USE THEREOF.(ES) PROTEINAS DISE?ADAS Y METODOS DE USO DE LAS MISMAS.,"63/071,734 28.08.2020 US","WO/2022/047135

AU2021331344

CA3192195

KR1020230058090

EP4204436

JP2023539668

CN116745415

NZ797276

IL300823

CL2023000554

BR112023003573This application is not viewable in PATENTSCOPE because the national phase entry has not been published yet or the national entry is issued from a country that does not share data with WIPO or there is a formatting issue or an unavailability of the application.

IN202347022446This application is not viewable in PATENTSCOPE because the national phase entry has not been published yet or the national entry is issued from a country that does not share data with WIPO or there is a formatting issue or an unavailability of the application.

SG11202301230XThis application is not viewable in PATENTSCOPE because the national phase entry has not been published yet or the national entry is issued from a country that does not share data with WIPO or there is a formatting issue or an unavailability of the application.",,,21.02.2023,Mexico,35.9900355,-78.8898264,Durham,North Carolina,United States,Crop plants,,False,2023.0,,True,Gene Editing Systems Development
US198634555,15120110,United States of America,2015-02-27,11186843.0,2021-11-30,Monsanto Technology Llc,(EN) Compositions and methods for site directed genomic modification,,"CA3194412

US6447065

GB2364906

DE000010127370

EP3110945

CN106232803

WO/2015/131101

ES2898460

EP3971283

CA2940217

US20220135991

US20230212596

US20240209385",,,27.02.2015,United States,38.66369922,-90.57639294,,,,"Corn, Tomato, Soybeans",2468.0,True,2015.0,2021.0,True,Gene Editing Systems Development
CN205965235,201580016648,China,2015-02-27,,,Monsanto Technology Llc,(EN) Compositions and methods for site directed genomic modification,"61/945,700 27.02.2014 US","CA3194412

US6447065

GB2364906

DE000010127370

EP3110945

US20170166912

WO/2015/131101

ES2898460

EP3971283

CA2940217

US20220135991

US20230212596

US20240209385",,,,,38.66369922,-90.57639294,,,,"Corn, Tomato, Soybeans",,False,2015.0,,True,Gene Editing Systems Development
US359921904,17503235,United States of America,2021-10-15,11566254.0,2023-01-31,Monsanto Technology Llc,(EN) Compositions and methods for site directed genomic modification,,"CA3194412

US6447065

GB2364906

DE000010127370

EP3110945

US20170166912

CN106232803

WO/2015/131101

ES2898460

EP3971283

CA2940217

US20230212596

US20240209385",,,15.10.2021,United States,38.66369922,-90.57639294,,,,"Corn, Tomato, Soybeans",473.0,True,2021.0,2023.0,True,Gene Editing Systems Development
CA394495338,3194412,Canada,,,,Monsanto Technology Llc,(EN) COMPOSITIONS AND METHODS FOR SITE DIRECTED GENOMIC MODIFICATION(FR) COMPOSITIONS ET PROCEDES DE MODIFICATION GENOMIQUE DIRIGEE,"61/945,700 27.02.2014 US","US6447065

GB2364906

DE000010127370

EP3110945

US20170166912

CN106232803

WO/2015/131101

ES2898460

EP3971283

CA2940217

US20220135991

US20230212596

US20240209385",,,,Canada,38.66369922,-90.57639294,,,,"Corn, Tomato, Soybeans",,False,,,True,Gene Editing Systems Development
US400932313,18146434,United States of America,2022-12-26,11952578.0,2024-04-09,Monsanto Technology Llc,(EN) Compositions and methods for site directed genomic modification,,"CA3194412

US6447065

GB2364906

DE000010127370

EP3110945

US20170166912

CN106232803

WO/2015/131101

ES2898460

EP3971283

CA2940217

US20220135991

US20240209385",,,26.12.2022,United States,38.66369922,-90.57639294,,,,"Corn, Tomato, Soybeans",470.0,True,2022.0,2024.0,True,Gene Editing Systems Development
US432027940,18596328,United States of America,2024-03-05,,,Monsanto Technology Llc,(EN) COMPOSITIONS AND METHODS FOR SITE DIRECTED GENOMIC MODIFICATION,,"CA3194412

US6447065

GB2364906

DE000010127370

EP3110945

US20170166912

CN106232803

WO/2015/131101

ES2898460

EP3971283

CA2940217

US20220135991

US20230212596",,,05.03.2024,United States,38.66369922,-90.57639294,,,,"Corn, Tomato, Soybeans",,False,2024.0,,True,Gene Editing Systems Development
EP355381128,21189033,European Patent Office,2015-02-27,,,Monsanto Technology Llc,(DE) ZUSAMMENSETZUNGEN UND VERFAHREN ZUR STELLENGERICHTETEN GENOMMODIFIKATION(EN) COMPOSITIONS AND METHODS FOR SITE DIRECTED GENOMIC MODIFICATION(FR) COMPOSITIONS ET PROCÉDÉS DE MODIFICATION GÉNOMIQUE DIRIGÉE,15755923 27.02.2015 EP201461945700 27.02.2014 US2015018104 27.02.2015 US,"CA3194412

US6447065

GB2364906

DE000010127370

EP3110945

US20170166912

CN106232803

WO/2015/131101

ES2898460

CA2940217

US20220135991

US20230212596

US20240209385",,,27.02.2015,European Patent Office,38.66369922,-90.57639294,,,,"Corn, Tomato, Soybeans",,False,2015.0,,True,Gene Editing Systems Development
CN439687199,202410971243,China,2024-07-19,,,Nanjing Agricultural University,(EN) Rice PD1 gene and application thereof in improving abiotic stress resistance of plants(ZH) 水稻PD1基因及其在提高植物抗非生物胁迫中的用途,,,,,,,32.033399,118.842587,Nan Jing Shi,Jiang Su Sheng,China,Rice,,False,2024.0,,False,Cold Tolerance
CN392029549,202110808845,China,2021-07-16,,,Henan Agricultural University,(EN) Rice OsRGE3 gene as well as encoding protein and application thereof(ZH) 水稻OsRGE3基因及其编码蛋白与应用,,,,,,,34.7854718,113.6632032,Zheng Zhou Shi,He Nan Sheng,China,Rice,,False,2021.0,,False,Drought Adaptation
CN418381583,202311128408,China,2023-09-04,117247964.0,2024-05-28,Nanjing Agricultural University,(EN) Application of E3 ubiquitin ligase gene GmPUB20 capable of regulating soybean mosaic virus resistance(ZH) 一个能够调控大豆花叶病毒抗性的E3泛素连接酶基因GmPUB20的应用,,,,,,,32.033399,118.842587,Nan Jing Shi,Jiang Su Sheng,China,Soybeans,267.0,True,2023.0,2024.0,False,Disease Resistance
CN367894264,202011493037,China,2020-12-17,114645053.0,2023-04-07,Chinese Agricultural University,(EN) Application of ZmWRKY70 protein and coding gene thereof in plant drought resistance(ZH) ZmWRKY70蛋白及其编码基因在植物抗旱中的应用,,,,,,,40.004202,116.352988,,Bei Jing Shi,China,Crop plants,841.0,True,2020.0,2023.0,False,Drought Adaptation
CN429515739,202410265784,China,2024-03-08,,,Nanjing Forestry University,"(EN) Detection target, detection method and application of pine ulcer pathogenic bacteria(ZH) 松树脂溃疡病原菌检测靶标、检测方法及应用",,,,,,,32.080904,118.812736,Nan Jing Shi,,China,Pine,,False,2024.0,,False,Other Purpose
CN357086318,202111446875,China,2021-11-30,114231664.0,2023-07-28,South China Agriculture University,(EN) Detection kit and detection method for nervous necrosis virus RGNNV of epinephelus akaara(ZH) 一种赤点斑石斑鱼神经坏死病毒RGNNV检测试剂盒及检测方法,,,,,,,23.1568182,113.3536811,Guang Zhou Shi,Guang Dong Sheng,China,Other plants,605.0,True,2021.0,2023.0,False,Other Purpose
CN350463911,202111391727,China,2021-11-19,113980979.0,2024-02-09,Yunnan Academy Of Tobacco Agriculture Science,(EN) NtLHY1 gene capable of regulating and controlling potassium content of tobacco leaves and application of NtLHY1 gene(ZH) 一种可调控烟叶钾含量的NtLHY1基因及其应用,,,,,,,24.328809,102.5306212,Yu Xi Shi,Yun Nan Sheng,China,Tobacco,812.0,True,2021.0,2024.0,False,Other Genetic Improvement for Crop Traits
CN393824497,202211498755.X,China,2022-11-28,115747249.0,2024-07-16,Hunan University,(EN) Application of tobacco NtabCrRLK12 gene in removing continuous cropping obstacle of tobacco(ZH) 烟草NtabCrRLK12基因在解除烟草连作障碍中的应用,,,,,28.11.2022,China,28.178915,112.94395,Chang Sha Shi,Hu Nan Sheng,China,"Tobacco, Rice",596.0,True,2022.0,2024.0,False,Other Genetic Improvement for Crop Traits
EP241455983,17739336,European Patent Office,2017-06-20,,,Keygene Nv,(DE) VERFAHREN ZUR GEZIELTEN DNA-VERÄNDERUNG IN PFLANZENZELLEN(EN) METHOD FOR TARGETED DNA ALTERATION IN PLANT CELLS(FR) PROCÉDÉ DE MODIFICATION CIBLÉE DE L'ADN DANS DES CELLULES VÉGÉTALES,2016998 20.06.2016 NL,"AU2017282623

CA3027869

KR1020190020035

WO/2017/222370

JP2019517805

US20190367933

DK3472325

FIEP3472325

ES2981548

IL263595",,,20.06.2017,European Patent Office,51.9763484,5.6461028,Wageningen,Gelderland,Netherlands,Crop plants,,False,2017.0,,True,Gene Editing Systems Development
WO2017222370,PCT/NL2017/050408,,,,,Keygene N.V.,(EN) METHOD FOR TARGETED DNA ALTERATION IN PLANT CELLS(FR) PROCÉDÉ DE MODIFICATION CIBLÉE DE L'ADN DANS DES CELLULES VÉGÉTALES,201699820.06.2016NL,"AU2017282623

CA3027869

KR1020190020035

EP3472325

JP2019517805

US20190367933

DK3472325

FIEP3472325

ES2981548

IL263595",PCT/NL2017/050408,20.06.2017,20.06.2017,World Intellectual Property Organization,51.9763484,5.6461028,Wageningen,Gelderland,Netherlands,Crop plants,,False,,,True,Gene Editing Systems Development
CA235450285,3027869,Canada,2017-06-20,,,Keygene N.V.,(EN) METHOD FOR TARGETED DNA ALTERATION IN PLANT CELLS(FR) PROCEDE DE MODIFICATION CIBLEE DE L'ADN DANS DES CELLULES VEGETALES,2016998 20.06.2016 NL,,,,20.06.2017,Canada,51.9763484,5.6461028,Wageningen,Gelderland,Netherlands,Crop plants,,False,2017.0,,False,Gene Editing Systems Development
CN429533669,202410264537,China,2024-03-08,,,Huazhong Agricultural University,(EN) CRISPR/Cas9 gene editing vector for increasing soybean yield as well as preparation method and application of CRISPR/Cas9 gene editing vector(ZH) 一种用于提高大豆产量的CRISPR/Cas9基因编辑载体及其制备方法和应用,,,,,,,30.475126,114.353035,Wu Han Shi,Hu Bei Sheng,China,Soybeans,,False,2024.0,,False,Yield Improvement
CN405765800,202310514396,China,2022-03-03,,,Jilin Academy Of Agricultural Sciences,"(EN) CasF2 protein, CRISPR/Cas gene editing system and application of CRISPR/Cas gene editing system in plant gene editing(ZH) CasF2蛋白、CRISPR/Cas基因编辑系统及其在植物基因编辑中的应用",,,,,,,43.957582,126.4698059,Jilin City,Jilin,China,Crop plants,,False,2022.0,,False,Gene Editing Systems Development
KR414660234,1020230055740,Republic of Korea,2023-04-27,,,중앙대학교 산학협력단Chung Ang University Industry Academic Cooperation Foundation,(EN) METHOD FOR EDITING SINGLE NUCLEOTIDE GENOME AND USES THEREOF USING CRISPR-CAS12F1 SYSTEM(KO) CRISPR-Cas12f1 시스템을 이용한 유전체의 단일 뉴클레오타이드 편집 방법 및 이의 용도,1020220051983 27.04.2022 KR,,,,27.04.2023,South Korea,37.5045563,126.9569379,,Seoul,South Korea,Crop plants,,False,2023.0,,False,Gene Editing Systems Development
KR339293335,1020210043583,Republic of Korea,2021-04-02,102772570.0,2025-02-27,,(EN) METHOD FOR EDITING GENOME BASED ON CRISPR/Cas9 SYSTEM AND USE THEREOF(KO) CRISPR/Cas9 시스템을 기반으로 한 유전체 편집 방법 및 이의 용도,1020200040352 02.04.2020 KR,"WO/2021/201653

US20240384303

KR1020250033178",,,02.04.2021,South Korea,,,,,,Crop plants,1427.0,True,2021.0,2025.0,True,Gene Editing Systems Development
CN202665762,102016001043674,China,2016-11-24,,,"Lanzhou Veterinary Research Institute, Chinese Academy Of Agriculture Sciences",(EN) GRA17 gene deleted toxoplasma gondii attenuative mutant strain and preparation method thereof(ZH) 一株GRA17基因缺失的弓形虫弱毒虫突变株及其制备方法,,,,,24.11.2016,China,36.082643,103.853777,Lan Zhou Shi,Gan Su Sheng,China,Crop plants,,False,2016.0,,False,Disease Resistance
CN290166889,201911181698,China,2019-11-27,,,Yunnan Institute Of Tobacco Agriculture Science,,,,,,,,24.3492058,102.5505331,Yu Xi Shi,Yun Nan Sheng,China,Tobacco,,False,2019.0,,False,Drought Adaptation
CN318123667,201910720572.X,China,2019-08-06,,,"Lanzhou Veterinary Research Institute, Chinese Academy Of Agriculture Sciences",(EN) Construction method and application of sting knockout porcine cells(ZH) sting敲除猪源细胞的构建方法及应用,,,,,06.08.2019,China,36.082643,103.853777,Lan Zhou Shi,Gan Su Sheng,China,Crop plants,,False,2019.0,,False,Other Purpose
CN426833847,202311794062.X,China,2023-12-25,,,Shenzhen Agricultural Genome Institute Of Chinese Academy Of Agricultural Sciences (Lingnan Modern Agriculture Science And Technology Guangdong Province Shenzhen Branch Center)中国农业科学院深圳农业基因组研究所（岭南现代农业科学与技术广东省实验室深圳分中心）,(EN) Application of STG5 gene in regulating and controlling salt tolerance of rice(ZH) STG5基因在调控水稻耐盐性中的应用,,,,,25.12.2023,China,22.59688,114.50409,Shen Zhen Shi,Guang Dong Sheng,China,Rice,,False,2023.0,,False,Other Genetic Improvement for Crop Traits
CN339135117,202110717348,China,2021-06-28,,,Zhengzhou University,(EN) Gene editing method mediated by delivering splited-Sacas9 and sgRNA by using BSMV(ZH) BSMV投送splited-Sacas9和sgRNA介导的基因编辑方法,,,,,,,34.808071,113.53581,Zheng Zhou Shi,He Nan Sheng,China,Crop plants,,False,2021.0,,False,Gene Editing Systems Development
CN405914135,202310492142,China,2023-05-05,,,Jilin Academy Of Agricultural Sciences,(EN) Plant gene repair and insertion vector based on combination of CRISPR/Cas9 and BeYDV and construction method(ZH) 基于CRISPR/Cas9与BeYDV结合的植物基因修复和插入的载体和构建方法,,,,,,,43.957582,126.4698059,Jilin City,Jilin,China,Crop plants,,False,2023.0,,False,Gene Editing Systems Development
CN360732605,202210160577,China,2022-02-22,114426973.0,2023-10-24,Limited Responsibility Company Of Yunnan Chinese Tobacco Industry,(EN) Tobacco transport protein related gene NtImpalpha 4 and application thereof(ZH) 一种烟草输导蛋白相关基因NtImpα4及其应用,,,,,,,25.0727148,102.7550882,Kun Ming Shi,Yun Nan Sheng,China,Tobacco,609.0,True,2022.0,2023.0,False,Other Genetic Improvement for Crop Traits
CN323191613,202110272905,China,2021-03-12,112680461.0,2021-06-22,"Beijing Shou Jia Li Hua Sci-Tech Co., Ltd.北京首佳利华科技有限公司Xinyang Shoujia Lihua Agriculture Technology Co., Ltd.",(EN) Male sterility gene ZmPHD11 and application thereof in creating corn male sterility line(ZH) 雄性不育基因ZmPHD11及其在创制玉米雄性不育系中的应用,,,,,,,40.03936245,116.395886,,,,Corn/Maize,102.0,True,2021.0,2021.0,False,Other Genetic Improvement for Crop Traits
CN393746044,202211375094,China,2022-11-04,115725724.0,2023-09-05,"Lanzhou Veterinary Research Institute, Chinese Academy Of Agriculture Sciences",(EN) Application of POP gene or protein as target spot in screening drugs for inhibiting virus replication of small RNA viridae(ZH) POP基因或蛋白为靶点在筛选抑制小RNA病毒科病毒复制药物中的应用,,,,,,,36.082643,103.853777,Lan Zhou Shi,Gan Su Sheng,China,Crop plants,305.0,True,2022.0,2023.0,False,Disease Resistance
CN401630741,202310323610,China,2023-03-29,,,"Lanzhou Veterinary Research Institute, Chinese Academy Of Agriculture Sciences中国农业科学院兰州兽医研究所Lanzhou University",(EN) BHK-21 cell line for promoting virus replication of small RNA viridae as well as construction method and application of BHK-21 cell line(ZH) 一种促进小RNA病毒科病毒复制的BHK-21细胞系、构建方法及应用,,,,,,,36.082643,103.853777,Lan Zhou Shi,Gan Su Sheng,China,Crop plants,,False,2023.0,,False,Other Purpose
CN396205490,202310019983,China,2023-01-06,115948466.0,2023-11-14,"Lanzhou Veterinary Research Institute, Chinese Academy Of Agriculture Sciences",(EN) Construction of Tollip knockout cell line and application of Tollip knockout cell line as small RNA viridae virus vaccine production cell line(ZH) Tollip敲除细胞系的构建及作为小RNA病毒科病毒疫苗生产细胞系的应用,,,,,,,36.082643,103.853777,Lan Zhou Shi,Gan Su Sheng,China,Crop plants,312.0,True,2023.0,2023.0,False,Disease Resistance
CN234311199,201810595722,China,2018-06-11,108841854.0,2021-09-17,Beijing Academy Of Agriculture And Forestry Sciences,(EN) Method for obtaining carrot mutant(ZH) 一种获得胡萝卜突变体的方法,,,,,,,39.9438284,116.2870162,,Bei Jing Shi,China,Carrot,1194.0,True,2018.0,2021.0,False,Other Genetic Improvement for Crop Traits
CN357962544,202111586529,China,2021-12-21,114262708.0,2024-07-02,Northwest Agriculture And Forestry Science And Technology University,(EN) Kit and method for producing FecB gene g.A746G site-directed mutagenesis sheep(ZH) 一种生产FecB基因g.A746G定点突变绵羊的试剂盒及其方法,,,,,,,34.262298,108.073742,Xian Yang Shi,Shan Xi Sheng,China,Other plants,924.0,True,2021.0,2024.0,False,Other Genetic Improvement for Crop Traits
JP380674096,2021085011,Japan,2021-05-20,7636788.0,2025-02-18,Tokyo Univ Of Agriculture,(EN) METHOD FOR SYNTHESIZING LOW-MOLECULAR-WEIGHT COMPOUND BRD0539(JA) 低分子化合物ＢＲＤ０５３９の合成方法,,"Y02P 20/55
					








Y02P 20/55
					






View less classifications",,,20.05.2021,Japan,35.6411275,139.6321403,Setagaya City,Tokyo,Japan,Other plants,1370.0,True,2021.0,2025.0,True,Gene Editing Systems Development
CN339483340,202110884895.X,China,2021-08-03,113493803.0,2022-04-19,China Agricultural University,(EN) Alfalfa CRISPR/Cas9 genome editing system and application thereof(ZH) 紫花苜蓿CRISPR/Cas9基因组编辑系统及其应用,,,,,03.08.2021,China,40.004202,116.352988,,Bei Jing Shi,China,Alfalfa,259.0,True,2021.0,2022.0,False,Gene Editing Systems Development
CN276928135,201910589002,China,2019-07-02,110423768.0,2023-06-13,Hunan Hybrid Rice Research Center,(EN) Method for fixing heterosis of rice in adventitious embryo manner(ZH) 通过不定胚方式固定水稻杂种优势的方法,,,,,,,28.197709,113.083429,Chang Sha Shi,Hu Nan Sheng,China,Rice,1442.0,True,2019.0,2023.0,False,Yield Improvement
CN361389104,202210204370,China,2022-03-03,114438056.0,2023-11-21,Jilin Academy Of Agricultural Sciences,"(EN) CasF2 protein, CRISPR/Cas gene editing system and application of CRISPR/Cas gene editing system in plant gene editing(ZH) CasF2蛋白、CRISPR/Cas基因编辑系统及其在植物基因编辑中的应用",,,,,,,43.957582,126.4698059,Jilin City,Jilin,China,Crop plants,628.0,True,2022.0,2023.0,False,Gene Editing Systems Development
CN425949433,202311665536,China,2023-12-06,,,Huazhong Agricultural University,(EN) Application of BnaSPL4 gene in cultivation of early flowering high-yield transgenic plant(ZH) BnaSPL4基因在培育早花高产转基因植物中的应用,,,,,,,30.475126,114.353035,Wu Han Shi,Hu Bei Sheng,China,Canola,,False,2023.0,,False,Yield Improvement
CN232275078,201810479981,China,2018-05-18,,,Jiangsu Academy Of Agricultural Sciences,(EN) Method of breeding mung bean sterile mutant based on CRISPR/Cas9 gene editing technology and special gRNA(ZH) 基于CRISPR/Cas9基因编辑技术选育绿豆不育突变体的方法及专用gRNA,,,,,,,32.035361,118.869025,Nanjing,Jiangsu,China,Mung bean,,False,2018.0,,False,Other Genetic Improvement for Crop Traits
CN432987246,202410373333,China,2024-03-29,,,Institute Of Tobacco Research Of Caas (Qingzhou Tobacco Research Institute Of China National Tobacco Company)中国农业科学院烟草研究所（中国烟草总公司青州烟草研究所）,(EN) Method for creating tobacco strain with multiple leaves and high biomass(ZH) 一种多叶片数和高生物量的烟草株系的创制方法,,,,,,,36.722894,118.509845,Wei Fang Shi,Shan Dong Sheng,China,Tobacco,,False,2024.0,,False,Yield Improvement
CN323175815,201910989830,China,2019-10-17,112680471.0,2023-08-01,SOUTH CHINA AGRICULTURAL UNIVERSITY,(EN) Application of ZmSPL gene to regulation and control of development of stigma papillary cells of zea mays(ZH) ZmSPL基因在调控玉米柱头乳突细胞发育中的应用,,,,,,,23.15695623,113.354121,,,,Corn/Maize,1384.0,True,2019.0,2023.0,False,Other Genetic Improvement for Crop Traits
CN395771590,202211695139,China,2022-12-28,,,"Wuhan Aidijing Biotechnology Co., Ltd.",(EN) Method for improving soybean pod explosion by gene editing(ZH) 一种利用基因编辑改良大豆炸荚的方法,,,,,,,30.5178064,114.3743796,Wu Han Shi,Hu Bei Sheng,China,Soybeans,,False,2022.0,,False,Yield Improvement
CN203441064,201710269810,China,2017-04-24,107043775.0,2020-06-16,"Biotechnology Research Institute, Caas",(EN) sgRNA for promoting development of cotton lateral root and application thereof(ZH) 一种能促进棉花侧根发育的sgRNA及其应用,,,,,,,39.959662,116.327333,,北京市,China,Cotton,1149.0,True,2017.0,2020.0,False,Yield Improvement
CN205204909,201580064961,China,2015-12-07,107208079.0,2021-06-29,Applied Stemcell Inc,(EN) Site-directed CRISPR/recombinase compositions and methods of integrating transgenes(ZH) 整合转基因的位点定向CRISPR/重组酶组合物和方法,"62/088,440 05.12.2014 US","US20170362611

WO/2016/090385",,,,,37.4058227,-121.9129943,Milpitas,California,United States,Crop plants,2031.0,True,2015.0,2021.0,True,Gene Editing Systems Development
CN207703136,201710599348,China,2017-07-21,107384946.0,2020-07-14,Shanghai Academy Of Agricultural Sciences,(EN) Artificial site-directed mutant of paddy rice starch branching enzyme SBE3 gene and applications thereof(ZH) 水稻淀粉分支酶SBE3基因的人工定点突变体及其应用,,,,,,,31.221401,121.324266,,Shang Hai Shi,China,Rice,1089.0,True,2017.0,2020.0,False,Yield Improvement
US377255349,17727142,United States of America,2022-04-22,,,Chung Ang University Industry Academic Cooperation Foundation,(EN) METHOD FOR SINGLE-BASE GENOME EDITING USING CRISPR/CPF1 SYSTEM AND USES THEREOF,10-2021-0052619 22.04.2021 KR1020220049739 21.04.2022 KR,,,,22.04.2022,United States,37.5045563,126.9569379,,Seoul,South Korea,Crop plants,,False,2022.0,,False,Gene Editing Systems Development
WO2016090385,PCT/US2015/064352,,,,,"Applied Stemcell, Inc.",(EN) SITE-DIRECTED CRISPR/RECOMBINASE COMPOSITIONS AND METHODS OF INTEGRATING TRANSGENES(FR) COMPOSITIONS DE CRISPR/RECOMBINASE DIRIGÉES ET PROCÉDÉS D'INTÉGRATION DE TRANSGÈNES,"62/088,44005.12.2014US","CN107208079

US20170362611",PCT/US2015/064352,07.12.2015,07.12.2015,World Intellectual Property Organization,37.4058227,-121.9129943,Milpitas,California,United States,Crop plants,,False,,,True,Gene Editing Systems Development
RU427855247,2023131563,Russian Federation,2023-12-01,,2024-04-15,,(EN) METHOD FOR DETECTING GBSSI GENE EDITING EVENTS IN CEREALS USING SET OF OLIGONUCLEOTIDE SEQUENCES(RU) СПОСОБ ВЫЯВЛЕНИЯ СОБЫТИЙ РЕДАКТИРОВАНИЯ ГЕНА GBSSI У ЗЕРНОВЫХ КУЛЬТУР С ПОМОЩЬЮ НАБОРА ОЛИГОНУКЛЕОТИДНЫХ ПОСЛЕДОВАТЕЛЬНОСТЕЙ,,,,,01.12.2023,Russia,,,,,,Wheat,136.0,True,2023.0,2024.0,False,Other Genetic Improvement for Crop Traits
CN399746383,202310004218,China,2023-01-03,,,"China Tobacco Yunnan Industrial Co., Ltd.",(EN) Method for obtaining tobacco with changed leaf shape and low nicotine content by knocking out tobacco NtLNP1 gene and application(ZH) 一种敲除烟草NtLNP1基因获得叶形改变且低烟碱含量烟草的方法及应用,,,,,,,26.5895249,106.7159627,Gui Yang Shi,Gui Zhou Sheng,China,Tobacco,,False,2023.0,,False,Other Genetic Improvement for Crop Traits
CN368035421,202011535205,China,2020-12-23,114656539.0,2023-04-18,,(EN) Application of ZmAE1 protein and coding gene thereof in plant drought resistance(ZH) ZmAE1蛋白及其编码基因在植物抗旱中的应用,,,,,,,,,,,,Crop plants,846.0,True,2020.0,2023.0,False,Drought Adaptation
CN366182430,202210208223,China,2022-03-04,114621974.0,2023-11-21,Jiangsu Science And Technology University,(EN) Vector of plant single-gene or multi-gene CRISPR activation technology as well as construction method and application(ZH) 植物单基因或多基因CRISPR激活技术的载体及构建方法、应用,,,,,,,32.197581,119.466296,Zhen Jiang Shi,Jiang Su Sheng,China,Tomatoes,627.0,True,2022.0,2023.0,False,Gene Editing Systems Development
CN410045849,202311019880,China,2023-08-14,,,"China Tobacco Yunnan Industrial Co., Ltd.",(EN) Application of tobacco beta-glucosidase gene NtBGLU17 in regulation and control of tobacco leaf secondary metabolite content(ZH) 一种烟草β-葡葡糖苷酶基因NtBGLU17在调控烟草叶片次生代谢物含量中的应用,,,,,,,26.5895249,106.7159627,Gui Yang Shi,Gui Zhou Sheng,China,Tobacco,,False,2023.0,,False,Other Genetic Improvement for Crop Traits
CN323191612,202110272890,China,2021-03-12,112680460.0,2021-06-22,"University Of Science & Technology Beijing北京科技大学Beijing Zhongzhi Bio-Agriculture International Research Institute北京中智生物农业国际研究院Beijing Shou Jia Li Hua Sci-Tech Co., Ltd.",(EN) Male sterility gene ZmTGA9 and application thereof in creating corn male sterility line(ZH) 雄性不育基因ZmTGA9及其在创制玉米雄性不育系中的应用,,,,,,,39.9483768,116.3088913,,Bei Jing Shi,China,Corn/Maize,102.0,True,2021.0,2021.0,False,Other Genetic Improvement for Crop Traits
CN350463923,202111392074,China,2021-11-19,113980988.0,2023-05-02,Yunnan Academy Of Tobacco Agriculture Science,(EN) NtYpi1 gene capable of regulating and controlling potassium content of tobacco leaves and application of NtYpi1 gene(ZH) 一种可调控烟叶钾含量的NtYpi1基因及其应用,,"C12N 9/16
					






C12Y 301/03016
					






C12N 15/8205
					






C12Q 1/6895
					






C12Q 2600/158
					








C12N 9/16
					






C12Y 301/03016
					






C12N 15/8205
					






C12Q 1/6895
					






C12Q 2600/158
					






View less classifications",,,,,24.328809,102.5306212,Yu Xi Shi,Yun Nan Sheng,China,Tobacco,529.0,True,2021.0,2023.0,True,Other Genetic Improvement for Crop Traits
CN325374665,202110272185,China,2021-03-12,112813098.0,2023-06-27,"University Of Science & Technology Beijing北京科技大学Beijing Zhongzhi Bio-Agriculture International Research Institute北京中智生物农业国际研究院Beijing Shou Jia Li Hua Sci-Tech Co., Ltd.",(EN) Method for creating corn bhlh51 male sterile line by using artificial mutation(ZH) 利用人工突变创制玉米bhlh51雄性不育系,,,,,,,39.9483768,116.3088913,,Bei Jing Shi,China,Corn/Maize,837.0,True,2021.0,2023.0,False,Other Genetic Improvement for Crop Traits
CN327292359,202110464872,China,2021-04-28,112899247.0,2021-09-24,"University Of Science & Technology Beijing北京科技大学Beijing Zhongzhi Bio-Agriculture International Research Institute北京中智生物农业国际研究院Beijing Shou Jia Li Hua Sci-Tech Co., Ltd.",(EN) Male sterile gene ZmTKPR1 and application thereof in creating male sterile line of corn(ZH) 雄性不育基因ZmTKPR1及其在创制玉米雄性不育系中的应用,,,,,,,39.9483768,116.3088913,,Bei Jing Shi,China,Corn/Maize,149.0,True,2021.0,2021.0,False,Other Genetic Improvement for Crop Traits
CN312382606,202010749128,China,2020-07-30,,,"Hubei Chuzhirun Agricultural Development Co., Ltd.",(EN) Application of gene AN in regulation and control of flowering amount of tomato and method(ZH) AN基因在调控番茄开花量中的应用及方法,,,,,,,30.78068,113.39363,,Hubei,China,Tomatoes,,False,2020.0,,False,Yield Improvement
CN336237834,202110397674.X,China,2021-04-14,113355337.0,2023-06-20,"Henan Agricultural University河南农业大学Jiaozuo Jiudao Seedling Breeding Co., Ltd.",(EN) Method for creating rehmannia heterozygous mutant and application of rehmannia heterozygous mutant(ZH) 一种创制地黄杂合突变体的方法及应用,,,,,14.04.2021,China,34.7854718,113.6632032,Zheng Zhou Shi,He Nan Sheng,China,Rehmannia,797.0,True,2021.0,2023.0,False,Other Genetic Improvement for Crop Traits
CN322606103,202011530075,China,2020-12-22,112626115.0,2022-06-17,Fujian Agriculture And Forestry University,(EN) Application of OsELF4 gene to controlling heading stage of rice(ZH) OsELF4基因在控制水稻抽穗期中的应用,,,,,,,26.084946,119.239701,Fu Zhou Shi,Fu Jian Sheng,China,Rice,542.0,True,2020.0,2022.0,False,Yield Improvement
CN338515641,202110761133,China,2021-07-06,113416768.0,2022-05-17,"Lanzhou Veterinary Research Institute, Chinese Academy Of Agriculture Sciences",(EN) Application of PRKRA gene as target spot in inhibition of peste des petits ruminants virus replication(ZH) PRKRA基因作为靶点在抑制小反刍兽疫病毒复制中的应用,,,,,,,36.082643,103.853777,Lan Zhou Shi,Gan Su Sheng,China,Other plants,315.0,True,2021.0,2022.0,False,Disease Resistance
CN328304460,202110272020,China,2021-03-12,112961231.0,2023-07-14,"University Of Science & Technology Beijing北京科技大学Beijing Zhongzhi Bio-Agriculture International Research Institute北京中智生物农业国际研究院Beijing Shou Jia Li Hua Sci-Tech Co., Ltd.",(EN) Male sterility gene ZmbHLH122 and application thereof in creation of male sterility line of corn(ZH) 雄性不育基因ZmbHLH122及其在创制玉米雄性不育系中的应用,,,,,,,39.9483768,116.3088913,,Bei Jing Shi,China,Corn/Maize,854.0,True,2021.0,2023.0,False,Yield Improvement
CN394168312,202211530967,China,2022-12-01,,,Fujian Agriculture And Forestry University,(EN) Method for screening PxPolycalin homozygous mutant strain based on crude extraction of plutella xylostella adult genome DNA(ZH) 一种基于小菜蛾成虫基因组DNA的粗提筛选PxPolycalin纯合突变品系的方法,,,,,,,26.084946,119.239701,Fu Zhou Shi,Fu Jian Sheng,China,Cabbage,,False,2022.0,,False,Other Genetic Improvement for Crop Traits
CN421129553,202311352822,China,2023-10-19,,,"Lanzhou Veterinary Research Institute, Chinese Academy Of Agriculture Sciences",(EN) Application of ATG16L1 or WD40 structural domain knockout cell line thereof as small RNA viridae virus production cell line(ZH) ATG16L1或其WD40结构域敲除细胞系作为小RNA病毒科病毒生产细胞系的应用,,,,,,,36.082643,103.853777,Lan Zhou Shi,Gan Su Sheng,China,Crop plants,,False,2023.0,,False,Other Purpose
SG361459055,11202204012U,Singapore,2020-10-30,,,Pairwise Plants Services Inc,(EN) TYPE V CRISPR-CAS BASE EDITORS AND METHODS OF USE THEREOF,"62/927,914 30.10.2019 US","CA3158897

WO/2021/087182

US20210130827

AU2020372931

KR1020220110739

CN114867852

EP4051788

JP2023501223

EP4471149

NZ787352",,,30.10.2020,Singapore,35.9900355,-78.8898264,Durham,North Carolina,United States,Crop plants,,False,2020.0,,True,Gene Editing Systems Development
AU358633669,2020372931,Australia,2020-10-30,,,Pairwise Plants Services Inc,(EN) Type V CRISPR-Cas base editors and methods of use thereof,"62/927,914 30.10.2019 US","CA3158897

WO/2021/087182

US20210130827

SG11202204012U

KR1020220110739

CN114867852

EP4051788

JP2023501223

EP4471149

NZ787352",,,30.10.2020,Australia,35.9900355,-78.8898264,Durham,North Carolina,United States,Crop plants,,False,2020.0,,True,Gene Editing Systems Development
CL393376375,2022001145,Chile,2022-05-03,,,Pairwise Plants Services Inc,(ES) COMPOSICIONES Y MÉTODOS PARA EL REEMPLAZO DE ALELOS DE ADN CODIFICADO POR ARN,"62/930,836 05.11.2019 US","WO/2021/092130

JP2023505600

EP4054621

BR112022008415

CN114901302

KR1020220110748

CA3160186

SG11202204171Q

AU2020380319

US20210130835

NZ787446

IL292434

BR112022008415This application is not viewable in PATENTSCOPE because the national phase entry has not been published yet or the national entry is issued from a country that does not share data with WIPO or there is a formatting issue or an unavailability of the application.

MX2022005328

US20240158804

US20240167045",,,03.05.2022,Chile,35.9900355,-78.8898264,Durham,North Carolina,United States,Crop plants,,False,2022.0,,True,Gene Editing Systems Development
BR373260476,US2020059045,Brazil,2020-11-05,,,Pairwise Plants Services Inc,(PT) COMPOSIÇÕES E MÉTODOS PARA SUBSTITUIÇÃO DO DNA CODIFICADO PELO RNA DOS ALELOS,"62/930,836 05.11.2019 US","WO/2021/092130

JP2023505600

EP4054621

CN114901302

KR1020220110748

CA3160186

SG11202204171Q

AU2020380319

US20210130835

NZ787446

IL292434

BR112022008415This application is not viewable in PATENTSCOPE because the national phase entry has not been published yet or the national entry is issued from a country that does not share data with WIPO or there is a formatting issue or an unavailability of the application.

CL2022001145

MX2022005328

US20240158804

US20240167045",,,05.11.2020,Brazil,35.9900355,-78.8898264,Durham,North Carolina,United States,Crop plants,,False,2020.0,,True,Gene Editing Systems Development
NZ358654212,787352,New Zealand,2022-04-19,,,Pairwise Plants Services Inc,(EN) TYPE V CRISPR-CAS BASE EDITORS AND METHODS OF USE THEREOF,"62/927,914 30.10.2019 US","CA3158897

WO/2021/087182

US20210130827

AU2020372931

SG11202204012U

KR1020220110739

CN114867852

EP4051788

JP2023501223

EP4471149",,,19.04.2022,New Zealand,35.9900355,-78.8898264,Durham,North Carolina,United States,Crop plants,,False,2022.0,,True,Gene Editing Systems Development
CN357077334,201980096654,China,2019-05-22,,,"Unnamed Bio-Agricultural Group Co., Ltd未名生物农业集团有限公司Pioneer Overseas Company",(EN) Abiotic stress tolerant plants and methods(ZH) 非生物胁迫耐性植物和方法,,"WO/2020/232660

US20220213499",,,,,40.7618697,-73.9682923,New York,New York,United States,Crop plants,,False,2019.0,,True,Drought Adaptation
CA398968277,3200521,Canada,2021-11-05,,,Pairwise Plants Services Inc,(EN) COMPOSITIONS AND METHODS FOR RNA-ENCODED DNA-REPLACEMENT OF ALLELES(FR) COMPOSITIONS ET PROCEDES DE REMPLACEMENT D'ALLELES DE L'ADN CODE PAR L'ARN,"63/110,386 06.11.2020 US","WO/2022/098993

AU2021374974

BRUS2021058235

KR1020230106633

EP4240844

CN116745418

JP2023549339

NZ798968

IL302526

MX2023005150

CL2023001284

IN202347036333This application is not viewable in PATENTSCOPE because the national phase entry has not been published yet or the national entry is issued from a country that does not share data with WIPO or there is a formatting issue or an unavailability of the application.

SG11202302818VThis application is not viewable in PATENTSCOPE because the national phase entry has not been published yet or the national entry is issued from a country that does not share data with WIPO or there is a formatting issue or an unavailability of the application.",,,05.11.2021,Canada,35.9900355,-78.8898264,Durham,North Carolina,United States,Crop plants,,False,2021.0,,True,Gene Editing Systems Development
EP407442871,21844079,European Patent Office,2021-11-05,,,Pairwise Plants Services Inc,(DE) ZUSAMMENSETZUNGEN UND VERFAHREN FÜR RNA-CODIERTE DNA-ERSETZUNG VON ALLELEN(EN) COMPOSITIONS AND METHODS FOR RNA-ENCODED DNA-REPLACEMENT OF ALLELES(FR) COMPOSITIONS ET PROCÉDÉS DE REMPLACEMENT D'ALLÈLES DE L'ADN CODÉ PAR L'ARN,202063110386 06.11.2020 US,"WO/2022/098993

AU2021374974

CA3200521

BRUS2021058235

KR1020230106633

CN116745418

JP2023549339

NZ798968

IL302526

MX2023005150

CL2023001284

IN202347036333This application is not viewable in PATENTSCOPE because the national phase entry has not been published yet or the national entry is issued from a country that does not share data with WIPO or there is a formatting issue or an unavailability of the application.

SG11202302818VThis application is not viewable in PATENTSCOPE because the national phase entry has not been published yet or the national entry is issued from a country that does not share data with WIPO or there is a formatting issue or an unavailability of the application.",,,05.11.2021,European Patent Office,35.9900355,-78.8898264,Durham,North Carolina,United States,Crop plants,,False,2021.0,,True,Gene Editing Systems Development
MX425631474,2023005150,Mexico,2023-05-02,,,Pairwise Plants Services Inc,(EN) COMPOSITIONS AND METHODS FOR RNA-ENCODED DNA-REPLACEMENT OF ALLELES.(ES) COMPOSICIONES Y METODOS PARA EL REEMPLAZO DE ALELOS CON ADN CODIFICADO POR ARN.,"63/110,386 06.11.2020 US","WO/2022/098993

AU2021374974

CA3200521

BRUS2021058235

KR1020230106633

EP4240844

CN116745418

JP2023549339

NZ798968

IL302526

CL2023001284

IN202347036333This application is not viewable in PATENTSCOPE because the national phase entry has not been published yet or the national entry is issued from a country that does not share data with WIPO or there is a formatting issue or an unavailability of the application.

SG11202302818VThis application is not viewable in PATENTSCOPE because the national phase entry has not been published yet or the national entry is issued from a country that does not share data with WIPO or there is a formatting issue or an unavailability of the application.",,,02.05.2023,Mexico,35.9900355,-78.8898264,Durham,North Carolina,United States,Crop plants,,False,2023.0,,True,Gene Editing Systems Development
WO2020263773,PCT/US2020/039051,,,,,NORTH CAROLINA STATE UNIVERSITY,(EN) METHODS AND COMPOSITIONS FOR MODIFYING BACTERIAL GENOMES AND FOR KILLING BACTERIA(FR) PROCÉDÉS ET COMPOSITIONS POUR MODIFIER DES GÉNOMES BACTÉRIENS ET POUR TUER DES BACTÉRIES,"62/865,63624.06.2019US62/865,64024.06.2019US",,PCT/US2020/039051,23.06.2020,23.06.2020,World Intellectual Property Organization,,,,,,Crop plants,,False,,,False,Disease Resistance
WO2023003177,PCT/KR2022/008352,,,,,경상국립대학교산학협력단 Industry-Academic Cooperation Foundation Gyeongsang National University,"(EN) METHOD FOR PRODUCING TOMATO PLANT HAVING CONTROLLED DISEASE RESISTANCE BY GENE EDITING, AND TOMATO PLANT PRODUCED BY SAME PRODUCTION METHOD(FR) PROCÉDÉ DE PRODUCTION D'UN PLANT DE TOMATE AYANT UNE RÉSISTANCE À LA MALADIE COMMANDÉE PAR ÉDITION DE GÈNE ET PLANT DE TOMATE PRODUIT PAR LE MÊME PROCÉDÉ DE PRODUCTION(KO) 유전자 교정을 이용한 병 저항성이 조절된 토마토 식물체의 제조방법 및 상기 제조방법에 의해 제조된 토마토 식물체",10-2021-009557421.07.2021KR,,PCT/KR2022/008352,14.06.2022,14.06.2022,World Intellectual Property Organization,35.1530444,128.1010899,Jinju-si,Gyeongsangnam-do,South Korea,Tomatoes,,False,,,False,Disease Resistance
WO2023199308,PCT/IL2023/050351,,,,,,(EN) SYSTEMS AND METHODS FOR GENOME-SCALE TARGETING OF FUNCTIONAL REDUNDANCY IN PLANTS(FR) SYSTÈMES ET PROCÉDÉS POUR LE CIBLAGE À L'ÉCHELLE DU GÉNOME DE LA SUPERFLUITÉ FONCTIONNELLE CHEZ LES PLANTES,"63/329,50611.04.2022US","EP4508220

IL316134",PCT/IL2023/050351,03.04.2023,03.04.2023,World Intellectual Property Organization,,,,,,Crop plants,,False,,,True,Gene Editing Systems Development
WO2024227911,PCT/EP2024/062227,,,,,,(EN) HIGHLY ACTIVE CRISPR BASE EDITORS OBTAINED THROUGH CAS-ASSISTED SUBSTRATE-LINKED DIRECTED EVOLUTION (CASLIDE)(FR) ÉDITEURS DE BASE CRISPR HAUTEMENT ACTIFS OBTENUS PAR ÉVOLUTION DIRIGÉE LIÉE À UN SUBSTRAT ASSISTÉE PAR CAS (CASLIDE),23171650.704.05.2023EP23194637.731.08.2023EP,EP4458963,PCT/EP2024/062227,03.05.2024,03.05.2024,World Intellectual Property Organization,,,,,,Crop plants,,False,,,True,Gene Editing Systems Development
WO2022040169,PCT/US2021/046281,,,,,"Nebel, Heidi S. Mckee, Bruce W.; Sease, Edmund J.; Hansing, Mark D.; Hartung, Kirk M.; Edgar, Cassandra Joan; Link, Jill N.; Gilchrist, Michael C.; Johnson, Glenn; Mohrhauser, Luke T.; Kennedy, Jonathan L.; Gunnerson, Gregory Lars; Luth, Sarah M. D.; Keppler, Brian D.; Romano, Charles P.; Sowatzke, Tina Yin; Spieker, Julie L.; Hallman, Joseph M.","(EN) COMPOSITIONS, SYSTEMS, AND METHODS FOR ORTHOGONAL GENOME ENGINEERING IN PLANTS(FR) COMPOSITIONS, SYSTÈMES ET PROCÉDÉS D'INGÉNIERIE GÉNOMIQUE ORTHOGONALE CHEZ LA PLANTE","63/066,67417.08.2020US","EP4200413

US20230374528",PCT/US2021/046281,17.08.2021,17.08.2021,World Intellectual Property Organization,40.7761443,-73.9570602,New York,New York,United States,Crop plants,,False,,,True,Gene Editing Systems Development
WO2023108430,PCT/CN2021/138005,,,,,"中国医学科学院药用植物研究所 Institute Of Medicinal Plant Development, Chinese Academy Of Medical Sciences","(EN) PLANT SPECIES IDENTIFICATION METHOD BASED ON WHOLE GENOME ANALYSIS AND GENOME EDITING, AND APPLICATION(FR) PROCÉDÉ D'IDENTIFICATION DES ESPÈCES VÉGÉTALES REPOSANT SUR L'ANALYSE DU GÉNOME ENTIER ET L'ÉDITION GÉNOMIQUE, ET APPLICATION(ZH) 基于全基因组分析与基因组编辑的植物物种鉴定方法与应用",,CN115843318,PCT/CN2021/138005,14.12.2021,14.12.2021,World Intellectual Property Organization,40.0330602,116.2740991,,Bei Jing Shi,China,Crop plants,,False,,,True,Other Purpose
WO2018018979,PCT/CN2017/082678,,,,,浙江大学 Zhejiang University,(EN) RECOMBINANT PLANT VECTOR AND METHOD FOR SCREENING NON-TRANSGENIC GENE-EDITED STRAIN(FR) VECTEUR RECOMBINANT DE PLANTE ET PROCÉDÉ DE CRIBLAGE D'UNE SOUCHE ÉDITÉE PAR UN GÈNE NON TRANSGÉNIQUE(ZH) 植物重组载体及无转基因成分的基因编辑植株的筛选方法,201610597205.126.07.2016CN201611247205.529.12.2016CN,,PCT/CN2017/082678,02.05.2017,02.05.2017,World Intellectual Property Organization,30.3086844,120.0864995,Hang Zhou Shi,Zhe Jiang Sheng,China,Crop plants,,False,,,False,Other Genetic Improvement for Crop Traits
WO2018226972,PCT/US2018/036480,,,,,,(EN) COMPOSITIONS AND METHODS FOR GENOME EDITING(FR) COMPOSITIONS ET PROCÉDÉS POUR L'ÉDITION GÉNOMIQUE,"62/517,36009.06.2017US","EP3635119

US20200199605

IL271232",PCT/US2018/036480,07.06.2018,07.06.2018,World Intellectual Property Organization,,,,,,Tobacco,,False,,,True,Gene Editing Systems Development
WO2022057780,PCT/CN2021/118140,,,,,"中国科学院遗传与发育生物学研究所 Institute Of Genetics And Developmental Biology, Chinese Academy Of Sciences",(EN) PROTEIN REGULATING NITROGEN UTILIZATION EFFICIENCY AND YIELD OF PLANT AND USE THEREOF(FR) PROTÉINE RÉGULANT L'EFFICACITÉ D'UTILISATION DE L'AZOTE ET LE RENDEMENT DE PRODUCTION D'UNE PLANTE ET SON UTILISATION(ZH) 一个调控植物氮素利用效率和产量的蛋白质及其应用,202010965332.915.09.2020CN,"CN114181290

KR1020230096972

JP2023541518

US20230365634",PCT/CN2021/118140,14.09.2021,14.09.2021,World Intellectual Property Organization,40.0051991,116.3813791,,Beijing,China,Rice,,False,,,True,Yield Improvement
RU448817456,2023131570,Russian Federation,2023-12-01,,2025-02-03,,(EN) METHOD FOR DETECTING RSR1 GENE EDITING EVENTS IN CEREALS USING SET OF OLIGONUCLEOTIDE SEQUENCES(RU) СПОСОБ ВЫЯВЛЕНИЯ СОБЫТИЙ РЕДАКТИРОВАНИЯ ГЕНА RSR1 У ЗЕРНОВЫХ КУЛЬТУР С ПОМОЩЬЮ НАБОРА ОЛИГОНУКЛЕОТИДНЫХ ПОСЛЕДОВАТЕЛЬНОСТЕЙ,,,,,01.12.2023,Russia,,,,,,Wheat,430.0,True,2023.0,2025.0,False,Gene Editing Systems Development
CN251468006,201910514241,China,2019-06-14,110183525.0,2021-03-30,"Institute Of Genetics And Developmental Biology, Chinese Academy Of Sciences","(EN) Wheat anti-stripe rust associated TXR protein, and encoding gene and application of wheat anti-stripe rust associated TXR protein(ZH) 小麦抗条锈病相关的TXR蛋白及其编码基因与应用",,,,,,,38.115509,114.533286,Shi Jia Zhuang Shi,He Bei Sheng,China,Wheat,655.0,True,2019.0,2021.0,False,Disease Resistance
AU232939091,2017272623,Australia,2017-05-30,,,Kws Saat Se,,"62/344,109 01.06.2016 US","KR1020190012229

EP3464594

CN109642232

US20190161760

BR112018074494

EA201892810

WO/2017/207589

JP2019517261

CA3025828

UAa201812605This application is not viewable in PATENTSCOPE because the national phase entry has not been published yet or the national entry is issued from a country that does not share data with WIPO or there is a formatting issue or an unavailability of the application.

US20240376486",,,30.05.2017,Australia,51.8149087,9.884365,Einbeck,Niedersachsen,Germany,Crop plants,,False,2017.0,,True,Gene Editing Systems Development
US242624167,16306341,United States of America,2017-05-30,12084668.0,2024-09-10,"Kws Saat Se & Co. Kgaakws Saat Se & Co., Kgaa",(EN) Hybrid nucleic acid sequences for genome engineering,,"AU2017272623

KR1020190012229

EP3464594

CN109642232

BR112018074494

EA201892810

WO/2017/207589

JP2019517261

CA3025828

UAa201812605This application is not viewable in PATENTSCOPE because the national phase entry has not been published yet or the national entry is issued from a country that does not share data with WIPO or there is a formatting issue or an unavailability of the application.

US20240376486",,,30.05.2017,United States,51.8149087,9.884365,Einbeck,Niedersachsen,Germany,Crop plants,2660.0,True,2017.0,2024.0,True,Gene Editing Systems Development
US442710644,18779482,United States of America,2024-07-22,,,Kws Saat Se & Co. Kgaa,(EN) HYBRID NUCLEIC ACID SEQUENCES FOR GENOME ENGINEERING,,"AU2017272623

KR1020190012229

EP3464594

CN109642232

US20190161760

BR112018074494

EA201892810

WO/2017/207589

JP2019517261

CA3025828

UAa201812605This application is not viewable in PATENTSCOPE because the national phase entry has not been published yet or the national entry is issued from a country that does not share data with WIPO or there is a formatting issue or an unavailability of the application.",,,22.07.2024,United States,51.8149087,9.884365,Einbeck,Niedersachsen,Germany,Crop plants,,False,2024.0,,True,Gene Editing Systems Development
WO2016155482,PCT/CN2016/076244,,,,,"中国科学院遗传与发育生物学研究所 Institute Of Genetics And Developmental Biology, Chinese Academy Of Sciences",(EN) METHOD OF APPLYING NON-GENETIC SUBSTANCE TO PERFORM SITE-DIRECTED REFORM OF PLANT GENOME(FR) PROCÉDÉ D'APPLICATION D'UNE SUBSTANCE NON GÉNÉTIQUE POUR EFFECTUER UNE REFORMATION DIRIGÉE SUR LE SITE D'UN GÉNOME DE PLANTE(ZH) 一种利用非遗传物质对植物基因组进行定点改造的方法,201510114017.416.03.2015CN,"AU2016239037

KR1020170126502

EP3279321

BR112017016431

US20180163232

EA201792036

CN105985943

AR103926

JP2018508221

IN201737029078

CA2979290

JP2023018066

JP2024160392",PCT/CN2016/076244,14.03.2016,14.03.2016,World Intellectual Property Organization,40.0051991,116.3813791,,Beijing,China,Crop plants,,False,,,True,Gene Editing Systems Development
CN428120119,202311779085,China,2023-12-22,,,"Hainan Bolian Technology Co., Ltd.",(EN) Method for creating tomato male sterility material through CRISPR-Cas9 gene editing and application(ZH) 一种通过CRISPR-Cas9基因编辑创制番茄雄性不育材料的方法及应用,,,,,,,20.0054,110.37222,Hai Kou Shi,Hai Nan Sheng,China,Tomatoes,,False,2023.0,,False,Other Genetic Improvement for Crop Traits
CN241316121,201810464474,China,2018-05-16,109593776.0,2021-02-26,Huazhong Agricultural University,(EN) Method and application for rapidly and efficiently obtaining non-transgenic targeted gene mutation plant(ZH) 一种快速高效获得非转基因的定向基因突变植物的方法和应用,,"WO/2019/219046

US20200216853",,,,,30.475126,114.353035,Wu Han Shi,Hu Bei Sheng,China,Rice,1017.0,True,2018.0,2021.0,True,Gene Editing Systems Development
CN410664347,202310996979,China,2023-08-09,,,Yangzhou University,(EN) Application of ZmPIF2 gene or protein thereof in regulation and control of corn plant height(ZH) ZmPIF2基因或其蛋白在调控玉米株高中的应用,,,,,,,32.399078,119.389893,Yangzhou,Jiangsu,China,Corn/Maize,,False,2023.0,,False,Yield Improvement
CN401471076,202310150684,China,2023-02-22,,,Agricultural University Of Hebei,(EN) Construction method of miRNA166o in plant light transcription process(ZH) miRNA166o在植物光转录过程中的构建方法,,,,,,,38.850606,115.483441,Bao Ding Shi,He Bei Sheng,China,Poplar,,False,2023.0,,False,Other Genetic Improvement for Crop Traits
US443002808,17995223,United States of America,2021-04-02,,,Chungang University Industry Academic Cooperation Foundation,(EN) GENOME EDITING METHOD BASED ON CRISPR/CAS9 SYSTEM AND USE THEREOF,1020200040352 02.04.2020 KR,"WO/2021/201653

KR1020210123237

KR1020250033178",,,02.04.2021,United States,37.5045563,126.9569379,,Seoul,South Korea,Crop plants,,False,2021.0,,True,Gene Editing Systems Development
CN436509320,202410452620,China,2024-04-16,,,Shandong Agricultural University,(EN) QTL for controlling wheat plant height and candidate gene TaRPS27 and application thereof(ZH) 一种控制小麦株高的QTL及其候选基因TaRPS27和应用,,,,,,,36.1939376,117.1193702,Tai An Shi,Shan Dong Sheng,China,Wheat,,False,2024.0,,False,Yield Improvement
WO2016141893,PCT/CN2016/076246,,,,,"中国科学院遗传与发育生物学研究所 Institute Of Genetics And Developmental Biology, Chinese Academy Of Sciences",(EN) METHOD FOR INCREASING ABILITY OF PLANT TO RESIST INVADING DNA VIRUS(FR) PROCÉDÉ D'AUGMENTATION DE LA CAPACITÉ D'UNE PLANTE À RÉSISTER À L'INVASION PAR LES VIRUS À ADN(ZH) 一种提高植物对入侵的DNA病毒的抵御能力的方法,201510107492.912.03.2015CN,"CN105969792

AR103927

AU2016228599

CA2979292

KR1020170126495

EP3309255

BR112017016423

US20180195084

EA201791991

JP2018507705

IN201737029075

UAa201709464This application is not viewable in PATENTSCOPE because the national phase entry has not been published yet or the national entry is issued from a country that does not share data with WIPO or there is a formatting issue or an unavailability of the application.",PCT/CN2016/076246,14.03.2016,14.03.2016,World Intellectual Property Organization,40.0051991,116.3813791,,Beijing,China,Crop plants,,False,,,True,Disease Resistance
KR241939695,1020170135857,Republic of Korea,2017-10-19,101987663.0,2019-06-11,한경대학교 산학협력단Hankyong Industry Academic Cooperation Center,(EN) METHOD FOR REDUCING ETHYLENE PRODUCTION BY LeMADS-RIN GENE EDITING USING CRISPR/Cas9 SYSTEM IN PLANT(KO) 식물체에서 CRISPR/Cas9 시스템을 이용하여 LeMADS-RIN 유전자 편집에 의해 에틸렌 생산을 감소시키는 방법,,,,,19.10.2017,South Korea,37.0116265,127.2642483,Anseong-si,Gyeonggi-do,South Korea,Crop plants,600.0,True,2017.0,2019.0,False,Other Genetic Improvement for Crop Traits
CN371014507,202210606954,China,2022-05-31,114807198.0,2024-03-22,Nanjing Agricultural University,(EN) CRISPR/Cas9 vector with visual protein fusion antibiotic selection marker as well as construction method and application of CRISPR/Cas9 vector(ZH) 带有可视化蛋白融合抗生素筛选标记的CRISPR/Cas9载体及其构建方法和应用,,,,,,,32.033399,118.842587,Nan Jing Shi,Jiang Su Sheng,China,Tomatoes,661.0,True,2022.0,2024.0,False,Gene Editing Systems Development
CN403935984,202211120428,China,2022-09-15,,,"Shanghai Customs Animal, Plant And Food Inspection And Quarantine Technology Center上海海关动植物与食品检验检疫技术中心Shanghai Tech University",(EN) CRISPR (clustered regularly interspaced short palindromic repeats) fluorescence method based rhinoceros nucleic acid rapid detection method and detection kit(ZH) 基于CRISPR荧光法的犀牛核酸快速检测方法及检测试剂盒,,,,,,,30.80307,121.41705,,Shang Hai Shi,China,Other plants,,False,2022.0,,False,Other Purpose
CN282890572,201911055014,China,2019-10-31,110714023.0,2020-11-17,Zhejiang University,(EN) Application of tomato CTI1 gene for improving plant root knot nematode resistance(ZH) 番茄CTI1基因在提高植物根结线虫抗性中的应用,,,,,,,30.3086844,120.0864995,Hang Zhou Shi,Zhe Jiang Sheng,China,Tomatoes,383.0,True,2019.0,2020.0,False,Disease Resistance
CN373432646,202210698379,China,2022-06-20,114940998.0,2023-06-06,Sichuan Agricultural University,(EN) Maize transcription factor ZmEREB92 and application(ZH) 一种玉米转录因子ZmEREB92及应用,,,,,,,29.977484,102.993691,Ya An Shi,,China,Corn/Maize,351.0,True,2022.0,2023.0,False,Yield Improvement
CN293999606,202010007094,China,2020-01-03,,,"China Tobacco Yunnan Industrial Co., Ltd.",(EN) Gene editing method for tobacco haploid(ZH) 一种烟草单倍体的基因编辑方法,,,,,,,26.5895249,106.7159627,Gui Yang Shi,Gui Zhou Sheng,China,Tobacco,,False,2020.0,,False,Gene Editing Systems Development
KR390080735,1020210082687,Republic of Korea,2021-06-24,,,한경대학교 산학협력단Hankyong Industry Academic Cooperation Center,(EN) METHOD FOR MANUFACTURING RICE PLANT HAVING EDITED OsAAP2 GENE USING CRISPR/Cas SYSTEM(KO) CRISPR/Cas 시스템을 이용한 OsAAP2 유전자가 교정된 벼 식물체의 제조방법,,,,,24.06.2021,South Korea,37.0116265,127.2642483,Anseong-si,Gyeonggi-do,South Korea,Rice,,False,2021.0,,False,Other Genetic Improvement for Crop Traits
CN137653376,201510009526,China,2015-01-06,104651392.0,2018-07-31,South China Agricultural University,(EN) Method for obtaining temperature-sensitive sterile line by performing site-specific mutagenesis on P/TMS12-1 through CRISPR (clustered regularly interspaced short palindromic repeats)/Cas9 system(ZH) 一种利用CRISPR/Cas9系统定点突变P/TMS12-1获得温敏不育系的方法,,,,,,,23.1568182,113.3536811,Guang Zhou Shi,Guang Dong Sheng,China,Rice,1302.0,True,2015.0,2018.0,False,Other Genetic Improvement for Crop Traits
CN305434914,202010451053,China,2020-05-25,111574596.0,2022-09-02,"Lanzhou Veterinary Research Institute, Chinese Academy Of Agriculture Sciences",(EN) Construction method of genetically engineered CHO cell line for constitutively secreting and expressing type O FMDV recombinant epitopes(ZH) 组成型分泌表达O型FMDV重组抗原表位基因工程CHO细胞系的构建方法,,,,,,,36.082643,103.853777,Lan Zhou Shi,Gan Su Sheng,China,Other plants,830.0,True,2020.0,2022.0,False,Other Purpose
CN323191600,202110272229,China,2021-03-12,112680458.0,2021-06-22,"University Of Science & Technology Beijing北京科技大学Beijing Zhongzhi Bio-Agriculture International Research Institute北京中智生物农业国际研究院Beijing Shou Jia Li Hua Sci-Tech Co., Ltd.",(EN) Male sterility gene ZmMYB33 and application thereof in creating corn male sterility line(ZH) 雄性不育基因ZmMYB33及其在创制玉米雄性不育系中的应用,,,,,,,39.9483768,116.3088913,,Bei Jing Shi,China,Corn/Maize,102.0,True,2021.0,2021.0,False,Other Genetic Improvement for Crop Traits
CN424852370,202311790565.X,China,2023-12-25,,,"Institute Of Medicinal Plant Development, Chinese Academy Of Medical Sciences",(EN) Cas12f1 mutant and application thereof(ZH) Cas12f1突变体及其应用,,,,,25.12.2023,China,39.9935072,116.2160961,,Bei Jing Shi,China,Crop plants,,False,2023.0,,False,Gene Editing Systems Development
WO2022242464,PCT/CN2022/091102,,,,,中国科学院分子植物科学卓越创新中心 Cas Center For Excellence In Molecular Plant Sciences,(EN) NOVEL CRISPR-ASSOCIATED TRANSPOSASE(FR) NOUVELLE TRANSPOSASE ASSOCIÉE À CRISPR(ZH) 一种新型CRISPR相关转座酶,202110532731.017.05.2021CN,CN115369098,PCT/CN2022/091102,06.05.2022,06.05.2022,World Intellectual Property Organization,31.1936875,121.4555472,,Shang Hai Shi,China,Crop plants,,False,,,True,Gene Editing Systems Development
CN204742071,201710035069,China,2017-01-18,,,Sichuan Agricultural University,(EN) Method for constructing CRISPR/Cas9 vector applied to plant(ZH) 一种应用于植物上的CRISPR/Cas9载体的构建方法,,,,,,,29.977484,102.993691,Ya An Shi,,China,Crop plants,,False,2017.0,,False,Gene Editing Systems Development
CN408073334,202180072988,China,2021-08-27,,,"Chengdui Plant Service Co., Ltd.",(EN) Engineered CRISPR-CAS proteins and methods of use thereof(ZH) 工程化CRISPR-CAS蛋白质及其使用方法,"63/071,734 28.08.2020 US","WO/2022/047135

AU2021331344

CA3192195

KR1020230058090

EP4204436

JP2023539668

NZ797276

IL300823

MX2023002160

CL2023000554

BR112023003573This application is not viewable in PATENTSCOPE because the national phase entry has not been published yet or the national entry is issued from a country that does not share data with WIPO or there is a formatting issue or an unavailability of the application.

IN202347022446This application is not viewable in PATENTSCOPE because the national phase entry has not been published yet or the national entry is issued from a country that does not share data with WIPO or there is a formatting issue or an unavailability of the application.

SG11202301230XThis application is not viewable in PATENTSCOPE because the national phase entry has not been published yet or the national entry is issued from a country that does not share data with WIPO or there is a formatting issue or an unavailability of the application.",,,,,30.57865112,104.0652334,,,,Crop plants,,False,2021.0,,True,Gene Editing Systems Development
US400933521,17914647,United States of America,2021-03-29,,,"Rutgers, The State University Of New Jersey",(EN) GENE-EDITED BASIL PLANTS RESISTANT TO DOWNY MILDEW,,WO/2021/195630,,,29.03.2021,United States,40.4757766,-74.4289684,New Brunswick,New Jersey,United States,Basil,,False,2021.0,,True,Disease Resistance
CN438245935,202410539755,China,2024-04-30,,,Zhejiang University,(EN) Application of rice ribonucleotide reductase gene RNR in creation of pink rice(ZH) 水稻核糖核苷酸还原酶基因RNR在创制粉红色水稻中的应用,,,,,,,30.3086844,120.0864995,Hang Zhou Shi,Zhe Jiang Sheng,China,Rice,,False,2024.0,,False,Other Genetic Improvement for Crop Traits
CN441678844,202411146082,China,2024-08-20,,,"China Tobacco Yunnan Industrial Co., Ltd.",(EN) Application of tobacco nicotine metabolism and plant height regulation related gene NtSULTR3.4 in nicotine metabolism and plant height regulation(ZH) 一种烟草烟碱代谢及株高调控相关的基因NtSULTR3.4在烟碱代谢及株高调控中的应用,,,,,,,26.5895249,106.7159627,Gui Yang Shi,Gui Zhou Sheng,China,Tobacco,,False,2024.0,,False,Other Genetic Improvement for Crop Traits
CN414525343,202310565819,China,2023-05-18,,,Shanghai Jiaotong University School Of Medicine上海交通大学医学院Cas Center For Excellence In Molecular Plant Sciences,(EN) AcrIE10 protein for regulating and controlling activity of CRISPR-Cas (clustered regularly interspaced short palindromic repeats-associated proteins) system 1 as well as coding nucleic acid and application thereof(ZH) 一种调控1类CRISPR-Cas系统活性的AcrIE10蛋白及其编码核酸和应用,,,,,,,31.21234,121.470674,,Shang Hai Shi,China,Crop plants,,False,2023.0,,False,Gene Editing Systems Development
CN207130817,201710225082,China,2017-04-07,,,"Jiangsu Beiruili Biological Technology Co., Ltd.",(EN) System for efficient screening of candidate sgRNAs for CRISPR/CAS9 gene editing system from plants and application,,,,,,,32.5171602,120.1057011,Tai Zhou Shi,Jiang Su Sheng,China,Rice,,False,2017.0,,False,Gene Editing Systems Development
CN203415849,201610074115,China,2016-02-02,107022562.0,2020-07-17,"China National Seed Group Co., Ltd.",(EN) Method for site-directed mutation of maize gene by means of CRISPR/Cas9 system(ZH) 利用CRISPR/Cas9系统对玉米基因定点突变的方法,,,,,,,34.745974,117.53768,Zaozhuang,Shandong,China,Corn/Maize,1627.0,True,2016.0,2020.0,False,Other Genetic Improvement for Crop Traits
CN292995605,201911294775,China,2019-12-16,110904109.0,2023-04-11,Henan Agricultural University,"(EN) MiR1866 gene for controlling rice seed germination, overexpression vector and preparation method thereof, gRNA expression vector, and application thereof(ZH) 控制水稻种子萌发的miR1866基因、过表达载体、gRNA表达载体、制备方法及其应用",,,,,,,34.7854718,113.6632032,Zheng Zhou Shi,He Nan Sheng,China,Rice,1212.0,True,2019.0,2023.0,False,Other Genetic Improvement for Crop Traits
CN369011259,202210336614,China,2022-03-31,114703188.0,2023-06-27,Northeast Forestry University,(EN) Fraxinus mandshurica U6 gene promoter proFmU6.6 and cloning and application thereof(ZH) 一种水曲柳U6基因启动子proFmU6.6及其克隆与应用,,,,,,,45.7240008,126.6403002,Ha Er Bin Shi,Hei Long Jiang Sheng,China,Other plants,453.0,True,2022.0,2023.0,False,Gene Editing Systems Development
CN403950905,202310302086,China,2023-03-27,,,Shandong Agricultural University,(EN) Wheat plant height related QTL and candidate gene TaPI4KA-4B and application thereof(ZH) 一种小麦株高相关的QTL及其候选基因TaPI4KA-4B和应用,,,,,,,36.1939376,117.1193702,Tai An Shi,Shan Dong Sheng,China,Wheat,,False,2023.0,,False,Yield Improvement
CN426595198,202311768005,China,2023-12-21,,,"Institute Of Medicinal Plant Development, Chinese Academy Of Medical Sciences",(EN) Application of CRISPR-Cas13a system in DNA detection(ZH) CRISPR-Cas13a系统在DNA检测中的应用,,,,,,,39.9935072,116.2160961,,Bei Jing Shi,China,Other plants,,False,2023.0,,False,Gene Editing Systems Development
CN403127916,202211526784,China,2022-12-01,,,"Institute Of Agricultural Engineering Technology, Fujian Academy Of Agricultural Sciences",(EN) Method for improving content of resveratrol in vitis davidii cells through gene editing and constructed vitis davidii CHS2 mutant cell line(ZH) 一种通过基因编辑提高刺葡萄细胞白藜芦醇含量的方法及构建的刺葡萄CHS2突变细胞系,,,,,,,26.127051,119.338226,Fuzhou,Fujian,China,Grape,,False,2022.0,,False,Other Genetic Improvement for Crop Traits
CN442088060,202410796862,China,2024-06-20,,,Henan University河南大学Sanya Research Institute Of Henan University,(EN) Gene for regulating and controlling length of plant fiber and application thereof(ZH) 一种调控植物纤维长度的基因及其应用,,,,,,,34.808921,114.369752,Kai Feng Shi,He Nan Sheng,China,Cotton,,False,2024.0,,False,Other Genetic Improvement for Crop Traits
CN440615060,202410693948,China,2024-05-31,,,"Cotton Research Institute, Shanxi Agricultural University",(EN) Application of GhPEBP2 gene in regulation and control of cotton plant type(ZH) GhPEBP2基因在调控棉花株型中的应用,,,,,,,35.0379614,110.9885766,Yun Cheng Shi,Shan Xi Sheng,China,Cotton,,False,2024.0,,False,Other Genetic Improvement for Crop Traits
WO2024248759,PCT/TR2023/051843,,,,,"Teke Karsli, Gizem",(EN) AN ANTIVIRAL SOLUTION TO DEACTIVATE WHEAT DWARF VIRUS(FR) SOLUTION ANTIVIRALE POUR INACTIVER LE VIRUS DU NANISME DU BLÉ,2023/00611829.05.2023TR,,PCT/TR2023/051843,29.12.2023,29.12.2023,World Intellectual Property Organization,37.0478145,35.2979179,,Adana,Türkiye,"Wheat, Barley",,False,,,False,Disease Resistance
WO2019103442,PCT/KR2018/014312,,,,,한국생명공학연구원 Korea Research Institute Of Bioscience And Biotechnology,(EN) GENOME EDITING COMPOSITION USING CRISPR/CPF1 SYSTEM AND USE THEREOF(FR) COMPOSITION D'ÉDITION GÉNOMIQUE UTILISANT UN SYSTÈME CRISPR/CPF1 ET SON UTILISATION(KO) CRISPR/Cpf1 시스템을 이용한 유전체 편집용 조성물 및 이의 용도,10-2017-015592721.11.2017KR,"KR1020190058358

AU2018370588

US20200308583

EP3715461

CN111836894",PCT/KR2018/014312,21.11.2018,21.11.2018,World Intellectual Property Organization,35.5088645,126.8370104,Jeongeup,Jeonbuk State,South Korea,Crop plants,,False,,,True,Gene Editing Systems Development
WO2023040623,PCT/CN2022/114878,,,,,江苏大学 Jiangsu University,(EN) METHOD FOR AND APPLICATION OF SITE-DIRECTED MUTATION OF BRASSICA NAPUS BNHBBD GENE(FR) PROCÉDÉ ET APPLICATION DE LA MUTATION CIBLANT UN SITE DU GÈNE BNHBBD DE BRASSICA NAPUS(ZH) 一种甘蓝型油菜BnHBBD基因定点突变的方法及应用,202111075160.914.09.2021CN,"CN113980964

CA3211382",PCT/CN2022/114878,25.08.2022,25.08.2022,World Intellectual Property Organization,32.19932,119.514279,Zhen Jiang Shi,,China,Canola,,False,,,True,Other Genetic Improvement for Crop Traits
WO2023241004,PCT/CN2022/143089,,,,,西北农林科技大学 Northwest A&F University,(EN) METHOD FOR IMPROVING FUSARIUM HEAD BLIGHT RESISTANCE BY MEANS OF GENOME EDITING(FR) PROCÉDÉ D'AMÉLIORATION DE LA RÉSISTANCE À LA FUSARIOSE DE L'ÉPI PAR ÉDITION GÉNOMIQUE(ZH) 一种通过基因组编辑提高小麦赤霉病抗性的方法,202210674184.415.06.2022CN,"CN114875062

US20250101450",PCT/CN2022/143089,29.12.2022,29.12.2022,World Intellectual Property Organization,34.262298,108.073742,Xian Yang Shi,Shan Xi Sheng,China,Wheat,,False,,,True,Disease Resistance
CN397762126,202210812008,China,2022-07-11,116024255.0,2024-03-19,Nanjing Agricultural University,(EN) Method for improving gene editing efficiency of chrysanthemum plant by utilizing adventitious bud in-vitro regeneration(ZH) 一种利用不定芽体外再生提高菊属植物基因编辑效率的方法,,,,,,,32.033399,118.842587,Nan Jing Shi,Jiang Su Sheng,China,Chrysanthemum,617.0,True,2022.0,2024.0,False,Gene Editing Systems Development
CN399863074,202211733524,China,2022-12-30,,,Uestc,(EN) Method for regulating and controlling rice plant type by using promoter for editing rice OsD18 gene(ZH) 一种编辑水稻OsD18基因的启动子调控水稻株型的方法,,,,,,,30.6624863,104.1021662,Cheng Du Shi,,China,Rice,,False,2022.0,,False,Yield Improvement
CN370575930,202210295156,China,2022-03-24,114773442.0,2023-03-24,"Agricultural Genomics Institute At Shenzhen, Chinese Academy Of Agricultural Sciences",(EN) Rice male low-temperature thermo-sensitive sterile line created based on AGO1d gene editing and application of rice male low-temperature thermo-sensitive sterile line(ZH) 基于AGO1d基因编辑创建的水稻雄性低温温敏不育系及其应用,,,,,,,22.59688,114.50409,Shen Zhen Shi,Guang Dong Sheng,China,Rice,365.0,True,2022.0,2023.0,False,Other Genetic Improvement for Crop Traits
CN442096617,202310404761,China,2023-04-17,,,Shanghai Jiao Tong University,(EN) Application of tomato SlCOST1 gene in creation of new tomato germplasm(ZH) 番茄SlCOST1基因在创制番茄新种质中的应用,,,,,,,31.0252201,121.4337784,,Shang Hai Shi,China,Tomatoes,,False,2023.0,,False,Yield Improvement
WO2017186550,PCT/EP2017/059331,,,,,Basf Plant Science Company Gmbh,(EN) IMPROVED METHODS FOR MODIFICATION OF TARGET NUCLEIC ACIDS(FR) PROCÉDÉS AMÉLIORÉS DE MODIFICATION D'ACIDES NUCLÉIQUES CIBLES,"16167773.7		29.04.2016		EP
16167774.5		29.04.2016		EP
17156018.8		14.02.2017		EP","AU2017256517

CN109072207

KR1020190002470

EP3448990

BR112018068934

KR1020230038804

US20190309290

JP2019514376

KR1020220032126

EP3868880

DK3448990

IL262409

CA3022475

MX2021009235

MX2018013256

CL2018003074

IN201827044973

IN202128045052

US20230024869

US20230049124

US20230107997

US20230183686

AU2022100157

AU2022100158

AU2022100159

AU2022100155

AU2022100170

JP2023018093",PCT/EP2017/059331,20.04.2017,20.04.2017,World Intellectual Property Organization,35.8893582,-78.8654029,,North Carolina,United States,Crop plants,,False,,,True,Gene Editing Systems Development
CN330061522,202110302807,China,2021-03-22,,,"China Tobacco Yunnan Industrial Co., Ltd.",(EN) Tobacco peroxidase related gene and application thereof(ZH) 一种烟草过氧化物酶相关的基因及其应用,,,,,,,26.5895249,106.7159627,Gui Yang Shi,Gui Zhou Sheng,China,Tobacco,,False,2021.0,,False,Drought Adaptation
EP214742583,16761120,European Patent Office,2016-03-14,,,Inst Genetics & Developmental Biology Cas,(DE) VERFAHREN ZUR ERHÖHUNG DER RESISTENZ EINER PFLANZE GEGENÜBER EINEM INVADIERENDEN DNA-VIRUS(EN) METHOD FOR INCREASING ABILITY OF PLANT TO RESIST INVADING DNA VIRUS(FR) PROCÉDÉ D'AUGMENTATION DE LA CAPACITÉ D'UNE PLANTE À RÉSISTER À L'INVASION PAR LES VIRUS À ADN,201510107492 12.03.2015 CN,"CN105969792

AR103927

AU2016228599

CA2979292

KR1020170126495

BR112017016423

US20180195084

EA201791991

JP2018507705

WO/2016/141893

IN201737029075

UAa201709464This application is not viewable in PATENTSCOPE because the national phase entry has not been published yet or the national entry is issued from a country that does not share data with WIPO or there is a formatting issue or an unavailability of the application.",,,14.03.2016,European Patent Office,38.115509,114.533286,Shi Jia Zhuang Shi,He Bei Sheng,China,Crop plants,,False,2016.0,,True,Disease Resistance
CN236154297,201711252952,China,2017-12-01,109112138.0,2020-12-08,Huazhong Agricultural University,(EN) Gene OsVAS1 capable of regulating ideal plant type of rice(ZH) 一种调控水稻理想株型的基因OsVAS1,,,,,,,30.475126,114.353035,Wu Han Shi,Hu Bei Sheng,China,Rice,1103.0,True,2017.0,2020.0,False,Yield Improvement
CN283958135,201911106925,China,2019-11-13,110747187.0,2022-10-21,University Of Electronic Science And Technology Of China,"(EN) Cas12a protein identifying TTTV and TTV PAM sites, plant genome orientated editing vector and method(ZH) 识别TTTV、TTV双PAM位点的Cas12a蛋白、植物基因组定向编辑载体及方法",,,,,,,30.6624863,104.1021662,Cheng Du Shi,,China,Crop plants,1073.0,True,2019.0,2022.0,False,Gene Editing Systems Development
CN407129781,202310726444,China,2023-06-19,,,Yangtze Normal University,(EN) Plant ferredoxin PhFd gene and application thereof(ZH) 一种植物铁氧还蛋白PhFd基因及其应用,,,,,,,29.750852,107.262769,,Chongqing,China,Petunia,,False,2023.0,,False,Other Genetic Improvement for Crop Traits
CN403550717,202310432666,China,2023-04-17,,,"Agricultural Genomics Institute At Shenzhen, Chinese Academy Of Agricultural Sciences",(EN) Plant RNA methylation and demethylation editing method and application thereof(ZH) 植物RNA甲基化和去甲基化编辑方法及其应用,,,,,,,22.59688,114.50409,Shen Zhen Shi,Guang Dong Sheng,China,Crop plants,,False,2023.0,,False,Gene Editing Systems Development
CN371002821,202210447150,China,2022-04-18,,,"China Tobacco Yunnan Industrial Co., Ltd.",(EN) Application of methionine sulfoxide reductase gene NtE4 of tobacco in stress resistance of tobacco(ZH) 一种烟草甲硫氨酸亚砜还原酶基因NtE4在烟草抗逆中的应用,,,,,,,26.5895249,106.7159627,Gui Yang Shi,Gui Zhou Sheng,China,Tobacco,,False,2022.0,,False,Other Genetic Improvement for Crop Traits
CN339137374,202110748243,China,2021-07-01,113462661.0,2024-05-07,,"(EN) SIZ1 protein separated from corn, coding gene of SIZ1 protein and application of SIZ1 protein and coding gene in variety improvement(ZH) 从玉米中分离的SIZ1蛋白及其编码基因和在品种改良中的应用",,,,,,,,,,,,Corn/Maize,1041.0,True,2021.0,2024.0,False,Disease Resistance
RU359606481,2020134987,Russian Federation,2020-10-26,,,"Федеральное Государственное Бюджетное Научное Учреждение ""Всероссийский Научно-Исследовательский Институт Сельскохозяйственной Биотехнологии"" (Фгбну Вниисб) (Ru)",(EN) METHOD FOR OBTAINING WHEAT PLANT WITH NUCLEOTIDE DELETION IN PROMOTOR REGION OF VRN-A1 GENE USING CRISPR/CAS9 TECHNOLOGY OF PLANT GENOME EDITING(RU) СПОСОБ ПОЛУЧЕНИЯ РАСТЕНИЯ ПШЕНИЦЫ С НУКЛЕОТИДНОЙ ДЕЛЕЦИЕЙ В ПРОМОТОРНОЙ ОБЛАСТИ ГЕНА VRN-A1 ПРИ ПОМОЩИ ТЕХНОЛОГИИ РЕДАКТИРОВАНИЯ ГЕНОМА РАСТЕНИЙ CRISPR/CAS9,,,,,26.10.2020,Russia,55.8271038,37.5574356,Moskva,Moskva,Russia,Wheat,,False,2020.0,,False,Other Genetic Improvement for Crop Traits
CN341356132,202110871737,China,2021-07-30,113584028.0,2023-10-27,Gannan Normal University,"(EN) SgRNA target sequence for gene editing, vector, editing system and application(ZH) 一种用于基因编辑的sgRNA靶点序列、载体、编辑系统和应用",,,,,,,25.795524,114.887227,Gan Zhou Shi,Jiang Xi Sheng,China,Citrus,819.0,True,2021.0,2023.0,False,Gene Editing Systems Development
CN422926368,202311475278,China,2023-11-08,,,"China Tobacco Yunnan Industrial Co., Ltd.",(EN) Plant gene editing system based on eggplant mottle dwarf virus(ZH) 一种基于茄子斑驳矮化病毒的植物基因编辑系统,,,,,,,26.5895249,106.7159627,Gui Yang Shi,Gui Zhou Sheng,China,Tobacco,,False,2023.0,,False,Gene Editing Systems Development
EP306980528,18882084,European Patent Office,2018-11-21,,,Genkore Co Ltd,(DE) GENOM-EDITING-ZUSAMMENSETZUNG UNTER VERWENDUNG VON CRISPR/CPF1-SYSTEM UND VERWENDUNG DAVON(EN) GENOME EDITING COMPOSITION USING CRISPR/CPF1 SYSTEM AND USE THEREOF(FR) COMPOSITION D'ÉDITION GÉNOMIQUE UTILISANT UN SYSTÈME CRISPR/CPF1 ET SON UTILISATION,20170155927 21.11.2017 KR,"KR1020190058358

AU2018370588

US20200308583

WO/2019/103442

CN111836894",,,21.11.2018,European Patent Office,36.3778218,127.3584364,,Daejeon,South Korea,Crop plants,,False,2018.0,,True,Gene Editing Systems Development
CN418375910,202311209640,China,2023-09-18,117230239.0,2025-01-24,Institute Of Plant Protection Of Xinjiang Academy Of Agricultural Sciences新疆农业科学院植物保护研究所Chinese Academy Of Inspection And Quarantine,"(EN) Kit capable of rapidly detecting pathogenic bacterium fusarium sp. Of corn stem rot, application of kit and detection method(ZH) 一种可快速检测玉米茎腐病病原菌镰孢菌的试剂盒及其应用和检测方法",,,,,,,43.8141912,87.5738005,Wu Lu Mu Qi Shi,Xin Jiang Wei Wu Er Zi Zhi Qu,China,Corn/Maize,494.0,True,2023.0,2025.0,False,Disease Resistance
RU359606482,2020134988,Russian Federation,2020-10-26,,,"Федеральное Государственное Бюджетное Научное Учреждение ""Всероссийский Научно-Исследовательский Институт Сельскохозяйственной Биотехнологии"" (Фгбну Вниисб) (Ru)",(EN) METHOD FOR PRODUCING A WHEAT PLANT WITH A NUCLEOTIDE INSERT IN THE PROMOTOR REGION OF THE VRN-A1 GENE USING THE CRISPR/CAS9 TECHNOLOGY FOR EDITING PLANT GENOME(RU) СПОСОБ ПОЛУЧЕНИЯ РАСТЕНИЯ ПШЕНИЦЫ С НУКЛЕОТИДНОЙ ВСТАВКОЙ В ПРОМОТОРНОЙ ОБЛАСТИ ГЕНА VRN-A1 ПРИ ПОМОЩИ ТЕХНОЛОГИИ РЕДАКТИРОВАНИЯ ГЕНОМА РАСТЕНИЙ CRISPR/CAS9,,,,,26.10.2020,Russia,55.8271038,37.5574356,Moskva,Moskva,Russia,Wheat,,False,2020.0,,False,Yield Improvement
CN190079767,102016000587707,China,2016-07-22,106191107.0,2020-03-20,Hunan Hybrid Rice Research Center,(EN) Molecular improvement method for lowering rice grain seed holding(ZH) 一种降低水稻籽粒落粒性的分子改良方法,,,,,22.07.2016,China,28.197709,113.083429,Chang Sha Shi,Hu Nan Sheng,China,Rice,1337.0,True,2016.0,2020.0,False,Yield Improvement
CN374061813,202210754131,China,2022-06-28,114990137.0,2023-06-09,"Ludong Unviersity鲁东大学Shandong Baisihe Future Agricultural Technology Development Co., Ltd.山东百思禾未来农业科技发展有限公司Zhaoyuan Shenghui Agricultural Technology Development Co., Ltd.",(EN) Arabidopsis thaliana calcium binding protein gene AtCAREF and application thereof(ZH) 拟南芥钙结合蛋白基因AtCAREF及应用,,,,,,,35.0734331,115.5611632,He Ze Shi,Shan Dong Sheng,China,Other plants,346.0,True,2022.0,2023.0,False,Other Genetic Improvement for Crop Traits
CN297692176,202010034529,China,2020-01-14,,,Zhejiang Academy Of Agricultural Sciences浙江省农业科学院Huzhou Academy Of Agricultural Sciences,(EN) Method for obtaining rape with high oleic acid content on basis of double-site genome editing(ZH) 基于双位点基因组编辑获得高油酸油菜的方法,,,,,,,30.305626,120.195509,Hang Zhou Shi,Zhe Jiang Sheng,China,Canola,,False,2020.0,,False,Other Genetic Improvement for Crop Traits
CN296184001,202010092500,China,2020-02-14,111206047.0,2020-12-08,"South China Botanical Garden, Chinese Academy Of Sciences",(EN) OsSWEET13 gene mutant and application in raising of rice yield thereof(ZH) OsSWEET13基因突变体及其在提高水稻产量中的应用,,,,,,,23.186944,113.364357,Guang Zhou Shi,Guang Dong Sheng,China,Rice,298.0,True,2020.0,2020.0,False,Yield Improvement
IL395511440,300823,Israel,2023-02-21,,,Pairwise Plants Services Inc,(EN) ENGINEERED CRISPR-CAS PROTEINS AND METHODS OF USE THEREOF(HE) חלבוני CRISPR-CAS מהונדסים ושיטות השימוש בהם,"63/071,734 28.08.2020 US","WO/2022/047135

AU2021331344

CA3192195

KR1020230058090

EP4204436

JP2023539668

CN116745415

NZ797276

MX2023002160

CL2023000554

BR112023003573This application is not viewable in PATENTSCOPE because the national phase entry has not been published yet or the national entry is issued from a country that does not share data with WIPO or there is a formatting issue or an unavailability of the application.

IN202347022446This application is not viewable in PATENTSCOPE because the national phase entry has not been published yet or the national entry is issued from a country that does not share data with WIPO or there is a formatting issue or an unavailability of the application.

SG11202301230XThis application is not viewable in PATENTSCOPE because the national phase entry has not been published yet or the national entry is issued from a country that does not share data with WIPO or there is a formatting issue or an unavailability of the application.",,,21.02.2023,Israel,35.9900355,-78.8898264,Durham,North Carolina,United States,Crop plants,,False,2023.0,,True,Gene Editing Systems Development
CN396208582,202211253179,China,2022-10-13,,,Southern University Of Science And Technology,(EN) Method for targeted removal of bacterial drug resistance(ZH) 靶向清除细菌耐药性的方法,,,,,,,22.593969,113.99894,Shen Zhen Shi,Guang Dong Sheng,China,Crop plants,,False,2022.0,,False,Other Purpose
CN405935283,202210065916,China,2022-01-20,,,"Institute Of Genetics And Developmental Biology, Chinese Academy Of Sciences",(EN) Method for creating fragrant sorghum and biological material used in method(ZH) 创制香味高粱的方法及其所用生物材料,,,,,,,38.115509,114.533286,Shi Jia Zhuang Shi,He Bei Sheng,China,Sorghum,,False,2022.0,,False,Other Genetic Improvement for Crop Traits
CN412731689,202211523455,China,2022-11-30,,,Nanjing Agricultural University,(EN) Radish gene editing technology based on CRISPR/Cas9 system and application thereof(ZH) 一种基于CRISPR/Cas9系统的萝卜基因编辑技术及其应用,,,,,,,32.033399,118.842587,Nan Jing Shi,Jiang Su Sheng,China,Radish,,False,2022.0,,False,Gene Editing Systems Development
CN295340426,201911411238,China,2019-12-31,,,"Institute Of Plant Protection, Chinese Academy Of Agricultural Sciences","(EN) Vector for editing tomato yellow leaf curl China virus (TYLCCNV) on basis of CRISPR/Cas9 system, and construction method and application of vector(ZH) 基于CRISPR/Cas9系统编辑中国番茄黄化曲叶病毒的载体及其构建方法和应用",,,,,,,39.9628214,116.3269465,,Bei Jing Shi,China,Tomatoes,,False,2019.0,,False,Disease Resistance
EP154345599,14724856,European Patent Office,2014-03-14,,,Univ Minnesota,(DE) MANIPULATION VON PFLANZENGENOMEN UNTER VERWENDUNG VON CRISPR-/CAS-SYSTEMEN(EN) ENGINEERING PLANT GENOMES USING CRISPR/CAS SYSTEMS(FR) INGÉNIERIE DE GÉNOMES DE PLANTES À L'AIDE DE SYSTÈMES CRISPR/CAS,201361790694 15.03.2013 US,"US20140273235

AU2014227831

BR112015022522

JP2016512048

WO/2014/144155

BRUS2014028445

US20150167000

MX2015011985

MX2020011620

CA2906747

IN6312/CHENP/2015

JP2019205470

AU2020202823

US20210380983",,,14.03.2014,European Patent Office,44.97399,-93.2277285,Minneapolis,Minnesota,United States,Crop plants,,False,2014.0,,True,Gene Editing Systems Development
CN393834651,202210260005,China,2022-03-16,,,"Shanghai Customs Animal, Plant And Food Inspection And Quarantine Technology Center",(EN) Kit for detecting shigella based on CRISPR/Cas12a method and use method thereof(ZH) 基于CRISPR/Cas12a方法检测志贺氏菌的试剂盒及其使用方法,,,,,,,31.3044799,121.6187973,,Shang Hai Shi,China,Crop plants,,False,2022.0,,False,Other Purpose
CN231669197,201810333898,China,2018-04-13,108588112.0,2020-04-14,Zhejiang University,(EN) Application of tomato SlMPK20 gene in creating tomato genic male sterile line(ZH) 番茄SlMPK20基因在创建番茄核雄性不育系中的应用,,,,,,,30.3086844,120.0864995,Hang Zhou Shi,Zhe Jiang Sheng,China,Tomatoes,732.0,True,2018.0,2020.0,False,Yield Improvement
CN241956423,201910081299,China,2019-01-28,,,Nanjing Agricultural University,(EN) Application of anti-soybean mosaic virus gene GmRDBM(ZH) 一个抗大豆花叶病毒基因GmRDBM的应用,,,,,,,32.033399,118.842587,Nan Jing Shi,Jiang Su Sheng,China,Soybeans,,False,2019.0,,False,Disease Resistance
AR413640172,P220101734,Argentina,2022-07-01,,,Pairwise Plants Services Inc,(ES) MÉTODOS Y COMPOSICIONES PARA MEJORAR EL DESARROLLO DEL SISTEMA RADICULAR,"63/217,332 01.07.2021 US","WO/2023/278651

CA3224982

BR112023027646

CN117794358

EP4362663

UY0001039836

MX2023014883

IN202447005162This application is not viewable in PATENTSCOPE because the national phase entry has not been published yet or the national entry is issued from a country that does not share data with WIPO or there is a formatting issue or an unavailability of the application.",,,01.07.2022,Argentina,35.9900355,-78.8898264,Durham,North Carolina,United States,Crop plants,,False,2022.0,,True,Yield Improvement
RU448817455,2023131569,Russian Federation,2023-12-01,,2025-02-03,,(EN) METHOD FOR DETECTING ISA1 GENE EDITING EVENTS IN CEREALS USING SET OF OLIGONUCLEOTIDE SEQUENCES(RU) СПОСОБ ВЫЯВЛЕНИЯ СОБЫТИЙ РЕДАКТИРОВАНИЯ ГЕНА ISA1 У ЗЕРНОВЫХ КУЛЬТУР С ПОМОЩЬЮ НАБОРА ОЛИГОНУКЛЕОТИДНЫХ ПОСЛЕДОВАТЕЛЬНОСТЕЙ,,,,,01.12.2023,Russia,,,,,,Wheat,430.0,True,2023.0,2025.0,False,Other Genetic Improvement for Crop Traits
CN437958247,202410968635,China,2024-07-19,118516329.0,2024-11-19,Northwest A&F University Shenzhen Research Institute,(EN) Wheat RNA acetylase TaNAT10 and application thereof(ZH) 一种小麦RNA乙酰化酶TaNAT10及其应用,,,,,,,22.535933,113.944788,Shen Zhen Shi,Guang Dong Sheng,China,Wheat,123.0,True,2024.0,2024.0,False,Disease Resistance
US278278945,16310764,United States of America,2017-06-20,11371051.0,2022-06-28,Keygene N.V.,(EN) Method for targeted DNA alteration in plant cells,2016998 20.06.2016 NL,"AU2017282623

CA3027869

KR1020190020035

EP3472325

WO/2017/222370

JP2019517805

DK3472325

FIEP3472325

ES2981548

IL263595",,,20.06.2017,United States,51.9763484,5.6461028,Wageningen,Gelderland,Netherlands,Crop plants,1834.0,True,2017.0,2022.0,True,Gene Editing Systems Development
AU234885886,2017282623,Australia,2017-06-20,,,Keygene N.V.,(EN) Method for targeted DNA alteration in plant cells,2016998 20.06.2016 NL,"CA3027869

KR1020190020035

EP3472325

WO/2017/222370

JP2019517805

US20190367933

DK3472325

FIEP3472325

ES2981548

IL263595",,,20.06.2017,Australia,51.9763484,5.6461028,Wageningen,Gelderland,Netherlands,Crop plants,,False,2017.0,,True,Gene Editing Systems Development
KR343759126,1020210060798,Republic of Korea,2021-05-11,102688555.0,2024-07-25,중앙대학교 산학협력단Chung Ang University Industry Academic Cooperation Foundation,(EN) GENOME SINGLE BASE EDITING METHOD BASED ON CRISPR/Cpf1 SYSTEM AND USE THEREOF(KO) CRISPR/Cpf1 시스템을 기반으로 한 유전체 단일 염기 편집 방법 및 이의 용도,1020200055734 11.05.2020 KR,,,,11.05.2021,South Korea,37.5045563,126.9569379,,Seoul,South Korea,Crop plants,1171.0,True,2021.0,2024.0,False,Gene Editing Systems Development
CN375273641,202210719566,China,2022-06-23,115044592.0,2023-06-27,Shandong Agricultural University,(EN) Gene ZmADT2 for regulating and controlling corn plant type and tumor smut resistance as well as encoding protein and application of gene ZmADT2(ZH) 一种调控玉米株型和瘤黑粉病抗性的基因ZmADT2及其编码蛋白和应用,,,,,,,36.1939376,117.1193702,Tai An Shi,Shan Dong Sheng,China,Corn/Maize,369.0,True,2022.0,2023.0,False,Disease Resistance
KR391087766,1020210095574,Republic of Korea,2021-07-21,102675540.0,2024-06-13,경상국립대학교산학협력단Industry-Academic Cooperation Foundation Gyeongsang National University,"(EN) METHOD FOR PRODUCING TOMATO PLANT WITH CONTROLLED DISEASE RESISTANCE USING GENE EDITING, AND TOMATO PLANT PREPARED BY METHOD(KO) 유전자 교정을 이용한 병 저항성이 조절된 토마토 식물체의 제조방법 및 상기 제조방법에 의해 제조된 토마토 식물체",,WO/2023/003177,,,21.07.2021,South Korea,35.1530444,128.1010899,Jinju-si,Gyeongsangnam-do,South Korea,Tomatoes,1058.0,True,2021.0,2024.0,True,Disease Resistance
WO2017028768,PCT/CN2016/095307,,,,,Ntd Patent And Trademark Agency Limited,(EN) METHOD FOR OBTAINING GLYPHOSATE-RESISTANT RICE BY SITE-DIRECTED NUCLEOTIDE SUBSTITUTION(FR) PROCÉDÉ POUR OBTENIR DU RIZ RÉSISTANT AU GLYPHOSATE PAR SUBSTITUTION DE NUCLÉOTIDE DIRIGÉE,201510500930.814.08.2015CN,"CN106467909

AU2016309392

KR1020180031765

EP3334832

BR112018002026

EA201890492

US20190062779

JP2018527920

KR1020200078685

AR105713

CA2994883

UAa201802118This application is not viewable in PATENTSCOPE because the national phase entry has not been published yet or the national entry is issued from a country that does not share data with WIPO or there is a formatting issue or an unavailability of the application.",PCT/CN2016/095307,15.08.2016,15.08.2016,World Intellectual Property Organization,22.302027,114.178402,,Kowloon,Hong Kong,Rice,,False,,,True,Pesticide Resistance
CN291485075,201911284409.X,China,2019-12-13,110878312.0,2021-03-23,Li Jia,"(EN) Corn ZmDTX3.1 mutant gene, construction method for genetic transformation system of corn ZmDTX3.1 mutant gene, and application for corn ZmDTX3.1 mutant gene(ZH) 玉米ZmDTX3.1突变基因及其遗传转化体系的构建方法和应用",,,,,13.12.2019,China,40.7530733,-73.8269805,,New York,United States,Corn/Maize,466.0,True,2019.0,2021.0,False,Yield Improvement
CN364577844,202210224394,China,2022-03-09,,,Yangzhou University,(EN) Maize long-chain non-coding RNA lncRNA25659 and application thereof(ZH) 玉米长链非编码RNA lncRNA25659及其用途,,,,,,,32.399078,119.389893,Yangzhou,Jiangsu,China,Corn/Maize,,False,2022.0,,False,Yield Improvement
CN395780408,202210940972,China,2022-08-08,,,"Cotton Research Institute, Chinese Academy Of Agricultural Sciences",(EN) Application of GhDMP8 gene as target to improvement of haploid inductivity of cotton female parent(ZH) 一种GhDMP8基因作为靶点在提高棉花母本单倍体诱导率中的应用,,,,,,,36.061512,114.354998,An Yang Shi,He Nan Sheng,China,Cotton,,False,2022.0,,False,Other Genetic Improvement for Crop Traits
CN422926516,202311497607,China,2023-11-11,,,Southwest University,(EN) Application of editing ptoESK1 gene in improving sugar production efficiency or/and ethanol yield of poplar(ZH) 编辑ptoESK1基因在提高杨树产糖效率或/和乙醇产量中的应用,,,,,,,29.8195959,106.4266239,,Chong Qing Shi,China,Poplar,,False,2023.0,,False,Yield Improvement
CN198358522,102016001247205,China,2016-12-29,,,Zhejiang University,(EN) Smearing agent and application thereof in screening rice T0 transgenic mutant plant(ZH) 0代转基因突变植株中的应用,,,,,29.12.2016,China,30.3086844,120.0864995,Hang Zhou Shi,Zhe Jiang Sheng,China,Rice,,False,2016.0,,False,Pesticide Resistance
CN361396496,202111588443,China,2021-12-23,,,Tropical Biotechnology Research Institute Of Chinese Tropical Agricultural Sciences,(EN) CRISPR/Cas9 gene editing vector as well as construction method and application thereof(ZH) 一种CRISPR/Cas9基因编辑载体、构建方法及其应用,,,,,,,39.959662,116.327333,,北京市,China,Cassava,,False,2021.0,,False,Gene Editing Systems Development
CN282357080,201911102351,China,2019-11-12,110669785.0,2021-07-20,China Agricultural University,(EN) Tomato SlLOB40 protein and application of encoding gene thereof in regulation of plant drought resistance(ZH) 番茄SlLOB40蛋白及其编码基因在调控植物抗旱性中的应用,,,,,,,40.004202,116.352988,,Bei Jing Shi,China,Tomatoes,616.0,True,2019.0,2021.0,False,Drought Adaptation
CN441683476,202410762568,China,2024-06-13,,,Henan University河南大学Sanya Research Institute Of Henan University,(EN) Application of cotton cinnamyl alcohol dehydrogenase gene in regulation and control of plant fertility(ZH) 棉花肉桂醇脱氢酶基因在调控植物育性中的应用,,,,,,,34.808921,114.369752,Kai Feng Shi,He Nan Sheng,China,Cotton,,False,2024.0,,False,Yield Improvement
CN439188263,202410762175.X,China,2024-06-13,,,Guangxi Academy Of Agricultural Sciences,(EN) Preparation method of rice partial male sterility mutant oswsd1 plant(ZH) 一种水稻部分雄性不育突变体oswsd1植株的制备方法,,,,,13.06.2024,China,22.841119,108.249658,Nan Ning Shi,Guang Xi Zhuang Zu Zi Zhi Qu,China,Rice,,False,2024.0,,False,Yield Improvement
CN310440969,202010745699.X,China,2020-07-29,,,Jiangxi Agricultural University,(EN) oligo DNA group of sgRNA for realizing fixed point knockout of rice OsAurora1 gene(ZH) 一种定点敲除水稻OsAurora1基因的sgRNA的oligo DNA组,,,,,29.07.2020,China,28.762772,115.832826,Nan Chang Shi,Jiang Xi Sheng,China,Rice,,False,2020.0,,False,Gene Editing Systems Development
CN436465594,202311297975,China,2023-10-09,,,"Biotechnology Research Institute, Caas",(EN) Medicago sativa CRISPR/Cas9 multi-target editing system and application thereof(ZH) 紫花苜蓿CRISPR/Cas9多靶点编辑系统及其应用,,,,,,,39.959662,116.327333,,北京市,China,Alfalfa,,False,2023.0,,False,Gene Editing Systems Development
MX390515918,2020011620,Mexico,2015-09-09,,,Regents Of The University Of Minnesota,(EN) ENGINEERING PLANT GENOMES USING CRISPR/CAS SYSTEMS.(ES) INGENIERIA GENOMICA DE PLANTAS UTILIZANDO SISTEMAS CRISPR/CAS.,"61/790,694 15.03.2013 US","US20140273235

EP2970997

AU2014227831

BR112015022522

JP2016512048

WO/2014/144155

BRUS2014028445

US20150167000

MX2015011985

CA2906747

IN6312/CHENP/2015

JP2019205470

AU2020202823

US20210380983",,,09.09.2015,Mexico,44.9753198,-93.2279939,Minneapolis,Minnesota,United States,Crop plants,,False,2015.0,,True,Gene Editing Systems Development
WO2014144155,PCT/US2014/028445,,,,,Regents Of The University Of Minnesota,(EN) ENGINEERING PLANT GENOMES USING CRISPR/CAS SYSTEMS(FR) INGÉNIERIE DE GÉNOMES DE PLANTES À L'AIDE DE SYSTÈMES CRISPR/CAS,"61/790,69415.03.2013US","US20140273235

EP2970997

AU2014227831

BR112015022522

JP2016512048

BRUS2014028445

US20150167000

MX2015011985

MX2020011620

CA2906747

IN6312/CHENP/2015

JP2019205470

AU2020202823

US20210380983",PCT/US2014/028445,14.03.2014,14.03.2014,World Intellectual Property Organization,44.9799458,-93.2598765,Minneapolis,Minnesota,United States,Crop plants,,False,,,True,Gene Editing Systems Development
CA152749803,2906747,Canada,,,,Regents Of The University Of Minnesota,(EN) ENGINEERING PLANT GENOMES USING CRISPR/CAS SYSTEMS(FR) INGENIERIE DE GENOMES DE PLANTES A L'AIDE DE SYSTEMES CRISPR/CAS,"61/790,694 15.03.2013 US","US20140273235

EP2970997

AU2014227831

BR112015022522

JP2016512048

WO/2014/144155

BRUS2014028445

US20150167000

MX2015011985

MX2020011620

IN6312/CHENP/2015

JP2019205470

AU2020202823

US20210380983",,,,Canada,44.9753198,-93.2279939,Minneapolis,Minnesota,United States,Crop plants,,False,,,True,Gene Editing Systems Development
CN232275079,201810479983.X,China,2018-05-18,,,Jiangsu Academy Of Agricultural Sciences,(EN) Method for breeding mung bean flowering pollination mutant based on CRISPR/Cas9 gene editing technology and special gRNA(ZH) 基于CRISPR/Cas9基因编辑技术选育绿豆开花传粉突变体的方法及专用gRNA,,,,,18.05.2018,China,32.035361,118.869025,Nanjing,Jiangsu,China,Mung bean,,False,2018.0,,False,Other Genetic Improvement for Crop Traits
CN365436470,202210351108.X,China,2022-04-02,114591982.0,2022-11-04,South China Plant Garden Of Chinese Academy Of Sciences,(EN) Application of rice OsbZIP39 gene in improving cadmium resistance of rice(ZH) 水稻OsbZIP39基因在提高水稻镉抗性中的应用,,,,,02.04.2022,China,23.186944,113.364357,Guang Zhou Shi,Guang Dong Sheng,China,Rice,216.0,True,2022.0,2022.0,False,Other Genetic Improvement for Crop Traits
CN436506925,202410266947,China,2024-03-08,,,Northwest A&F University,(EN) Method for creating diploid seedless watermelon through gene editing ClSPO11-2(ZH) 一种通过基因编辑ClSPO11-2创制二倍体无籽西瓜的方法,,,,,,,34.262298,108.073742,Xian Yang Shi,Shan Xi Sheng,China,Watermelon,,False,2024.0,,False,Other Genetic Improvement for Crop Traits
CN405913018,202310749968,China,2023-06-25,,,"China Tobacco Yunnan Industrial Co., Ltd.",(EN) Method for increasing ratio of S lignin to G lignin in tobacco plant(ZH) 一种提升烟草植株中S木质素与G木质素比值的方法,,,,,,,26.5895249,106.7159627,Gui Yang Shi,Gui Zhou Sheng,China,Tobacco,,False,2023.0,,False,Other Genetic Improvement for Crop Traits
CN407793766,202310649644,China,2023-06-02,,,Institute Of Tobacco Research Of Caas (Qingzhou Tobacco Research Institute Of China National Tobacco Company)中国农业科学院烟草研究所（中国烟草总公司青州烟草研究所）,(EN) Method for blocking metabolic pathway of tomato endogenous monoterpene compound(ZH) 一种阻断番茄内源单萜化合物代谢途径的方法,,,,,,,36.722894,118.509845,Wei Fang Shi,Shan Dong Sheng,China,Tomatoes,,False,2023.0,,False,Other Genetic Improvement for Crop Traits
US238727218,16176936,United States of America,2018-10-31,,,Purdue Research Foundation,(EN) IDENTIFICATION OF CROP MYB TRANSCRIPTION FACTORS AND THEIR USE,,"US20130227746

WO/2012/064827

US20160215294",,,31.10.2018,United States,40.4645585,-86.928136,West Lafayette,Indiana,United States,Rice,,False,2018.0,,True,Other Genetic Improvement for Crop Traits
CN321730126,201910930856,China,2019-09-29,112575001.0,2023-01-31,Guangzhou University,(EN) Application of GmLCL3 gene in regulating photoperiod and flowering time of soybeans and increasing yield of soybeans(ZH) GmLCL1基因在调节大豆光周期和开花时间以及提高大豆产量中的应用,,,,,,,23.2759012,113.6721525,Guangzhou,Guangdong Province,China,Soybeans,1220.0,True,2019.0,2023.0,False,Yield Improvement
CN347943467,202010546983,China,2020-06-16,113880926.0,2024-04-23,"Institute Of Botany, The Chinese Academy Of Sciences",(EN) Plant salt tolerance related protein as well as related biological material and application thereof(ZH) 植物耐盐性相关蛋白及其相关生物材料与应用,,,,,,,39.9935072,116.2160961,,Bei Jing Shi,China,Rice,1407.0,True,2020.0,2024.0,False,Other Genetic Improvement for Crop Traits
CN427327169,202311697426,China,2023-12-11,,,Hainan University,(EN) Application of cell nucleic acid binding protein CNBP and coding gene thereof in regulation and control of plant salt tolerance(ZH) 细胞核酸结合蛋白CNBP及其编码基因在调控植物耐盐中的应用,,,,,,,20.06199,110.32874,Hai Kou Shi,,China,Arabidopsis,,False,2023.0,,False,Drought Adaptation
CA205108241,2979290,Canada,,,,"Institute Of Genetics And Developmental Biology, Chinese Academy Of Sciences",(EN) A METHOD FOR MAKING SITE-DIRECTED MODIFICATION TO PLANT GENOMES BY USING NON-INHERITABLE MATERIALS(FR) PROCEDE D'APPLICATION D'UNE SUBSTANCE NON GENETIQUE POUR EFFECTUER UNE REFORMATION DIRIGEE SUR LE SITE D'UN GENOME DE PLANTE,201510114017.4 16.03.2015 CN,"AU2016239037

KR1020170126502

EP3279321

BR112017016431

US20180163232

EA201792036

WO/2016/155482

CN105985943

AR103926

JP2018508221

IN201737029078

JP2023018066

JP2024160392",,,,Canada,38.115509,114.533286,Shi Jia Zhuang Shi,He Bei Sheng,China,Crop plants,,False,,,True,Gene Editing Systems Development
CN222339305,201711218585,China,2017-11-28,108130328.0,2021-10-29,Shanghai Jiao Tong University,(EN) Application of male sterility gene OsDPW3 and rice fertility restoration method(ZH) 雄性不育基因OsDPW3的应用及水稻育性恢复的方法,,,,,,,31.0252201,121.4337784,,Shang Hai Shi,China,Rice,1431.0,True,2017.0,2021.0,False,Yield Improvement
WO2017048316,PCT/US2016/013005,,,,,President And Fellows Of Harvard College,(EN) SMALL MOLECULE BIOSENSORS(FR) BIOCAPTEURS DE PETITES MOLÉCULES,"62/220,62818.09.2015US",US20180259541,PCT/US2016/013005,12.01.2016,12.01.2016,World Intellectual Property Organization,42.374422,-71.1182765,Cambridge,Massachusetts,United States,Crop plants,,False,,,True,Other Genetic Improvement for Crop Traits
CA360699398,3157707,Canada,2020-10-15,,,Pairwise Plants Services Inc,,"62/916,392 17.10.2019 US","US20210115421

JP2022552409

EP4045643

CN114829595

KR1020220097408

BR112022007125

SG11202203928S

AU2020366358

WO/2021/076682

IL292117

NZ787124

CL2022000937

MX2022004549

BR112022007125This application is not viewable in PATENTSCOPE because the national phase entry has not been published yet or the national entry is issued from a country that does not share data with WIPO or there is a formatting issue or an unavailability of the application.

US20240076639

US20240076640

CL2024001733

CL2024001734

CL2024001737",,,15.10.2020,Canada,35.9900355,-78.8898264,Durham,North Carolina,United States,Crop plants,,False,2020.0,,True,Gene Editing Systems Development
EP372524587,20875763,European Patent Office,2020-10-15,,,Pairwise Plants Services Inc,(DE) VARIANTEN VON CAS12A-NUKLEASEN SOWIE VERFAHREN ZU DEREN HERSTELLUNG UND VERWENDUNG(EN) VARIANTS OF CAS12A NUCLEASES AND METHODS OF MAKING AND USE THEREOF(FR) VARIANTS DE NUCLÉASES CAS12A ET PROCÉDÉS DE FABRICATION ET D'UTILISATION DE CEUX-CI,201962916392 17.10.2019 US,"US20210115421

JP2022552409

CN114829595

KR1020220097408

BR112022007125

CA3157707

SG11202203928S

AU2020366358

WO/2021/076682

IL292117

NZ787124

CL2022000937

MX2022004549

BR112022007125This application is not viewable in PATENTSCOPE because the national phase entry has not been published yet or the national entry is issued from a country that does not share data with WIPO or there is a formatting issue or an unavailability of the application.

US20240076639

US20240076640

CL2024001733

CL2024001734

CL2024001737",,,15.10.2020,European Patent Office,35.9900355,-78.8898264,Durham,North Carolina,United States,Crop plants,,False,2020.0,,True,Gene Editing Systems Development
CN405933404,202211259879,China,2022-10-14,,,Southwest University,(EN) Application of tobacco JIH1-1 gene in preparation of insect-resistant tobacco variety and method of tobacco JIH1-1 gene(ZH) 烟草JIH1-1基因在制备抗虫烟草品种中的应用及其方法,,,,,,,29.8195959,106.4266239,,Chong Qing Shi,China,Tobacco,,False,2022.0,,False,Other Genetic Improvement for Crop Traits
CN299160082,202010185814,China,2020-03-17,,,Biological Technology Institute Of Fujian Academy Of Agricultural Sciences,(EN) Rice-dwarfing and multi-tillering gene Os11g0587000 mutant and applications thereof(ZH) 一种水稻矮化、多分蘖基因Os11g0587000突变体及其应用,,,,,,,26.127051,119.338226,Fuzhou,Fujian,China,Rice,,False,2020.0,,False,Yield Improvement
AR432774420,P230100528,Argentina,2023-03-02,,,Pairwise Plants Services Inc,(ES) MODIFICACIÓN DE GENES DEL RECEPTOR DE BRASINOESTEROIDES PARA MEJORAR RASGOS DE RENDIMIENTO,"63/315,646 02.03.2022 US","CA3253282

WO/2023/168217

CN119072487

EP4486761

MX2024010647

IN202417073148This application is not viewable in PATENTSCOPE because the national phase entry has not been published yet or the national entry is issued from a country that does not share data with WIPO or there is a formatting issue or an unavailability of the application.",,,02.03.2023,Argentina,35.9900355,-78.8898264,Durham,North Carolina,United States,Crop plants,,False,2023.0,,True,Yield Improvement
MX407569699,2022004549,Mexico,2022-04-13,,,Pairwise Plants Services Inc,"(EN) VARIANTS OF CAS12A NUCLEASES AND METHODS OF MAKING AND USE THEREOF.(ES) VARIANTES DE NUCLEASAS CAS12A, METODOS DE FABRICACION Y USO DE LAS MISMAS.","62/916,392 17.10.2019 US","US20210115421

JP2022552409

EP4045643

CN114829595

KR1020220097408

BR112022007125

CA3157707

SG11202203928S

AU2020366358

WO/2021/076682

IL292117

NZ787124

CL2022000937

BR112022007125This application is not viewable in PATENTSCOPE because the national phase entry has not been published yet or the national entry is issued from a country that does not share data with WIPO or there is a formatting issue or an unavailability of the application.

US20240076639

US20240076640

CL2024001733

CL2024001734

CL2024001737",,,13.04.2022,Mexico,35.9900355,-78.8898264,Durham,North Carolina,United States,Crop plants,,False,2022.0,,True,Gene Editing Systems Development
CN412734912,202311198272,China,2023-09-18,116926235.0,2023-12-05,"Biology Security Center, Sanya China Academy Of Inspection三亚中国检科院生物安全中心Institute Of Plant Protection Of Xinjiang Academy Of Agricultural Sciences",(EN) Fusarium RPA-CRISPR/Cas detection kit and method(ZH) 镰孢菌RPA-CRISPR/Cas检测试剂盒和方法,,,,,,,18.31082,109.31578,,,,Corn/Maize,78.0,True,2023.0,2023.0,False,Disease Resistance
CN368373558,202210359488,China,2022-04-06,114672495.0,2022-08-26,Northeast Forestry University,(EN) Gene for controlling betula platyphylla leaf splitting character and application thereof(ZH) 一种控制白桦裂叶性状的基因及其应用,,,,,,,45.7240008,126.6403002,Ha Er Bin Shi,Hei Long Jiang Sheng,China,Other plants,142.0,True,2022.0,2022.0,False,Other Genetic Improvement for Crop Traits
CN429510736,202311870221,China,2023-12-29,,,Huazhong Agricultural University华中农业大学Linyi University,(EN) Application of SlFPF1 gene in regulation and control of tomato flowering time and plant type(ZH) SlFPF1基因在调控番茄开花时间和株型中的应用,,,,,,,35.124632,118.288071,Linyi,Shandong,China,Tomatoes,,False,2023.0,,False,Yield Improvement
CN371010602,202210538023,China,2022-05-18,114807081.0,2023-11-03,"China Tobacco Yunnan Industrial Co., Ltd.",(EN) Gene related to tobacco glutathione transfer and application thereof(ZH) 一种烟草谷胱甘肽转移相关的基因及其应用,,,,,,,26.5895249,106.7159627,Gui Yang Shi,Gui Zhou Sheng,China,Tobacco,534.0,True,2022.0,2023.0,False,Drought Adaptation
CN395087724,202211054333,China,2022-08-31,,,Shandong Agricultural University,(EN) Wheat powdery mildew resistance gene PmD479 and application thereof(ZH) 小麦抗白粉病基因PmD479及其应用,2021110307798 03.09.2021 CN,,,,,,36.1939376,117.1193702,Tai An Shi,Shan Dong Sheng,China,Wheat,,False,2022.0,,False,Disease Resistance
AR413639981,P210100759,Argentina,2021-03-26,,,Pairwise Plants Services Inc,(ES) MÉTODOS PARA CONTROLAR EL TAMAÑO DEL MERISTEMA PARA EL MEJORAMIENTO DE CULTIVOS,"63/000,206 26.03.2020 US","CA3176888

WO/2021/195458

UY0001039145

BR112022019158

CN115605500

EP4126915

MX2022011761

BR112022019158This application is not viewable in PATENTSCOPE because the national phase entry has not been published yet or the national entry is issued from a country that does not share data with WIPO or there is a formatting issue or an unavailability of the application.

IN202247055840",,,26.03.2021,Argentina,35.9900355,-78.8898264,Durham,North Carolina,United States,Crop plants,,False,2021.0,,True,Yield Improvement
CN400924846,202211063341,China,2022-09-01,,,Hunan Agricultural University,(EN) Method for creating temperature-sensitive female sterile rice material(ZH) 一种温敏雌性不育水稻材料的创制方法,,,,,,,28.180967,113.084828,Chang Sha Shi,Hu Nan Sheng,China,Rice,,False,2022.0,,False,Other Genetic Improvement for Crop Traits
AR425398810,P220103094,Argentina,2022-11-10,,,Syngenta Crop Protection Ag,(ES) RESISTENCIA A HERBICIDAS,2116307.6 12.11.2021 GB,"WO/2023/083972

CA3237293

CN118265781

RU2024115422

ID2025/00231

IN202417035882This application is not viewable in PATENTSCOPE because the national phase entry has not been published yet or the national entry is issued from a country that does not share data with WIPO or there is a formatting issue or an unavailability of the application.

CL2024001403

PH12024551113This application is not viewable in PATENTSCOPE because the national phase entry has not been published yet or the national entry is issued from a country that does not share data with WIPO or there is a formatting issue or an unavailability of the application.

MX2024005752",,,10.11.2022,Argentina,47.5522214,7.9640805,Stein,Aargau,Switzerland,Crop plants,,False,2022.0,,True,Pesticide Resistance
WO2020263782,PCT/US2020/039063,,,,,NORTH CAROLINA STATE UNIVERSITY,(EN) METHODS AND COMPOSITIONS FOR MODIFYING NUCLEIC ACIDS AND FOR KILLING CELLS(FR) MÉTHODES ET COMPOSITIONS PERMETTANT DE MODIFIER DES ACIDES NUCLÉIQUES ET DE TUER DES CELLULES,"62/865,64424.06.2019US62/865,65524.06.2019US",,PCT/US2020/039063,23.06.2020,23.06.2020,World Intellectual Property Organization,35.78517011,-78.68046701,,,,Crop plants,,False,,,False,Gene Editing Systems Development
CN107362034,201410209122,China,2014-05-16,104004782.0,2016-06-08,,(EN) Breeding method for prolongation of rice fertility stage(ZH) 一种延长水稻生育期的育种方法,,,,,,,31.887698,117.246045,Hefei,Anhui,China,Rice,754.0,True,2014.0,2016.0,False,Yield Improvement
CN368376158,202210478405,China,2022-05-05,,,Henan Normal University,(EN) Breeding method of salt-tolerant rice variety(ZH) 一种耐盐水稻品种的育种方法,,,,,,,35.3268663,113.9159103,Xin Xiang Shi,He Nan Sheng,China,Rice,,False,2022.0,,False,Other Genetic Improvement for Crop Traits
CN333958093,202110509271.X,China,2021-05-10,113234731.0,2022-03-25,Shandong Agricultural University,(EN) GmARF16 gene for coding soybean ARF transcription factor and application of GmARF16 gene(ZH) 编码大豆ARF转录因子的GmARF16基因及应用,,,,,10.05.2021,China,36.1939376,117.1193702,Tai An Shi,Shan Dong Sheng,China,Soybeans,319.0,True,2021.0,2022.0,False,Drought Adaptation
CN334791167,202110110257,China,2021-01-27,113249387.0,2022-07-12,Henan University Of Science And Technology,(EN) Application of OsPIN9 gene in regulation of cold stress resistance of rice(ZH) OsPIN9基因在调控水稻抗冷胁迫中的应用,,,,,,,34.603664,112.422678,Luo Yang Shi,He Nan Sheng,China,Rice,531.0,True,2021.0,2022.0,False,Cold Tolerance
CN362120710,202210011581,China,2022-01-06,114480485.0,2023-07-18,Nanjing Agricultural University,(EN) Genetic engineering application of paddy rice aminotransferase gene OsGAT2(ZH) 一种水稻谷氨酰胺氨基转移酶基因OsGAT2的基因工程应用,,,,,,,32.033399,118.842587,Nan Jing Shi,Jiang Su Sheng,China,Rice,558.0,True,2022.0,2023.0,False,Yield Improvement
CN428120492,202410023407,China,2024-01-08,,,Huazhong Agricultural University,(EN) Separated mustard heading gene BjKNAT6 and development and application of molecular marker(ZH) 一种分离的芥菜结球基因BjKNAT6及分子标记的开发和应用,,,,,,,30.475126,114.353035,Wu Han Shi,Hu Bei Sheng,China,Mustard,,False,2024.0,,False,Other Genetic Improvement for Crop Traits
AR436441416,P230101087,Argentina,2023-05-04,,,"Pairwise Plants Services, Inc.Monsanto Technology Llc",(ES) MÉTODOS Y COMPOSICIONES PARA MODIFICAR LA ARQUITECTURA RADICULAR Y/O MEJORAR LOS RANGOS DE RENDIMIENTO DE LAS PLANTAS,"63/338,467 05.05.2022 US","WO/2023/215809

CN119325481

EP4519289

MXMX/a/2024/013433This application is not viewable in PATENTSCOPE because the national phase entry has not been published yet or the national entry is issued from a country that does not share data with WIPO or there is a formatting issue or an unavailability of the application.

IN202447095853This application is not viewable in PATENTSCOPE because the national phase entry has not been published yet or the national entry is issued from a country that does not share data with WIPO or there is a formatting issue or an unavailability of the application.",,,04.05.2023,Argentina,35.9900355,-78.8898264,Durham,North Carolina,United States,Crop plants,,False,2023.0,,True,Yield Improvement
AR440322777,P230101625,Argentina,2023-06-23,,,Pairwise Plants Services Inc,(ES) MÉTODOS Y COMPOSICIONES PARA MODIFICAR EL ESCAPE A LA SOMBRA EN PLANTAS,"63/355,730 27.06.2022 US","WO/2024/006679

CN119585298",,,23.06.2023,Argentina,35.9900355,-78.8898264,Durham,North Carolina,United States,Corn/Maize,,False,2023.0,,True,Yield Improvement
CN395506990,202211074786,China,2022-09-02,115894646.0,2023-10-27,Yangzhou University,(EN) OsJDG1 gene and application thereof in regulation and control of rice grain shape and thousand grain weight(ZH) OsJDG1基因及其在调控水稻粒型和千粒重中的应用,,,,,,,32.399078,119.389893,Yangzhou,Jiangsu,China,Rice,420.0,True,2022.0,2023.0,False,Yield Improvement
CN426593675,202410083698,China,2024-01-19,,,"Huazhong Agricultural University华中农业大学Hubei Daodao Hongye Biotechnology Co., Ltd.湖北稻道鸿业生物科技有限公司Hubei Hongshan Laboratory湖北洪山实验室Hubei Shuangshui Shuanglv Biotechnology Co., Ltd.",(EN) Application of OsCRK35 gene in controlling drought resistance of rice(ZH) OsCRK35基因在控制水稻抗旱性中的应用,,,,,,,30.475126,114.353035,Wu Han Shi,Hu Bei Sheng,China,Rice,,False,2024.0,,False,Drought Adaptation
CN436043146,202410595160,China,2024-05-14,,,Hunan University,(EN) OsRALF13 gene and application of protein coded by OsRALF13 gene in regulation and control of rice seed size(ZH) OsRALF13基因及其编码的蛋白质在调控水稻种子大小中的应用,,,,,,,28.178915,112.94395,Chang Sha Shi,Hu Nan Sheng,China,Rice,,False,2024.0,,False,Yield Improvement
CN424230946,202311533231,China,2023-11-17,117568395.0,2024-10-25,Yunnan Agricultural University,(EN) OsPCRKs gene and application thereof in regulating resistance of rice to rice blast(ZH) OsPCRKs基因及其在调控水稻对稻瘟病的抗性中的应用,,,,,,,25.124795,102.742834,Kun Ming Shi,Yun Nan Sheng,China,Rice,343.0,True,2023.0,2024.0,False,Disease Resistance
CN429521696,202410266952,China,2024-03-08,,,Northwest A&F University,(EN) Method for creating diploid seedless watermelon through gene editing ClCKI1(ZH) 一种通过基因编辑ClCKI1创制二倍体无籽西瓜的方法,,,,,,,34.262298,108.073742,Xian Yang Shi,Shan Xi Sheng,China,Watermelon,,False,2024.0,,False,Other Genetic Improvement for Crop Traits
CN214971044,201710999411,China,2017-10-24,107893086.0,2021-09-03,"Wuhan Botanical Garden, Chinese Academy Of Sciences",(EN) Method for rapidly establishing Cas9 dual-element expression carrier library of paired sg RNA(ZH) 快速构建配对sgRNA的Cas9双元表达载体文库的方法,,,,,,,30.542667,114.419947,Wu Han Shi,Hu Bei Sheng,China,Crop plants,1410.0,True,2017.0,2021.0,False,Gene Editing Systems Development
US323259936,17084721,United States of America,2020-10-30,,,Pairwise Plants Services Inc,(EN) TYPE V CRISPR-CAS BASE EDITORS AND METHODS OF USE THEREOF,,"CA3158897

WO/2021/087182

AU2020372931

SG11202204012U

KR1020220110739

CN114867852

EP4051788

JP2023501223

EP4471149

NZ787352",,,30.10.2020,United States,35.9900355,-78.8898264,Durham,North Carolina,United States,Crop plants,,False,2020.0,,True,Gene Editing Systems Development
CN422266520,202311345922,China,2023-10-18,,,Zhejiang University,(EN) Gene participating in formation of tomato flavonol 3-O-glucoside and application thereof(ZH) 一个参与番茄黄酮醇3-O-葡萄糖苷形成的基因及其应用,,,,,,,30.3086844,120.0864995,Hang Zhou Shi,Zhe Jiang Sheng,China,Tomatoes,,False,2023.0,,False,Other Genetic Improvement for Crop Traits
CN334797159,202110528344.X,China,2021-05-14,113249395.0,2022-04-29,Nanjing Agricultural University,(EN) Application of soybean agglutinin receptor kinase Rsc7-1 coding gene(ZH) 大豆凝集素受体激酶Rsc7-1编码基因的应用,,,,,14.05.2021,China,32.033399,118.842587,Nan Jing Shi,Jiang Su Sheng,China,Soybeans,350.0,True,2021.0,2022.0,False,Disease Resistance
WO2020007331,PCT/CN2019/094630,,,,,"广东三杰牧草生物科技有限公司 Guangdong Sanjie Forage Biotechnology Co., Ltd",(EN) METHOD FOR SITE-SPECIFIC MUTAGENESIS OF MEDICAGO SATIVA GENE BY USING CRISPR/CAS9 SYSTEM(FR) MÉTHODE DE MUTAGENÈSE DIRIGÉE D'UN GÈNE DE MEDICAGO SATIVA PAR UTILISATION D'UN SYSTÈME CRISPR/CAS9(ZH) 一种利用CRISPR/Cas9系统对紫花苜蓿基因定点突变的方法,201810724589.804.07.2018CN,"CN108866093

AU2019299296

EP3848464

US20210292777

CA3105396

US20210147844",PCT/CN2019/094630,03.07.2019,03.07.2019,World Intellectual Property Organization,23.10456,113.831377,Dong Guan Shi,Guang Dong Sheng,China,Alfalfa,,False,,,True,Gene Editing Systems Development
CN275775028,201910629321,China,2019-07-12,110358773.0,2021-02-09,Huazhong Agricultural University,(EN) Rice seed storage-resistant gene sd1 and molecular marker and application thereof(ZH) 一种水稻种子耐贮藏性基因sd1及其分子标记和应用,,,,,,,30.475126,114.353035,Wu Han Shi,Hu Bei Sheng,China,Rice,578.0,True,2019.0,2021.0,False,Other Genetic Improvement for Crop Traits
WO2022245454,PCT/US2022/024863,,,,,Kansas State University Research Foundation,(EN) SHORT MULTI-REPEAT RNA TARGETING GENE SILENCING(FR) SILENÇAGE DE GÈNE CIBLANT L'ARN À PLUSIEURS RÉPÉTITIONS COURTES,"63/174,83214.04.2021US",US20240182899,PCT/US2022/024863,14.04.2022,14.04.2022,World Intellectual Property Organization,39.2048416,-96.586708,Manhattan,Kansas,United States,Crop plants,,False,,,True,Other Genetic Improvement for Crop Traits
WO2020011985,PCT/EP2019/068839,,,,,Keygene N.V.,(EN) TYPE V CRISPR/NUCLEASE-SYSTEM FOR GENOME EDITING IN PLANT CELLS(FR) SYSTÈME CRISPR/NUCLÉASE DE TYPE V POUR ÉDITION DE GÉNOME DANS DES CELLULES VÉGÉTALES,"18194078.412.09.2018EP62/697,02112.07.2018US","EP3821008

US20210238612

JP2021524266",PCT/EP2019/068839,12.07.2019,12.07.2019,World Intellectual Property Organization,51.9763484,5.6461028,Wageningen,Gelderland,Netherlands,Crop plants,,False,,,True,Gene Editing Systems Development
CN325822384,202110270214,China,2021-03-12,112830963.0,2022-05-31,"Cotton Research Institute, Chinese Academy Of Agricultural Sciences",(EN) GhFLA19-D protein for adjusting and controlling male reproductive development of cotton as well as coding gene and application of GhFLA19-D protein(ZH) 一种调控棉花雄性生殖发育的GhFLA19-D蛋白及其编码基因与应用,,,,,,,36.061512,114.354998,An Yang Shi,He Nan Sheng,China,Cotton,445.0,True,2021.0,2022.0,False,Other Genetic Improvement for Crop Traits
CN323796526,202110116744.X,China,2021-01-28,112724218.0,2022-04-22,Huazhong Agricultural University,(EN) Separated lettuce Tr gene and application thereof in controlling allergic reaction of lettuce to triazinam(ZH) 一种分离的莴苣Tr基因及其在控制莴苣对嗪胺灵过敏反应中的应用,,,,,28.01.2021,China,30.475126,114.353035,Wu Han Shi,Hu Bei Sheng,China,Lettuce,449.0,True,2021.0,2022.0,False,Pesticide Resistance
CN409107338,202310641993,China,2023-06-01,,,Beijing Normal University,(EN) Application of rice recombination frequency regulation related genes RAD51C and RAD51D(ZH) 水稻重组频率调控相关基因RAD51C和RAD51D的应用,,,,,,,39.9619537,116.3662615,,Bei Jing Shi,China,Rice,,False,2023.0,,False,Other Genetic Improvement for Crop Traits
CN403936848,202310276468,China,2023-03-21,,,Northwest A&F University,"(EN) Wheat sugar transporter, gene and application thereof(ZH) 一种小麦糖转运蛋白、基因及其应用",,,,,,,34.262298,108.073742,Xian Yang Shi,Shan Xi Sheng,China,Wheat,,False,2023.0,,False,Disease Resistance
CN431127471,202410082734,China,2024-01-19,,,"Huazhong Agricultural University华中农业大学Hubei Daodao Hongye Biotechnology Co., Ltd.湖北稻道鸿业生物科技有限公司Hubei Hongshan Laboratory湖北洪山实验室Hubei Shuangshui Shuanglv Biotechnology Co., Ltd.",(EN) Application of OsCRK29 gene in controlling drought resistance of rice(ZH) OsCRK29基因在控制水稻抗旱性中的应用,,,,,,,30.475126,114.353035,Wu Han Shi,Hu Bei Sheng,China,Rice,,False,2024.0,,False,Drought Adaptation
WO2020156367,PCT/CN2020/073414,,,,,湖南杂交水稻研究中心 Hunan Hybrid Rice Research Center,(EN) METHOD FOR IMPROVING ORYZA SATIVA YIELD AND/OR BLAST RESISTANCE AND PROTEIN USED THEREBY(FR) PROCÉDÉ D'AMÉLIORATION DU RENDEMENT D'ORYZA SATIVA ET/OU DE LA RÉSISTANCE À LA COULURE ET PROTÉINE UTILISÉE À CETTE FIN(ZH) 提高水稻产量和/或稻瘟病抗性的方法及其所用蛋白质,201910107261.602.02.2019CN201910107277.702.02.2019CN,US20220106605,,21.01.2020,21.01.2020,World Intellectual Property Organization,28.197709,113.083429,Chang Sha Shi,Hu Nan Sheng,China,Rice,,False,,,True,Yield Improvement
CN427815280,202410032949,China,2024-01-09,,,Yangzhou University,(EN) Application of rice OsSPL10 gene in regulation and control of pre-harvest germination of rice(ZH) 水稻OsSPL10基因在调控水稻穗发芽中的应用,,,,,,,32.399078,119.389893,Yangzhou,Jiangsu,China,Rice,,False,2024.0,,False,Other Genetic Improvement for Crop Traits
US414867758,18040942,United States of America,2021-08-17,,,"University Of Maryland, College Park","(EN) COMPOSITIONS, SYSTEMS, AND METHODS FOR ORTHOGONAL GENOME ENGINEERING IN PLANTS",,"WO/2022/040169

EP4200413",,,17.08.2021,United States,38.9869183,-76.9425543,College Park,Maryland,United States,Crop plants,,False,2021.0,,True,Gene Editing Systems Development
CN321248686,202011597646,China,2020-12-29,112522272.0,2022-05-20,Huazhong Agricultural University,(EN) Novel creation method of self-incompatible brassica napus germplasm(ZH) 一种新的自交不亲和油菜种质的创制方法,,,,,,,30.475126,114.353035,Wu Han Shi,Hu Bei Sheng,China,Canola,507.0,True,2020.0,2022.0,False,Other Genetic Improvement for Crop Traits
US422368628,17642050,United States of America,2021-08-19,,,Kt&G Corporation,(EN) TRANSGENIC PLANT WITH REDUCED HEAVY METALS AND METHODS FOR PREPARATION THEREOF,1020200114891 08.09.2020 KR,,,,19.08.2021,United States,40.7614858,-73.902429,,New York,United States,Crop plants,,False,2021.0,,False,Other Genetic Improvement for Crop Traits
WO2020007002,PCT/CN2018/124189,,,,,"青岛袁策集团有限公司 Qingdao Yuance Group Co., Ltd.",(EN) METHOD FOR ACQUIRING AND CREATING STERILE MUTANT(FR) PROCÉDÉ D'ACQUISITION ET DE CRÉATION D'UN MUTANT STÉRILE(ZH) 不育系突变体的获取和创制方法,201810734127.405.07.2018CN201810794442.618.07.2018CN201810794443.018.07.2018CN,,PCT/CN2018/124189,27.12.2018,27.12.2018,World Intellectual Property Organization,36.18844,120.50863,Qing Dao Shi,Shan Dong Sheng,China,Rice,,False,,,False,Yield Improvement
CN254165622,201910525289,China,2019-06-18,,,Nanjing Normal University,(EN) Naringenin production method based on phomopsis cell fermentation(ZH) 一种基于拟茎点霉细胞发酵生产柚皮素的方法,,,,,,,32.054943,118.764947,Nan Jing Shi,Jiang Su Sheng,China,Other plants,,False,2019.0,,False,Other Purpose
CN323798469,202110331141,China,2021-03-29,112725361.0,2023-07-07,Henan Agricultural University河南农业大学China National Tobacco Corporation Sichuan Company,(EN) Gene related to flue-cured tobacco ash hanging and application thereof(ZH) 与烤烟挂灰相关的基因及其应用,,,,,,,34.7854718,113.6632032,Zheng Zhou Shi,He Nan Sheng,China,Tobacco,830.0,True,2021.0,2023.0,False,Other Genetic Improvement for Crop Traits
EP238735856,17720040,European Patent Office,2017-04-20,,,Basf Plant Science Co Gmbh,"(DE) VERFAHREN ZUR MODIFIZIERUNG VON ZIELNUKLEINSÄUREN UNTER VERWENDUNG EINES FUSIONMOLEKÜLS BESTEHEND AUS GUIDE UND DONOR RNS, DAS FUSIONSMOLEKÜL UND FÜR DAS FUSIONSMOLEKÜL KODIERENDE VEKTORSYSTEME(EN) METHODS FOR MODIFICATION OF TARGET NUCLEIC ACIDS USING A FUSION MOLECULE OF GUIDE AND DONOR RNA, FUSION RNA MOLECULE AND VECTOR SYSTEMS ENCODING THE FUSION RNA MOLECULE(FR) PROCÉDÉS DE MODIFICATION D'ACIDES NUCLÉIQUES CIBLES UTILISANT UNE MOLÉCULE D'ARN CONTIENT UNE FUSION DU GUIDE ET DU DONNEUR, LA MOLÉCULE D'ARN CONTIENT LA FUSION ET SYSTÉMES DES VECTEURS ENCODANT LA MOLÉCULE D'ARN",16167773 29.04.2016 EP16167774 29.04.2016 EP17156018 14.02.2017 EP,"AU2017256517

CN109072207

KR1020190002470

BR112018068934

KR1020230038804

US20190309290

JP2019514376

KR1020220032126

WO/2017/186550

EP3868880

DK3448990

IL262409

CA3022475

MX2021009235

MX2018013256

CL2018003074

IN201827044973

IN202128045052

US20230024869

US20230049124

US20230107997

US20230183686

AU2022100157

AU2022100158

AU2022100159

AU2022100155

AU2022100170

JP2023018093",,,20.04.2017,European Patent Office,35.8893582,-78.8654029,,North Carolina,United States,Crop plants,,False,2017.0,,True,Gene Editing Systems Development
KR418625636,1020220073655,Republic of Korea,2022-06-16,,,대한민국(농촌진흥청장)대한민국(농림축산식품부 농림축산검역본부장)Republic Of Korea(Management : Rural Development Administration)Republic Of Korea(Animal And Plant Quarantine Agency),(EN) EHMT2 GENE-EDITED CELLS RESISTANT TO FOOT-AND-MOUTH DISEASE VIRUS AND USES THEREOF(KO) 구제역 바이러스에 저항성을 갖는 EHMT2 유전자 편집 세포 및 이의 용도,,,,,16.06.2022,South Korea,36.1264599,128.1996828,Gimcheon,Gyeongsangbuk-do,South Korea,Crop plants,,False,2022.0,,False,Disease Resistance
CN431396278,202410453222,China,2024-04-16,,,Northwest A&F University,(EN) Method for creating watermelon male sterility germplasm through gene editing ClMS188(ZH) 一种通过基因编辑ClMS188创制西瓜雄性不育种质的方法,,,,,,,34.262298,108.073742,Xian Yang Shi,Shan Xi Sheng,China,Watermelon,,False,2024.0,,False,Other Genetic Improvement for Crop Traits
CN429083659,202410314633,China,2024-03-19,,,"Institute Of Plant Protection, Faas","(EN) South ocean mealybug gluteus rapid detection primer group, kit and identification method(ZH) 一种南洋臀纹粉蚧快速检测引物组、试剂盒和鉴定方法",,,,,,,26.129643,119.338553,Fu Zhou Shi,Fu Jian Sheng,China,Crop plants,,False,2024.0,,False,Other Purpose
CN396315123,202211471598,China,2022-11-23,115960951.0,2024-07-12,South China Agricultural University,(EN) Application of AL7 gene in regulation and control of rice chloroplast development and/or rice leaf color(ZH) AL7基因在调控水稻叶绿体发育和/或水稻叶色中的应用,,,,,,,23.1568182,113.3536811,Guang Zhou Shi,Guang Dong Sheng,China,Rice,597.0,True,2022.0,2024.0,False,Other Genetic Improvement for Crop Traits
CN430574952,202410237566,China,2024-03-01,,,Zhejiang University,(EN) Technical system for performing nutrient high-throughput screening by regulating mRNA m6A level through targeted FTO gene(ZH) 一种靶向FTO基因调控mRNA m6A水平进行营养素高通量筛选的技术体系,,,,,,,30.3086844,120.0864995,Hang Zhou Shi,Zhe Jiang Sheng,China,Crop plants,,False,2024.0,,False,Other Purpose
CN235629297,201780025991,China,2017-04-20,109072207.0,2024-05-07,Basf Plant Science Co Gmbh,(EN) IMPROVED METHODS FOR MODIFICATION OF TARGET NUCLEIC ACIDS(ZH) 用于修饰靶核酸的改进方法,16167773.7 29.04.2016 EP16167774.5 29.04.2016 EP17156018.8 14.02.2017 EP,,,,,,40.7773301,-74.4269912,Florham Park,New Jersey,United States,Crop plants,2574.0,True,2017.0,2024.0,False,Gene Editing Systems Development
WO2016073990,PCT/US2015/059782,,,,,"Zacharakis, Maria, Laccotripe",(EN) METHODS FOR IMPROVING CRISPR/CAS-MEDIATED GENOME-EDITING(FR) PROCÉDÉS POUR AMÉLIORER L'ÉDITION GÉNOMIQUE MÉDIÉE PAR CRISPR/CAS,"62/077,08407.11.2014US62/232,68325.09.2015US","AU2015342749

EP3215617

US20180298392

EP4464338

CA2963820

AU2022202645

US20230365980",PCT/US2015/059782,09.11.2015,09.11.2015,World Intellectual Property Organization,40.792096,-73.975166,New York,New York,United States,Crop plants,,False,,,True,Gene Editing Systems Development
WO2020018535,PCT/US2019/042004,,,,,"Porter, Gregory, L.",(EN) DOSE AND TIME-DEPENDENT INTRACELLUAR PENETRATION OF SURFACE-MODIFIED NANOTUBES FOR DELIVERY OF MOLECULAR MATERIALS INTO CELLS(FR) PÉNÉTRATION INTRACELLULAIRE DÉPENDANTE DE LA DOSE ET DU TEMPS DE NANOTUBES À SURFACE MODIFIÉE PERMETTANT L'ADMINISTRATION DE MATÉRIAUX MOLÉCULAIRES À DES CELLULES,"62/698,74516.07.2018US",,PCT/US2019/042004,16.07.2019,16.07.2019,World Intellectual Property Organization,40.7459698,-73.9869095,New York,New York,United States,Crop plants,,False,,,False,Gene Editing Systems Development
WO2021016098,PCT/US2020/042579,,,,,,(EN) DONOR DESIGN STRATEGY FOR CRISPR-CAS9 GENOME EDITING(FR) STRATÉGIE DE CONCEPTION DE DONNEUR POUR L'ÉDITION DE GÉNOME CRISPR-CAS9,"62/877,35923.07.2019US","CA3143016

CN114072498

BR112022001230

EP4004198

US20220307006

IN202217001543",PCT/US2020/042579,17.07.2020,17.07.2020,World Intellectual Property Organization,,,,,,Crop plants,,False,,,True,Gene Editing Systems Development
CN306331943,202010603648,China,2020-06-29,111635892.0,2021-10-08,"Hefei Jiangu Biotechnology Co., Ltd.",(EN) Glutamine synthetase mutant with phosphinothricin resistance and application of glutamine synthetase mutant(ZH) 一种具有草铵膦抗性的谷氨酰胺合成酶突变体及其应用,,,,,,,31.82369,117.31904,He Fei Shi,,China,Rice,466.0,True,2020.0,2021.0,False,Pesticide Resistance
CN325778561,201911126195,China,2019-11-18,,,"Rice Research Institute, Anhui Academy Of Agricultural Sciences",(EN) Rice ACCase mutant protein and corresponding gene(ZH) 一种水稻ACCase突变型蛋白及相应基因,,,,,,,31.8827699,117.2471304,He Fei Shi,An Hui Sheng,China,Rice,,False,2019.0,,False,Pesticide Resistance
CN368048677,202210415471,China,2022-04-20,114657193.0,2024-05-28,Hunan Agricultural University,,,,,,,,28.180967,113.084828,Chang Sha Shi,Hu Nan Sheng,China,Other plants,769.0,True,2022.0,2024.0,False,Other Genetic Improvement for Crop Traits
CN370581510,202210412151,China,2022-04-19,,,"Institute Of Agro-Food Science And Technology, Chinese Academy Of Agricultural Sciences",(EN) Method for constructing auxotrophic fusarium verticillium mutant(ZH) 一种营养缺陷型拟轮枝镰孢菌突变体构建方法,,,,,,,40.0255065,116.2843989,,Beijing,China,Corn/Maize,,False,2022.0,,False,Disease Resistance
CN399754340,202211722461,China,2022-12-30,,,Shanghai Academy Of Agricultural Sciences,(EN) Simple visual rapid nucleic acid detection method and application thereof(ZH) 一种简便的可视化快速核酸检测方法及其应用,,,,,,,31.221401,121.324266,,Shang Hai Shi,China,Crop plants,,False,2022.0,,False,Gene Editing Systems Development
CN242438714,201910201676,China,2019-03-18,109735512.0,2020-11-03,Huazhong Agricultural University,(EN) Application of maize gene ZmACO2 in increasing maize yield(ZH) 玉米基因ZmACO2在提高玉米产量中的应用,,,,,,,30.475126,114.353035,Wu Han Shi,Hu Bei Sheng,China,Corn/Maize,596.0,True,2019.0,2020.0,False,Yield Improvement
CN337671525,202110886393,China,2021-08-03,113403336.0,2021-11-19,Rice Research Institute Of Guangdong Academy Of Agricultural Sciences,(EN) Method for cultivating giant embryo japonica rice variety by editing rice giant embryo gene GE(ZH) 一种编辑水稻巨胚基因GE培育巨胚粳稻品种的方法,,,,,,,23.1468094,113.3579136,Guang Zhou Shi,Guang Dong Sheng,China,Rice,108.0,True,2021.0,2021.0,False,Yield Improvement
CN335438076,202110592167,China,2021-05-28,113308478.0,2022-06-28,"Northeast Institute Of Geography And Agroecology, Chinese Academy Of Sciences",(EN) Application of soybean E1 gene in regulation and control of podding habits(ZH) 大豆E1基因在调控结荚习性中的应用,,,,,,,44.001519,125.399287,Changchun,Jilin,China,Soybeans,396.0,True,2021.0,2022.0,False,Yield Improvement
CN438240831,202410766112,China,2024-06-14,,,Shenzhen Customs Animal And Plant Inspection And Quarantine Technology Center,(EN) Method suitable for on-site rapid detection of multiple experimental animal epidemic diseases(ZH) 一种适用现场快速检测多重实验动物疫病的方法,,,,,,,22.5363793,113.9561938,Shen Zhen Shi,Guang Dong Sheng,China,Other plants,,False,2024.0,,False,Other Purpose
CN376152293,202210626058,China,2022-06-02,115094069.0,2024-01-26,South China Agricultural University,(EN) Cloning and application of gene Os03g0626100 for regulating and controlling rice grain length(ZH) 调控水稻粒长的基因Os03g0626100的克隆及其应用,,,,,,,23.1568182,113.3536811,Guang Zhou Shi,Guang Dong Sheng,China,Rice,603.0,True,2022.0,2024.0,False,Yield Improvement
CN405931732,202310360952,China,2023-04-06,,,Shandong Normal University,(EN) Limonium bicolor gene Lb7G34824 and application thereof(ZH) 二色补血草基因Lb7G34824及其应用,,,,,,,36.652703,117.042083,Ji Nan Shi,Shan Dong Sheng,China,Other plants,,False,2023.0,,False,Other Genetic Improvement for Crop Traits
CN398206678,202211509646,China,2022-11-29,116064591.0,2024-10-29,Jilin Academy Of Agricultural Sciences,(EN) Application of OsBsr-d1 gene in cultivation of rice blast resistant japonica rice(ZH) OsBsr-d1基因在培育抗稻瘟病粳稻中的应用,,,,,,,43.957582,126.4698059,Jilin City,Jilin,China,Rice,700.0,True,2022.0,2024.0,False,Disease Resistance
CN431382316,202410453319,China,2024-04-16,,,Northeast Normal University东北师范大学Huazhong Agricultural University,,,,,,,,43.862026,125.331441,Chang Chun Shi,Ji Lin Sheng,China,Soybeans,,False,2024.0,,False,Yield Improvement
KR418625489,1020220073327,Republic of Korea,2022-06-16,,,대한민국(농촌진흥청장)대한민국(농림축산식품부 농림축산검역본부장)Republic Of Korea(Management : Rural Development Administration)Republic Of Korea(Animal And Plant Quarantine Agency),,,,,,16.06.2022,South Korea,36.1264599,128.1996828,Gimcheon,Gyeongsangbuk-do,South Korea,Other plants,,False,2022.0,,False,Disease Resistance
CN436035319,202410538658,China,2024-04-30,,,"Institute Of Plant Protection, Faas","(EN) Rapid detection primer group, kit and identification method for Xinanbeanmealybug(ZH) 一种新菠萝灰粉蚧快速检测引物组、试剂盒和鉴定方法",,,,,,,26.129643,119.338553,Fu Zhou Shi,Fu Jian Sheng,China,Pineapple,,False,2024.0,,False,Other Purpose
CN193516786,102016001039068,China,2016-11-21,,,Tobacco Research Institute Of Chinese Academy Of Agricultural Sciences,(EN) Application of tobacco NtNAC096 gene in control of tobacco aging(ZH) 烟草NtNAC096基因控制烟草衰老的应用,,,,,21.11.2016,China,36.11010894,120.4611372,,,,Tobacco,,False,2016.0,,False,Other Genetic Improvement for Crop Traits
CN253590873,201910574779,China,2019-06-28,110229224.0,2020-09-11,Zhejiang University,(EN) Application of SlRALF5 gene as negative adjusting and controlling factor to increasing of low temperature resistance of solanum lycopersicum(ZH) SlRALF5基因作为负调控因子在提高番茄低温抗性中的应用,,,,,,,30.3086844,120.0864995,Hang Zhou Shi,Zhe Jiang Sheng,China,Tomatoes,441.0,True,2019.0,2020.0,False,Cold Tolerance
CN432884045,202410457384,China,2024-04-16,,,Huazhong Agricultural University,(EN) Application of OsER2 gene in controlling rice environment tolerance(ZH) OsER2基因在控制水稻环境耐受性中的应用,,,,,,,30.475126,114.353035,Wu Han Shi,Hu Bei Sheng,China,Rice,,False,2024.0,,False,Drought Adaptation
CN397882605,202310070989,China,2023-01-12,116042926.0,2023-09-15,Shenzhen Customs Animal And Plant Inspection And Quarantine Technology Center,(EN) Peste des petits ruminants virus nucleic acid visual rapid detection method and kit thereof(ZH) 一种小反刍兽疫病毒核酸可视化快速检测方法及其试剂盒,,,,,,,22.5363793,113.9561938,Shen Zhen Shi,Guang Dong Sheng,China,Other plants,246.0,True,2023.0,2023.0,False,Other Purpose
EP423110130,22715642,European Patent Office,2022-04-15,,,Keygene Nv,(DE) MOBILE ENDONUKLEASEN FÜR HERITABLE MUTATIONEN(EN) MOBILE ENDONUCLEASES FOR HERITABLE MUTATIONS(FR) ENDONUCLÉASES MOBILES POUR DES MUTATIONS HÉRÉDITAIRES,21168638 15.04.2021 EP,"WO/2022/219175

JP2024513588

US20240150740",,,15.04.2022,European Patent Office,51.9763484,5.6461028,Wageningen,Gelderland,Netherlands,Crop plants,,False,2022.0,,True,Gene Editing Systems Development
CN327320131,202110195588,China,2021-02-19,112921051.0,2023-07-25,Northwest A&F University,(EN) Method for creating watermelon male sterile new germplasm through gene editing technology(ZH) 一种通过基因编辑技术创制西瓜雄性不育种质的方法,,,,,,,34.262298,108.073742,Xian Yang Shi,Shan Xi Sheng,China,Watermelon,886.0,True,2021.0,2023.0,False,Other Genetic Improvement for Crop Traits
CN391044717,202110792699,China,2021-07-14,,,"Institute Of Genetics And Developmental Biology, Chinese Academy Of Sciences",(EN) Plant epigenetic modification editor for targeted removal of DNA methylation(ZH) 一种靶向去除DNA甲基化的植物表观遗传修饰编辑器,,,,,,,38.115509,114.533286,Shi Jia Zhuang Shi,He Bei Sheng,China,Rice,,False,2021.0,,False,Other Genetic Improvement for Crop Traits
CN407963436,202310752232,China,2023-06-26,,,"Institute Of Plant Protection, Chinese Academy Of Agricultural Sciences",(EN) Tomato leaf miner BL gene and application thereof in regulation and control of phototaxis and host selection of Tomato leaf miner(ZH) 番茄潜叶蛾BL基因及其用于调控番茄潜叶蛾趋光和寄主选择中的应用,,,,,,,39.9628214,116.3269465,,Bei Jing Shi,China,Tomatoes,,False,2023.0,,False,Other Purpose
CN251082315,201910422242,China,2019-05-21,110129359.0,2021-08-10,"Syngenta Biotechnology (China) Co., Ltd.先正达生物科技（中国）有限公司Syngenta Participation Ag",(EN) Method of detecting gene editing events and measuring gene editing efficiency and application of method(ZH) 检测基因编辑事件以及测定基因编辑效率的方法以及其应用,,,,,,,31.2295257,121.5158044,,Shang Hai Shi,China,Rice,812.0,True,2019.0,2021.0,False,Gene Editing Systems Development
CN431378573,202410453780,China,2024-04-16,,,Northwest A&F University,(EN) Method for creating watermelon male sterility germplasm through gene editing ClMMD1(ZH) 一种通过基因编辑ClMMD1创制西瓜雄性不育种质的方法,,,,,,,34.262298,108.073742,Xian Yang Shi,Shan Xi Sheng,China,Watermelon,,False,2024.0,,False,Other Genetic Improvement for Crop Traits
AR432774693,P230100813,Argentina,2023-03-31,,,Pairwise Plants Services Inc,(ES) PLANTAS ROSÁCEAS DE FLORACIÓN TEMPRANA CON CARACTERÍSTICAS MEJORADAS,"63/325,815 31.03.2022 US","WO/2023/192838

AU2023243430

EP4499842

NZ814991

CO20240014629",,,31.03.2023,Argentina,35.9900355,-78.8898264,Durham,North Carolina,United States,Rosáceas,,False,2023.0,,True,Yield Improvement
EP211348372,16771237,European Patent Office,2016-03-14,,,Inst Genetics & Developmental Biology Cas,(DE) VERFAHREN ZUR ANWENDUNG EINER NICHT-GENETISCHEN SUBSTANZ ZUR DURCHFÜHRUNG DER STELLENGERICHTETEN REFORM EINES PFLANZENGENOMS(EN) METHOD OF APPLYING NON-GENETIC SUBSTANCE TO PERFORM SITE-DIRECTED REFORM OF PLANT GENOME(FR) PROCÉDÉ D'APPLICATION D'UNE SUBSTANCE NON GÉNÉTIQUE POUR EFFECTUER UNE REFORMATION DIRIGÉE SUR LE SITE D'UN GÉNOME DE PLANTE,201510114017 16.03.2015 CN,"AU2016239037

KR1020170126502

BR112017016431

US20180163232

EA201792036

WO/2016/155482

CN105985943

AR103926

JP2018508221

IN201737029078

CA2979290

JP2023018066

JP2024160392",,,14.03.2016,European Patent Office,38.115509,114.533286,Shi Jia Zhuang Shi,He Bei Sheng,China,Crop plants,,False,2016.0,,True,Gene Editing Systems Development
AU211159364,2016309392,Australia,2016-08-15,,,"Institute Of Genetics And Developmental Biology, Chinese Academy Of Sciences",(EN) Method for obtaining glyphosate-resistant rice by site-directed nucleotide substitution,201510500930.8 14.08.2015 CN,"CN106467909

KR1020180031765

EP3334832

BR112018002026

EA201890492

US20190062779

JP2018527920

KR1020200078685

WO/2017/028768

AR105713

CA2994883

UAa201802118This application is not viewable in PATENTSCOPE because the national phase entry has not been published yet or the national entry is issued from a country that does not share data with WIPO or there is a formatting issue or an unavailability of the application.",,,15.08.2016,Australia,38.115509,114.533286,Shi Jia Zhuang Shi,He Bei Sheng,China,Rice,,False,2016.0,,True,Pesticide Resistance
CN107373507,201410209305,China,2014-05-16,104017821.0,2016-07-06,,(EN) Method for directionally editing chaff-color-determining gene OsCHI for creating brown-chaff rice material(ZH) 定向编辑颖壳颜色决定基因OsCHI创制褐壳水稻材料的方法,,,,,,,31.887698,117.246045,Hefei,Anhui,China,Rice,782.0,True,2014.0,2016.0,False,Other Genetic Improvement for Crop Traits
CN237946497,201811271189,China,2018-10-29,,,Huazhong Agricultural University,(EN) Creation method of glandless low cotton gossypol cotton germplasm(ZH) 一种无腺体低棉酚棉花种质的创制方法,,,,,,,30.475126,114.353035,Wu Han Shi,Hu Bei Sheng,China,Cotton,,False,2018.0,,False,Other Genetic Improvement for Crop Traits
CN329970302,202110392603,China,2021-04-13,113004383.0,2022-03-15,Huazhong Agricultural University,(EN) Application of corn gene ZmEREB102 in improvement of corn yield(ZH) 玉米基因ZmEREB102在提高玉米产量中的应用,,,,,,,30.475126,114.353035,Wu Han Shi,Hu Bei Sheng,China,Corn/Maize,336.0,True,2021.0,2022.0,False,Yield Improvement
CN406164043,202310415761,China,2023-04-18,,,Henan Agricultural University,"(EN) Oilseed rape yield regulation gene SKP1-IP15 as well as encoding protein, expression vector and application thereof(ZH) 油菜产量调控基因SKP1-IP15、其编码蛋白、表达载体及其应用",,,,,,,34.7854718,113.6632032,Zheng Zhou Shi,He Nan Sheng,China,Canola,,False,2023.0,,False,Yield Improvement
CN420669905,202311351113,China,2023-10-18,,,Shenyang Agricultural University,(EN) Application of OsGL5 gene in regulation and control of rice yield traits(ZH) OsGL5基因在调控水稻产量性状中的应用,,,,,,,41.821328,123.57225,Shen Yang Shi,Liao Ning Sheng,China,Rice,,False,2023.0,,False,Yield Improvement
CN254162572,201910281797.X,China,2019-04-09,110283829.0,2022-08-30,Hubei University,(EN) Mediator complex subunit OsMEDdiator16 gene capable of regulating and controlling resistance of rice to magnaporthe grisea(ZH) 调控水稻对稻瘟病抗性的中介复合体亚基OsMEDdiator16基因,,,,,09.04.2019,China,30.5604645,114.3174596,Wu Han Shi,Hu Bei Sheng,China,Rice,1239.0,True,2019.0,2022.0,False,Disease Resistance
CN427332055,202410019090,China,2024-01-05,,,West (Chongqing) Science City Germplasm Creation And System Big Science Center西部（重庆）,(EN) Method for enhancing compression resistance of wood of populus tomentosa(ZH) 一种增强毛白杨的木材抗压性能的方法,,,,,,,29.571912,106.578303,,Chong Qing Shi,China,Other plants,,False,2024.0,,False,Other Genetic Improvement for Crop Traits
CN429431264,202211399507,China,2022-11-09,,,South China Agricultural University,(EN) Application of OsFT1 gene in regulation and control of flowering time of rice(ZH) OsFT1基因在调控水稻花时中的应用,,,,,,,23.1568182,113.3536811,Guang Zhou Shi,Guang Dong Sheng,China,Rice,,False,2022.0,,False,Yield Improvement
AR436441312,P230100972,Argentina,2023-04-21,,,Pairwise Plants Services Inc,(ES) MÉTODOS Y COMPOSICIONES PARA MEJORAR RASGOS DE RENDIMIENTO,"63/333,268 21.04.2022 US","WO/2023/205714

CN119278208

EP4511387

MXMX/a/2024/012798This application is not viewable in PATENTSCOPE because the national phase entry has not been published yet or the national entry is issued from a country that does not share data with WIPO or there is a formatting issue or an unavailability of the application.

IN202417079860This application is not viewable in PATENTSCOPE because the national phase entry has not been published yet or the national entry is issued from a country that does not share data with WIPO or there is a formatting issue or an unavailability of the application.",,,21.04.2023,Argentina,35.9900355,-78.8898264,Durham,North Carolina,United States,Corn/Maize,,False,2023.0,,True,Yield Improvement
NZ437840263,814010,New Zealand,2024-08-26,,,Pairwise Plants Services Inc,(EN) ENGINEERED CRISPR-CAS EFFECTOR PROTEINS AND METHODS OF USE THEREOF,"63/314,598 28.02.2022 US","CA3253290

WO/2023/164722

AU2023226168

CN119173626

EP4486880

CL2024002567",,,26.08.2024,New Zealand,35.9900355,-78.8898264,Durham,North Carolina,United States,Crop plants,,False,2024.0,,True,Gene Editing Systems Development
AU437856061,2023226168,Australia,2023-02-28,,,Pairwise Plants Services Inc,(EN) ENGINEERED CRISPR-CAS EFFECTOR PROTEINS AND METHODS OF USE THEREOF,"63/314,598 28.02.2022 US","CA3253290

WO/2023/164722

CN119173626

EP4486880

NZ814010

CL2024002567",,,28.02.2023,Australia,35.9900355,-78.8898264,Durham,North Carolina,United States,Crop plants,,False,2023.0,,True,Gene Editing Systems Development
AR440322817,P230101667,Argentina,2023-06-28,,,Pairwise Plants Services Inc,(ES) MÉTODOS Y COMPOSICIONES PARA CONTROLAR EL TAMAÑO DEL MERISTEMO PARA EL MEJORAMIENTO DE CULTIVOS,"63/356,524 29.06.2022 US","WO/2024/006791

CN119487055

MXMX/a/2024/015506This application is not viewable in PATENTSCOPE because the national phase entry has not been published yet or the national entry is issued from a country that does not share data with WIPO or there is a formatting issue or an unavailability of the application.

IN202547003607This application is not viewable in PATENTSCOPE because the national phase entry has not been published yet or the national entry is issued from a country that does not share data with WIPO or there is a formatting issue or an unavailability of the application.

EP2023748392This application is not viewable in PATENTSCOPE because the national phase entry has not been published yet or the national entry is issued from a country that does not share data with WIPO or there is a formatting issue or an unavailability of the application.",,,28.06.2023,Argentina,35.9900355,-78.8898264,Durham,North Carolina,United States,Corn/Maize,,False,2023.0,,True,Yield Improvement
WO2024137926,PCT/US2023/085330,,,,,The Regents Of The University Of California,(EN) PLANT-MEDIATED INSECT GENE EDITING AND USE OF THE METHODS FOR INSECT GENETIC CONTROL(FR) ÉDITION DE GÈNE D'INSECTE MÉDIÉE PAR DES PLANTES ET UTILISATION DES PROCÉDÉS DE COMMANDE GÉNÉTIQUE D'INSECTES,"63/477,04323.12.2022US","A01K 2217/07
					






A01K 2227/706
					






C12N 15/102
					






C12N 15/87
					






C12N 2310/20
					








A01K 2217/07
					






A01K 2227/706
					






C12N 15/102
					






C12N 15/87
					






C12N 2310/20
					






View less classifications",PCT/US2023/085330,21.12.2023,21.12.2023,World Intellectual Property Organization,34.069278,-118.4407843,Los Angeles,California,United States,Crop plants,,False,,,True,Other Genetic Improvement for Crop Traits
CA248190514,3047829,Canada,2017-12-20,,,Kws Saat Se,"(EN) CONFERRING RESISTANCE TO GEMINIVIRUSES IN PLANTS IN ALTERNATIVE MANNER TO GENE DRIVE, USING CRISPR/CAS SYSTEMS(FR) MOYENS PERMETTANT DE CONFERER UNE RESISTANCE A DES GEMINIVIRUS DANS DES PLANTES DE MANIERE ALTERNATIVE A UNE MANOEUVRE GENIQUE, A L'AIDE DE SYSTEMES CRISPR/CAS","62/436,792 20.12.2016 US","CN110325644

US20190352653

BR112019012839

WO/2018/115202",,,20.12.2017,Canada,51.8149087,9.884365,Einbeck,Niedersachsen,Germany,Crop plants,,False,2017.0,,True,Disease Resistance
CN406155588,202180079491,China,2021-11-22,,,Toolgen Incorporated,(EN) Preparation method for inhibiting potato plants by browning of CRISPR/Cas9 system(ZH) 利用CRISPR/Cas9系统的褐变抑制马铃薯植株的制备方法,1020200160474 25.11.2020 KR,"KR102272557

WO/2022/114692

BRKR2021017138

EP4253541

AR124149

BR112023008309This application is not viewable in PATENTSCOPE because the national phase entry has not been published yet or the national entry is issued from a country that does not share data with WIPO or there is a formatting issue or an unavailability of the application.",,,,,37.56913433,126.8291021,,,,Potatoes,,False,2021.0,,True,Other Genetic Improvement for Crop Traits
EP424808530,22796734,European Patent Office,2022-04-28,,,Monsanto Technology Llc,(DE) PFLANZENREGULIERUNGSELEMENTE UND VERWENDUNGEN DAVON(EN) PLANT REGULATORY ELEMENTS AND USES THEREOF(FR) ÉLÉMENTS RÉGULATEURS DE PLANTE ET LEURS UTILISATIONS,202163182288 30.04.2021 US202163295061 30.12.2021 US,"WO/2022/232407

AU2022264019

CA3217328

BR112023020555

CN117242181

JP2024515777

NZ804298",,,28.04.2022,European Patent Office,38.66369922,-90.57639294,,,,Crop plants,,False,2022.0,,True,Gene Editing Systems Development
CA412653842,3217328,Canada,2022-04-28,,,Monsanto Technology Llc,(EN) PLANT REGULATORY ELEMENTS AND USES THEREOF(FR) ELEMENTS REGULATEURS DE PLANTE ET LEURS UTILISATIONS,"63/182,288 30.04.2021 US63/295,061 30.12.2021 US","WO/2022/232407

AU2022264019

BR112023020555

CN117242181

EP4330403

JP2024515777

NZ804298",,,28.04.2022,Canada,38.66369922,-90.57639294,,,,Crop plants,,False,2022.0,,True,Gene Editing Systems Development
CN418368970,202280031323.X,China,2022-04-28,,,Monsanto Technology Llc,(EN) Plant regulatory elements and uses thereof(ZH) 植物调控元件及其用途,"63/182,288 30.04.2021 US63/295,061 30.12.2021 US","WO/2022/232407

AU2022264019

CA3217328

BR112023020555

EP4330403

JP2024515777

NZ804298",,,28.04.2022,China,38.66369922,-90.57639294,Los Angeles,California,United States,Crop plants,,False,2022.0,,True,Gene Editing Systems Development
US276885085,16471465,United States of America,2017-12-20,,,Kws Saat Se,"(EN) CONFERRING RESISTANCE TO GEMINIVIRUSES IN PLANTS IN ALTERNATIVE MANNER TO GENE DRIVE, USING CRISPR/CAS SYSTEMS",,"CA3047829

CN110325644

BR112019012839

WO/2018/115202",,,20.12.2017,United States,51.8149087,9.884365,Einbeck,Niedersachsen,Germany,Crop plants,,False,2017.0,,True,Disease Resistance
US314530943,16634220,United States of America,2018-07-30,,,Ingateygen Llc,(EN) PEANUT WITH REDUCED ALLERGEN LEVELS,,WO/2019/027871,,,30.07.2018,United States,35.90302624,-78.8591907,,,,Peanuts,,False,2018.0,,True,Other Genetic Improvement for Crop Traits
CN403547327,202310602777,China,2023-05-26,116463348.0,2024-05-14,"Institute Of Crop Science, Chinese Academy Of Agricultural Sciences",(EN) Sg RNA for editing corn ZmCENH3 gene by using CRISPR/Cas9 system and application of sg RNA(ZH) 利用CRISPR/Cas9系统编辑玉米ZmCENH3基因的sg RNA及其应用,,,,,,,39.9628214,116.3269465,,Bei Jing Shi,China,Corn/Maize,354.0,True,2023.0,2024.0,False,Other Genetic Improvement for Crop Traits
CN371017838,202210741231,China,2022-06-28,114805522.0,2022-09-20,"Institute Of Crop Science, Chinese Academy Of Agricultural Sciences",(EN) Application of rice OsbHLH38 protein and coding gene thereof in improving abiotic stress resistance of plants(ZH) 水稻OsbHLH38蛋白及其编码基因在提高植物抗非生物胁迫中的用途,,,,,,,39.9628214,116.3269465,,Bei Jing Shi,China,Rice,84.0,True,2022.0,2022.0,False,Other Genetic Improvement for Crop Traits
CN436525250,202410278043.X,China,2024-03-12,,,Fujian Agriculture And Forestry University,(EN) Rice gene OsCAD8B and application thereof(ZH) 一种水稻基因OsCAD8B及其应用,,,,,12.03.2024,China,26.084946,119.239701,Fu Zhou Shi,Fu Jian Sheng,China,Rice,,False,2024.0,,False,Disease Resistance
CN226035000,201810217937,China,2018-03-16,108486146.0,2021-02-19,"Institute Of Crop Science, Chinese Academy Of Agricultural Sciences",(EN) Application for using LbCpf1-RR mutant in CRISPR/Cpf1 system in plant gene editing(ZH) LbCpf1-RR突变体用于CRISPR/Cpf1系统在植物基因编辑中的应用,,,,,,,39.9628214,116.3269465,,Bei Jing Shi,China,Rice,1071.0,True,2018.0,2021.0,False,Gene Editing Systems Development
US379738014,17731856,United States of America,2022-04-28,,,Monsanto Technology Llc,(EN) PLANT REGULATORY ELEMENTS AND USES THEREOF,,,,,28.04.2022,United States,38.66369922,-90.57639294,,,,Crop plants,,False,2022.0,,False,Gene Editing Systems Development
MX283331777,2019007546,Mexico,2019-06-21,110846323.0,,Monsanto Technology Llc,(EN) GENOME EDITING-BASED CROP ENGINEERING AND PRODUCTION OF BRACHYTIC PLANTS.(ES) MODIFICACIÓN GENÉTICA DE CULTIVOS A BASE DE EDICIÓN DEL GENÓMICA Y PRODUCCIÓN DE PLANTAS BRAQUÍTICAS.,"62/438,370 22.12.2016 US","CA3047163

CN110213961

EP3557980

BR112019012819

US20200140874

WO/2018/119225

UY0001037545

AR110581

MX2022014145",,,21.06.2019,Mexico,38.66369922,-90.57639294,,,,Corn/Maize,,False,2019.0,,True,Yield Improvement
CN251679698,201780084278,China,2017-12-21,12241074.0,,Monsanto Technology Llc,(EN) GENOME EDITING-BASED CROP ENGINEERING AND PRODUCTION OF BRACHYTIC PLANTS(ZH) 基于基因组编辑的作物工程化和生产矮秆植物,"62/438,370 22.12.2016 US","CA3047163

EP3557980

BR112019012819

US20200140874

WO/2018/119225

UY0001037545

AR110581

MX2019007546

MX2022014145",,,,,38.66369922,-90.57639294,Los Angeles,California,United States,Corn/Maize,,False,2017.0,,True,Yield Improvement
CN290161211,201911081825,China,2019-11-07,,,"Institute Of Crop Science, Chinese Academy Of Agricultural Sciences",(EN) Wheat TaARF12 gene and application thereof(ZH) 小麦TaARF12基因及其应用,,,,,,,39.9628214,116.3269465,,Bei Jing Shi,China,Wheat,,False,2019.0,,False,Yield Improvement
US294407009,16472140,United States of America,2017-12-21,,,Monsanto Technology Llc,(EN) Genome editing-based crop engineering and production of brachytic plants,,"CA3047163

CN110213961

EP3557980

BR112019012819

WO/2018/119225

UY0001037545

AR110581

MX2019007546

MX2022014145",,,21.12.2017,United States,38.66369922,-90.57639294,,,,Corn/Maize,,False,2017.0,,True,Yield Improvement
MX415081199,2022014145,Mexico,2019-06-21,,,Monsanto Technology Llc,(EN) GENOME EDITING-BASED CROP ENGINEERING AND PRODUCTION OF BRACHYTIC PLANTS.(ES) MODIFICACION GENETICA DE CULTIVOS A BASE DE EDICION GENOMICA Y PRODUCCION DE PLANTAS BRAQUITICAS.,"62/438,370 22.12.2016 US","CA3047163

CN110213961

EP3557980

BR112019012819

US20200140874

WO/2018/119225

UY0001037545

AR110581

MX2019007546",,,21.06.2019,Mexico,38.66369922,-90.57639294,,,,Corn/Maize,,False,2019.0,,True,Yield Improvement
CA345312038,3141931,Canada,2020-06-17,,,"Pioneer Hi-Bred International, Inc.",(EN) COMPOSITIONS AND METHODS FOR IMPROVING POD SHATTER TOLERANCE IN CANOLA(FR) COMPOSITIONS ET PROCEDES POUR AMELIORER LA TOLERANCE A L'ECLATEMENT DES CAPSULES DANS LE CANOLA,"62/863,551 19.06.2019 US","WO/2020/257251

WO/2020/257273

AU2020295995

AU2020295398

CA3142950

EP3986118

EP3986120

US20220298519

US20220298520

RU2022100974

RU2022100976

CL2021003363

CL2021003403

UAa202200215This application is not viewable in PATENTSCOPE because the national phase entry has not been published yet or the national entry is issued from a country that does not share data with WIPO or there is a formatting issue or an unavailability of the application.",,,17.06.2020,Canada,40.1631226,-76.6461019,Elizabethtown,Pennsylvania,United States,Canola,,False,2020.0,,True,Yield Improvement
EP358609092,20825832,European Patent Office,2020-06-17,,,Pioneer Hi Bred Int,(DE) ZUSAMMENSETZUNGEN UND VERFAHREN ZUR VERBESSERUNG DER HÜSELBRUCHTOLERANZ BEI RAPS(EN) COMPOSITIONS AND METHODS FOR IMPROVING POD SHATTER TOLERANCE IN CANOLA(FR) COMPOSITIONS ET PROCÉDÉS POUR AMÉLIORER LA TOLÉRANCE À L'ÉCLATEMENT DES CAPSULES DANS LE CANOLA,201962863551 19.06.2019 US,"WO/2020/257251

WO/2020/257273

AU2020295995

AU2020295398

CA3141931

CA3142950

EP3986120

US20220298519

US20220298520

RU2022100974

RU2022100976

CL2021003363

CL2021003403

UAa202200215This application is not viewable in PATENTSCOPE because the national phase entry has not been published yet or the national entry is issued from a country that does not share data with WIPO or there is a formatting issue or an unavailability of the application.",,,17.06.2020,European Patent Office,40.1631226,-76.6461019,Elizabethtown,Pennsylvania,United States,Canola,,False,2020.0,,True,Yield Improvement
EP311124141,19701052,European Patent Office,2019-01-11,,,Kws Saat Se & Co Kgaa,(DE) OPTIMIERTE CRISPR/CPF1-PFLANZENSYSTEME(EN) OPTIMIZED PLANT CRISPR/CPF1 SYSTEMS(FR) SYSTÈMES CRISPR/CPF1 OPTIMISÉS DE PLANTES,201862616136 11.01.2018 US,"AR113728

WO/2019/138052

CN111836825

BR112020014017

US20210163968

CA3088052

US20240409949",,,11.01.2019,European Patent Office,51.8149087,9.884365,Einbeck,Niedersachsen,Germany,Crop plants,,False,2019.0,,True,Gene Editing Systems Development
CN312690861,201980026492,China,2019-04-16,,,Pioneer Hi-Bred International Inc.,(EN) IMPROVING AGRONOMIC CHARACTERISTICS IN MAIZE BY MODIFICATION OF ENDOGENOUS MADS BOX TRANSCRIPTION FACTORS(ZH) 通过修饰内源性MADS盒转录因子改善玉蜀黍中的农艺特征,62/659579 18.04.2018 US62/741529 04.10.2018 US62/814373 06.03.2019 US,"WO/2019/204256

BR112020021364

EP3780946

US20210155949

CA3095045

IN202017049501",,,,,40.0601297,-76.0696993,New Holland,Pennsylvania,United States,Corn/Maize,,False,2019.0,,True,Yield Improvement
EP318509452,19789170,European Patent Office,2019-04-16,,,Pioneer Hi Bred Int,(DE) VERBESSERUNG DER AGRONOMISCHEN EIGENSCHAFTEN BEI MAIS DURCH MODIFIKATION ENDOGENER MADS-BOX-TRANSKRIPTIONSFAKTOREN(EN) IMPROVING AGRONOMIC CHARACTERISTICS IN MAIZE BY MODIFICATION OF ENDOGENOUS MADS BOX TRANSCRIPTION FACTORS(FR) AMÉLIORATION DE CARACTÉRISTIQUES AGRONOMIQUES DANS LE MAÏS PAR MODIFICATION DE FACTEURS DE TRANSCRIPTION DE MADS BOX ENDOGÈNES,201862659579 18.04.2018 US201862741529 04.10.2018 US201962814373 06.03.2019 US,"WO/2019/204256

CN111988989

BR112020021364

US20210155949

CA3095045

IN202017049501",,,16.04.2019,European Patent Office,40.1631226,-76.6461019,Elizabethtown,Pennsylvania,United States,Corn/Maize,,False,2019.0,,True,Yield Improvement
CA310737196,3095045,Canada,,,,"Pioneer Hi-Bred International, Inc.",(EN) IMPROVING AGRONOMIC CHARACTERISTICS IN MAIZE BY MODIFICATION OF ENDOGENOUS MADS BOX TRANSCRIPTION FACTORS(FR) AMELIORATION DE CARACTERISTIQUES AGRONOMIQUES DANS LE MAIS PAR MODIFICATION DE FACTEURS DE TRANSCRIPTION DE MADS BOX ENDOGENES,"62/659,579 18.04.2018 US62/741,529 04.10.2018 US62/814,373 06.03.2019 US","WO/2019/204256

CN111988989

BR112020021364

EP3780946

US20210155949

IN202017049501",,,,Canada,40.1631226,-76.6461019,Elizabethtown,Pennsylvania,United States,Corn/Maize,,False,,,True,Yield Improvement
CN310801653,201980018394,China,2019-01-11,,,Kws Saat Se,(EN) Optimized plant CRISPR/CPF1 systems(ZH) 优化的植物CRISPR/CPF1系统,"62/616,136 11.01.2018 US","AR113728

WO/2019/138052

EP3737691

BR112020014017

US20210163968

CA3088052

US20240409949",,,,,51.8149087,9.884365,Einbeck,Niedersachsen,Germany,Crop plants,,False,2019.0,,True,Gene Editing Systems Development
CA300730838,3088052,Canada,,,,Kws Saat Se & Co. Kgaa,(EN) OPTIMIZED PLANT CRISPR/CPF1 SYSTEMS(FR) SYSTEMES CRISPR/CPF1 OPTIMISES DE PLANTES,"62/616,136 11.01.2018 US","AR113728

WO/2019/138052

CN111836825

EP3737691

BR112020014017

US20210163968

US20240409949",,,,Canada,51.8149087,9.884365,Einbeck,Niedersachsen,Germany,Crop plants,,False,,,True,Gene Editing Systems Development
CN438262435,202410589544.X,China,2024-05-13,,,Hangzhou International Science And Technology Innovation Center Of Zhejiang University,(EN) Application of rape phosphate transporter gene mutant in arsenic stress resistance(ZH) 一种油菜磷酸盐转运子基因突变体在耐砷胁迫中的应用,,,,,13.05.2024,China,30.2049443,120.2573322,Hang Zhou Shi,Zhe Jiang Sheng,China,Canola,,False,2024.0,,False,Other Genetic Improvement for Crop Traits
US375116822,17619583,United States of America,2020-06-17,,,"Pioneer Hi-Bred International, Inc.",(EN) COMPOSITIONS AND METHODS FOR IMPROVING POD SHATTER TOLERANCE IN CANOLA,,"WO/2020/257251

WO/2020/257273

AU2020295995

AU2020295398

CA3141931

CA3142950

EP3986118

EP3986120

US20220298519

RU2022100974

RU2022100976

CL2021003363

CL2021003403

UAa202200215This application is not viewable in PATENTSCOPE because the national phase entry has not been published yet or the national entry is issued from a country that does not share data with WIPO or there is a formatting issue or an unavailability of the application.",,,17.06.2020,United States,40.1631226,-76.6461019,Elizabethtown,Pennsylvania,United States,Canola,,False,2020.0,,True,Yield Improvement
AU340320468,2020295995,Australia,2020-06-17,,,"Pioneer Hi-Bred International, Inc.",(EN) Compositions and methods for improving pod shatter tolerance in canola,"62/863,551 19.06.2019 US","WO/2020/257251

WO/2020/257273

AU2020295398

CA3141931

CA3142950

EP3986118

EP3986120

US20220298519

US20220298520

RU2022100974

RU2022100976

CL2021003363

CL2021003403

UAa202200215This application is not viewable in PATENTSCOPE because the national phase entry has not been published yet or the national entry is issued from a country that does not share data with WIPO or there is a formatting issue or an unavailability of the application.",,,17.06.2020,Australia,40.1631226,-76.6461019,Elizabethtown,Pennsylvania,United States,Canola,,False,2020.0,,True,Yield Improvement
CN202655171,201710182462,China,2017-03-24,,,South China Agricultural University,(EN) Method for improving RNA virus resistance of plants(ZH) 一种提高植物抵御RNA病毒的能力的方法,,,,,,,23.1568182,113.3536811,Guang Zhou Shi,Guang Dong Sheng,China,Crop plants,,False,2017.0,,False,Disease Resistance
CN370197819,202210668829,China,2022-06-14,114752573.0,2022-08-12,"Institute Of Crop Science, Chinese Academy Of Agricultural Sciences",(EN) Application of rice OsGA20ox2 protein and coding gene thereof in improving abiotic stress resistance of plants(ZH) 水稻OsGA20ox2蛋白及其编码基因在提高植物抗非生物胁迫中的用途,,,,,,,39.9628214,116.3269465,,Bei Jing Shi,China,Rice,59.0,True,2022.0,2022.0,False,Drought Adaptation
NZ412444480,804298,New Zealand,2023-10-04,,,Monsanto Technology Llc,(EN) PLANT REGULATORY ELEMENTS AND USES THEREOF,"63/182,288 30.04.2021 US63/295,061 30.12.2021 US","WO/2022/232407

AU2022264019

CA3217328

BR112023020555

CN117242181

EP4330403

JP2024515777",,,04.10.2023,New Zealand,38.66369922,-90.57639294,,,,Crop plants,,False,2023.0,,True,Gene Editing Systems Development
CN333864293,202110609718,China,2021-06-01,,,Huazhong Agricultural University,(EN) Method for creating herbicide-resistant plants by using single base editing technology(ZH) 利用单碱基编辑技术创造除草剂抗性植物的方法,,,,,,,30.475126,114.353035,Wu Han Shi,Hu Bei Sheng,China,Cotton,,False,2021.0,,False,Pesticide Resistance
CN323190088,202110072100,China,2021-01-19,,,"Institute Of Crop Science, Chinese Academy Of Agricultural Sciences",(EN) Fluorescence labeled CRISPR/SpCas9 system mediated gene replacement system and application thereof in plants(ZH) 一种荧光标记CRISPR/SpCas9系统介导的基因替换体系及其在植物中的应用,,,,,,,39.9628214,116.3269465,,Bei Jing Shi,China,Rice,,False,2021.0,,False,Gene Editing Systems Development
CN405925025,202310770132,China,2023-06-28,,,Sanya Nanfan Research Institute Of Hainan University海南大学三亚南繁研究院Sanya Research Institute Of Hainan University,(EN) Method and kit for visually detecting phytophthora sojae(ZH) 可视化检测大豆疫霉菌的方法及试剂盒,,,,,,,18.2910908,109.4995686,San Ya Shi,Hai Nan Sheng,China,Soybeans,,False,2023.0,,False,Disease Resistance
CN231217044,201810385869,China,2018-04-26,108546712.0,2020-08-07,"Institute Of Crop Science, Chinese Academy Of Agricultural Sciences",(EN) Method for realizing homologous recombination of target genes in plants by using CRISPR/LbCpf1 system(ZH) 一种利用CRISPR/LbCpf1系统实现目的基因在植物中同源重组的方法,,,,,,,39.9628214,116.3269465,,Bei Jing Shi,China,Rice,834.0,True,2018.0,2020.0,False,Gene Editing Systems Development
CN405748556,202310560815,China,2023-05-16,116555329.0,2024-05-07,Huazhong Agricultural University,(EN) Application of LjAP3M protein in regulation and control of nitrogen fixation efficiency of plant root nodule(ZH) LjAP3M蛋白在调控植物根瘤固氮效率中的应用,,,,,,,30.475126,114.353035,Wu Han Shi,Hu Bei Sheng,China,Crop plants,357.0,True,2023.0,2024.0,False,Yield Improvement
CN405936984,202310770136,China,2023-06-28,116516059.0,2023-08-29,Sanya Nanfan Research Institute Of Hainan University海南大学三亚南繁研究院Sanya Research Institute Of Hainan University,(EN) Method and kit for visually detecting soybean southern stem canker pathogen(ZH) 可视化检测大豆南方茎溃疡病菌的方法及试剂盒,,,,,,,18.2910908,109.4995686,San Ya Shi,Hai Nan Sheng,China,Soybeans,62.0,True,2023.0,2023.0,False,Disease Resistance
CN398582473,202310410504,China,2023-04-18,116121298.0,2023-06-16,Sanya Research Institute Of Henan University河南大学三亚研究院Henan University,(EN) Application of inhibiting expression of HSRP1 gene in improving heat resistance of plants(ZH) 抑制HSRP1基因的表达在提高植物耐热性中的应用,,,,,,,34.808921,114.369752,Kai Feng Shi,He Nan Sheng,China,Crop plants,59.0,True,2023.0,2023.0,False,Heat Tolerance
CN426828106,202311841397,China,2023-12-29,,,Yangzhou University,(EN) Tomato SlMIS1 gene and application thereof in improving high temperature resistance of tomato(ZH) 番茄SlMIS1基因及其在提高番茄耐高温能力中的应用,,,,,,,32.399078,119.389893,Yangzhou,Jiangsu,China,Tomatoes,,False,2023.0,,False,Heat Tolerance
CN436540298,202410637361,China,2024-05-22,,,South China Agricultural University,(EN) Application of arabidopsis thaliana HMP46 gene in improvement of cadmium stress resistance of plants(ZH) 一种拟南芥HMP46基因在提高植物镉胁迫抗性中的应用,,,,,,,23.1568182,113.3536811,Guang Zhou Shi,Guang Dong Sheng,China,Crop plants,,False,2024.0,,False,Other Genetic Improvement for Crop Traits
CN394136643,202211028655,China,2022-08-25,12012605.0,,Henan Agricultural University,(EN) Application of NUA gene in plant salt stress resistance regulation(ZH) NUA基因在植物盐胁迫抗性调控中的应用,,,,,,,34.7854718,113.6632032,Zheng Zhou Shi,He Nan Sheng,China,Crop plants,,False,2022.0,,False,Drought Adaptation
IN275746682,201917018418,India,2019-05-08,,,"Pioneer Hi-Bred International, Inc.",(EN) GENERATING NORTHERN LEAF BLIGHT RESISTANT MAIZE,62/407867 13.10.2016 US,"US3416802

CA3037560

CN109844121

BR112019007327

EP3525578

EA201990924

WO/2018/071362

US20220275392

EA202292659

EP4242330

AR109941

UAa201904883This application is not viewable in PATENTSCOPE because the national phase entry has not been published yet or the national entry is issued from a country that does not share data with WIPO or there is a formatting issue or an unavailability of the application.",,,08.05.2019,India,40.1631226,-76.6461019,Elizabethtown,Pennsylvania,United States,Corn/Maize,,False,2019.0,,True,Disease Resistance
US372936162,16341531,United States of America,2017-10-10,11820990.0,,"Pioneer Hi-Bred International, Inc.",(EN) Generating northern leaf blight resistant maize,,"US3416802

CA3037560

CN109844121

BR112019007327

EP3525578

EA201990924

WO/2018/071362

EA202292659

EP4242330

AR109941

UAa201904883This application is not viewable in PATENTSCOPE because the national phase entry has not been published yet or the national entry is issued from a country that does not share data with WIPO or there is a formatting issue or an unavailability of the application.

IN201917018418",,,10.10.2017,United States,40.1631226,-76.6461019,Elizabethtown,Pennsylvania,United States,Corn/Maize,,False,2017.0,,True,Disease Resistance
EP407445712,23158586,European Patent Office,2017-10-10,,,Pioneer Hi Bred Int,(DE) ERZEUGUNG VON GEGEN NÖRDLICHER BLATTFLECKENKRANKHEIT RESISTENTEM MAIS(EN) GENERATING NORTHERN LEAF BLIGHT RESISTANT MAIZE(FR) GÉNÉRATION DE MAÏS RÉSISTANT À L'HELMINTHOSPORIOSE DU NORD,17787833 10.10.2017 EP201662407867 13.10.2016 US2017055835 10.10.2017 US,"US3416802

CA3037560

CN109844121

BR112019007327

EP3525578

EA201990924

WO/2018/071362

US20220275392

EA202292659

AR109941

UAa201904883This application is not viewable in PATENTSCOPE because the national phase entry has not been published yet or the national entry is issued from a country that does not share data with WIPO or there is a formatting issue or an unavailability of the application.

IN201917018418",,,10.10.2017,European Patent Office,40.1631226,-76.6461019,Elizabethtown,Pennsylvania,United States,Corn/Maize,,False,2017.0,,True,Disease Resistance
US309777020,16955920,United States of America,2018-12-21,112501179.0,,"Institute Of Genetics And Developmental Biology, Chinese Academy Of Sciences",(EN) Method for base editing in plants,201711393160.7 21.12.2017 CN201810402244.0 28.04.2018 CN,"CN110157727

WO/2019/120283

EP3728600

BR112020010594

CA3091157",,,21.12.2018,United States,38.115509,114.533286,Shi Jia Zhuang Shi,He Bei Sheng,China,Crop plants,,False,2018.0,,True,Other Genetic Improvement for Crop Traits
US410037111,18246317,United States of America,2021-09-21,,,"Inari Agriculture Technology, Inc.",(EN) USE OF CRISPR-CAS ENDONUCLEASES FOR PLANT GENOME ENGINEERING,,,,,21.09.2021,United States,42.367206,-71.0907955,Cambridge,Massachusetts,United States,Crop plants,,False,2021.0,,False,Gene Editing Systems Development
CN321136883,202011261356,China,2020-11-12,,,Fujian Agriculture And Forestry University,(EN) Method for regulating soybean nodulation and close planting through GmPIN1 gene mutation and application of method(ZH) GmPIN1基因突变调控大豆结瘤和密植的方法及其应用,,,,,,,26.084946,119.239701,Fu Zhou Shi,Fu Jian Sheng,China,Soybeans,,False,2020.0,,False,Yield Improvement
US130907148,14291605,United States of America,2014-05-30,,,The Penn State Research Foundation,(EN) GENE TARGETING AND GENETIC MODIFICATION OF PLANTS VIA RNA-GUIDED GENOME EDITING,,WO/2014/194190,,,30.05.2014,United States,40.7969171,-77.8613205,State College,Pennsylvania,United States,Crop plants,,False,2014.0,,True,Gene Editing Systems Development
IN392341083,202227066024,India,2022-11-17,,,Oxford University Innovation Limited,(EN) ENHANCEMENT OF PRODUCTIVITY IN C3 PLANTS,2007526.3 20.05.2020 UK,"WO/2021/234370

AU2021274120

BR112022023522

CA3178261

EP4153754

CN116157526

JP2023531153

US20230279419

BRGB2021051195

AR122124",,,17.11.2022,India,51.753007,-1.291241,,England,United Kingdom,Crop plants,,False,2022.0,,True,Yield Improvement
US406481574,17999358,United States of America,2021-05-18,,,Oxford University Innovation Limited,(EN) ENHANCEMENT OF PRODUCTIVITY IN C3 PLANTS,2007526.3 20.05.2020 GB,"WO/2021/234370

AU2021274120

BR112022023522

CA3178261

EP4153754

CN116157526

JP2023531153

BRGB2021051195

AR122124

IN202227066024",,,18.05.2021,United States,51.753007,-1.291241,,England,United Kingdom,Crop plants,,False,2021.0,,True,Yield Improvement
AU378724754,2021274120,Australia,2021-05-18,,,Oxford University Innovation Limited,(EN) Enhancement of productivity in C3 plants,2007526.3 20.05.2020 GB,"WO/2021/234370

BR112022023522

CA3178261

EP4153754

CN116157526

JP2023531153

US20230279419

BRGB2021051195

AR122124

IN202227066024",,,18.05.2021,Australia,51.753007,-1.291241,,England,United Kingdom,Crop plants,,False,2021.0,,True,Yield Improvement
US427161074,17909309,United States of America,2021-03-04,,,Suzhou Qi Biodesign Biotechnology Company Limited,(EN) MULTIPLEX GENOME EDITING METHOD AND SYSTEM,202010143643.7 04.03.2020 CN,"WO/2021/175289

BR112022017704

EP4116426

CN115667528

BR112022017704This application is not viewable in PATENTSCOPE because the national phase entry has not been published yet or the national entry is issued from a country that does not share data with WIPO or there is a formatting issue or an unavailability of the application.",,,04.03.2021,United States,32.486462,120.476518,Nan Tong Shi,Jiang Su Sheng,China,Crop plants,,False,2021.0,,True,Gene Editing Systems Development
EP389041738,21764356,European Patent Office,2021-03-04,,,Suzhou Qi Biodesign Biotechnology Company Ltd,(DE) MULTIPLEX-GENOMEDITIERVERFAHREN UND -SYSTEM(EN) MULTIPLEX GENOME EDITING METHOD AND SYSTEM(FR) PROCÉDÉ ET SYSTÈME D'ÉDITION DE GÉNOME MULTIPLEX,202010143643 04.03.2020 CN,"WO/2021/175289

BR112022017704

CN115667528

US20240117368

BR112022017704This application is not viewable in PATENTSCOPE because the national phase entry has not been published yet or the national entry is issued from a country that does not share data with WIPO or there is a formatting issue or an unavailability of the application.",,,04.03.2021,European Patent Office,32.486462,120.476518,Nan Tong Shi,Jiang Su Sheng,China,Crop plants,,False,2021.0,,True,Gene Editing Systems Development
CN436033320,202410521719,China,2024-04-28,,,"Beidahuang Kenfeng Seed Industry Co., Ltd.",(EN) Method for changing flowering period of rice by gene editing and application(ZH) 基因编辑改变水稻开花期的方法及应用,,,,,,,48.2956,125.39423,Qiqihar,Heilongjiang,China,Rice,,False,2024.0,,False,Yield Improvement
AU277606675,2018264457,Australia,2018-05-11,7170807.0,,"China Agricultural Universityinstitute Of Genetics And Developmental Biology, Chinese Academy Of Sciences",(EN) Creation of herbicide resistant gene and use thereof,201710329242.9 11.05.2017 CN,"CN108866092

AR111790

KR1020200008137

EP3622061

EA201992637

BR112019023377

JP2020519310

WO/2018/205995

US20210189416

CN115927437

CA3062976

UAa201911633This application is not viewable in PATENTSCOPE because the national phase entry has not been published yet or the national entry is issued from a country that does not share data with WIPO or there is a formatting issue or an unavailability of the application.

US20220267788",,,11.05.2018,Australia,38.115509,114.533286,Shi Jia Zhuang Shi,He Bei Sheng,China,Crop plants,,False,2018.0,,True,Pesticide Resistance
US209022145,15630817,United States of America,2017-06-22,,,University Of Washington,(EN) HORMONE DEGRADABLE CRISPR-BASED TRANSCRIPTION FACTORS,,,,,22.06.2017,United States,47.6567171,-122.3066182,Seattle,Washington,United States,Crop plants,,False,2017.0,,False,Other Genetic Improvement for Crop Traits
JP350404535,2021150908,Japan,2021-09-16,,,Cibus Us Llcサイバス　ユーエス　エルエルシーCibus Europ B Vサイバス　オイローペ　ベスローテン　ヴェンノーツハップ,(EN) METHODS AND COMPOSITIONS FOR INCREASING EFFICIENCY OF INCREASED EFFICIENCY OF TARGETED GENE MODIFICATION USING OLIGONUCLEOTIDE-MEDIATED GENE REPAIR(JA) オリゴヌクレオチド仲介型遺伝子修復を使用した標的遺伝子修飾の効率を高めるための方法および組成物,"61/801,333 15.03.2013 US","CA3206344

ES2921207

KR1020210010954

NZ751574

CA2905391

KR1020210154873

DK3527068

VN1/083841

PT3527068

LT3527068

NZ751577

RS63427

KR1020220139435

PL3527068

EP4136963

KR1020240036153

HUE059269

MY-1 83741-A

AU2014233519

KR1020150128854

EP2966980

CN105431039

EA201591445

US20160289691

MYPI 2015703115

VN47384

BR112015022829

WO/2014/144951

CN108823238

EP3527068

JP2016512695

NZ711145

IL241143

CL2015002648

IN2854/MUMNP/2015

US20190264219

IL269368

JP2020010706

AU2020217388

IL290273

US20230313211

JP2023011803

AU2023216834

IL307456

JP2024153846",,,16.09.2021,Japan,32.8868488,-117.1823458,San Diego,California,United States,Crop plants,,False,2021.0,,True,Gene Editing Systems Development
NZ179135155,711145,New Zealand,2015-08-17,,,Cibus Us Llccibus Europe B.V.,(EN) METHODS AND COMPOSITIONS FOR INCREASING EFFICIENCY OF TARGETED GENE MODIFICATION USING OLIGONUCLEOTIDE-MEDIATED GENE REPAIR,"61/801,333 15.03.2013 US","CA3206344

ES2921207

KR1020210010954

NZ751574

CA2905391

KR1020210154873

DK3527068

VN1/083841

PT3527068

LT3527068

NZ751577

RS63427

KR1020220139435

PL3527068

EP4136963

KR1020240036153

HUE059269

MY-1 83741-A

AU2014233519

KR1020150128854

EP2966980

CN105431039

EA201591445

US20160289691

MYPI 2015703115

VN47384

BR112015022829

WO/2014/144951

CN108823238

EP3527068

JP2016512695

IL241143

CL2015002648

IN2854/MUMNP/2015

US20190264219

IL269368

JP2020010706

AU2020217388

JP2022023040

IL290273

US20230313211

JP2023011803

AU2023216834

IL307456

JP2024153846",,,17.08.2015,New Zealand,32.8868488,-117.1823458,San Diego,California,United States,Crop plants,,False,2015.0,,True,Gene Editing Systems Development
NZ316825285,751577,New Zealand,2014-03-14,,,Cibus Us Llccibus Europe B.V.,(EN) Methods And Compositions For Increasing Efficiency Of Targeted Gene Modification Using Oligonucleotide-Mediated Gene Repair,"61/801,333 15.03.2013 US","CA3206344

ES2921207

KR1020210010954

NZ751574

CA2905391

KR1020210154873

DK3527068

VN1/083841

PT3527068

LT3527068

RS63427

KR1020220139435

PL3527068

EP4136963

KR1020240036153

HUE059269

MY-1 83741-A

AU2014233519

KR1020150128854

EP2966980

CN105431039

EA201591445

US20160289691

MYPI 2015703115

VN47384

BR112015022829

WO/2014/144951

CN108823238

EP3527068

JP2016512695

NZ711145

IL241143

CL2015002648

IN2854/MUMNP/2015

US20190264219

IL269368

JP2020010706

AU2020217388

JP2022023040

IL290273

US20230313211

JP2023011803

AU2023216834

IL307456

JP2024153846",,,14.03.2014,New Zealand,32.8868488,-117.1823458,San Diego,California,United States,Crop plants,,False,2014.0,,True,Other Genetic Improvement for Crop Traits
IN376455087,202111007831,India,2021-02-24,,,Jawaharlal Nehru University (Jnu),(EN) METHOD FOR GENERATING DROUGHT-TOLERANT PLANT USING NUCLEIC ACID SEQUENCE FROM A HOMEOBOX TRANSCRIPTION FACTOR ENCODING GENE,,,,,24.02.2021,India,28.5398035,77.1664047,New Delhi,Delhi,India,Rice,,False,2021.0,,False,Drought Adaptation
CA214204610,2998894,Canada,2016-09-19,,,The Regents Of The University Of California,(EN) METHODS FOR AUTOCATALYTIC GENOME EDITING AND NEUTRALIZING AUTOCATALYTIC GENOME EDITING AND COMPOSITIONS THEREOF(FR) PROCEDES POUR L'EDITION AUTOCATALYTIQUE DE GENOME ET LA NEUTRALISATION DE L'EDITION AUTOCATALYTIQUE DE GENOME ET LEURS COMPOSITIONS,"62/220,630 18.09.2015 US62/221,298 21.09.2015 US62/221,309 21.09.2015 US62/256,479 17.11.2015 US62/266,022 11.12.2015 US","EP3350315

ID2018/10689

US20200080111

WO/2017/049266

IN201817013932

APAP/P/2018/010662",,,19.09.2016,Canada,34.069278,-118.4407843,Los Angeles,California,United States,Crop plants,,False,2016.0,,True,Gene Editing Systems Development
EP224029923,16847523,European Patent Office,2016-09-19,116716336.0,,Univ California,(DE) VERFAHREN ZUR AUTOKATALYTISCHEN GENOMBEARBEITUNG UND NEUTRALISIERUNG VON AUTOKATALYTISCHER GENOMBEARBEITUNG SOWIE ZUSAMMENSETZUNGEN DARAUS(EN) METHODS FOR AUTOCATALYTIC GENOME EDITING AND NEUTRALIZING AUTOCATALYTIC GENOME EDITING AND COMPOSITIONS THEREOF(FR) PROCÉDÉS POUR L'ÉDITION AUTOCATALYTIQUE DE GÉNOME ET LA NEUTRALISATION DE L'ÉDITION AUTOCATALYTIQUE DE GÉNOME ET LEURS COMPOSITIONS,201562220630 18.09.2015 US201562221298 21.09.2015 US201562221309 21.09.2015 US201562256479 17.11.2015 US201562266022 11.12.2015 US,"CA2998894

ID2018/10689

US20200080111

WO/2017/049266

IN201817013932

APAP/P/2018/010662",,,19.09.2016,European Patent Office,34.0699182,-118.4438495,Los Angeles,California,United States,Crop plants,,False,2016.0,,True,Gene Editing Systems Development
RU425456480,2022123791,Russian Federation,2022-09-07,106544357.0,,"Федеральное Государственное Бюджетное Научное Учреждение ""Всероссийский Научно-Исследовательский Институт Сельскохозяйственной Биотехнологии"" (Фгбну Вниисб) (Ru)",(EN) METHOD OF OBTAINING POTATO PLANT WITH TETRAALLEL MUTATIONS IN EDR1 GENE ENCODING REGION USING CRISPR/CAS9 PLANT GENOME EDITING TECHNOLOGY(RU) СПОСОБ ПОЛУЧЕНИЯ РАСТЕНИЯ КАРТОФЕЛЯ С ТЕТРААЛЛЕЛЬНЫМИ МУТАЦИЯМИ В КОДИРУЮЩЕЙ ОБЛАСТИ ГЕНА EDR1 ПРИ ПОМОЩИ ТЕХНОЛОГИИ РЕДАКТИРОВАНИЯ ГЕНОМА РАСТЕНИЙ CRISPR/CAS9,,,,,07.09.2022,Russia,55.8271038,37.5574356,Moskva,Moskva,Russia,Potatoes,,False,2022.0,,False,Disease Resistance
CN407972991,202310725481,China,2023-06-16,116536286.0,,Guangdong Academy Of Agricultural Sciences-Agricultural Biological Gene Research Center,(EN) Application of OsSKIPa gene and encoded protein thereof in regulation and control of plant seed development(ZH) OsSKIPa基因及其编码蛋白在调控植物种子发育中的应用,,,,,,,23.145448,113.353943,Guang Zhou Shi,Guang Dong Sheng,China,Rice,,False,2023.0,,False,Yield Improvement
CN195282523,201610725564,China,2016-08-25,,,Hunan Hybrid Rice Research Center,(EN) Method for cultivating low-cadmium-accumulation indica rice variety(ZH) 一种培育镉低积累籼稻品种的方法,,,,,,,28.197709,113.083429,Chang Sha Shi,Hu Nan Sheng,China,Rice,,False,2016.0,,False,Other Genetic Improvement for Crop Traits
CN405900646,202310535570.X,China,2023-05-12,,,Nanjing Agricultural University,(EN) Rice OsCTK1 protein and application of coding gene thereof(ZH) 水稻OsCTK1蛋白及其编码基因的应用,,,,,12.05.2023,China,32.033399,118.842587,Nan Jing Shi,Jiang Su Sheng,China,Rice,,False,2023.0,,False,Cold Tolerance
CN311240483,202010562713,China,2020-06-19,,,Dalian University Of Technology,(EN) Method for simultaneously silencing tomato miR482b and miR482c by using CRISPR-Cas9 system and application(ZH) 利用CRISPR-Cas9系统同时沉默番茄miR482b和miR482c及应用,,,,,,,38.880381,121.529021,Da Lian Shi,Liao Ning Sheng,China,Tomatoes,,False,2020.0,,False,Disease Resistance
RU425455546,2022123796,Russian Federation,2022-09-07,114574508.0,,,(EN) METHOD OF OBTAINING POTATO PLANT WITH BIALLELIC MUTATIONS IN EDR1 GENE ENCODING REGION USING CRISPR/CAS9 PLANT GENOME EDITING METHOD(RU) СПОСОБ ПОЛУЧЕНИЯ РАСТЕНИЯ КАРТОФЕЛЯ С НУКЛЕОТИДНОЙ ДЕЛЕЦИЕЙ В КОДИРУЮЩЕЙ ОБЛАСТИ ГЕНА EDR1 ПРИ ПОМОЩИ ТЕХНОЛОГИИ РЕДАКТИРОВАНИЯ ГЕНОМА РАСТЕНИЙ CRISPR/CAS9,,,,,07.09.2022,Russia,,,,,,Potatoes,,False,2022.0,,False,Disease Resistance
RU425456484,2022123797,Russian Federation,2022-09-07,,,"Федеральное Государственное Научное Учреждение ""Всероссийский Научно-Исследовательский Институт Сельскохозяйственной Биотехнологии"" (Фгбну Вниисб) (Ru)",(EN) METHOD OF OBTAINING POTATO PLANT WITH BIALLELIC MUTATIONS IN EDR1 GENE ENCODING REGION USING CRISPR/CAS9 PLANT GENOME EDITING METHOD(RU) СПОСОБ ПОЛУЧЕНИЯ РАСТЕНИЯ КАРТОФЕЛЯ С НУКЛЕОТИДНОЙ ДЕЛЕЦИЕЙ В КОДИРУЮЩЕЙ ОБЛАСТИ ГЕНА EDR1 ПРИ ПОМОЩИ ТЕХНОЛОГИИ РЕДАКТИРОВАНИЯ ГЕНОМА РАСТЕНИЙ CRISPR/CAS9,,,,,07.09.2022,Russia,55.8271038,37.5574356,Moskva,Moskva,Russia,Potatoes,,False,2022.0,,False,Disease Resistance
CN365368447,202210273396,China,2022-03-18,,,Future Industry Research Institute Of Yangtze River Delta Of安庆市长三角未来产业研究院Zhejiang University,(EN) Application of PUB22 gene in regulation and control of insect pest stress resistance of plants(ZH) PUB22基因在调控植物对虫害胁迫抗性中的应用,,,,,,,30.7164657,120.9995965,Jia Xing Shi,Zhe Jiang Sheng,China,Cotton,,False,2022.0,,False,Other Genetic Improvement for Crop Traits
EP326386763,19811366,European Patent Office,2019-05-30,,,Pioneer Hi Bred Int,(DE) SYSTEME UND VERFAHREN ZUM EDITIEREN DES BRASSICA-GENOMS(EN) SYSTEMS AND METHODS FOR EDITING BRASSICA GENOME(FR) SYSTÈMES ET PROCÉDÉS D'ÉDITION DU GÉNOME DE BRASSICA,201862679337 01.06.2018 US,"WO/2019/232136

AU2019277388

CA3099645

US20210207153

RU2020143335

UAa202008362This application is not viewable in PATENTSCOPE because the national phase entry has not been published yet or the national entry is issued from a country that does not share data with WIPO or there is a formatting issue or an unavailability of the application.",,,30.05.2019,European Patent Office,40.1631226,-76.6461019,Elizabethtown,Pennsylvania,United States,Cabbage,,False,2019.0,,True,Gene Editing Systems Development
US428011940,18114014,United States of America,2023-02-24,116064643.0,,"University Of Florida Research Foundation, Incorporated",(EN) T-DNA Free Gene Editing through Transient Suppressing POLQ in Plants,,,,,24.02.2023,United States,29.6492253,-82.3419929,Gainesville,Florida,United States,Tobacco,,False,2023.0,,False,Gene Editing Systems Development
CN441611789,202411016432,China,2024-07-27,114457106.0,,Beijing Academy Of Agriculture And Forestry Sciences,(EN) RPA-CRISPR/Cas12a-based kit for visually detecting botryosphaeria dothidea(ZH) 一种基于RPA-CRISPR/Cas12a的可视化检测葡萄溃疡病菌的试剂盒,,,,,,,39.9438284,116.2870162,,Bei Jing Shi,China,Grape,,False,2024.0,,False,Disease Resistance
CN398214558,202211230683,China,2022-10-08,,,Fujian Agriculture And Forestry University,(EN) Method for improving editing efficiency of dicotyledon single base editor and application thereof(ZH) 一种提高双子叶植物单碱基编辑器编辑效率的方法及其应用,,,,,,,26.084946,119.239701,Fu Zhou Shi,Fu Jian Sheng,China,Soybeans,,False,2022.0,,False,Gene Editing Systems Development
CN361493003,202110439681,China,2021-04-23,,,Shandong Agriculture University,(EN) Application of tomato gene SlCIPK7 in regulation and control of plant drought resistance(ZH) 番茄基因SlCIPK7在调控植物抗旱性中的应用,,,,,,,36.1939376,117.1193702,Tai An Shi,Shan Dong Sheng,China,Tomatoes,,False,2021.0,,False,Drought Adaptation
EP335385731,19797277,European Patent Office,2019-11-01,111718945.0,,Keygene Nv,(DE) DUAL-GUIDE-RNA ZUR CRISPR/CAS-GENOMÄNDERUNG IN PFLANZENZELLEN(EN) DUAL GUIDE RNA FOR CRISPR/CAS GENOME EDITING IN PLANTS CELLS(FR) ARN GUIDE DOUBLE POUR ÉDITION DE GÉNOME CRISPR/CAS DANS DES CELLULES VÉGÉTALES,18203919 01.11.2018 EP,"WO/2020/089448

US20220010321

JP2022505440",,,01.11.2019,European Patent Office,51.9763484,5.6461028,Wageningen,Gelderland,Netherlands,Crop plants,,False,2019.0,,True,Gene Editing Systems Development
CN431524734,202410421381,China,2024-04-09,,,Horticulture Institute Of Xinjiang Academy Of Agricultural Science,(EN) Method for increasing lycopene content of tomato fruits(ZH) 一种提高番茄果实番茄红素含量的方法,,,,,,,43.8141912,87.5738005,Wu Lu Mu Qi Shi,Xin Jiang Wei Wu Er Zi Zhi Qu,China,Tomatoes,,False,2024.0,,False,Other Genetic Improvement for Crop Traits
CN308318674,202010634292,China,2020-07-02,,,Southwest University,(EN) Method for regulating proportion of S/G type lignin and improving degradation and conversion efficiency of cell walls by using laccase PtoLAC14(ZH) 利用漆酶PtoLAC14调控S/G型木质素比例并提高细胞壁降解转化效率的方法,,,,,,,29.8195959,106.4266239,,Chong Qing Shi,China,Crop plants,,False,2020.0,,False,Other Genetic Improvement for Crop Traits
CN371004696,202210465278,China,2022-04-29,105821075.0,,Nanjing Forestry University,(EN) CRISPR-Cas12a-based method for detecting pine canker pathogenic bacteria and application of CRISPR-Cas12a-based method(ZH) 基于CRISPR-Cas12a检测松树脂溃疡病原菌的方法及应用,,,,,,,32.080904,118.812736,Nan Jing Shi,,China,Pine,,False,2022.0,,False,Disease Resistance
CN242436818,201910151375,China,2019-02-28,106939316.0,,Northwest A&F University,(EN) Method for establishing tomato nuclear male sterile line with green stem marker(ZH) 一种带绿茎标记的番茄核雄性不育系的创建方法,,,,,,,34.262298,108.073742,Xian Yang Shi,Shan Xi Sheng,China,Tomatoes,,False,2019.0,,False,Other Genetic Improvement for Crop Traits
CN177033898,102016000254568,China,2016-04-22,,,,(EN) Establishment method of caffeine synthetase CRISPR/Cas9 genome editing vector(ZH) 一种茶树咖啡因合成酶CRISPR/Cas9基因组编辑载体的构建方法,,,,,22.04.2016,China,28.180967,113.084828,Chang Sha Shi,Hu Nan Sheng,China,Tea,,False,2016.0,,False,Gene Editing Systems Development
CN202653160,102016000004499,China,2016-01-05,113061615.0,,Fudan University,(EN) Method for fixed point knock-out of second exon of rice OsPDCD5 gene by using CRISPR/Cas9 system(ZH) 利用CRISPR/Cas9系统定点敲除水稻OsPDCD5基因第二外显子的方法,,,,,05.01.2016,China,31.2974197,121.5036178,,Shang Hai Shi,China,Rice,,False,2016.0,,False,Yield Improvement
CN401501620,202310296451,China,2023-03-24,,,"China Tobacco Yunnan Industrial Co., Ltd.",(EN) Tobacco xyloglucan endotransglucosylase/hydrolase protein gene NtXTH8 and application thereof(ZH) 一种烟草木葡聚糖内转葡糖基酶/水解酶蛋白基因NtXTH8及其应用,,,,,,,26.5895249,106.7159627,Gui Yang Shi,Gui Zhou Sheng,China,Tobacco,,False,2023.0,,False,Other Genetic Improvement for Crop Traits
CN330942577,202110363245,China,2021-04-02,,,"Oil Crops Research Institute, Chinese Academy Of Agricultural Sciences",(EN) Brassica napus BnaA06.GTR2 gene related to thioglycoside transport and application thereof(ZH) 硫苷转运相关的甘蓝型油菜BnaA06.GTR2基因及其应用,,,,,,,30.581532,114.344114,Wu Han Shi,Hu Bei Sheng,China,Canola,,False,2021.0,,False,Other Genetic Improvement for Crop Traits
CA393795561,3192195,Canada,2021-08-27,113801871.0,,Pairwise Plants Services Inc,(EN) ENGINEERED PROTEINS AND METHODS OF USE THEREOF(FR) PROTEINES CRISPR-CAS INGENIERISEES ET LEURS PROCEDES D'UTILISATION,"63/071,734 28.08.2020 US",,,,27.08.2021,Canada,35.9900355,-78.8898264,Durham,North Carolina,United States,Crop plants,,False,2021.0,,False,Gene Editing Systems Development
CN331406512,202110487855,China,2021-04-30,,,Huazhong Agricultural University,(EN) Method for mining tobacco bacterial wilt resistance gene by using plant-mediated CRISPR technology(ZH) 一种用植物介导CRISPR技术挖掘烟草青枯病抗性基因的方法,,,,,,,30.475126,114.353035,Wu Han Shi,Hu Bei Sheng,China,Tobacco,,False,2021.0,,False,Disease Resistance
CN345741375,202111177101,China,2021-10-09,106086028.0,,"Institute Of Crop Science, Chinese Academy Of Agricultural Sciences中国农业科学院作物科学研究所Biotechnology Research Institute, Caas",(EN) Function and application of SiLCYE in regulating and controlling anabolism of millet carotenoids such as zeaxanthin(ZH) SiLCYE调控玉米黄质等谷子类胡萝卜素合成代谢的功能及应用,,,,,,,39.959662,116.327333,,北京市,China,Millet,,False,2021.0,,False,Other Genetic Improvement for Crop Traits
CN427324067,202311870432,China,2023-12-29,112126710.0,,Henan University河南大学Sanya Research Institute Of Henan University,(EN) Application of corn Zm00001d017111 gene mutant gl8 in insect resistance(ZH) 玉米Zm00001d017111基因的突变体gl8在抗虫中的应用,202211704065.5 29.12.2022 CN,,,,,,34.808921,114.369752,Kai Feng Shi,He Nan Sheng,China,Corn/Maize,,False,2023.0,,False,Disease Resistance
CN179612627,102016000705816,China,2016-08-23,110699369.0,,"Institute Of Crop Science, Chinese Academy Of Agricultural Sciences",(EN) Method of increasing content of resistant starch in rice through genome editing and sgRNA special for same(ZH) 一种通过基因组编辑提高水稻抗性淀粉含量的方法及其专用sgRNA,,,,,23.08.2016,China,39.9628214,116.3269465,,Bei Jing Shi,China,Rice,,False,2016.0,,False,Yield Improvement
CN314501580,202011224100,China,2020-11-05,111961684.0,,Zhejiang University,(EN) Rice-derived insect-resistant related gene OsLRR6 as well as encoding product and application thereof(ZH) 水稻源抗虫相关基因OsLRR6及其编码产物与应用,,,,,,,30.3086844,120.0864995,Hang Zhou Shi,Zhe Jiang Sheng,China,Rice,,False,2020.0,,False,Disease Resistance
CN282838520,201910994534,China,2019-10-18,,,"Institute Of Crop Science, Chinese Academy Of Agricultural Sciences","(EN) Rice receptor kinase gene OsRLCK21, protein encoded by rice receptor kinase gene OsRLCK21and application(ZH) 水稻受体激酶基因OsRLCK21及其编码的蛋白和应用",,,,,,,39.9628214,116.3269465,,Bei Jing Shi,China,Rice,,False,2019.0,,False,Disease Resistance
CN312390782,202010895137,China,2020-08-31,,,"Institute Of Crop Science, Chinese Academy Of Agricultural Sciences",(EN) Method for improving wheat disease resistance by inhibiting expression of TaVQ5 gene in wheat(ZH) 通过抑制小麦中TaVQ5基因的表达提高小麦抗病性的方法,,,,,,,39.9628214,116.3269465,,Bei Jing Shi,China,Wheat,,False,2020.0,,False,Disease Resistance
CN374079414,202210687826,China,2022-06-17,,,"Institute Of Crop Science, Chinese Academy Of Agricultural Sciences",(EN) Application of SiPSI1 protein and related biological materials thereof in regulation and control of synthesis of millet carotenoid(ZH) SiPSY1蛋白质及其相关生物材料在调控谷子类胡萝卜素合成中的应用,,,,,,,39.9628214,116.3269465,,Bei Jing Shi,China,Millet,,False,2022.0,,False,Other Genetic Improvement for Crop Traits
CN436074892,202410267432,China,2024-03-08,,,Crop Research Institute Of The Sichuan Academy Of Agricultural Sciences,"(EN) Transcription factor Osmyb2 for regulating and controlling grain thickness, grain weight and pericarp color of rice seeds and application of transcription factor Osmyb2(ZH) 一种调控水稻种子粒厚粒重和果皮颜色的转录因子Osmyb2及其应用",,,,,,,30.611225,104.1093,Chengdu,Sichuan,China,Rice,,False,2024.0,,False,Yield Improvement
CN428112185,202311740984,China,2023-12-15,,,Guangzhou University,(EN) Application of ZTL2 gene in construction of high-yield soybean and method for constructing high-yield soybean by using CRISPR/Cas9(ZH) ZTL2基因在构建高产大豆中的应用及利用CRISPR/Cas9构建高产大豆的方法,,,,,,,23.2759012,113.6721525,Guangzhou,Guangdong Province,China,Soybeans,,False,2023.0,,False,Yield Improvement
CN251465576,201910468784,China,2019-05-31,,,"Beijing Academy Of Agriculture And Forestry Sciences北京市农林科学院Jingyan Yinong (Beijing) Seed Sci-Tech Co., Ltd.京研益农（北京）","(EN) Method for obtaining watermelon female strains, and application thereof(ZH) 一种西瓜雌性株的获得方法及应用",201910187316.9 13.03.2019 CN,,,,,,39.9438284,116.2870162,,Bei Jing Shi,China,Watermelon,,False,2019.0,,False,Other Genetic Improvement for Crop Traits
KR243443517,1020180144185,Republic of Korea,2018-11-21,102168489.0,2020-10-22,한국생명공학연구원Korea Research Institute Of Bioscience And Biotechnology,(EN) COMPOSITION FOR EDITING GENOME USING CRISPR/Cpf1 SYSTEM AND USES THEREOF(KO) CRISPR/Cpf1 시스템을 이용한 유전체 편집용 조성물 및 이의 용도,1020170155927 21.11.2017 KR,,,,21.11.2018,South Korea,35.5088645,126.8370104,Jeongeup,Jeonbuk State,South Korea,Crop plants,701.0,True,2018.0,2020.0,False,Gene Editing Systems Development
KR375101491,1020220027564,Republic of Korea,2022-03-03,,,중앙대학교 산학협력단Chung Ang University Industry Academic Cooperation Foundation,(EN) METHOD FOR SINGLE-BASE GENOME EDITING USING CRISPR/Cas9 SYSTEM AND USES THEREOF(KO) CRISPR/Cas9 시스템을 이용한 유전체 단일염기 편집 방법 및 이의 용도,1020210028176 03.03.2021 KR,,,,03.03.2022,South Korea,37.5045563,126.9569379,,Seoul,South Korea,Crop plants,,False,2022.0,,False,Gene Editing Systems Development
KR377463280,1020220049739,Republic of Korea,2022-04-21,,,중앙대학교 산학협력단Chung Ang University Industry Academic Cooperation Foundation,(EN) METHOD FOR SINGLE-BASE GENOME EDITING USING CRISPR/CPF1 SYSTEM AND USE THEREOF(KO) CRISPR/Cpf1 시스템을 이용한 유전체 단일염기 편집 방법 및 이의 용도,1020210052619 22.04.2021 KR,,,,21.04.2022,South Korea,37.5045563,126.9569379,,Seoul,South Korea,Crop plants,,False,2022.0,,False,Gene Editing Systems Development
CN337668581,202110768472,China,2021-07-07,,,China Agricultural University,(EN) Protein for regulating and controlling corn bracts and related biological material and application thereof(ZH) 一种调控玉米苞叶的蛋白质及其相关生物材料与应用,,,,,,,40.004202,116.352988,,Bei Jing Shi,China,Corn/Maize,,False,2021.0,,False,Yield Improvement
CN394511457,202211053478,China,2022-08-31,115820695.0,2024-03-26,"Sichuan Agricultural University四川农业大学Chengdu Chuannongniu Technology Co., Ltd.",(EN) Gene PGI1 and PGI2 for regulating and controlling chalkiness of rice as well as encoding protein and application of gene PGI1 and PGI2(ZH) 一种调控稻米垩白的基因PGI1、PGI2及其编码蛋白和应用,,,,,,,29.977484,102.993691,Ya An Shi,,China,Rice,573.0,True,2022.0,2024.0,False,Yield Improvement
EP373276376,20880833,European Patent Office,2020-10-30,,,Pairwise Plants Services Inc,(DE) TYP-V-CRISPR-CAS-BASIS-EDITOREN UND VERWENDUNGSVERFAHREN DAFÜR(EN) TYPE V CRISPR-CAS BASE EDITORS AND METHODS OF USE THEREOF(FR) ÉDITEURS À BASE DE CRISPR-CAS DE TYPE V ET MÉTHODES D'UTILISATION DE CEUX-CI,201962927914 30.10.2019 US,,,,30.10.2020,European Patent Office,35.9900355,-78.8898264,Durham,North Carolina,United States,Crop plants,,False,2020.0,,False,Gene Editing Systems Development
CN295349933,201911380897,China,2019-12-27,,,Horticulture Institute Of Xinjiang Academy Of Agricultural Science,(EN) CRISPR-mediated system for rapidly detecting function of plant gene(ZH) 一种CRISPR介导的快速检测植物基因功能的系统,,,,,,,43.8141912,87.5738005,Wu Lu Mu Qi Shi,Xin Jiang Wei Wu Er Zi Zhi Qu,China,Crop plants,,False,2019.0,,False,Gene Editing Systems Development
CN193003211,201610197563,China,2016-03-31,,,"Inner Mongolia Zhongke Zhengbiao Biotechnology Co., Ltd.",(EN) CRISPR/Cas9 technology-based monocotyledon gene knockout vector and application thereof(ZH) 基于CRISPR/Cas9技术的单子叶植物基因敲除载体及其应用,2015101560575 03.04.2015 CN,,,,,,43.598269,121.3295017,Tong Liao Shi,Nei Meng Gu Zi Zhi Qu,China,Crop plants,,False,2016.0,,False,Gene Editing Systems Development
CN238462212,201811452765,China,2018-11-30,109354615.0,2020-11-03,"Institute Of Genetics And Developmental Biology, Chinese Academy Of Sciences",(EN) Application of LEPTO1 and encoded protein thereof in rice fertility control(ZH) LEPTO1及其编码蛋白在水稻育性控制中的应用,,,,,,,38.115509,114.533286,Shi Jia Zhuang Shi,He Bei Sheng,China,Rice,704.0,True,2018.0,2020.0,False,Yield Improvement
US176141970,15025690,United States of America,2014-09-30,,,Regents Of The University Of Minnesota,(EN) CONFERRING RESISTANCE TO GEMINIVIRUSES IN PLANTS USING CRISPR/CAS SYSTEMS,,,,,30.09.2014,United States,44.9753198,-93.2279939,Minneapolis,Minnesota,United States,Crop plants,,False,2014.0,,False,Disease Resistance
KR414658869,1020230059159,Republic of Korea,2023-05-08,,,중앙대학교 산학협력단Chung Ang University Industry Academic Cooperation Foundation,(EN) SOPHISTICATED MULTIPLEX GENOME EDITING METHOD USING CRISPR-CAS9 AND USES THEREOF(KO) CRISPR-Cas9을 이용한 정교한 다중 유전체 편집 방법 및 이의 용도,1020220056271 06.05.2022 KR,,,,08.05.2023,South Korea,37.5045563,126.9569379,,Seoul,South Korea,Crop plants,,False,2023.0,,False,Gene Editing Systems Development
CA361444529,3158897,Canada,,,,Pairwise Plants Services Inc,(EN) TYPE V CRISPR-CAS BASE EDITORS AND METHODS OF USE THEREOF(FR) EDITEURS A BASE DE CRISPR-CAS DE TYPE V ET METHODES D'UTILISATION DE CEUX-CI,"62/927,914 30.10.2019 US",,,,,Canada,35.9900355,-78.8898264,Durham,North Carolina,United States,Crop plants,,False,,,False,Gene Editing Systems Development
CN426766716,202311761728,China,2023-12-20,,,Beijing Forestry University,(EN) Method for rapidly evaluating plant CRISPR/Cas9 target editing efficiency(ZH) 一种快速评价植物CRISPR/Cas9靶点编辑效率的方法,,,,,,,40.004488,116.3499723,,Bei Jing Shi,China,Crop plants,,False,2023.0,,False,Gene Editing Systems Development
CN326420259,202110155143,China,2021-02-04,112852874.0,2023-05-23,"Lanzhou Veterinary Research Institute, Chinese Academy Of Agriculture Sciences",(EN) HDAC5 gene knockout BHK-21 cell line as well as construction method and application thereof(ZH) HDAC5基因敲除的BHK-21细胞系及其构建方法和应用,,,,,,,36.082643,103.853777,Lan Zhou Shi,Gan Su Sheng,China,Crop plants,838.0,True,2021.0,2023.0,False,Other Purpose
CN371148518,202210359548.X,China,2022-04-06,114836430.0,2023-06-23,"China Tobacco Yunnan Industrial Co., Ltd.",(EN) Application of tobacco ABA receptor protein gene NtPYL6 in regulation and control of tobacco plant height and leaf rutin content(ZH) 一种烟草ABA受体蛋白基因NtPYL6在调控烟草株高和叶片芸香苷含量中的应用,,,,,06.04.2022,China,26.5895249,106.7159627,Gui Yang Shi,Gui Zhou Sheng,China,Tobacco,443.0,True,2022.0,2023.0,False,Other Genetic Improvement for Crop Traits
CN422262973,202311360017,China,2023-10-20,117467617.0,2024-08-09,"Lanzhou Veterinary Research Institute, Chinese Academy Of Agriculture Sciences",(EN) MA-104 cell line with vimentin gene knocked out as well as construction method and application of MA-104 cell line(ZH) 敲除vimentin基因的MA-104细胞系及其构建方法和应用,,,,,,,36.082643,103.853777,Lan Zhou Shi,Gan Su Sheng,China,Other plants,294.0,True,2023.0,2024.0,False,Other Purpose
CN297232635,201811229714,China,2018-10-22,111154767.0,2023-04-18,"Sinobioway Bioagriculture Group Co., Ltd.未名生物农业集团有限公司Pioneer Overseas Corporation","(EN) Root length regulation and control gene LOGL5, corresponding construct, and application of gene(ZH) 根长调控基因LOGL5及相应的构建体和其应用",,,,,,,40.0426729,116.2981529,,,,Crop plants,1639.0,True,2018.0,2023.0,False,Yield Improvement
CN289610797,201911058388,China,2019-11-01,110819654.0,2021-08-20,"Institute Of Crop Science, Chinese Academy Of Agricultural Sciences",(EN) Method and technical system for increasing content of resistant starch in triticum aestivum by genome editing(ZH) 一种通过基因组编辑提高小麦抗性淀粉含量的方法及其技术体系,,,,,,,39.9628214,116.3269465,,Bei Jing Shi,China,Wheat,658.0,True,2019.0,2021.0,False,Other Genetic Improvement for Crop Traits
CN416013989,202310898502.X,China,2023-07-21,111118005.0,,South China Agricultural University,(EN) Nanoparticle-mediated rice genome oriented editing technology(ZH) 一种纳米粒子介导的水稻基因组定向编辑技术,,,,,21.07.2023,China,23.1568182,113.3536811,Guang Zhou Shi,Guang Dong Sheng,China,Rice,,False,2023.0,,False,Gene Editing Systems Development
CN399753900,202211424394,China,2022-11-14,,,Henan Agricultural University,(EN) Cloning and application of tomato transcription factor SlBT1(ZH) 一种番茄转录因子SlBT1的克隆及其应用,,,,,,,34.7854718,113.6632032,Zheng Zhou Shi,He Nan Sheng,China,Tomatoes,,False,2022.0,,False,Other Genetic Improvement for Crop Traits
CN295337151,201911366075,China,2019-12-26,,,South China Agricultural University,"(EN) MiRNA related to resistance to rice blast, corresponding precursor related to resistance to rice blast and application(ZH) 一种与稻瘟病抗性相关的miRNA、相应的前体与应用",,,,,,,23.1568182,113.3536811,Guang Zhou Shi,Guang Dong Sheng,China,Rice,,False,2019.0,,False,Disease Resistance
CN426579422,202311794028,China,2023-12-25,7047014.0,,"Institute Of Plant Protection, Faas","(EN) Primer group, kit and identification method for rapid detection of mealybug gluteus(ZH) 一种大洋臀纹粉蚧快速检测引物组、试剂盒和鉴定方法",,,,,,,26.129643,119.338553,Fu Zhou Shi,Fu Jian Sheng,China,Crop plants,,False,2023.0,,False,Other Purpose
CN436470661,202410562145,China,2024-05-08,,,Huazhong Agricultural University,(EN) Application of corn gene ZmEREB147 and homologous gene ZmEREB83 thereof in control of corn ear grain number(ZH) 玉米基因ZmEREB147及其同源基因ZmEREB83在控制玉米穗粒数中的应用,,,,,,,30.475126,114.353035,Wu Han Shi,Hu Bei Sheng,China,Corn/Maize,,False,2024.0,,False,Yield Improvement
JP312752503,2020095870,Japan,2020-06-02,110144366.0,,Cibus Us Llcサイバス　ユーエス　エルエルシーCibus Europ B Vサイバス　オイローペ　ベスローテン　ヴェンノーツハップ,(EN) METHODS AND COMPOSITIONS FOR INCREASING EFFICIENCY OF TARGETED GENE MODIFICATION USING OLIGONUCLEOTIDE-MEDIATED GENE REPAIR(JA) オリゴヌクレオチド仲介型遺伝子修復を使用した標的遺伝子修飾の効率を高めるための方法および組成物,"61/953,333 14.03.2014 US62/051,579 17.09.2014 US62/075,811 05.11.2014 US62/075,816 05.11.2014 US62/133,129 13.03.2015 US",,,,02.06.2020,Japan,32.8868488,-117.1823458,San Diego,California,United States,Crop plants,,False,2020.0,,False,Gene Editing Systems Development
US222923389,15557306,United States of America,2016-03-14,,,Institute Of Genetics And Developmental Biology Chinese Academy Of Sciences,(EN) METHOD FOR INCREASING ABILITY OF A PLANT TO RESIST AN INVADING DNA VIRUS,201510107492.9 12.03.2015 CN,,,,14.03.2016,United States,38.115509,114.533286,Shi Jia Zhuang Shi,He Bei Sheng,China,Crop plants,,False,2016.0,,False,Disease Resistance
CN251212750,201910467470,China,2019-05-31,,,Chen Chao,(EN) Experimental method for improving corn amylose content by knocking out SIP1 gene(ZH) 一种敲除SIP1基因提升玉米直链淀粉含量的实验方法,,,,,,,40.7893854,-73.9703975,New York,New York,United States,Corn/Maize,,False,2019.0,,False,Other Genetic Improvement for Crop Traits
CN441683932,202410885218,China,2024-07-03,,,"Institute Of Plant Protection, Faas","(EN) Rapid detection primer group, kit and identification method for Pseudococcus Jackbeeli G.Jackbeeli G.Jackbeeli(ZH) 一种杰克贝尔氏粉蚧快速检测引物组、试剂盒和鉴定方法",,,,,,,26.129643,119.338553,Fu Zhou Shi,Fu Jian Sheng,China,Crop plants,,False,2024.0,,False,Other Purpose
CN409112885,202310078501,China,2023-02-07,,,Nanjing Forestry University,(EN) Method for cultivating catkin-free poplar and sgRNA adopted by method(ZH) 一种培育无絮杨树的方法及其采用的sgRNA,,,,,,,32.080904,118.812736,Nan Jing Shi,,China,Poplar,,False,2023.0,,False,Other Genetic Improvement for Crop Traits
CN411749951,202310640390,China,2023-05-29,,,Hubei University,(EN) Extension factor complex subunit OsELP3 gene for regulating and controlling resistance of rice to rice blast and application of extension factor complex subunit OsELP3 gene(ZH) 调控水稻对稻瘟病抗性的延伸因子复合体亚基OsELP3基因及应用,,,,,,,30.5604645,114.3174596,Wu Han Shi,Hu Bei Sheng,China,Rice,,False,2023.0,,False,Disease Resistance
CN432885763,202410452686,China,2024-04-16,111518181.0,,Northwest A&F University,(EN) Method for creating watermelon male sterility germplasm through gene editing ClTDM1(ZH) 一种通过基因编辑ClTDM1创制西瓜雄性不育种质的方法,,,,,,,34.262298,108.073742,Xian Yang Shi,Shan Xi Sheng,China,Watermelon,,False,2024.0,,False,Other Genetic Improvement for Crop Traits
KR418625513,1020220073398,Republic of Korea,2022-06-16,,,대한민국(농촌진흥청장)대한민국(농림축산식품부 농림축산검역본부장)Republic Of Korea(Management : Rural Development Administration)Republic Of Korea(Animal And Plant Quarantine Agency),(EN) ITGB8 GENE EDITING CELL HAVING RESISTANCE TO FOOT-AND-MOUTH DISEASE VIRUS AND USE THEREOF(KO) 구제역 바이러스에 저항성을 갖는 ITGB8 유전자 편집 세포 및 이의 용도,,,,,16.06.2022,South Korea,36.1264599,128.1996828,Gimcheon,Gyeongsangbuk-do,South Korea,Crop plants,,False,2022.0,,False,Disease Resistance
CN302977965,201910107278,China,2019-02-02,109097346.0,,Hunan Hybrid Rice Research Center,(EN) Method for increasing yield of rice and protein used in method(ZH) 提高水稻产量的方法及其所用蛋白质,,,,,,,28.197709,113.083429,Chang Sha Shi,Hu Nan Sheng,China,Rice,,False,2019.0,,False,Yield Improvement
CN403548598,202310408542,China,2023-04-17,,,Henan Agricultural University,"(EN) Lettuce yield regulation gene LOC111907799 as well as encoding protein, expression vector and application of lettuce yield regulation gene LOC111907799(ZH) 生菜产量调控基因LOC111907799、其编码蛋白、表达载体及其应用",,,,,,,34.7854718,113.6632032,Zheng Zhou Shi,He Nan Sheng,China,Lettuce,,False,2023.0,,False,Yield Improvement
CN235944865,201811038026,China,2018-09-06,,,Jiangsu Academy Of Agricultural Sciences,(EN) Applications of ALS (acetolactate synthase) mutant type protein based on gene editing technology and ALS mutant type protein gene in plant breeding(ZH) 基于基因编辑技术的ALS突变型蛋白及其基因在植物育种中的应用,,,,,,,32.035361,118.869025,Nanjing,Jiangsu,China,Rice,,False,2018.0,,False,Pesticide Resistance
CN431139463,202211540566,China,2022-12-01,,,"Biotechnology Research Institute, Caas",(EN) Application of heat stress resistance related protein OsALKBHL1 or substance for regulating expression of heat stress resistance related protein OsALKBHL1(ZH) 热胁迫抗性相关蛋白OsALKBHL1或调控其表达的物质的应用,,,,,,,39.959662,116.327333,,北京市,China,Rice,,False,2022.0,,False,Heat Tolerance
CN440776604,202410777352,China,2024-06-17,,,Northwest A&F University,(EN) Soybean root nodule related gene GmWAK2a and application thereof(ZH) 大豆根瘤相关基因GmWAK2a及其应用,,,,,,,34.262298,108.073742,Xian Yang Shi,Shan Xi Sheng,China,Soybeans,,False,2024.0,,False,Yield Improvement
CN407961461,202310752230,China,2023-06-26,,,"Institute Of Plant Protection, Chinese Academy Of Agricultural Sciences",(EN) Tomato leaf miner LW2 gene and application thereof in regulation and control of phototaxis and color taxis selection of Tomato leaf miner(ZH) 番茄潜叶蛾LW2基因及其用于调控番茄潜叶蛾趋光和趋色选择中的应用,,,,,,,39.9628214,116.3269465,,Bei Jing Shi,China,Tomatoes,,False,2023.0,,False,Other Genetic Improvement for Crop Traits
CN324149975,202110239257,China,2021-03-04,,,Shanghai Normal University,(EN) GBSSI mutant protein based on gene editing technology and application thereof in plant breeding(ZH) 基于基因编辑技术的GBSSI突变型蛋白及其在植物育种中的应用,,,,,,,30.835243,121.519928,,Shang Hai Shi,China,Rice,,False,2021.0,,False,Other Genetic Improvement for Crop Traits
WO2018115202,,,,,,Kws Saat Se,"(EN) CONFERRING RESISTANCE TO GEMINIVIRUSES IN PLANTS IN ALTERNATIVE MANNER TO GENE DRIVE, USING CRISPR/CAS SYSTEMS(FR) MOYENS PERMETTANT DE CONFÉRER UNE RÉSISTANCE À DES GÉMINIVIRUS DANS DES PLANTES DE MANIÈRE ALTERNATIVE À UNE MANOEUVRE GÉNIQUE, À L'AIDE DE SYSTÈMES CRISPR/CAS","62/436,79220.12.2016US","CA3047829

CN110325644

US20190352653

BR112019012839",,20.12.2017,,,51.8149087,9.884365,Einbeck,Niedersachsen,Germany,Crop plants,,False,,,True,Disease Resistance
WO2022232407,,,,,,Monsanto Technology Llc,(EN) PLANT REGULATORY ELEMENTS AND USES THEREOF(FR) ÉLÉMENTS RÉGULATEURS DE PLANTE ET LEURS UTILISATIONS,"63/182,28830.04.2021US63/295,06130.12.2021US","AU2022264019

CA3217328

BR112023020555

CN117242181

EP4330403

JP2024515777

NZ804298",,28.04.2022,,,38.66369922,-90.57639294,Remington,Indiana,United States,Crop plants,,False,,,True,Gene Editing Systems Development
WO2018072706,,,,,,Sinobioway Bio-Agriculture Group Co. Ltd.,(EN) CONSTRUCTS AND METHODS TO IMPROVE ABIOTIC STRESS TOLERANT IN PLANTS(FR) CONSTRUCTIONS ET PROCÉDÉS POUR AMÉLIORER LA RÉSISTANCE DES PLANTES AU STRESS ABIOTIQUE,201610909055.319.10.2016CN,"CN107974459

CN109819659

US20190292557",,18.10.2017,,,40.0707011,-75.4644678,Chesterbrook,Pennsylvania,United States,Crop plants,,False,,,True,Drought Adaptation
WO2018119225,,,,,,Monsanto Technology Llc,,"62/438,37022.12.2016US","CA3047163

CN110213961

EP3557980

BR112019012819

US20200140874

UY0001037545

AR110581

MX2019007546

MX2022014145",,21.12.2017,,,38.66369922,-90.57639294,Remington,Indiana,United States,Corn/Maize,,False,,,True,Yield Improvement
WO2020257251,,,,,,"Pioneer Hi-Bred International, Inc.",,"62/863,55119.06.2019US","WO/2020/257273

AU2020295995

AU2020295398

CA3141931

CA3142950

EP3986118

EP3986120

US20220298519

US20220298520

RU2022100974

RU2022100976

CL2021003363

CL2021003403

UAa202200215This application is not viewable in PATENTSCOPE because the national phase entry has not been published yet or the national entry is issued from a country that does not share data with WIPO or there is a formatting issue or an unavailability of the application.",,17.06.2020,,,40.1631226,-76.6461019,Elizabethtown,Pennsylvania,United States,Canola,,False,,,True,Yield Improvement
WO2019204256,,,,,,"Pioneer Hi-Bred International, Inc.",(EN) IMPROVING AGRONOMIC CHARACTERISTICS IN MAIZE BY MODIFICATION OF ENDOGENOUS MADS BOX TRANSCRIPTION FACTORS(FR) AMÉLIORATION DE CARACTÉRISTIQUES AGRONOMIQUES DANS LE MAÏS PAR MODIFICATION DE FACTEURS DE TRANSCRIPTION DE MADS BOX ENDOGÈNES,"62/659,57918.04.2018US62/741,52904.10.2018US62/814,37306.03.2019US","CN111988989

BR112020021364

EP3780946

US20210155949

CA3095045

IN202017049501",,16.04.2019,,,40.1631226,-76.6461019,Elizabethtown,Pennsylvania,United States,Corn/Maize,,False,,,True,Yield Improvement
WO2019138052,,,,,,Kws Saat Se & Co. Kgaa,(EN) OPTIMIZED PLANT CRISPR/CPF1 SYSTEMS(FR) SYSTÈMES CRISPR/CPF1 OPTIMISÉS DE PLANTES,"62/616,13611.01.2018US","AR113728

CN111836825

EP3737691

BR112020014017

US20210163968

CA3088052

US20240409949",,11.01.2019,,,51.8149087,9.884365,Einbeck,Niedersachsen,Germany,Crop plants,,False,,,True,Gene Editing Systems Development
WO2018072706,,,,,,Sinobioway Bio-Agriculture Group Co. Ltd.,,201610909055.319.10.2016CN,"CN107974459

CN109819659

US20190292557",,18.10.2017,,,40.0707011,-75.4644678,Chesterbrook,Pennsylvania,United States,Crop plants,,False,,,True,Drought Adaptation
WO2021124323,,,,,,"The State Of Israel, Ministry Of Agriculture & Rural Development, Agricultural Research Organization (Aro) (Volcani Center)",,"62/948,26715.12.2019US",,,15.12.2020,,,31.9927222,34.8172188,Rishon LeTsiyon,Center District,Israel,Tomatoes,,False,,,False,Disease Resistance
WO2022066647,,,,,,"Inari Agriculture Technology, Inc.",,"63/082,27523.09.2020US63/201,82114.05.2021US",US18246317This application is not viewable in PATENTSCOPE because the national phase entry has not been published yet or the national entry is issued from a country that does not share data with WIPO or there is a formatting issue or an unavailability of the application.,,21.09.2021,,,42.367206,-71.0907955,Cambridge,Massachusetts,United States,Crop plants,,False,,,True,Gene Editing Systems Development
WO2018205995,,,,,,"Institute Of Genetics And Developmental Biology, Chinese Academy Of Sciences",,201710329242.911.05.2017CN,"CN108866092

AR111790

AU2018264457

KR1020200008137

EP3622061

EA201992637

BR112019023377

JP2020519310

US20210189416

CN115927437

CA3062976

UAa201911633This application is not viewable in PATENTSCOPE because the national phase entry has not been published yet or the national entry is issued from a country that does not share data with WIPO or there is a formatting issue or an unavailability of the application.

US20220267788",,11.05.2018,,,38.115509,114.533286,Shi Jia Zhuang Shi,He Bei Sheng,China,Crop plants,,False,,,True,Pesticide Resistance
WO2017049266,,,,,,The Regents Of The University Of California,,"62/220,63018.09.2015US62/221,29821.09.2015US62/221,30921.09.2015US62/256,47917.11.2015US62/266,02211.12.2015US","CA2998894

EP3350315

ID2018/10689

US20200080111

IN201817013932

APAP/P/2018/010662",,19.09.2016,,,34.069278,-118.4407843,Los Angeles,California,United States,Crop plants,,False,,,True,Gene Editing Systems Development
WO2019232136,,,,,,"Pioneer Hi-Bred International, Inc.",,"62/679,33701.06.2018US","AU2019277388

CA3099645

EP3829292

US20210207153

RU2020143335

UAa202008362This application is not viewable in PATENTSCOPE because the national phase entry has not been published yet or the national entry is issued from a country that does not share data with WIPO or there is a formatting issue or an unavailability of the application.",,30.05.2019,,,40.1631226,-76.6461019,Elizabethtown,Pennsylvania,United States,Crop plants,,False,,,True,Other Purpose
WO2021125503,,,,,,경희대학교 산학협력단 University-Industry Cooperation Group Of Kyung Hee University,(EN) METHOD FOR PREPARING LOSS-OF-FUNCTION MUTANT IN F1 HYBRID USING CRISPR/CAS SYSTEM(FR) PROCÉDÉ DE PRÉPARATION D'UN MUTANT À PERTE DE FONCTION DANS UN HYBRIDE F1 À L'AIDE D'UN SYSTÈME CRISPR/CAS(KO) CRISPR/CAS 시스템을 이용한 일대잡종에서 기능상실 돌연변이체 제조 방법,10-2019-016871117.12.2019KR10-2020-011381007.09.2020KR,KR1020210077585,,07.09.2020,,,37.2408589,127.0794907,Yongin-si,Gyeonggi-do,South Korea,Crop plants,,False,,,True,Gene Editing Systems Development
WO2022098993,,,,,,"Pairwise Plants Services, Inc.",(EN) COMPOSITIONS AND METHODS FOR RNA-ENCODED DNA-REPLACEMENT OF ALLELES(FR) COMPOSITIONS ET PROCÉDÉS DE REMPLACEMENT D'ALLÈLES DE L'ADN CODÉ PAR L'ARN,"63/110,38606.11.2020US","AU2021374974

CA3200521

BRUS2021058235

KR1020230106633

EP4240844

CN116745418

JP2023549339

NZ798968

IL302526

MX2023005150

CL2023001284

IN202347036333This application is not viewable in PATENTSCOPE because the national phase entry has not been published yet or the national entry is issued from a country that does not share data with WIPO or there is a formatting issue or an unavailability of the application.

SG11202302818VThis application is not viewable in PATENTSCOPE because the national phase entry has not been published yet or the national entry is issued from a country that does not share data with WIPO or there is a formatting issue or an unavailability of the application.",,05.11.2021,,,35.9900355,-78.8898264,Durham,North Carolina,United States,Crop plants,,False,,,True,Gene Editing Systems Development
WO2021076682,,,,,,"Pairwise Plants Services, Inc.",(EN) VARIANTS OF CAS12A NUCLEASES AND METHODS OF MAKING AND USE THEREOF(FR) VARIANTS DE NUCLÉASES CAS12A ET PROCÉDÉS DE FABRICATION ET D'UTILISATION DE CEUX-CI,"62/916,39217.10.2019US","US20210115421

JP2022552409

EP4045643

CN114829595

KR1020220097408

BR112022007125

CA3157707

SG11202203928S

AU2020366358

IL292117

NZ787124

CL2022000937

MX2022004549

BR112022007125This application is not viewable in PATENTSCOPE because the national phase entry has not been published yet or the national entry is issued from a country that does not share data with WIPO or there is a formatting issue or an unavailability of the application.

US20240076639

US20240076640

CL2024001733

CL2024001734

CL2024001737",,15.10.2020,,,35.9900355,-78.8898264,Durham,North Carolina,United States,Crop plants,,False,,,True,Gene Editing Systems Development
WO2022219175,,,,,,Keygene N.V.,(EN) MOBILE ENDONUCLEASES FOR HERITABLE MUTATIONS(FR) ENDONUCLÉASES MOBILES POUR DES MUTATIONS HÉRÉDITAIRES,,"EP4323529

JP2024513588

US20240150740",,15.04.2022,,,51.9763484,5.6461028,Wageningen,Gelderland,Netherlands,Crop plants,,False,,,True,Gene Editing Systems Development
CA248190514,3047829,Canada,2017-12-20,,,Kws Saat Se,"(EN) CONFERRING RESISTANCE TO GEMINIVIRUSES IN PLANTS IN ALTERNATIVE MANNER TO GENE DRIVE, USING CRISPR/CAS SYSTEMS(FR) MOYENS PERMETTANT DE CONFERER UNE RESISTANCE A DES GEMINIVIRUS DANS DES PLANTES DE MANIERE ALTERNATIVE A UNE MANOEUVRE GENIQUE, A L'AIDE DE SYSTEMES CRISPR/CAS","62/436,792 20.12.2016 US","CN110325644

US20190352653

BR112019012839

WO/2018/115202",,,20.12.2017,Canada,51.8149087,9.884365,Einbeck,Niedersachsen,Germany,Crop plants,,False,2017.0,,True,Disease Resistance
CN406155588,202180079491,China,2021-11-22,,,Toolgen Incorporated,(EN) Preparation method for inhibiting potato plants by browning of CRISPR/Cas9 system(ZH) 利用CRISPR/Cas9系统的褐变抑制马铃薯植株的制备方法,1020200160474 25.11.2020 KR,"KR102272557

WO/2022/114692

BRKR2021017138

EP4253541

AR124149

BR112023008309This application is not viewable in PATENTSCOPE because the national phase entry has not been published yet or the national entry is issued from a country that does not share data with WIPO or there is a formatting issue or an unavailability of the application.",,,,,37.56913433,126.8291021,,,,Potatoes,,False,2021.0,,True,Other Genetic Improvement for Crop Traits
EP424808530,22796734,European Patent Office,2022-04-28,,,Monsanto Technology Llc,(DE) PFLANZENREGULIERUNGSELEMENTE UND VERWENDUNGEN DAVON(EN) PLANT REGULATORY ELEMENTS AND USES THEREOF(FR) ÉLÉMENTS RÉGULATEURS DE PLANTE ET LEURS UTILISATIONS,202163182288 30.04.2021 US202163295061 30.12.2021 US,"WO/2022/232407

AU2022264019

CA3217328

BR112023020555

CN117242181

JP2024515777

NZ804298",,,28.04.2022,European Patent Office,38.66369922,-90.57639294,,,,Crop plants,,False,2022.0,,True,Gene Editing Systems Development
CA412653842,3217328,Canada,2022-04-28,,,Monsanto Technology Llc,(EN) PLANT REGULATORY ELEMENTS AND USES THEREOF(FR) ELEMENTS REGULATEURS DE PLANTE ET LEURS UTILISATIONS,"63/182,288 30.04.2021 US63/295,061 30.12.2021 US","WO/2022/232407

AU2022264019

BR112023020555

CN117242181

EP4330403

JP2024515777

NZ804298",,,28.04.2022,Canada,38.66369922,-90.57639294,,,,Crop plants,,False,2022.0,,True,Gene Editing Systems Development
CN418368970,202280031323.X,China,2022-04-28,,,Monsanto Technology Llc,(EN) Plant regulatory elements and uses thereof(ZH) 植物调控元件及其用途,"63/182,288 30.04.2021 US63/295,061 30.12.2021 US","WO/2022/232407

AU2022264019

CA3217328

BR112023020555

EP4330403

JP2024515777

NZ804298",,,28.04.2022,China,38.66369922,-90.57639294,Los Angeles,California,United States,Crop plants,,False,2022.0,,True,Gene Editing Systems Development
US276885085,16471465,United States of America,2017-12-20,,,Kws Saat Se,"(EN) CONFERRING RESISTANCE TO GEMINIVIRUSES IN PLANTS IN ALTERNATIVE MANNER TO GENE DRIVE, USING CRISPR/CAS SYSTEMS",,"CA3047829

CN110325644

BR112019012839

WO/2018/115202",,,20.12.2017,United States,51.8149087,9.884365,Einbeck,Niedersachsen,Germany,Crop plants,,False,2017.0,,True,Disease Resistance
US314530943,16634220,United States of America,2018-07-30,,,Ingateygen Llc,(EN) PEANUT WITH REDUCED ALLERGEN LEVELS,,WO/2019/027871,,,30.07.2018,United States,35.90302624,-78.8591907,,,,Peanuts,,False,2018.0,,True,Other Genetic Improvement for Crop Traits
CN403547327,202310602777,China,2023-05-26,,,"Institute Of Crop Science, Chinese Academy Of Agricultural Sciences",(EN) Sg RNA for editing corn ZmCENH3 gene by using CRISPR/Cas9 system and application of sg RNA(ZH) 利用CRISPR/Cas9系统编辑玉米ZmCENH3基因的sg RNA及其应用,,,,,,,39.9628214,116.3269465,,Bei Jing Shi,China,Corn/Maize,,False,2023.0,,False,Other Genetic Improvement for Crop Traits
CN427212842,202311839214,China,2023-12-28,,,University Of Electronic Science And Technology Of China,(EN) Type V-A anti-CRISPR protein suitable for plant genome editing and application of Type V-A anti-CRISPR protein(ZH) 适用于植物基因组编辑的Type V-A型anti-CRISPR蛋白及其应用,,,,,,,30.6624863,104.1021662,Cheng Du Shi,,China,Rice,,False,2023.0,,False,Gene Editing Systems Development
CN401487104,202310175981,China,2023-02-28,,,Fujian Agriculture And Forestry University,(EN) Application of rice gene OsFd4 in bacterial blight resistance of rice(ZH) 水稻基因OsFd4在水稻抗白叶枯病中的应用,,"C07K 14/415
					






C12N 15/8205
					






C12N 15/8218
					






C12N 15/8281
					






Y02A 40/146
					








C07K 14/415
					






C12N 15/8205
					






C12N 15/8218
					






C12N 15/8281
					






Y02A 40/146
					






View less classifications",,,,,26.084946,119.239701,Fu Zhou Shi,Fu Jian Sheng,China,Rice,,False,2023.0,,True,Disease Resistance
CN417459406,202210571649,China,2022-05-24,,,Nanjing University,(EN) Application of gene DSF1 and encoded protein thereof in plant drought resisting process(ZH) 基因DSF1及其编码蛋白质在植物抗旱过程中的应用,,"C07K 14/415
					






C12N 15/8273
					






C12N 15/8293
					






C12N 15/8218
					








C07K 14/415
					






C12N 15/8273
					






C12N 15/8293
					






C12N 15/8218
					






View less classifications",,,,,32.0568391,118.7789602,Nanjing,Jiangsu,China,Rice,,False,2022.0,,True,Drought Adaptation
CN436029312,202410509878,China,2024-04-26,118291526.0,2024-12-24,Hubei Academy Of Agricultural Sciences Institute Of Food Crops湖北省农业科学院粮食作物研究所Huazhong Agricultural University,(EN) Application of knockout OsNAC95 gene in forward regulation of brown planthopper resistance of rice(ZH) 敲除OsNAC95基因在正向调控水稻抗褐飞虱中的应用,,"C12N 15/8286
					






C12N 15/8205
					






C12N 15/8218
					






C07K 14/415
					








C12N 15/8286
					






C12N 15/8205
					






C12N 15/8218
					






C07K 14/415
					






View less classifications",,,,,30.482261,114.317809,Wu Han Shi,Hu Bei Sheng,China,Rice,242.0,True,2024.0,2024.0,True,Disease Resistance
US321200541,16623659,United States of America,2017-11-20,,,"Beijing Academy Of Agriculture And Forestry Sciencesinstitute Of Genetics And Developmental Biology, Chinese Academy Of Sciences",(EN) A METHOD FOR CREATING MALE STERILE LINE OF TOMATO THROUGH GENOME EDITING AND APPLICATION THEREOF,201710514085.9 29.06.2017 CN,"C12N 15/8213
					






C12N 15/8289
					






C12Q 2600/156
					






C12Q 1/6895
					






C12Q 2600/13
					






C12Q 1/686
					








C12N 15/8213
					






C12N 15/8289
					






C12Q 2600/156
					






C12Q 1/6895
					






C12Q 2600/13
					






C12Q 1/686
					






View less classifications",,,20.11.2017,United States,39.9438284,116.2870162,,Bei Jing Shi,China,Tomatoes,,False,2017.0,,True,Other Genetic Improvement for Crop Traits
US367935124,17595469,United States of America,2019-05-22,12157894.0,2024-12-03,Pioneer Overseas Corporationsinobioway Bio-Agriculture Group Co. Ltd.,(EN) Abiotic stress tolerant plants and methods,,"C12N 9/22
					






C12N 15/8273
					






C12N 15/8213
					






C12N 15/8218
					






C12N 15/8261
					








C12N 9/22
					






C12N 15/8273
					






C12N 15/8213
					






C12N 15/8218
					






C12N 15/8261
					






View less classifications",,,22.05.2019,United States,27.7305517,85.3417579,काठमाडौँ,बागमती प्रदेश,Nepal,Crop plants,2022.0,True,2019.0,2024.0,True,Drought Adaptation
CN431139955,202410176832,China,2024-02-08,,,Beijing Forestry University,(EN) Application of PtrPCaP1a protein and related biological materials thereof in regulating and controlling salt resistance of plants(ZH) PtrPCaP1a蛋白及其相关生物材料在调控植物抗盐性中的应用,,"C12N 15/8273
					






C12N 15/8261
					






C07K 14/415
					








C12N 15/8273
					






C12N 15/8261
					






C07K 14/415
					






View less classifications",,,,,40.004488,116.3499723,,Bei Jing Shi,China,Poplar,,False,2024.0,,True,Other Genetic Improvement for Crop Traits
CN282845237,201911164309,China,2019-11-25,110699363.0,2022-05-17,"Institute Of Crop Science, Chinese Academy Of Agricultural Sciences",(EN) Rice retrotransposon gene LOC_Os11g45295 and encoding protein and application thereof(ZH) 水稻反转座子基因LOC_Os11g45295及其编码蛋白与应用,,"C07K 14/415
					






C12N 15/8218
					






C12N 15/8281
					








C07K 14/415
					






C12N 15/8218
					






C12N 15/8281
					






View less classifications",,,,,39.9628214,116.3269465,,Bei Jing Shi,China,Rice,904.0,True,2019.0,2022.0,True,Disease Resistance
EP394355057,21729915,European Patent Office,2021-05-18,,,Univ Oxford Innovation Ltd,(DE) ERHÖHUNG DER PRODUKTIVITÄT IN C3-PFLANZEN(EN) ENHANCEMENT OF PRODUCTIVITY IN C3 PLANTS(FR) AMÉLIORATION DE LA PRODUCTIVITÉ DANS LES PLANTES C3,202007526 20.05.2020 GB,"C12N 15/8269
					






Y02A 40/146
					






C07K 14/415
					






C12N 15/8225
					








C12N 15/8269
					






Y02A 40/146
					






C07K 14/415
					






C12N 15/8225
					






View less classifications",,,18.05.2021,European Patent Office,51.753007,-1.291241,,England,United Kingdom,Crop plants,,False,2021.0,,True,Yield Improvement
CA390621213,3178261,Canada,2021-05-18,,,Oxford University Innovation Limited,(EN) ENHANCEMENT OF PRODUCTIVITY IN C3 PLANTS(FR) AMELIORATION DE LA PRODUCTIVITE DANS LES PLANTES C3,2007526.3 20.05.2020 GB,"C12N 15/8269
					






Y02A 40/146
					






C07K 14/415
					






C12N 15/8225
					








C12N 15/8269
					






Y02A 40/146
					






C07K 14/415
					






C12N 15/8225
					






View less classifications",,,18.05.2021,Canada,51.753007,-1.291241,,England,United Kingdom,Crop plants,,False,2021.0,,True,Yield Improvement
CN323586860,202110141115,China,2021-02-01,112707956.0,2022-04-19,"Institute Of Crop Science, Chinese Academy Of Agricultural Sciences",(EN) Corncob row number related protein and encoding gene and application thereof(ZH) 一种玉米穗行数相关蛋白及其编码基因和应用,,"C07K 14/415
					






C12N 15/8261
					








C07K 14/415
					






C12N 15/8261
					






View less classifications",,,,,39.9628214,116.3269465,,Bei Jing Shi,China,Corn/Maize,442.0,True,2021.0,2022.0,True,Yield Improvement
CN436511516,202410510078,China,2024-04-26,118374538.0,2024-10-15,Hubei Academy Of Agricultural Sciences Institute Of Food Crops湖北省农业科学院粮食作物研究所Huazhong Agricultural University,(EN) Application of knockout OsLTPL163 gene in forward regulation of brown planthopper resistance of rice(ZH) 敲除OsLTPL163基因在正向调控水稻抗褐飞虱中的应用,,"C12N 15/8286
					






C12N 15/8205
					






C12N 15/8218
					






C07K 14/415
					






Y02A 40/146
					








C12N 15/8286
					






C12N 15/8205
					






C12N 15/8218
					






C07K 14/415
					






Y02A 40/146
					






View less classifications",,,,,30.482261,114.317809,Wu Han Shi,Hu Bei Sheng,China,Rice,172.0,True,2024.0,2024.0,True,Disease Resistance
CN399165580,202180059440,China,2021-05-18,,,Oxford University Innovation Limited,(EN) Increasing productivity of C3 plants(ZH) 提高C3植物的生产率,2007526.3 20.05.2020 GB,"C12N 15/8269
					






Y02A 40/146
					






C07K 14/415
					






C12N 15/8225
					








C12N 15/8269
					






Y02A 40/146
					






C07K 14/415
					






C12N 15/8225
					






View less classifications",,,,,51.753007,-1.291241,,England,United Kingdom,Crop plants,,False,2021.0,,True,Yield Improvement
CN289088099,201911164723,China,2019-11-25,110791487.0,2022-05-24,"Institute Of Genetics And Developmental Biology, Chinese Academy Of Sciences中国科学院遗传与发育生物学研究所Institute Of Crop Science, Chinese Academy Of Agricultural Sciences",(EN) Rice receptor kinase gene LOC_Os11g47290 as well as its encoded protein and application thereof(ZH) 水稻受体激酶基因LOC_Os11g47290及其编码蛋白与应用,,"C12N 9/12
					






C12N 15/113
					






C12N 15/8218
					






C12N 15/8281
					






C12N 2310/20
					








C12N 9/12
					






C12N 15/113
					






C12N 15/8218
					






C12N 15/8281
					






C12N 2310/20
					






View less classifications",,,,,40.0051991,116.3813791,,Beijing,China,Rice,911.0,True,2019.0,2022.0,True,Disease Resistance
CN436041086,202410509876,China,2024-04-26,,,Hubei Academy Of Agricultural Sciences Institute Of Food Crops湖北省农业科学院粮食作物研究所Huazhong Agricultural University,(EN) OsPOX8.1 gene and application thereof in regulation and control of brown planthopper resistance of rice(ZH) 一种OsPOX8.1基因及其在调控水稻抗褐飞虱中的应用,,"C12N 9/0065
					






C12Y 111/01
					






C12N 15/8286
					






C12N 15/8205
					






C12N 15/8218
					








C12N 9/0065
					






C12Y 111/01
					






C12N 15/8286
					






C12N 15/8205
					






C12N 15/8218
					






View less classifications",,,,,30.482261,114.317809,Wu Han Shi,Hu Bei Sheng,China,Rice,,False,2024.0,,True,Other Genetic Improvement for Crop Traits
CA279053031,3062976,Canada,,,,"China Agricultural Universityinstitute Of Genetics And Developmental Biology, Chinese Academy Of Sciences",(EN) CREATION OF HERBICIDE RESISTANT GENE AND USE THEREOF(FR) CREATION D'UN GENE RESISTANT AUX HERBICIDES ET UTILISATION DE CELUI-CI,201710329242.9 11.05.2017 CN,"C12N 9/0069
					






C12N 9/1022
					






C12N 9/1092
					






C12N 9/22
					






C12N 9/78
					






C12N 9/93
					






View more classifications
							






C12N 9/0069
					






C12N 9/1022
					






C12N 9/1092
					






C12N 9/22
					






C12N 9/78
					






C12N 9/93
					






C12N 15/8201
					






C12N 15/8274
					






C12Q 1/25
					






C12Q 1/26
					






C12Q 1/48
					






C12Q 1/6895
					






C12Y 113/11027
					






C12Y 202/01006
					






C12Y 205/01019
					






C12Y 604/01002
					






C12Q 2600/13
					






C12Q 2600/156
					






C12N 2810/10
					






G01N 2333/91182
					






G01N 2333/9104
					






G01N 2333/90241
					






G01N 2333/9015
					






C07K 2319/85
					






C12N 15/8213
					






C12N 15/8278
					






C12Y 305/04005
					






A01H 1/06
					






C12N 2310/20
					






C12N 15/113
					






View less classifications",,,,Canada,38.115509,114.533286,Shi Jia Zhuang Shi,He Bei Sheng,China,Crop plants,,False,,,True,Pesticide Resistance
EP290831791,18799388,European Patent Office,2018-05-11,,,Inst Genetics & Developmental Biology Casuniv China Agricultural,(DE) HERSTELLUNG VON HERBIZIDRESISTENTEM GEN UND DESSEN VERWENDUNG(EN) CREATION OF HERBICIDE RESISTANT GENE AND USE THEREOF(FR) CRÉATION D'UN GÈNE RÉSISTANT AUX HERBICIDES ET UTILISATION DE CELUI-CI,201710329242 11.05.2017 CN,"C12N 9/0069
					






C12N 9/1022
					






C12N 9/1092
					






C12N 9/22
					






C12N 9/78
					






C12N 9/93
					






View more classifications
							






C12N 9/0069
					






C12N 9/1022
					






C12N 9/1092
					






C12N 9/22
					






C12N 9/78
					






C12N 9/93
					






C12N 15/8201
					






C12N 15/8274
					






C12Q 1/25
					






C12Q 1/26
					






C12Q 1/48
					






C12Q 1/6895
					






C12Y 113/11027
					






C12Y 202/01006
					






C12Y 205/01019
					






C12Y 604/01002
					






C12Q 2600/13
					






C12Q 2600/156
					






C12N 2810/10
					






G01N 2333/91182
					






G01N 2333/9104
					






G01N 2333/90241
					






G01N 2333/9015
					






C07K 2319/85
					






C12N 15/8213
					






C12N 15/8278
					






C12Y 305/04005
					






A01H 1/06
					






C12N 2310/20
					






C12N 15/113
					






View less classifications",,,11.05.2018,European Patent Office,40.0051991,116.3813791,,Beijing,China,Crop plants,,False,2018.0,,True,Pesticide Resistance
CN418698382,202310128189,China,2023-02-17,,,China Agricultural University,(EN) ZmMIEL1 and application thereof in cultivating drought-resistant plants(ZH) ZmMIEL1及其在培育抗旱植物中的应用,,,,,,,40.004202,116.352988,,Bei Jing Shi,China,Corn/Maize,,False,2023.0,,False,Drought Adaptation
KR322254252,1020200126742,Republic of Korea,2020-09-29,,,대한민국(농촌진흥청장)Republic Of Korea(Management : Rural Development Administration),"(EN) GENE EDITING METHOD USING TRANSGENIC PLANTS EXPRESSING CRISPR/Cas9 AND gRNA, RESPECTIVELY(KO) CRISPR/Cas9과 gRNA 개별 발현 형질전환 식물체를 이용한 유전자 편집 방법",1020190121603 01.10.2019 KR,"C12N 15/8205
					






C12N 15/113
					






C12N 9/22
					






C12N 2310/20
					








C12N 15/8205
					






C12N 15/113
					






C12N 9/22
					






C12N 2310/20
					






View less classifications",,,29.09.2020,South Korea,35.8311352,127.0561373,Jeonju,Jeonbuk State,South Korea,Crop plants,,False,2020.0,,True,Gene Editing Systems Development
CN362108996,202011266390,China,2020-11-13,114478728.0,2023-07-21,Institute Of Microbiology Of Chinese Academy Of Sciences,(EN) Application of nKCBP protein in regulation and control of nitrogen fixation capability of leguminous plants(ZH) nKCBP蛋白在调控豆科植物固氮能力中的应用,,"C07K 14/415
					






C12N 15/113
					






C12N 15/8218
					






C12N 15/8261
					






C12N 2310/20
					








C07K 14/415
					






C12N 15/113
					






C12N 15/8218
					






C12N 15/8261
					






C12N 2310/20
					






View less classifications",,,,,39.9892448,116.3249796,,Bei Jing Shi,China,Leguminous Plants,980.0,True,2020.0,2023.0,True,Yield Improvement
CN332876948,202110473452,China,2021-04-29,113150096.0,2022-08-12,"Institute Of Crop Science, Chinese Academy Of Agricultural Sciences",(EN) ZmFhb1 protein and application of encoding gene of ZmFhb1 protein in enhancement of resistance to maize ear rot(ZH) ZmFhb1蛋白及其编码基因在提高玉米穗腐病抗性中的应用,,"C07K 14/415
					






C12N 15/8218
					






C12N 15/8282
					






C12N 15/8205
					






C12N 9/22
					








C07K 14/415
					






C12N 15/8218
					






C12N 15/8282
					






C12N 15/8205
					






C12N 9/22
					






View less classifications",,,,,39.9628214,116.3269465,,Bei Jing Shi,China,Corn/Maize,470.0,True,2021.0,2022.0,True,Disease Resistance
CN427204963,202410149154,China,2024-02-02,,,China Agricultural University,(EN) Application of wheat TaMFS1 protein and related biological materials thereof in regulation and control of plant grain size and grain weight(ZH) 小麦TaMFS1蛋白及其相关生物材料在调控植物籽粒大小和粒重中的应用,,"Y02A 40/146
					








Y02A 40/146
					






View less classifications",,,,,40.004202,116.352988,,Bei Jing Shi,China,Wheat,,False,2024.0,,True,Yield Improvement
CN357970310,202111349102,China,2021-11-15,114277053.0,2024-03-19,South China Agriculture University,(EN) Application of rice susceptible gene OsHPP04 in cultivation of root knot nematode disease resistant rice(ZH) 水稻感病基因OsHPP04在培育抗根结线虫病水稻中的应用,,"Y02A 40/146
					








Y02A 40/146
					






View less classifications",,,,,23.1568182,113.3536811,Guang Zhou Shi,Guang Dong Sheng,China,Rice,855.0,True,2021.0,2024.0,True,Disease Resistance
CN293083776,201911252076,China,2019-12-09,110923231.0,2021-04-09,Horticulture Institute Of Xinjiang Academy Of Agricultural Science,(EN) Method for creating tomato material with high fruit solid content by using CRISPR/Cas9 gene editing system(ZH) 一种果实高固形物含量的番茄材料的创制方法,,"A01H 4/00
					






C12N 15/113
					






C12N 15/8218
					






C12N 15/8243
					






C12N 2310/20
					








A01H 4/00
					






C12N 15/113
					






C12N 15/8218
					






C12N 15/8243
					






C12N 2310/20
					






View less classifications",,,,,43.8141912,87.5738005,Wu Lu Mu Qi Shi,Xin Jiang Wei Wu Er Zi Zhi Qu,China,Tomatoes,487.0,True,2019.0,2021.0,True,Yield Improvement
CN251078884,201910371359,China,2019-05-06,,,"Institute Of Crop Science, Chinese Academy Of Agricultural Sciences",(EN) Method of developing corn dwarfing material via gene editing(ZH) 利用基因编辑技术创制玉米矮化材料的方法,,"C07K 14/415
					






C12N 15/8261
					








C07K 14/415
					






C12N 15/8261
					






View less classifications",,,,,39.9628214,116.3269465,,Bei Jing Shi,China,Corn/Maize,,False,2019.0,,True,Yield Improvement
EP440660298,22843957,European Patent Office,2022-11-29,,,Pioneer Hi Bred Int,(DE) HOCHEFFIZIENTE GROSSFLÄCHIGE CHROMOSOMALE GENOMMANIPULATION(EN) HIGH EFFICIENCY LARGE SCALE CHROMOSOMAL GENOME MANIPULATION(FR) MANIPULATION DE GÉNOME CHROMOSOMIQUE À GRANDE ÉCHELLE ET À HAUTE EFFICACITÉ,202163264673 30.11.2021 US,"C12N 15/8213
					






C12N 9/22
					






C12N 2310/20
					






C12N 15/111
					






C12N 15/8233
					








C12N 15/8213
					






C12N 9/22
					






C12N 2310/20
					






C12N 15/111
					






C12N 15/8233
					






View less classifications",,,29.11.2022,European Patent Office,40.1631226,-76.6461019,Elizabethtown,Pennsylvania,United States,Crop plants,,False,2022.0,,True,Gene Editing Systems Development
RU425456482,2022123794,Russian Federation,2022-09-07,,2024-04-15,"Федеральное Государственное Бюджетное Научное Учреждение ""Всероссийский Научно-Исследовательский Институт Сельскохозяйственной Биотехнологии"" (Фгбну Вниисб) (Ru)",(EN) METHOD OF OBTAINING POTATO PLANT WITH TETRAALLEL MUTATIONS IN EDR1 GENE ENCODING REGION USING CRISPR/CAS9 PLANT GENOME EDITING TECHNOLOGY(RU) СПОСОБ ПОЛУЧЕНИЯ РАСТЕНИЯ КАРТОФЕЛЯ С ТЕТРААЛЛЕЛЬНЫМИ МУТАЦИЯМИ В КОДИРУЮЩЕЙ ОБЛАСТИ ГЕНА EDR1 ПРИ ПОМОЩИ ТЕХНОЛОГИИ РЕДАКТИРОВАНИЯ ГЕНОМА РАСТЕНИЙ CRISPR/CAS9,,,,,07.09.2022,Russia,55.8271038,37.5574356,Moskva,Moskva,Russia,Potatoes,586.0,True,2022.0,2024.0,False,Other Genetic Improvement for Crop Traits
CN279879983,201911049938,China,2019-10-31,,,Jilin Agricultural University,(EN) Soybean sHSP16.9 gene and application thereof(ZH) 大豆sHSP16.9基因及其应用,,"C07K 14/415
					






C12N 15/8273
					






C12N 15/8218
					








C07K 14/415
					






C12N 15/8273
					






C12N 15/8218
					






View less classifications",,,,,43.8138695,125.406601,Changchun,Jilin,China,Soybeans,,False,2019.0,,True,Drought Adaptation
CN301618201,202010238220,China,2020-03-30,111440808.0,2021-09-14,China Agricultural University,(EN) Application of plant amino acid permease and coding genes thereof to regulation and control of high temperature resistance of plants(ZH) 植物氨基酸通透酶及其编码基因在调控植物耐高温性能中的应用,,"C12N 9/00
					






C12N 15/8251
					






C12N 15/827
					






C12N 15/8271
					








C12N 9/00
					






C12N 15/8251
					






C12N 15/827
					






C12N 15/8271
					






View less classifications",,,,,40.004202,116.352988,,Bei Jing Shi,China,Corn/Maize,533.0,True,2020.0,2021.0,True,Heat Tolerance
CN280388092,201911038979,China,2019-10-29,110628813.0,2021-05-14,"Institute Of Crop Science, Chinese Academy Of Agricultural Sciences",(EN) Functions and applications of rice lipase gene Os07g0586800 and encoded protein thereof(ZH) 水稻脂肪酶基因Os07g0586800及其编码蛋白的功能和应用,,"C12N 15/8205
					






C12N 15/8218
					






C12N 9/22
					






C12N 15/8281
					






C12N 9/20
					






C12Y 301/01003
					








C12N 15/8205
					






C12N 15/8218
					






C12N 9/22
					






C12N 15/8281
					






C12N 9/20
					






C12Y 301/01003
					






View less classifications",,,,,39.9628214,116.3269465,,Bei Jing Shi,China,Rice,563.0,True,2019.0,2021.0,True,Disease Resistance
CN440702307,202411023616,China,2024-07-29,,,Zhejiang A&F University,(EN) Application of UBP1b in improving salt stress resistance of plants(ZH) UBP1b在提高植物抗盐胁迫能力中的应用,,"C12N 15/8273
					






C12N 15/8218
					






C07K 14/415
					








C12N 15/8273
					






C12N 15/8218
					






C07K 14/415
					






View less classifications",,,,,30.2421403,120.1581419,Hang Zhou Shi,Zhe Jiang Sheng,China,Tomatoes,,False,2024.0,,True,Other Genetic Improvement for Crop Traits
CN330055594,202110131373,China,2021-01-30,113046361.0,2023-07-25,Hunan University,(EN) Application of NtFER gene-based modification in improvement of bacterial wilt resistance of plants(ZH) 基于NtFER基因的改造在提高植物青枯病抗性中的应用,,"C07K 14/415
					






C12N 15/8281
					






C12N 15/8216
					








C07K 14/415
					






C12N 15/8281
					






C12N 15/8216
					






View less classifications",,,,,28.178915,112.94395,Chang Sha Shi,Hu Nan Sheng,China,Tobacco,906.0,True,2021.0,2023.0,True,Disease Resistance
RU405655024,2022123792,Russian Federation,2022-09-07,,2023-07-28,,(EN) METHOD OF OBTAINING A POTATO PLANT WITH TETRAALLEL MUTATIONS IN THE EDR1 GENE ENCODING REGION USING CRISPR/CAS9 PLANT GENOME EDITING TECHNOLOGY(RU) СПОСОБ ПОЛУЧЕНИЯ РАСТЕНИЯ КАРТОФЕЛЯ С ТЕТРААЛЛЕЛЬНЫМИ МУТАЦИЯМИ В КОДИРУЮЩЕЙ ОБЛАСТИ ГЕНА EDR1 ПРИ ПОМОЩИ ТЕХНОЛОГИИ РЕДАКТИРОВАНИЯ ГЕНОМА РАСТЕНИЙ CRISPR/CAS9,,,,,07.09.2022,Russia,,,,,,Potatoes,324.0,True,2022.0,2023.0,False,Disease Resistance
CN419366292,202311202072,China,2023-09-18,117305318.0,2024-08-30,Nanjing Forestry University,(EN) Populus suberensis tubulin PdbTUBG gene as well as knockout vector and application thereof(ZH) 山新杨微管蛋白PdbTUBG基因及其敲除载体和应用,,"C07K 14/415
					






C12N 15/8218
					






C12N 15/8261
					






Y02A 40/146
					








C07K 14/415
					






C12N 15/8218
					






C12N 15/8261
					






Y02A 40/146
					






View less classifications",,,,,32.080904,118.812736,Nan Jing Shi,,China,Poplar,347.0,True,2023.0,2024.0,True,Other Genetic Improvement for Crop Traits
CN438252612,202410696294,China,2024-05-30,,,Hunan Agricultural University,(EN) Application of FAH gene in improving drought resistance of plants(ZH) FAH基因在提高植物抗旱性中的应用,,"C12N 15/8273
					






C12N 15/8218
					






C12N 9/14
					






C12Y 307/01002
					








C12N 15/8273
					






C12N 15/8218
					






C12N 9/14
					






C12Y 307/01002
					






View less classifications",,,,,28.180967,113.084828,Chang Sha Shi,Hu Nan Sheng,China,Rice,,False,2024.0,,True,Drought Adaptation
CN427219178,202410136833,China,2024-01-31,,,Henan Agricultural University,(EN) Application of lettuce LsNGAL3 gene in controlling tip or round leaf character of lettuce(ZH) 莴苣LsNGAL3基因在控制莴苣尖形或圆形叶性状中的应用,,,,,,,34.7854718,113.6632032,Zheng Zhou Shi,He Nan Sheng,China,Lettuce,,False,2024.0,,False,Other Genetic Improvement for Crop Traits
CN426831238,202311663302,China,2023-12-06,,,"Institute Of Crop Science, Chinese Academy Of Agricultural Sciences",(EN) Method for creating sweet corn germplasm and application thereof(ZH) 一种创制甜玉米种质的方法及其应用,,,,,,,39.9628214,116.3269465,,Bei Jing Shi,China,Corn/Maize,,False,2023.0,,False,Other Genetic Improvement for Crop Traits
CN426825292,202311669126,China,2023-12-07,,,"Institute Of Crop Science, Chinese Academy Of Agricultural Sciences",(EN) Method for creating sweet corn germplasm and related biological materials thereof(ZH) 创制甜玉米种质的方法及其相关生物材料,,,,,,,39.9628214,116.3269465,,Bei Jing Shi,China,Corn/Maize,,False,2023.0,,False,Yield Improvement
CN427210168,202311712219,China,2023-12-13,,,Beijing Academy Of Agriculture And Forestry Sciences,(EN) Goldfish CRISPR/Cas12 gene editing method and application thereof(ZH) 一种金鱼CRISPR/Cas12基因编辑方法及其应用,,,,,,,39.9438284,116.2870162,,Bei Jing Shi,China,Other plants,,False,2023.0,,False,Gene Editing Systems Development
IN366094323,202011052804,India,2020-12-03,,,International Centre For Genetic Engineering And Biotechnology (Icgeb),"(EN) CRISPR-CAS VECTOR SYSTEM FOR ALTERING GENE EXPRESSION IN RICE, METHODS AND PLANTS THEREOF",,,,,03.12.2020,India,28.5298441,77.1681763,New Delhi,Delhi,India,Rice,,False,2020.0,,False,Gene Editing Systems Development
CN395739692,202310004202,China,2023-01-03,115896168.0,2025-02-11,"China Tobacco Yunnan Industrial Co., Ltd.",(EN) Method for rapidly obtaining nicotine transformant of cultivated tobacco and application of nicotine transformant(ZH) 一种快速获得栽培烟草烟碱转化株的方法及应用,,,,,,,26.5895249,106.7159627,Gui Yang Shi,Gui Zhou Sheng,China,Tobacco,770.0,True,2023.0,2025.0,False,Other Genetic Improvement for Crop Traits
CN244857568,201910128265,China,2019-02-21,,,Zhejiang A&F University,(EN) Method for evaluating CRISPR/Cas9 gene editing efficiency or miss frequency(ZH) 一种评估CRISPR/Cas9基因编辑效率或脱靶频率的方法,,,,,,,30.2421403,120.1581419,Hang Zhou Shi,Zhe Jiang Sheng,China,Crop plants,,False,2019.0,,False,Gene Editing Systems Development
CN394520092,202211487266,China,2022-11-25,,,South China Agricultural University,(EN) Gene PlYPK1 and application thereof in preventing and treating litchi downy blight(ZH) 基因PlYPK1及其在防治荔枝霜疫病中的应用,,,,,,,23.1568182,113.3536811,Guang Zhou Shi,Guang Dong Sheng,China,Litchi,,False,2022.0,,False,Disease Resistance
CN426777313,202410032307,China,2024-01-09,,,"Institute Of Crop Science, Chinese Academy Of Agricultural Sciences",(EN) Soybean genome editor(ZH) 一种大豆基因组编辑器,,,,,,,39.9628214,116.3269465,,Bei Jing Shi,China,Soybeans,,False,2024.0,,False,Gene Editing Systems Development
IN283300908,201917043473,India,2019-10-25,,,Dupont Nutrition Biosciences Apsuniversité Laval (Canada),(EN) METHODS AND COMPOSITIONS OF ANTI-CRISPR PROTEINS FOR USE IN PLANTS,62/488969 24.04.2017 US62/488981 24.04.2017 US62/510896 25.05.2017 US62/510914 25.05.2017 US,"EP3615552

CN110891965

BR112019022201

US20200190492

WO/2018/197520",,,25.10.2019,India,45.5298613,-73.7933624,Laval,Québec,Canada,Crop plants,,False,2019.0,,True,Gene Editing Systems Development
RU448817702,2023131564,Russian Federation,2023-12-01,,2025-02-04,,(EN) METHOD FOR DETECTING GBSSI GENE EDITING EVENTS IN CEREALS USING SET OF OLIGONUCLEOTIDE SEQUENCES(RU) СПОСОБ ВЫЯВЛЕНИЯ СОБЫТИЙ РЕДАКТИРОВАНИЯ ГЕНА GBSSI У ЗЕРНОВЫХ КУЛЬТУР С ПОМОЩЬЮ НАБОРА ОЛИГОНУКЛЕОТИДНЫХ ПОСЛЕДОВАТЕЛЬНОСТЕЙ,,,,,01.12.2023,Russia,,,,,,Wheat,431.0,True,2023.0,2025.0,False,Gene Editing Systems Development
RU448817453,2023131566,Russian Federation,2023-12-01,,2025-02-03,,(EN) METHOD FOR DETECTING RSR1 GENE EDITING EVENTS IN CEREALS USING SET OF OLIGONUCLEOTIDE SEQUENCES(RU) СПОСОБ ВЫЯВЛЕНИЯ СОБЫТИЙ РЕДАКТИРОВАНИЯ ГЕНА RSR1 У ЗЕРНОВЫХ КУЛЬТУР С ПОМОЩЬЮ НАБОРА ОЛИГОНУКЛЕОТИДНЫХ ПОСЛЕДОВАТЕЛЬНОСТЕЙ,,,,,01.12.2023,Russia,,,,,,Wheat,430.0,True,2023.0,2025.0,False,Gene Editing Systems Development
RU448817452,2023131565,Russian Federation,2023-12-01,,2025-02-03,,(EN) METHOD FOR DETECTING ISA1 GENE EDITING EVENTS IN CEREALS USING SET OF OLIGONUCLEOTIDE SEQUENCES(RU) СПОСОБ ВЫЯВЛЕНИЯ СОБЫТИЙ РЕДАКТИРОВАНИЯ ГЕНА ISA1 У ЗЕРНОВЫХ КУЛЬТУР С ПОМОЩЬЮ НАБОРА ОЛИГОНУКЛЕОТИДНЫХ ПОСЛЕДОВАТЕЛЬНОСТЕЙ,,,,,01.12.2023,Russia,,,,,,Wheat,430.0,True,2023.0,2025.0,False,Gene Editing Systems Development
CN417778387,202210602147,China,2022-05-30,,,China Agricultural University,(EN) Corn gene ZmCPK28 and application thereof in regulation and control of plant growth and development and environmental stress(ZH) 玉米基因ZmCPK28及其在调控植物生长发育和环境胁迫中的应用,,,,,,,40.004202,116.352988,,Bei Jing Shi,China,Corn/Maize,,False,2022.0,,False,Drought Adaptation
CN419781600,202311277889,China,2023-09-28,,,"Jiyinmeixinshi Life Technology (Shanghai) Co., Ltd.肌茵美信使酶生命科技（上海）",(EN) Method for obtaining high-activity and low-toxin type III collagen based on Cpf1 plant genome fixed-point editing(ZH) 基于Cpf1的植物基因组定点编辑获取高活低毒素三型胶原蛋白的方法,,,,,,,30.93588,121.60564,,Shanghai,China,Crop plants,,False,2023.0,,False,Other Genetic Improvement for Crop Traits
CN414523158,202210440534,China,2022-04-25,,,Nanjing Agricultural University,(EN) Genetic engineering application of BcERF070 gene of non-heading Chinese cabbage(ZH) 不结球白菜BcERF070基因的基因工程应用,,,,,,,32.033399,118.842587,Nan Jing Shi,Jiang Su Sheng,China,Cabbage,,False,2022.0,,False,Other Genetic Improvement for Crop Traits
BR443788587,BR112024017602,Brazil,2023-02-28,,,Pairwise Plants Services Inc,(PT) PROTEÍNAS EFETORAS CRISPR-CAS MODIFICADAS E SEUS MÉTODOS DE USO,"63/314,598 28.02.2022",,,,28.02.2023,Brazil,35.9900355,-78.8898264,Durham,North Carolina,United States,Crop plants,,False,2023.0,,False,Gene Editing Systems Development
CN426769688,202310574414,China,2023-05-19,,,Yangzhou University,(EN) Ginkgo gene knockout vector based on CRISPR/Cas9 technology and application thereof(ZH) 一种基于CRISPR/Cas9技术的银杏基因敲除载体及其应用,,,,,,,32.399078,119.389893,Yangzhou,Jiangsu,China,Gingko,,False,2023.0,,False,Other Genetic Improvement for Crop Traits
CN418385121,202210654407,China,2022-06-10,,,"Institute Of Vegetables And Flowers, Chinese Academy Of Agricultural Sciences",(EN) Gene related to tomato flowering as well as encoding protein and application thereof(ZH) 与番茄开花相关的基因及其编码蛋白与应用,,,,,,,39.9642823,116.3313787,,Bei Jing Shi,China,Tomatoes,,False,2022.0,,False,Yield Improvement
CN395072475,202211104291,China,2022-09-09,,,Yichun University,(EN) Method for creating brassica napus dwarfing material by using gene editing technology and application of brassica napus dwarfing material(ZH) 利用基因编辑技术创制甘蓝型油菜矮化材料的方法和应用,,,,,,,27.787301,114.357773,Yi Chun Shi,Jiang Xi Sheng,China,Canola,,False,2022.0,,False,Yield Improvement
CN322968871,202110085347,China,2021-01-22,112662687.0,2023-09-26,"Huazhong Agricultural University华中农业大学Jilin Academy Of Agricultural Sciences吉林省农业科学院Wimi Biotechnology (Jiangsu) Co., Ltd.未米生物科技（江苏）","(EN) Method, kit and gene for postponing flowering phase of corn(ZH) 推迟玉米花期的方法、试剂盒、基因",,,,,,,43.957271,126.478751,Jilin City,Jilin,China,Corn/Maize,977.0,True,2021.0,2023.0,False,Yield Improvement
CN426766945,202311791808,China,2023-12-25,,,Yunnan Agricultural University,(EN) Application of rice broad-spectrum resistance regulation related gene OsRLCK107(ZH) 水稻广谱抗性调控相关基因OsRLCK107的应用,,,,,,,25.124795,102.742834,Kun Ming Shi,Yun Nan Sheng,China,Rice,,False,2023.0,,False,Disease Resistance
CN421213220,202311656798,China,2023-12-06,117431256.0,2024-03-08,Nanjing Agricultural University,(EN) Wheat yellow mosaic disease-resistant gene TaRx-2D as well as protein coded by wheat yellow mosaic disease-resistant gene TaRx-2D and application thereof(ZH) 一个小麦黄花叶病抗病基因TaRx-2D及其编码的蛋白和应用,,,,,,,32.033399,118.842587,Nan Jing Shi,Jiang Su Sheng,China,Wheat,93.0,True,2023.0,2024.0,False,Disease Resistance
CN396415293,202211322491,China,2022-10-27,115976071.0,2024-06-21,Shenyang Agricultural University,(EN) Application of PAP10a gene in regulation and control of rice blast resistance of rice(ZH) PAP10a基因在调控水稻抗稻瘟病中的应用,,,,,,,41.821328,123.57225,Shen Yang Shi,Liao Ning Sheng,China,Rice,603.0,True,2022.0,2024.0,False,Disease Resistance
CN242190018,201910071782,China,2019-01-25,109705198.0,2022-04-19,Yangzhou University,(EN) Application of OsCKX7 protein and its encoding gene in regulating plant sheath blight resistance(ZH) OsCKX7蛋白质及其编码基因在调控植物纹枯病抗性中的应用,,,,,,,32.399078,119.389893,Yangzhou,Jiangsu,China,Rice,1180.0,True,2019.0,2022.0,False,Disease Resistance
CN396317043,202211308830,China,2022-10-25,,,Henan University,"(EN) Tomato SlBBX31 gene, InDel marker and application(ZH) 番茄SlBBX31基因、InDel标记及应用",,,,,,,34.808921,114.369752,Kai Feng Shi,He Nan Sheng,China,Tomatoes,,False,2022.0,,False,Cold Tolerance
CN395074893,202211505627,China,2022-11-28,115838724.0,2025-02-11,Jiangxi Agricultural University江西农业大学China National Rice Research Institute,(EN) Oligo DNA group of sgRNA of two fixed-point knockout rice gene OsZFP8 and application of oligo DNA group(ZH) 两个定点敲除水稻基因OsZFP8的sgRNA的oligo DNA组及其应用,,,,,,,28.556451,115.943828,Nan Chang Shi,Jiang Xi Sheng,China,Rice,806.0,True,2022.0,2025.0,False,Other Genetic Improvement for Crop Traits
CN107128313,201410210447,China,2014-05-16,103981212.0,2016-06-01,,(EN) Breeding method capable of changing glume color of rice varieties with yellow glume to brownness(ZH) 将黄色颖壳的水稻品种的颖壳颜色改为褐色的育种方法,,,,,,,31.887698,117.246045,Hefei,Anhui,China,Rice,747.0,True,2014.0,2016.0,False,Other Genetic Improvement for Crop Traits
CN426589728,202410081091,China,2024-01-19,,,"Huazhong Agricultural University华中农业大学Hubei Daodao Hongye Biotechnology Co., Ltd.湖北稻道鸿业生物科技有限公司Hubei Hongshan Laboratory湖北洪山实验室Hubei Shuangshui Shuanglv Biotechnology Co., Ltd.",(EN) Application of OsCRK13 gene in controlling low temperature resistance of rice(ZH) OsCRK13基因在控制水稻耐低温性中的应用,,,,,,,30.475126,114.353035,Wu Han Shi,Hu Bei Sheng,China,Rice,,False,2024.0,,False,Cold Tolerance
CN395093302,202211478214,China,2022-11-23,,,Nanjing University,"(EN) Gene for regulating tomato growth and development, knockout method and application(ZH) 一种调控番茄生长发育的基因及敲除方法和应用",,,,,,,32.0568391,118.7789602,Nanjing,Jiangsu,China,Tomatoes,,False,2022.0,,False,Yield Improvement
CN107128185,201410209552,China,2014-05-16,,,,(EN) Breeding method for preparing closed glume pollination rice material(ZH) 一种创制闭颖授粉水稻材料的育种方法,,,,,,,31.887698,117.246045,Hefei,Anhui,China,Rice,,False,2014.0,,False,Other Genetic Improvement for Crop Traits
SG361458992,11202203928S,Singapore,2020-10-15,,,Pairwise Plants Services Inc,(EN) VARIANTS OF CAS12A NUCLEASES AND METHODS OF MAKING AND USE THEREOF,"62/916,392 17.10.2019 US","US20210115421

JP2022552409

EP4045643

CN114829595

KR1020220097408

BR112022007125

CA3157707

AU2020366358

WO/2021/076682

IL292117

NZ787124

CL2022000937

MX2022004549

BR112022007125This application is not viewable in PATENTSCOPE because the national phase entry has not been published yet or the national entry is issued from a country that does not share data with WIPO or there is a formatting issue or an unavailability of the application.

US20240076639

US20240076640

CL2024001733

CL2024001734

CL2024001737",,,15.10.2020,Singapore,35.9900355,-78.8898264,Durham,North Carolina,United States,Crop plants,,False,2020.0,,True,Gene Editing Systems Development
NZ358654086,787124,New Zealand,2022-04-11,,,Pairwise Plants Services Inc,(EN) VARIANTS OF CAS12A NUCLEASES AND METHODS OF MAKING AND USE THEREOF,"62/916,392 17.10.2019 US","US20210115421

JP2022552409

EP4045643

CN114829595

KR1020220097408

BR112022007125

CA3157707

SG11202203928S

AU2020366358

WO/2021/076682

IL292117

CL2022000937

MX2022004549

BR112022007125This application is not viewable in PATENTSCOPE because the national phase entry has not been published yet or the national entry is issued from a country that does not share data with WIPO or there is a formatting issue or an unavailability of the application.

US20240076639

US20240076640

CL2024001733

CL2024001734

CL2024001737",,,11.04.2022,New Zealand,35.9900355,-78.8898264,Durham,North Carolina,United States,Crop plants,,False,2022.0,,True,Gene Editing Systems Development
UY335048793,1038992,Uruguay,2020-12-18,,,Pairwise Plants Services Inc,(ES) MUTACIÓN DE LOS FACTORES DE TRANSCRIPCIÓN DE LA FAMILIA DE FACTORES REGULADORES DE CRECIMIENTO PARA MEJORAR EL CRECIMIENTO DE PLANTAS,"62/951,593 20.12.2019 US","CA3165169

WO/2021/127341

US20210189414

BR112022012091

CN115103590

EP4075950

AR120866

BR112022012091This application is not viewable in PATENTSCOPE because the national phase entry has not been published yet or the national entry is issued from a country that does not share data with WIPO or there is a formatting issue or an unavailability of the application.

MX2022007766

IN202247037252

US20240263189",,,,,35.9900355,-78.8898264,Durham,North Carolina,United States,Crop plants,,False,2020.0,,True,Yield Improvement
CN251337903,201910400170,China,2019-05-15,,2023-03-31,Chen Chao,(EN) Experimental method for increasing yield of high-amylose corn through knockout of ZmPAD1 gene(ZH) 一种敲除ZmPAD1基因提升高直链玉米产量的实验方法,,,,,,,40.7893854,-73.9703975,New York,New York,United States,Corn/Maize,1416.0,True,2019.0,2023.0,False,Yield Improvement
US323751145,17005090,United States of America,2020-08-27,,,Kws Saat Se & Co. Kgaa,(EN) PLANT GENOME EDITING,,,,,27.08.2020,United States,51.8149087,9.884365,Einbeck,Niedersachsen,Germany,Crop plants,,False,2020.0,,False,Gene Editing Systems Development
CN321742904,202011512016,China,2020-12-19,,,"Institute Of Plant Protection, Chinese Academy Of Agricultural Sciences",(EN) Application of combined knockout of rice susceptible genes in creation of broad-spectrum disease-resistant material(ZH) 一种组合敲除水稻感病基因在创制广谱抗病材料上的应用,,,,,,,39.9628214,116.3269465,,Bei Jing Shi,China,Rice,,False,2020.0,,False,Disease Resistance
CN398217589,202310177864.X,China,2023-02-28,,,Zhejiang University,(EN) Method for synergistically improving tomato yield and fruit quality by using G protein gene SlGGC1(ZH) 一种利用G蛋白基因SlGGC1协同改良番茄产量和果实品质的方法,,,,,28.02.2023,China,30.3086844,120.0864995,Hang Zhou Shi,Zhe Jiang Sheng,China,Tomatoes,,False,2023.0,,False,Yield Improvement
CN398587677,202310013572,China,2023-01-05,,,Gansu Agricultural University,(EN) Application of SlSR3 gene as negative regulatory factor in improvement of tomato blossom-end rot resistance(ZH) SlSR3基因作为负调控因子在提高番茄脐腐病抗性中的应用,,,,,,,36.090703,103.700763,Lan Zhou Shi,Gan Su Sheng,China,Tomatoes,,False,2023.0,,False,Disease Resistance
CN409933484,202310422374,China,2023-04-19,,,Henan Agricultural University,"(EN) Rice yield regulation gene Os04t0686700, encoding protein thereof, expression vector and application of rice yield regulation gene Os04t0686700(ZH) 水稻产量调控基因Os04t0686700、其编码蛋白、表达载体及其应用",,,,,,,34.7854718,113.6632032,Zheng Zhou Shi,He Nan Sheng,China,Rice,,False,2023.0,,False,Yield Improvement
CN409224200,202310965034,China,2023-08-02,,,"Institute Of Plant Protection, Faas","(EN) Rapid detection primer group, kit and identification method for papaya Pleurotus geesteranus(ZH) 一种木瓜秀粉蚧快速检测引物组、试剂盒和鉴定方法",,,,,,,26.129643,119.338553,Fu Zhou Shi,Fu Jian Sheng,China,Papaya,,False,2023.0,,False,Other Purpose
CN438692598,202410797161,China,2024-06-20,,,Guangxi Academy Of Agricultural Sciences广西壮族自治区农业科学院Tianjin Normal University天津师范大学Foshan Kunpeng Modern Agricultural Research Institute,(EN) Application of OsCSG1 gene in improving cadmium stress tolerance in rice seedling stage(ZH) OsCSG1基因在提高水稻苗期镉胁迫耐受性的用途,,,,,,,22.841119,108.249658,Nan Ning Shi,Guang Xi Zhuang Zu Zi Zhi Qu,China,Rice,,False,2024.0,,False,Other Genetic Improvement for Crop Traits
CN429529077,202410108354,China,2024-01-25,,,Shenzhen University,(EN) Application of inhibitor in increasing tomato fruit size and tomato breeding method(ZH) 抑制剂在提高番茄果实大小中的应用以及番茄育种方法,,,,,,,22.53306,113.932813,Shen Zhen Shi,Guang Dong Sheng,China,Tomatoes,,False,2024.0,,False,Yield Improvement
CN436537446,202410438743,China,2024-04-12,,,Huazhong Agricultural University,(EN) Application of corn gene ZmEREB202 in control of corn yield(ZH) 玉米基因ZmEREB202在控制玉米产量中的应用,,"C12N 15/8261
					






C12N 15/8218
					






C07K 14/415
					






Y02A 40/146
					








C12N 15/8261
					






C12N 15/8218
					






C07K 14/415
					






Y02A 40/146
					






View less classifications",,,,,30.475126,114.353035,Wu Han Shi,Hu Bei Sheng,China,Corn/Maize,,False,2024.0,,True,Yield Improvement
CN432981608,202410538891.X,China,2024-04-30,,,"Biotechnology Research Institute, Caas",(EN) A protein OsCDKB2; application of 1 or substance for regulating and controlling expression of 1 in regulation and control of rice yield(ZH) 蛋白OsCDKB2;1或调控其表达的物质在调控水稻产量中的应用,,"C12N 15/8261
					






C12N 9/12
					






C12N 15/1137
					






C12Y 207/11022
					






C12N 2310/20
					






Y02A 40/146
					








C12N 15/8261
					






C12N 9/12
					






C12N 15/1137
					






C12Y 207/11022
					






C12N 2310/20
					






Y02A 40/146
					






View less classifications",,,30.04.2024,China,39.959662,116.327333,,北京市,China,Rice,,False,2024.0,,True,Yield Improvement
CN431130836,202410557572,China,2024-05-08,,,Sanya Research Institute Of Hainan Academy Of Agricultural Sciences (Hainan Experimental Animal Research Center)海南省农业科学院三亚研究院（海南省实验动物研究中心）Shenzhen Customs Animal And Plant Inspection And Quarantine Technology Center深圳海关动植物检验检疫技术中心Shenzhen Academy Of Inspection And Quarantine,(EN) Tilapia lake virus detection reagent and application thereof(ZH) 一种罗非鱼湖病毒检测试剂及其应用,,,,,,,18.2910908,109.4995686,San Ya Shi,Hai Nan Sheng,China,Tilapia,,False,2024.0,,False,Other Purpose
IN283176848,201827044973,India,2018-11-29,,,Basf Plant Science Company Gmbh,(EN) IMPROVED METHODS FOR MODIFICATION OF TARGET NUCLEIC ACIDS,16167773.7 29.04.2016 EP16167774.5 29.04.2016 EP17156018.8 14.02.2017 EP,"AU2017256517

CN109072207

KR1020190002470

EP3448990

BR112018068934

KR1020230038804

US20190309290

JP2019514376

KR1020220032126

WO/2017/186550

EP3868880

DK3448990

IL262409

CA3022475

MX2021009235

MX2018013256

CL2018003074

IN202128045052

US20230024869

US20230049124

US20230107997

US20230183686

AU2022100157

AU2022100158

AU2022100159

AU2022100155

AU2022100170

JP2023018093",,,29.11.2018,India,40.7773301,-74.4269912,Florham Park,New Jersey,United States,Crop plants,,False,2018.0,,True,Gene Editing Systems Development
IN346041924,202128045052,India,2021-10-04,,,Basf Plant Science Company Gmbh,(EN) IMPROVED METHODS FOR MODIFICATION OF TARGET NUCLEIC ACIDS,16167773.7 29.04.2016 EP16167774.5 29.04.2016 EP17156018.8 14.02.2017 EP,"AU2017256517

CN109072207

KR1020190002470

EP3448990

BR112018068934

KR1020230038804

US20190309290

JP2019514376

KR1020220032126

WO/2017/186550

EP3868880

DK3448990

IL262409

CA3022475

MX2021009235

MX2018013256

CL2018003074

IN201827044973

US20230024869

US20230049124

US20230107997

US20230183686

AU2022100157

AU2022100158

AU2022100159

AU2022100155

AU2022100170

JP2023018093",,,04.10.2021,India,40.7773301,-74.4269912,Florham Park,New Jersey,United States,Crop plants,,False,2021.0,,True,Gene Editing Systems Development
CN305439310,202010513322,China,2020-06-08,,,Huaiyin Normal University,"(EN) Rice leaf albino-gene OsHMBPP, protein and application(ZH) 一种水稻叶片白化基因OsHMBPP、蛋白质及应用",,,,,,,33.599411,119.029348,Huai An Shi,Jiang Su Sheng,China,Rice,,False,2020.0,,False,Other Genetic Improvement for Crop Traits
CN243491176,201780046647,China,2017-10-18,,,"Sinobioway Bio Agriculture Group Co., Ltd.未名生物农业集团有限公司Pioneer Overseas Corp.",(EN) CONSTRUCTS AND METHODS TO IMPROVE ABIOTIC STRESS TOLERANT IN PLANTS(ZH) 提高植物非生物胁迫耐性的构建体和方法,201610909055.3 19.10.2016 CN,"CN107974459

US20190292557

WO/2018/072706",,,,,40.032423,116.3077686,,Bei Jing Shi,China,Crop plants,,False,2017.0,,True,Drought Adaptation
CN429525058,202410110575,China,2024-01-26,118028361.0,2025-01-28,"Institute Of Crop Science, Chinese Academy Of Agricultural Sciences中国农业科学院作物科学研究所Ordos Agriculture And Animal Husbandry Ecological And Resource Protection Center (Ordos City Cultivated Monitoring And Protection Center)鄂尔多斯市农牧业生态与资源保护中心（鄂尔多斯市耕地质量监测保护中心）",(EN) Application of Gma-miR396c gene editing in improvement of soybean salt tolerance and yield(ZH) Gma-miR396c基因编辑提高大豆耐盐能力及产量中的应用,,,,,,,39.961188,116.328189,,北京市,China,Soybeans,368.0,True,2024.0,2025.0,False,Yield Improvement
CN217693414,201610909055,China,2016-10-19,107974459.0,2023-03-07,Sinobioway Bio-Agriculture Group Co. Ltd.未名生物农业集团有限公司Pioneer Overseas Corporation,(EN) Construction body and method for improving abiotic stress tolerance of plants(ZH) 提高植物非生物胁迫耐性的构建体和方法,,"CN109819659

US20190292557

WO/2018/072706",,,,,40.032423,116.3077686,,Bei Jing Shi,China,Crop plants,2330.0,True,2016.0,2023.0,True,Drought Adaptation
CA240385129,3037560,Canada,2017-10-10,,,"Pioneer Hi-Bred International, Inc.",(EN) GENERATING NORTHERN LEAF BLIGHT RESISTANT MAIZE(FR) GENERATION DE MAIS RESISTANT A L'HELMINTHOSPORIOSE DU NORD,"62/407,867 13.10.2016 US","US3416802

CN109844121

BR112019007327

EP3525578

EA201990924

WO/2018/071362

US20220275392

EA202292659

EP4242330

AR109941

UAa201904883This application is not viewable in PATENTSCOPE because the national phase entry has not been published yet or the national entry is issued from a country that does not share data with WIPO or there is a formatting issue or an unavailability of the application.

IN201917018418",,,10.10.2017,Canada,40.1631226,-76.6461019,Elizabethtown,Pennsylvania,United States,Corn/Maize,,False,2017.0,,True,Disease Resistance
CN243759717,201780063266,China,2017-10-10,,,"Pioneer Hi-Bred International, Inc.",(EN) GENERATING NORTHERN LEAF BLIGHT RESISTANT MAIZE(ZH) 产生北方叶枯病抗性玉蜀黍,62/407867 13.10.2016 US,"US3416802

CA3037560

BR112019007327

EP3525578

EA201990924

WO/2018/071362

US20220275392

EA202292659

EP4242330

AR109941

UAa201904883This application is not viewable in PATENTSCOPE because the national phase entry has not been published yet or the national entry is issued from a country that does not share data with WIPO or there is a formatting issue or an unavailability of the application.

IN201917018418",,,,,40.0601297,-76.0696993,New Holland,Pennsylvania,United States,Corn/Maize,,False,2017.0,,True,Disease Resistance
EP250873369,17787833,European Patent Office,2017-10-10,,,Pioneer Hi Bred Int,(DE) ERZEUGUNG VON GEGEN NÖRDLICHER BLATTFLECKENKRANKHEIT RESISTENTEM MAIS(EN) GENERATING NORTHERN LEAF BLIGHT RESISTANT MAIZE(FR) GÉNÉRATION DE MAÏS RÉSISTANT À L'HELMINTHOSPORIOSE DU NORD,201662407867 13.10.2016 US,"US3416802

CA3037560

CN109844121

BR112019007327

EA201990924

WO/2018/071362

US20220275392

EA202292659

EP4242330

AR109941

UAa201904883This application is not viewable in PATENTSCOPE because the national phase entry has not been published yet or the national entry is issued from a country that does not share data with WIPO or there is a formatting issue or an unavailability of the application.

IN201917018418",,,10.10.2017,European Patent Office,40.1631226,-76.6461019,Elizabethtown,Pennsylvania,United States,Corn/Maize,,False,2017.0,,True,Disease Resistance
EP309786257,18891268,European Patent Office,2018-12-21,,,Inst Genetics & Developmental Biology Cas,(DE) VERFAHREN ZUR BASENEDITIERUNG BEI PFLANZEN(EN) METHOD FOR BASE EDITING IN PLANTS(FR) PROCÉDÉ D'ÉDITION DE BASES CHEZ LES PLANTES,201711393160 21.12.2017 CN201810402244 28.04.2018 CN,"CN110157727

WO/2019/120283

US20200340002

BR112020010594

CA3091157",,,21.12.2018,European Patent Office,38.115509,114.533286,Shi Jia Zhuang Shi,He Bei Sheng,China,Crop plants,,False,2018.0,,True,Gene Editing Systems Development
CA305248936,3091157,Canada,,,,"Institute Of Genetics And Developmental Biology, Chinese Academy Of Sciences",(EN) METHOD FOR BASE EDITING IN PLANTS(FR) PROCEDE D'EDITION DE BASES CHEZ LES PLANTES,201711393160.7 21.12.2017 CN201810402244.0 28.04.2018 CN,"CN110157727

WO/2019/120283

US20200340002

EP3728600

BR112020010594",,,,Canada,38.115509,114.533286,Shi Jia Zhuang Shi,He Bei Sheng,China,Crop plants,,False,,,True,Gene Editing Systems Development
US323259947,17090766,United States of America,2020-11-05,,,"University Of Maryland, College Park",(EN) SYSTEMS AND METHODS FOR PLANT GENOME EDITING USING CAS 12a ORTHOLOGS,,,,,05.11.2020,United States,38.9869183,-76.9425543,College Park,Maryland,United States,Rice,,False,2020.0,,False,Gene Editing Systems Development
CN254169437,201910598288.X,China,2019-07-04,110283843.0,2023-03-24,Southwest University,(EN) Method for improving citrus canker resistance based on CRISPRCas9 mediated CsWRKY22 site-directed editing(ZH) 一种基于CRISPRCas9介导CsWRKY22定点编辑提高柑橘溃疡病抗性的方法,,,,,04.07.2019,China,29.8195959,106.4266239,,Chong Qing Shi,China,Citrus,1359.0,True,2019.0,2023.0,False,Disease Resistance
CN398576169,202310158147,China,2023-02-23,,,Beijing University Of Agriculture,(EN) Application of SlWRKY57 gene and encoded protein thereof in regulating and controlling salt tolerance of tomato(ZH) SlWRKY57基因及其编码蛋白在调控番茄耐盐性中的应用,,,,,,,40.092594,116.30938,,Bei Jing Shi,China,Tomatoes,,False,2023.0,,False,Other Genetic Improvement for Crop Traits
CN236644555,201710514086,China,2017-06-29,109207505.0,2020-03-17,"Beijing Academy Of Agriculture And Forestry Sciences北京市农林科学院Institute Of Genetics And Developmental Biology, Chinese Academy Of Sciences",(EN) A method for creating male sterile line of tomato through genome editing and application thereof(ZH) 一种通过基因组编辑创制番茄雄性不育系的方法及其应用,,"WO/2019/000806

US20210095308",,,,,40.0051991,116.3813791,,Beijing,China,Tomatoes,992.0,True,2017.0,2020.0,True,Yield Improvement
CN178121098,102016000269268,China,2016-04-27,,,Hunan Hybrid Rice Research Center,(EN) Seed breeding method for reducing cadmium content in rice grains(ZH) 一种降低水稻籽粒镉含量的育种方法,,,,,27.04.2016,China,28.20949337,113.1009217,,,,Rice,,False,2016.0,,False,Other Genetic Improvement for Crop Traits
CN291484417,201911227251,China,2019-12-04,110878303.0,2022-08-23,"Institute Of Crop Science, Chinese Academy Of Agricultural Sciences",(EN) Function and application of rice Os11g0681100 gene and coding protein(ZH) 水稻Os11g0681100基因及其编码蛋白的功能和应用,,,,,,,39.9628214,116.3269465,,Bei Jing Shi,China,Rice,993.0,True,2019.0,2022.0,False,Disease Resistance
CN276479923,201910753806,China,2019-08-15,,,"Institute Of Crop Science, Chinese Academy Of Agricultural Sciences",(EN) Application of oryza sativa l. OsGA2ox8 protein and coding gene and recombinant vector thereof in enhancing plant drought resistance(ZH) 水稻OsGA2ox8蛋白及其编码基因和重组载体在增强植物抗旱性中应用,,,,,,,39.9628214,116.3269465,,Bei Jing Shi,China,Rice,,False,2019.0,,False,Drought Adaptation
US252246344,16342794,United States of America,2017-10-18,11168334.0,2021-11-09,"Pioneer Overseas Corporationsinobioway Bio-Agriculture Group Co., Ltd.",(EN) Constructs and methods to improve abiotic stress tolerance in plants,201610909055.3 19.10.2016 CN,"CN107974459

CN109819659

WO/2018/072706",,,18.10.2017,United States,27.7305517,85.3417579,काठमाडौँ,बागमती प्रदेश,Nepal,Crop plants,1483.0,True,2017.0,2021.0,True,Drought Adaptation
CN437272635,202410690901,China,2024-05-30,,,Huazhong Agricultural University,(EN) Application of PGIP2 gene in regulation and control of crop waterlogging tolerance(ZH) PGIP2基因在调控作物耐渍性中的应用,,,,,,,30.475126,114.353035,Wu Han Shi,Hu Bei Sheng,China,Canola,,False,2024.0,,False,Drought Adaptation
CN313724079,202010843041,China,2020-08-20,112048515.0,2022-09-13,Huazhong Agricultural University,(EN) Rape S-adenosyl-L-methionine dependent methyltransferase gene BnPMT6 and application thereof(ZH) 一种油菜S-腺苷-L-蛋氨酸依赖的甲基转移酶基因BnPMT6及其应用,,,,,,,30.475126,114.353035,Wu Han Shi,Hu Bei Sheng,China,Canola,754.0,True,2020.0,2022.0,False,Yield Improvement
CN315167130,202010956095,China,2020-09-11,112175985.0,2022-08-19,Nankai University,(EN) Method for improving herbicide resistance of leguminous plants and application thereof(ZH) 提高豆科植物除草剂抗性的方法及其应用,,,,,,,39.1039443,117.1742232,,Tian Jin Shi,China,Soybeans,707.0,True,2020.0,2022.0,False,Pesticide Resistance
CN436513801,202410656418,China,2024-05-24,,,Shandong Agricultural University,(EN) Application of EXA1 gene in enhancing virus resistance of tomato brown wrinkled fruit(ZH) EXA1基因在增强番茄褐色皱纹果病毒抗性中的应用,,,,,,,36.1939376,117.1193702,Tai An Shi,Shan Dong Sheng,China,"Tobacco, Tomatoes",,False,2024.0,,False,Disease Resistance
US412496087,18182936,United States of America,2023-03-13,,,Grow More Foundation,(EN) GENE EDITING MOLECULAR CLONING KITS,,,,,13.03.2023,United States,33.8905756,-118.2812855,Gardena,California,United States,Crop plants,,False,2023.0,,False,Gene Editing Systems Development
NZ179135156,711146,New Zealand,2015-08-17,,,Cibus Us Llccibus Europe B.V.,(EN) Methods and Compositions for Increasing Efficiency of Targeted Gene Modification Using Oligonucleotide-Mediated Gene Repair,"61/801,320 15.03.2013 US","JP2016516408

BRUS2014029621

RS63188

PL2966984

PT2966984

LT2966984

ES2912400

DK2966984

NZ751592

NZ751586

WO/2014/144987

CA2905135

BR112015022848

VN47385

MYPI 2015703120

AU2014233465

US20160304892

EA201591447

CN105338805

EP2966984

KR1020150132202

IL241145

CL2015002650

IN2855/MUMNP/2015

AU2020220059

US20230141977",,,17.08.2015,New Zealand,32.8868488,-117.1823458,San Diego,California,United States,Crop plants,,False,2015.0,,True,Gene Editing Systems Development
CN223072043,201711472843,China,2017-12-29,,,"Saas Biotechnology And Nuclear Technology Research Institute四川省农业科学院生物技术核技术研究所Chengdu Yinong Agricultural Technology Co., Ltd.",(EN) Method for knocking out hygromycin resistance genes in transgenic plants(ZH) 一种敲除转基因植物中潮霉素抗性基因的方法,,,,,,,30.612873,104.111671,Chengdu,Sichuan,China,Crop plants,,False,2017.0,,False,Other Genetic Improvement for Crop Traits
CN425359281,202311670003,China,2023-12-07,,,Beijing Academy Of Agriculture And Forestry Sciences,"(EN) Wheat tillering control gene and application thereof, and method for improving tillering number and yield of wheat(ZH) 控制小麦分蘖基因及其应用和提高小麦分蘖数以及产量的方法",,,,,,,39.9438284,116.2870162,,Bei Jing Shi,China,Wheat,,False,2023.0,,False,Yield Improvement
CN232864667,201810385846,China,2018-04-26,108707621.0,2021-02-12,"Institute Of Crop Science, Chinese Academy Of Agricultural Sciences",(EN) CRISPR/Cpf1 system-mediated homologous recombination method using RNA transcript as repair template(ZH) 一种CRISPR/Cpf1系统介导的以RNA转录本为修复模板的同源重组方法,,,,,,,39.9628214,116.3269465,,Bei Jing Shi,China,Rice,1023.0,True,2018.0,2021.0,False,Gene Editing Systems Development
CN294430550,202010174074,China,2020-03-13,111041045.0,2020-07-14,"Biotechnology Research Institute, Caas",(EN) Method for improving content of 5-methyltetrahydrofolate by gene knockout(ZH) 一种通过基因敲除提高5-甲基四氢叶酸含量的方法,,,,,,,39.959662,116.327333,,北京市,China,Corn/Maize,123.0,True,2020.0,2020.0,False,Other Genetic Improvement for Crop Traits
CN248896494,201711459345,China,2017-12-28,,,Pioneer Overseas Corporation未名生物农业集团有限公司Sinobioway Bio-Agriculture Group Co. Ltd.,(EN) Regulation gene CMP1 in flowering phase and related vector and application thereof(ZH) 花期调控基因CMP1和相关的载体及其应用,,"CN111511916

WO/2019/129145

US20210371868",,,,,31.827675,117.19112,He Fei Shi,An Hui Sheng,China,Crop plants,,False,2017.0,,True,Yield Improvement
CN429328818,202311839216,China,2023-12-28,,,West (Chongqing) Science City Germplasm Creation And System Big Science Center西部（重庆）,(EN) LbCas12a plant genome editing system for co-expressing TypeV-A type anti-CRISPR protein(ZH) 共表达TypeV-A型anti-CRISPR蛋白的LbCas12a植物基因组编辑系统,,,,,,,29.571912,106.578303,,Chong Qing Shi,China,Rice,,False,2023.0,,False,Gene Editing Systems Development
CN204730733,201710482845,China,2017-06-22,,,"Jiangsu Sanshu Biotechnology Co., Ltd.",(EN) Method for increasing amylose content of plants and application(ZH) 一种提高植物直链淀粉含量的方法及应用,,,,,,,32.39065,119.88708,Taizhou,Jiangsu,China,Potatoes,,False,2017.0,,False,Other Genetic Improvement for Crop Traits
US403483445,18055765,United States of America,2022-11-15,,,"Biotechnology Research Institute, Caas",(EN) METHOD FOR INCREASING METHIONINE CONTENT IN GRAINS BY GENE KNOCKOUT,202210110992.8 29.01.2022 CN,CN114107372,,,15.11.2022,United States,42.728255,-73.6784013,Troy,New York,United States,Corn/Maize,,False,2022.0,,True,Other Genetic Improvement for Crop Traits
CN429060848,202311752678,China,2023-12-19,,,"Institute Of Crop Science, Chinese Academy Of Agricultural Sciences中国农业科学院作物科学研究所National Nanfan Research Institute, Sanya Chinese Academy Of Agricultural Sciences",(EN) Plant gene editing vector for assisting CRISPR (Clustered Regularly Interspaced Short Palindromic Repeats) in excision of self T-DNA (Deoxyribose Nucleic Acid) fragment in transformation event by utilizing RUBY ((ZH) 一种利用RUBY辅助CRISPR切除转化事件中自身T-DNA片段的植物基因编辑载体及其构建方法和应用,,,,,,,39.961188,116.328189,,北京市,China,Crop plants,,False,2023.0,,False,Gene Editing Systems Development
CN357083102,202111336838,China,2021-11-12,114231556.0,2024-03-01,Crop Science Research Institute Of Chinese Academy Of Agricultural Sciences,(EN) Application of GmECT2 in aspect of regulating and controlling plant height(ZH) GmECT2在调控植物高度方面的应用,,,,,,,39.961188,116.328189,,北京市,China,Soybeans,840.0,True,2021.0,2024.0,False,Yield Improvement
CN322136128,202011498307,China,2020-12-17,,,Beijing Academy Of Agriculture And Forestry Sciences,(EN) Method for cultivating self-compatible cabbages based on CRISPR/Cas9 gene editing method and application of self-compatible cabbages(ZH) 基于CRISPR/Cas9基因编辑方法的一种培育自交亲和甘蓝的方法及其应用,,,,,,,39.9438284,116.2870162,,Bei Jing Shi,China,Cabbage,,False,2020.0,,False,Yield Improvement
CN405930764,202310594918,China,2023-05-25,,,Nanjing Agricultural University南京农业大学Beijing Vocational College Of Agriculture (Chinese Committee Of Rural Work Committee Party School)北京农业职业学院（中国共产党北京市委员会农村工作委员会党校）,(EN) CRISPR/CasRx-mediated method for improving soybean resistance to soybean mosaic virus(ZH) CRISPR/CasRx介导的提高大豆对大豆花叶病毒抗性的方法,,,,,,,32.033399,118.842587,Nan Jing Shi,Jiang Su Sheng,China,Soybeans,,False,2023.0,,False,Disease Resistance
KR401594367,1020210176714,Republic of Korea,2021-12-10,,,대한민국(농촌진흥청장)Republic Of Korea(Management : Rural Development Administration),"(EN) METHOD FOR PRODUCING PLANTS PRODUCING DIHYDROKAEMPFEROL USING CRISPR/CAS9 SYSTEM(KO) CRISPR/Cas9 시스템을 이용한, 디하이드로켐페롤을 생산하는 식물 제조방법",,,,,10.12.2021,South Korea,35.8311352,127.0561373,Jeonju,Jeonbuk State,South Korea,Crop plants,,False,2021.0,,False,Other Genetic Improvement for Crop Traits
CN233992055,201810590143,China,2018-06-08,108753813.0,2021-08-24,China National Rice Research Institute,(EN) Method for obtaining label-free transgenic plant(ZH) 获得无标记转基因植物的方法,,,,,,,46.88572,130.28944,Jiamusi,Heilongjiang,China,Crop plants,1173.0,True,2018.0,2021.0,False,Gene Editing Systems Development
CN198388440,102017000094428,China,2017-02-22,,,"Qingdao Institute Of Bioenergy And Bioprocess Technology, Chinese Academy Of Sciences",(EN) Method for generating alfalfa genome edited homozygous plant(ZH) 一种产生苜蓿基因组编辑纯合植株的方法,,,,,22.02.2017,China,36.155285,120.487224,Qing Dao Shi,Shan Dong Sheng,China,Alfalfa,,False,2017.0,,False,Gene Editing Systems Development
CN428834917,202410135169,China,2024-01-31,,,"Institute Of Crop Science, Chinese Academy Of Agricultural Sciences",(EN) Application of GmTPS2 protein and coding gene thereof in improvement of soybean plant type and yield traits(ZH) GmTPS2蛋白及其编码基因在改良大豆株型和产量性状中的应用,,,,,,,39.9628214,116.3269465,,Bei Jing Shi,China,Soybeans,,False,2024.0,,False,Yield Improvement
CN353490314,202111204379,China,2021-10-15,114107373.0,2023-05-12,South China Agriculture University,(EN) Method for preparing arabidopsis autophagy gene mutant and application of arabidopsis autophagy gene mutant(ZH) 一种制备拟南芥自噬基因突变体的方法及应用,,,,,,,23.1568182,113.3536811,Guang Zhou Shi,Guang Dong Sheng,China,Arabidopsis,574.0,True,2021.0,2023.0,False,Yield Improvement
AU323947525,2019345788,Australia,2019-09-26,,,"Oil Crops Research Institute, Chinese Academy Of Agricultural Sciences",(EN) Method for knocking out BnMAX1 gene in Brassica napus L. using CRISPR-Cas9 system and application,,"CN109266646

WO/2020/063775",,,26.09.2019,Australia,39.961188,116.328189,,北京市,China,Canola,,False,2019.0,,True,Yield Improvement
CN429514908,202410064977,China,2024-01-16,,,Henan University,(EN) Application of AHL10 gene in negative regulation of plant salt tolerance(ZH) AHL10基因在负调控植物耐盐性中的应用,,,,,,,34.808921,114.369752,Kai Feng Shi,He Nan Sheng,China,Crop plants,,False,2024.0,,False,Other Genetic Improvement for Crop Traits
CN241110817,201910097279,China,2019-01-31,109554381.0,2020-09-04,Fujian Agriculture And Forestry University,(EN) Oryza sativa gene OsGE61 and application thereof to resistance to piricularia oryzae(ZH) 水稻基因OsGE61及其在水稻抗稻瘟病中的应用,,,,,,,26.084946,119.239701,Fu Zhou Shi,Fu Jian Sheng,China,Rice,582.0,True,2019.0,2020.0,False,Disease Resistance
CN428739930,202410057940,China,2024-01-16,,,Southwest University,(EN) Tomato SlBTB6 gene and application thereof in improving drought and high temperature tolerance of plants(ZH) 番茄SlBTB6基因及其在提高植物干旱和高温耐受性中的应用,,,,,,,29.8195959,106.4266239,,Chong Qing Shi,China,Tomatoes,,False,2024.0,,False,Drought Adaptation
CA312299937,3099645,Canada,2019-05-30,,,"Pioneer Hi-Bred International, Inc.",(EN) CRISPR/CAS SYSTEM FOR EDITING BRASSICA GENOME(FR) SYSTEME CRISPR-CAS POUR MODIFIER LE GENOME BRASSICA,,"WO/2019/232136

AU2019277388

EP3829292

US20210207153

RU2020143335

UAa202008362This application is not viewable in PATENTSCOPE because the national phase entry has not been published yet or the national entry is issued from a country that does not share data with WIPO or there is a formatting issue or an unavailability of the application.",,,30.05.2019,Canada,40.1631226,-76.6461019,Elizabethtown,Pennsylvania,United States,Cabbage,,False,2019.0,,True,Gene Editing Systems Development
CN405935360,202211374705,China,2022-11-04,,,Guizhou Rice Research Institute,(EN) Method for creating novel germplasm of fragrant glutinous rice(ZH) 一种创制香禾糯新种质的方法,,,,,,,26.50539,106.66711,Guiyang,Guizhou,China,Rice,,False,2022.0,,False,Other Genetic Improvement for Crop Traits
CN428738112,202410081766,China,2024-01-19,,,"Institute Of Crop Science, Chinese Academy Of Agricultural Sciences",(EN) Application of GmTPS1 protein and coding gene thereof in improvement of soybean plant type character and yield(ZH) GmTPS1蛋白及其编码基因在改良大豆株型性状和产量中的应用,,,,,,,39.9628214,116.3269465,,Bei Jing Shi,China,Soybeans,,False,2024.0,,False,Yield Improvement
CN432991868,202410596625,China,2024-05-14,,,Hainan University,(EN) Application of RecQ-mediated genome unstable protein 1 in regulation and control of plant salt tolerance(ZH) RecQ介导的基因组不稳定蛋白1在调控植物耐盐性中的应用,,,,,,,20.06199,110.32874,Hai Kou Shi,,China,Arabidopsis,,False,2024.0,,False,Drought Adaptation
CN417839298,202311343209,China,2023-10-17,,,Fujian Agriculture And Forestry University,(EN) Rice gene OsWAK74 and application thereof in rice blast resistance of rice(ZH) 水稻基因OsWAK74及其在水稻抗稻瘟病中的应用,,,,,,,26.084946,119.239701,Fu Zhou Shi,Fu Jian Sheng,China,Rice,,False,2023.0,,False,Disease Resistance
CN279822863,201911049758,China,2019-10-31,,,Jilin Agricultural University,(EN) Soybean sHSP26 gene and application thereof(ZH) 大豆sHSP26基因及其应用,,,,,,,43.8138695,125.406601,Changchun,Jilin,China,Soybeans,,False,2019.0,,False,Drought Adaptation
CN222366080,201711287309,China,2017-12-07,108165573.0,2022-01-14,"Shanghai Institutes For Biological Sciences, Chinese Academy Of Sciences",(EN) Chloroplast genome editing method(ZH) 叶绿体基因组编辑方法,2016111157496 07.12.2016 CN,,,,,,31.1936875,121.4555472,,Shang Hai Shi,China,Crop plants,1499.0,True,2017.0,2022.0,False,Gene Editing Systems Development
CN403993533,202310528568.X,China,2023-05-11,,,Jilin Agricultural Science And Technology College,(EN) Application of knockout EIN2 gene in retarding seed shattering of weedy rice(ZH) 敲除EIN2基因在减缓杂草稻落粒中的应用,,,,,11.05.2023,China,43.957271,126.478751,Jilin City,Jilin,China,Rice,,False,2023.0,,False,Yield Improvement
CN429065004,202410009066,China,2024-01-03,,,"Hubei University湖北大学Oil Crops Research Institute, Chinese Academy Of Agricultural Sciences",(EN) Pectin methylesterase inhibiting factor BnPMEI8 gene for regulating and controlling sclerotinia rot resistance of brassica napus and application(ZH) 调控甘蓝型油菜菌核病抗性的果胶甲酯酶抑制因子BnPMEI8基因及应用,,,,,,,30.581532,114.344114,Wu Han Shi,Hu Bei Sheng,China,Canola,,False,2024.0,,False,Disease Resistance
CN373577351,202210524176,China,2022-05-14,114958867.0,2023-07-21,Henan Agricultural University,"(EN) Gene KWE2 for regulating and controlling grain weight and yield of corn ear as well as encoding protein, functional marker, expression vector and application of gene KWE2(ZH) 玉米穗粒重和产量调控基因KWE2、其编码蛋白、功能标记、表达载体及应用",,,,,,,34.7854718,113.6632032,Zheng Zhou Shi,He Nan Sheng,China,"Corn, Rice",433.0,True,2022.0,2023.0,False,Yield Improvement
CN275671453,201910378397,China,2019-05-08,110343704.0,2020-12-11,"Institute Of Botany, The Chinese Academy Of Sciences",(EN) AP1 gene mutant and method for adjusting and controlling flowering time of plant calyx and petals(ZH) AP1基因突变体及调控植物花萼和花瓣开放时间的方法,,,,,,,39.9935072,116.2160961,,Bei Jing Shi,China,Crop plants,583.0,True,2019.0,2020.0,False,Other Genetic Improvement for Crop Traits
CN441600512,202411144570,China,2024-08-20,,,Fujian Agriculture And Forestry University,(EN) Method for detecting sweet potato SPVD virus disease by using CRISPR-Cas13a(ZH) 一种利用CRISPR-Cas13a检测甘薯SPVD病毒病的方法,,,,,,,26.084946,119.239701,Fu Zhou Shi,Fu Jian Sheng,China,Sweet Potato,,False,2024.0,,False,Disease Resistance
US223782249,15873699,United States of America,2018-01-17,,,"Noble Research Institute, Llc",(EN) DNA-FREE GENOME EDITING AND SELECTION METHODS IN PLANTS,,WO/2018/136547,,,17.01.2018,United States,34.1857525,-97.0867899,Ardmore,Oklahoma,United States,Crop plants,,False,2018.0,,True,Gene Editing Systems Development
US372936152,17634132,United States of America,2019-09-02,,,Pioneer Overseas Corporationsinobioway Bio-Agriculture Group Co. Ltd.,(EN) ABIOTIC STRESS TOLERANT PLANTS AND METHODS,,"WO/2021/042228

CN114341359",,,02.09.2019,United States,27.7305517,85.3417579,काठमाडौँ,बागमती प्रदेश,Nepal,Crop plants,,False,2019.0,,True,Drought Adaptation
CN367895675,202011516665,China,2020-12-21,114644698.0,2023-08-29,Genetic And Developmental Biology Research Institute Of Chinese Academy Of,(EN) Application of rice gene OsREM20 in regulation and control of grain number per ear and yield(ZH) 水稻基因OsREM20在调控穗粒数和产量中的应用,,,,,,,38.115509,114.533286,Shi Jia Zhuang Shi,He Bei Sheng,China,Rice,981.0,True,2020.0,2023.0,False,Yield Improvement
CN240129198,201811347473,China,2018-11-13,,,Yunnan Institute Of Tobacco Agriculture Science,(EN) Tobacco protein kinase gene NtCIPK25-1 as well as cloning method and application thereof(ZH) 一种烟草蛋白激酶基因NtCIPK25-1及其克隆方法与应用,,,,,,,24.3492058,102.5505331,Yu Xi Shi,Yun Nan Sheng,China,Tobacco,,False,2018.0,,False,Other Genetic Improvement for Crop Traits
CN368035026,202011527929,China,2020-12-22,114657204.0,2023-06-02,Chinese Agricultural University,(EN) Application of inhibiting expression of PAD1 and coding gene of PAD1 in regulation and control of plant stress tolerance(ZH) 抑制PAD1及其编码基因表达在调控植物耐逆性中的应用,,,,,,,40.004202,116.352988,,Bei Jing Shi,China,Crop plants,892.0,True,2020.0,2023.0,False,Drought Adaptation
US347660611,17290547,United States of America,2019-11-01,,,Keygene N.V.,(EN) DUAL GUIDE RNA FOR CRISPR/CAS GENOME EDITING IN PLANTS CELLS,18203919.8 01.11.2018 EP,"WO/2020/089448

EP3874048

JP2022505440",,,01.11.2019,United States,51.9763484,5.6461028,Wageningen,Gelderland,Netherlands,Crop plants,,False,2019.0,,True,Gene Editing Systems Development
CN326515741,202110257240.X,China,2021-03-09,,,"Institute Of Crop Science, Chinese Academy Of Agricultural Sciences",(EN) Method for creating high-amylose corn germplasm(ZH) 一种创制高直链淀粉玉米种质的方法,,,,,09.03.2021,China,39.9628214,116.3269465,,Bei Jing Shi,China,Corn/Maize,,False,2021.0,,False,Other Genetic Improvement for Crop Traits
US324126207,17078576,United States of America,2020-10-23,11591607.0,2023-02-28,Pairwise Plants Services Inc,(EN) Optimized CRISPR-Cas nucleases and base editors and methods of use thereof,,,,,23.10.2020,United States,35.9900355,-78.8898264,Durham,North Carolina,United States,Crop plants,858.0,True,2020.0,2023.0,False,Gene Editing Systems Development
US313890885,16610372,United States of America,2018-05-03,,,Kws Saat Se & Co. Kgaa,"(EN) 
The present invention relates to the use of CRISPR/CasX systems in plants for genome engineering, and compositions used in such methods.",,,,,03.05.2018,United States,51.8149087,9.884365,Einbeck,Niedersachsen,Germany,Crop plants,,False,2018.0,,False,Gene Editing Systems Development
CN370196643,202210551831,China,2022-05-20,114752578.0,2024-01-16,Shandong University,"(EN) The invention discloses a corn naringenin methyltransferase gene ZmNOMT. The cDNA (complementary deoxyribonucleic acid) nucleotide sequence of the corn naringenin methyltransferase gene ZmNOMT is shown as SEQ ID No.1; the invention also discloses an application of improving the broad-spectrum disease resistance of plants and an application of improving the naringenin content by reducing the expression of the corn naringenin methyltransferase gene ZmNOMT. Experiments prove that through inoculation identification of pathogenic fungi of a ZmNOMT transgenic overexpression positive strain, it is found that the ZmNOMT overexpression positive strain shows a susceptible phenotype to various corn diseases, and it is proved that ZmNOMT is a new susceptible gene. Two target spots are designed for the ZmNOMT by further utilizing a CRISPR/CAS9 technology, gene editing is carried out on the ZmNOMT, and it is found that the naringenin content in a ZmNOMT editing strain is remarkably improved; the ZmNOMT edited strain is subjected to pathogenic bacterium inoculation identification, and the ZmNOMT edited strain shows broad-spectrum disease resistance to various corn fungal diseases. The invention provides a new gene, a new material and a new method for disease-resistant breeding of corn, and the application prospect is wide.(ZH) 本发明公开了一种玉米柚皮素甲基转移酶基因ZmNOMT，其cDNA核苷酸序列如SEQ IDNo.1所示；还公开了通过降低玉米柚皮素甲基转移酶基因ZmNOMT的表达以提高植物广谱抗病性的应用和提高柚皮素含量的应用。实验证实，通过对ZmNOMT转基因过表达阳性株系的病原真菌接种鉴定，发现ZmNOMT过表达阳性株系对多种玉米病害表现出感病表型，证明了ZmNOMT是一个新的感病基因。进一步利用CRISPR/CAS9技术，针对ZmNOMT设计两个靶点，对ZmNOMT进行基因编辑，发现ZmNOMT编辑株系中柚皮素含量显著提高；对ZmNOMT编辑株系进行病原菌接种鉴定，发现ZmNOMT编辑株系表现出对多种玉米真菌病害产生广谱抗病性。本发明为玉米的抗病育种提供了新基因、新材料和新方法，应用前景广阔。",,,,,,,36.64893,117.029014,Ji Nan Shi,Shan Dong Sheng,China,Corn/Maize,606.0,True,2022.0,2024.0,False,Disease Resistance
CN364577081,202210210202,China,2022-03-04,114540371.0,2023-10-17,Agricultural University In China,"(EN) The invention belongs to the technical field of plant engineering, and discloses application of a lettuce LsNRL4 gene in control of lettuce leaf green depth and leaf included angle characters. The nucleotide sequence of the gene is as shown in SEQ ID NO. 1. The result of knocking out the LsNRL4 gene from the lettuce with the dark green leaf-lobular included angle through the CRISPR-Cas9 technology shows that the LsNRL4 gene with the lost function can enable the receptor lettuce to be changed into the lettuce with the light green leaf-large leaf included angle. The LsNRL4 gene is transformed into the lettuce with the light green leaf-large leaf included angle through agrobacterium tumefaciens mediation, and the result shows that the LsNRL4 can enable the receptor lettuce to be changed into the lettuce with the dark green leaf-small leaf included angle. The cloning of the LsNRL4 gene opens up a new direction for researching chloroplast development, chlorophyll synthesis and leaf included angle regulation of plants, and also provides gene resources and theoretical guidance for variety breeding of lettuce.(ZH) 本发明属于植物工程技术领域，公开了莴苣LsNRL4基因在控制莴苣叶绿色深浅和叶夹角性状中的应用。所述基因的核苷酸序列如SEQ ID NO.1所示。通过CRISPR‑Cas9技术在“深绿叶‑小叶夹角”莴苣中敲除LsNRL4基因的结果表明，丢失功能的LsNRL4基因能够使受体莴苣变为“浅绿叶‑大叶夹角”。通过农杆菌介导转化LsNRL4基因到“浅绿叶‑大叶夹角”莴苣，其结果表明，LsNRL4能够使受体莴苣变为“深绿叶‑小叶夹角”。LsNRL4基因的克隆为研究植物的叶绿体发育、叶绿素合成和叶夹角调控开辟了新的方向，同时也为莴苣的品种选育提供了基因资源和理论指导。",,,,,,,30.475126,114.353035,Wu Han Shi,Hu Bei Sheng,China,Lettuce,592.0,True,2022.0,2023.0,False,Other Genetic Improvement for Crop Traits
CN369008391,202210261018,China,2022-03-16,114703216.0,2023-04-28,Huazhong Agricultural University,"(EN) The invention belongs to the technical field of plant engineering, and discloses application of a lettuce LsWOX3L gene in control of existence of lettuce thorns, and the nucleotide sequence of the gene is shown as SEQ ID NO.1. The invention also discloses a preparation method of the lettuce LsWOX3L gene. The result of knocking out the LsWOX3L gene from the lettuce with thorny stems and veins through a CRISPR-Cas9 technology shows that the LsWOX3L gene with lost functions can change the phenotype of the receptor lettuce to be thornless. Further analysis shows that an inactivated CACTA-like transposon exists in the stingless cultivated lettuce and is inserted into the first exon of the LsWOX3L gene, so that the gene loses the original function. Cloning of the LsWOX3L gene opens up a new direction for research on development regulation of hairy bodies of plants, and meanwhile gene resources and theoretical guidance are provided for variety breeding of lettuce.(ZH) 本发明属于植物工程技术领域，公开了莴苣LsWOX3L基因在控制莴苣刺有无性状中的应用，所述基因的核苷酸序列如SEQ ID NO.1所示。通过CRISPR‑Cas9技术在茎和叶脉均多刺的莴苣中敲除LsWOX3L基因的结果表明，丢失功能的LsWOX3L基因能够使受体莴苣表型变为无刺。进一步分析表明在无刺的栽培莴苣中存在一个失活的CACTA‑like的转座子插入到LsWOX3L基因的第一个外显子上使该基因丧失原有功能。LsWOX3L基因的克隆为研究植物的毛状体的发育调控开辟了新的方向，同时也为莴苣的品种选育提供了基因资源和理论指导。",,,,,,,30.475126,114.353035,Wu Han Shi,Hu Bei Sheng,China,Lettuce,408.0,True,2022.0,2023.0,False,Other Genetic Improvement for Crop Traits
CN431146990,202410476471,China,2024-04-19,,,Shenyang Agricultural University,"(EN) The invention belongs to the technical field of plant genetic engineering and molecular breeding, and particularly discloses application of a tomato gene S1CBL11 in enhancement of drought resistance of tomatoes, the tomato gene S1CBL11 is knocked out through a CRISPR/Cas9 gene editing technology, a Cas9 sequence can be removed from offspring, the problem that exogenous genes are introduced through a transgenic technology is avoided, and normal functions of other genes in the tomatoes cannot be affected. The homozygous mutant with knockout S1CBL11 is obtained, and a series of experiments prove that compared with a wild type, the S1CBL11 gene knockout mutant obtains higher drought resistance, does not interfere with growth and development of plants, and is an ideal drought-resistant germplasm resource.(ZH) 本发明属于植物基因工程和分子育种技术领域，具体公开了番茄基因SlCBL11在增强番茄抗旱性中的应用，通过CRISPR/Cas9基因编辑技术敲除番茄基因SlCBL11，能够在后代中去除Cas9序列，避免了转基因技术引入外源基因的问题，不会影响番茄内其余基因的正常功能。本发明获得了敲除SlCBL11的纯合突变体，通过一系列实验证明：与野生型相比，SlCBL11基因敲除突变体获得了更高的抗旱性，且不干扰植株的生长发育，是一种理想的抗旱种质资源。",,,,,,,41.821328,123.57225,Shen Yang Shi,Liao Ning Sheng,China,Tomatoes,,False,2024.0,,False,Drought Adaptation
CN437966401,202410991481,China,2024-07-23,118516399.0,2024-10-15,Beijing Ciic Biological Agricultural International Research Institute,"(EN) The invention relates to the field of genetic engineering breeding, and particularly discloses a novel corn salt-tolerant gene ZmGPAT2 and application thereof in regulation and control of plant salt tolerance, the ZmGPAT2 gene has a nucleotide sequence as shown in SEQ ID NO.1, and a protein coded by the ZmGPAT2 gene has an amino acid sequence as shown in SEQ ID NO.2. According to the invention, a ZmGPAT2 gene in corn is knocked out at a fixed point by virtue of a CRISPR/Cas9 gene editing technology, and two different mutation types of ZmGPAT2 gene knockout mutants Zmgpat2-1 and Zmgpat2-2 are created; under the treatment of 125mM NaCl, the salt tolerance of the mutant is reduced compared with that of a wild type, which indicates that the ZmGPAT2 gene can positively regulate the salt tolerance of corn. The invention lays a theoretical foundation for researching the physiological and molecular mechanism of the corn responding to salt stress, and provides a new gene resource for molecular design breeding and cultivation of excellent new germplasm of the salt-tolerant corn at the same time.(ZH) 本发明涉及基因工程育种领域，具体公开了玉米耐盐新基因ZmGPAT2及其在调控植物耐盐中的应用，ZmGPAT2基因如SEQ ID NO.1所示核苷酸序列，其编码的蛋白质如SEQ ID NO.2所示氨基酸序列。本发明通过CRISPR/Cas9基因编辑技术定点敲除玉米中ZmGPAT2基因，创制了两种不同突变类型的ZmGPAT2基因敲除突变体Zmgpat2‑1和Zmgpat2‑2；在125mM NaCl处理下突变体与野生型相比耐盐能力均降低，说明ZmGPAT2基因能够正调控玉米耐盐性。本发明为研究玉米响应盐胁迫的生理及分子机制奠定理论基础，同时为分子设计育种培育具有耐盐的玉米优异新种质提供了新的基因资源。",,,,,,,39.959662,116.327333,,北京市,China,Corn/Maize,84.0,True,2024.0,2024.0,False,Other Genetic Improvement for Crop Traits
CN192773193,201610807154,China,2016-09-07,106367435.0,2019-11-08,University Of Electronic Science And Technology Of China,"(EN) The invention belongs to the technical field of plant genetic engineering and specifically relates to a method for directionally knocking out miRNA (micro Ribonucleic Acid) of paddy rice. Aiming at solving the technical problems, a method and a detection means are provided for directionally modifying miRNA sites of plants. The invention discloses a method for obtaining miRNA mutants of the paddy rice; specific operation of the method comprises: knocking out single miRNA, knocking out a plurality of miRNAs or knocking out large fragments of the miRNA by adopting a CRISPR-Cas9 (Clustered Regularly Interspaced Short Palindromic Repeats- associated 9) method. The method provided by the invention is suitable for creation and screening of directionally knocking out the miRNA of the paddy rice.(ZH) 本发明属于植物基因工程技术领域，具体涉及一种水稻miRNA定向敲除的方法。本发明要解决的技术问题是为定向修饰植物miRNA位点提供方法和检测手段。本发明公开了获得水稻micoRNA突变体中的方法，具体操作如下：采用CRISPR‑Cas9方法敲除单个miRNA、敲除多个miRNAs或敲除miRNA的大片段。本发明方法适用于水稻miRNA定向敲除突变体的创制及筛选。",,,,,,,30.6624863,104.1021662,Cheng Du Shi,,China,Rice,1157.0,True,2016.0,2019.0,False,Gene Editing Systems Development
CN336186216,202110583896,China,2021-05-27,,,Huazhong Agricultural University,"(EN) The invention relates to the technical field of plant genetic engineering, and discloses a method for accurately and efficiently editing genes suitable for upland cotton. The nucleotide sequence of a vector is shown as SEQ ID NO: 2. According to the method for accurately and efficiently editing the genes suitable for the upland cotton, a pRGEB32-GhU6.7-NPT II vector containing a cotton endogenous promoter pGhU 6-7 is transformed, a replicon element in BeYDV is taken as the vector, an sgRNA sequence is constructed in a replication ring, a vector BeYDV-Cas9 with a gene editing function in the cotton is constructed, GhCLA is selected as a target gene to verify the application of the BeYDV-Cas9 in the cotton, one target is designed, a BeYDV-Cas9 gene editing system is imported into a cotton genome by utilizing agrobacterium-mediated genetic transformation, Sanger sequencing is carried out on transgenic plants, and the editing efficiency type of the method in a heterologous tetraploid cotton genome is detected, so that the problems that a traditional CRISPR-Cas9 system is powerless when gene editing is carried out on the upland cotton and no feasible and effective editing tool exists are effectively solved.(ZH) 本发明涉及植物基因工程技术领域，且公开了一种适用于陆地棉的基因精准高效编辑的方法，所述该载体的核苷酸序列如SEQ ID NO:2所示。该适用于陆地棉的基因精准高效编辑的方法，通过对含有棉花内源启动子pGhU6‑7的pRGEB32‑GhU6.7‑NPTⅡ载体进行改造，以BeYDV双生病毒中复制子元件为载体，将sgRNA序列构建在复制环内，构建了在棉花中具有基因编辑功能的载体BeYDV‑Cas9，选取GhCLA为目标基因验证BeYDV‑Cas9在棉花中的应用，并且设计1个靶标，利用农杆菌介导的遗传转化将BeYDV‑Cas9基因编辑系统导入棉花基因组，对转基因植株进行Sanger测序，检测本发明在异源四倍体棉花基因组中的编辑效率类型，从而有效的解决了传统的CRISPR‑Cas9系统在对陆地棉进行基因编辑时无能为力，且并无可行有效编辑工具的问题。",,,,,,,30.475126,114.353035,Wu Han Shi,Hu Bei Sheng,China,Cotton,,False,2021.0,,False,Other Genetic Improvement for Crop Traits
CN426079396,202410066965,China,2024-01-17,,,Shenyang Agricultural University,"(EN) The invention belongs to the technical field of biology, and particularly discloses application of NAC29 protein in regulation and control of rice sheath blight resistance, and an amino acid sequence and a coding gene sequence of the NAC29 protein are shown as SEQ ID NO.1 and SEQ ID NO.2 respectively. Compared with the prior art, the NAC29 overexpression transgenic plant NAC29-OX is obtained through an overexpression transgenic technology. And meanwhile, the coding gene of the NAC29 protein in the receptor rice is edited through CRISPR/Cas9 gene editing, so that NAC29 mutant transgenic plants nac29-11 and nac29-15 are obtained. Through sheath blight resistance identification, compared with wild type rice, NAC29-OX is more resistant to diseases, and NAC29 mutants nac29-11 and nac29-15 are more susceptible to diseases. The application proves that the NAC29 protein is related to the resistance of the rice to the sheath blight disease, overexpression of the NAC29 enhances the resistance of the rice to the sheath blight disease, the NAC29 protein can be used for creating new germplasm resistant to the rice sheath blight disease, and it is proved that the application has important significance on creation of germplasm resources resistant to the rice sheath blight disease and effective prevention and control of the sheath blight disease.(ZH) 本发明属于生物技术领域，具体公开了NAC29蛋白在调控水稻抗纹枯病中的应用，NAC29蛋白的氨基酸序列及其编码基因序列分别如SEQ ID NO.1和SEQ ID NO.2所示。与现有技术相比，本发明通过过表达转基因技术获得NAC29过表达转基因植株NAC29‑OX。同时通过CRISPR/Cas9基因编辑对受体水稻中的NAC29蛋白质的编码基因进行编辑，获得NAC29突变体转基因植株nac29‑11和nac29‑15。通过纹枯病抗性鉴定发现，与野生型水稻对照相比，NAC29‑OX更抗病，NAC29突变体nac29‑11和nac29‑15更感病。证实NAC29蛋白与水稻对纹枯病的抗性相关，NAC29过表达增强水稻对纹枯病的抗性，可用于创制水稻纹枯病抗性新种质，证实了本发明所述应用对水稻抗纹枯病种质资源创制和纹枯病的有效防控具有重要意义。",,,,,,,41.821328,123.57225,Shen Yang Shi,Liao Ning Sheng,China,Rice,,False,2024.0,,False,Disease Resistance
AU314749214,2019297209,Australia,2019-07-03,,,"Guangdong Sanjie Forage Biotechnology Co., Ltd",(EN) Method of obtaining multi-leaf alfalfa material by means of MsPALM1 artificial site-directed mutant,201810724563.3 04.07.2018 CN,"CN108949774

WO/2020/007332

CA3105397

EP3816292

US20210269816

US20210171973",,,03.07.2019,Australia,23.190879,113.549766,Guang Zhou Shi,Guang Dong Sheng,China,Alfalfa,,False,2019.0,,True,Other Genetic Improvement for Crop Traits
CN312690071,202010512914,China,2020-06-08,,,Hangzhou Normal University,(EN) Plant modification(ZH) 植物改造,,,,,,,30.289532,120.009886,Hang Zhou Shi,Zhe Jiang Sheng,China,Crop plants,,False,2020.0,,False,Gene Editing Systems Development
US231206597,15764217,United States of America,2016-09-28,,,"Institute Of Genetics And Developmental Biology, Chinese Academy Of Sciences","(EN) 
Cassettes comprising a YAO promoter operably linked to at least one nucleotide sequence encoding a nuclease, vectors comprising the same are provided. A system for altering a plant genome comprising a nucleotide sequence encoding a nuclease operably linked to a YAO promoter and a method to alter the target nucleic acid molecule by using the system are provided. Plants, progeny and seeds thereof having such altered target nucleic acid molecules are also provided.",,201510631450.5 29.09.2015 CN,,,28.09.2016,United States,38.115509,114.533286,Shi Jia Zhuang Shi,He Bei Sheng,China,Crop plants,,False,2016.0,,True,Gene Editing Systems Development
CN442609860,202411035507,China,2024-07-31,,,Zhejiang Academy Of Agricultural Sciences,(EN) Kit and method for detecting transgenic crops based on multiple RPA (recombinase polymerase amplification) and double CRISPR (clustered regularly interspaced short palindromic repeats) detection methods(ZH) 一种基于多重RPA和双CRISPR检测方法对转基因作物进行检测的试剂盒及方法,,,,,,,30.305626,120.195509,Hang Zhou Shi,Zhe Jiang Sheng,China,Crop plants,,False,2024.0,,False,Other Purpose
US319904287,16955937,United States of America,2018-12-21,,,Kws Saat Se & Co. Kgaa,"(EN) 
The present invention relates to the targeted regulation of gene expression and more specifically to synthetic transcription factors (STFs) comprising at least one highly target specific engineered recognition domain based on a CRISPR/Cpf1 system and further comprising at least one activation or silencing domain to modulate the expression of a gene of interest, preferably to modulate the transcription of a morphogenic gene of a eukaryote, in particular a plant. Further disclosed are methods using the STFs to enhance transformation frequencies, to optimize successful genome editing approaches, to provide haploid or double haploid organisms, and/or to provide compositions suitable for general transformation, but also for breeding purposes.",,,,,21.12.2018,United States,51.8149087,9.884365,Einbeck,Niedersachsen,Germany,Crop plants,,False,2018.0,,False,Other Genetic Improvement for Crop Traits
AU296614945,2018390965,Australia,2018-12-21,,,Kws Saat Se & Co. Kgaa,(EN) Cpf1 based transcription regulation systems in plants,"62/609,508 22.12.2017 US62/758,068 09.11.2018 US","CA3086619

WO/2019/122394

EP3728605

BR112020012327

CN112204147

US20210071189",,,21.12.2018,Australia,51.8149087,9.884365,Einbeck,Niedersachsen,Germany,Crop plants,,False,2018.0,,True,Gene Editing Systems Development
CN430590440,202410282927,China,2024-03-13,,,Tianjin University Of Science & Technology,(EN) Method for detecting transgenic crops based on CRISPR/Cas12b system and application thereof(ZH) 一种基于CRISPR/Cas12b系统检测转基因作物的方法及其应用,,,,,,,39.083961,117.708631,,Tian Jin Shi,China,Crop plants,,False,2024.0,,False,Other Purpose
US452612464,18558619,United States of America,2022-12-29,,,Northwest A&F University,"(EN) 
A method for improving wheat resistance to Fusarium head blight (FHB) by genome editing is provided, and further provided is use of TaCIPK14 protein or related biomaterial thereto in the regulation of plant resistance to FHB; the TaCIPK14 protein is TaCIPK14-4A protein (SEQ ID NO: 4), TaCIPK14-4B protein (SEQ ID NO: 5), and/or TaCIPK14-4D protein (SEQ ID NO: 6). TaCIPK14 knockout mutant plants are successfully obtained by simultaneously editing three alleles of TaCIPK14 in wheat using CRISPR-Cas9 gene editing technology. The TaCIPK14 knockout mutant shows resistance to inoculation with FHB pathogens, and the results of evaluation of major agronomic traits confirm that the TaCIPK14 knockout mutant reserves the major agronomic traits.",,202210674184.4 15.06.2022 CN,,,29.12.2022,United States,34.262298,108.073742,Xian Yang Shi,Shan Xi Sheng,China,Wheat,,False,2022.0,,True,Disease Resistance
CN341236369,202110775204,China,2021-07-08,,,"Institute Of Crop Science, Chinese Academy Of Agricultural Sciences","(EN) The invention discloses a method for improving the crop yield by regulating and controlling a wheat ARE1 gene through a CRISPR/Cas9 technology. The invention provides a method for preparing gene-edited wheat, and the method comprises the step of mutating a receptor wheat genome ARE1 gene to reduce the activity and/or abundance of ARE1 protein to obtain the gene-edited wheat, wherein the transgenic wheat has at least one of the following characteristics: (1) compared with that of the receptor wheat, the yield of the gene-edited wheat is increased; (2) compared with that of the receptor wheat, the aging of the gene edited wheat is delayed; and (3) compared with that of the receptor wheat, the nitrogen utilization rate of the gene edited wheat is improved. According to the embodiment of the invention, a CRISPR/Cas9 technology is utilized, a wheat nitrogen utilization efficiency related gene ARE1 gene is subjected to site-directed editing, and the wheat ARE1 gene is knocked out by causing frameshift mutation, so that a new generation of new wheat germplasm with the obviously improved yield is obtained.(ZH) 本发明公开了通过CRISPR/Cas9技术调控小麦ARE1基因提高作物产量的方法。本发明提供了一种制备基因编辑小麦的方法，包括使受体小麦基因组ARE1基因发生突变导致ARE1蛋白活性和/或丰度降低，获得所述基因编辑小麦，所述转基因小麦具有下述至少一种特性的：(1)与所述受体小麦相比，所述基因编辑小麦的产量提高；(2)与所述受体小麦相比，所述基因编辑小麦的衰老延缓；(3)与所述受体小麦相比，所述基因编辑小麦的氮素利用率提高。本发明实施例利用CRISPR/Cas9技术，定点编辑小麦氮素利用效率相关基因ARE1基因，通过造成移码突变，敲除了小麦ARE1基因，获得了产量明显提高的新一代小麦新种质。",,,,,,,39.9628214,116.3269465,,Bei Jing Shi,China,Wheat,,False,2021.0,,False,Yield Improvement
CN422799248,202311436002,China,2023-10-31,,,"Cangzhou Bohai New Area Yatai Biotechnology Co., Ltd.","(EN) The invention discloses a crop variety genotyping method and device compatible with multiple fluorescence signal platforms, and belongs to the technical field of bioinformatics analysis. Comprising the steps that an sgRNA sequence is designed, a CRISPR-Cas9 system is introduced to form a compound, according to the designed sgRNA sequence and the introduced CRISPR-Cas9 system, an appropriate sgRNA sequence can be designed according to a specific site of a target gene of a crop, and the appropriate sgRNA sequence is designed; sgRNA and Cas9 protein act together to form a compound, the compound is introduced into a target crop cell, a DNA fragment with a fluorescence label is designed and synthesized, and the DNA fragment is introduced into the target crop cell; the genotyping of the crop variety can be conveniently and accurately observed, and analysis is facilitated.(ZH) 本申请公开了一种兼容多荧光信号平台的农作物品种基因型分型方法及装置，属于生物信息学分析技术领域。包括设计sgRNA序列和引入CRISPR‑Cas9系统形成复合物，所述设计sgRNA序列和引入CRISPR‑Cas9系统可根据农作物目标基因的特定位点，设计合适的sgRNA序列，通过设计合适的sgRNA序列；sgRNA与Cas9蛋白共同作用，形成复合物导入到目标农作物细胞中，设计并合成带有荧光标记的DNA片段，并将其导入到目标农作物细胞中；便于准确观测农作物品种基因分型，便于进行分析。",,,,,,,38.33879,117.51983,Cangzhou,Hebei,China,Crop plants,,False,2023.0,,False,Gene Editing Systems Development
CN442642296,202411144945,China,2024-08-20,,,Jilin University吉林大学Jilin Academy Of Agricultural Sciences (Northeast Innovation Center Of China Agricultural Science And Technology)吉林省农业科学院（中国农业科技东北创新中心）,(EN) CRISPR/dCas9 protein combined Raman coding transgenic corn detection method(ZH) CRISPR/dCas9蛋白结合拉曼编码的转基因玉米检测方法,2024110960222 12.08.2024 CN,,,,,,43.957271,126.478751,Jilin City,Jilin,China,Corn/Maize,,False,2024.0,,False,Other Purpose
CN213851939,201711089533,China,2017-11-08,,,"Institute Of Crop Science, Chinese Academy Of Agricultural Sciences",(EN) CRISPR-mediated rapid and effective crop site-specific gene fragment or allele replacement method and system(ZH) 一种CRISPR介导快速有效的农作物定点基因片段或等位基因替换方法和体系,,,,,,,39.9628214,116.3269465,,Bei Jing Shi,China,Crop plants,,False,2017.0,,False,Gene Editing Systems Development
KR395700816,1020220123547,Republic of Korea,2022-09-28,,,서울대학교산학협력단Seoul National University R&Db Foundation,"(EN) METHOD FOR PRODUCING BRASSICA CROPS WITH DELAYED POD DEHISCENCE USING GENE EDITING, AND BRASSICA CROPS PRODUCED BY PRODUCTION METHOD(KO) 유전자 교정을 이용한 꼬투리 열개가 지연된 배추과 작물의 제조방법 및 상기 제조방법에 의해 제조된 배추과 작물",1020210130482 01.10.2021 KR,,,,28.09.2022,South Korea,37.4648267,126.9571988,,Seoul,South Korea,Cabbage,,False,2022.0,,False,Other Genetic Improvement for Crop Traits
CN317064580,202011007682,China,2020-09-23,112226493.0,2022-07-26,Zhejiang University,(EN) Method for visual semi-quantitative detection of NOS terminator of transgenic crop by CRISPR/Cas12a system(ZH) CRISPR/Cas12a体系可视化半定量检测转基因作物NOS终止子的方法,,,,,,,30.3086844,120.0864995,Hang Zhou Shi,Zhe Jiang Sheng,China,Crop plants,671.0,True,2020.0,2022.0,False,Other Genetic Improvement for Crop Traits
CN431391281,202410132792,China,2024-01-30,,,Henan University,(EN) Application of beet armyworm UGT33F24 gene as target in pest control(ZH) 甜菜夜蛾UGT33F24基因作为靶点在防治害虫中的应用,,,,,,,34.808921,114.369752,Kai Feng Shi,He Nan Sheng,China,"Corn, Wheat",,False,2024.0,,False,Other Genetic Improvement for Crop Traits
CN341344215,202111031355,China,2021-09-03,,,"Wuhan Yikang Gene Technology Co., Ltd.",(EN) CRISPR-Cas9 gene editing tool and editing method thereof(ZH) 一种CRISPR-Cas9基因编辑工具及其编辑方法,,,,,,,30.46455,114.121395,Wu Han Shi,Hu Bei Sheng,China,Wheat,,False,2021.0,,False,Gene Editing Systems Development
CN340516547,202110816684,China,2021-07-20,113549646.0,2023-06-13,"Institute Of Crop Science, Chinese Academy Of Agricultural Sciences","(EN) Pisum sativum CRISPR/Cas9 gene editing vector, pisum sativum CRISPR/Cas9 gene editing system and pisum sativum CRISPR/Cas9 gene editing method(ZH) 一种豌豆CRISPR/Cas9基因编辑载体、基因编辑系统及基因编辑方法",,,,,,,39.9628214,116.3269465,,Bei Jing Shi,China,Peas,693.0,True,2021.0,2023.0,False,Gene Editing Systems Development
CN313671942,202010984937,China,2020-09-17,,,"Institute Of Economic Crop, Hubei Academy Of Agricultural Science",(EN) Establishment method and application of CRISPR/Cas9 gene editing system(ZH) 一种CRISPR/Cas9基因编辑体系的建立方法及其应用,,,,,,,30.482055,114.327143,Wu Han Shi,Hu Bei Sheng,China,Mulberry,,False,2020.0,,False,Gene Editing Systems Development
CN323582956,202011581248,China,2020-12-28,112708633.0,2022-07-12,"Institute Of Crop Science, Chinese Academy Of Agricultural Sciences",(EN) CRISPR-Cas9 gene editing system containing corn seed fluorescence reporter group and application of CRISPR-Cas9 gene editing system(ZH) 含有玉米种子荧光报告基团的CRISPR-Cas9基因编辑系统及应用,,,,,,,39.9628214,116.3269465,,Bei Jing Shi,China,Corn/Maize,561.0,True,2020.0,2022.0,False,Gene Editing Systems Development
CN427808614,202311734911,China,2023-12-15,,,Huazhong Agricultural University,(EN) Application of brassica napus BnaREM1.3 gene and encoding protein thereof in regulation and control of drought resistance of crops(ZH) 油菜BnaREM1.3基因及其编码蛋白在调控作物抗旱性中的应用,,,,,,,30.475126,114.353035,Wu Han Shi,Hu Bei Sheng,China,Crop plants,,False,2023.0,,False,Drought Adaptation
CN305440777,202010439225,China,2020-05-22,111575319.0,2022-04-08,Guangdong Academy Of Agricultural Sciences-Agricultural Biological Gene Research Center,(EN) Efficient clustered regularly interspaced short palindromic repeats ribonucleoprotein (CRISPR RNP) and donor DNA co-location mediated gene insertion or replacement method and application thereof(ZH) 一种高效的CRISPR RNP和供体DNA共位介导的基因插入或替换方法及其应用,,,,,,,23.145448,113.353943,Guang Zhou Shi,Guang Dong Sheng,China,Crop plants,686.0,True,2020.0,2022.0,False,Gene Editing Systems Development
CN396204737,202211429022,China,2022-11-15,,,Zhejiang University Hangzhou International Science And Technology Innovation Center,(EN) Gene sequence detection method(ZH) 一种基因序列检测方法,,,,,,,30.2049443,120.2573322,Hang Zhou Shi,Zhe Jiang Sheng,China,Crop plants,,False,2022.0,,False,Other Genetic Improvement for Crop Traits
CN361401421,202210079554.X,China,2022-01-24,114438122.0,2023-11-24,Agricultural University In China,(EN) Application of rape cinnamyl-CoA reductase gene BnaCCR-LIKE in regulation and control of oil content of crops(ZH) 油菜类肉桂酰-CoA还原酶基因BnaCCR-LIKE在调控作物含油量中的应用,,,,,24.01.2022,China,30.475126,114.353035,Wu Han Shi,Hu Bei Sheng,China,Canola,669.0,True,2022.0,2023.0,False,Yield Improvement
CN343798396,202110997209.X,China,2021-08-27,113684314.0,2022-10-28,"Institute Of Crop Science, Chinese Academy Of Agricultural Sciences",(EN) Kit for detecting RBSDV based on CRISPR-Cas system and detection method(ZH) 一种基于CRISPR-Cas系统检测RBSDV病毒的试剂盒及检测方法,,,,,27.08.2021,China,39.9628214,116.3269465,,Bei Jing Shi,China,Rice,427.0,True,2021.0,2022.0,False,Disease Resistance
CN213623384,201710923662.X,China,2017-09-30,,,Xinjiang University新疆大学Jing Siqun,"(EN) The invention discloses the construction and the application of a clone and expression vector of cyperus esculentus pepc gene. The pepc gene with the total length of 3399 bp is obtained through designed specific primer and RACE PCR amplification, and then a pepc oligo DNA sequence is firstly designed and synthesized; secondly, an sgRNA carrier with a guiding effect is constructed; an finally, a segment containing a promotor area, the pepc oligo DNA sequence and the sgRNA is cut through double digests to be connected with pP1C.1 containing Cas protein, so that the CRISPR/Cas9 carrier of the pepc gene is constructed successfully; after the carrier is dip-dyed for tobacco leaves, the oil content of tobacco is increased by 33.4%, a foundation is laid for obtaining and cultivating transgenic plants with relatively high oil content for subsequent pepc gene carrier conversion oil-production plants, and the carrier plays an important role in cultivation and production popularization of new products.(ZH) 本发明公开油莎草pepc基因的克隆及表达载体的构建和应用，通过对设计特异引物、RACE PCR扩增获得全长为3399bp的pepc基因，进而首先设计合成pepc oligo DNA序列，其次构建出具有导向作用的sgRNA载体，最后通过双酶切将包含有启动子区域、pepc oligo DNA序列及sgRNA的片段切开，与含有Cas蛋白的pP1C.1进行连接，成功构建pepc基因的CRISPR/Cas9载体，此载体在对烟草叶片进行浸染后，使烟草含油率提高33.4%，为后续pepc基因载体转化产油植物，获得、培育含油率较高的转基因植株奠定了基础，对于新品种培育、生产推广具有重要作用。",,,,,30.09.2017,China,43.7650239,87.6163306,Wu Lu Mu Qi Shi,Xin Jiang Wei Wu Er Zi Zhi Qu,China,Tobacco,,False,2017.0,,False,Yield Improvement
CN254000321,201910383611,China,2019-05-09,110257418.0,2020-04-10,Hunan Hybrid Rice Research Center,"(EN) Method for fixing rice heterosis
(ZH) 一种固定水稻杂种优势的方法",,,,,,,28.197709,113.083429,Chang Sha Shi,Hu Nan Sheng,China,Rice,337.0,True,2019.0,2020.0,False,Yield Improvement
EP449225675,23721018,European Patent Office,2023-04-03,,,Univ Ramot,"(EN) The present invention relates to compositions and methods for overcoming functional redundancy in plants, particularly to methods for knocking-out and identifying multiple genes underlying a certain phenotype, utilizing multi-targeted genome-scale Clustered Regularly Interspaced Short Palindromic Repeats (CRISPR) applications.(FR) La présente invention concerne des compositions et des procédés permettant de surmonter la superfluité fonctionnelle chez les plantes, plus particulièrement des procédés permettant d'éliminer et d'identifier de multiples gènes sous-jacents à un certain phénotype, à l'aide d'applications CRISPR multiciblées à l'échelle du génome.",202263329506 11.04.2022 US,"WO/2023/199308

IL316134",,,03.04.2023,European Patent Office,32.1110389,34.8050076,Tel Aviv-Yafo,Tel Aviv District,Israel,Crop plants,,False,2023.0,,True,Gene Editing Systems Development
CN193005842,102016000615347,China,2016-08-01,,,"Yunnan Nabo Biological Technology Co., Ltd.","(EN) The invention discloses an artificial fixed-point rice dense and erect panicle (DEP1) gene mutant body and application thereof. The rice DEP1 gene mutant body as well as a corresponding allele is obtained by modifying a 5th exon of a DEP1 gene by adopting a CRISPR/Cas9 gene targeting modification technology, so that a base of the 5th exon is replaced, lost and inserted. The artificial fixed-point rice DEP1 gene mutant body and the application thereof disclosed by the invention have the benefits that the artificial mutation is performed on the 5th exon of the rice DEP1 gene by adopting the CRISPR/Cas9, and the mutant body capable of obviously improving the rice yield and the allele are screened; the DEP1 gene mutant body disclosed by the invention as well as the corresponding allele can improve the yield of rice plants by 13-51 percent and is even superior to a natural mutation type.(ZH) 本发明公开了一种水稻直立密穗DEP1基因人工定点突变体及其应用。所述水稻直立密穗DEP1基因突变体及相应的等位基因采用CRISPR/Cas9基因靶向修饰技术对DEP1基因的第5外显子修饰，使得第5外显子的碱基发生替换、缺失和插入而得到。本发明采用CRISPR/Cas9对直立密穗DEP1基因的第5显子进行人工突变，并筛选出能够显著提高水稻产量的突变体及等位基因；本发明提供的DEP1基因突变体及相应的等位基因能够将水稻单株产量提高13％～51％，甚至优于自然界的突变类型。",,,,,01.08.2016,China,24.323458,102.524986,Yu Xi Shi,Yun Nan Sheng,China,Rice,,False,2016.0,,False,Yield Improvement
CN282892495,201911186091,China,2019-11-28,110714010.0,2022-11-04,"Yuan Longping High-Tech Agriculture Co., Ltd.袁隆平农业高科技股份有限公司Hunan Yahua Academy Of Seed Sciences湖南亚华种业科学研究院Hunan Longping Hi-Tech Seed Science And Technology Institute Co., Ltd.",(EN) Method for reducing rice amylose content through gene editing and special sgRNA(ZH) 一种通过基因编辑降低水稻直链淀粉含量的方法及其专用sgRNA,,,,,,,28.21084,113.00779,Chang Sha Shi,Hu Nan Sheng,China,Rice,1072.0,True,2019.0,2022.0,False,Other Genetic Improvement for Crop Traits
CN439115535,202410724455,China,2024-06-05,,,"China Tobacco Yunnan Industrial Co., Ltd.","(EN) The invention discloses an application of a tobacco early blossoming gene NtELF3 in regulating and controlling the content of scopolamine, total sugar and reducing sugar in tobacco leaves. The nucleotide sequence of the NtELF3 gene is as shown in SEQ ID NO. 1. According to the invention, a CRISPR/Cas9 editing vector for knocking out the NtELF3 gene is constructed through a CRISPR/Cas9 mediated gene editing technology, and a tobacco plant with the NtELF3 gene knocked out is obtained after editing material creation and molecular detection and identification. Compared with a control tobacco plant, the editing tobacco plant with the NtELF3 gene knocked out has the advantage that the content of hyoscyamine, total sugar and reducing sugar in tobacco leaves in the mature period is remarkably increased. Theoretical basis is provided for further clarification of tobacco polyphenol metabolism and sugar metabolism regulation mechanisms, and a new genetic material is provided for cultivation of tobacco varieties with significantly changed polyphenol content and/or sugar content.(ZH) 本发明公开了一种烟草早花基因NtELF3在调控烟叶莨菪苷、总糖和还原糖含量中的应用。NtELF3基因的核苷酸序列如SEQ ID NO.1所示。本发明通过CRISPR/Cas9介导的基因编辑技术，构建了用于敲除NtELF3基因的CRISPR/Cas9编辑载体，经编辑素材创制和分子检测鉴定后获得了NtELF3基因敲除的烟草植株。本发明获得的NtELF3基因敲除的编辑烟草植株，相比于对照烟草植株，成熟期烟叶中莨菪苷、总糖和还原糖含量显著提高。这为进一步阐明烟草多酚代谢和糖代谢调控机理提供了理论依据，为培育多酚含量和/或糖含量显著改变的烟草品种提供了新的遗传材料。",,,,,,,26.5895249,106.7159627,Gui Yang Shi,Gui Zhou Sheng,China,Tobacco,,False,2024.0,,False,Other Genetic Improvement for Crop Traits
CN234767909,201810724590,China,2018-07-04,108866093.0,2021-07-09,"Guangdong Sanjie Herbage Biotechnology Co., Ltd.",(EN) Method for site-specific mutagenesis of medicago sativa gene by employing CRISPR/Cas9 system(ZH) 一种利用CRISPR/Cas9系统对紫花苜蓿基因定点突变的方法,,"WO/2020/007331

AU2019299296

EP3848464

US20210292777

CA3105396

US20210147844",,,,,24.96934,114.0375,Shaoguan,Guangdong Province,China,Alfalfa,1101.0,True,2018.0,2021.0,True,Gene Editing Systems Development
CN349230546,202111375331,China,2021-11-19,113943740.0,2024-02-09,Yunnan Academy Of Tobacco Agriculture Science,(EN) NtCHA1 gene capable of regulating and controlling potassium content of tobacco leaves and application of NtCHA1 gene(ZH) 一种可调控烟叶钾含量的NtCHA1基因及其应用,,,,,,,24.328809,102.5306212,Yu Xi Shi,Yun Nan Sheng,China,Tobacco,812.0,True,2021.0,2024.0,False,Other Genetic Improvement for Crop Traits
CN397876024,202211108488,China,2022-09-13,,,Nanjing Agricultural University,"(EN) The invention discloses a method for preparing improved rice by mutating an OsHOX3 gene through a CRISPR/Cas9 system, and belongs to the technical field of plant genetic engineering. According to the invention, a target sequence is designed according to the OsHOX3 gene, a first exon of the OsHOX3 gene is subjected to artificial mutation by adopting CRISPR/Cas9, and a function deletion mutant is screened out. The plant ear number and the ear grain number of the OsHOX3 mutant are increased, the ear structure is optimized, the primary branch number is increased, the secondary branch number is reduced, meanwhile, the grains become slender, and chalkiness is reduced, which indicates that the OsHOX3 participates in improving the rice yield and the rice appearance quality. The OsHOX3 gene can be used as an important resource for genetic improvement breeding of rice germplasm resources, and is beneficial to improvement of rice yield and appearance quality.(ZH) 本发明公开了一种利用CRISPR/Cas9系统突变OsHOX3基因制备改良水稻的方法，属于植物基因工程技术领域。本发明根据OsHOX3基因设计靶标序列，采用CRISPR/Cas9对OsHOX3基因的第一外显子进行人工突变，并筛选出功能缺失突变体。OsHOX3突变体植株穗数和穗粒数增加，穗结构得到优化，一次枝梗数增加而二次枝梗数减少，同时籽粒变得细长和垩白降低，表明OsHOX3参与改善水稻产量和稻米外观品质。OsHOX3基因可作为水稻种质资源的遗传改良育种的重要资源，有助于水稻产量和外观品质的提升。",,,,,,,32.033399,118.842587,Nan Jing Shi,Jiang Su Sheng,China,Rice,,False,2022.0,,False,Yield Improvement
CN398214758,202211431638,China,2022-11-15,,,"China Tobacco Yunnan Industrial Co., Ltd.","(EN) The invention discloses a tobacco auxin response transcription factor ARF2 related gene and application thereof, the tobacco auxin response transcription factor ARF2 related gene comprises two genes derived from tobacco, the two genes are named as NtARF2-1 and NtARF2-2, and the nucleotide sequences of the two genes are shown as SEQ ID NO.1 and SEQ ID NO.2. The tobacco auxin response transcription factor ARF2 related gene has the advantages that the tobacco auxin response transcription factor ARF2 related gene can be applied to the tobacco auxin response transcription factor ARF2 related gene; according to the invention, a CRISPR/Cas9 (Clustered Regularly Interspaced Short Palindromic Repeats/CRISPR/Cas9)-mediated gene editing technology is adopted to construct a CRISPR/Cas9 editing vector for knocking out two NtARF2 genes, and after genetic transformation, a double-process arf2-1/arf2-2 mutant editing plant is obtained. The root development and growth of the double-process arf2-1/arf2-2 gene edited plant are obviously lower than those of a control plant by culturing under an MS condition and culturing under a normal condition, and a genetic material and a theoretical basis are provided for researching the root development and growth and development gene functions of the tobacco.(ZH) 本发明公开了一种烟草生长素响应转录因子ARF2相关的基因及其应用，烟草生长素响应转录因子ARF2相关的基因为两个来源于烟草的基因，命名为NtARF2‑1和NtARF2‑2，核苷酸序列如SEQ ID NO.1和SEQ IDNO.2所示。本发明通过CRISPR/Cas9介导的基因编辑技术，构建了用于敲除2个NtARF2基因的CRISPR/Cas9编辑载体，经遗传转化后获得了双突arf2‑1/arf2‑2突变体编辑植株。通过在MS条件下培养与正常条件下栽培，发现双突arf2‑1/arf2‑2基因编辑植株的根系发育与生长均明显低于对照植株，为研究烟草根系发育及生长发育基因功能提供遗传材料和理论依据。",,,,,,,26.5895249,106.7159627,Gui Yang Shi,Gui Zhou Sheng,China,Tobacco,,False,2022.0,,False,Other Genetic Improvement for Crop Traits
CN408078064,202310601655,China,2023-05-25,,,Nanjing Forestry University,"(EN) The invention discloses a liriodendron tulipifera LtPDS gene as well as a knockout system and application thereof, and belongs to the technical field of plant molecular genetics. The nucleotide sequence of the liriodendron tulipifera LtPDS gene is as shown in SEQ ID NO.1. The liriodendron tulipifera LtPDS gene is obtained through cloning by taking a liriodendron tulipifera seedling as a material, the liriodendron tulipifera LtPDS gene is precisely edited by utilizing AtU3d, AtU3b and AtU6-1 promoters in arabidopsis thaliana, a gene knockout vector CRISPR/Cas9-LtPDS gRNA of the liriodendron tulipifera LtPDS gene is constructed, the gene knockout vector CRISPR/Cas9-LtPDS gRNA is transferred into a liriodendron tulipifera embryonic callus, and the liriodendron tulipifera LtPDS gene a transgenic plant is obtained. The result shows that the leaves of the seedlings of the gene editing plant are pure white, and the LtPDS gene in the plant is successfully knocked out.(ZH) 本发明公开了一种北美鹅掌楸LtPDS基因及其敲除系统和应用，属于植物分子遗传学技术领域。本发明的北美鹅掌楸LtPDS基因的核苷酸序列如SEQ ID NO.1所示，本发明以北美鹅掌楸幼苗为材料，通过克隆得到北美鹅掌楸LtPDS基因，利用拟南芥中AtU3d、AtU3b和AtU6‑1启动子，对北美鹅掌楸中LtPDS基因进行精准编辑，构建其基因敲除载体CRISPR/Cas9‑LtPDS gRNA，转入鹅掌楸胚性愈伤组织中，得到转基因植株。结果表明基因编辑植株幼苗的叶片洁白，表示其体内LtPDS基因已被成功敲除。",,,,,,,32.080904,118.812736,Nan Jing Shi,,China,Other plants,,False,2023.0,,False,Other Genetic Improvement for Crop Traits
CN250445290,201910375501,China,2019-05-07,,,Huazhong Agricultural University,"(EN) The invention provides a group of sgRNAs specifically shearing a rice xal3 gene promoter by using a CRISPR/Cas9 system and an application thereof, which belong to the technical field of plant geneticengineering. The sgRNA of the present invention comprises g1 RNA and g2 RNA; a nucleotide sequence of the g1 RNA is shown as SEQ ID NO. 1; a nucleotide sequence of the g2RNA is shown as SEQ ID NO. 2.A recombinant expression vector constructed by the sgRNA combination provided is used for transfection of a rice plant, a 149nt promoter region of the xal3 gene can be specifically deleted, so that the xal3 gene in rice loses the ability to be induced and expressed by Xanthomonas oryzae, and the transgenic rice lacking the promoter fragment exhibits resistance to Xanthomonas oryzae. In addition, the method provided by the present invention does not affect other traits of transgenic rice, and the transgenic rice has good fertility.(ZH) 本发明提供了一组利用CRISPR/Cas9系统特异性剪切水稻xal3基因启动子的sgRNA及其应用，属于植物基因工程技术领域。本发明所述sgRNA包括g1RNA和g2RNA；所述g1RNA的核苷酸序列如SEQ ID NO.1所示；所述g2RNA的核苷酸序列如SEQ ID NO.2所示。利用本发明提供的sgRNA组合构建得到的重组表达载体转染水稻植株，能特异性地将xal3基因的启动子区域149nt进行缺失，从而使水稻体内xal3基因失去被白叶枯病菌诱导表达的能力，使缺失该启动子片段的转基因水稻对白叶枯病菌表现出抗性。另外，本发明提供的方法不影响转基因水稻的其他性状，转基因水稻育性良好。",,,,,,,30.475126,114.353035,Wu Han Shi,Hu Bei Sheng,China,Rice,,False,2019.0,,False,Disease Resistance
CN306880563,202010522524,China,2020-06-10,,,Beijing Academy Of Agriculture And Forestry Sciences,"(EN) The invention discloses a creation method of a non-transgenic mutant strain of Chinese cabbage. The method for creating the non-transgenic mutant strain of the Chinese cabbage is realized by combininga CRISPR/ Cas9 technology with a Chinese cabbage in-situ transformation technology, and specifically comprises the following step: introducing a CRIPSR/ Cas9 gene editing vector carrying an sgRNA coding sequence of a target gene in a targeted Chinese cabbage genome into a receptor Chinese cabbage by a vacuum infiltration in-situ transformation method. According to the method, two PDS allele knockout seeds are obtained from 2032 seeds, and the non-transgenic editing mutant strain is obtained by the in-situ transformation technology independent of tissue culture for the first time. The editingefficiency is greatly improved compared with the in-situ transgenic efficiency reported before, and a good research idea is provided for transgenic safety and label-free gene editing.(ZH) 本发明公开了一种菜薹非转基因突变株的创制方法。本发明所提供的创制白菜非转基因突变株的方法，是通过将CRISPR/Cas9技术与白菜原位转化技术相结合实现的，具体包括如下步骤：将携带有靶向白菜基因组中目标基因的sgRNA编码序列的CRIPSR/Cas9基因编辑载体通过真空渗入原位转化的方法导入受体白菜。本发明在2032粒种子中获得了两粒PDS等位基因敲除，率先通过不依赖于组织培养的原位转化技术获得非转基因编辑突变株。编辑效率较之前报道的原位转基因效率大大提高，也为转基因安全和无标记基因编辑提供了一个很好的研究思路。",,,,,,,39.9438284,116.2870162,,Bei Jing Shi,China,Cabbage,,False,2020.0,,False,Gene Editing Systems Development
CN403530347,202310322418,China,2023-03-29,116445486.0,2023-12-05,"Lanzhou Veterinary Research Institute, Chinese Academy Of Agriculture Sciences",(EN) Construction of KLHL34 knockout cell line and application of KLHL34 knockout cell line as small RNA viridae virus production cell line(ZH) KLHL34敲除细胞系的构建及作为小RNA病毒科病毒生产细胞系的应用,,,,,,,36.082643,103.853777,Lan Zhou Shi,Gan Su Sheng,China,Crop plants,251.0,True,2023.0,2023.0,False,Other Purpose
AR416012797,P220102344,Argentina,2022-08-30,,,Pairwise Plants Services Inc,"(ES) La invención está relacionada con composiciones y métodos para modificar genes de Peptidasa de Unión a Ubiquitina (DA1) en plantas, opcionalmente para mejorar rasgos de rendimiento. La invención además está relacionada con plantas con rasgos de rendimiento mejorados aumentados producidas con el uso de los métodos y las composiciones de la invención. Reivindicación 1: Una planta o una parte de esa planta que comprende al menos una mutación en un gen endógeno de Peptidasa de Unión a Ubiquitina (DA1) que codifica un polipéptido de peptidasa de unión a ubiquitina (DA1). Reivindicación 35: Una célula vegetal que comprende al menos una mutación dentro de un gen endógeno de Peptidasa de Unión a Ubiquitina (DA1), donde la al menos una mutación es una sustitución, inserción o deleción que se introduce usando un sistema de edición que comprende un dominio de unión a ácido nucleico que se une a un sitio diana en el gen endógeno DA1. Reivindicación 69: Un método para producir una planta, que comprende: a) contactar una población de células vegetales que comprende un gen endógeno de Peptidasa de Unión a Ubiquitina (DA1) con una nucleasa enlazada con un dominio de unión a ácido nucleico (por ejemplo, sistema de edición) que se une a una secuencia i) que tiene al menos 80% de identidad de secuencia con una secuencia de nucleótidos de cualquiera de SEQ ID Nº 69, 70, 109, o 110, ii) que comprende una región que tiene al menos 90% de identidad con cualquiera de SEQ ID Nº 72 - 101 o 112 - 139; iii) que codifica una secuencia de aminoácidos que tiene al menos 80% de identidad de secuencia con SEQ ID Nº 71 o SEQ ID Nº 111, y/o iv) que codifica una región que tiene al menos 90% de identidad de secuencia con cualquiera de SEQ ID Nº 102 - 108 o 140 - 146, y/o; b) seleccionar una célula vegetal de la población de células vegetales en las cuales se ha mutado un gen endógeno DA1, con lo cual se produce una célula vegetal que comprende una mutación en el gen endógeno DA1; y c) desarrollar la célula vegetal seleccionada en una planta. Reivindicación 90: Un ácido nucleico guía que se une a un sitio diana en un gen de Peptidasa de Unión a Ubiquitina (DA1), donde el sitio diana está en una región del gen DA1 que tiene al menos 90% de identidad de secuencia con cualquiera de SEQ ID Nº 72 - 101 o 112 - 139, opcionalmente una región del gen DA1 que tiene al menos 90% de identidad de secuencia con cualquiera de SEQ ID Nº 74 - 76, 78 - 80, 82 - 85, 89 - 96, 99 - 101, 114 - 116, 119, 120, 123 - 126, 128 - 131, 133 - 135, 138, o 139, opcionalmente al menos 90% de identidad de secuencia con cualquiera de SEQ ID Nº 82 - 85, 99 - 101, 123 - 126, 138, o 139. Reivindicación 91: El ácido nucleico guía de la reivindicación 90, donde el ácido nucleico guía comprende un espaciador que comprende una secuencia de nucleótidos de cualquiera de SEQ ID Nº 147 - 153. Reivindicación 93: El sistema de la reivindicación 92 [sic] que además comprende un ácido nucleico tracr que se asocia con el ácido nucleico guía y una proteína efectora CRISPR-Cas, opcionalmente donde el ácido nucleico tracr y el ácido nucleico guía están covalentemente enlazados. Reivindicación 94: Un sistema de edición génica que comprende una proteína efectora CRISPR-Cas en asociación con un ácido nucleico guía, donde el ácido nucleico guía comprende una secuencia espaciadora que se une a un gen endógeno de Peptidasa de Unión a Ubiquitina (DA1). Reivindicación 95: El sistema de edición génica de la reivindicación 94, donde el gen DA1: a) comprende una secuencia que tiene al menos 80% de identidad de secuencia con una secuencia de nucleótidos de cualquiera de SEQ ID Nº 69, 70, 109 o 110; b) comprende una región que tiene al menos 90% de identidad con cualquiera de SEQ ID Nº 72 - 101 o SEQ ID Nº 112 - 139; c) codifica una secuencia de aminoácidos que tiene al menos 80% de identidad de secuencia con SEQ ID Nº 71 o SEQ ID Nº 111; y/o d) codifica una secuencia de aminoácidos que comprende una región que tiene al menos 90% de identidad con cualquiera de SEQ ID Nº 102 - 108 o 140 - 146. Reivindicación 96: El sistema de edición génica de la reivindicación 94 o la reivindicación 95, donde el ácido nucleico guía comprende una secuencia espaciadora que comprende una secuencia de nucleótidos de cualquiera de SEQ ID Nº 147 - 153. Reivindicación 97: El sistema de edición génica de cualquiera de las reivindicaciones 94 - 96, que además comprende un ácido nucleico tracr que se asocia con el ácido nucleico guía y una proteína efectora CRISPR-Cas, opcionalmente donde el ácido nucleico tracr y el ácido nucleico guía están covalentemente enlazados. Reivindicación 98: Un complejo que comprende un ácido nucleico guía y una proteína efectora CRISPR-Cas que comprende un dominio de escisión, donde el ácido nucleico guía se une a un sitio diana en un gen endógeno de Peptidasa de Unión a Ubiquitina (DA1), donde el gen endógeno DA1: a) comprende una secuencia que tiene al menos 80% de identidad de secuencia con una secuencia de nucleótidos de cualquiera de SEQ ID Nº 69, 70, 109 o 110; b) comprende una región que tiene al menos 90% de identidad con cualquiera de SEQ ID Nº 72 - 101 o 112 - 139; c) codifica una secuencia de aminoácidos que tiene al menos 80% de identidad de secuencia con SEQ ID Nº 71 o SEQ ID Nº 111; y/o d) codifica una secuencia de aminoácidos que comprende una región que tiene al menos 90% de identidad con cualquiera de SEQ ID Nº 102 - 108 o 140 - 146, y el dominio de escisión escinde una hebra diana en el gen DA1.",,"WO/2023/034731

CA3230167

EP4395531

CN118265446

MX2024002276

IN202447021651This application is not viewable in PATENTSCOPE because the national phase entry has not been published yet or the national entry is issued from a country that does not share data with WIPO or there is a formatting issue or an unavailability of the application.",,,30.08.2022,Argentina,35.9900355,-78.8898264,Durham,North Carolina,United States,Crop plants,,False,2022.0,,True,Yield Improvement
CN253592423,201910652718,China,2019-07-19,110229848.0,2021-02-02,South China Agricultural University,(EN) Rice cell genome fragrance gene directed editing method(ZH) 一种水稻性细胞基因组香味基因定向编辑方法,,,,,,,23.1568182,113.3536811,Guang Zhou Shi,Guang Dong Sheng,China,Rice,564.0,True,2019.0,2021.0,False,Other Genetic Improvement for Crop Traits
EP445581477,23713549,European Patent Office,2023-02-28,,,Pairwise Plants Services Inc,(DE) MANIPULIERTE CRISPR-CAS-EFFEKTORPROTEINE UND VERFAHREN ZUR VERWENDUNG DAVON(EN) ENGINEERED CRISPR-CAS EFFECTOR PROTEINS AND METHODS OF USE THEREOF(FR) PROTÉINES EFFECTRICES CRISPR-CAS MODIFIÉES ET LEURS PROCÉDÉS D'UTILISATION,202263314598 28.02.2022 US,,,,28.02.2023,European Patent Office,35.9900355,-78.8898264,Durham,North Carolina,United States,Crop plants,,False,2023.0,,False,Gene Editing Systems Development
CN370196641,202210551812,China,2022-05-20,114752611.0,2024-03-22,Shandong University,(EN) Plant nicotinic acid methyltransferase gene NANMT and application thereof in plant broad-spectrum disease resistance(ZH) 植物烟酸甲基转移酶基因NANMT及其在植物广谱抗病性中的应用,,,,,,,36.64893,117.029014,Ji Nan Shi,Shan Dong Sheng,China,Corn/Maize,672.0,True,2022.0,2024.0,False,Disease Resistance
CN398584930,202211265905,China,2022-10-17,,,Shanxi University,(EN) Target site editing sequence of targeted plant prolamin K2G gene and application of target site editing sequence(ZH) 一种靶向植物醇溶蛋白K2G基因的靶位点编辑序列及其应用,,,,,,,37.8097105,112.5700854,Tai Yuan Shi,Shan Xi Sheng,China,Sorghum,,False,2022.0,,False,Other Genetic Improvement for Crop Traits
EP293252363,18813973,European Patent Office,2018-06-07,,,Vilmorin & Cie,(DE) ZUSAMMENSETZUNGEN UND VERFAHREN ZUR GENOMEDITIERUNG(EN) COMPOSITIONS AND METHODS FOR GENOME EDITING(FR) COMPOSITIONS ET PROCÉDÉS POUR L'ÉDITION GÉNOMIQUE,201762517360 09.06.2017 US,,,,07.06.2018,European Patent Office,48.85802018,2.345366826,,,,Tobacco,,False,2018.0,,False,Gene Editing Systems Development
CN351921915,202111362595,China,2021-11-17,114045304.0,2023-06-30,"Institute Of Plant Protection, Chinese Academy Of Agricultural Sciences","(EN) Vector for editing nicotiana benthamiana gene based on CRISPR/Cas9 system, and construction method and application thereof(ZH) 基于CRISPR/Cas9体系编辑本氏烟基因的载体及构建方法和应用",,,,,,,39.9628214,116.3269465,,Bei Jing Shi,China,Tobacco,590.0,True,2021.0,2023.0,False,Disease Resistance
CN318120308,202011260361,China,2020-11-12,112322633.0,2022-06-24,South China Agricultural University,(EN) Oryza sativa root-knot nematode resistance gene OsBetvI and application thereof(ZH) 一种水稻根结线虫抗性基因OsBetvI及其应用,,,,,,,23.1568182,113.3536811,Guang Zhou Shi,Guang Dong Sheng,China,Rice,589.0,True,2020.0,2022.0,False,Disease Resistance
CN370197089,202210579116,China,2022-05-26,114752710.0,2022-12-06,"Institute Of Urban Agriculture, Chinese Academy Of Agricultural Sciences","(EN) CrRNA, kit and method for rapidly and visually detecting SADS-CoV(ZH) 快速可视化检测SADS-CoV的crRNA、试剂盒及方法",,,,,,,39.961188,116.328189,,北京市,China,Corn/Maize,194.0,True,2022.0,2022.0,False,Other Purpose
CN367900544,202210276737,China,2022-03-21,,,"South China Agriculture University华南农业大学Guangdong Yongshun Biopharmaceutical Co., Ltd.",(EN) Microrhin J25 recombinant integrated engineering bacterium as well as construction method and application thereof(ZH) 一种微菌素J25重组整合工程菌及其构建方法与应用,,,,,,,23.315939,113.472379,Guang Zhou Shi,,China,Crop plants,,False,2022.0,,False,Other Genetic Improvement for Crop Traits
CN424218995,202311507317,China,2023-11-13,,,Beijing Academy Of Agriculture And Forestry Sciences,(EN) Method for creating white fruit thorn cucumber germplasm through site-directed mutagenesis(ZH) 一种定点突变创制白色果刺黄瓜种质的方法,,,,,,,39.9438284,116.2870162,,Bei Jing Shi,China,Cucumber,,False,2023.0,,False,Other Genetic Improvement for Crop Traits
CN440702213,202410980061,China,2024-07-22,,,Fujian Agriculture And Forestry University,(EN) New rice susceptible gene OsBSG1 capable of efficiently utilizing resources(ZH) 一个资源高效利用的水稻感病新基因OsBSG1,,,,,,,26.084946,119.239701,Fu Zhou Shi,Fu Jian Sheng,China,Rice,,False,2024.0,,False,Disease Resistance
CN407816720,202310649506,China,2023-06-02,,,Institute Of Tobacco Research Of Caas (Qingzhou Tobacco Research Institute Of China National Tobacco Company)中国农业科学院烟草研究所（中国烟草总公司青州烟草研究所）,(EN) Method for blocking metabolic pathway of endogenous cembrane trienediol compound in tobacco(ZH) 一种阻断烟草内源西柏烷三烯二醇化合物代谢途径的方法,,,,,,,36.722894,118.509845,Wei Fang Shi,Shan Dong Sheng,China,Tobacco,,False,2023.0,,False,Other Genetic Improvement for Crop Traits
CN364575799,202210192351,China,2022-02-28,114540369.0,2023-07-14,Henan Agricultural University,(EN) Application of OsBEE1 gene in increasing rice yield(ZH) OsBEE1基因在提高水稻产量中的应用,,,,,,,34.7854718,113.6632032,Zheng Zhou Shi,He Nan Sheng,China,Rice,501.0,True,2022.0,2023.0,False,Yield Improvement
CN416048625,202311019879,China,2023-08-14,,,"China Tobacco Yunnan Industrial Co., Ltd.","(EN) Application of tobacco biotin synthase gene NtBIO3-BIO1 in regulation and control of tobacco waist leaf length, waist leaf width and polyphenol content(ZH) 一种烟草生物素合成酶基因NtBIO3-BIO1在调控烟草腰叶长、腰叶宽及多酚含量中的应用",,,,,,,26.5895249,106.7159627,Gui Yang Shi,Gui Zhou Sheng,China,Tobacco,,False,2023.0,,False,Other Genetic Improvement for Crop Traits
CN397879501,202211267908.X,China,2022-10-17,116042646.0,2024-11-22,Huizhou University,(EN) Application of AtLecRK-VI.1 gene and encoded protein thereof in regulation and control of plant root length(ZH) AtLecRK-VI.1基因及其编码蛋白在调控植物根长中的应用,,,,,17.10.2022,China,23.0449384,114.4185744,Hui Zhou Shi,Guang Dong Sheng,China,Crop plants,767.0,True,2022.0,2024.0,False,Yield Improvement
CN225133305,201810442597,China,2018-05-10,,,Shanghai Jiao Tong University,(EN) Method used for modifying paddy rice OsTFIIAgamma1 gene and culturing wide spectrum bacterial leaf blight resistant paddy rice(ZH) 一种修饰水稻OsTFIIAγ1基因培育广谱抗白叶枯病水稻的方法,,,,,,,31.0252201,121.4337784,,Shang Hai Shi,China,Rice,,False,2018.0,,False,Disease Resistance
US360588276,17520246,United States of America,2021-11-05,,,Pairwise Plants Services Inc,"(EN) 
This invention relates to recombinant nucleic constructs comprising CRISPR-Cas effector proteins, reverse transcriptases and extended guide nucleic acids and methods of use thereof for modifying nucleic acids in plants.",,,,,05.11.2021,United States,35.9900355,-78.8898264,Durham,North Carolina,United States,Crop plants,,False,2021.0,,False,Gene Editing Systems Development
GB211848660,201613156,United Kingdom,2016-07-29,,,Elsoms Dev Ltd,(EN) Wheat,201613156 29.07.2016 GB,"CA3030889

EP3490365

CN109788738

WO/2018/022410

GB2568181

US20190284566",,,29.07.2016,United Kingdom,52.7977066,-0.1498968,,England,United Kingdom,Wheat,,False,2016.0,,True,Yield Improvement
CN328991743,201911291240,China,2019-12-16,112980891.0,2023-12-12,Cas Center For Excellence In Molecular Plant Sciences,(EN) CRISPR-Cas-based Escherichia coli genome editing tool(ZH) 一种基于CRISPR-Cas的大肠杆菌基因组编辑工具,,,,,,,31.1622842,121.4068946,,Shang Hai Shi,China,Other plants,1457.0,True,2019.0,2023.0,False,Gene Editing Systems Development
AR444955530,P230102596,Argentina,2023-09-29,,,Agriculture Victoria Services Pty Ltd.,(ES) MÉTODOS DE MANIPULACIÓN DE PLANTAS,2022902820 29.09.2022 AU,"AU2022902820

WO/2024/065009",,,29.09.2023,Argentina,-37.7239234,145.0533,Bundoora,Victoria,Australia,Safflower,,False,2023.0,,True,Other Genetic Improvement for Crop Traits
CN399169725,202111383529,China,2021-11-22,,,Cas Center For Excellence In Molecular Plant Sciences,(EN) Bacteria in-vivo targeting protein acylation modification method(ZH) 一种细菌体内靶向蛋白酰基化修饰方法,,,,,,,31.1622842,121.4068946,,Shang Hai Shi,China,Crop plants,,False,2021.0,,False,Gene Editing Systems Development
CN314084706,201910534976.X,China,2019-06-20,,,Cas Center For Excellence In Molecular Plant Sciences,(EN) Marker gene of CRISPR/Cas9 gene editing system applied to hermetia illucens(ZH) 一种应用于黑水虻的CRISPR/Cas9基因编辑系统的标记基因,,,,,20.06.2019,China,31.1622842,121.4068946,,Shang Hai Shi,China,Other plants,,False,2019.0,,False,Gene Editing Systems Development
CN431385807,202410300135,China,2024-03-15,,,Xinyang Normal University,(EN) CRISPR/Cas9-based leaf mustard BjRCO gene editing material(ZH) 一种基于CRISPR/Cas9的叶用芥菜BjRCO基因编辑材料,,,,,,,32.129897,114.039497,Xin Yang Shi,,China,Cabbage,,False,2024.0,,False,Other Genetic Improvement for Crop Traits
CN439118527,202410872486,China,2024-07-01,,,"Zhejiang Meizhiao Seed Co., Ltd.","(EN) Expression vector, application of broccoli gene in improvement of broccoli purple and improvement method(ZH) 一种表达载体、青花菜基因在改良青花菜发紫中的应用及改良方法",,,,,,,28.6814996,121.3348535,Tai Zhou Shi,Zhe Jiang Sheng,China,Broccoli,,False,2024.0,,False,Other Genetic Improvement for Crop Traits
US306969677,16765553,United States of America,2018-11-21,11667917.0,2023-06-06,Genkore Co. Ltd.,(EN) Composition for genome editing using CRISPR/CPF1 system and use thereof,10-2017-0155927 21.11.2017 KR,"KR1020190058358

AU2018370588

EP3715461

WO/2019/103442

CN111836894",,,21.11.2018,United States,36.3778218,127.3584364,,Daejeon,South Korea,Crop plants,1658.0,True,2018.0,2023.0,True,Gene Editing Systems Development
AU297188130,2018370588,Australia,2018-11-21,,,Genkore Co. Ltd.,(EN) Composition for Genome Editing Using Crispr/CPF1 System and Use Thereof,10-2017-0155927 21.11.2017 KR,"KR1020190058358

US20200308583

EP3715461

WO/2019/103442

CN111836894",,,21.11.2018,Australia,36.3778218,127.3584364,,Daejeon,South Korea,Crop plants,,False,2018.0,,True,Gene Editing Systems Development
AU397751753,2021374974,Australia,2021-11-05,,,Pairwise Plants Services Inc,(EN) COMPOSITIONS AND METHODS FOR RNA-ENCODED DNA-REPLACEMENT OF ALLELES,"63/110,386 06.11.2020 US","WO/2022/098993

CA3200521

BRUS2021058235

KR1020230106633

EP4240844

CN116745418

JP2023549339

NZ798968

IL302526

MX2023005150

CL2023001284

IN202347036333This application is not viewable in PATENTSCOPE because the national phase entry has not been published yet or the national entry is issued from a country that does not share data with WIPO or there is a formatting issue or an unavailability of the application.

SG11202302818VThis application is not viewable in PATENTSCOPE because the national phase entry has not been published yet or the national entry is issued from a country that does not share data with WIPO or there is a formatting issue or an unavailability of the application.",,,05.11.2021,Australia,35.9900355,-78.8898264,Durham,North Carolina,United States,Crop plants,,False,2021.0,,True,Gene Editing Systems Development
CN339912584,202110278014.X,China,2021-03-15,113512549.0,2022-06-03,South China Agricultural University,(EN) Method for advancing rice growth period and increasing yield by using mutant OsHsfC2a gene(ZH) 一种提前水稻生育期及提高产量的方法,,,,,15.03.2021,China,23.1568182,113.3536811,Guang Zhou Shi,Guang Dong Sheng,China,Rice,445.0,True,2021.0,2022.0,False,Yield Improvement
CN437342414,202410917432,China,2024-07-10,118460562.0,2024-11-08,"National Nanfan Research Institute, Sanya Chinese Academy Of Agricultural Sciences",(EN) Application of arabidopsis thaliana COP1 gene in regulation and control of root hair development(ZH) 拟南芥COP1基因在调控根毛发育中的应用,,,,,,,18.2910908,109.4995686,San Ya Shi,Hai Nan Sheng,China,Other plants,121.0,True,2024.0,2024.0,False,Yield Improvement
KR379164457,1020210056809,Republic of Korea,2021-04-30,,,"주식회사 엘지화학Lg Chem, Ltd.",(EN) HERBICIDE-RESISTANT PLANT AND METHOD FOR PRODUCING SAME(KO) 제초제 저항성 식물 및 이의 제조 방법,,유미특허법인,,,30.04.2021,South Korea,37.5281284,126.92985,,Seoul,South Korea,Soybeans,,False,2021.0,,True,Pesticide Resistance
CN350449498,202111075161,China,2021-09-14,113980964.0,2023-10-10,Jiangsu University,(EN) Brassica napus BnHBBD gene site-specific mutagenesis method and application(ZH) 一种甘蓝型油菜BnHBBD基因定点突变的方法及应用,"WO/2023/040623

CA3211382","WO/2023/040623

CA3211382",,,,,32.19932,119.514279,Zhen Jiang Shi,,China,Canola,756.0,True,2021.0,2023.0,True,Disease Resistance
CN428333581,202410100274,China,2024-01-24,,,Guangzhou University,(EN) Application of editing site of soybean SWEET homologous gene as target spot in regulation and control of hypocotyl length of soybean(ZH) 大豆SWEET同源基因的编辑位点作为靶点在调控大豆的下胚轴长度中的应用,,,,,,,23.2759012,113.6721525,Guangzhou,Guangdong Province,China,Soybeans,,False,2024.0,,False,Yield Improvement
CL450036414,2024002567,Chile,2024-08-28,,,Pairwise Plants Services Inc,(ES) PROTEÍNAS EFECTORAS CRISPR-CAS GENÉTICAMENTE MODIFICADAS Y MÉTODOS DE USO DE LAS MISMAS,"63/314,598 28.02.2022 US",,,,28.08.2024,Chile,35.9900355,-78.8898264,Durham,North Carolina,United States,Crop plants,,False,2024.0,,False,Gene Editing Systems Development
AU201229392,2016239037,Australia,2016-03-14,,,"Institute Of Genetics And Developmental Biology, Chinese Academy Of Sciences",(EN) Method of applying non-genetic substance to perform site-directed reform of plant genome,201510114017.4 16.03.2015 CN,,,,14.03.2016,Australia,38.115509,114.533286,Shi Jia Zhuang Shi,He Bei Sheng,China,Crop plants,,False,2016.0,,False,Gene Editing Systems Development
JP391872221,2022186467,Japan,2022-11-22,,,Institute Of Genetics & Developmental Biology Chinese Academy Of Sciences中国科学院遺▲伝▼与▲発▼,(EN) METHOD FOR APPLYING NON-GENETIC MATERIAL TO PERFORM SITE-SPECIFIC MODIFICATION OF PLANT GENOME(JA) 植物ゲノムの部位特異的改変の実施に非遺伝物質を適用する方法,201510114017.4 16.03.2015 CN,,,,22.11.2022,Japan,40.0051991,116.3813791,,Beijing,China,Crop plants,,False,2022.0,,False,Gene Editing Systems Development
US414435729,18245282,United States of America,2021-09-14,,,"Institute Of Genetics And Developmental Biology, Chinese Academy Of Sciences",(EN) PROTEIN REGULATING NITROGEN-USE EFFICIENCY AND YIELD OF PLANT AND USE THEREOF,202010965332.9 15.09.2020 CN,,,,14.09.2021,United States,38.115509,114.533286,Shi Jia Zhuang Shi,He Bei Sheng,China,Rice,,False,2021.0,,False,Yield Improvement
CN236154302,201711302426,China,2017-12-11,109112150.0,2021-02-23,Huazhong Agricultural University,(EN) Applications of OsLUT2 gene in rice photoprotection(ZH) OsLUT2基因在水稻光保护中的应用,,,,,,,30.475126,114.353035,Wu Han Shi,Hu Bei Sheng,China,Rice,1170.0,True,2017.0,2021.0,False,Other Genetic Improvement for Crop Traits
CN313345362,202010792574,China,2020-08-09,,,Huazhong Agricultural University,(EN) Method for creating fruit green-shoulder-free tomato material and application of green-shoulder-free tomato material(ZH) 创制果实无绿色青肩番茄材料的方法及其应用,,,,,,,30.475126,114.353035,Wu Han Shi,Hu Bei Sheng,China,Tomatoes,,False,2020.0,,False,Other Genetic Improvement for Crop Traits
CN325374786,202110283860,China,2021-03-17,112813076.0,2022-09-09,Huazhong Agricultural University,(EN) sgRNA composition for knocking out anemone vitifolia Buch GhTSTs gene and application of sgRNA composition to creation of anemone vitifolia Buch non-short-fiber mutant(ZH) 敲除棉花GhTSTs基因的sgRNA组合物及其在创制棉花无短绒突变体中的应用,,,,,,,30.475126,114.353035,Wu Han Shi,Hu Bei Sheng,China,Cotton,541.0,True,2021.0,2022.0,False,Other Genetic Improvement for Crop Traits
CN322137600,202011530126,China,2020-12-22,,,Huazhong Agricultural University,(EN) The invention also discloses application of OsAO2 gene in controlling drought resistance of rice(ZH) OsAO2基因在控制水稻抗旱性中的应用,,,,,,,30.475126,114.353035,Wu Han Shi,Hu Bei Sheng,China,Rice,,False,2020.0,,False,Drought Adaptation
CN342337550,202110847091,China,2021-07-27,113604487.0,2022-11-11,Shenyang Agricultural University,(EN) Application of tomato inositol galactoside synthetase gene SlGolS2 in regulation and control of fruit coloring and ripening(ZH) 一种番茄肌醇半乳糖苷合成酶基因SlGolS2在调控果实着色与成熟中的应用,,,,,,,41.821328,123.57225,Shen Yang Shi,Liao Ning Sheng,China,Tomatoes,472.0,True,2021.0,2022.0,False,Yield Improvement
CN401498794,202310055268,China,2023-02-04,,,Huazhong Agricultural University,(EN) Application of rice gene OsNAL12 in regulation and control of rice grain shape and improvement of thousand grain weight(ZH) 水稻基因OsNAL12在调控水稻粒形和提高千粒重中的应用,,,,,,,30.475126,114.353035,Wu Han Shi,Hu Bei Sheng,China,Rice,,False,2023.0,,False,Yield Improvement
CN405758650,202310798261,China,2023-07-03,116555301.0,2023-09-22,China Agricultural University,(EN) SlMETS1 gene and application thereof in regulation and control of tomato growth and development(ZH) 一种SlMETS1基因及其在调控番茄生长发育中的应用,,,,,,,40.004202,116.352988,,Bei Jing Shi,China,Tomatoes,81.0,True,2023.0,2023.0,False,Yield Improvement
CN312389439,202010876337,China,2020-08-27,111961679.0,2023-11-10,Micolta Bioresource Inc.,(EN) Nucleotide sequence and application of macleaya cordata phytoene desaturase gene(ZH) 博落回八氢番茄红素脱氢酶基因的核苷酸序列及应用,,,,,,,28.227649,113.406306,Changsha,Hunan,China,Other plants,1170.0,True,2020.0,2023.0,False,Other Genetic Improvement for Crop Traits
CN413692917,202311160993,China,2023-09-11,,,Yang Caixia,(EN) Function identification and application of garlic AsFMO1 gene(ZH) 一种大蒜AsFMO1基因的功能鉴定与应用,,,,,,,40.7458918,-73.9869224,New York,New York,United States,Garlic,,False,2023.0,,False,Other Genetic Improvement for Crop Traits
CN413697852,202310810474,China,2023-07-03,,,"Henan Agricultural University河南农业大学Henan Qidu Agricultural Technology Co., Ltd.",(EN) Application of knockout tomato SlZF3 gene in improvement of tomato yield(ZH) 敲除番茄SlZF3基因在提高番茄产量中的应用,,,,,,,34.7854718,113.6632032,Zheng Zhou Shi,He Nan Sheng,China,Tomatoes,,False,2023.0,,False,Yield Improvement
CN334788501,202010083920,China,2020-02-10,113249400.0,2024-12-06,Cas Center For Excellence In Molecular Plant Sciences,(EN) Method for rapid multi-copy integration of target gene in bacterial chromosome(ZH) 一种在细菌染色体中快速多拷贝整合目的基因的方法,,,,,,,31.1622842,121.4068946,,Shang Hai Shi,China,Crop plants,1761.0,True,2020.0,2024.0,False,Gene Editing Systems Development
CN430079182,202410285789,China,2024-03-13,118048391.0,2025-02-07,Zhejiang University,(EN) Application of genes NAT1 and bHLH110 in improving high-temperature resistance of rice(ZH) 基因NAT1和bHLH110在提高水稻高温抗性中应用,,,,,,,30.3086844,120.0864995,Hang Zhou Shi,Zhe Jiang Sheng,China,Rice,331.0,True,2024.0,2025.0,False,Heat Tolerance
CN440612936,202410628146,China,2024-05-21,,,"Southwest University西南大学Guangxi Tianyang Jiadele Agricultural Development Co., Ltd.","(EN) Application of CMT3 gene knockout tomato rootstock in improvement of tomato biomass, drought resistance and TYLCV resistance(ZH) CMT3基因敲除的番茄砧木在提高番茄生物量、抗旱性和TYLCV抗性中的应用",,,,,,,22.79123,108.16601,Nanning,Guangxi,China,Tomatoes,,False,2024.0,,False,Drought Adaptation
AU378724233,2022100158,Australia,2022-11-04,,,Basf Plant Science Company Gmbh,(EN) Improved methods for modification of target nucleic acids,16167773.7 29.04.2016 EP16167774.5 29.04.2016 EP17156018.8 14.02.2017 EP,,,,04.11.2022,Australia,40.7773301,-74.4269912,Florham Park,New Jersey,United States,Crop plants,,False,2022.0,,False,Gene Editing Systems Development
CL250858856,2018003074,Chile,2018-10-29,,,Basf Plant Science Company Gmbh,"(ES) Métodos para la modificación de una molécula de ácido nucleico diana en una célula, molécula de fusión recombinante, vector que la comprende, y su uso para la modificación de un polinucleótido diana en células.",16167773.7 29.04.2016 EP16167774.5 29.04.2016 EP17156018.8 14.02.2017 EP,,,,29.10.2018,Chile,40.7773301,-74.4269912,Florham Park,New Jersey,United States,Crop plants,,False,2018.0,,False,Gene Editing Systems Development
US231859068,15524672,United States of America,2015-11-09,11680268.0,2023-06-20,"Editas Medicine, Inc.",(EN) Methods for improving CRISPR/Cas-mediated genome-editing,"AU2015342749

EP3215617

WO/2016/073990

EP4464338

CA2963820

AU2022202645

US20230365980",,,,09.11.2015,United States,42.36844881,-71.07831519,,,,Crop plants,2780.0,True,2015.0,2023.0,False,Gene Editing Systems Development
US414436101,18138988,United States of America,2023-04-25,,,"Editas Medicine, Inc.",(EN) METHODS FOR IMPROVING CRISPR/CAS-MEDIATED GENOME-EDITING,"AU2015342749

EP3215617

US20180298392

WO/2016/073990

EP4464338

CA2963820

AU2022202645",,,,25.04.2023,United States,42.36844881,-71.07831519,,,,Crop plants,,False,2023.0,,False,Gene Editing Systems Development
AU198163511,2015342749,Australia,2015-11-09,,,"Editas Medicine, Inc.",(EN) Methods for improving CRISPR/Cas-mediated genome-editing,"62/077,084 07.11.2014 US62/232,683 25.09.2015 US",,,,09.11.2015,Australia,42.36844881,-71.07831519,,,,Crop plants,,False,2015.0,,False,Gene Editing Systems Development
AU360627791,2022202645,Australia,2022-04-21,,,"Editas Medicine,Inc.",(EN) Methods for improving crispr/cas-mediated genome-editing,"62/077,084 07.11.2014 US62/232,683 25.09.2015 US",,,,21.04.2022,Australia,42.36844881,-71.07831519,,,,Crop plants,,False,2022.0,,False,Gene Editing Systems Development
US375618627,17618926,United States of America,2020-07-17,,,"Pioneer Hi-Bred International, Inc.",(EN) DONOR DESIGN STRATEGY FOR CRISPR-CAS9 GENOME EDITING,"WO/2021/016098

CA3143016

CN114072498

BR112022001230

EP4004198

IN202217001543",,,,17.07.2020,United States,40.1631226,-76.6461019,Elizabethtown,Pennsylvania,United States,Crop plants,,False,2020.0,,False,Gene Editing Systems Development
US428686324,18487025,United States of America,2023-10-13,,,Keygene N.V.,(EN) MOBILE ENDONUCLEASES FOR HERITABLE MUTATIONS,21168638.1 15.04.2021 EP,,,,13.10.2023,United States,51.9763484,5.6461028,Wageningen,Gelderland,Netherlands,Crop plants,,False,2023.0,,False,Gene Editing Systems Development
US327114343,16981549,United States of America,2019-04-17,,,Jiangsu Academy Of Agricultural Sciences,(EN) USE OF ALS MUTANT PROTEIN AND THE GENE THEREOF IN PLANT BREEDING BASED ON GENE EDITING TECHNOLOGY,201811038025.5 06.09.2018 CN,,,,17.04.2019,United States,32.035361,118.869025,Nanjing,Jiangsu,China,Rice,,False,2019.0,,False,Pesticide Resistance
CN431386229,202410423107,China,2024-04-09,,,Yellow River Conservancy Technical Institute,"(EN) Application of inhibition of expression of ZmP5L1, ZmP5L2 and ZmP5L3 genes in regulation of heat resistance of corn(ZH) 抑制体内ZmP5L1、ZmP5L2和ZmP5L3基因表达在调节玉米耐热性中的应用",,,,,,,34.827097,114.318631,Kai Feng Shi,He Nan Sheng,China,Corn/Maize,,False,2024.0,,False,Heat Tolerance
US356967674,17427570,United States of America,2020-01-21,11692200.0,2023-07-04,,(EN) Method for improving rice yield and/or rice blast resistance and protein used thereof,201910107261.6 02.02.2019 CN201910107277.7 02.02.2019 CN,,,,21.01.2020,United States,,,,,,Rice,1260.0,True,2020.0,2023.0,False,Yield Improvement
US339381771,17229530,United States of America,2021-04-13,,,Zhejiang Normal University,(EN) A GENE OSCKX11 FOR CONTROLLING RICE GRAIN NUMBER AND USE THEREOF,202010296514.1 15.04.2020 CN,,,,13.04.2021,United States,29.079175,119.64742,Jin Hua Shi,Zhe Jiang Sheng,China,Rice,,False,2021.0,,False,Yield Improvement
CN394136642,202211028651,China,2022-08-25,,,Henan Agricultural University,(EN) Application of ESD4 gene in plant salt stress resistance regulation and control(ZH) ESD4基因在植物盐胁迫抗性调控中的应用,,,,,,,34.7854718,113.6632032,Zheng Zhou Shi,He Nan Sheng,China,Crop plants,,False,2022.0,,False,Other Genetic Improvement for Crop Traits
NZ316825294,751586,New Zealand,2014-03-14,,,Cibus Us Llccibus Europe B.V.,(EN) Methods and Compositions for Increasing Efficiency of Increased Efficiency of Targeted Gene Modification Using Oligonucleotide-Mediated Gene Repair,"61/801,320 15.03.2013 US","JP2016516408

BRUS2014029621

RS63188

PL2966984

PT2966984

LT2966984

ES2912400

DK2966984

NZ751592

WO/2014/144987

CA2905135

BR112015022848

VN47385

MYPI 2015703120

AU2014233465

US20160304892

EA201591447

CN105338805

EP2966984

KR1020150132202

NZ711146

IL241145

CL2015002650

IN2855/MUMNP/2015

AU2020220059

US20230141977",,,14.03.2014,New Zealand,32.8868488,-117.1823458,San Diego,California,United States,Crop plants,,False,2014.0,,True,Gene Editing Systems Development
NZ316825299,751592,New Zealand,2014-03-14,,,Cibus Us Llccibus Europe B.V.,(EN) Methods and Compositions for Increasing Efficiency of Increased Efficiency of Targeted Gene Modification using Oligonucleotide-Mediated Gene Repair,"61/801,320 15.03.2013 US","JP2016516408

BRUS2014029621

RS63188

PL2966984

PT2966984

LT2966984

ES2912400

DK2966984

NZ751586

WO/2014/144987

CA2905135

BR112015022848

VN47385

MYPI 2015703120

AU2014233465

US20160304892

EA201591447

CN105338805

EP2966984

KR1020150132202

NZ711146

IL241145

CL2015002650

IN2855/MUMNP/2015

AU2020220059

US20230141977",,,14.03.2014,New Zealand,32.8868488,-117.1823458,San Diego,California,United States,Crop plants,,False,2014.0,,True,Gene Editing Systems Development
RU425456481,2022123793,Russian Federation,2022-09-07,,,"Федеральное Государственное Бюджетное Научное Учреждение ""Всероссийский Научно-Исследовательский Институт Сельскохозяйственной Биотехнологии"" (Фгбну Вниисб) (Ru)",(EN) METHOD OF OBTAINING POTATO PLANT WITH BIALLELIC MUTATIONS IN EDR1 GENE ENCODING REGION USING CRISPR/Cas9 PLANT GENOME EDITING METHOD(RU) СПОСОБ ПОЛУЧЕНИЯ РАСТЕНИЯ КАРТОФЕЛЯ С БИАЛЛЕЛЬНЫМИ МУТАЦИЯМИ В КОДИРУЮЩЕЙ ОБЛАСТИ ГЕНА EDR1 ПРИ ПОМОЩИ ТЕХНОЛОГИИ РЕДАКТИРОВАНИЯ ГЕНОМА РАСТЕНИЙ CRISPR/CAS9,,12.08.2024,,,07.09.2022,Russia,55.8271038,37.5574356,Moskva,Moskva,Russia,Potatoes,,False,2022.0,,True,Other Genetic Improvement for Crop Traits
CN426585142,202311744435,China,2023-12-18,,,Yuxi Normal University,(EN) Application of rice protein kinase OsSAPK5 in improving salt resistance of rice(ZH) 水稻蛋白激酶OsSAPK5在提高水稻抗盐能力中的应用,,,,,,,24.33943,102.558353,Yu Xi Shi,Yun Nan Sheng,China,Rice,,False,2023.0,,False,Other Genetic Improvement for Crop Traits
RU425456485,2022123799,Russian Federation,2022-09-07,,,"Федеральное Государственное Бюджетное Научное Учреждение ""Всероссийский Научно-Исследовательский Институт Сельскохозяйственной Биотехнологии"" (Фгбну Вниисб) (Ru)",(EN) METHOD OF OBTAINING POTATO PLANT WITH BIALLELIC MUTATIONS IN EDR1 GENE ENCODING REGION USING CRISPR/CAS9 PLANT GENOME EDITING METHOD(RU) СПОСОБ ПОЛУЧЕНИЯ РАСТЕНИЯ КАРТОФЕЛЯ С ТРИАЛЛЕЛЬНЫМИ МУТАЦИЯМИ В КОДИРУЮЩЕЙ ОБЛАСТИ ГЕНА EDR1 ПРИ ПОМОЩИ ТЕХНОЛОГИИ РЕДАКТИРОВАНИЯ ГЕНОМА РАСТЕНИЙ CRISPR/CAS9,,15.04.2024,,,07.09.2022,Russia,55.8271038,37.5574356,Moskva,Moskva,Russia,Potatoes,,False,2022.0,,True,Disease Resistance
CN242182136,201811443997,China,2018-11-29,109706149.0,2020-12-18,Huazhong Agricultural University,(EN) Improved 16S-seq method and application thereof(ZH) 一种改进的16S-seq方法及其应用,,,,,,,30.475126,114.353035,Wu Han Shi,Hu Bei Sheng,China,Rice,750.0,True,2018.0,2020.0,False,Other Purpose
IN349444033,202041031656,India,2020-07-24,,,Avesthagen Limited,"(EN) TITLE OF INVENTION""CRISPR/CAS GENOME EDITING OF GLUTAMATE DECARBOXYLASE TO IMPROVE ENVIRONMENTAL STRESS TOLERANCE IN THE FIELD CONDITIONS""",,,,,24.07.2020,India,13.0020658,77.6177943,Bengaluru,Karnataka,India,Crop plants,,False,2020.0,,False,Other Genetic Improvement for Crop Traits
CN441333994,202410940329.X,China,2024-07-15,,,"Agricultural Genomics Institute At Shenzhen, Chinese Academy Of Agricultural Sciences",(EN) Application of SRB gene in regulation and control of resistance of spodoptera frugiperda to Vip3Aa protein(ZH) SRB基因在调控草地贪夜蛾对Vip3Aa蛋白抗性中的应用,,,,,15.07.2024,China,22.59688,114.50409,Shen Zhen Shi,Guang Dong Sheng,China,Crop plants,,False,2024.0,,False,Pesticide Resistance
CN132765247,201410730236,China,2014-12-04,,,"Institute Of Crop Science, Chinese Academy Of Agricultural Sciences",(EN) Construction of soybean CRISPR/Cas9 system and application of soybean CRISPR/Cas9 system in soybean gene modification(ZH) 一种大豆CRISPR/Cas9体系的构建及其在大豆基因修饰中的应用,,,,,,,39.9628214,116.3269465,,Bei Jing Shi,China,Soybeans,,False,2014.0,,False,Gene Editing Systems Development
CN395776395,202211038935,China,2022-08-29,,,"Institute Of Crop Science, Chinese Academy Of Agricultural Sciences",(EN) Application of CRISPR/SaCas9 system in soybean gene editing(ZH) CRISPR/SaCas9系统在大豆基因编辑中的应用,,,,,,,39.9628214,116.3269465,,Bei Jing Shi,China,Soybeans,,False,2022.0,,False,Gene Editing Systems Development
RU448817454,2023131568,Russian Federation,2023-12-01,,2025-02-03,,(EN) METHOD FOR DETECTING SBEIIA GENE EDITING EVENTS IN CEREALS USING SET OF OLIGONUCLEOTIDE SEQUENCES(RU) СПОСОБ ВЫЯВЛЕНИЯ СОБЫТИЙ РЕДАКТИРОВАНИЯ ГЕНА SBEIIA У ЗЕРНОВЫХ КУЛЬТУР С ПОМОЩЬЮ НАБОРА ОЛИГОНУКЛЕОТИДНЫХ ПОСЛЕДОВАТЕЛЬНОСТЕЙ,,,,,01.12.2023,Russia,,,,,,Wheat,430.0,True,2023.0,2025.0,False,Other Genetic Improvement for Crop Traits
CN395762638,202310153602.X,China,2023-02-22,115927394.0,2024-07-02,Shandong University,(EN) Corn VPS23 similar gene ZmVPS23L and application thereof(ZH) 玉米VPS23类似基因ZmVPS23L及其应用,,,,,22.02.2023,China,36.64893,117.029014,Ji Nan Shi,Shan Dong Sheng,China,Corn/Maize,496.0,True,2023.0,2024.0,False,Disease Resistance
CN323191611,202110272887,China,2021-03-12,112680459.0,2021-06-22,"Beijing Shou Jia Li Hua Sci-Tech Co., Ltd.北京首佳利华科技有限公司Xinyang Shoujia Lihua Agriculture Technology Co., Ltd.",(EN) Male sterility gene ZmTGA10 and application thereof in creating corn male sterility line(ZH) 雄性不育基因ZmTGA10及其在创制玉米雄性不育系中的应用,,,,,,,40.040237,116.39679,,,,Corn/Maize,102.0,True,2021.0,2021.0,False,Other Genetic Improvement for Crop Traits
KR233180245,1020170050756,Republic of Korea,2017-04-20,,,서울대학교산학협력단(주)지플러스 생명과학Seoul National University R Amp;Db Foundationg-Flas Life Sciences,(EN) PLANT GENOME DELETION OR REPLACEMENT METHODS BASED ON CRISPR-HARBORING AGROBACTERIUM OR TRANSFECTION AGENTS(KO) CRISPR 시스템을 이용한 식물 유전체 결실 및 교체 방법,,,,,20.04.2017,South Korea,37.4587211,126.9482167,,Seoul,South Korea,Crop plants,,False,2017.0,,False,Gene Editing Systems Development
CN210664797,201710949078,China,2017-10-12,,,Nanjing Agricultural University,(EN) Establishment of Chinese cabbage CRISPR-Cas9 gene editing system and application thereof(ZH) 一种白菜CRISPR‑Cas9基因编辑体系的建立及其应用,,,,,,,32.033399,118.842587,Nan Jing Shi,Jiang Su Sheng,China,Cabbage,,False,2017.0,,False,Gene Editing Systems Development
NZ396385426,798968,New Zealand,2023-04-11,,,Pairwise Plants Services Inc,(EN) COMPOSITIONS AND METHODS FOR RNA-ENCODED DNA-REPLACEMENT OF ALLELES,"63/110,386 06.11.2020 US","WO/2022/098993

AU2021374974

CA3200521

BRUS2021058235

KR1020230106633

EP4240844

CN116745418

JP2023549339

IL302526

MX2023005150

CL2023001284

IN202347036333This application is not viewable in PATENTSCOPE because the national phase entry has not been published yet or the national entry is issued from a country that does not share data with WIPO or there is a formatting issue or an unavailability of the application.

SG11202302818VThis application is not viewable in PATENTSCOPE because the national phase entry has not been published yet or the national entry is issued from a country that does not share data with WIPO or there is a formatting issue or an unavailability of the application.",,,11.04.2023,New Zealand,35.9900355,-78.8898264,Durham,North Carolina,United States,Crop plants,,False,2023.0,,True,Gene Editing Systems Development
CN391140300,202211273125,China,2022-10-18,,,Zhejiang University,(EN) Application of isoprenylated protein GmHIPP26 in plant cadmium transport(ZH) 一种异戊二烯化蛋白GmHIPP26在植物镉转运中的应用,,,,,,,30.3086844,120.0864995,Hang Zhou Shi,Zhe Jiang Sheng,China,Soybeans,,False,2022.0,,False,Other Purpose
CN418367512,202311048560.X,China,2023-08-18,,,"Institute Of Genetics And Developmental Biology, Chinese Academy Of Sciences",(EN) Application of cytokinin oxidase gene in increasing zinc and iron contents of plant grains(ZH) 细胞分裂素氧化酶基因在提高植物籽粒锌铁含量中的应用,,,,,18.08.2023,China,38.115509,114.533286,Shi Jia Zhuang Shi,He Bei Sheng,China,Wheat,,False,2023.0,,False,Other Genetic Improvement for Crop Traits
IN211827350,201737029078,India,2017-08-16,,,Institute Of Genetics And Developmental Biology Chinese Academy Of Sciences,(EN) METHOD OF APPLYING NON GENETIC SUBSTANCE TO PERFORM SITE DIRECTED REFORM OF PLANT GENOME,,"AU2016239037

KR1020170126502

EP3279321

BR112017016431

US20180163232

EA201792036

WO/2016/155482

CN105985943

AR103926

JP2018508221

CA2979290

JP2023018066

JP2024160392",,,16.08.2017,India,38.115509,114.533286,Shi Jia Zhuang Shi,He Bei Sheng,China,Crop plants,,False,2017.0,,True,Gene Editing Systems Development
CN396417371,202211694613,China,2022-12-28,,,South China Agricultural University,(EN) Application of lipoxygenase gene LOX6 in regulation and control of rice spikelet development(ZH) 脂氧合酶基因LOX6在调控水稻颖花发育中的应用,,,,,,,23.1568182,113.3536811,Guang Zhou Shi,Guang Dong Sheng,China,Rice,,False,2022.0,,False,Yield Improvement
CN429523017,202410139917,China,2024-01-31,,,South China Agricultural University,(EN) Method for improving heat stress resistance and/or yield of rice(ZH) 一种提高水稻抗热胁迫能力和/或产量的方法,,,,,,,23.1568182,113.3536811,Guang Zhou Shi,Guang Dong Sheng,China,Rice,,False,2024.0,,False,Heat Tolerance
IN355391645,202217001543,India,2022-01-11,,,"Pioneer Hi-Bred International, Inc.",(EN) DONOR DESIGN STRATEGY FOR CRISPR-CAS9 GENOME EDITING,,"WO/2021/016098

CA3143016

CN114072498

BR112022001230

EP4004198

US20220307006",,,11.01.2022,India,40.1631226,-76.6461019,Elizabethtown,Pennsylvania,United States,Crop plants,,False,2022.0,,True,Gene Editing Systems Development
CN409231074,202310743827,China,2023-06-23,,,"Lanzhou Veterinary Research Institute, Chinese Academy Of Agriculture Sciences",(EN) Application of LTA4H gene or protein as target spot in screening medicines for inhibiting foot-and-mouth disease virus replication(ZH) LTA4H基因或蛋白为靶点在筛选抑制口蹄疫病毒复制的药物中的应用,,,,,,,36.082643,103.853777,Lan Zhou Shi,Gan Su Sheng,China,Crop plants,,False,2023.0,,False,Disease Resistance
CN329315626,202110272146,China,2021-03-12,113005128.0,2023-06-30,"University Of Science & Technology Beijing北京科技大学Beijing Zhongzhi Bio-Agriculture International Research Institute北京中智生物农业国际研究院Beijing Shou Jia Li Hua Sci-Tech Co., Ltd.",(EN) Male sterility gene ZmMYB84 and application of male sterility gene ZmMYB84 in creation of male sterility line of maize(ZH) 雄性不育基因ZmMYB84及其在创制玉米雄性不育系中的应用,,,,,,,39.9483768,116.3088913,,Bei Jing Shi,China,Corn/Maize,840.0,True,2021.0,2023.0,False,Other Genetic Improvement for Crop Traits
CN428104751,202410054995,China,2024-01-15,,,Fujian Agriculture And Forestry University,(EN) Soybean auxin transport carrier GmPIN3 gene and application thereof(ZH) 大豆生长素运输载体GmPIN3基因及其应用,,,,,,,26.084946,119.239701,Fu Zhou Shi,Fu Jian Sheng,China,Soybeans,,False,2024.0,,False,Yield Improvement
CN352785304,202111392731,China,2021-11-19,114058619.0,2023-11-14,"Lanzhou Veterinary Research Institute, Chinese Academy Of Agriculture Sciences",(EN) Construction of RIPLET knockout cell line and application of RIPLET knockout cell line as picornaviridae virus vaccine production cell line(ZH) RIPLET敲除细胞系的构建及作为小核糖核酸病毒科病毒疫苗生产细胞系的应用,,,,,,,36.082643,103.853777,Lan Zhou Shi,Gan Su Sheng,China,No crops mentioned.,725.0,True,2021.0,2023.0,False,Other Purpose
CN413601404,202311203234,China,2023-09-19,116949085.0,2023-12-22,Vegetable Research Institute Of Guangdong Academy Of Agriculture Sciences,(EN) Application of volvariella volvacea Vvpks gene in regulation and control of umbrella opening character(ZH) 草菇Vvpks基因在调控开伞性状中的应用,,,,,,,23.1436728,113.3563425,Guang Zhou Shi,Guang Dong Sheng,China,Straw mushroom,94.0,True,2023.0,2023.0,False,Other Genetic Improvement for Crop Traits
CN413586982,202310933867,China,2023-07-27,,,"Lanzhou Veterinary Research Institute, Chinese Academy Of Agriculture Sciences",(EN) Construction of EIF2B4 knockout cell line and application of EIF2B4 knockout cell line as small RNA viridae virus vaccine production cell line(ZH) EIF2B4敲除细胞系的构建及作为小RNA病毒科病毒疫苗生产细胞系的应用,,,,,,,36.082643,103.853777,Lan Zhou Shi,Gan Su Sheng,China,Crop plants,,False,2023.0,,False,Disease Resistance
CN396204885,202211575526,China,2022-12-08,,,"China Tobacco Yunnan Industrial Co., Ltd.",(EN) Related gene influencing tobacco plastid pigment synthesis and application(ZH) 一种影响烟草质体色素合成相关的基因及应用,,,,,,,26.5895249,106.7159627,Gui Yang Shi,Gui Zhou Sheng,China,Tobacco,,False,2022.0,,False,Other Genetic Improvement for Crop Traits
CN319683588,202011304418,China,2020-11-19,,,Guizhou Rice Research Institute,(EN) Breeding method for improving disease resistance of rice against rice blast(ZH) 一种水稻稻瘟病抗性改良的育种方法,,,,,,,26.50539,106.66711,Guiyang,Guizhou,China,Rice,,False,2020.0,,False,Disease Resistance
CN343412945,202110933585,China,2021-08-14,113637709.0,2023-01-17,"Lanzhou Veterinary Research Institute, Chinese Academy Of Agriculture Sciences",(EN) Application of KIF5B gene as target spot in inhibition of replication of the foot-and-mouth disease virus(ZH) KIF5B基因作为靶点在抑制口蹄疫病毒复制中的应用,,,,,,,36.082643,103.853777,Lan Zhou Shi,Gan Su Sheng,China,Crop plants,521.0,True,2021.0,2023.0,False,Disease Resistance
CN316356913,202011309850,China,2020-11-20,112210566.0,2022-04-12,Zhejiang University,(EN) Application of rice OsS6K1 gene or OsS6K2 gene in improving rice yield and/or drought resistance(ZH) 水稻OsS6K1基因或OsS6K2基因在提高水稻产量和/或抗旱性中的应用,,,,,,,30.3086844,120.0864995,Hang Zhou Shi,Zhe Jiang Sheng,China,Rice,508.0,True,2020.0,2022.0,False,Yield Improvement
JP436023750,2024068959,Japan,2024-04-22,,,Toolgen Incツールゲン　インコーポレイテッド,"(EN) COMPOSITION FOR CLEAVING TARGET DNA, COMPRISING GUIDE RNA SPECIFIC FOR THE TARGET DNA AND CAS PROTEIN-ENCODING NUCLEIC ACID OR CAS PROTEIN, AND USE THEREOF(JA) 標的ＤＮＡに特異的なガイドＲＮＡおよびＣＡＳタンパク質コード核酸またはＣＡＳタンパク質を含む、標的ＤＮＡを切断するための組成物、ならびにその使用","61/717,324 23.10.2012 US61/803,599 20.03.2013 US61/837,481 20.06.2013 US","CA3233048

SG11201503059X

ES2690386

JP2016500003

KR1020190137932

WO/2014/065596

CN110643600

CN110669746

CN110669758

EP4342987

KR1020230133390

CN116064533

KR1020210013288

DK2912175

SG10201809564Y

SG10201809566S

EP3372679

EP3733847

PL2912175

ES2886448

KR1020220057633

CN116064532

KR1020230064634

ES2926021

EP4180526

KR1020230066138

EP2912175

PL4357457

CN105441440

ES3005455

DK4357457

DE202013012597

DE202013012610

CN110066775

EP4397759

EP4397760

PT2912175

CN110592089

CA2888190

US20150284727

CN104968784

KR1020150101478

KR1020150101446

KR1020150101476

KR1020150101477

AU2013335451

BR112015008708

EP4357457

KR1020180029092

EP3346003

US20150344912

US20150322457

IN2854/CHENP/2015

AU2015218519

JP2016027807

JP2018019698

AU2017254854

JP2020078303

AU2020201485

US20210047647

US20210047648

JP2022095663

AU2022204902

US20230374525

US20230374524

JP2023166400

JP2023166401

US20240026367

US20240052356

JP2024178169

US20250066798",,,22.04.2024,Japan,37.56913433,126.8291021,,,,Crop plants,,False,2024.0,,True,Gene Editing Systems Development
CN304773776,202010321273,China,2020-04-22,111549041.0,2022-07-08,Qingdao Agricultural University,(EN) Ethylene-induced BAHD acyltransferase ERAT2 gene and application thereof(ZH) 一种乙烯诱导BAHD酰基转移酶ERAT2基因及其应用,,,,,,,36.321259,120.39659,Qingdao,Shandong,China,Crop plants,807.0,True,2020.0,2022.0,False,Drought Adaptation
CN399162062,202211473477,China,2022-11-21,,,"China Tobacco Yunnan Industrial Co., Ltd.",(EN) Application of tobacco ethanol dehydrogenase related gene NtADH1 in regulation and control of width of waist leaf of tobacco(ZH) 一种烟草乙醇脱氢酶相关基因NtADH1在调控烟草腰叶宽度中的应用,,,,,,,26.5895249,106.7159627,Gui Yang Shi,Gui Zhou Sheng,China,Tobacco,,False,2022.0,,False,Yield Improvement
CN335058341,202110275528.X,China,2021-03-15,,,"Hubei Biorun Synthetic Biological Technology Co., Ltd.","(EN) Method for constructing polygene editing mutant library of Oryza sativa L., and application(ZH) 一种构建水稻多基因编辑突变体库的方法及应用",,,,,15.03.2021,China,30.4255465,115.2481104,Huang Gang Shi,Hu Bei Sheng,China,Rice,,False,2021.0,,False,Gene Editing Systems Development
AR413639920,P220101666,Argentina,2022-06-24,,,Pairwise Plants Services Inc,(ES) MODIFICACIÓN DE GENES DE UBIQUITINA LIGASA E3 HECT PARA MEJORAR LOS RASGOS DE RENDIMIENTO,"63/214,498 24.06.2021 US","UY0001039827

WO/2022/271892

CA3224730

BRUS2022034625

BR112023026845

CN117858945

EP4359516

MX2023014882

IN202447002808This application is not viewable in PATENTSCOPE because the national phase entry has not been published yet or the national entry is issued from a country that does not share data with WIPO or there is a formatting issue or an unavailability of the application.",,,24.06.2022,Argentina,35.9900355,-78.8898264,Durham,North Carolina,United States,"Corn, Soybeans",,False,2022.0,,True,Yield Improvement
CN407472909,202310889055,China,2023-07-19,,,Beijing Academy Of Agriculture And Forestry Sciences,(EN) Creation method and breeding method of tomato green hypocotyl male sterile line(ZH) 一种番茄绿胚轴雄性不育系的创制方法以及繁育方法,,,,,,,39.9438284,116.2870162,,Bei Jing Shi,China,Tomatoes,,False,2023.0,,False,Other Genetic Improvement for Crop Traits
US296504293,16607849,United States of America,2018-04-24,11732251.0,2023-08-22,Dupont Nutrition Biosciences Apsuniversite Laval (Canada),(EN) Anti-CRISPR polynucleotides and polypeptides and methods of use,,"EP3615552

CN110891965

BR112019022201

WO/2018/197520

IN201917043473",,,24.04.2018,United States,45.5298613,-73.7933624,Laval,Québec,Canada,Crop plants,1946.0,True,2018.0,2023.0,True,Gene Editing Systems Development
CN132735377,201310415047.X,China,2013-09-12,,,Peking University,(EN) Method for acquiring specific rice gene mutant and application thereof(ZH) 一种获得水稻指定基因突变体的方法及其应用,,,,,12.09.2013,China,39.986913,116.3058739,,Bei Jing Shi,China,Rice,,False,2013.0,,False,Gene Editing Systems Development
CN362097287,202210127510,China,2022-02-11,114480314.0,2023-11-17,Plant Protection Research Institute Of Chinese Academy Of Agricultural Sciences,(EN) Application of CRISPR/cas9 system in obtaining tomato leaf miner kynurenine 3-hydroxylase mutant(ZH) CRISPR/cas9系统在获得番茄潜叶蛾犬尿氨酸3-羟化酶突变型方面的应用,,,,,,,40.022621,116.2860293,,Bei Jing Shi,China,Tomatoes,644.0,True,2022.0,2023.0,False,Other Genetic Improvement for Crop Traits
CN237488249,201710604761,China,2017-07-24,109295024.0,2022-02-08,Peking University,(EN) Application of reducing expression of OsSAMS1 protein and encoding gene thereof in improving plant resistance to rice dwarf virus(ZH) 降低OsSAMS1蛋白及其编码基因表达在提高植物对水稻矮缩病毒抗性中的应用,,,,,,,39.986913,116.3058739,,Bei Jing Shi,China,Rice,1660.0,True,2017.0,2022.0,False,Disease Resistance
CN412705041,202310859103,China,2023-07-13,,,Huazhong Agricultural University,(EN) Application of RRA3 gene in controlling rice regeneration capacity(ZH) RRA3基因在控制水稻再生力中的应用,,,,,,,30.475126,114.353035,Wu Han Shi,Hu Bei Sheng,China,Rice,,False,2023.0,,False,Other Genetic Improvement for Crop Traits
CN405759583,202310447472,China,2023-04-24,116555284.0,2023-12-29,Nanjing Agricultural University,(EN) Application of GmBBX4 gene in regulation and control of synthesis of soybean isoflavone(ZH) GmBBX4基因在调控大豆异黄酮合成中的应用,,,,,,,32.033399,118.842587,Nan Jing Shi,Jiang Su Sheng,China,Soybeans,249.0,True,2023.0,2023.0,False,Other Genetic Improvement for Crop Traits
CN376474760,202110299393,China,2021-03-19,,,Nanjing Agricultural University,(EN) Application and method of CsSH1 gene in improving spindling resistance of cucumbers in seedling stage(ZH) CsSH1基因在提高黄瓜苗期耐徒长中的应用和方法,,,,,,,32.033399,118.842587,Nan Jing Shi,Jiang Su Sheng,China,Cucumber,,False,2021.0,,False,Other Genetic Improvement for Crop Traits
CN428100325,202311833786,China,2023-12-28,,,Hangzhou Normal University,(EN) Method for creating turnip mosaic virus disease resistant brassica napus new germplasm through gene editing technology and application(ZH) 一种通过基因编辑技术创制抗芜菁花叶病毒病甘蓝型油菜新种质的方法及应用,,,,,,,30.289532,120.009886,Hang Zhou Shi,Zhe Jiang Sheng,China,Canola,,False,2023.0,,False,Disease Resistance
CN439190999,202310224344.X,China,2023-03-09,,,Nanjing University,(EN) Gene for regulating drought tolerance of sorghum and application thereof(ZH) 一个调控高粱耐旱的基因及其应用,,,,,09.03.2023,China,32.0568391,118.7789602,Nanjing,Jiangsu,China,Sorghum,,False,2023.0,,False,Drought Adaptation
US427161082,18367282,United States of America,2023-09-12,,,Board Of Regents Of The Nevada System Of Higher Education On Behalf Of The University Of Nevada,(EN) GENETICALLY MODIFIED SORGHUM AND METHODS OF GENETICALLY ENGINEERING SORGHUM TO CONTROL CROSS-INCOMPATIBILITY,,,,,12.09.2023,United States,39.5512226,-119.8123014,Reno,Nevada,United States,Sorghum,,False,2023.0,,False,Other Genetic Improvement for Crop Traits
CN321725540,202011444976,China,2020-12-08,,,"Rice Research Institute, Anhui Academy Of Agricultural Sciences",(EN) Efficient genome editing vector based on CRISPR-SaCas9 system and application of efficient genome editing vector(ZH) 一种基于CRISPR-SaCas9系统的高效基因组编辑载体及其应用,,,,,,,31.8827699,117.2471304,He Fei Shi,An Hui Sheng,China,Rice,,False,2020.0,,False,Gene Editing Systems Development
CN340392615,202110924679,China,2021-08-12,113528633.0,2024-06-11,"Hubei Biorun Synthetic Biological Technology Co., Ltd.",(EN) Method for rapidly analyzing construction condition of CRISPR/Cas9 gene editing vector and application(ZH) 一种快速分析CRISPR/Cas9基因编辑载体构建情况的方法及应用,,,,,,,30.4255465,115.2481104,Huang Gang Shi,Hu Bei Sheng,China,Crop plants,1034.0,True,2021.0,2024.0,False,Gene Editing Systems Development
CN411745453,202310575551,China,2023-05-22,,,Gannan Normal University,(EN) SgRNA and CRISPR/Cas9 vector for targeted knockout of CsWRKY42 gene and application of sgRNA and CRISPR/Cas9 vector(ZH) 一种靶向敲除CsWRKY42基因的sgRNA、CRISPR/Cas9载体及应用,,,,,,,25.795524,114.887227,Gan Zhou Shi,Jiang Xi Sheng,China,Citrus,,False,2023.0,,False,Other Genetic Improvement for Crop Traits
CN441986191,202411126858,China,2024-08-16,,,"Huazhong Agricultural University华中农业大学Hubei Daodao Hongye Biotechnology Co., Ltd.湖北稻道鸿业生物科技有限公司Hubei Hongshan Laboratory湖北洪山实验室Hubei Shuangshui Shuanglv Biotechnology Co., Ltd.",(EN) Application of OsDOF23 gene in controlling drought resistance of rice(ZH) OsDOF23基因在控制水稻抗旱性中的应用,,,,,,,30.475126,114.353035,Wu Han Shi,Hu Bei Sheng,China,Rice,,False,2024.0,,False,Drought Adaptation
CN364577080,202210210127,China,2022-03-04,114540370.0,2023-12-12,Agricultural University In China,(EN) Application of lettuce LsSAW1 gene in controlling heading character of lettuce(ZH) 莴苣LsSAW1基因在控制莴苣结球性状中的应用,,,,,,,30.475126,114.353035,Wu Han Shi,Hu Bei Sheng,China,Lettuce,648.0,True,2022.0,2023.0,False,Other Genetic Improvement for Crop Traits
CN297065498,202010083042,China,2020-02-07,111235177.0,2022-03-29,Chinese Academy Of Forestry,(EN) CRISPR (Clustered Regularly Interspaced Short Palindromic Repeats)/ Cas9 system knockout populus alba PDS (phytoene desaturase) gene and application thereof(ZH) CRISPR/Cas9系统敲除银白杨PDS基因及其应用,,,,,,,40.002907,116.247177,,Bei Jing Shi,China,Poplar,781.0,True,2020.0,2022.0,False,Other Genetic Improvement for Crop Traits
CN340397317,202010321784,China,2020-04-22,113528514.0,2023-05-05,Cas Center For Excellence In Molecular Plant Sciences,(EN) Technology for intervening and blocking virus reverse transcription transposition based on CRISPR-Cas12a(ZH) 基于CRISPR-Cas12a干预阻断病毒逆转录转座的技术,,,,,,,31.1622842,121.4068946,,Shang Hai Shi,China,Crop plants,1108.0,True,2020.0,2023.0,False,Gene Editing Systems Development
CN393834649,202210259345,China,2022-03-16,,,"Shanghai Customs Animal, Plant And Food Inspection And Quarantine Technology Center",(EN) Kit for cronobacter detection and detection method(ZH) 一种用于克罗诺杆菌检测的试剂盒及检测方法,,,,,,,31.3044799,121.6187973,,Shang Hai Shi,China,Crop plants,,False,2022.0,,False,Other Purpose
CN353424329,202111568998,China,2021-12-21,114085846.0,2022-10-04,South China Agricultural University,(EN) Application of rice OsNAC2 gene in regulation and control of included angle of rice leaves(ZH) 水稻OsNAC2基因在调控水稻叶片夹角中的应用,,,,,,,23.1568182,113.3536811,Guang Zhou Shi,Guang Dong Sheng,China,Rice,287.0,True,2021.0,2022.0,False,Yield Improvement
US297156569,16620614,United States of America,2018-06-07,11845942.0,2023-12-19,Vilmorin & Cie,(EN) Compositions and methods for genome editing,,"EP3635119

WO/2018/226972

IL271232",,,07.06.2018,United States,48.85802018,2.345366826,,,,Tobacco,2021.0,True,2018.0,2023.0,True,Gene Editing Systems Development
CN413597033,202310963647,China,2023-08-01,,,Guangzhou Academy Of Agricultural Sciences,(EN) Application of DGP1DGP1B gene in regulation and control of sensitivity of rice to red light(ZH) DGP1DGP1B基因在调控水稻对红光敏感性中的应用,,,,,,,23.1489951,113.3562632,Guang Zhou Shi,Guang Dong Sheng,China,Rice,,False,2023.0,,False,Yield Improvement
IN211746396,6312/CHENP/2015,India,2015-10-13,,,Regents Of The University Of Minnesota,(EN) ENGINEERING PLANT GENOMES USING CRISPR/CAS SYSTEMS,61/790694 15.03.2013 US,"US20140273235

EP2970997

AU2014227831

BR112015022522

JP2016512048

WO/2014/144155

BRUS2014028445

US20150167000

MX2015011985

MX2020011620

CA2906747

JP2019205470

AU2020202823

US20210380983",,,13.10.2015,India,44.9753198,-93.2279939,Minneapolis,Minnesota,United States,Crop plants,,False,2015.0,,True,Gene Editing Systems Development
US344363889,17405577,United States of America,2021-08-18,,,Regents Of The University Of Minnesota,(EN) ENGINEERING PLANT GENOMES USING CRISPR/Cas SYSTEMS,,"US20140273235

EP2970997

AU2014227831

BR112015022522

JP2016512048

WO/2014/144155

BRUS2014028445

US20150167000

MX2015011985

MX2020011620

CA2906747

IN6312/CHENP/2015

JP2019205470

AU2020202823",,,18.08.2021,United States,44.9753198,-93.2279939,Minneapolis,Minnesota,United States,Crop plants,,False,2021.0,,True,Gene Editing Systems Development
CN396317308,202211578416,China,2022-12-09,115960855.0,2023-09-15,"South China Botanical Garden, Chinese Academy Of Sciences",(EN) Application of SlPRMT5 gene and protein thereof in regulation and control of tomato fruit maturation(ZH) SlPRMT5基因及其蛋白在调控番茄果实成熟中的应用,,,,,,,23.186944,113.364357,Guang Zhou Shi,Guang Dong Sheng,China,Tomatoes,280.0,True,2022.0,2023.0,False,Other Genetic Improvement for Crop Traits
MX175573184,2015011985,Mexico,2015-09-09,,,Regents Of The University Of Minnesota,(EN) ENGINEERING PLANT GENOMES USING CRISPR/CAS SYSTEMS.,"61/790,694 15.03.2013 US","US20140273235

EP2970997

AU2014227831

BR112015022522

JP2016512048

WO/2014/144155

BRUS2014028445

US20150167000

MX2020011620

CA2906747

IN6312/CHENP/2015

JP2019205470

AU2020202823

US20210380983",,,09.09.2015,Mexico,44.9753198,-93.2279939,Minneapolis,Minnesota,United States,Crop plants,,False,2015.0,,True,Gene Editing Systems Development
US107417207,14211712,United States of America,2014-03-14,,,Regents Of The University Of Minnesota,(EN) ENGINEERING PLANT GENOMES USING CRISPR/Cas SYSTEMS,,"EP2970997

AU2014227831

BR112015022522

JP2016512048

WO/2014/144155

BRUS2014028445

US20150167000

MX2015011985

MX2020011620

CA2906747

IN6312/CHENP/2015

JP2019205470

AU2020202823

US20210380983",,,14.03.2014,United States,44.9753198,-93.2279939,Minneapolis,Minnesota,United States,Crop plants,,False,2014.0,,True,Gene Editing Systems Development
US137592146,14629859,United States of America,2015-02-24,,,Regents Of The University Of Minnesota,(EN) ENGINEERING PLANT GENOMES USING CRISPR/Cas SYSTEMS,,"US20140273235

EP2970997

AU2014227831

BR112015022522

JP2016512048

WO/2014/144155

BRUS2014028445

MX2015011985

MX2020011620

CA2906747

IN6312/CHENP/2015

JP2019205470

AU2020202823

US20210380983",,,24.02.2015,United States,44.9753198,-93.2279939,Minneapolis,Minnesota,United States,Crop plants,,False,2015.0,,True,Gene Editing Systems Development
AU181648586,2014227831,Australia,2014-03-14,,,Regents Of The University Of Minnesota,(EN) Engineering plant genomes using CRISPR/Cas systems,"61/790,694 15.03.2013 US","US20140273235

EP2970997

BR112015022522

JP2016512048

WO/2014/144155

BRUS2014028445

US20150167000

MX2015011985

MX2020011620

CA2906747

IN6312/CHENP/2015

JP2019205470

AU2020202823

US20210380983",,,14.03.2014,Australia,44.9753198,-93.2279939,Minneapolis,Minnesota,United States,Crop plants,,False,2014.0,,True,Gene Editing Systems Development
AU294794230,2020202823,Australia,2020-04-29,,,Regents Of The University Of Minnesota,(EN) Engineering plant genomes using CRISPR/Cas systems,"61/790,694 15.03.2013 US","US20140273235

EP2970997

AU2014227831

BR112015022522

JP2016512048

WO/2014/144155

BRUS2014028445

US20150167000

MX2015011985

MX2020011620

CA2906747

IN6312/CHENP/2015

JP2019205470

US20210380983",,,29.04.2020,Australia,44.9753198,-93.2279939,Minneapolis,Minnesota,United States,Crop plants,,False,2020.0,,True,Gene Editing Systems Development
CN206675929,201710734042,China,2017-08-24,,,Zhejiang Academy Of Agricultural Sciences,(EN) Gene editing method using CRISPR/Cas9 system to create pink fruit tomato(ZH) 运用CRISPR/Cas9系统创制粉色果实番茄的基因编辑方法,,,,,,,30.305626,120.195509,Hang Zhou Shi,Zhe Jiang Sheng,China,Tomatoes,,False,2017.0,,False,Other Genetic Improvement for Crop Traits
CN314493475,202010987094,China,2020-09-18,112126652.0,2022-05-10,Inner Mongolia University内蒙古大学China National Rice Research Institute,(EN) Application of rice OsAUX3 gene in regulating and controlling grain length of rice seed(ZH) 水稻OsAUX3基因在调控水稻种子粒长中的应用,,,,,,,40.758878,111.685489,Hohhot,Inner Mongolia,China,Rice,599.0,True,2020.0,2022.0,False,Yield Improvement
US323259944,17090334,United States of America,2020-11-05,11926834.0,2024-03-12,Pairwise Plants Services Inc,(EN) Compositions and methods for RNA-encoded DNA-replacement of alleles,,"WO/2021/092130

JP2023505600

EP4054621

BR112022008415

CN114901302

KR1020220110748

CA3160186

SG11202204171Q

AU2020380319

NZ787446

IL292434

BR112022008415This application is not viewable in PATENTSCOPE because the national phase entry has not been published yet or the national entry is issued from a country that does not share data with WIPO or there is a formatting issue or an unavailability of the application.

CL2022001145

MX2022005328

US20240158804

US20240167045",,,05.11.2020,United States,35.9900355,-78.8898264,Durham,North Carolina,United States,Crop plants,1223.0,True,2020.0,2024.0,True,Gene Editing Systems Development
US429374553,18423374,United States of America,2024-01-26,,,Pairwise Plants Services Inc,(EN) COMPOSITIONS AND METHODS FOR RNA-ENCODED DNA-REPLACEMENT OF ALLELES,,"WO/2021/092130

JP2023505600

EP4054621

BR112022008415

CN114901302

KR1020220110748

CA3160186

SG11202204171Q

AU2020380319

US20210130835

NZ787446

IL292434

BR112022008415This application is not viewable in PATENTSCOPE because the national phase entry has not been published yet or the national entry is issued from a country that does not share data with WIPO or there is a formatting issue or an unavailability of the application.

CL2022001145

MX2022005328

US20240158804",,,26.01.2024,United States,35.9900355,-78.8898264,Durham,North Carolina,United States,Crop plants,,False,2024.0,,True,Gene Editing Systems Development
US429026426,18423378,United States of America,2024-01-26,,,Pairwise Plants Services Inc,(EN) COMPOSITIONS AND METHODS FOR RNA-ENCODED DNA-REPLACEMENT OF ALLELES,,"WO/2021/092130

JP2023505600

EP4054621

BR112022008415

CN114901302

KR1020220110748

CA3160186

SG11202204171Q

AU2020380319

US20210130835

NZ787446

IL292434

BR112022008415This application is not viewable in PATENTSCOPE because the national phase entry has not been published yet or the national entry is issued from a country that does not share data with WIPO or there is a formatting issue or an unavailability of the application.

CL2022001145

MX2022005328

US20240167045",,,26.01.2024,United States,35.9900355,-78.8898264,Durham,North Carolina,United States,Crop plants,,False,2024.0,,True,Gene Editing Systems Development
CN301623275,202010459528,China,2020-05-26,111440805.0,2021-08-13,Yangzhou University,"(EN) NF-YB9 mutant gene, and protein and application thereof(ZH) NF-YB9突变型基因及其蛋白和应用",,,,,,,32.399078,119.389893,Yangzhou,Jiangsu,China,Rice,444.0,True,2020.0,2021.0,False,Yield Improvement
CN364307539,202011310759,China,2020-11-20,114525302.0,2023-10-17,Agricultural University In China,(EN) Application of OsCRKD1 gene in controlling drought resistance of rice(ZH) OsCRKD1基因在控制水稻抗旱性中的应用,,,,,,,30.475126,114.353035,Wu Han Shi,Hu Bei Sheng,China,Rice,1061.0,True,2020.0,2023.0,False,Drought Adaptation
CN398575006,202211500747,China,2022-11-28,116121292.0,2024-02-13,Nanjing Agricultural University,(EN) Rice MYB transcription factor and application of encoding protein thereof(ZH) 一种水稻MYB转录因子及其编码蛋白的应用,,,,,,,32.033399,118.842587,Nan Jing Shi,Jiang Su Sheng,China,Rice,442.0,True,2022.0,2024.0,False,Yield Improvement
CN428331870,202410083486,China,2024-01-19,,,"Huazhong Agricultural University华中农业大学Hubei Daodao Hongye Biotechnology Co., Ltd.湖北稻道鸿业生物科技有限公司Hubei Hongshan Laboratory湖北洪山实验室Hubei Shuangshui Shuanglv Biotechnology Co., Ltd.",(EN) Application of OsCRK31 gene in controlling drought resistance of rice(ZH) OsCRK31基因在控制水稻抗旱性中的应用,,,,,,,30.475126,114.353035,Wu Han Shi,Hu Bei Sheng,China,Rice,,False,2024.0,,False,Drought Adaptation
GB249993847,201801692,United Kingdom,2018-02-01,,,Elsoms Dev Ltd,(EN) Wheat,201801692 01.02.2018 GB,,,,01.02.2018,United Kingdom,52.7977066,-0.1498968,,England,United Kingdom,Wheat,,False,2018.0,,False,Other Genetic Improvement for Crop Traits
CN403528696,202310415761,China,2023-04-18,,,Henan Agricultural University,"(EN) Wheat effective tiller number and yield regulation and control gene TraesCS2A02G577100 as well as encoding protein, expression vector and application of wheat effective tiller number and yield regulation and control gene TraesCS2A02G577100(ZH) 小麦有效分蘖数及产量调控基因TraesCS2A02G577100、其编码蛋白、表达载体及其应用",,,,,,,34.7854718,113.6632032,Zheng Zhou Shi,He Nan Sheng,China,Wheat,,False,2023.0,,False,Yield Improvement
IN211827348,201737029075,India,2017-08-16,,,Institute Of Genetics And Developmental Biology Chinese Academy Of Sciences,(EN) METHOD FOR INCREASING ABILITY OF PLANT TO RESIST INVADING DNA VIRUS,,"CN105969792

AR103927

AU2016228599

CA2979292

KR1020170126495

EP3309255

BR112017016423

US20180195084

EA201791991

JP2018507705

WO/2016/141893

UAa201709464This application is not viewable in PATENTSCOPE because the national phase entry has not been published yet or the national entry is issued from a country that does not share data with WIPO or there is a formatting issue or an unavailability of the application.",,,16.08.2017,India,38.115509,114.533286,Shi Jia Zhuang Shi,He Bei Sheng,China,Crop plants,,False,2017.0,,True,Disease Resistance
BR402579023,112023007640,Brazil,2021-11-05,,,Pairwise Plants Services Inc,(PT) COMPOSIÇÕES E MÉTODOS PARA SUBSTITUIÇÃO DO DNA CODIFICADO PELO RNA DOS ALELOS,"63/110,386 06.11.2020","WO/2022/098993

AU2021374974

CA3200521

KR1020230106633

EP4240844

CN116745418

JP2023549339

NZ798968

IL302526

MX2023005150

CL2023001284

IN202347036333This application is not viewable in PATENTSCOPE because the national phase entry has not been published yet or the national entry is issued from a country that does not share data with WIPO or there is a formatting issue or an unavailability of the application.

SG11202302818VThis application is not viewable in PATENTSCOPE because the national phase entry has not been published yet or the national entry is issued from a country that does not share data with WIPO or there is a formatting issue or an unavailability of the application.",,,05.11.2021,Brazil,35.9900355,-78.8898264,Durham,North Carolina,United States,Crop plants,,False,2021.0,,True,Gene Editing Systems Development
CL419507959,2023001284,Chile,2023-05-03,,,Pairwise Plants Services Inc,(ES) COMPOSICIONES Y MÉTODOS PARA EL REEMPLAZO DE ALELOS CON ADN CODIFICADO POR ARN,63/110386 06.11.2020 US,"WO/2022/098993

AU2021374974

CA3200521

BRUS2021058235

KR1020230106633

EP4240844

CN116745418

JP2023549339

NZ798968

IL302526

MX2023005150

IN202347036333This application is not viewable in PATENTSCOPE because the national phase entry has not been published yet or the national entry is issued from a country that does not share data with WIPO or there is a formatting issue or an unavailability of the application.

SG11202302818VThis application is not viewable in PATENTSCOPE because the national phase entry has not been published yet or the national entry is issued from a country that does not share data with WIPO or there is a formatting issue or an unavailability of the application.",,,03.05.2023,Chile,35.9900355,-78.8898264,Durham,North Carolina,United States,Crop plants,,False,2023.0,,True,Gene Editing Systems Development
US202587505,15376569,United States of America,2016-12-12,,,Tsinghua University,(EN) Genetic indicator and control system and method utilizing split Cas9/CRISPR domains for transcriptional control in eukaryotic cell lines,20151263106 21.05.2015 CN201610341363.0 20.05.2016 CN,CN106011104,,,12.12.2016,United States,39.9996674,116.3264439,,Bei Jing Shi,China,Crop plants,,False,2016.0,,True,Gene Editing Systems Development
US324126190,17141354,United States of America,2021-01-05,,,"Guangdong Sanjie Forage Biotechnology Co., Ltd",(EN) Method for Site-Specific Mutagenesis of Medicago Sativa Genes by Using CRISPR/Cas9 System,201810724589.8 04.07.2018 CN,"CN108866093

WO/2020/007331

AU2019299296

EP3848464

US20210292777

CA3105396",,,05.01.2021,United States,23.190879,113.549766,Guang Zhou Shi,Guang Dong Sheng,China,Alfalfa,,False,2021.0,,True,Gene Editing Systems Development
US336567719,17257617,United States of America,2019-07-03,,,"Guangdong Sanjie Forage Biotechnology Co., Ltd",(EN) Method for Site-Specific Mutagenesis of Medicago Sativa Genes by Using CRISPR/Cas9 System,201810724589.8 04.07.2018 CN,"CN108866093

WO/2020/007331

AU2019299296

EP3848464

CA3105396

US20210147844",,,03.07.2019,United States,23.190879,113.549766,Guang Zhou Shi,Guang Dong Sheng,China,Alfalfa,,False,2019.0,,True,Gene Editing Systems Development
AR399334678,P220100278,Argentina,2022-02-11,,,"Pairwise Plants Services, Inc.Monsanto Technology Llc",(ES) MÉTODOS Y COMPOSICIONES PARA MODIFICAR LOS NIVELES DE CITOQUININA OXIDASA EN PLANTAS,"63/148,439 11.02.2021 US","WO/2022/173885

BRUS2022015893

BR112023015909

EP4291641

CN117441015

UY0001039631

CA3210785

MX2023009468

IN202347059511This application is not viewable in PATENTSCOPE because the national phase entry has not been published yet or the national entry is issued from a country that does not share data with WIPO or there is a formatting issue or an unavailability of the application.",,,11.02.2022,Argentina,35.9900355,-78.8898264,Durham,North Carolina,United States,Soybeans,,False,2022.0,,True,Yield Improvement
CN212146150,201711165424,China,2017-11-21,,,Yunnan Institute Of Tobacco Agriculture Science,(EN) Tobacco polyphenol oxidase gene NtPPO1 and site-directed mutagenesis method and application thereof(ZH) 一种烟草多酚氧化酶基因NtPPO1及其定点突变方法与应用,,,,,,,24.328809,102.5306212,Yu Xi Shi,Yun Nan Sheng,China,Tobacco,,False,2017.0,,False,Other Genetic Improvement for Crop Traits
CN412733465,202310424413,China,2023-04-20,116926109.0,2024-05-14,"Institute Of Crop Science, Chinese Academy Of Agricultural Sciences",(EN) Plant programmed pollen self-cleaning CRISPR/Cas gene editing method(ZH) 一种植物程序化花粉自清除CRISPR/Cas基因编辑方法,,,,,,,39.9628214,116.3269465,,Bei Jing Shi,China,Corn/Maize,390.0,True,2023.0,2024.0,False,Gene Editing Systems Development
CN217719128,201810010123,China,2018-01-05,107988229.0,2020-01-07,"Institute Of Crop Science, Chinese Academy Of Agricultural Sciences",(EN) Method for obtaining rice changed in tillering by utilizing CRISPR-Cas to modify an OsTAC1 gene(ZH) 一种利用CRISPR-Cas修饰OsTAC1基因获得分蘖改变的水稻的方法,,,,,,,39.9628214,116.3269465,,Bei Jing Shi,China,Rice,732.0,True,2018.0,2020.0,False,Yield Improvement
CN204789403,201710423992,China,2017-06-07,,,"Jiangsu Sanshu Biotechnology Co., Ltd.",(EN) Method for reducing content of amylose in plants and application(ZH) 一种降低植物直链淀粉含量的方法及应用,,,,,,,32.39065,119.88708,Taizhou,Jiangsu,China,Potatoes,,False,2017.0,,False,Other Genetic Improvement for Crop Traits
CN313584580,202010943333,China,2020-09-09,,,Zhejiang Normal University,(EN) Method and gene for enhancing crop disease resistance by increasing SA content(ZH) 一种通过提高SA含量增强作物抗病性的方法及基因,,,,,,,29.079175,119.64742,Jin Hua Shi,Zhe Jiang Sheng,China,Rice,,False,2020.0,,False,Disease Resistance
CN324363002,202110347668,China,2021-03-31,112779271.0,2022-05-13,Fujian Agriculture And Forestry University,(EN) Rice gene OsFd2 and applications of rice gene OsFd2 in rice resistance to rice blast(ZH) 水稻基因OsFd2及其在水稻抗稻瘟病中的应用,,,,,,,26.084946,119.239701,Fu Zhou Shi,Fu Jian Sheng,China,Rice,408.0,True,2021.0,2022.0,False,Disease Resistance
CN442609968,202411076249,China,2024-08-07,,,"Wuhan University武汉大学Yuan Longping High-Tech Agriculture Co., Ltd.袁隆平农业高科技股份有限公司Wuhan Hetaiqing Biotechnology Co., Ltd.",(EN) Application of rice miR5513 in brown planthopper resistance of rice(ZH) 水稻miR5513在水稻抗褐飞虱中的应用,,,,,,,30.46177,114.44193,Wu Han Shi,Hu Bei Sheng,China,Rice,,False,2024.0,,False,Other Genetic Improvement for Crop Traits
CN373556840,202210705079,China,2022-06-21,,,"Qingdao Haipi Rice Research And Development Center Co., Ltd.",(EN) Method for breeding waxy rice mutant through site-directed gene knockout(ZH) 通过定点基因敲除选育糯性水稻突变体的方法,,,,,,,36.2037,120.36569,Qingdao,Shandong,China,Rice,,False,2022.0,,False,Other Genetic Improvement for Crop Traits
CN327305336,202110135854,China,2021-02-01,,,"Institute Of Crop Science, Chinese Academy Of Agricultural Sciences",(EN) Method for changing soybean flower color by using CRISPR-Cas9 modified GmW1 gene(ZH) 一种利用CRISPR-Cas9修饰GmW1基因改变大豆花色的方法,,,,,,,39.9628214,116.3269465,,Bei Jing Shi,China,Soybeans,,False,2021.0,,False,Other Genetic Improvement for Crop Traits
CN351926035,202210029979.X,China,2022-01-12,114045356.0,2022-04-26,Zhongkai University Of Agriculture And Engineering,(EN) Kit and method for visual detection of citrus huanglongbing based on RPA-CRISPR-Cas12a system(ZH) 一种基于RPA-CRISPR-Cas12a体系可视化检测柑橘黄龙病的试剂盒及方法,,,,,12.01.2022,China,23.107883,113.280445,Guang Zhou Shi,Guang Dong Sheng,China,Citrus,104.0,True,2022.0,2022.0,False,Disease Resistance
CN402732621,202210996308,China,2022-08-19,,,"Institute Of Bast Fiber Crops, Chinese Academy Of Agricultural Sciences",(EN) Flax cellulose synthetase gene knockout vector as well as construction method and application thereof(ZH) 亚麻纤维素合成酶基因敲除载体及其构建方法和应用,,,,,,,28.211165,112.902623,Chang Sha Shi,Hu Nan Sheng,China,Flax,,False,2022.0,,False,Other Genetic Improvement for Crop Traits
KR358034521,1020200128828,Republic of Korea,2020-10-06,102453800.0,2022-10-12,"한경대학교 산학협력단주식회사클론Hankyong Industry Academic Cooperation Centerclone Co., Ltd.",(EN) METHOD FOR MANUFACTURING SIMS10 GENE KNOCKOUT TOMATO PLANT USING CRISPR/Cas9 SYSTEM AND MALE-STERILE TOMATO PLANT PREPARED BY METHOD(KO) CRISPR/Cas9 시스템을 이용한 SlMS10 유전자 녹아웃 토마토 식물체의 제조방법 및 상기 방법에 의해 제조된 웅성 불임 토마토 식물체,,,,,06.10.2020,South Korea,37.0116265,127.2642483,Anseong-si,Gyeonggi-do,South Korea,Tomatoes,736.0,True,2020.0,2022.0,False,Other Genetic Improvement for Crop Traits
CN226031897,201810146654,China,2018-02-12,,,"Institute Of Genetics And Developmental Biology, Chinese Academy Of Sciences",(EN) Plant high-efficiency homologous recombination method based on CRISPR/Cas9(ZH) 基于CRISPR/Cas9的植物高效同源重组方法,,,,,,,38.115509,114.533286,Shi Jia Zhuang Shi,He Bei Sheng,China,Crop plants,,False,2018.0,,False,Gene Editing Systems Development
CN321129228,202011507748,China,2020-12-18,,,"Institute Of Crop Science, Chinese Academy Of Agricultural Sciences",(EN) Method for obtaining high-oleic-acid-content soybeans by simultaneously editing and modifying genes GmFAD2-1A and GmFAD2-1B(ZH) 利用同时基因编辑修饰GmFAD2-1A和GmFAD2-1B获得高油酸大豆的方法,,,,,,,39.9628214,116.3269465,,Bei Jing Shi,China,Soybeans,,False,2020.0,,False,Other Genetic Improvement for Crop Traits
CN321128961,202011500864,China,2020-12-18,,,"Institute Of Crop Science, Chinese Academy Of Agricultural Sciences",(EN) Method for preparing soybeans with high oleic acid content(ZH) 一种制备高油酸的大豆的方法,,,,,,,39.9628214,116.3269465,,Bei Jing Shi,China,Soybeans,,False,2020.0,,False,Other Genetic Improvement for Crop Traits
US335023216,17257595,United States of America,2019-07-03,,,"Guangdong Sanjie Forage Biotechnology Co., Ltd",(EN) Method of Obtaining Multileaflet Medicago Sativa Materials by Means of MsPALM1 Artificial Site-Directed Mutants,201810724563.3 04.07.2018 CN,"CN108949774

WO/2020/007332

AU2019297209

CA3105397

EP3816292

US20210171973",,,03.07.2019,United States,23.190879,113.549766,Guang Zhou Shi,Guang Dong Sheng,China,Alfalfa,,False,2019.0,,True,Other Genetic Improvement for Crop Traits
CN316327743,201880090027,China,2018-12-21,,,Kws Saat Se,(EN) CPF1 BASED TRANSCRIPTION REGULATION SYSTEMS IN PLANTS(ZH) 基于Cpf1的植物转录调控系统,"62/609,508 22.12.2017 US62/758,068 09.11.2018 US","AU2018390965

CA3086619

WO/2019/122394

EP3728605

BR112020012327

US20210071189",,,,,51.8149087,9.884365,Einbeck,Niedersachsen,Germany,Crop plants,,False,2018.0,,True,Gene Editing Systems Development
CA300120963,3086619,Canada,2018-12-21,,,Kws Saat Se & Co. Kgaa,(EN) CPF1 BASED TRANSCRIPTION REGULATION SYSTEMS IN PLANTS(FR) SYSTEMES DE REGULATION DE LA TRANSCRIPTION BASES SUR CPF1 DANS DES PLANTES,"62/609,508 22.12.2017 US62/758,068 09.11.2018 US","AU2018390965

WO/2019/122394

EP3728605

BR112020012327

CN112204147

US20210071189",,,21.12.2018,Canada,51.8149087,9.884365,Einbeck,Niedersachsen,Germany,Crop plants,,False,2018.0,,True,Gene Editing Systems Development
EP309786263,18830278,European Patent Office,2018-12-21,,,Kws Saat Se & Co Kgaa,(DE) TRANSKRIPTIONSREGULATIONSSYSTEME AUF CPF1-BASIS BEI PFLANZEN(EN) CPF1 BASED TRANSCRIPTION REGULATION SYSTEMS IN PLANTS(FR) SYSTÈMES DE RÉGULATION DE LA TRANSCRIPTION BASÉS SUR CPF1 DANS DES PLANTES,201762609508 22.12.2017 US201862758068 09.11.2018 US,"AU2018390965

CA3086619

WO/2019/122394

BR112020012327

CN112204147

US20210071189",,,21.12.2018,European Patent Office,51.8149087,9.884365,Einbeck,Niedersachsen,Germany,Crop plants,,False,2018.0,,True,Gene Editing Systems Development
CN425356613,202311421553,China,2023-10-19,,,Jiangsu Academy Of Agricultural Sciences,(EN) Method for creating cold-resistant eggplant germplasm and application thereof(ZH) 一种创制耐冷茄子种质的方法及其应用,,,,,,,32.035361,118.869025,Nanjing,Jiangsu,China,Eggplant,,False,2023.0,,False,Cold Tolerance
CN439122164,202410807675,China,2024-06-21,,,"Rice Research Institute, Anhui Academy Of Agricultural Sciences",(EN) LOCOs11g10170 gene for regulating and controlling chalkiness of rice as well as encoding protein and application of LOCOs11g10170 gene(ZH) 一种调控水稻垩白的LOC_Os11g10170基因及其编码蛋白和应用,,,,,,,31.8827699,117.2471304,He Fei Shi,An Hui Sheng,China,Rice,,False,2024.0,,False,Other Genetic Improvement for Crop Traits
CN408077341,202180088340,China,2021-11-05,,,"Chengdui Plant Service Co., Ltd.",(EN) Compositions and methods for RNA-encoded DNA substitution of alleles(ZH) 用于等位基因的RNA编码的DNA替换的组合物和方法,"63/110,386 06.11.2020 US","WO/2022/098993

AU2021374974

CA3200521

BRUS2021058235

KR1020230106633

EP4240844

JP2023549339

NZ798968

IL302526

MX2023005150

CL2023001284

IN202347036333This application is not viewable in PATENTSCOPE because the national phase entry has not been published yet or the national entry is issued from a country that does not share data with WIPO or there is a formatting issue or an unavailability of the application.

SG11202302818VThis application is not viewable in PATENTSCOPE because the national phase entry has not been published yet or the national entry is issued from a country that does not share data with WIPO or there is a formatting issue or an unavailability of the application.",,,,,30.57865112,104.0652334,,,,Crop plants,,False,2021.0,,True,Gene Editing Systems Development
US403483441,17934089,United States of America,2022-09-21,,,Kws Saat Se & Co. Kgaa,(EN) METHODS AND HYBRIDS FOR TARGETED NUCLEIC ACID EDITING IN PLANTS USING CRISPR/CAS SYSTEMS,102015006335.9 19.05.2015 DE102015014252.6 05.11.2015 DE,"EP3095870

AU2016265197

CA2989368

EP3298148

US20180223295

BR112017024754

CN107849581

EA201792542

WO/2016/184955

DK3298148

ES2953919

UAa201712091This application is not viewable in PATENTSCOPE because the national phase entry has not been published yet or the national entry is issued from a country that does not share data with WIPO or there is a formatting issue or an unavailability of the application.",,,21.09.2022,United States,51.8149087,9.884365,Einbeck,Niedersachsen,Germany,Crop plants,,False,2022.0,,True,Gene Editing Systems Development
EP145109802,13835965,European Patent Office,2013-09-06,,,Dow Agrosciences Llc,(DE) MANIPULIERTE TRANSGENE INTEGRATIONSPLATTFORM (ETIP) FÜR GEN-TARGETING UND MERKMALSBÜNDELUNG(EN) ENGINEERED TRANSGENE INTEGRATION PLATFORM (ETIP) FOR GENE TARGETING AND TRAIT STACKING(FR) PLATEFORME D'INTÉGRATION DE TRANSGÈNE GÉNÉTIQUEMENT MODIFIÉ (ETIP) POUR LE CIBLAGE GÉNIQUE ET L'EMPILEMENT DE CARACTÈRES,201261697882 07.09.2012 US,"JP2015531598

US20140090113

WO/2014/039872

RU0002666916

CN107267524

CN104838001

BR112015004848

AU2013312352

RU0002666916

AR092479

KR1020150046345

CA2883792

IL237534

NZ705675

CL2015000565

IN2249/DELNP/2015

UAa201503063This application is not viewable in PATENTSCOPE because the national phase entry has not been published yet or the national entry is issued from a country that does not share data with WIPO or there is a formatting issue or an unavailability of the application.",,,06.09.2013,European Patent Office,32.3820297,-92.1999241,West Monroe,Louisiana,United States,Crop plants,,False,2013.0,,True,Gene Editing Systems Development
CN396410152,202211452218,China,2022-11-21,,,Jilin University,(EN) Visual detection method of fusarium solanum based on CRISPR/Cas12 and LAMP(ZH) 一种基于CRISPR/Cas12和LAMP的温和镰孢菌可视化检测方法,,,,,,,43.82572,125.2850161,Chang Chun Shi,Ji Lin Sheng,China,Crop plants,,False,2022.0,,False,Disease Resistance
CN231672513,201810384373,China,2018-04-26,,,Nanchang University,(EN) Construction method and application of high-efficiency soybean CRISPR/Cas9 system(ZH) 一种高效率大豆CRISPR/Cas9系统的构建方法及应用,,,,,,,28.683529,115.937347,Nan Chang Shi,,China,Soybeans,,False,2018.0,,False,Gene Editing Systems Development
CN403180578,202310275730,China,2023-03-16,,,"Wuhan Academy Of Agricultural Sciences武汉市农业科学院Hainan Sanya Crop Breeding Experimental Center, Xinjiang Academy Of Agricultural Sciences新疆农业科学院海南三亚农作物育种试验中心Hamimelon Research Center, Xinjiang Academy Of Agricultural Sciences",(EN) Vector suitable for muskmelon CRISPR/Cas9 gene editing system and application thereof(ZH) 一种适用于甜瓜CRISPR/Cas9基因编辑系统的载体及其应用,,,,,,,30.4817495,114.322668,Wu Han Shi,Hu Bei Sheng,China,Muskmelon,,False,2023.0,,False,Gene Editing Systems Development
CN425949417,202311663304,China,2023-12-06,,,"Institute Of Crop Science, Chinese Academy Of Agricultural Sciences",(EN) Method for creating sweet corn germplasm by using gene editing technology(ZH) 利用基因编辑技术创制甜玉米种质的方法,,,,,,,39.9628214,116.3269465,,Bei Jing Shi,China,Corn/Maize,,False,2023.0,,False,Other Genetic Improvement for Crop Traits
CN436471015,202410656891.X,China,2024-05-24,,,Huazhong Agricultural University,(EN) Method for creating high-yield rape germplasm by editing BnaIAA10 by using CRISPR/Cas9(ZH) 利用CRISPR/Cas9编辑BnaIAA10创制高产油菜种质的方法,,,,,24.05.2024,China,30.475126,114.353035,Wu Han Shi,Hu Bei Sheng,China,Canola,,False,2024.0,,False,Yield Improvement
CN405925555,202310197438,China,2021-03-04,116514934.0,2024-04-30,West (Chongqing) Science City Germplasm Creation And System Big Science Center西部（重庆）科学城种质创制大科学中心Chinese People'S Liberation Army Army Specialized Medical Center,(EN) Anti-CRISPR-Cas protein AcrIIIA1IME1367 and application thereof(ZH) 抗CRISPR-Cas蛋白AcrIIIA1IME1367及其应用,,,,,,,29.571912,106.578303,,Chong Qing Shi,China,Crop plants,1153.0,True,2021.0,2024.0,False,Gene Editing Systems Development
CN329006380,202110240048.X,China,2021-03-04,112979771.0,2023-05-02,Chinese People'S Liberation Army Army Specialized Medical Center西部（重庆）,(EN) III-A type CRISPR-Cas system inhibitor AcrIIIA2 and application thereof(ZH) III-A型CRISPR-Cas系统抑制剂AcrIIIA2及其应用,,,,,04.03.2021,China,29.535509,106.448107,,Chong Qing Shi,China,Crop plants,789.0,True,2021.0,2023.0,False,Gene Editing Systems Development
CN355398691,202110871825,China,2021-07-30,,,Anhui Agricultural University安徽农业大学Crop Science Research Institute Of Chinese Academy Of Agricultural Sciences,(EN) Gene editing sequence and method for creating soybean nuclear male sterile line(ZH) 一种创制大豆细胞核雄性不育系的基因编辑序列及方法,,,,,,,31.896563,117.244954,He Fei Shi,An Hui Sheng,China,Soybeans,,False,2021.0,,False,Yield Improvement
CN438240768,202410753434,China,2024-06-12,,,Henan Vocational College Of Agriculture河南农业职业学院Henan Agricultural University河南农业大学Henan Institute Of Science & Technology,(EN) Single-stranded DNA binding protein mediated in-vitro CRISPR/Cas9 gene editing method and application thereof(ZH) 单链DNA结合蛋白介导的体外CRISPR/Cas9基因编辑方法及其应用,,,,,,,34.731536,114.010605,Zheng Zhou Shi,He Nan Sheng,China,Crop plants,,False,2024.0,,False,Gene Editing Systems Development
CA363160727,3160186,Canada,2020-11-05,,,Pairwise Plants Services Inc,(EN) COMPOSITIONS AND METHODS FOR RNA-ENCODED DNA-REPLACEMENT OF ALLELES(FR) COMPOSITIONS ET PROCEDES DE REMPLACEMENT D'ALLELES D'ADN CODE PAR L'ARN,"62/930,836 05.11.2019 US",,,,05.11.2020,Canada,35.9900355,-78.8898264,Durham,North Carolina,United States,Crop plants,,False,2020.0,,False,Gene Editing Systems Development
EP374021588,20884787,European Patent Office,2020-11-05,,,Pairwise Plants Services Inc,(DE) ZUSAMMENSETZUNGEN UND VERFAHREN ZUR RNA-CODIERTEN DNA-ERSETZUNG VON ALLELEN(EN) COMPOSITIONS AND METHODS FOR RNA-ENCODED DNA-REPLACEMENT OF ALLELES(FR) COMPOSITIONS ET PROCÉDÉS DE REMPLACEMENT D'ALLÈLES D'ADN CODÉ PAR L'ARN,201962930836 05.11.2019 US,"WO/2021/092130

JP2023505600

BR112022008415

CN114901302

KR1020220110748

CA3160186

SG11202204171Q

AU2020380319

US20210130835

NZ787446

IL292434

BR112022008415This application is not viewable in PATENTSCOPE because the national phase entry has not been published yet or the national entry is issued from a country that does not share data with WIPO or there is a formatting issue or an unavailability of the application.

CL2022001145

MX2022005328

US20240158804

US20240167045",,,05.11.2020,European Patent Office,35.9900355,-78.8898264,Durham,North Carolina,United States,Crop plants,,False,2020.0,,True,Gene Editing Systems Development
CN349228450,202111238330,China,2021-10-25,,,"Lanzhou Veterinary Research Institute, Chinese Academy Of Agriculture Sciences",(EN) RCA-assisted CRISPR/Cas9 detection method based on let-7 and application of RCA-assisted CRISPR/Cas9 detection method(ZH) 一种基于let-7的RCA辅助CRISPR/Cas9检测方法及其应用,,,,,,,36.082643,103.853777,Lan Zhou Shi,Gan Su Sheng,China,Crop plants,,False,2021.0,,False,Other Purpose
CN405937557,202310197452,China,2021-03-04,116514935.0,2024-04-30,West (Chongqing) Science City Germplasm Creation And System Big Science Center西部（重庆）科学城种质创制大科学中心Chinese People'S Liberation Army Army Specialized Medical Center,(EN) Inhibitor AcrIIIA1IPLA35 of RNA editing system and application of inhibitor AcrIIIA1IPLA35(ZH) RNA编辑系统的抑制剂AcrIIIA1IPLA35及其应用,,,,,,,29.571912,106.578303,,Chong Qing Shi,China,Crop plants,1153.0,True,2021.0,2024.0,False,Gene Editing Systems Development
CN333878095,202110510546,China,2021-05-11,113215156.0,2022-07-22,Beijing Academy Of Agriculture And Forestry Sciences,(EN) Method for efficiently creating fragrant corn by using CRISPR/Cas9 technology(ZH) 一种利用CRISPR/Cas9技术高效创制香味玉米的方法,,,,,,,39.9438284,116.2870162,,Bei Jing Shi,China,Corn/Maize,437.0,True,2021.0,2022.0,False,Other Genetic Improvement for Crop Traits
EP289342224,18721982,European Patent Office,2018-04-24,,,Dupont Nutrition Biosci Apsuniv Laval Canada,(DE) VERFAHREN UND ZUSAMMENSETZUNGEN VON ANTI-CRISPR-PROTEINEN ZUR VERWENDUNG BEI PFLANZEN(EN) METHODS AND COMPOSITIONS OF ANTI-CRISPR PROTEINS FOR USE IN PLANTS(FR) PROCÉDÉS ET COMPOSITIONS DE PROTÉINES ANTI-CRISPR DESTINÉS À ÊTRE UTILISÉS DANS DES PLANTES,201762488969 24.04.2017 US201762488981 24.04.2017 US201762510896 25.05.2017 US201762510914 25.05.2017 US,"CN110891965

BR112019022201

US20200190492

WO/2018/197520

IN201917043473",,,24.04.2018,European Patent Office,45.7335323,-73.4060832,Varennes,Québec,Canada,Crop plants,,False,2018.0,,True,Gene Editing Systems Development
CN200890915,201710194581,China,2017-03-29,,,Zhejiang University,(EN) Method for applying CRISPR-Cas9 system to knockout of key gene HPT in VE synthesis pathway of barley(ZH) 运用CRISPR‑Cas9系统敲除大麦VE合成通路中的关键基因HPT的方法,,,,,,,30.3086844,120.0864995,Hang Zhou Shi,Zhe Jiang Sheng,China,Barley,,False,2017.0,,False,Gene Editing Systems Development
CN401503390,202310255653,China,2023-03-16,,,"Institute Of Crop Science, Chinese Academy Of Agricultural Sciences",(EN) Application of Gma-MIR396a gene editing in regulating and improving weight and stress resistance of soybean seeds(ZH) Gma-MIR396a基因编辑在调控提高大豆籽粒重量、抗逆能力中的应用,,,,,,,39.9628214,116.3269465,,Bei Jing Shi,China,Soybeans,,False,2023.0,,False,Drought Adaptation
CN397428055,202210839276,China,2022-07-18,,,"Vegetable Research Institute Of Guangdong Academy Of Agriculture Sciences广东省农业科学院蔬菜研究所Facility Agriculture Research Institute, Guangdong Academy Of Agricultural Sciences",(EN) Application of PDHB gene in fusaric acid resistance(ZH) PDHB基因在抗镰刀菌酸中的应用,,,,,,,23.1436728,113.3563425,Guang Zhou Shi,Guang Dong Sheng,China,Crop plants,,False,2022.0,,False,Disease Resistance
CN432073458,202410512720.X,China,2024-04-26,,,Beijing Academy Of Agriculture And Forestry Sciences,(EN) CRISPR-Cas12a-based pectobacterium carotovorum visual rapid detection method(ZH) 一种基于CRISPR-Cas12a的胡萝卜软腐果胶杆菌可视化快速检测方法,,,,,26.04.2024,China,39.9438284,116.2870162,,Bei Jing Shi,China,Carrot,,False,2024.0,,False,Disease Resistance
CN401631967,202310197447,China,2021-03-04,,,Western (Chongqing) Science City Germplasm Creation Science Center西部（重庆）科学城种质创制大科学中心Chinese People'S Liberation Army Army Specialized Medical Center,(EN) Anti-CRISPR protein AcrIIIA2SAP26 and application thereof(ZH) 抗CRISPR蛋白AcrIIIA2SAP26及其应用,,,,,,,29.571912,106.578303,,Chong Qing Shi,China,Crop plants,,False,2021.0,,False,Gene Editing Systems Development
CN241720562,201811613265,China,2018-12-27,,,Yichun University,(EN) Method for improving broad-spectrum resistance of rice blast by using CRISPR/Cas9 mediated adenine base editing system(ZH) 利用CRISPR/Cas9介导的腺嘌呤碱基编辑系统改良水稻稻瘟病广谱抗性的方法,,,,,,,27.787301,114.357773,Yi Chun Shi,Jiang Xi Sheng,China,Rice,,False,2018.0,,False,Disease Resistance
CN260334458,201910646780,China,2019-07-17,,,"Wuzhong City Hongsibao District Tianyuan Agriculture And Animal Husbandry Technology Development Co., Ltd.",(EN) Method for knocking out sheep MSTN gene by using large fragment of CRISPR/Cas9 system(ZH) 利用CRISPR/Cas9系统大片段敲除绵羊MSTN基因的方法,,,,,,,37.53042,106.26331,Wuzhong,Ningxia,China,,,False,2019.0,,False,Other Genetic Improvement for Crop Traits
CN442630231,202411330604,China,2024-09-24,,,"Yunnan Normal University云南师范大学Yunnan Yingmao Modern Agriculture Co., Ltd.","(EN) Primer group, kit and method for detecting potato bacterial wilt based on RPA/CRISPR-Cas12a system(ZH) 一种基于RPA/CRISPR-Cas12a体系检测马铃薯青枯病的引物组、试剂盒及方法",,,,,,,24.89448,102.58122,Kunming,Yunnan,China,Potatoes,,False,2024.0,,False,Disease Resistance
CN198383332,102016000918480,China,2016-10-21,,,Vegetable Research Institute Of Shanxi Academy Of Agriculture Sciences,(EN) Construction of CRISPR-Cas9 system of tomato PSY 1 gene and application thereof(ZH) 一种番茄PSY 1基因的CRISPR-Cas9体系构建及其应用,,,,,21.10.2016,China,37.7291829,112.592125,Tai Yuan Shi,Shan Xi Sheng,China,Tomatoes,,False,2016.0,,False,Other Genetic Improvement for Crop Traits
KR365503323,1020200165707,Republic of Korea,2020-12-01,102551063.0,2023-07-05,명지대학교 산학협력단Myongji University Industry And Academia Cooperation Foundation가톨릭대학교 산학협력단The Catholic University Of Korea Industry-Academic Cooperation Foundation,(EN) NOVEL U6 PROMOTER SEPARATED FROM VITIS PLANTS AND USE THEREOF(KO) 포도에서 분리된 신규 U6 프로모터 및 이의 용도,,,,,01.12.2020,South Korea,37.5802219,126.9226047,,Seoul,South Korea,Grape,946.0,True,2020.0,2023.0,False,Gene Editing Systems Development
CN283217400,201911135748,China,2019-11-19,,,Fujian Agriculture And Forestry University,(EN) Cas9-mediated dendrocalamus latiflorus gene editing vector and application thereof(ZH) Cas9介导的麻竹基因编辑载体和应用,,,,,,,26.084946,119.239701,Fu Zhou Shi,Fu Jian Sheng,China,Bamboo,,False,2019.0,,False,Gene Editing Systems Development
CN276925711,201910178919,China,2019-03-11,,,"Saas Biotechnology And Nuclear Technology Research Institute四川省农业科学院生物技术核技术研究所Chengdu Yinong Agriculture Technology Co., Ltd.",(EN) Editing modification method of piricularia oryzae resistance locus DNA in rice genome and editing vector(ZH) 一种水稻基因组中稻瘟病抗性位点DNA的编辑修饰方法、编辑载体,,,,,,,30.612873,104.111671,Chengdu,Sichuan,China,Rice,,False,2019.0,,False,Disease Resistance
CN400361523,202111525534,China,2021-12-14,,,Shandong Agricultural University,(EN) Application of potato auxin response gene StSAUR30231 in inhibition of enzymatic browning of fresh-cut potatoes(ZH) 马铃薯生长素响应基因StSAUR30231在抑制鲜切马铃薯酶促褐变中的应用,,,,,,,36.1939376,117.1193702,Tai An Shi,Shan Dong Sheng,China,Potatoes,,False,2021.0,,False,Other Genetic Improvement for Crop Traits
KR390079858,1020210084294,Republic of Korea,2021-06-28,,,"(주)이지템Easytem Co., Ltd.",(EN) MANUFACTURING METHOD OF FLOWERING-DELAYED CABBAGE PLANTS USING CRISPR/CAS COMPLEX(KO) CRISPR/Cas 복합체를 이용한 개화지연 양배추 식물체의 제조방법,,,,,28.06.2021,South Korea,37.4343677,126.7876611,Siheung-si,Gyeonggi-do,South Korea,Cabbage,,False,2021.0,,False,Other Genetic Improvement for Crop Traits
CN439115859,202410766645,China,2024-06-14,,,Beijing Academy Of Agriculture And Forestry Sciences,(EN) CRISPR/Cas12a-based Chinese cabbage verticillium wilt detection method and related material and application thereof(ZH) 基于CRISPR/Cas12a的大白菜黄萎病检测方法及其相关材料和应用,,,,,,,39.9438284,116.2870162,,Bei Jing Shi,China,Cabbage,,False,2024.0,,False,Disease Resistance
CN362208620,202210358122,China,2022-04-06,,,Limited Responsibility Company Of Yunnan Chinese Tobacco Industry,(EN) Application of tobacco NtCNGC4 gene in preparation of tobacco mutant material for regulating plant height and leaf amino acid content(ZH) 一种烟草NtCNGC4基因在制备调控株高和叶片氨基酸含量的烟草突变体材料中的应用,,,,,,,25.0727148,102.7550882,Kun Ming Shi,Yun Nan Sheng,China,Tobacco,,False,2022.0,,False,Other Genetic Improvement for Crop Traits
CN326420260,202110155151,China,2021-02-04,112852745.0,2023-05-23,"Lanzhou Veterinary Research Institute, Chinese Academy Of Agriculture Sciences",(EN) HDAC3 gene knockout BHK-21 cell line as well as construction method and application thereof(ZH) HDAC3基因敲除的BHK-21细胞系及其构建方法和应用,,,,,,,36.082643,103.853777,Lan Zhou Shi,Gan Su Sheng,China,Other plants,838.0,True,2021.0,2023.0,False,Other Purpose
CN396314321,202310126996,China,2023-02-17,,,Hunan Institute Of Crops,(EN) Application of GmASHH2a/b protein and coding gene thereof in regulation and control of late flowering of soybean(ZH) GmASHH2a/b蛋白及其编码基因在调控大豆晚花中的应用,,,,,,,28.180967,113.084828,Chang Sha Shi,Hu Nan Sheng,China,Soybeans,,False,2023.0,,False,Other Genetic Improvement for Crop Traits
CN438706466,202410788422,China,2024-06-18,,,Fujian Agriculture And Forestry University福建农林大学Jimei University,(EN) High expression system of CRISPR/Cas9 component in bacillus subtilis(ZH) 一种枯草芽孢杆菌中CRISPR/Cas9组件的高表达系统,,,,,,,26.084946,119.239701,Fu Zhou Shi,Fu Jian Sheng,China,Crop plants,,False,2024.0,,False,Gene Editing Systems Development
CN441991338,202410796360,China,2024-06-20,,,Hubei Academy Of Agricultural Sciences Institute Of Food Crops,"(EN) Promoter, gene editing method and application thereof(ZH) 一种启动子、基因编辑方法及其应用",,,,,,,30.482261,114.317809,Wu Han Shi,Hu Bei Sheng,China,Rice,,False,2024.0,,False,Yield Improvement
CN349499155,202111388007,China,2021-11-22,113957087.0,2023-04-28,Tianjin Academy Of Agricultural Sciences,(EN) Application of Sub gene in regulation and control of cold resistance of rice(ZH) Sub基因在调控水稻耐寒性中的应用,,,,,,,39.102605,117.155262,,Tian Jin Shi,China,Rice,522.0,True,2021.0,2023.0,False,Cold Tolerance
CN318550213,202011151685,China,2020-10-23,112359057.0,2022-11-22,Zhejiang University,(EN) Application of CRISPR/Cas12a gene editing system in 84K poplar gene editing(ZH) CRISPR/Cas12a基因编辑系统在84K杨树基因编辑中的应用,,,,,,,30.3086844,120.0864995,Hang Zhou Shi,Zhe Jiang Sheng,China,Poplar,760.0,True,2020.0,2022.0,False,Gene Editing Systems Development
CN198413651,201710014871,China,2017-01-09,106701818.0,2020-04-24,Hunan Hybrid Rice Research Center,(EN) Method for cultivating rice common nuclear sterile lines(ZH) 一种培育水稻普通核不育系的方法,,,,,,,28.197709,113.083429,Chang Sha Shi,Hu Nan Sheng,China,Rice,1201.0,True,2017.0,2020.0,False,Other Genetic Improvement for Crop Traits
CN398440715,202211382050,China,2022-11-07,116083442.0,2024-10-29,"Nanfan Seed Institute, Guangdong Academy Of Sciences",(EN) Sugarcane parthenogenesis haploid induction gene SaMTL and application thereof(ZH) 甘蔗孤雌生殖单倍体诱导基因SaMTL及其应用,,,,,,,23.1468094,113.3579136,Guang Zhou Shi,Guang Dong Sheng,China,"Sugarcane, Corn",722.0,True,2022.0,2024.0,False,Other Genetic Improvement for Crop Traits
KR394570161,1020230023709,Republic of Korea,2023-02-22,102551064.0,2023-07-05,명지대학교 산학협력단Myongji University Industry And Academia Cooperation Foundation가톨릭대학교 산학협력단The Catholic University Of Korea Industry-Academic Cooperation Foundation,(EN) NOVEL U6 PROMOTER SEPARATED FROM VITIS PLANTS AND USE THEREOF(KO) 포도에서 분리된 신규 U6 프로모터 및 이의 용도,,,,,22.02.2023,South Korea,37.5802219,126.9226047,,Seoul,South Korea,Grape,133.0,True,2023.0,2023.0,False,Gene Editing Systems Development
CN398578420,202310296448,China,2023-03-24,,,"China Tobacco Yunnan Industrial Co., Ltd.",(EN) Tobacco chloroplast related protein gene NtTHF1 and application thereof(ZH) 一种烟草叶绿体相关蛋白基因NtTHF1及其应用,,,,,,,26.5895249,106.7159627,Gui Yang Shi,Gui Zhou Sheng,China,Tobacco,,False,2023.0,,False,Other Genetic Improvement for Crop Traits
CN214579669,201711153431,China,2017-11-20,107880099.0,2021-04-06,Rice Research Institute Of Guangdong Academy Of Agricultural Sciences,(EN) Paddy rice seed dormancy controlling gene OsMPK7 and applications thereof(ZH) 水稻种子休眠性调控基因OsMPK7及其应用,,,,,,,23.1468094,113.3579136,Guang Zhou Shi,Guang Dong Sheng,China,Rice,1233.0,True,2017.0,2021.0,False,Other Genetic Improvement for Crop Traits
CN311252861,202010619562.X,China,2020-07-01,,,South China Agricultural University,(EN) Application of ascorbic acid oxidase RIP5 to regulating and controlling of drought resistance of rice(ZH) 抗坏血酸氧化酶RIP5在调控水稻抗旱性中的应用,,,,,01.07.2020,China,23.1568182,113.3536811,Guang Zhou Shi,Guang Dong Sheng,China,Rice,,False,2020.0,,False,Drought Adaptation
CN288662756,201911253430,China,2019-12-09,,,Horticulture Institute Of Xinjiang Academy Of Agricultural Science,(EN) Method for making solanum lycopersicum materials having high fruit lycopene content(ZH) 一种创制果实高番茄红素含量的番茄材料的方法,,,,,,,43.8141912,87.5738005,Wu Lu Mu Qi Shi,Xin Jiang Wei Wu Er Zi Zhi Qu,China,Tomatoes,,False,2019.0,,False,Other Genetic Improvement for Crop Traits
CN432783798,202311859759,China,2023-12-30,,,"Biotechnology Research Institute, Caas",(EN) CRISPR/Cas9 plant genome multi-target editing vector and application thereof(ZH) CRISPR/Cas9植物基因组多靶点编辑载体及其应用,,,,,,,39.959662,116.327333,,北京市,China,Alfalfa,,False,2023.0,,False,Gene Editing Systems Development
CN312390784,202010895148,China,2020-08-31,111961126.0,2022-04-08,"Institute Of Crop Science, Chinese Academy Of Agricultural Sciences",(EN) Application of TaVQ25 gene to regulation of resistance of wheat to powdery mildew and sheath blight disease(ZH) TaVQ25基因在调控小麦对白粉病和纹枯病抗性中的应用,,,,,,,39.9628214,116.3269465,,Bei Jing Shi,China,Wheat,585.0,True,2020.0,2022.0,False,Disease Resistance
CN415868306,202311273440,China,2023-09-28,,,"Crop Research Institute, Guangdong Academy Of Agricultural Sciences",(EN) Corn ZmBAG1 gene and application thereof(ZH) 一种玉米ZmBAG1基因及其应用,,,,,,,23.1460184,113.3481282,Guang Zhou Shi,Guang Dong Sheng,China,Corn/Maize,,False,2023.0,,False,Disease Resistance
CN431079657,202410267438.X,China,2024-03-08,,,Crop Research Institute Of The Sichuan Academy Of Agricultural Sciences,(EN) Transcription factor Osmyb4 for regulating and controlling rice yield quality character and application of transcription factor Osmyb4(ZH) 一种调控水稻产量品质性状的转录因子Osmyb4及其应用,,,,,08.03.2024,China,30.611225,104.1093,Chengdu,Sichuan,China,Rice,,False,2024.0,,False,Yield Improvement
CN436060898,202410629579,China,2024-05-21,,,Crop Research Institute Of Sichuan Academy Of Agricultural Sciences (Sichuan Germplasm Resource Center)四川省农业科学院作物研究所（四川省种质资源中心）,(EN) Rice transcription factor Osmyb5 for regulating and controlling seed shape and application of rice transcription factor Osmyb5(ZH) 一种调控种子粒形的水稻转录因子Osmyb5及其应用,,,,,,,30.623253,104.107983,Cheng Du Shi,Si Chuan Sheng,China,Rice,,False,2024.0,,False,Yield Improvement
CN422922214,202311463066,China,2023-11-06,,,Shanghai Jiao Tong University,(EN) Method for specifically knocking down circRNA of plant based on CRISPR/RfxCas13d system(ZH) 一种基于CRISPR/RfxCas13d系统的特异性敲低植物circRNA的方法,,,,,,,31.0252201,121.4337784,,Shang Hai Shi,China,Crop plants,,False,2023.0,,False,Gene Editing Systems Development
CN405893770,202211175660,China,2022-09-26,,,"Institute Of Crop Science, Chinese Academy Of Agricultural Sciences",(EN) Wheat yellow mosaic disease susceptible gene TaEIF4E and application thereof(ZH) 一种小麦黄花叶病感病基因TaEIF4E及其应用,,,,,,,39.9628214,116.3269465,,Bei Jing Shi,China,Wheat,,False,2022.0,,False,Disease Resistance
AR440322764,P230101611,Argentina,2023-06-23,,,Syngenta Crop Protection Ag,"(ES) PROTEÍNAS DE FUSIÓN DE EXONUCLEASA CAS Y MÉTODOS ASOCIADOS PARA LA ESCISIÓN, INVERSIÓN E INTEGRACIÓN ESPECÍFICA DEL SITIO",2022 1 0718723.X 23.06.2022 CN,"WO/2023/250475

AU2023288540

KR1020250028392

MXMX/a/2024/016033This application is not viewable in PATENTSCOPE because the national phase entry has not been published yet or the national entry is issued from a country that does not share data with WIPO or there is a formatting issue or an unavailability of the application.

PH12024553107This application is not viewable in PATENTSCOPE because the national phase entry has not been published yet or the national entry is issued from a country that does not share data with WIPO or there is a formatting issue or an unavailability of the application.

AUAU2023288540This application is not viewable in PATENTSCOPE because the national phase entry has not been published yet or the national entry is issued from a country that does not share data with WIPO or there is a formatting issue or an unavailability of the application.

EA202590113This application is not viewable in PATENTSCOPE because the national phase entry has not been published yet or the national entry is issued from a country that does not share data with WIPO or there is a formatting issue or an unavailability of the application.

EP2023828081This application is not viewable in PATENTSCOPE because the national phase entry has not been published yet or the national entry is issued from a country that does not share data with WIPO or there is a formatting issue or an unavailability of the application.",,,23.06.2023,Argentina,47.5522214,7.9640805,Stein,Aargau,Switzerland,Crop plants,,False,2023.0,,True,Gene Editing Systems Development
CN422811964,202311355506,China,2023-10-19,,,Henan Super Wheat Science And Technology Research Institute,(EN) High wheat new strain breeding technology(ZH) 一种高麦新品系育种技术,,,,,,,34.771556,113.685122,Zheng Zhou Shi,He Nan Sheng,China,Wheat,,False,2023.0,,False,Yield Improvement
CN424851403,202311478130,China,2023-11-08,,,Crop Research Institute Of The Sichuan Academy Of Agricultural Sciences,"(EN) Gene DUF630/632 for controlling rice yield quality traits, protein and application(ZH) 控制水稻产量品质性状的基因DUF630/632及蛋白和应用",,,,,,,30.611225,104.1093,Chengdu,Sichuan,China,Rice,,False,2023.0,,False,Yield Improvement
CN432990932,202410299735,China,2024-03-15,,,South China Agricultural University,(EN) Application of STR of rice OsFD1 gene promoter region or method for targeted deletion of STR in rice molecular breeding(ZH) 水稻OsFD1基因启动子区的STR或靶向删除该STR的方法在水稻分子育种中的应用,,,,,,,23.1568182,113.3536811,Guang Zhou Shi,Guang Dong Sheng,China,Rice,,False,2024.0,,False,Yield Improvement
CN441690668,202411113506,China,2024-08-14,,,"Institute Of Crop Science, Chinese Academy Of Agricultural Sciences",(EN) Method for creating corn germplasm with high starch freeze-thaw stability and related biological material thereof(ZH) 创制淀粉冻融稳定性强的玉米种质的方法及其相关生物材料,,,,,,,39.9628214,116.3269465,,Bei Jing Shi,China,Corn/Maize,,False,2024.0,,False,Cold Tolerance
CN422255217,202311390312,China,2023-10-25,,,Shanghai University,(EN) Callus-specific CRISPR/Cas9 gene editing system for improving genetic editing rate and application of callus-specific CRISPR/Cas9 gene editing system(ZH) 一种提高遗传编辑率的愈伤组织特异CRISPR/Cas9基因编辑系统及其应用,,,,,,,31.3148036,121.382746,,Shang Hai Shi,China,Crop plants,,False,2023.0,,False,Gene Editing Systems Development
CN185364502,201610197563,China,2016-03-31,,,"Inner Mongolia Zhongke Zhengbiao Biotechnology Co., Ltd.","(EN) Monocotyledon plant gene knockout vector based on CRISPR/Cas9 technology, and applications thereof(ZH) 基于CRISPR/Cas9技术的单子叶植物基因敲除载体及其应用",2015101560575 03.04.2015 CN,CN106434737,,,,,43.598269,121.3295017,Tong Liao Shi,Nei Meng Gu Zi Zhi Qu,China,Crop plants,,False,2016.0,,True,Gene Editing Systems Development
CN438265198,202410766641,China,2024-06-14,,,Beijing Academy Of Agriculture And Forestry Sciences,(EN) CRISPR/Cas12a-based Chinese cabbage clubroot detection method and related material and application thereof(ZH) 基于CRISPR/Cas12a的大白菜根肿病检测方法及其相关材料和应用,,,,,,,39.9438284,116.2870162,,Bei Jing Shi,China,Cabbage,,False,2024.0,,False,Other Purpose
CN438257230,202410766646,China,2024-06-14,,,Beijing Academy Of Agriculture And Forestry Sciences,(EN) CRISPR/Cas12a-based Chinese cabbage downy mildew detection method and related materials and application thereof(ZH) 基于CRISPR/Cas12a的大白菜霜霉病检测方法及其相关材料和应用,,,,,,,39.9438284,116.2870162,,Bei Jing Shi,China,Cabbage,,False,2024.0,,False,Disease Resistance
CN405878758,202310732069,China,2023-06-20,,,"Lanzhou Veterinary Research Institute, Chinese Academy Of Agriculture Sciences",(EN) LAMP-CRISPRCas12a-based primer for detecting porcine circovirus type 2 and detection method(ZH) 一种基于LAMP-CRISPRCas12a检测猪圆环2型病毒的引物及检测方法,,,,,,,36.082643,103.853777,Lan Zhou Shi,Gan Su Sheng,China,,,False,2023.0,,False,Other Purpose
CN235360010,201810794443,China,2018-07-18,,,"Qingdao Yuance Group Co., Ltd.",(EN) Preparation method for plant mutant(ZH) 一种植株突变体的制备方法,,,,,,,36.18844,120.50863,Qing Dao Shi,Shan Dong Sheng,China,Rice,,False,2018.0,,False,Other Genetic Improvement for Crop Traits
CN337665974,202110703245,China,2021-06-24,,,"Lanzhou Veterinary Research Institute, Chinese Academy Of Agriculture Sciences",(EN) Kit for detecting toxoplasma gondii based on isothermal amplification-CRISPR/Cas12a technology and application thereof(ZH) 一种基于等温扩增-CRISPR/Cas12a技术检测弓形虫的试剂盒及其应用,,,,,,,36.082643,103.853777,Lan Zhou Shi,Gan Su Sheng,China,Other plants,,False,2021.0,,False,Other Purpose
CN254016789,201811511143,China,2018-12-11,110272915.0,2020-10-30,"Institute Of Crop Science, Chinese Academy Of Agricultural Sciences",(EN) Method for cultivating bacterial blight-resistant rice through gene editing technology(ZH) 一种通过基因编辑技术培育抗白叶枯病水稻的方法,,,,,,,39.9628214,116.3269465,,Bei Jing Shi,China,Rice,689.0,True,2018.0,2020.0,False,Disease Resistance
CN297246081,202010098740,China,2020-02-18,111154764.0,2021-08-20,"Institute Of Crop Science, Chinese Academy Of Agricultural Sciences",(EN) Method for improving disease resistance of rice through genome editing and sgRNA used in method(ZH) 一种通过基因组编辑提高水稻抗病性的方法及其使用的sgRNA,,,,,,,39.9628214,116.3269465,,Bei Jing Shi,China,Rice,549.0,True,2020.0,2021.0,False,Disease Resistance
CN350474495,202111321460,China,2021-11-09,113999856.0,2024-04-16,Jiangsu Academy Of Agricultural Sciences,(EN) Soybean seed vigor regulation gene GmSV1 and application thereof(ZH) 大豆种子活力调控基因GmSV1及其应用,,,,,,,32.035361,118.869025,Nanjing,Jiangsu,China,Soybeans,889.0,True,2021.0,2024.0,False,Yield Improvement
CN345741374,202111177080,China,2021-10-09,,,"Institute Of Crop Science, Chinese Academy Of Agricultural Sciences中国农业科学院作物科学研究所Biotechnology Research Institute, Caas",(EN) Function and application of SiLCYB in regulating and controlling anabolism of millet carotenoids such as lycopene(ZH) SiLCYB调控番茄红素等谷子类胡萝卜素合成代谢的功能及应用,,,,,,,39.959662,116.327333,,北京市,China,Millet,,False,2021.0,,False,Other Genetic Improvement for Crop Traits
CN403514769,202310414666,China,2023-04-18,,,Jiangsu Lixiahe Region Agricultural Research Institute,(EN) Wheat DNA demethylase gene TaROS1 gene editing vector and application thereof(ZH) 小麦DNA去甲基化酶基因TaROS1基因编辑载体及其应用,,,,,,,32.4207672,119.5277205,Yang Zhou Shi,Jiang Su Sheng,China,Wheat,,False,2023.0,,False,Other Genetic Improvement for Crop Traits
CN405750188,202310504666,China,2023-05-06,,,"Institute Of Crop Science, Chinese Academy Of Agricultural Sciences","(EN) Method for constructing sgRNA combination of new soybean variety, method for cultivating new soybean variety and application of sgRNA combination(ZH) 一种用于构建大豆新品种的sgRNA组合及培育大豆新品种的方法和应用",,,,,,,39.9628214,116.3269465,,Bei Jing Shi,China,Soybeans,,False,2023.0,,False,Other Genetic Improvement for Crop Traits
CN280387332,201911017260,China,2019-10-24,110627888.0,2021-04-16,China Agricultural University,(EN) Stiff1 gene for regulating maize stalk strength and application of encoded protein of Stiff1 gene(ZH) 一种调控玉米茎秆强度的Stiff1基因及其编码蛋白的应用,,,,,,,40.004202,116.352988,,Bei Jing Shi,China,Corn/Maize,540.0,True,2019.0,2021.0,False,Yield Improvement
CN401510636,202310237362,China,2023-03-13,116286742.0,2023-11-17,"Longping Biotechnology (Hainan) Co., Ltd.隆平生物技术（海南）","(EN) CasD protein, CRISPR/CasD gene editing system and application of CRISPR/CasD gene editing system in plant gene editing(ZH) CasD蛋白、CRISPR/CasD基因编辑系统及其在植物基因编辑中的应用",,,,,,,19.9891073,110.3202402,Hai Kou Shi,Hai Nan Sheng,China,Crop plants,249.0,True,2023.0,2023.0,False,Gene Editing Systems Development
CN376170672,202210650148,China,2022-06-10,115109796.0,2024-01-16,Anhui Academy Of Agricultural Sciences安徽省农业科学院水稻研究所Nanjing Agricultural University,(EN) Construction method and application of recessive genic male sterility rice germplasm(ZH) 一种隐性核不育水稻种质的构建方法及其应用,,,,,,,32.033399,118.842587,Nan Jing Shi,Jiang Su Sheng,China,Rice,585.0,True,2022.0,2024.0,False,Other Genetic Improvement for Crop Traits
CN425348422,202311347930.X,China,2023-10-17,,,South China Agricultural University,(EN) Method for delaying heading period of rice and improving yield based on editing rice Ehd1 gene promoter region(ZH) 一种基于编辑水稻Ehd1基因启动子区的延迟水稻抽穗期和提高产量的方法,,,,,17.10.2023,China,23.1568182,113.3536811,Guang Zhou Shi,Guang Dong Sheng,China,Rice,,False,2023.0,,False,Yield Improvement
CN334871680,202110508398,China,2021-05-10,113265418.0,2023-03-07,Guangzhou University,(EN) Method for specifically knocking out soybean SOC1 gene by CRISPR/Cas9 and application of method(ZH) 一种CRISPR/Cas9特异性敲除大豆SOC1基因的方法及其应用,,,,,,,23.2759012,113.6721525,Guangzhou,Guangdong Province,China,Soybeans,666.0,True,2021.0,2023.0,False,Yield Improvement
CN346893609,202110885203,China,2021-08-03,113832180.0,2024-06-28,Huazhong Agricultural University,(EN) CRISPR/Cas13b-mediated cotton RNA transcription regulation method(ZH) CRISPR/Cas13b介导的棉花RNA转录调控方法,,,,,,,30.475126,114.353035,Wu Han Shi,Hu Bei Sheng,China,Cotton,1060.0,True,2021.0,2024.0,False,Other Genetic Improvement for Crop Traits
CN431136860,202410468499,China,2024-04-18,118126981.0,2024-11-12,West (Chongqing) Science City Germplasm Creation And System Big Science Center西部（重庆）,(EN) Method for improving citrus liberobacter asiaticum resistance by using CsMEKK1-2 gene(ZH) 一种利用CsMEKK1-2基因提高柑橘耐黄龙病的方法,,,,,,,29.571912,106.578303,,Chong Qing Shi,China,Citrus,208.0,True,2024.0,2024.0,False,Disease Resistance
CN232511154,201810495827,China,2018-05-22,,,Shandong Rice Research Institute,(EN) Method for improving rice salt resistance(ZH) 一种提高水稻耐盐能力的方法,,,,,,,35.38449,116.607296,Jining,Shandong,China,Rice,,False,2018.0,,False,Other Genetic Improvement for Crop Traits
CN276929866,201910659379.X,China,2019-07-22,110423751.0,2021-05-18,Jianghan University,(EN) Method and kit for promoting flowering time of rice and mutation genotypes(ZH) 用于提早水稻开花时间的方法、试剂盒、突变基因型,,,,,22.07.2019,China,30.601749,114.291077,Wu Han Shi,Hu Bei Sheng,China,Rice,666.0,True,2019.0,2021.0,False,Yield Improvement
CN344455101,202110996362,China,2021-08-27,113717960.0,2023-07-18,University Of Electronic Science And Technology Of China,"(EN) Novel Cas9 protein, CRISPR-Cas9 genome directed editing vector and genome editing method(ZH) 一种新Cas9蛋白、CRISPR-Cas9基因组定向编辑载体及基因组编辑方法",,,,,,,30.6624863,104.1021662,Cheng Du Shi,,China,Crop plants,690.0,True,2021.0,2023.0,False,Gene Editing Systems Development
CN374856635,202210631019,China,2022-06-06,115011609.0,2024-03-19,Jiangsu University,"(EN) BnaFANCM gene, application and method for obtaining rape male sterility mutant(ZH) BnaFANCM基因、应用及获得油菜雄性不育突变体的方法",,,,,,,32.19932,119.514279,Zhen Jiang Shi,,China,Canola,652.0,True,2022.0,2024.0,False,Other Genetic Improvement for Crop Traits
CN370167585,202011535209.X,China,2020-12-23,114736919.0,2023-08-11,China Agricultural University,(EN) Method for cultivating drought-resistant corn by editing carbonic anhydrase gene and application thereof(ZH) 通过编辑碳酸酐酶基因培育抗旱玉米的方法及其应用,,,,,23.12.2020,China,40.004202,116.352988,,Bei Jing Shi,China,Corn/Maize,961.0,True,2020.0,2023.0,False,Drought Adaptation
CN406241633,202310549093,China,2023-05-16,,,"China Tobacco Yunnan Industrial Co., Ltd.",(EN) Tobacco potassium ion channel gene NtKAT3 and application thereof(ZH) 一种烟草钾离子通道基因NtKAT3及其应用,,,,,,,26.5895249,106.7159627,Gui Yang Shi,Gui Zhou Sheng,China,Tobacco,,False,2023.0,,False,Yield Improvement
CN314067486,201911304476,China,2019-12-17,112094862.0,2022-04-19,Huazhong Agricultural University,(EN) Method for creating marked male sterile line of cotton(ZH) 一种带有标记的棉花雄性不育系的创制方法,,,,,,,30.475126,114.353035,Wu Han Shi,Hu Bei Sheng,China,Cotton,854.0,True,2019.0,2022.0,False,Other Genetic Improvement for Crop Traits
CN370574256,202210226451,China,2022-05-16,,,"China Tobacco Yunnan Industrial Co., Ltd.",(EN) Application and method of tobacco osmomodulin related gene(ZH) 一种烟草渗调蛋白相关基因的应用及方法,,,,,,,26.5895249,106.7159627,Gui Yang Shi,Gui Zhou Sheng,China,Tobacco,,False,2022.0,,False,Other Genetic Improvement for Crop Traits
CN238918594,201811406322,China,2018-11-23,109371040.0,2021-04-27,Zhejiang University,(EN) Application of rice OsARF6 gene to regulation of rice seed grain shapes(ZH) 水稻OsARF6基因在调控水稻种子粒型中的应用,,,,,,,30.3086844,120.0864995,Hang Zhou Shi,Zhe Jiang Sheng,China,Rice,886.0,True,2018.0,2021.0,False,Yield Improvement
CN419379188,202311616319,China,2023-11-30,117305512.0,2024-03-05,China Agricultural University,(EN) Nucleic acid detection method for detecting soybean plant MON87705(ZH) 一种用于检测大豆植物MON87705的核酸检测方法,,,,,,,40.004202,116.352988,,Bei Jing Shi,China,Soybeans,96.0,True,2023.0,2024.0,False,Other Purpose
CN219499720,201711153389,China,2017-11-20,108047319.0,2021-04-06,Rice Research Institute Of Guangdong Academy Of Agricultural Sciences,(EN) Rice seed dormancy regulation gene OsMPK14 and application thereof(ZH) 水稻种子休眠性调控基因OsMPK14及其应用,,,,,,,23.1468094,113.3579136,Guang Zhou Shi,Guang Dong Sheng,China,Rice,1233.0,True,2017.0,2021.0,False,Other Genetic Improvement for Crop Traits
CN396319107,202211432982,China,2022-11-16,,,"Tea Research Institute, Chinese Academy Of Agricultural Sciences",(EN) Tea tree CsU6 gene promoter and cloning and application thereof(ZH) 茶树CsU6基因启动子及其克隆与应用,,,,,,,30.180528,120.092503,Hang Zhou Shi,Zhe Jiang Sheng,China,"Tobacco, Tea",,False,2022.0,,False,Gene Editing Systems Development
CN430695943,202410212457,China,2024-02-27,118086296.0,2025-01-21,"Institute Of Chinese Materia Medica, China Academy Of Chinese Medical Sciences","(EN) Promoter for improving gene editing efficiency of CRISPR/Cas9 system, gene editing vector and application(ZH) 一种用于提高CRISPR/Cas9系统基因编辑效率的启动子、基因编辑载体与应用",,,,,,,39.9399646,116.4272473,,Bei Jing Shi,China,Other plants,329.0,True,2024.0,2025.0,False,Gene Editing Systems Development
CN368366138,202011572744,China,2020-12-24,114672493.0,2023-07-21,Chinese Agricultural University,(EN) The invention relates to a method using ZmPHT1; method for cultivating drought-resistant plant by using 7 protein or coding gene thereof(ZH) 一种用ZmPHT1;7蛋白或其编码基因培育抗旱植物的方法,,,,,,,40.004202,116.352988,,Bei Jing Shi,China,Crop plants,939.0,True,2020.0,2023.0,False,Drought Adaptation
CN436449858,202410126892,China,2024-01-30,118345100.0,2024-09-13,Guizhou Drought Grain Sorghum Research Institute,(EN) Application of ZmPMI1L gene or encoded protein thereof in regulation and control of corn plant height(ZH) ZmPMI1L基因或其编码蛋白在调控玉米株高中的应用,,,,,,,25.071115,105.467647,Qianxinan Buyei and Miao Autonomous Prefecture,Guizhou,China,Corn/Maize,227.0,True,2024.0,2024.0,False,Yield Improvement
CN220635484,201710380845,China,2017-05-25,,,Henan Agricultural University,(EN) Method for preparing rice mutant OsPIL15 based on CRISPR/Cas9 technology and application,,,,,,,34.7854718,113.6632032,Zheng Zhou Shi,He Nan Sheng,China,Rice,,False,2017.0,,False,Yield Improvement
DK429311641,17739336,Denmark,2017-06-20,3472325.0,2024-05-21,Keygene N.V.,(DA) Fremgangsmåde til målrettet DNA-ændring i planteceller,2016998 20.06.2016 NL,"AU2017282623

CA3027869

KR1020190020035

EP3472325

WO/2017/222370

JP2019517805

US20190367933

FIEP3472325

ES2981548

IL263595",,,20.06.2017,Denmark,51.9763484,5.6461028,Wageningen,Gelderland,Netherlands,Crop plants,2527.0,True,2017.0,2024.0,True,Gene Editing Systems Development
CN288644961,201911128275,China,2019-11-18,110760538.0,2022-12-02,Jiangsu Academy Of Agricultural Sciences,(EN) Method for creating blight resistant citrullus lanatus germplasm material(ZH) 一种创制枯萎病抗性西瓜种质材料的方法,,,,,,,32.035361,118.869025,Nanjing,Jiangsu,China,Watermelon,1110.0,True,2019.0,2022.0,False,Disease Resistance
CN361389236,202210211936,China,2022-03-04,,,South China Agriculture University,(EN) Cell strain with human SLC25A12 gene knocked out and application of cell strain(ZH) 一种敲除人SLC25A12基因的细胞株及其应用,,,,,,,23.1568182,113.3536811,Guang Zhou Shi,Guang Dong Sheng,China,Other plants,,False,2022.0,,False,Other Purpose
KR393118857,1020210104894,Republic of Korea,2021-08-09,102573952.0,2023-09-01,경상국립대학교산학협력단Industry-Academic Cooperation Foundation Gyeongsang National University,"(EN) SYSTEM FOR SIMULTANEOUS TARGET GENE EDITING OF E2 AND HOMOLOGOUS CHROMOSOME THEREOF, AND USE THEREOF(KO) E2와 이의 상동체 동시 타겟 유전자교정 시스템 및 이의 용도",,,,,09.08.2021,South Korea,35.1530444,128.1010899,Jinju-si,Gyeongsangnam-do,South Korea,Soybeans,753.0,True,2021.0,2023.0,False,Yield Improvement
CN206674365,201710674531,China,2017-08-09,107312785.0,2019-12-06,Sichuan Agricultural University,(EN) Application of OsKTN80b gene in terms of reducing rice plant height(ZH) OsKTN80b基因在降低水稻株高方面的应用,,,,,,,29.977484,102.993691,Ya An Shi,,China,Rice,849.0,True,2017.0,2019.0,False,Yield Improvement
KR356034458,1020200114891,Republic of Korea,2020-09-08,102522125.0,2023-04-14,주식회사 케이티앤지Kt & G Corporation,(EN) PLANT WITH REDUCED HEAVY METALS AND MANUFACTURING METHOD THEREOF(KO) 중금속 저감된 식물체 및 이의 제조방법,,"WO/2022/055144

US20240052360",,,08.09.2020,South Korea,40.76151175,-73.89986025,,,,Crop plants,948.0,True,2020.0,2023.0,True,Other Genetic Improvement for Crop Traits
CN440611313,202410693945,China,2024-05-31,,,"Cotton Research Institute, Shanxi Agricultural University",(EN) Method for creating compact plant type material of cotton by using gene editing technology(ZH) 一种利用基因编辑技术创制棉花紧凑株型材料的方法,,,,,,,35.0379614,110.9885766,Yun Cheng Shi,Shan Xi Sheng,China,Cotton,,False,2024.0,,False,Other Genetic Improvement for Crop Traits
AR409883138,P220101598,Argentina,2022-06-16,,,Pairwise Plants Services Inc,(ES) MODIFICACIÓN DE FACTORES DE TRANSCRIPCIÓN DE LA FAMILIA DE FACTORES REGULADORES DEL CRECIMIENTO EN SOJA,"63/211,860 17.06.2021 US","WO/2022/266271

UY0001039822

CA3223995

EP4355083

CN117897050

MX2023014775

IN202447002329This application is not viewable in PATENTSCOPE because the national phase entry has not been published yet or the national entry is issued from a country that does not share data with WIPO or there is a formatting issue or an unavailability of the application.",,,16.06.2022,Argentina,35.9900355,-78.8898264,Durham,North Carolina,United States,Soybeans,,False,2022.0,,True,Disease Resistance
CN369011258,202210336609,China,2022-03-31,114703187.0,2023-06-30,Northeast Forestry University,(EN) Fraxinus mandshurica U6 gene promoter proFmU6.7 and cloning and application thereof(ZH) 一种水曲柳U6基因启动子proFmU6.7及其克隆与应用,,,,,,,45.7240008,126.6403002,Ha Er Bin Shi,Hei Long Jiang Sheng,China,Other plants,456.0,True,2022.0,2023.0,False,Gene Editing Systems Development
CN431134476,202410335035,China,2024-03-22,,,"China Tobacco Yunnan Industrial Co., Ltd.",(EN) Application of tobacco phenylalanine ammonialyase gene NtPAL in regulation and control of polyphenol content and disease resistance(ZH) 一种烟草苯丙氨酸解氨酶基因NtPAL调控多酚含量及抗病性的应用,,,,,,,26.5895249,106.7159627,Gui Yang Shi,Gui Zhou Sheng,China,Tobacco,,False,2024.0,,False,Disease Resistance
CN425951423,202311656062,China,2023-12-05,,,Henan University,(EN) Application of arabidopsis thaliana ERF012 gene in regulation and control of seed germination(ZH) 拟南芥ERF012基因在调控种子萌发中的应用,,,,,,,34.808921,114.369752,Kai Feng Shi,He Nan Sheng,China,Crop plants,,False,2023.0,,False,Drought Adaptation
CN340512517,202110618335,China,2021-06-03,113549617.0,2023-06-30,Nanjing Agricultural University,(EN) SgRNA for editing non-heading Chinese cabbage CENH3 gene and CRISPR/Cas9 vector and application thereof(ZH) 编辑不结球白菜CENH3基因的sgRNA及其CRISPR/Cas9载体和应用,,,,,,,32.033399,118.842587,Nan Jing Shi,Jiang Su Sheng,China,Cabbage,757.0,True,2021.0,2023.0,False,Other Genetic Improvement for Crop Traits
CN431146863,202410429950.X,China,2024-04-10,,,Nanjing Agricultural University,(EN) Application of GmSIG1 gene in regulation and control of soybean plant type(ZH) GmSIG1基因在调控大豆株型中的应用,,,,,10.04.2024,China,32.033399,118.842587,Nan Jing Shi,Jiang Su Sheng,China,Soybeans,,False,2024.0,,False,Yield Improvement
CN415089875,202310785469,China,2023-06-29,117025627.0,2024-11-01,Zhengzhou Tobacco Research Institute Of Cntc,(EN) Tobacco chloride channel protein NtCLC13 as well as coding gene and application thereof(ZH) 烟草氯离子通道蛋白NtCLC13及其编码基因和应用,,,,,,,34.814913,113.55702,Zheng Zhou Shi,He Nan Sheng,China,Tobacco,491.0,True,2023.0,2024.0,False,Other Genetic Improvement for Crop Traits
CN409115559,202310699899,China,2023-06-14,116751272.0,2024-02-06,Nankai University,(EN) Application of NAC079 gene in regulation and control of rice sheath blight resistance(ZH) NAC079基因在调控水稻抗纹枯病中的应用,,,,,,,39.1039443,117.1742232,,Tian Jin Shi,China,Rice,237.0,True,2023.0,2024.0,False,Disease Resistance
CN217719882,201810059521,China,2018-01-22,107988252.0,2020-05-26,"Institute Of Genetics And Developmental Biology, Chinese Academy Of Sciences",(EN) Application of bHLH73 protein to regulation and control of plant height(ZH) bHLH73蛋白在调控植物株高中的应用,,,,,,,38.115509,114.533286,Shi Jia Zhuang Shi,He Bei Sheng,China,Rice,855.0,True,2018.0,2020.0,False,Yield Improvement
CN441690782,202411169010,China,2024-08-23,,,"Institute Of Plant Protection, Chinese Academy Of Agricultural Sciences",(EN) Application of PEX16 gene in regulation and control of plant virus resistance and transgenic plant cultivation method(ZH) PEX16基因在调控植物抗病毒中的应用及转基因植物培育方法,,,,,,,39.9628214,116.3269465,,Bei Jing Shi,China,Tobacco,,False,2024.0,,False,Disease Resistance
CN420582339,202311209620,China,2023-09-18,117385076.0,2025-02-21,Institute Of Plant Protection Of Xinjiang Academy Of Agricultural Sciences新疆农业科学院植物保护研究所Chinese Academy Of Inspection And Quarantine,(EN) Kit and detection method for detecting fusarium verticillium based on RPA-CRISPR/Cas system(ZH) 基于RPA-CRISPR/Cas系统检测拟轮枝镰孢菌的试剂盒和检测方法,,,,,,,43.8141912,87.5738005,Wu Lu Mu Qi Shi,Xin Jiang Wei Wu Er Zi Zhi Qu,China,Corn/Maize,522.0,True,2023.0,2025.0,False,Disease Resistance
CN223068417,201711351623,China,2017-12-15,,,Zhengzhou Tobacco Research Institute Of Cntc中国烟草总公司郑州烟草研究院Henan University,(EN) Method for identifying homozygous mutant edited by genome(ZH) 一种鉴定基因组编辑纯合突变体的方法,,,,,,,34.814913,113.55702,Zheng Zhou Shi,He Nan Sheng,China,Crop plants,,False,2017.0,,False,Gene Editing Systems Development
CN428115147,202410218614,China,2024-02-28,,,"Shanghai Normal University上海师范大学Shanghai Tolo Biotechnology Co., Ltd.上海吐露港生物科技有限公司Shanghai Customs Animal, Plant And Food Inspection And Quarantine Technology Center",(EN) One-tube method for detecting food-borne hepatitis A virus by combining CRISPR/Cas12a and RT-LAMP(ZH) 结合CRISPR/Cas12a和RT-LAMP的用于检测食源性甲肝病毒的一管式方法,,,,,,,30.835243,121.519928,,Shang Hai Shi,China,Crop plants,,False,2024.0,,False,Other Purpose
CN425359198,202311645972,China,2023-12-04,,,West (Chongqing) Science City Germplasm Creation And System Big Science Center西部（重庆）科学城种质创制大科学中心Southwest University,(EN) Method for improving potato PSTVd resistance based on CRISPR-RfxCas13d system and product and application thereof(ZH) 基于CRISPR-RfxCas13d系统提高马铃薯PSTVd抗性的方法及其产品和应用,,,,,,,29.571912,106.578303,,Chong Qing Shi,China,Potatoes,,False,2023.0,,False,Disease Resistance
CN418694201,202210662170,China,2022-06-13,,,Nanjing Agricultural University,(EN) Pear CRISPR/Cas9 gene editing system and application thereof(ZH) 一种梨CRISPR/Cas9基因编辑系统及其应用,,,,,,,32.033399,118.842587,Nan Jing Shi,Jiang Su Sheng,China,Pear,,False,2022.0,,False,Gene Editing Systems Development
CN326427672,202110442352,China,2021-04-23,112852980.0,2021-11-26,"Shanghai Customs Animal, Plant And Food Inspection And Quarantine Technology Center",(EN) Detection method for detecting nucleic acid of Atlantic salmon based on CRISPR fluorescence method and detection kit(ZH) 基于CRISPR荧光法检测大西洋鲑核酸的检测方法及其检测试剂盒,,,,,,,30.80307,121.41705,,Shang Hai Shi,China,Other plants,217.0,True,2021.0,2021.0,False,Other Purpose
CN346614684,202111068942,China,2021-09-13,,,Hunan Hybrid Rice Research Center,"(EN) Method for improving thermo-sensitive sterile rice line, application and recombinant vector(ZH) 改良水稻温敏不育系的方法及应用和重组载体",,,,,,,28.197709,113.083429,Chang Sha Shi,Hu Nan Sheng,China,Rice,,False,2021.0,,False,Yield Improvement
CN429513314,202410178459,China,2024-02-09,,,West (Chongqing) Science City Germplasm Creation And System Big Science Center西部（重庆）科学城种质创制大科学中心Southwest University,(EN) Application of PtoPIF3.2 gene of populus tomentosa in promoting plant growth and xylem development(ZH) 毛白杨PtoPIF3.2基因在促进植株生长和木质部发育中的应用,,,,,,,29.571912,106.578303,,Chong Qing Shi,China,Poplar,,False,2024.0,,False,Yield Improvement
CN438248373,202410643856,China,2024-05-23,,,Northeast Agricultural University,(EN) Application of knockout soybean GmDMEb gene in increasing soybean plant branch number and increasing soybean yield(ZH) 敲除大豆GmDMEb基因在增加大豆植株分枝数及提高大豆产量中的应用,,,,,,,45.73547,126.725765,Ha Er Bin Shi,Hei Long Jiang Sheng,China,Soybeans,,False,2024.0,,False,Yield Improvement
KR393118858,1020210104895,Republic of Korea,2021-08-09,102584891.0,2023-10-04,경상국립대학교산학협력단Industry-Academic Cooperation Foundation Gyeongsang National University,(EN) GMIKP1 GENE EDITING SYSTEM AND USE THEREOF(KO) GmIPK1 유전자교정 시스템 및 이의 용도,,,,,09.08.2021,South Korea,35.1530444,128.1010899,Jinju-si,Gyeongsangnam-do,South Korea,Soybeans,786.0,True,2021.0,2023.0,False,Other Genetic Improvement for Crop Traits
CN425953501,202311665548,China,2023-12-06,,,Huazhong Agricultural University,(EN) Application of BnaSPL14 gene in cultivation of multi-branch high-yield transgenic plant(ZH) BnaSPL14基因在培育多分枝高产转基因植物中的应用,,,,,,,30.475126,114.353035,Wu Han Shi,Hu Bei Sheng,China,Canola,,False,2023.0,,False,Yield Improvement
CN314570137,201910582527,China,2019-06-28,112143730.0,2022-09-30,Northeast Agricultural University,(EN) Soybean GmEF1B gene mutant plant as well as preparation method and application thereof(ZH) 一种大豆GmEF1B基因突变体植株及其制备方法及应用,,,,,,,45.73547,126.725765,Ha Er Bin Shi,Hei Long Jiang Sheng,China,Soybeans,1190.0,True,2019.0,2022.0,False,Disease Resistance
CN321339029,202011490419,China,2020-12-16,112538486.0,2022-02-05,Henan Agricultural University,"(EN) Gene for controlling maize plant height, protein encoded by gene and application of gene(ZH) 控制玉米株高的基因、其编码的蛋白质以及应用",,,,,,,34.7854718,113.6632032,Zheng Zhou Shi,He Nan Sheng,China,Corn/Maize,416.0,True,2020.0,2022.0,False,Yield Improvement
CN350464637,202010731015,China,2020-07-27,113999871.0,2024-01-19,"China National Seed Group Co., Ltd.",(EN) Method for creating dwarf upright plant type rice germplasm and application of dwarf upright plant type rice germplasm(ZH) 创制矮杆直立株型的水稻种质的方法及其应用,,,,,,,34.745974,117.53768,Zaozhuang,Shandong,China,Rice,1271.0,True,2020.0,2024.0,False,Yield Improvement
CN321339794,202011538862,China,2020-12-23,,,Guangdong Institute Of Microbiology (Guangdong Detection Center Of Microbiology )广东省微生物研究所（广东省微生物分析检测中心）,(EN) CRISPR/Cas9 vector suitable for myrothecium roridum A553 as well as construction method and application of CRISPR/Cas9 vector(ZH) 一种适用于露湿漆斑菌A553的CRISPR/Cas9载体及其构建方法和应用,,,,,,,23.1407971,113.2999309,Guang Zhou Shi,Guang Dong Sheng,China,Crop plants,,False,2020.0,,False,Other Purpose
CN428735721,202311784843,China,2023-12-24,,,"Hubei Biopesticide Engineering Research Center湖北省生物农药工程研究中心Institute Of Plant Protection, Chinese Academy Of Agricultural Sciences","(EN) Low-temperature specific ralstonia solanacearum, specific fragment and application(ZH) 低温特异性生姜青枯菌、特异性片段及应用",,,,,,,30.47882,114.55371,Wuhan,Hubei,China,Ginger,,False,2023.0,,False,Disease Resistance
CN340397319,202010321801,China,2020-04-22,113528515.0,2023-05-05,Cas Center For Excellence In Molecular Plant Sciences,(EN) Technology for intervening and blocking virus reverse transcription transposition based on CRISPR-Cas13a(ZH) 基于CRISPR-Cas13a干预阻断病毒逆转录转座的技术,,,,,,,31.1622842,121.4068946,,Shang Hai Shi,China,Crop plants,1108.0,True,2020.0,2023.0,False,Gene Editing Systems Development
CN361405908,202210151250,China,2022-02-16,114438119.0,2023-10-13,Guangxi University,(EN) Preparation method and application of polygene mutant rice plant carrying marker(ZH) 一种携带标记的多基因突变体水稻植株的制备方法及其应用,,,,,,,22.814458,108.324213,Nan Ning Shi,Guang Xi Zhuang Zu Zi Zhi Qu,China,Rice,604.0,True,2022.0,2023.0,False,Other Genetic Improvement for Crop Traits
CN398216770,202211496128,China,2022-11-25,116064963.0,2023-09-19,Shenzhen Customs Animal And Plant Inspection And Quarantine Technology Center,(EN) CRISPR-Cas12a-based African horse pestivirus visual rapid detection method and kit thereof(ZH) 一种基于CRISPR-Cas12a的非洲马瘟病毒可视化快速检测方法及其试剂盒,,,,,,,22.5363793,113.9561938,Shen Zhen Shi,Guang Dong Sheng,China,Other plants,298.0,True,2022.0,2023.0,False,Other Purpose
CN205470769,201710316379,China,2017-05-08,,,Nanjing Agricultural University,(EN) Novel reaction system for rapidly constructing plant gene site-directed knockout carrier(ZH) 一种能够快速构建植物基因定点敲除载体的新反应体系,,,,,,,32.033399,118.842587,Nan Jing Shi,Jiang Su Sheng,China,Crop plants,,False,2017.0,,False,Gene Editing Systems Development
CN438250681,202410697791,China,2024-05-31,,,China Agricultural University,"(EN) Application of OsCCT22 and coding gene thereof in regulation and control of heading period, plant height and yield of rice(ZH) OsCCT22及其编码基因在调控水稻的抽穗期、株高与产量中的应用",,,,,,,40.004202,116.352988,,Bei Jing Shi,China,Rice,,False,2024.0,,False,Yield Improvement
CN393834652,202210260018,China,2022-03-16,,,"Shanghai Customs Animal, Plant And Food Inspection And Quarantine Technology Center",(EN) CRISPR/Cas12a primer and kit for detecting campylobacter jejuni and use method of CRISPR/Cas12a primer and kit(ZH) 一种用于空肠弯曲杆菌检测的CRISPR/Cas12a引物、试剂盒及其使用方法,,,,,,,31.3044799,121.6187973,,Shang Hai Shi,China,Crop plants,,False,2022.0,,False,Disease Resistance
CN398503042,202211406558,China,2022-11-10,,,"Shanghai Customs Animal, Plant And Food Inspection And Quarantine Technology Center","(EN) Primer group, kit and detection method for CRISPR (clustered regularly interspaced short palindromic repeats) detection of PRRSV (porcine reproductive and respiratory syndrome virus) pedigree 1C variant(ZH) 用于PRRSV谱系1C变异株CRISPR检测的引物组、试剂盒及其检测方法",,,,,,,31.3044799,121.6187973,,Shang Hai Shi,China,Crop plants,,False,2022.0,,False,Other Purpose
CN437268318,202410661836.X,China,2024-05-27,118440980.0,2025-01-10,"Institute Of Botany, The Chinese Academy Of Sciences",(EN) Application of corn miRNA172 and precursor sequence Zma-MIR172c thereof in change of corn plant height(ZH) 玉米miRNA172及其前体序列Zma-MIR172c在改变玉米株高中的应用,,,,,27.05.2024,China,39.9935072,116.2160961,,Bei Jing Shi,China,Corn/Maize,228.0,True,2024.0,2025.0,False,Yield Improvement
CN422931410,202311790309,China,2023-12-25,,,"Institute Of Medicinal Plant Development, Chinese Academy Of Medical Sciences",(EN) Cas12a mutant and application thereof(ZH) Cas12a突变体及其应用,,,,,,,39.9935072,116.2160961,,Bei Jing Shi,China,Crop plants,,False,2023.0,,False,Gene Editing Systems Development
CN323175816,201910989836,China,2019-10-17,112680472.0,2023-08-01,South China Agricultural University,(EN) Application of ZmSPL gene to regulation and control of development of crown roots or aerial roots of corn(ZH) ZmSPL基因在调控玉米冠根或气生根发育中的应用,,,,,,,23.1568182,113.3536811,Guang Zhou Shi,Guang Dong Sheng,China,Corn/Maize,1384.0,True,2019.0,2023.0,False,Yield Improvement
CN405747948,202310413087,China,2023-04-18,,,Zhejiang University,(EN) Creation method of topping-free cotton germplasm(ZH) 一种免打顶棉花种质的创制方法,,,,,,,30.3086844,120.0864995,Hang Zhou Shi,Zhe Jiang Sheng,China,Cotton,,False,2023.0,,False,Other Genetic Improvement for Crop Traits
CN415205200,202311182619,China,2023-09-13,,,"Aquelfy (Shanghai) Medical Beauty Co., Ltd.水剥离（上海）",(EN) Method for obtaining zero toxin type III collagen through plant gene editing based on feature engineering(ZH) 一种基于特征工程的植物基因编辑获取零毒素三型胶原蛋白的方法,,,,,,,31.16045278,121.2474527,,,,Crop plants,,False,2023.0,,False,Other Genetic Improvement for Crop Traits
CN214230193,201710937465,China,2017-09-30,,,Shanghai Agrobiological Gene Center,"(EN) Rice salt-tolerant gene OsRR22 mutant, encoded amino acid sequence thereof, plant and making method of mutant(ZH) 一种水稻耐盐基因OsRR22突变体、其编码的氨基酸序列、植株及该突变体的创制方法",,,,,,,31.219059,121.323843,,Shang Hai Shi,China,Rice,,False,2017.0,,False,Drought Adaptation
CN442616183,202411241746,China,2024-09-05,,,"Shanghai Customs Animal, Plant And Food Inspection And Quarantine Technology Center",(EN) Detection system and detection kit for type I norovirus and group A rotavirus as well as detection method and application of detection system and detection kit(ZH) 一种用于I型诺如病毒和A组轮状病毒的检测体系、检测试剂盒及其检测方法和应用,,,,,,,31.3044799,121.6187973,,Shang Hai Shi,China,Crop plants,,False,2024.0,,False,Other Purpose
CN241624792,201811465138,China,2018-12-03,,,Zhejiang Wanli University,(EN) Method for editing grape ZEP gene fixed point based on CRISPR/Cas 9 technology(ZH) 利用CRISPR/Cas9技术对葡萄ZEP基因定点编辑方法,,,,,,,29.8190718,121.567482,Ning Bo Shi,,China,Grape,,False,2018.0,,False,Other Genetic Improvement for Crop Traits
CN331986802,202110583864,China,2021-05-27,,,Huazhong Agricultural University,(EN) Preparation method of novel CRISPR/Cas9 gene editing vector(ZH) 一种新型CRISPR/Cas9基因编辑载体的载体制备方法,,,,,,,30.475126,114.353035,Wu Han Shi,Hu Bei Sheng,China,Cotton,,False,2021.0,,False,Gene Editing Systems Development
CN395072962,202180026003,China,2021-12-14,115843318.0,2023-07-18,"Institute Of Medicinal Plant Development, Chinese Academy Of Medical Sciences",(EN) Plant species identification method based on whole genome analysis and genome editing and application(ZH) 基于全基因组分析与基因组编辑的植物物种鉴定方法与应用,,WO/2023/108430,,,,,39.9935072,116.2160961,,Bei Jing Shi,China,Crop plants,581.0,True,2021.0,2023.0,True,Other Purpose
CN329308485,202110179863.X,China,2021-02-08,113005127.0,2022-07-08,Henan Agricultural University,(EN) Plant glandular hair specific expression gene HD-9 as well as expression vector and application thereof(ZH) 植物腺毛特异表达基因HD-9、其表达载体及应用,,,,,08.02.2021,China,34.7854718,113.6632032,Zheng Zhou Shi,He Nan Sheng,China,Crop plants,515.0,True,2021.0,2022.0,False,Other Genetic Improvement for Crop Traits
CN365436733,202210365241,China,2022-04-08,114591979.0,2024-03-15,Limited Responsibility Company Of Yunnan Chinese Tobacco Industry,(EN) Tobacco ubiquitin-binding enzyme NtE2 gene and application thereof(ZH) 一种烟草泛素结合酶NtE2基因及其应用,,,,,,,25.0727148,102.7550882,Kun Ming Shi,Yun Nan Sheng,China,Tobacco,707.0,True,2022.0,2024.0,False,Other Genetic Improvement for Crop Traits
CN430678808,202410224727,China,2024-02-29,,,East China Normal University,(EN) Tomato male sterility gene SlABCG26 and application thereof(ZH) 番茄雄性不育基因SlABCG26及其应用,,,,,,,31.2276269,121.4068437,,Shang Hai Shi,China,Tomatoes,,False,2024.0,,False,Other Genetic Improvement for Crop Traits
US208148744,15533164,United States of America,2015-12-07,10975392.0,2021-04-13,Abcam Plc,(EN) Site-directed CRISPR/recombinase compositions and methods of integrating transgenes,,"CN107208079

WO/2016/090385",,,07.12.2015,United States,52.1702301,0.1365461336,,,,Crop plants,1954.0,True,2015.0,2021.0,True,Gene Editing Systems Development
CN348116833,202111174297,China,2021-10-08,113897372.0,2022-03-08,Huaiyin Normal University,(EN) Application of OsFWL7 gene in increasing content of metal trace elements in rice grains(ZH) OsFWL7基因在增加水稻籽粒金属微量元素含量中的应用,,,,,,,33.599411,119.029348,Huai An Shi,Jiang Su Sheng,China,Rice,151.0,True,2021.0,2022.0,False,Other Genetic Improvement for Crop Traits
CN240145924,201811446719,China,2018-11-29,,,Yichun University,(EN) Method for creating broad-spectrum resistance rice genetic resource for rice blast(ZH) 一种稻瘟病广谱抗性水稻种质资源创制方法,,,,,,,27.787301,114.357773,Yi Chun Shi,Jiang Xi Sheng,China,Rice,,False,2018.0,,False,Disease Resistance
CN236292956,201810903450.X,China,2018-08-09,109161480.0,2022-01-11,Nanjing Normal University,(EN) Protoplast preparation method and gene knock-out method of Phomopsis(ZH) 拟茎点霉的原生质体制备方法及基因敲除方法,,,,,09.08.2018,China,32.054943,118.764947,Nan Jing Shi,Jiang Su Sheng,China,Crop plants,1251.0,True,2018.0,2022.0,False,Disease Resistance
CN439683340,202410960728,China,2024-07-17,,,Shenzhen Customs Animal And Plant Inspection And Quarantine Technology Center,"(EN) RAA-CRISPR/Cas13a system, kit and method for detecting SVCV(ZH) 一种检测SVCV的RAA-CRISPR/Cas13a系统、试剂盒和方法",,,,,,,22.5363793,113.9561938,Shen Zhen Shi,Guang Dong Sheng,China,Crop plants,,False,2024.0,,False,Other Purpose
CN393834653,202210260048,China,2022-03-16,,,"Shanghai Customs Animal, Plant And Food Inspection And Quarantine Technology Center","(EN) Primer group, reagent, kit and detection method for detecting listeria monocytogenes(ZH) 一种用于单核细胞增生李斯特菌检测的引物组、试剂、试剂盒及检测方法",,,,,,,31.3044799,121.6187973,,Shang Hai Shi,China,Crop plants,,False,2022.0,,False,Other Purpose
CN274828112,201910698528,China,2019-07-31,110317828.0,2021-03-23,Shanghai Jiao Tong University,(EN) Method for cultivating broad-spectrum anti-bacterial-blight oryza sativa Indica by modifying OsSWEET gene promoters of oryza sativa Indica(ZH) 修饰水稻OsSWEET基因启动子培育广谱抗白叶枯病水稻的方法,,,,,,,31.0252201,121.4337784,,Shang Hai Shi,China,Rice,601.0,True,2019.0,2021.0,False,Disease Resistance
CN319686401,202011412881,China,2020-12-03,,,Jilin Academy Of Agricultural Sciences吉林省农业科学院Guangzhou University,"(EN) Soybean sterile gene mutant, application and construction method of soybean sterile line(ZH) 一种大豆不育基因突变体、应用及大豆不育系的构建方法",,,,,,,23.145448,113.353943,Guang Zhou Shi,Guang Dong Sheng,China,Soybeans,,False,2020.0,,False,Other Genetic Improvement for Crop Traits
CN436063836,202410470125,China,2024-04-18,,,Foshan University,(EN) Application of sodium-calcium transporter SlNCL12 in tomato salt stress(ZH) 钠钙转运蛋白SlNCL12在番茄盐胁迫中的应用,,,,,,,23.02469,113.097275,Fo Shan Shi,Guang Dong Sheng,China,Tomatoes,,False,2024.0,,False,Other Genetic Improvement for Crop Traits
CN295060774,201911411234,China,2019-12-31,111088277.0,2022-01-18,"Institute Of Plant Protection, Chinese Academy Of Agricultural Sciences","(EN) CRISPR/Cas9 SunTag system based vector for inhibiting geminivirus infection, and construction and applications thereof(ZH) 基于CRISPR/Cas9 SunTag系统抑制双生病毒侵染的载体及其构建和应用",,,,,,,39.9628214,116.3269465,,Bei Jing Shi,China,Tomatoes,749.0,True,2019.0,2022.0,False,Disease Resistance
CN406542305,202310575556,China,2023-05-22,,,Gannan Normal University,(EN) SgRNA and CRISPR/Cas9 vector for targeted knockout of CsWRKY41 gene and application of sgRNA and CRISPR/Cas9 vector(ZH) 一种靶向敲除CsWRKY41基因的sgRNA、CRISPR/Cas9载体及应用,,,,,,,25.795524,114.887227,Gan Zhou Shi,Jiang Xi Sheng,China,Citrus,,False,2023.0,,False,Other Genetic Improvement for Crop Traits
CN235940715,201810895852.X,China,2018-08-08,109097387.0,2021-07-23,South China Agricultural University,(EN) Method and application for creating purple fruit tomato mutant using CRISPR/Cas9 gene editing system(ZH) 一种运用CRISPR/Cas9基因编辑系统创制紫果番茄突变体的方法和应用,,,,,08.08.2018,China,23.1568182,113.3536811,Guang Zhou Shi,Guang Dong Sheng,China,Tomatoes,1080.0,True,2018.0,2021.0,False,Other Genetic Improvement for Crop Traits
CN294444232,201911411238,China,2019-12-31,,,"Institute Of Plant Protection, Chinese Academy Of Agricultural Sciences",(EN) Vector for editing nicotiana benthamiana gene based on CRISPR/Cas9 as well as construction method and application thereof(ZH) 基于CRISPR/Cas9编辑本氏烟基因的载体及其构建方法和应用,,,,,,,39.9628214,116.3269465,,Bei Jing Shi,China,Tobacco,,False,2019.0,,False,Gene Editing Systems Development
CN355401695,202111297087,China,2021-11-04,114164229.0,2023-11-03,Nanjing Agricultural University,(EN) Method for obtaining new strawberry germplasm with high regeneration efficiency by utilizing CRISPR/Cas9 gene editing vector and application(ZH) 利用FvePILS5基因的CRISPR/Cas9基因敲除载体获得再生效率高的草莓新种质的方法及应用,,,,,,,32.033399,118.842587,Nan Jing Shi,Jiang Su Sheng,China,Strawberry,729.0,True,2021.0,2023.0,False,Other Genetic Improvement for Crop Traits
CN223042911,201611188402,China,2016-12-20,108203714.0,2021-03-02,Huazhong Agricultural University,(EN) Method for editing cotton genes(ZH) 一种棉花基因的编辑方法,,,,,,,30.475126,114.353035,Wu Han Shi,Hu Bei Sheng,China,Cotton,1533.0,True,2016.0,2021.0,False,Gene Editing Systems Development
CN313902842,202010898297,China,2020-08-31,,,"Shanghai Customs Animal, Plant And Food Inspection And Quarantine Technology Center","(EN) RAA-CRISPR amplification primer group, kit and method for efficiently detecting novel coronavirus(ZH) 用于高效检测新型冠状病毒的RAA-CRISPR扩增引物组、试剂盒及方法",,,,,,,31.3044799,121.6187973,,Shang Hai Shi,China,Other plants,,False,2020.0,,False,Other Purpose
CN399267675,202211203732,China,2022-09-29,,,Linyi University,(EN) Application of NtAITRs transcription factor family gene in regulation and control of tobacco stress resistance(ZH) 一种NtAITRs转录因子家族基因在调控烟草抗逆性中的应用,,,,,,,35.124632,118.288071,Linyi,Shandong,China,Tobacco,,False,2022.0,,False,Drought Adaptation
CN317396465,202011233671,China,2020-11-06,,,Zhejiang University,(EN) Application of OsKEAP1 gene in regulation and control of agronomic traits and yield of rice(ZH) OsKEAP1基因在调控水稻农艺性状和产量中的应用,,,,,,,30.3086844,120.0864995,Hang Zhou Shi,Zhe Jiang Sheng,China,Rice,,False,2020.0,,False,Yield Improvement
CN442624700,202410767049,China,2024-06-14,,,Sichuan Agricultural University,(EN) Rice SDT6 gene as well as encoding protein and application thereof(ZH) 水稻SDT6基因、其编码蛋白及其应用,2024102144167 26.02.2024 CN,,,,,,29.977484,102.993691,Ya An Shi,,China,Rice,,False,2024.0,,False,Yield Improvement
CN399641709,202111455341,China,2021-12-01,,,Hunan Hybrid Rice Research Center,(EN) Protein PSRK2 related to rice panicle type as well as coding gene and application of protein PSRK2(ZH) 与水稻穗型相关的蛋白PSRK2及其编码基因与应用,,,,,,,28.197709,113.083429,Chang Sha Shi,Hu Nan Sheng,China,Rice,,False,2021.0,,False,Yield Improvement
CA205108242,2979292,Canada,2016-03-14,,,"Institute Of Genetics And Developmental Biology, Chinese Academy Of Sciences",(EN) METHOD FOR IMPROVING ABILITY TO RESIST AGAINST INTRUSIVE DNA VIRUSES OF PLANT(FR) PROCEDE D'AUGMENTATION DE LA CAPACITE D'UNE PLANTE A RESISTER A L'INVASION PAR LES VIRUS A ADN,201510107492.9 12.03.2015 CN,"CN105969792

AR103927

AU2016228599

KR1020170126495

EP3309255

BR112017016423

US20180195084

EA201791991

JP2018507705

WO/2016/141893

IN201737029075

UAa201709464This application is not viewable in PATENTSCOPE because the national phase entry has not been published yet or the national entry is issued from a country that does not share data with WIPO or there is a formatting issue or an unavailability of the application.",,,14.03.2016,Canada,38.115509,114.533286,Shi Jia Zhuang Shi,He Bei Sheng,China,Crop plants,,False,2016.0,,True,Disease Resistance
CN234988193,201810866033,China,2018-08-01,,,Henan Agricultural University,(EN) Method for site-directed mutation of rice PHYB gene using CRISPR/Cas9 system(ZH) 一种利用CRISPR/Cas9系统对水稻PHYB基因定点突变的方法,,,,,,,34.7854718,113.6632032,Zheng Zhou Shi,He Nan Sheng,China,Rice,,False,2018.0,,False,Drought Adaptation
CN428836599,202410082888,China,2024-01-19,,,Henan Normal University,(EN) Rapid detection method for pratylenchus coffee based on RPA-CRISPR/Cas12a(ZH) 一种基于RPA-CRISPR/Cas12a的咖啡短体线虫的快速检测方法,,,,,,,35.3268663,113.9159103,Xin Xiang Shi,He Nan Sheng,China,Coffee,,False,2024.0,,False,Other Purpose
CN306315719,202010408492,China,2020-05-14,,,China Jiliang University,(EN) Method for enhancing gene editing efficiency of CRISPR/ Cas9 system(ZH) 一种增强CRISPR/Cas9系统基因编辑效率的方法,,,,,,,30.318764,120.363977,Hang Zhou Shi,Zhe Jiang Sheng,China,Crop plants,,False,2020.0,,False,Gene Editing Systems Development
CN240415594,201811393902,China,2018-11-21,,,Huazhong Agricultural University,(EN) Method of constructing cotton mutant library with high through throughput based on CRISPR/Cas9 system(ZH) 基于CRISPR/Cas9系统高通量构建棉花突变体库的方法,,,,,,,30.475126,114.353035,Wu Han Shi,Hu Bei Sheng,China,Cotton,,False,2018.0,,False,Gene Editing Systems Development
CN323790134,201911035463,China,2019-10-29,,,"China National Seed Group Co., Ltd.",(EN) Method for creating plant haploid induction system and application thereof(ZH) 创制植物单倍体诱导系的方法及其应用,,,,,,,34.745974,117.53768,Zaozhuang,Shandong,China,Rice,,False,2019.0,,False,Other Genetic Improvement for Crop Traits
CN406237289,202310549097,China,2023-05-16,,,"China Tobacco Yunnan Industrial Co., Ltd.",(EN) Tobacco CBL interaction serine/threonine protein kinase 23 gene and application thereof(ZH) 烟草CBL相互作用的丝氨酸/苏氨酸蛋白激酶23基因及应用,,,,,,,26.5895249,106.7159627,Gui Yang Shi,Gui Zhou Sheng,China,Tobacco,,False,2023.0,,False,Other Genetic Improvement for Crop Traits
JP443103342,2024143412,Japan,2024-08-23,,,Institute Of Genetics & Developmental Biology Chinese Academy Of Sciences中国科学院遺▲伝▼与▲発▼,(EN) METHOD OF APPLYING NON-GENETIC SUBSTANCE TO PERFORM SITE-DIRECTED REFORM OF PLANT GENOME(JA) 植物ゲノムの部位特異的改変の実施に非遺伝物質を適用する方法,201510114017.4 16.03.2015 CN,"AU2016239037

KR1020170126502

EP3279321

BR112017016431

US20180163232

EA201792036

WO/2016/155482

CN105985943

AR103926

JP2018508221

IN201737029078

CA2979290

JP2023018066",,,23.08.2024,Japan,40.0051991,116.3813791,,Beijing,China,Crop plants,,False,2024.0,,True,Gene Editing Systems Development
CA406583286,3211382,Canada,,,,Jiangsu University,"(EN) METHOD FOR SITE-DIRECTED MUTAGENESIS OF BNHBBD GENE OF BRASSICA NAPUS L., AND USE(FR) PROCEDE ET APPLICATION DE LA MUTATION CIBLANT UN SITE DU GENE BNHBBD DE BRASSICA NAPUS",202111075160.9 14.09.2021 CN,"CN113980964

WO/2023/040623",,,,Canada,32.19932,119.514279,Zhen Jiang Shi,,China,Canola,,False,,,True,Disease Resistance
CN402732639,202211285575,China,2022-10-20,,,Huazhong Agricultural University,(EN) Application of OsSUT2 gene in preparation of Sitobion avenae-resistant transgenic rice(ZH) OsSUT2基因在制备抗麦长管蚜转基因水稻中的应用,,,,,,,30.475126,114.353035,Wu Han Shi,Hu Bei Sheng,China,Rice,,False,2022.0,,False,Pesticide Resistance
CN206670678,201710540810.X,China,2017-07-05,,,Horticulture Institute Of Xinjiang Academy Of Agricultural Science,(EN) Cas9-mediated tomato gene editing vector and application thereof(ZH) Cas9介导的番茄基因编辑载体及其应用,,,,,05.07.2017,China,43.8141912,87.5738005,Wu Lu Mu Qi Shi,Xin Jiang Wei Wu Er Zi Zhi Qu,China,Tomatoes,,False,2017.0,,False,Other Genetic Improvement for Crop Traits
CN206678012,201710345611,China,2017-05-16,,,Shanghai Jiao Tong University,"(EN) Site-directed knockout system for rice TMS10 gene, and applications thereof(ZH) 水稻TMS10基因的定点敲除系统及其应用",,,,,,,31.0252201,121.4337784,,Shang Hai Shi,China,Rice,,False,2017.0,,False,Other Genetic Improvement for Crop Traits
CN233251762,201810637466,China,2018-06-20,,,Jiangsu Academy Of Agricultural Sciences,(EN) Construction method and application of eggplant CRISPR/Cas9 gene knock-out vector(ZH) 一种茄子CRISPR/Cas9基因敲除载体的构建方法和应用,,,,,,,32.035361,118.869025,Nanjing,Jiangsu,China,Eggplant,,False,2018.0,,False,Other Genetic Improvement for Crop Traits
CN427802616,202311740658,China,2023-12-18,,,"Hainan Bolian Technology Co., Ltd.",(EN) Rice HSMS1 male sterile line created by using CRISPR and application of rice HSMS1 male sterile line(ZH) 利用CRISPR创制水稻HSMS1雄性不育系及其应用,,,,,,,20.0054,110.37222,Hai Kou Shi,Hai Nan Sheng,China,Rice,,False,2023.0,,False,Yield Improvement
CN305430553,202010401497,China,2020-05-13,,,Jiangxi Super-Rice Research And Development Center,(EN) Method for performing site-directed mutation on rice TDR gene by CRISPR\Cas9 system and detection method(ZH) 利用CRISPR\Cas9系统对水稻TDR基因进行定点突变及检测的方法,,,,,,,28.557512,115.943246,Nan Chang Shi,Jiang Xi Sheng,China,Rice,,False,2020.0,,False,Other Genetic Improvement for Crop Traits
CN403512489,202310188216,China,2023-02-28,,,Huazhong Agricultural University,(EN) Application of SlCSN5B gene in regulation and control of tomato flowering time(ZH) SlCSN5B基因在调控番茄开花时间中的应用,,,,,,,30.475126,114.353035,Wu Han Shi,Hu Bei Sheng,China,Tomatoes,,False,2023.0,,False,Yield Improvement
CN432776483,202410267050,China,2024-03-08,,,Northwest A&F University,(EN) Method for creating diploid seedless watermelon through gene editing ClSPL(ZH) 一种通过基因编辑ClSPL创制二倍体无籽西瓜的方法,,,,,,,34.262298,108.073742,Xian Yang Shi,Shan Xi Sheng,China,Watermelon,,False,2024.0,,False,Other Genetic Improvement for Crop Traits
CN440757981,202411104916,China,2024-08-13,,,Northwest A&F University,(EN) Wheat transcription factor gene TaSGT1 and application thereof(ZH) 一种小麦转录因子基因TaSGT1及其应用,,,,,,,34.262298,108.073742,Xian Yang Shi,Shan Xi Sheng,China,Wheat,,False,2024.0,,False,Disease Resistance
CN409230988,202310733434,China,2023-06-20,,,Jiangsu Lixiahe Region Agricultural Research Institute,(EN) Preparation method of rice germplasm with relatively low amylose content(ZH) 一种较低直链淀粉含量水稻种质的制备方法,,,,,,,32.4207672,119.5277205,Yang Zhou Shi,Jiang Su Sheng,China,Rice,,False,2023.0,,False,Other Genetic Improvement for Crop Traits
CN414616758,202310380213,China,2023-04-11,117004751.0,2024-03-01,Nanjing Forestry University,(EN) Molecular detection target g7594 of fusarium solani and application thereof(ZH) 一种茄镰孢菌(Fusarium solani)的分子检测靶标g7594及其应用,,,,,,,32.080904,118.812736,Nan Jing Shi,,China,Crop plants,325.0,True,2023.0,2024.0,False,Disease Resistance
CN429515032,202410111954,China,2024-01-26,,,Tianjin University,(EN) Method for quickly converting diploid host into haploid and application of method in large-fragment DNA (Deoxyribose Nucleic Acid) transfer(ZH) 一种快速将二倍体宿主转变为单倍体的方法及其在大片段DNA转移中的应用,,,,,,,39.108067,117.176196,,Tian Jin Shi,China,Crop plants,,False,2024.0,,False,Gene Editing Systems Development
CN178125139,201610248513,China,2016-04-20,,,Shanghai Jiao Tong University,(EN) Application of male-sterility gene OsGEN and method for restoring fertility(ZH) 雄性不育基因OsGEN的应用及育性恢复的方法,,,,,,,31.0252201,121.4337784,,Shang Hai Shi,China,Rice,,False,2016.0,,False,Yield Improvement
CN393834648,202210259324,China,2022-03-16,,,"Shanghai Customs Animal, Plant And Food Inspection And Quarantine Technology Center",(EN) Kit and detection method for detecting escherichia coli O157(ZH) 一种检测大肠杆菌O157的试剂盒及检测方法,,,,,,,31.3044799,121.6187973,,Shang Hai Shi,China,Crop plants,,False,2022.0,,False,Other Purpose
CN403940956,202310360952,China,2023-04-06,,,Shandong Normal University,(EN) Limonium bicolor gene Lb3G20842 and application thereof(ZH) 二色补血草基因Lb3G20842及其应用,,,,,,,36.652703,117.042083,Ji Nan Shi,Shan Dong Sheng,China,Sea Lavender,,False,2023.0,,False,Other Genetic Improvement for Crop Traits
CN435125842,202410383666,China,2024-04-01,,,Zhejiang University,(EN) Method for increasing oil content of soybean seeds(ZH) 一种提高大豆种子含油量的方法,,,,,,,30.3086844,120.0864995,Hang Zhou Shi,Zhe Jiang Sheng,China,Soybeans,,False,2024.0,,False,Yield Improvement
CN318123668,201910720665,China,2019-08-06,,,"Lanzhou Veterinary Research Institute, Chinese Academy Of Agriculture Sciences",(EN) Construction method and application of porcine cells for expressing human sting protein(ZH) 表达人源sting蛋白的猪源细胞的构建方法和应用,,,,,,,36.082643,103.853777,Lan Zhou Shi,Gan Su Sheng,China,,,False,2019.0,,False,Other Purpose
CN403542431,202310400913,China,2023-04-14,,,Henan Agricultural University,"(EN) Gene ENT for regulating tiller number and biomass of switchgrass as well as encoding protein, expression vector and application of gene ENT(ZH) 柳枝稷分蘖数及生物量调控基因ENT、其编码蛋白、表达载体及其应用",,,,,,,34.7854718,113.6632032,Zheng Zhou Shi,He Nan Sheng,China,Switchgrass,,False,2023.0,,False,Yield Improvement
CA232854835,3022475,Canada,,,,Basf Plant Science Company Gmbh,(EN) IMPROVED METHODS FOR MODIFICATION OF TARGET NUCLEIC ACIDS(FR) PROCEDES AMELIORES DE MODIFICATION D'ACIDES NUCLEIQUES CIBLES,16167773.7 29.04.2016 EP16167774.5 29.04.2016 EP17156018.8 14.02.2017 EP,"AU2017256517

CN109072207

KR1020190002470

EP3448990

BR112018068934

KR1020230038804

US20190309290

JP2019514376

KR1020220032126

WO/2017/186550

EP3868880

DK3448990

IL262409

MX2021009235

MX2018013256

CL2018003074

IN201827044973

IN202128045052

US20230024869

US20230049124

US20230107997

US20230183686

AU2022100157

AU2022100158

AU2022100159

AU2022100155

AU2022100170

JP2023018093",,,,Canada,40.7773301,-74.4269912,Florham Park,New Jersey,United States,Crop plants,,False,,,True,Gene Editing Systems Development
MX251369838,2018013256,Mexico,2018-10-29,,,Basf Plant Science Company Gmbh,(EN) IMPROVED METHODS FOR MODIFICATION OF TARGET NUCLEIC ACIDS.(ES) METODOS MEJORADOS PARA LA MODIFICACION DE ACIDO NUCLEICOS DIANA.,16167773.7 29.04.2016 EP16167774.5 29.04.2016 EP17156018.8 29.04.2016 EP,"AU2017256517

CN109072207

KR1020190002470

EP3448990

BR112018068934

KR1020230038804

US20190309290

JP2019514376

KR1020220032126

WO/2017/186550

EP3868880

DK3448990

IL262409

CA3022475

MX2021009235

CL2018003074

IN201827044973

IN202128045052

US20230024869

US20230049124

US20230107997

US20230183686

AU2022100157

AU2022100158

AU2022100159

AU2022100155

AU2022100170

JP2023018093",,,29.10.2018,Mexico,40.7773301,-74.4269912,Florham Park,New Jersey,United States,Crop plants,,False,2018.0,,True,Gene Editing Systems Development
MX398105214,2021009235,Mexico,2018-10-29,,,Basf Plant Science Company Gmbh,(EN) IMPROVED METHODS FOR MODIFICATION OF TARGET NUCLEIC ACIDS.(ES) METODOS MEJORADOS PARA LA MODIFICACION DE ACIDOS NUCLEICOS DIANA.,16167773.7 29.04.2016 EP16167774.5 29.04.2016 EP17156018.8 29.04.2016 EP,"AU2017256517

CN109072207

KR1020190002470

EP3448990

BR112018068934

KR1020230038804

US20190309290

JP2019514376

KR1020220032126

WO/2017/186550

EP3868880

DK3448990

IL262409

CA3022475

MX2018013256

CL2018003074

IN201827044973

IN202128045052

US20230024869

US20230049124

US20230107997

US20230183686

AU2022100157

AU2022100158

AU2022100159

AU2022100155

AU2022100170

JP2023018093",,,29.10.2018,Mexico,40.7773301,-74.4269912,Florham Park,New Jersey,United States,Crop plants,,False,2018.0,,True,Gene Editing Systems Development
CN436060393,202410533714,China,2024-04-29,,,Hubei University,(EN) Extension factor complex subunit OsELP4 gene for regulating and controlling resistance of rice to rice blast and application of extension factor complex subunit OsELP4 gene(ZH) 调控水稻对稻瘟病抗性的延伸因子复合体亚基OsELP4基因及应用,,,,,,,30.5604645,114.3174596,Wu Han Shi,Hu Bei Sheng,China,Rice,,False,2024.0,,False,Disease Resistance
CA196206281,2963820,Canada,,,,"Editas Medicine, Inc.",(EN) METHODS FOR IMPROVING CRISPR/CAS-MEDIATED GENOME-EDITING(FR) PROCEDES POUR AMELIORER L'EDITION GENOMIQUE MEDIEE PAR CRISPR/CAS,"62/077,084 07.11.2014 US62/232,683 25.09.2015 US","AU2015342749

EP3215617

US20180298392

WO/2016/073990

EP4464338

AU2022202645

US20230365980",,,,Canada,42.36844881,-71.07831519,,,,Crop plants,,False,,,True,Gene Editing Systems Development
US305803743,16508712,United States of America,2019-07-11,,,"Kunming Institute Of Botany, Chinese Academy Of Sciences",(EN) APPLICATION OF CRISPR/CAS12A GENE EDITING SYSTEM IN GENE EDITING OF PHYSCOMITRELLA PATENS,201910159312.X 04.03.2019 CN,CN109825532,,,11.07.2019,United States,25.135082,102.744703,Kunming,Yunnan,China,Other plants,,False,2019.0,,True,Gene Editing Systems Development
CN431387877,202410296537,China,2024-03-14,,,Jiangsu University江苏大学Jiangsu Academy Of Agricultural Sciences,(EN) Genome editing method for allotetraploid pennisetum purpureum(ZH) 异源四倍体象草的基因组编辑方法,,,,,,,34.2947634,117.4517644,Xuzhou,Jiangsu,China,Elephant Grass,,False,2024.0,,False,Gene Editing Systems Development
CN432783909,202410188949,China,2024-02-20,,,Anhui Agricultural University,(EN) Corn CYP92C5 gene and application of corn CYP92C5 gene in cultivation of Asiatic corn borer resistant variety(ZH) 玉米CYP92C5基因及其在培育抗亚洲玉米螟品种中的应用,,,,,,,31.860048,117.257372,He Fei Shi,An Hui Sheng,China,Corn/Maize,,False,2024.0,,False,Disease Resistance
CN439125503,202410675933,China,2024-05-28,,,Ningbo University,(EN) Application of rice E3 ubiquitin ligase OsFBX68 in rice virus resistance(ZH) 一种水稻E3泛素连接酶OsFBX68在水稻抗病毒中的应用,,,,,,,29.909785,121.6416,Ning Bo Shi,Zhe Jiang Sheng,China,Rice,,False,2024.0,,False,Disease Resistance
CN401527597,202210785309,China,2022-07-05,,,South China Agricultural University,"(EN) Application of GS3, GW8 and/or GS9 genes in regulation and control of rice stigma exsertion rate(ZH) GS3、GW8和/或GS9基因在调控水稻柱头外露率中的应用",,,,,,,23.1568182,113.3536811,Guang Zhou Shi,Guang Dong Sheng,China,Rice,,False,2022.0,,False,Other Genetic Improvement for Crop Traits
CN422258993,202311384439,China,2023-10-25,,,"Institute Of Plant Protection, Chinese Academy Of Agricultural Sciences",(EN) Method for improving drug resistance of natural enemy insects(ZH) 一种提高天敌昆虫抗药性的方法,,,,,,,39.9628214,116.3269465,,Bei Jing Shi,China,Crop plants,,False,2023.0,,False,Pesticide Resistance
US399952195,17687928,United States of America,2022-03-07,,,"Institute Of Medicinal Plant Development (Implad), Cams & Pumc",(EN) METHOD AND USE FOR IDENTIFYING PLANT SPECIES BASED ON WHOLE GENOME ANALYSIS AND GENOME EDITING,,,,,07.03.2022,United States,51.7526544,-1.2164703,,England,United Kingdom,Crop plants,,False,2022.0,,False,Other Purpose
AR440322816,P230101666,Argentina,2023-06-28,,,Pairwise Plants Services Inc,(ES) MÉTODOS Y COMPOSICIONES PARA CONTROLAR EL TAMAÑO DEL MERISTEMO PARA EL MEJORAMIENTO DE CULTIVOS,"63/356,527 29.06.2022 US","WO/2024/006792

CN119365481

MXMX/a/2024/015770This application is not viewable in PATENTSCOPE because the national phase entry has not been published yet or the national entry is issued from a country that does not share data with WIPO or there is a formatting issue or an unavailability of the application.

IN202547003672This application is not viewable in PATENTSCOPE because the national phase entry has not been published yet or the national entry is issued from a country that does not share data with WIPO or there is a formatting issue or an unavailability of the application.

EP2023748393This application is not viewable in PATENTSCOPE because the national phase entry has not been published yet or the national entry is issued from a country that does not share data with WIPO or there is a formatting issue or an unavailability of the application.",,,28.06.2023,Argentina,35.9900355,-78.8898264,Durham,North Carolina,United States,Corn/Maize,,False,2023.0,,True,Yield Improvement
US424795966,18502136,United States of America,2023-11-06,,,Pairwise Plants Services Inc,(EN) VARIANTS OF CAS12A NUCLEASES AND METHODS OF MAKING AND USE THEREOF,,"US20210115421

JP2022552409

EP4045643

CN114829595

KR1020220097408

BR112022007125

CA3157707

SG11202203928S

AU2020366358

WO/2021/076682

IL292117

NZ787124

CL2022000937

MX2022004549

BR112022007125This application is not viewable in PATENTSCOPE because the national phase entry has not been published yet or the national entry is issued from a country that does not share data with WIPO or there is a formatting issue or an unavailability of the application.

US20240076640

CL2024001733

CL2024001734

CL2024001737",,,06.11.2023,United States,35.9900355,-78.8898264,Durham,North Carolina,United States,Crop plants,,False,2023.0,,True,Gene Editing Systems Development
US424795967,18502194,United States of America,2023-11-06,,,Pairwise Plants Services Inc,(EN) VARIANTS OF CAS12A NUCLEASES AND METHODS OF MAKING AND USE THEREOF,,"US20210115421

JP2022552409

EP4045643

CN114829595

KR1020220097408

BR112022007125

CA3157707

SG11202203928S

AU2020366358

WO/2021/076682

IL292117

NZ787124

CL2022000937

MX2022004549

BR112022007125This application is not viewable in PATENTSCOPE because the national phase entry has not been published yet or the national entry is issued from a country that does not share data with WIPO or there is a formatting issue or an unavailability of the application.

US20240076639

CL2024001733

CL2024001734

CL2024001737",,,06.11.2023,United States,35.9900355,-78.8898264,Durham,North Carolina,United States,Crop plants,,False,2023.0,,True,Gene Editing Systems Development
AR428328383,P230100200,Argentina,2023-01-27,,,"Pairwise Plants Services, Inc.Monsanto Technology Llc",(ES) SUPRESIÓN DE LA RESPUESTA DE EVITACIÓN DE LA SOMBRA EN LAS PLANTAS,"63/304,747 31.01.2022 US","CA3250300

WO/2023/147526

CN118843392

EP4472403",,,27.01.2023,Argentina,35.9900355,-78.8898264,Durham,North Carolina,United States,Crop plants,,False,2023.0,,True,Yield Improvement
AR426806913,P220103369,Argentina,2022-12-07,,,Pairwise Plants Services Inc,(ES) MÉTODOS PARA MEJORAR LA FERTILIDAD DE FLORETES Y EL RENDIMIENTO DE SEMILLAS,"63/287,610 09.12.2021 US","WO/2023/108035

CN118613495

EP4444743

CA3240821

MX2024006590

IN202447049295This application is not viewable in PATENTSCOPE because the national phase entry has not been published yet or the national entry is issued from a country that does not share data with WIPO or there is a formatting issue or an unavailability of the application.",,,07.12.2022,Argentina,35.9900355,-78.8898264,Durham,North Carolina,United States,Crop plants,,False,2022.0,,True,Yield Improvement
AR369698455,P210100760,Argentina,2021-03-26,,,Pairwise Plants Services Inc,(ES) MÉTODOS PARA MEJORAR LA  RESISTENCIA A LA  ROYA DE LA SOJA,63/000608 27.03.2020 US,"CA3176886

WO/2021/195456

UY0001039143

BR112022019180

EP4126917

CN115867565

BR112022019180This application is not viewable in PATENTSCOPE because the national phase entry has not been published yet or the national entry is issued from a country that does not share data with WIPO or there is a formatting issue or an unavailability of the application.

IN202247055309

MX2022012048",,,26.03.2021,Argentina,35.9900355,-78.8898264,Durham,North Carolina,United States,Soybeans,,False,2021.0,,True,Disease Resistance
US430565060,18555161,United States of America,2022-04-14,,,Kansas State University Research Foundation,(EN) SHORT MULTI-REPEAT RNA TARGETING GENE SILENCING,,WO/2022/245454,,,14.04.2022,United States,39.2048416,-96.586708,Manhattan,Kansas,United States,Crop plants,,False,2022.0,,True,Other Genetic Improvement for Crop Traits
US413450096,18311427,United States of America,2023-05-03,,,The Penn State Research Foundation,(EN) METHODS AND COMPOSITIONS FOR SUPERSENSITIVE AND SPECIFIC DETECTION OF CITRUS GREENING AND PHYTOPLASMA PATHOGENS,,,,,03.05.2023,United States,40.7969171,-77.8613205,State College,Pennsylvania,United States,"Potatoes, Citrus",,False,2023.0,,False,Disease Resistance
US450628187,18924558,United States of America,2024-10-23,,,"Pioneer Hi-Bred International, Inc.",(EN) ENGINEERED DEAMINASES,,,,,23.10.2024,United States,40.1631226,-76.6461019,Elizabethtown,Pennsylvania,United States,Crop plants,,False,2024.0,,False,Gene Editing Systems Development
US326379612,17141308,United States of America,2021-01-05,11365423.0,2022-06-21,"Guangdong Sanjie Forage Biotechnology Co., Ltd",(EN) Method of obtaining multileaflet Medicago sativa materials by means of MsPALM1 artificial site-directed mutants,201810724563.3 04.07.2018 CN,"CN108949774

WO/2020/007332

AU2019297209

CA3105397

EP3816292

US20210269816",,,05.01.2021,United States,23.190879,113.549766,Guang Zhou Shi,Guang Dong Sheng,China,Alfalfa,532.0,True,2021.0,2022.0,True,Other Genetic Improvement for Crop Traits
CN199377632,201710030839,China,2017-01-17,106834341.0,2020-06-16,China Agricultural University,(EN) Gene site-directed mutation vector as well as construction method and application thereof(ZH) 一种基因定点突变载体及其构建方法和应用,2016112550764 30.12.2016 CN,,,,,,40.004202,116.352988,,Bei Jing Shi,China,Crop plants,1246.0,True,2017.0,2020.0,False,Pesticide Resistance
CA131326335,2883792,Canada,2013-09-06,,2021-12-07,Dow Agrosciences Llc,(EN) ENGINEERED TRANSGENE INTEGRATION PLATFORM (ETIP) FOR GENE TARGETING AND TRAIT STACKING(FR) PLATEFORME D'INTEGRATION DE TRANSGENE GENETIQUEMENT MODIFIE (ETIP) POUR LE CIBLAGE GENIQUE ET L'EMPILEMENT DE CARACTERES,"61/697,882 07.09.2012 US","EP2893025

JP2015531598

US20140090113

WO/2014/039872

RU0002666916

CN107267524

CN104838001

BR112015004848

AU2013312352

RU0002666916

AR092479

KR1020150046345

IL237534

NZ705675

CL2015000565

IN2249/DELNP/2015

UAa201503063This application is not viewable in PATENTSCOPE because the national phase entry has not been published yet or the national entry is issued from a country that does not share data with WIPO or there is a formatting issue or an unavailability of the application.",,,06.09.2013,Canada,32.3820297,-92.1999241,West Monroe,Louisiana,United States,Crop plants,3014.0,True,2013.0,2021.0,True,Gene Editing Systems Development
CN205489033,201710506972,China,2013-09-06,107267524.0,2021-08-24,Dow Agrosciences Llc,(EN) Engineered transgene integration platform (ETIP) for gene targeting and trait stacking(ZH) 用于基因打靶和性状堆叠的工程化转基因整合平台(ETIP),"61/697,882 07.09.2012 US","EP2893025

JP2015531598

US20140090113

WO/2014/039872

RU0002666916

CN104838001

BR112015004848

AU2013312352

RU0002666916

AR092479

KR1020150046345

CA2883792

IL237534

NZ705675

CL2015000565

IN2249/DELNP/2015

UAa201503063This application is not viewable in PATENTSCOPE because the national phase entry has not been published yet or the national entry is issued from a country that does not share data with WIPO or there is a formatting issue or an unavailability of the application.",,,,,40.7626591,-73.9696518,New York,New York,United States,Crop plants,2909.0,True,2013.0,2021.0,True,Gene Editing Systems Development
CN203405613,102017000146782,China,2017-03-13,107012164.0,2023-03-03,University Of Electronic Science And Technology Of China,"(EN) CRISPR/Cpf1 plant genome directional modification function unit, carrier comprising function unit, and application thereof(ZH) CRISPR/Cpf1植物基因组定向修饰功能单元、包含该功能单元的载体及其应用",2017100198425 11.01.2017 CN,,,,13.03.2017,China,30.6624863,104.1021662,Cheng Du Shi,,China,Rice,2181.0,True,2017.0,2023.0,False,Gene Editing Systems Development
CN291898449,201880042316,China,2018-04-24,,,Dupont Nutrition Biosciences Aps杜邦营养生物科学有限公司Universite Laval (Canada)拉瓦尔大学（加拿大）,(EN) METHODS AND COMPOSITIONS OF ANTI-CRISPR PROTEINS FOR USE IN PLANTS(ZH) 植物中使用的抗CRISPR蛋白的方法和组合物,"62/488,969 24.04.2017 US62/488,981 24.04.2017 US62/510,896 25.05.2017 US62/510,914 25.05.2017 US",EP3615552 BR112019022201 US20200190492 WO/2018/197520 IN201917043473,,,,,46.7817463,-71.2747424,Québec,Québec,Canada,Crop plants,,False,2018.0,,True,Gene Editing Systems Development
CN326499329,202110361987.X,China,2021-04-02,,,"Oil Crops Research Institute, Chinese Academy Of Agricultural Sciences",(EN) Brassica napus BnaA09.GTR2 gene related to thioglycoside transport and application thereof(ZH) 硫苷转运相关的甘蓝型油菜BnaA09.GTR2基因及其应用,,,,,02.04.2021,China,30.581532,114.344114,Wu Han Shi,Hu Bei Sheng,China,Canola,,False,2021.0,,False,Other Genetic Improvement for Crop Traits
CN326512503,202110154125.X,China,2021-02-04,,,"Lanzhou Veterinary Research Institute, Chinese Academy Of Agriculture Sciences",(EN) HDAC2 gene knockout BHK-21 cell line as well as construction method and application thereof(ZH) HDAC2基因敲除的BHK-21细胞系及其构建方法和应用,,,,,04.02.2021,China,36.082643,103.853777,Lan Zhou Shi,Gan Su Sheng,China,Crop plants,,False,2021.0,,False,Other Purpose
CN241609249,201780048145,China,2017-05-30,,,Kws Saat Sekws,(EN) HYBRID NUCLEIC ACID SEQUENCES FOR GENOME ENGINEERING(ZH) 用于基因组改造的杂合核酸序列,,,,,,,51.8149087,9.884365,Einbeck,Niedersachsen,Germany,Crop plants,,False,2017.0,,False,Gene Editing Systems Development
CN341236327,202110773909,China,2021-07-08,113564197.0,2024-03-15,Shanghai Normal University,(EN) Construction method and application of CRISPR/Cas9 mediated plant polygene editing vector(ZH) 一种CRISPR/Cas9介导的植物多基因编辑载体的构建方法和应用,,,,,,,30.835243,121.519928,,Shang Hai Shi,China,Rice,981.0,True,2021.0,2024.0,False,Gene Editing Systems Development
CN398214587,202211268559,China,2022-10-17,116064645.0,2024-12-06,Huizhou University,"(EN) OsCDPK14 gene for reducing maturing rate of rice, protein obtained by coding of OsCDPK14 gene and application of OsCDPK14 gene(ZH) 一种降低水稻结实率的OsCDPK14基因及其编码得到的蛋白和应用",,,,,,,23.0449384,114.4185744,Hui Zhou Shi,Guang Dong Sheng,China,Rice,781.0,True,2022.0,2024.0,False,Yield Improvement
CN345736688,202111069181,China,2021-09-13,113801891.0,2023-06-09,Inner Mongolia Autonomous Region Academy Of Agricultural & Animal Husbandry Sciences,(EN) Construction method and application of beet BvCENH3 gene haploid induction line(ZH) 甜菜BvCENH3基因单倍体诱导系的构建方法与应用,,,,,,,40.7720992,111.6673801,Hu He Hao Te Shi,Nei Meng Gu Zi Zhi Qu,China,Beet,634.0,True,2021.0,2023.0,False,Other Genetic Improvement for Crop Traits
CN370570721,202210606127,China,2022-05-31,114774459.0,2024-03-12,"Environment And Plant Protection Institute, Chinese Academy Of Tropical Agricultural Sciences","(EN) Banana fusarium wilt CRISPR/Cas9 gene editing vector, preparation method and application(ZH) 一种香蕉枯萎菌CRISPR/Cas9基因编辑载体、制备方法及应用",,,,,,,19.983035,110.330235,Hai Kou Shi,Hai Nan Sheng,China,Banana,651.0,True,2022.0,2024.0,False,Disease Resistance
CN281792435,201910995642,China,2019-10-18,110656114.0,2022-07-01,"China Tobacco Yunnan Industrial Co., Ltd.",(EN) Tobacco pigment synthesis associated gene and application thereof(ZH) 一种烟草色素合成相关的基因及其应用,,,,,,,26.5895249,106.7159627,Gui Yang Shi,Gui Zhou Sheng,China,Tobacco,987.0,True,2019.0,2022.0,False,Other Genetic Improvement for Crop Traits
CN241488075,201910079904,China,2019-01-28,109609517.0,2020-06-19,Zhejiang University,(EN) Application of SlGLR3 gene in improvement of plant gray mold resistance(ZH) SlGLR3基因在提高植物灰霉病抗性中的应用,,,,,,,30.3086844,120.0864995,Hang Zhou Shi,Zhe Jiang Sheng,China,Tomatoes,508.0,True,2019.0,2020.0,False,Disease Resistance
CN338598829,202010199886,China,2020-03-20,113429467.0,2023-01-24,Institute Of Microbiology Chinese Academy Of Sciences,(EN) Application of NPF7.6 protein in regulation and control of nitrogen tolerance of leguminous plant root nodules(ZH) NPF7.6蛋白在调控豆科植物根瘤耐氮性中的应用,,,,,,,39.9892448,116.3249796,,Bei Jing Shi,China,Leguminous Plants,1040.0,True,2020.0,2023.0,False,Yield Improvement
RU250114944,2018101730,Russian Federation,2016-06-17,,2022-08-12,"Дзе Брод Инститьют Инк. (Us)Массачусетс Инститьют Оф Текнолоджи (Us)Президент Энд Феллоуз Оф Гарвард Колледж (Us)Рутгерс, Дзе Стейт Юниверсити Оф Нью Джерси (Us)Автономная Некоммерческая Образовательная Организация Высшего Образования ""Сколковский Институт Науки И Технологий"" (Ru)Дзе Юнайтед Стейтс Оф Эмерика, Эз Репрезентед Бай, Дзе Секретэри Дипартмент Оф Хелт Энд Хьюман Сервисиз (Us)Кунин, Юджин (Us)Чжан, Фэн (Us)Вольф, Юрий, И. (Us)Шмаков Сергей (Ru)Северинов, Константин (Us)Семенова, Екатерина (Us)Минахин, Леонид (Us)Макарова, Кира, С. (Us)Конерманн, Сильвана (Ch)Джунг, Джулия (Us)Гутенберг, Джонатан, С. (Us)Абудайех, Омар, О. (Us)",(EN) NOVEL CRISPR ENZYMES AND SYSTEMS(RU) НОВЫЕ ФЕРМЕНТЫ И СИСТЕМЫ CRISPR,"62/181,663 18.06.2015 US","AU2016279062

EP3436575

WO/2016/205749

RU2022121427

US20180320163

CA3012607

US20210348156

US20210348157

AU2022205165",,,17.06.2016,Russia,42.3744368,-71.1182488,Cambridge,Massachusetts,United States,Crop plants,2247.0,True,2016.0,2022.0,True,Gene Editing Systems Development
CN395743650,202211693199,China,2022-12-28,,,China Agricultural University,(EN) Method for improving storability of plant fruits(ZH) 一种提高植物果实耐贮性的方法,,,,,,,40.004202,116.352988,,Bei Jing Shi,China,Tomatoes,,False,2022.0,,False,Other Genetic Improvement for Crop Traits
CN426072760,202311711783.X,China,2023-12-13,,,"Cotton Research Institute, Chinese Academy Of Agricultural Sciences",(EN) Application of GhnsLTP1 gene in regulation and control of cotton fiber length(ZH) GhnsLTP1基因在调控棉花纤维长度中的应用,,,,,13.12.2023,China,36.061512,114.354998,An Yang Shi,He Nan Sheng,China,Cotton,,False,2023.0,,False,Other Genetic Improvement for Crop Traits
CN398430744,202211139980,China,2022-09-19,,,Zhejiang A&F University,(EN) Method for improving properties of poplar(ZH) 一种改善杨树性状的方法,,CN116515838,,,,,30.2421403,120.1581419,Hang Zhou Shi,Zhe Jiang Sheng,China,Poplar,,False,2022.0,,True,Other Genetic Improvement for Crop Traits
CN442103833,202411102806,China,2024-08-13,,,Anhui Agricultural University,"(EN) SlSWEET12c gene for regulating and controlling sugar content of tomato fruits, method and application(ZH) 一种调控番茄果实糖含量的SlSWEET12c基因、方法及应用",,,,,,,31.860048,117.257372,He Fei Shi,An Hui Sheng,China,Tomatoes,,False,2024.0,,False,Other Genetic Improvement for Crop Traits
CN311261423,202010775061,China,2020-08-05,,,Huazhong Agricultural University,(EN) Method for creating high-yield brassica napus germplasm by editing BnaARF2(ZH) 编辑BnaARF2创制高产油菜种质的方法,,,,,,,30.475126,114.353035,Wu Han Shi,Hu Bei Sheng,China,Canola,,False,2020.0,,False,Yield Improvement
CN408067910,202210197968,China,2022-03-01,,,Cas Center For Excellence In Molecular Plant Sciences,(EN) Method for intervening and inhibiting Zika virus based on CRISPR-CAS13 system and application(ZH) 基于CRISPR-CAS13系统干预抑制寨卡病毒的方法及应用,,,,,,,31.1622842,121.4068946,,Shang Hai Shi,China,Other plants,,False,2022.0,,False,Other Purpose
CA316323040,3105396,Canada,,,,"Guangdong Sanjie Forage Biotechnology Co., Ltd",(EN) METHOD FOR SITE-SPECIFIC MUTAGENESIS OF MEDICAGO SATIVA GENES BY USING CRISPR/CAS9 SYSTEM(FR) METHODE DE MUTAGENESE DIRIGEE D'UN GENE DE MEDICAGO SATIVA PAR UTILISATION D'UN SYSTEME CRISPR/CAS9,201810724589.8 04.07.2018 CN,"CN108866093

WO/2020/007331

AU2019299296

EP3848464

US20210292777

US20210147844",,,,Canada,23.190879,113.549766,Guang Zhou Shi,Guang Dong Sheng,China,Alfalfa,,False,,,True,Gene Editing Systems Development
GB426478738,202310807,United Kingdom,2023-07-13,,,Vegetable Res Institute Guangdong Academy Of Agricultural Sciencesinst Of Facility Agriculture Guangdong Academy Of Agricultural Sciences,(EN) Application of PDHB gene in resistance to fusaric acid,202210839276.3 18.07.2022 CN,CN115992177,,,13.07.2023,United Kingdom,23.145448,113.353943,Guang Zhou Shi,Guang Dong Sheng,China,Crop plants,,False,2023.0,,True,Disease Resistance
EP443015623,24173285,European Patent Office,2015-11-09,,,Editas Medicine Inc,(DE) SYSTEME ZUR VERBESSERUNG VON CRISPR/CAS-VERMITTELTER GENOMEDITIERUNG(EN) SYSTEMS FOR IMPROVING CRISPR/CAS-MEDIATED GENOME-EDITING(FR) SYSTÈMES POUR AMÉLIORER L'ÉDITION GÉNOMIQUE MÉDIÉE PAR CRISPR/CAS,15795322 09.11.2015 EP201462077084 07.11.2014 US2015059782 09.11.2015 US201562232683 25.09.2015 US,"AU2015342749

EP3215617

US20180298392

WO/2016/073990

CA2963820

AU2022202645

US20230365980",,,09.11.2015,European Patent Office,42.36844881,-71.07831519,,,,Crop plants,,False,2015.0,,True,Gene Editing Systems Development
EP203791896,15795322,European Patent Office,2015-11-09,,,Editas Medicine Inc,(DE) SYSTEME ZUR VERBESSERUNG VON CRISPR/CAS-VERMITTELTER GENOMEDITIERUNG(EN) SYSTEMS FOR IMPROVING CRISPR/CAS-MEDIATED GENOME-EDITING(FR) SYSTÈMES POUR AMÉLIORER L'ÉDITION GÉNOMIQUE MÉDIÉE PAR CRISPR/CAS,201462077084 07.11.2014 US201562232683 25.09.2015 US,"AU2015342749

US20180298392

WO/2016/073990

EP4464338

CA2963820

AU2022202645

US20230365980",,,09.11.2015,European Patent Office,42.36844881,-71.07831519,,,,Crop plants,,False,2015.0,,True,Gene Editing Systems Development
CN437264668,202410698541.X,China,2024-05-31,,,Shenyang Agricultural University,(EN) Application of qULG2b gene in improvement of rice grain length character(ZH) qULG2b基因在改良水稻籽粒长度性状中的应用,,,,,31.05.2024,China,41.821328,123.57225,Shen Yang Shi,Liao Ning Sheng,China,Rice,,False,2024.0,,False,Yield Improvement
CN316356885,202011304335,China,2020-11-19,,,Huazhong Agricultural University,(EN) Application of OsPPCK2 gene in regulating and controlling drought resistance of rice(ZH) OsPPCK2基因在调控水稻抗旱性中的应用,,,,,,,30.475126,114.353035,Wu Han Shi,Hu Bei Sheng,China,Rice,,False,2020.0,,False,Drought Adaptation
CN383849259,202110678422,China,2021-06-18,,,Henan Agricultural University,(EN) Rice copper stress response gene OsCORK1 as well as encoding protein and application thereof(ZH) 水稻铜胁迫响应基因OsCORK1及其编码蛋白与应用,,,,,,,34.7854718,113.6632032,Zheng Zhou Shi,He Nan Sheng,China,Rice,,False,2021.0,,False,Other Genetic Improvement for Crop Traits
CN306317204,201910145603,China,2019-02-27,111620935.0,2023-08-11,China Agricultural University,(EN) Application of ZmCEP1 gene to regulation of development of maize kernels(ZH) ZmCEP1基因在调控玉米籽粒发育中的应用,,,,,,,40.004202,116.352988,,Bei Jing Shi,China,Corn/Maize,1626.0,True,2019.0,2023.0,False,Yield Improvement
CN406247402,202310394618.X,China,2023-04-13,,,Henan Agricultural University,"(EN) Soybean pod bearing number and yield regulation gene GLYMA02G083400 as well as encoding protein, expression vector and application of soybean pod bearing number and yield regulation gene GLYMA02G083400(ZH) 大豆结荚数及产量调控基因GLYMA_02G083400、其编码蛋白、表达载体及其应用",,,,,13.04.2023,China,34.7854718,113.6632032,Zheng Zhou Shi,He Nan Sheng,China,"Corn, Soybeans",,False,2023.0,,False,Yield Improvement
CN338610507,202110815460,China,2021-07-19,113430221.0,2022-07-05,China Agricultural University,(EN) Application of tomato WRKY37 protein in regulation and control of leaf aging resistance of tomatoes and improvement of tomato yield(ZH) 番茄WRKY37蛋白在调控番茄抗叶片衰老能力、提高番茄产量中的应用,,,,,,,40.004202,116.352988,,Bei Jing Shi,China,Tomatoes,351.0,True,2021.0,2022.0,False,Yield Improvement
CN334874000,202110566844,China,2021-05-24,,,Yangzhou University,"(EN) Method for targeted knockout of rice grain shape regulatory gene SLG7, rice grain shape regulatory gene SLG7 mutant and application thereof(ZH) 靶向敲除水稻粒型调控基因SLG7的方法、水稻粒型调控基因SLG7突变体及其应用",,,,,,,32.399078,119.389893,Yangzhou,Jiangsu,China,Rice,,False,2021.0,,False,Yield Improvement
CN346619737,202111225772,China,2021-10-21,113817036.0,2022-06-14,"Biotechnology Research Institute, Caas",(EN) DMP protein as well as coding gene and application thereof(ZH) DMP蛋白及其编码基因与应用,,"WO/2023/066413

US20240254506",,,,,39.959662,116.327333,,北京市,China,Leguminous Plants,236.0,True,2021.0,2022.0,True,Other Genetic Improvement for Crop Traits
CN237684170,201811328793,China,2018-11-09,109306352.0,2021-04-30,"Institute Of Tropical Bioscience And Biotechnology, Chinese Academy Of Tropical Agricultural Sciences",(EN) Papaya U6 promoter genes and application(ZH) 番木瓜U6启动子基因及应用,,,,,,,19.983035,110.330235,Hai Kou Shi,Hai Nan Sheng,China,Papaya,903.0,True,2018.0,2021.0,False,Gene Editing Systems Development
CN279016474,201910912427,China,2019-09-25,,,Huazhong Agricultural University,"(EN) Gene for controlling color of cabbage type rape seed coats, acquiring method for cabbage type rape yellow seed mutant material and application of acquiring method(ZH) 一种控制甘蓝型油菜种子种皮颜色的基因、甘蓝型油菜黄籽突变体材料的获取方法及其应用",北京金智普华知识产权代理有限公司 11401,,,,,,30.475126,114.353035,Wu Han Shi,Hu Bei Sheng,China,Canola,,False,2019.0,,False,Yield Improvement
CN333956305,202110475116,China,2021-04-29,,,Huazhong Agricultural University,(EN) Kit for rapidly diagnosing peach bacterial shot hole disease(ZH) 一种快速诊断桃细菌性穿孔病的试剂盒,,,,,,,30.475126,114.353035,Wu Han Shi,Hu Bei Sheng,China,Peach,,False,2021.0,,False,Disease Resistance
CN437332939,202410591022,China,2024-05-13,,,Henan Agricultural University,"(EN) Corn heterosis regulation gene ZmCNR5, coding protein thereof, mutant and application of corn heterosis regulation gene ZmCNR5(ZH) 玉米杂种优势调控基因ZmCNR5、其编码蛋白、突变体及其应用",,,,,,,34.7854718,113.6632032,Zheng Zhou Shi,He Nan Sheng,China,Corn/Maize,,False,2024.0,,False,Yield Improvement
CN405905786,202310408544,China,2023-04-17,,,Henan Agricultural University,"(EN) Gene GHD05G2737 for regulating and controlling number of fruit branches and yield of cotton as well as encoding protein, expression vector and application of gene GHD05G2737(ZH) 棉花果枝数及产量调控基因GH_D05G2737、其编码蛋白、表达载体及其应用",,,,,,,34.7854718,113.6632032,Zheng Zhou Shi,He Nan Sheng,China,Cotton,,False,2023.0,,False,Yield Improvement
KR418625476,1020220073299,Republic of Korea,2022-06-16,,,대한민국(농촌진흥청장)대한민국(농림축산식품부 농림축산검역본부장)Republic Of Korea(Management : Rural Development Administration)Republic Of Korea(Animal And Plant Quarantine Agency),(EN) GENE EDITING CELL ENCODING LC3 PROTEIN HAVING RESISTANCE TO FOOT-AND-MOUTH DISEASE VIRUS AND USE THEREOF(KO) 구제역 바이러스에 저항성을 갖는 LC3 단백질을 암호화하는 유전자 편집 세포 및 이의 용도,,,,,16.06.2022,South Korea,36.1264599,128.1996828,Gimcheon,Gyeongsangbuk-do,South Korea,Crop plants,,False,2022.0,,False,Disease Resistance
CN306883870,202010377880,China,2020-05-07,,,"Institute Of Tropical Bioscience And Biotechnology, Chinese Academy Of Tropical Agricultural Sciences",(EN) Hevea brasiliensis phytoene desaturase HbPDS and encoding gene thereof(ZH) 一种橡胶树八氢番茄红素脱氢酶HbPDS及其编码基因,,,,,,,39.959662,116.327333,,北京市,China,Other plants,,False,2020.0,,False,Other Genetic Improvement for Crop Traits
CN352775448,202080050300,China,2020-07-17,,,"Pioneer Hi-Bred International, Inc.",(EN) DONOR DESIGN STRATEGY FOR CRISPR-CAS9 GENOME EDITING(ZH) CRISPR-CAS9基因组编辑的供体设计策略,,,,,,,40.0601297,-76.0696993,New Holland,Pennsylvania,United States,Crop plants,,False,2020.0,,False,Gene Editing Systems Development
CN403537230,202310543186,China,2023-05-15,,,Hunan Agricultural University,"(EN) Application of OsAAP8 in regulation and control of tillering, grain shape and grain weight of rice(ZH) OsAAP8在调控水稻分蘖、粒型和粒重中的应用",,,,,,,28.180967,113.084828,Chang Sha Shi,Hu Nan Sheng,China,Rice,,False,2023.0,,False,Yield Improvement
CA347940590,3143016,Canada,2020-07-17,,,"Pioneer Hi-Bred International, Inc.",(EN) DONOR DESIGN STRATEGY FOR CRISPR-CAS9 GENOME EDITING(FR) STRATEGIE DE CONCEPTION DE DONNEUR POUR L'EDITION DE GENOME CRISPR-CAS9,"62/877,359 23.07.2019 US","WO/2021/016098

CN114072498

BR112022001230

EP4004198

US20220307006

IN202217001543",,,17.07.2020,Canada,40.1631226,-76.6461019,Elizabethtown,Pennsylvania,United States,Crop plants,,False,2020.0,,True,Gene Editing Systems Development
CN370998595,202080087122,China,2020-10-15,,,"Chengdui Plant Service Co., Ltd.",(EN) Variants of CAS12A nuclease as well as preparation method and application thereof(ZH) CAS12A核酸酶的变体及其制备方法和用途,"62/916,392 17.10.2019 US","US20210115421

JP2022552409

EP4045643

KR1020220097408

BR112022007125

CA3157707

SG11202203928S

AU2020366358

WO/2021/076682

IL292117

NZ787124

CL2022000937

MX2022004549

BR112022007125This application is not viewable in PATENTSCOPE because the national phase entry has not been published yet or the national entry is issued from a country that does not share data with WIPO or there is a formatting issue or an unavailability of the application.

US20240076639

US20240076640

CL2024001733

CL2024001734

CL2024001737",,,,,30.57865112,104.0652334,,,,Crop plants,,False,2020.0,,True,Gene Editing Systems Development
CN281793521,201911049273,China,2019-10-31,,,Jilin Agricultural University,(EN) Soybean GmHsps_p23-like gene and application thereof(ZH) 大豆GmHsps_p23-like基因及其应用,,,,,,,43.8138695,125.406601,Changchun,Jilin,China,Soybeans,,False,2019.0,,False,Drought Adaptation
US322187632,17071095,United States of America,2020-10-15,11866745.0,2024-01-09,Pairwise Plants Services Inc,(EN) Variants of CAS12A nucleases and methods of making and use thereof,,"JP2022552409

EP4045643

CN114829595

KR1020220097408

BR112022007125

CA3157707

SG11202203928S

AU2020366358

WO/2021/076682

IL292117

NZ787124

CL2022000937

MX2022004549

BR112022007125This application is not viewable in PATENTSCOPE because the national phase entry has not been published yet or the national entry is issued from a country that does not share data with WIPO or there is a formatting issue or an unavailability of the application.

US20240076639

US20240076640

CL2024001733

CL2024001734

CL2024001737",,,15.10.2020,United States,35.9900355,-78.8898264,Durham,North Carolina,United States,Crop plants,1181.0,True,2020.0,2024.0,True,Gene Editing Systems Development
US283321494,16412901,United States of America,2019-05-15,11268102.0,2022-03-08,"University Of Florida Research Foundation, Inc.University Of Florida Research Foundation, Incorporated",(EN) Compositions and methods for identifying and selecting brachytic locus in solanaceae,,,,,15.05.2019,United States,29.6492253,-82.3419929,Gainesville,Florida,United States,Tomatoes,1028.0,True,2019.0,2022.0,False,Yield Improvement
AR421111361,P220102670,Argentina,2022-10-03,,,Pairwise Plants Services Inc,(ES) MÉTODOS PARA MEJORAR LA FERTILIDAD DE LA FLOR Y EL RENDIMIENTO DE SEMILLAS,"63/251,859 04.10.2021 US","WO/2023/060028

CA3237641

EP4413127

CN118434850

MX2024004057

IN202447031112This application is not viewable in PATENTSCOPE because the national phase entry has not been published yet or the national entry is issued from a country that does not share data with WIPO or there is a formatting issue or an unavailability of the application.",,,03.10.2022,Argentina,35.9900355,-78.8898264,Durham,North Carolina,United States,Crop plants,,False,2022.0,,True,Yield Improvement
AR421111425,P220102728,Argentina,2022-10-06,,,Pairwise Plants Services Inc,(ES) MÉTODOS PARA MEJORAR LA FERTILIDAD DE LA FLOR Y EL RENDIMIENTO DE SEMILLAS,"63/253,179 07.10.2021 US","WO/2023/060152

CA3234455

CN118302434

EP4413022

MX2024004058

IN202447034600This application is not viewable in PATENTSCOPE because the national phase entry has not been published yet or the national entry is issued from a country that does not share data with WIPO or there is a formatting issue or an unavailability of the application.",,,06.10.2022,Argentina,35.9900355,-78.8898264,Durham,North Carolina,United States,Crop plants,,False,2022.0,,True,Yield Improvement
AR416012811,P220102358,Argentina,2022-08-31,,,Pairwise Plants Services Inc,(ES) MÉTODOS Y COMPOSICIONES PARA MEJORAR LA ARQUITECTURA DE LAS PLANTAS Y LOS RASGOS DE RENDIMIENTO,"63/240,132 02.09.2021 US","WO/2023/034891

CN118176205

EP4396210

MX2024002417

CA3230668

IN202447024464This application is not viewable in PATENTSCOPE because the national phase entry has not been published yet or the national entry is issued from a country that does not share data with WIPO or there is a formatting issue or an unavailability of the application.",,,31.08.2022,Argentina,35.9900355,-78.8898264,Durham,North Carolina,United States,Soybeans,,False,2022.0,,True,Yield Improvement
US332611568,17259359,United States of America,2019-07-12,,,Keygene N.V.,(EN) TYPE V CRISPR/NUCLEASE-SYSTEM FOR GENOME EDITING IN PLANT CELLS,18194078.4 12.09.2018 EP,"WO/2020/011985

EP3821008

JP2021524266",,,12.07.2019,United States,51.9763484,5.6461028,Wageningen,Gelderland,Netherlands,Crop plants,,False,2019.0,,True,Gene Editing Systems Development
BR239462018,112018068934,Brazil,2017-04-20,,,Basf Plant Science Company Gmbh,"(PT) método de modificação de moléculas de ácido nucleico alvo (na alvo) em células, molécula, molécula de funa recombinante, vetor e seu uso, sistema de vetor, sistema de modificação de na alvo em células, composição",16167773.7 29.04.2016 EP16167774.5 29.04.2016 EP17156018.8 14.02.2017 EP,"AU2017256517

CN109072207

KR1020190002470

EP3448990

KR1020230038804

US20190309290

JP2019514376

KR1020220032126

WO/2017/186550

EP3868880

DK3448990

IL262409

CA3022475

MX2021009235

MX2018013256

CL2018003074

IN201827044973

IN202128045052

US20230024869

US20230049124

US20230107997

US20230183686

AU2022100157

AU2022100158

AU2022100159

AU2022100155

AU2022100170

JP2023018093",,,20.04.2017,Brazil,40.7773301,-74.4269912,Florham Park,New Jersey,United States,Crop plants,,False,2017.0,,True,Gene Editing Systems Development
US254126254,16097300,United States of America,2017-04-20,11608499.0,2023-03-21,Basf Plant Science Company Gmbh,(EN) Methods for modification of target nucleic acids,16167773 29.04.2016 EP16167774 29.04.2016 EP17156018 14.02.2017 EP,"AU2017256517

CN109072207

KR1020190002470

EP3448990

BR112018068934

KR1020230038804

JP2019514376

KR1020220032126

WO/2017/186550

EP3868880

DK3448990

IL262409

CA3022475

MX2021009235

MX2018013256

CL2018003074

IN201827044973

IN202128045052

US20230024869

US20230049124

US20230107997

US20230183686

AU2022100157

AU2022100158

AU2022100159

AU2022100155

AU2022100170

JP2023018093",,,20.04.2017,United States,40.7773301,-74.4269912,Florham Park,New Jersey,United States,Crop plants,2161.0,True,2017.0,2023.0,True,Gene Editing Systems Development
DK335014386,17720040,Denmark,2017-04-20,3448990.0,2021-09-27,Basf Plant Science Company Gmbh,"(DA) FREMGANGSMÅDER TIL MODIFIKATION AF MÅLNUKLEINSYRER VED ANVENDELSE AF ET FUSIONSMOLEKYLE BESTÅENDE AF GUIDE- OG DONOR-DNA, RNA-FUSIONSMOLEKYLE OG VEKTORSYSTEMER, DER KODER FOR RNA-FUSIONSMOLEKYLET",16167773 29.04.2016 EP16167774 29.04.2016 EP17156018 14.02.2017 EP,"AU2017256517

CN109072207

KR1020190002470

EP3448990

BR112018068934

KR1020230038804

US20190309290

JP2019514376

KR1020220032126

WO/2017/186550

EP3868880

IL262409

CA3022475

MX2021009235

MX2018013256

CL2018003074

IN201827044973

IN202128045052

US20230024869

US20230049124

US20230107997

US20230183686

AU2022100157

AU2022100158

AU2022100159

AU2022100155

AU2022100170

JP2023018093",,,20.04.2017,Denmark,40.7773301,-74.4269912,Florham Park,New Jersey,United States,Crop plants,1621.0,True,2017.0,2021.0,True,Gene Editing Systems Development
US391879816,17933015,United States of America,2022-09-16,,,Basf Plant Science Company Gmbh,(EN) IMPROVED METHODS FOR MODIFICATION OF TARGET NUCLEIC ACIDS,16167773.7 29.04.2016 EP16167774.5 29.04.2016 EP17156018.8 14.02.2017 EP,"AU2017256517

CN109072207

KR1020190002470

EP3448990

BR112018068934

KR1020230038804

US20190309290

JP2019514376

KR1020220032126

WO/2017/186550

EP3868880

DK3448990

IL262409

CA3022475

MX2021009235

MX2018013256

CL2018003074

IN201827044973

IN202128045052

US20230024869

US20230107997

US20230183686

AU2022100157

AU2022100158

AU2022100159

AU2022100155

AU2022100170

JP2023018093",,,16.09.2022,United States,40.7773301,-74.4269912,Florham Park,New Jersey,United States,Crop plants,,False,2022.0,,True,Gene Editing Systems Development
US390989515,17933003,United States of America,2022-09-16,,,Basf Plant Science Company Gmbh,(EN) METHODS FOR MODIFICATION OF TARGET NUCLEIC ACIDS,16167773.7 29.04.2016 EP16167774.5 29.04.2016 EP17156018.8 14.02.2017 EP,"AU2017256517

CN109072207

KR1020190002470

EP3448990

BR112018068934

KR1020230038804

US20190309290

JP2019514376

KR1020220032126

WO/2017/186550

EP3868880

DK3448990

IL262409

CA3022475

MX2021009235

MX2018013256

CL2018003074

IN201827044973

IN202128045052

US20230049124

US20230107997

US20230183686

AU2022100157

AU2022100158

AU2022100159

AU2022100155

AU2022100170

JP2023018093",,,16.09.2022,United States,40.7773301,-74.4269912,Florham Park,New Jersey,United States,Crop plants,,False,2022.0,,True,Gene Editing Systems Development
US394940204,17933023,United States of America,2022-09-16,,,Basf Plant Science Company Gmbh,(EN) METHODS FOR MODIFICATION OF TARGET NUCLEIC ACIDS,16167773.7 29.04.2016 EP16167774.5 29.04.2016 EP17156018.8 14.02.2017 EP,"AU2017256517

CN109072207

KR1020190002470

EP3448990

BR112018068934

KR1020230038804

US20190309290

JP2019514376

KR1020220032126

WO/2017/186550

EP3868880

DK3448990

IL262409

CA3022475

MX2021009235

MX2018013256

CL2018003074

IN201827044973

IN202128045052

US20230024869

US20230049124

US20230183686

AU2022100157

AU2022100158

AU2022100159

AU2022100155

AU2022100170

JP2023018093",,,16.09.2022,United States,40.7773301,-74.4269912,Florham Park,New Jersey,United States,Crop plants,,False,2022.0,,True,Gene Editing Systems Development
US399575913,17933005,United States of America,2022-09-16,,,Basf Plant Science Company Gmbh,(EN) METHODS FOR MODIFICATION OF TARGET NUCLEIC ACIDS,16167773.7 29.04.2016 EP16167774.5 29.04.2016 EP17156018.8 14.02.2017 EP,"AU2017256517

CN109072207

KR1020190002470

EP3448990

BR112018068934

KR1020230038804

US20190309290

JP2019514376

KR1020220032126

WO/2017/186550

EP3868880

DK3448990

IL262409

CA3022475

MX2021009235

MX2018013256

CL2018003074

IN201827044973

IN202128045052

US20230024869

US20230049124

US20230107997

AU2022100157

AU2022100158

AU2022100159

AU2022100155

AU2022100170

JP2023018093",,,16.09.2022,United States,40.7773301,-74.4269912,Florham Park,New Jersey,United States,Crop plants,,False,2022.0,,True,Gene Editing Systems Development
AU230087930,2017256517,Australia,2017-04-20,,,Basf Plant Science Company Gmbh,(EN) Improved methods for modification of target nucleic acids,16167773.7 29.04.2016 EP16167774.5 29.04.2016 EP17156018.8 14.02.2017 EP,"CN109072207

KR1020190002470

EP3448990

BR112018068934

KR1020230038804

US20190309290

JP2019514376

KR1020220032126

WO/2017/186550

EP3868880

DK3448990

IL262409

CA3022475

MX2021009235

MX2018013256

CL2018003074

IN201827044973

IN202128045052

US20230024869

US20230049124

US20230107997

US20230183686

AU2022100157

AU2022100158

AU2022100159

AU2022100155

AU2022100170

JP2023018093",,,20.04.2017,Australia,40.7773301,-74.4269912,Florham Park,New Jersey,United States,Crop plants,,False,2017.0,,True,Gene Editing Systems Development
AU378724232,2022100157,Australia,2022-11-04,,,Basf Plant Science Company Gmbh,(EN) Improved methods for modification of target nucleic acids,16167773.7 29.04.2016 EP16167774.5 29.04.2016 EP17156018.8 14.02.2017 EP,"AU2017256517

CN109072207

KR1020190002470

EP3448990

BR112018068934

KR1020230038804

US20190309290

JP2019514376

KR1020220032126

WO/2017/186550

EP3868880

DK3448990

IL262409

CA3022475

MX2021009235

MX2018013256

CL2018003074

IN201827044973

IN202128045052

US20230024869

US20230049124

US20230107997

US20230183686

AU2022100158

AU2022100159

AU2022100155

AU2022100170

JP2023018093",,,04.11.2022,Australia,40.7773301,-74.4269912,Florham Park,New Jersey,United States,Crop plants,,False,2022.0,,True,Gene Editing Systems Development
AU380188783,2022100170,Australia,2022-11-14,,,Basf Plant Science Company Gmbh,(EN) Improved methods for modification of target nucleic acids,16167773.7 29.04.2016 EP16167774.5 29.04.2016 EP17156018.8 14.02.2017 EP,"AU2017256517

CN109072207

KR1020190002470

EP3448990

BR112018068934

KR1020230038804

US20190309290

JP2019514376

KR1020220032126

WO/2017/186550

EP3868880

DK3448990

IL262409

CA3022475

MX2021009235

MX2018013256

CL2018003074

IN201827044973

IN202128045052

US20230024869

US20230049124

US20230107997

US20230183686

AU2022100157

AU2022100158

AU2022100159

AU2022100155

JP2023018093",,,14.11.2022,Australia,40.7773301,-74.4269912,Florham Park,New Jersey,United States,Crop plants,,False,2022.0,,True,Gene Editing Systems Development
US240619102,15575749,United States of America,2016-05-18,10662437.0,2020-05-26,King Abdullah University Of Science And Technology,(EN) Method of inhibiting plant virus pathogen infections by CRISPR/Cas9-mediated interference,,"EP3298149

WO/2016/185411",,,18.05.2016,United States,22.309465,39.104697,جامعة الملك عبدالله للعلوم والتقنية,مكة المكرمة,Saudi Arabia,"Tobacco, Tomatoes",1469.0,True,2016.0,2020.0,True,Disease Resistance
CN243509537,201910159312.X,China,2019-03-04,109825532.0,2019-12-10,"Kunming Institute Of Botany, Chinese Academy Of Sciences",(EN) Application of CRISPR/Cas12a gene editing system in physcomitrella patens gene editing(ZH) CRISPR/Cas12a基因编辑系统在小立碗藓基因编辑中的应用,,US20200283744,,,04.03.2019,China,25.135082,102.744703,Kunming,Yunnan,China,Other plants,281.0,True,2019.0,2019.0,True,Gene Editing Systems Development
KR320320753,1020190175479,Republic of Korea,2019-12-26,102395185.0,2022-05-10,주식회사 케이티앤지Kt & G Corporation,(EN) PLANT CELL WITH MANIPULATED PUTRESCINE N-METHYLTRANSFERASE GENE AND USING METHOD THEREOF(KO) PMT 유전자가 조작된 식물 세포 및 이의 이용 방법,1020190103310 22.08.2019 KR,KR1020210023646,,,26.12.2019,South Korea,40.76151175,-73.89986025,,,,Tobacco,866.0,True,2019.0,2022.0,True,Other Genetic Improvement for Crop Traits
KR329301569,1020200113810,Republic of Korea,2020-09-07,102544413.0,2023-06-16,경희대학교 산학협력단University-Industry Cooperation Group Of Kyung Hee University,(EN) METHOD FOR PREPARING LOSS-OF-FUNCTION MUTANT IN F1 HYBRID USING CRISPR/Cas SYSTEM(KO) CRISPR/Cas 시스템을 이용한 일대잡종에서 기능상실 돌연변이체 제조 방법,1020190168711 17.12.2019 KR,WO/2021/125503,,,07.09.2020,South Korea,37.5968367,127.0518435,,Seoul,South Korea,Crop plants,1012.0,True,2020.0,2023.0,True,Gene Editing Systems Development
CN310797673,201880085616.X,China,2018-11-21,111836894.0,2023-11-10,Korea Research Institute Of Bioscience & Biotechnology,(EN) Genome editing composition using CRISPR/CPF1 SYSTEM AND USE THEREOF(ZH) 用于使用CRISPR/Cpf1系统进行基因组编辑的组合物及其用途,10-2017-0155927 21.11.2017 KR,"KR1020190058358

AU2018370588

US20200308583

EP3715461

WO/2019/103442",,,21.11.2018,China,35.5088645,126.8370104,Jeongeup,Jeonbuk State,South Korea,Crop plants,1815.0,True,2018.0,2023.0,True,Gene Editing Systems Development
CN318108166,202010917117,China,2020-09-03,112322627.0,2022-04-12,Huazhong Agricultural University,(EN) Application of OsZFP1 gene in control of oryza sativa L. drought resistance(ZH) OsZFP1基因在控制水稻抗旱性中的应用,,,,,,,30.475126,114.353035,Wu Han Shi,Hu Bei Sheng,China,Rice,586.0,True,2020.0,2022.0,False,Drought Adaptation
CN382198213,202210620278,China,2022-06-01,115433722.0,2024-12-24,Hunan University,"(EN) Receptor-like protein kinase STRK2 protein for regulating and controlling salt tolerance of rice, gene and application(ZH) 调控水稻耐盐性的类受体蛋白激酶STRK2蛋白、基因及应用",,,,,,,28.178915,112.94395,Chang Sha Shi,Hu Nan Sheng,China,Rice,937.0,True,2022.0,2024.0,False,Drought Adaptation
CN276475341,201910675935,China,2019-07-25,110408649.0,2021-04-27,China Agricultural University,(EN) Application of NOR gene and encoded protein thereof in regulating synthesis of flavonoids in tomato fruits(ZH) NOR基因及其编码的蛋白质在调控番茄果实中类黄酮化合物合成中的应用,,,,,,,40.004202,116.352988,,Bei Jing Shi,China,Tomatoes,642.0,True,2019.0,2021.0,False,Other Genetic Improvement for Crop Traits
CN399507194,202310437675,China,2023-04-23,116179568.0,2023-06-23,Sanya Research Institute Of Henan University河南大学三亚研究院Henan University,(EN) Application of inhibition of expression of ZmP5H1 and ZmP5H2 genes in improvement of heat resistance of corn(ZH) 抑制ZmP5H1和ZmP5H2基因的表达在提高玉米耐热性中的应用,,,,,,,34.808921,114.369752,Kai Feng Shi,He Nan Sheng,China,Corn/Maize,61.0,True,2023.0,2023.0,False,Heat Tolerance
CN251686813,201910501859,China,2019-06-11,110205327.0,2020-09-01,Huazhong Agricultural University,(EN) Rice temperature-sensitive nuclear sterility gene tms3 mutant and its molecular marker and application thereof(ZH) 一种水稻温敏核不育基因tms3突变体及其分子标记与应用,,,,,,,30.475126,114.353035,Wu Han Shi,Hu Bei Sheng,China,Rice,448.0,True,2019.0,2020.0,False,Other Genetic Improvement for Crop Traits
CN376481993,202210669512,China,2022-06-14,115125219.0,2023-11-24,Guangdong Academy Of Agricultural Sciences-Agricultural Biological Gene Research Center,(EN) Application of OsJMJ718 gene and encoded protein thereof in regulation and control of rice grain shape(ZH) OsJMJ718基因及其编码蛋白在调控水稻粒型中的应用,,,,,,,23.145448,113.353943,Guang Zhou Shi,Guang Dong Sheng,China,Rice,528.0,True,2022.0,2023.0,False,Yield Improvement
CN297071312,202010078896,China,2020-02-03,111254163.0,2021-12-24,Beijing Forestry University,(EN) Gene gun mediated efficient gene editing method for zoysia japonica(ZH) 基因枪介导的日本结缕草高效基因编辑方法,,,,,,,40.004488,116.3499723,,Bei Jing Shi,China,Zoysia Grass,690.0,True,2020.0,2021.0,False,Gene Editing Systems Development
CN275774272,201910608224,China,2019-07-08,110358772.0,2023-06-23,Shanghai Agrobiological Gene Center,(EN) OsEBP89 gene for enhancing abiotic stress resistance of rice and preparation method and application thereof(ZH) 提高水稻非生物胁迫抗性的OsEBP89基因及制备方法与应用,,,,,,,31.219059,121.323843,,Shang Hai Shi,China,Rice,1446.0,True,2019.0,2023.0,False,Drought Adaptation
CN334792244,202110346271,China,2021-03-31,113249403.0,2023-08-04,Jiangsu Normal University,(EN) Breeding method of sweet potatoes with SPVD resistance(ZH) 一种具有SPVD抗性甘薯的育种方法,,,,,,,34.1984628,117.1842698,Xu Zhou Shi,Jiang Su Sheng,China,Sweet Potato,856.0,True,2021.0,2023.0,False,Disease Resistance
CN289090126,201911264947,China,2019-12-10,110791525.0,2020-07-14,Huaiyin Normal University,(EN) Method for knocking out rice tiller number regulation gene OsFWL4 to increase rice tiller number and yield(ZH) 一种敲除水稻分蘖数调控基因OsFWL4以增加水稻分蘖数和产量的方法,,,,,,,33.599411,119.029348,Huai An Shi,Jiang Su Sheng,China,Rice,217.0,True,2019.0,2020.0,False,Yield Improvement
CN321705340,201910850907,China,2019-09-10,112553250.0,2024-01-26,Cas Center For Excellence In Molecular Plant Sciences,(EN) Method for preparing female sterile lepidoptera insects and nucleic acid construct by method(ZH) 一种制备雌性不育的鳞翅目昆虫的方法及其核酸构建物,,,,,,,31.1622842,121.4068946,,Shang Hai Shi,China,Crop plants,1599.0,True,2019.0,2024.0,False,Other Purpose
CN436457609,202410225449,China,2024-02-29,118360289.0,2025-02-18,"Institute Of Botany, The Chinese Academy Of Sciences",(EN) Rice salt stress regulation gene OsEra1 and application thereof(ZH) 水稻盐胁迫调控基因OsEra1及其应用,,,,,,,39.9935072,116.2160961,,Bei Jing Shi,China,Rice,355.0,True,2024.0,2025.0,False,Drought Adaptation
US238103315,15752514,United States of America,2016-08-15,11767536.0,2023-09-26,"Institute Of Genetics And Developmental Biology, Chinese Academy Of Sciences",(EN) Method for obtaining glyphosate-resistant rice by site-directed nucleotide substitution,"CN106467909

AU2016309392

KR1020180031765

EP3334832

BR112018002026

EA201890492

JP2018527920

KR1020200078685

WO/2017/028768

AR105713

CA2994883

UAa201802118This application is not viewable in PATENTSCOPE because the national phase entry has not been published yet or the national entry is issued from a country that does not share data with WIPO or there is a formatting issue or an unavailability of the application.",201510500930.8 14.08.2015 CN,,,15.08.2016,United States,38.115509,114.533286,Shi Jia Zhuang Shi,He Bei Sheng,China,Rice,2598.0,True,2016.0,2023.0,True,Pesticide Resistance
CN298604086,202010175242,China,2020-03-13,111321165.0,2021-06-25,Zhejiang University,(EN) Method for promoting growth and development of solanum lycopersicum(ZH) 一种促进番茄生长发育的方法,,,,,,,30.3086844,120.0864995,Hang Zhou Shi,Zhe Jiang Sheng,China,Tomatoes,469.0,True,2020.0,2021.0,False,Yield Improvement
CN313726735,202010913903,China,2020-09-03,112048011.0,2022-03-22,Nanchang University,(EN) Application of rice gene OsNF-YC5 in improving salt tolerance of rice(ZH) 一种提高水稻耐盐能力的方法,,,,,,,28.683529,115.937347,Nan Chang Shi,,China,Rice,565.0,True,2020.0,2022.0,False,Other Genetic Improvement for Crop Traits
CN301616801,202010256963,China,2020-04-03,111440819.0,2023-06-13,"Baoshan Huada Wisdom Agricultural Technology Co., Ltd.",(EN) Application of polygene knockout mutant in dry rice breeding(ZH) 多基因敲除突变体在旱稻育种中的应用,,,,,,,36.25285,118.81995,Weifang,Shandong,China,Rice,1166.0,True,2020.0,2023.0,False,Yield Improvement
CN400153460,202211627899,China,2022-12-16,116253785.0,2024-09-13,Northwest A&F University,(EN) Separated negative regulation drought-resistant grape MYB transcription factor VviMYB30 and application thereof(ZH) 分离的负调控抗旱的葡萄MYB转录因子VviMYB30及其应用,,,,,,,34.262298,108.073742,Xian Yang Shi,Shan Xi Sheng,China,Grape,637.0,True,2022.0,2024.0,False,Drought Adaptation
CN364597141,202210178199,China,2022-02-25,114540411.0,2023-11-14,Agricultural University In China,(EN) Application of CsMLO gene in increasing petal number and ventricle number of cucumber(ZH) CsMLO基因在提高黄瓜花瓣数和心室数中的应用,,,,,,,30.475126,114.353035,Wu Han Shi,Hu Bei Sheng,China,Cucumber,627.0,True,2022.0,2023.0,False,Other Genetic Improvement for Crop Traits
AU315236320,2019299296,Australia,2019-07-03,,,"Guangdong Sanjie Forage Biotechnology Co., Ltd",(EN) Method for site-specific mutagenesis of medicago sativa gene by using CRISPR/Cas9 system,201810724589.8 04.07.2018 CN,"CN108866093

WO/2020/007331

EP3848464

US20210292777

CA3105396

US20210147844",,,03.07.2019,Australia,23.190879,113.549766,Guang Zhou Shi,Guang Dong Sheng,China,Alfalfa,,False,2019.0,,True,Gene Editing Systems Development
BR368145675,US2020055659,Brazil,2020-10-15,,,Pairwise Plants Services Inc,(PT) VARIANTES DE NUCLEASES CAS12A E MÉTODOS DE PRODUÇÃO E USO DAS MESMAS,"62/916,392 17.10.2019 US","US20210115421

JP2022552409

EP4045643

CN114829595

KR1020220097408

CA3157707

SG11202203928S

AU2020366358

WO/2021/076682

IL292117

NZ787124

CL2022000937

MX2022004549

BR112022007125This application is not viewable in PATENTSCOPE because the national phase entry has not been published yet or the national entry is issued from a country that does not share data with WIPO or there is a formatting issue or an unavailability of the application.

US20240076639

US20240076640

CL2024001733

CL2024001734

CL2024001737",,,15.10.2020,Brazil,35.9900355,-78.8898264,Durham,North Carolina,United States,Crop plants,,False,2020.0,,True,Gene Editing Systems Development
CL391570095,2022000937,Chile,2022-04-13,,,Pairwise Plants Services Inc,(ES) VARIANTES DE NUCLEASAS CAS12A Y MÉTODOS DE PREPARACIÓN Y USO DE LAS MISMAS,62/916392 17.10.2019 US,"US20210115421

JP2022552409

EP4045643

CN114829595

KR1020220097408

BR112022007125

CA3157707

SG11202203928S

AU2020366358

WO/2021/076682

IL292117

NZ787124

MX2022004549

BR112022007125This application is not viewable in PATENTSCOPE because the national phase entry has not been published yet or the national entry is issued from a country that does not share data with WIPO or there is a formatting issue or an unavailability of the application.

US20240076639

US20240076640

CL2024001733

CL2024001734

CL2024001737",,,13.04.2022,Chile,35.9900355,-78.8898264,Durham,North Carolina,United States,Other plants,,False,2022.0,,True,Gene Editing Systems Development
CL444818110,2024001737,Chile,2024-06-11,,,Pairwise Plants Services Inc,(ES) VARIANTES DE NUCLEASAS CAS12A Y MÉTODOS DE PREPARACIÓN Y USO DE LAS MISMAS,"62/916,392 17.10.2019 US","US20210115421

JP2022552409

EP4045643

CN114829595

KR1020220097408

BR112022007125

CA3157707

SG11202203928S

AU2020366358

WO/2021/076682

IL292117

NZ787124

CL2022000937

MX2022004549

BR112022007125This application is not viewable in PATENTSCOPE because the national phase entry has not been published yet or the national entry is issued from a country that does not share data with WIPO or there is a formatting issue or an unavailability of the application.

US20240076639

US20240076640

CL2024001733

CL2024001734",,,11.06.2024,Chile,35.9900355,-78.8898264,Durham,North Carolina,United States,Crop plants,,False,2024.0,,True,Gene Editing Systems Development
CL444818109,2024001734,Chile,2024-06-11,,,Pairwise Plants Services Inc,(ES) VARIANTES DE NUCLEASAS CAS12A Y MÉTODOS DE PREPARACIÓN Y USO DE LAS MISMAS,"62/916,392 17.10.2019 US","US20210115421

JP2022552409

EP4045643

CN114829595

KR1020220097408

BR112022007125

CA3157707

SG11202203928S

AU2020366358

WO/2021/076682

IL292117

NZ787124

CL2022000937

MX2022004549

BR112022007125This application is not viewable in PATENTSCOPE because the national phase entry has not been published yet or the national entry is issued from a country that does not share data with WIPO or there is a formatting issue or an unavailability of the application.

US20240076639

US20240076640

CL2024001733

CL2024001737",,,11.06.2024,Chile,35.9900355,-78.8898264,Durham,North Carolina,United States,Crop plants,,False,2024.0,,True,Gene Editing Systems Development
CL444818108,2024001733,Chile,2024-06-11,,,Pairwise Plants Services Inc,(ES) VARIANTES DE NUCLEASAS CAS12A Y MÉTODOS DE PREPARACIÓN Y USO DE LAS MISMAS,"62/916,392 17.10.2019 US","US20210115421

JP2022552409

EP4045643

CN114829595

KR1020220097408

BR112022007125

CA3157707

SG11202203928S

AU2020366358

WO/2021/076682

IL292117

NZ787124

CL2022000937

MX2022004549

BR112022007125This application is not viewable in PATENTSCOPE because the national phase entry has not been published yet or the national entry is issued from a country that does not share data with WIPO or there is a formatting issue or an unavailability of the application.

US20240076639

US20240076640

CL2024001734

CL2024001737",,,11.06.2024,Chile,35.9900355,-78.8898264,Durham,North Carolina,United States,Crop plants,,False,2024.0,,True,Gene Editing Systems Development
AU357600419,2020366358,Australia,2020-10-15,,,Pairwise Plants Services Inc,(EN) Variants of Cas12a nucleases and methods of making and use thereof,"62/916,392 17.10.2019 US","US20210115421

JP2022552409

EP4045643

CN114829595

KR1020220097408

BR112022007125

CA3157707

SG11202203928S

WO/2021/076682

IL292117

NZ787124

CL2022000937

MX2022004549

BR112022007125This application is not viewable in PATENTSCOPE because the national phase entry has not been published yet or the national entry is issued from a country that does not share data with WIPO or there is a formatting issue or an unavailability of the application.

US20240076639

US20240076640

CL2024001733

CL2024001734

CL2024001737",,,15.10.2020,Australia,35.9900355,-78.8898264,Durham,North Carolina,United States,Crop plants,,False,2020.0,,True,Gene Editing Systems Development
AU202614153,2016228599,Australia,2016-03-14,,,"Institute Of Genetics And Developmental Biology, Chinese Academy Of Sciences",(EN) Method for increasing ability of plant to resist invading DNA virus,201510107492.9 12.03.2015 CN,"CN105969792

AR103927

CA2979292

KR1020170126495

EP3309255

BR112017016423

US20180195084

EA201791991

JP2018507705

WO/2016/141893

IN201737029075

UAa201709464This application is not viewable in PATENTSCOPE because the national phase entry has not been published yet or the national entry is issued from a country that does not share data with WIPO or there is a formatting issue or an unavailability of the application.",,,14.03.2016,Australia,38.115509,114.533286,Shi Jia Zhuang Shi,He Bei Sheng,China,Crop plants,,False,2016.0,,True,Disease Resistance
CN237084961,201811137314,China,2018-09-27,109266646.0,2021-03-16,"Oil Crops Research Institute, Chinese Academy Of Agricultural Sciences",(EN) Method and application of knocking out BnMAX1 gene in Brassica napus by CRISPR-Cas9 system(ZH) 利用CRISPR-Cas9系统敲除甘蓝型油菜BnMAX1基因的方法及应用,,"WO/2020/063775

AU2019345788",,,,,30.581532,114.344114,Wu Han Shi,Hu Bei Sheng,China,Canola,901.0,True,2018.0,2021.0,True,Yield Improvement
US276885084,16468234,United States of America,2017-12-08,,,"The Broad Institute, Inc.Massachusetts Institute Of Technologyregents Of The University Of Minnesotapresident And Fellows Of Harvard College",(EN) CRISPR-SYSTEMS FOR MODIFYING A TRAIT OF INTEREST IN A PLANT,,WO/2018/107103,,,08.12.2017,United States,42.3628314,-71.0888228,Cambridge,Massachusetts,United States,Crop plants,,False,2017.0,,True,Gene Editing Systems Development
CN222375053,201810030082,China,2018-01-12,108165578.0,2020-07-14,Sichuan Agricultural University,(EN) High-efficiency preparation method for simultaneously preparing multiple member mutants of same gene family of cabbage mustard(ZH) 一种同时针对芥蓝同一基因家族多个成员突变体的高效制备方法,,,,,,,29.977484,102.993691,Ya An Shi,,China,Cabbage,914.0,True,2018.0,2020.0,False,Gene Editing Systems Development
CN279818890,201910803890,China,2019-08-28,110577964.0,2021-08-31,South China Agricultural University,(EN) Application of UB2/UB3 gene in regulation and control of corn multi-spike development(ZH) UB2/UB3基因在调控玉米多果穗发育中的应用,,,,,,,23.1568182,113.3536811,Guang Zhou Shi,Guang Dong Sheng,China,Corn/Maize,734.0,True,2019.0,2021.0,False,Yield Improvement
CN250406966,201910273522,China,2019-04-05,110079535.0,2022-01-28,"South China Agricultural University华南农业大学Biotechnology Research Institute, Caas",(EN) Corn ZmPIF3s mutant protein and encoding gene and application in breeding thereof(ZH) 玉米ZmPIF3s突变型蛋白、其编码基因及其在育种上的应用,,,,,,,39.959662,116.327333,,北京市,China,Corn/Maize,1029.0,True,2019.0,2022.0,False,Yield Improvement
EP214091171,16727228,European Patent Office,2016-05-18,,,Univ King Abdullah Sci & Tech,(DE) VERFAHREN ZUR HEMMUNG VON PATHOGENEN PFLANZENVIRUSINFEKTIONEN DURCH CRISPR/CAS9-VERMITTELTER INTERFERENZ(EN) METHOD OF INHIBITING PLANT VIRUS PATHOGEN INFECTIONS BY CRISPR/CAS9-MEDIATED INTERFERENCE(FR) PROCÉDÉ D'INHIBITION D'INFECTIONS PAR DES PATHOGÈNES VIRAUX DES VÉGÉTAUX PAR INTERFÉRENCE À MÉDIATION PAR CRISPR/CAS9,201562162856 18.05.2015 US,"US20190106706

WO/2016/185411",,,18.05.2016,European Patent Office,22.309465,39.104697,جامعة الملك عبدالله للعلوم والتقنية,مكة المكرمة,Saudi Arabia,"Tobacco, Tomatoes",,False,2016.0,,True,Disease Resistance
MX407569783,2022005328,Mexico,2022-05-03,,,Pairwise Plants Services Inc,(EN) COMPOSITIONS AND METHODS FOR RNA-ENCODED DNA-REPLACEMENT OF ALLELES.(ES) COMPOSICIONES Y METODOS PARA EL REEMPLAZO DE ALELOS CON ADN CODIFICADO POR ARN.,"62/930,836 05.11.2019 US","WO/2021/092130

JP2023505600

EP4054621

BR112022008415

CN114901302

KR1020220110748

CA3160186

SG11202204171Q

AU2020380319

US20210130835

NZ787446

IL292434

BR112022008415This application is not viewable in PATENTSCOPE because the national phase entry has not been published yet or the national entry is issued from a country that does not share data with WIPO or there is a formatting issue or an unavailability of the application.

CL2022001145

US20240158804

US20240167045",,,03.05.2022,Mexico,35.9900355,-78.8898264,Durham,North Carolina,United States,Crop plants,,False,2022.0,,True,Gene Editing Systems Development
EP401173046,21778606,European Patent Office,2021-08-27,,,Pairwise Plants Services Inc,(DE) MANIPULIERTE CRISPR-CAS-PROTEINE UND VERFAHREN ZUR VERWENDUNG DAVON(EN) ENGINEERED CRISPR-CAS PROTEINS AND METHODS OF USE THEREOF(FR) PROTÉINES CRISPR-CAS INGÉNIÉRISÉES ET LEURS PROCÉDÉS D'UTILISATION,202063071734 28.08.2020 US,"WO/2022/047135

AU2021331344

CA3192195

KR1020230058090

JP2023539668

CN116745415

NZ797276

IL300823

MX2023002160

CL2023000554

BR112023003573This application is not viewable in PATENTSCOPE because the national phase entry has not been published yet or the national entry is issued from a country that does not share data with WIPO or there is a formatting issue or an unavailability of the application.

IN202347022446This application is not viewable in PATENTSCOPE because the national phase entry has not been published yet or the national entry is issued from a country that does not share data with WIPO or there is a formatting issue or an unavailability of the application.

SG11202301230XThis application is not viewable in PATENTSCOPE because the national phase entry has not been published yet or the national entry is issued from a country that does not share data with WIPO or there is a formatting issue or an unavailability of the application.",,,27.08.2021,European Patent Office,35.9900355,-78.8898264,Durham,North Carolina,United States,Crop plants,,False,2021.0,,True,Gene Editing Systems Development
US398480033,17919503,United States of America,2021-04-20,,,The Regents Of The University Of California,(EN) CRISPR SYSTEMS IN PLANTS,,"WO/2021/216512

EP4139447",,,20.04.2021,United States,34.069278,-118.4407843,Los Angeles,California,United States,Crop plants,,False,2021.0,,True,Gene Editing Systems Development
EP442296968,23171650,European Patent Office,2023-05-04,,,Univ Dresden Tech,(DE) HOCHAKTIVE CRISPR-BASISEDITOREN DURCH CAS-UNTERSTÜTZTE SUBSTRATGEBUNDENE GERICHTETE EVOLUTION (CASLID)(EN) HIGHLY ACTIVE CRISPR BASE EDITORS OBTAINED THROUGH CAS-ASSISTED SUBSTRATE-LINKED DIRECTED EVOLUTION (CASLIDE)(FR) ÉDITEURS DE BASE CRISPR HAUTEMENT ACTIFS OBTENUS PAR ÉVOLUTION DIRIGÉE LIÉE À UN SUBSTRAT ASSISTÉE PAR CAS (CAGLOUSIER),23171650 04.05.2023 EP,WO/2024/227911,,,04.05.2023,European Patent Office,51.0285861,13.7313505,Dresden,Sachsen,Germany,Crop plants,,False,2023.0,,True,Gene Editing Systems Development
EP240628412,17728794,European Patent Office,2017-05-30,,,Kws Saat Se & Co Kgaa,(DE) HYBRIDNUKLEINSÄURESEQUENZEN FÜR GENOMENGINEERING(EN) HYBRID NUCLEIC ACID SEQUENCES FOR GENOME ENGINEERING(FR) SÉQUENCES D'ACIDES NUCLÉIQUES HYBRIDES DESTINÉES À L'INGÉNIERIE GÉNOMIQUE,201662344109 01.06.2016 US,"AU2017272623

KR1020190012229

CN109642232

US20190161760

BR112018074494

EA201892810

WO/2017/207589

JP2019517261

CA3025828

UAa201812605This application is not viewable in PATENTSCOPE because the national phase entry has not been published yet or the national entry is issued from a country that does not share data with WIPO or there is a formatting issue or an unavailability of the application.

US20240376486",,,30.05.2017,European Patent Office,51.8149087,9.884365,Einbeck,Niedersachsen,Germany,Crop plants,,False,2017.0,,True,Gene Editing Systems Development
EP400274288,21858957,European Patent Office,2021-08-17,,,Univ Maryland,"(DE) ZUSAMMENSETZUNGEN, SYSTEME UND VERFAHREN ZUR ORTHOGONALEN GENOMMANIPULATION IN PFLANZEN(EN) COMPOSITIONS, SYSTEMS, AND METHODS FOR ORTHOGONAL GENOME ENGINEERING IN PLANTS(FR) COMPOSITIONS, SYSTÈMES ET PROCÉDÉS D'INGÉNIERIE GÉNOMIQUE ORTHOGONALE CHEZ LA PLANTE",202063066674 17.08.2020 US,"WO/2022/040169

US20230374528",,,17.08.2021,European Patent Office,38.9869183,-76.9425543,College Park,Maryland,United States,Crop plants,,False,2021.0,,True,Gene Editing Systems Development
US444948515,18758713,United States of America,2024-06-28,,,University-Industry Cooperation Group Of Kyung Hee Universityresearch & Business Foundation Sungkyunkwan University,(EN) COMPOSITION FOR GENE EDITING AND USE THEREOF,1020230084418 29.06.2023 KR,KR1020250001761,,,28.06.2024,United States,37.588227,126.993606,,Seoul,South Korea,Crop plants,,False,2024.0,,True,Gene Editing Systems Development
CN361390364,202210296828,China,2022-03-24,114438105.0,2023-11-17,Limited Responsibility Company Of Yunnan Chinese Tobacco Industry,(EN) Tobacco NtMLO6-1 gene and knockout method and application thereof(ZH) 一种烟草NtMLO6-1基因及其敲除方法与应用,,,,,,,25.0727148,102.7550882,Kun Ming Shi,Yun Nan Sheng,China,Tobacco,603.0,True,2022.0,2023.0,False,Yield Improvement
CN295319583,202010014813,China,2020-01-07,111118056.0,2023-05-09,Hunan Hybrid Rice Research Center,(EN) Method for realizing rice heterosis fixation(ZH) 一种实现水稻杂种优势固定的方法,,,,,,,28.197709,113.083429,Chang Sha Shi,Hu Nan Sheng,China,Rice,1218.0,True,2020.0,2023.0,False,Yield Improvement
CN374079005,202210680893,China,2022-06-15,114989283.0,2023-07-04,Shenyang Agricultural University,(EN) Application of TCP19 protein in regulation and control of rice sheath blight resistance(ZH) TCP19蛋白在调控水稻抗纹枯病中的应用,,,,,,,41.821328,123.57225,Shen Yang Shi,Liao Ning Sheng,China,Rice,384.0,True,2022.0,2023.0,False,Disease Resistance
CN179622310,201610405986,China,2016-06-10,106086008.0,2019-03-12,"Institute Of Plant Protection, Chinese Academy Of Agricultural Sciences",(EN) CRISPR/cas9 (clustered regularly interspaced short palindromic repeats/associated proteins) system of bemisia tabaci MED cryptic species TRP gene and application of CRISPR/cas9 system(ZH) 烟粉虱MED隐种TRP基因的CRISPR/cas9系统及其应用,,,,,,,39.9628214,116.3269465,,Bei Jing Shi,China,Crop plants,1005.0,True,2016.0,2019.0,False,Other Genetic Improvement for Crop Traits
CN217880413,201810051692,China,2018-01-19,108004218.0,2020-05-26,Sichuan Agricultural University,(EN) Gene OsPK3 for controlling 1000-grain weight of rice(ZH) 一种控制水稻千粒重的基因OsPK3及应用,,,,,,,29.977484,102.993691,Ya An Shi,,China,Rice,858.0,True,2018.0,2020.0,False,Yield Improvement
CN432885828,202410476285,China,2024-04-19,118222611.0,2025-01-10,Xinyang Normal University,(EN) Application of rice anchoring protein OsANK3 and coding gene thereof in regulation and control of seed development(ZH) 水稻锚定蛋白OsANK3及其编码基因在调控种子发育中的应用,,,,,,,32.129897,114.039497,Xin Yang Shi,,China,Rice,266.0,True,2024.0,2025.0,False,Yield Improvement
CN343415213,202110987393,China,2021-08-26,113637685.0,2023-04-18,"Hunan Agricultural University湖南农业大学Institute Of Plant Protection, Hunan Province",(EN) Rice cold-resistant gene OsRab11C1 and application thereof(ZH) 一种水稻耐寒基因OsRab11C1及其应用,,,,,,,28.180967,113.084828,Chang Sha Shi,Hu Nan Sheng,China,Rice,600.0,True,2021.0,2023.0,False,Cold Tolerance
CN352777334,202111195985,China,2021-10-14,114058618.0,2023-05-16,South China Normal University华南师范大学Cas Center For Excellence In Molecular Plant Sciences,(EN) Application of glutamate dehydrogenase as target spot in pest control(ZH) 谷氨酸脱氢酶作为靶点在防治害虫中的应用,,,,,,,23.137889,113.34946,Guang Zhou Shi,Guang Dong Sheng,China,Crop plants,579.0,True,2021.0,2023.0,False,Other Purpose
CN374857622,202210652599,China,2022-06-09,115011618.0,2023-06-02,South China Agricultural University,(EN) Method for improving water transport efficiency of rice and/or promoting xylem growth of rice(ZH) 一种提高水稻水分运输效率和/或促进水稻木质部增长的方法,,,,,,,23.1568182,113.3536811,Guang Zhou Shi,Guang Dong Sheng,China,Rice,358.0,True,2022.0,2023.0,False,Drought Adaptation
CN435098125,202410359122,China,2024-03-27,118256552.0,2024-09-10,Huaiyin Normal University,(EN) Application of rice OsFWL1 gene in improving rice quality(ZH) 水稻OsFWL1基因在改良稻米品质中的应用,,,,,,,33.599411,119.029348,Huai An Shi,Jiang Su Sheng,China,Rice,167.0,True,2024.0,2024.0,False,Other Genetic Improvement for Crop Traits
CN395776531,202211253287.X,China,2022-10-13,115927381.0,2025-02-14,Anhui Agricultural University,(EN) Rape RNA processing factor NCBP gene and application thereof(ZH) 一种油菜RNA加工因子NCBP基因及其应用,,,,,13.10.2022,China,31.860048,117.257372,He Fei Shi,An Hui Sheng,China,Canola,855.0,True,2022.0,2025.0,False,Other Genetic Improvement for Crop Traits
CN356055569,202111586843,China,2021-12-23,114196679.0,2023-05-05,Wuhan Biological Engineering College,(EN) Application of copper ion transporter gene OsCOPT7 in rice breeding(ZH) 铜离子转运蛋白基因OsCOPT7在水稻选育中的应用,,,,,,,30.709977,114.523201,Wu Han Shi,Hu Bei Sheng,China,Rice,498.0,True,2021.0,2023.0,False,Yield Improvement
CN399619894,202210944170.X,China,2022-08-05,116200411.0,2024-08-13,Lanzhou University,(EN) Rice salt-tolerant genes OsINH2 and OsIN3 and application thereof(ZH) 水稻耐盐基因OsINH2和OsINH3及其应用,,,,,05.08.2022,China,36.0477699,103.8585624,Lan Zhou Shi,Gan Su Sheng,China,Rice,739.0,True,2022.0,2024.0,False,Drought Adaptation
CN205780970,201710251009,China,2017-04-18,107298701.0,2020-10-30,Shanghai University,(EN) Zea mays transcription factor ZmbZIP22 and application thereof(ZH) 玉米转录因子ZmbZIP22及其应用,,,,,,,31.3148036,121.382746,,Shang Hai Shi,China,Corn/Maize,1291.0,True,2017.0,2020.0,False,Yield Improvement
CN345600902,202110764143,China,2021-07-06,113736792.0,2023-07-25,"Northeast Institute Of Geography And Agroecology, Chinese Academy Of Sciences",(EN) Mutant of soybean GmTic110 gene and application of mutant(ZH) 大豆GmTic110基因的突变体及其应用,,,,,,,44.001519,125.399287,Changchun,Jilin,China,Soybeans,749.0,True,2021.0,2023.0,False,Yield Improvement
CN345615617,202010493438,China,2020-06-01,113755520.0,2023-06-23,"Institute Of Fruit Tree Research, Guangdong Academy Of Agricultural Sciences",(EN) Semi-dwarf banana gene editing vector as well as construction method and application thereof(ZH) 半矮化香蕉基因编辑载体及其构建方法和应用,,,,,,,23.1541289,113.3728038,Guang Zhou Shi,Guang Dong Sheng,China,Banana,1117.0,True,2020.0,2023.0,False,Other Genetic Improvement for Crop Traits
CN205487064,201710467169,China,2017-06-20,107266541.0,2021-06-04,Shanghai University,(EN) Corn transcription factor ZmbHLH167 and application thereof(ZH) 玉米转录因子ZmbHLH167及其应用,,,,,,,31.3148036,121.382746,,Shang Hai Shi,China,Corn/Maize,1445.0,True,2017.0,2021.0,False,Yield Improvement
CN429428982,202410410660,China,2024-04-08,118006673.0,2024-07-16,Sanya Nanfan Research Institute Of Hainan University海南大学三亚南繁研究院Sanya Research Institute Of Hainan University,(EN) Application of OsOPCL1 gene in regulating and controlling nutrient content of polished rice(ZH) OsOPCL1基因在调控水稻精米营养物质含量的应用,,,,,,,18.2910908,109.4995686,San Ya Shi,Hai Nan Sheng,China,Rice,99.0,True,2024.0,2024.0,False,Other Genetic Improvement for Crop Traits
CN437950500,202410975259,China,2024-07-19,118497225.0,2024-10-29,Sanya Nanfan Research Institute Of Hainan University海南大学三亚南繁研究院Sanya Research Institute Of Hainan University,(EN) Application of knockout OsJMJ703 gene in improvement of amino acid content of rice(ZH) 敲除OsJMJ703基因在提高稻米氨基酸含量的应用,,,,,,,18.2910908,109.4995686,San Ya Shi,Hai Nan Sheng,China,Rice,102.0,True,2024.0,2024.0,False,Yield Improvement
CN437354098,202410705798,China,2024-06-03,118452316.0,2024-10-25,"Shandong Jiurui Agricultural Group Co., Ltd.",(EN) Application of high-protein alfalfa as soybean meal substitute in feed(ZH) 一种高蛋白苜蓿作为豆粕替代物在饲料中的应用,,,,,,,37.136299,120.623401,Yantai,Shandong,China,"Alfalfa, Soybeans",144.0,True,2024.0,2024.0,False,Yield Improvement
CN347714505,202111139974,China,2021-09-27,113862283.0,2022-03-15,Huaiyin Normal University,(EN) Application of TGS1 gene in regulation and control of size and yield of Oryza sativa L. grain(ZH) TGS1基因在调控水稻籽粒大小和产量中的应用,,,,,,,33.599411,119.029348,Huai An Shi,Jiang Su Sheng,China,Rice,169.0,True,2021.0,2022.0,False,Yield Improvement
CN178717922,201610362599,China,2016-05-27,106011167.0,2019-11-01,Shanghai Jiao Tong University,(EN) Application of male sterility gene OsDPW2 and rice sterility recovery method(ZH) 雄性不育基因OsDPW2的应用及水稻育性恢复的方法,,,,,,,31.0252201,121.4337784,,Shang Hai Shi,China,Rice,1253.0,True,2016.0,2019.0,False,Yield Improvement
CN366177809,202110456863.X,China,2021-04-25,114621966.0,2023-07-07,Ningbo University,(EN) Application of jasmonic acid methyltransferase coding gene OsJMTL1 in resisting rice black-streaked dwarf virus(ZH) 一种茉莉酸甲基转移酶编码基因OsJMTL1在抗水稻黑条矮缩病毒中的应用,,,,,25.04.2021,China,29.909785,121.6416,Ning Bo Shi,Zhe Jiang Sheng,China,Rice,803.0,True,2021.0,2023.0,False,Disease Resistance
CN440329601,202411155403,China,2024-08-22,118667843.0,2024-11-26,"Institute Of Plant Protection, Chinese Academy Of Agricultural Sciences",(EN) Laccase Laccase-2 gene of tomato leaf miner and application of laccase Laccase-2 gene(ZH) 番茄潜叶蛾漆酶Laccase-2基因及其应用,,,,,,,39.9628214,116.3269465,,Bei Jing Shi,China,Tomatoes,96.0,True,2024.0,2024.0,False,Other Genetic Improvement for Crop Traits
CN283344535,201911103126,China,2019-11-12,110734481.0,2021-02-19,China Agricultural University,(EN) Application of tomato SlMIP protein and coding gene of tomato SlMIP protein in regulating plant gray mold resistance(ZH) 番茄SlMIP蛋白及其编码基因在调控植物灰霉病抗性中的应用,,,,,,,40.004202,116.352988,,Bei Jing Shi,China,Tomatoes,465.0,True,2019.0,2021.0,False,Disease Resistance
US442374561,17808128,United States of America,2022-06-22,12139732.0,2024-11-12,"Pioneer Hi-Bred International, Inc.Pioneer Hi-Bred International, Inc",(EN) Engineered deaminases,,,,,22.06.2022,United States,40.0601297,-76.0696993,New Holland,Pennsylvania,United States,Crop plants,874.0,True,2022.0,2024.0,False,Gene Editing Systems Development
US326379612,17141308,United States of America,2021-01-05,11365423.0,2022-06-21,"Guangdong Sanjie Forage Biotechnology Co., Ltd",(EN) Method of obtaining multileaflet Medicago sativa materials by means of MsPALM1 artificial site-directed mutants,201810724563.3 04.07.2018 CN,"CN108949774

WO/2020/007332

AU2019297209

CA3105397

EP3816292

US20210269816",,,,,23.190879,113.549766,Guang Zhou Shi,Guang Dong Sheng,China,Alfalfa,532.0,True,2021.0,2022.0,True,Other Genetic Improvement for Crop Traits
US195266439,15317283,United States of America,2015-06-12,11584936.0,2023-02-21,King Abdullah University Of Science And Technology,(EN) Targeted viral-mediated plant genome editing using CRISPR /Cas9,,WO/2015/189693,,,,,22.309465,39.104697,جامعة الملك عبدالله للعلوم والتقنية,مكة المكرمة,Saudi Arabia,Crop plants,2811.0,True,2015.0,2023.0,True,Gene Editing Systems Development
CA131326335,2883792,Canada,2013-09-06,,2021-12-07,Dow Agrosciences Llc,(EN) ENGINEERED TRANSGENE INTEGRATION PLATFORM (ETIP) FOR GENE TARGETING AND TRAIT STACKING(FR) PLATEFORME D'INTEGRATION DE TRANSGENE GENETIQUEMENT MODIFIE (ETIP) POUR LE CIBLAGE GENIQUE ET L'EMPILEMENT DE CARACTERES,"61/697,882 07.09.2012 US","EP2893025

JP2015531598

US20140090113

WO/2014/039872

RU0002666916

CN107267524

CN104838001

BR112015004848

AU2013312352

RU0002666916

AR092479

KR1020150046345

IL237534

NZ705675

CL2015000565

IN2249/DELNP/2015

UAa201503063This application is not viewable in PATENTSCOPE because the national phase entry has not been published yet or the national entry is issued from a country that does not share data with WIPO or there is a formatting issue or an unavailability of the application.",,,,,32.3820297,-92.1999241,West Monroe,Louisiana,United States,Crop plants,3014.0,True,2013.0,2021.0,True,Gene Editing Systems Development
CN205489033,201710506972,China,2013-09-06,107267524.0,2021-08-24,Dow Agrosciences Llc,(EN) Engineered transgene integration platform (ETIP) for gene targeting and trait stacking(ZH) 用于基因打靶和性状堆叠的工程化转基因整合平台(ETIP),"61/697,882 07.09.2012 US","EP2893025

JP2015531598

US20140090113

WO/2014/039872

RU0002666916

CN104838001

BR112015004848

AU2013312352

RU0002666916

AR092479

KR1020150046345

CA2883792

IL237534

NZ705675

CL2015000565

IN2249/DELNP/2015

UAa201503063This application is not viewable in PATENTSCOPE because the national phase entry has not been published yet or the national entry is issued from a country that does not share data with WIPO or there is a formatting issue or an unavailability of the application.",,,,,40.7626591,-73.9696518,New York,New York,United States,Crop plants,2909.0,True,2013.0,2021.0,True,Gene Editing Systems Development
RU250114944,2018101730,Russian Federation,2016-06-17,,2022-08-12,"Дзе Брод Инститьют Инк. (Us)Массачусетс Инститьют Оф Текнолоджи (Us)Президент Энд Феллоуз Оф Гарвард Колледж (Us)Рутгерс, Дзе Стейт Юниверсити Оф Нью Джерси (Us)Автономная Некоммерческая Образовательная Организация Высшего Образования ""Сколковский Институт Науки И Технологий"" (Ru)Дзе Юнайтед Стейтс Оф Эмерика, Эз Репрезентед Бай, Дзе Секретэри Дипартмент Оф Хелт Энд Хьюман Сервисиз (Us)Кунин, Юджин (Us)Чжан, Фэн (Us)Вольф, Юрий, И. (Us)Шмаков Сергей (Ru)Северинов, Константин (Us)Семенова, Екатерина (Us)Минахин, Леонид (Us)Макарова, Кира, С. (Us)Конерманн, Сильвана (Ch)Джунг, Джулия (Us)Гутенберг, Джонатан, С. (Us)Абудайех, Омар, О. (Us)",(EN) NOVEL CRISPR ENZYMES AND SYSTEMS(RU) НОВЫЕ ФЕРМЕНТЫ И СИСТЕМЫ CRISPR,"62/181,663 18.06.2015 US","AU2016279062

EP3436575

WO/2016/205749

RU2022121427

US20180320163

CA3012607

US20210348156

US20210348157

AU2022205165",,,,,42.3744368,-71.1182488,Cambridge,Massachusetts,United States,Crop plants,2247.0,True,2016.0,2022.0,True,Gene Editing Systems Development
MX441955534,2024010443,Mexico,2024-08-23,,,"University Of Florida Research Foundation, Incorporated",(EN) COMPOSITIONS AND METHODS FOR SUPPRESSION OF FLOWERING IN SUGARCANE AND ENERGYCANE.(ES) COMPOSICIONES Y METODOS PARA SUPRIMIR LA FLORACION EN LA CA?A DE AZUCAR Y EN LA CA?A ENERGETICA.,"63/268,572 25.02.2022 US",WO/2023/164553,,,23.08.2024,Mexico,29.6492253,-82.3419929,Gainesville,Florida,United States,Sugarcane,,False,2024.0,,True,Yield Improvement
CN371158631,202210687850,China,2022-06-17,114836441.0,2024-05-07,China Agricultural University,(EN) ZmRAP2.7 gene related to storage resistance of corn seeds as well as functional marker and application of ZmRAP2.7 gene(ZH) 玉米种子耐贮性相关的ZmRAP2.7基因及其功能标记与应用,,,,,,,40.004202,116.352988,,Bei Jing Shi,China,Corn/Maize,690.0,True,2022.0,2024.0,False,Other Genetic Improvement for Crop Traits
CA234724450,3025828,Canada,,,,Kws Saat Se & Co. Kgaa,(EN) HYBRID NUCLEIC ACID SEQUENCES FOR GENOME ENGINEERING(FR) SEQUENCES D'ACIDES NUCLEIQUES HYBRIDES DESTINEES A L'INGENIERIE GENOMIQUE,"62/344,109 01.06.2016 US","AU2017272623

KR1020190012229

EP3464594

CN109642232

US20190161760

BR112018074494

EA201892810

WO/2017/207589

JP2019517261

UAa201812605This application is not viewable in PATENTSCOPE because the national phase entry has not been published yet or the national entry is issued from a country that does not share data with WIPO or there is a formatting issue or an unavailability of the application.

US20240376486",,,,Canada,51.8149087,9.884365,Einbeck,Niedersachsen,Germany,Crop plants,,False,,,True,Gene Editing Systems Development
EP443662468,24175045,European Patent Office,2020-10-30,,,Pairwise Plants Services Inc,(DE) TYP-V-CRISPR-CAS-BASISEDITOREN UND VERFAHREN ZUR VERWENDUNG DAVON(EN) TYPE V CRISPR-CAS BASE EDITORS AND METHODS OF USE THEREOF(FR) ÉDITEURS DE BASE CRISPR-CAS DE TYPE V ET LEURS PROCÉDÉS D'UTILISATION,20880833 30.10.2020 EP201962927914 30.10.2019 US2020058082 30.10.2020 US,"CA3158897

WO/2021/087182

US20210130827

AU2020372931

SG11202204012U

KR1020220110739

CN114867852

EP4051788

JP2023501223

NZ787352",,,30.10.2020,European Patent Office,35.9900355,-78.8898264,Durham,North Carolina,United States,Crop plants,,False,2020.0,,True,Gene Editing Systems Development
CA276053858,2994883,Canada,,,,"Institute Of Genetics And Developmental Biology, Chinese Academy Of Sciences",(EN) METHOD FOR OBTAINING GLYPHOSATE-RESISTANT RICE BY SITE-DIRECTED NUCLEOTIDE SUBSTITUTION(FR) PROCEDE POUR OBTENIR DU RIZ RESISTANT AU GLYPHOSATE PAR SUBSTITUTION DE NUCLEOTIDE DIRIGEE,201510500930.8 14.08.2015 CN,"CN106467909

AU2016309392

KR1020180031765

EP3334832

BR112018002026

EA201890492

US20190062779

JP2018527920

KR1020200078685

WO/2017/028768

AR105713

UAa201802118This application is not viewable in PATENTSCOPE because the national phase entry has not been published yet or the national entry is issued from a country that does not share data with WIPO or there is a formatting issue or an unavailability of the application.",,,,Canada,38.115509,114.533286,Shi Jia Zhuang Shi,He Bei Sheng,China,Rice,,False,,,True,Pesticide Resistance
EP221778046,16836632,European Patent Office,2016-08-15,,,Inst Genetics & Developmental Biology Cas,(DE) VERFAHREN ZUR HERSTELLUNG VON GLYPHOSATRESISTENTEM REIS DURCH ZIELGERICHTETE NUKLEOTIDSUBSTITUTION(EN) METHOD FOR OBTAINING GLYPHOSATE-RESISTANT RICE BY SITE-DIRECTED NUCLEOTIDE SUBSTITUTION(FR) PROCÉDÉ POUR OBTENIR DU RIZ RÉSISTANT AU GLYPHOSATE PAR SUBSTITUTION DE NUCLÉOTIDE DIRIGÉE,201510500930 14.08.2015 CN,"CN106467909

AU2016309392

KR1020180031765

BR112018002026

EA201890492

US20190062779

JP2018527920

KR1020200078685

WO/2017/028768

AR105713

CA2994883

UAa201802118This application is not viewable in PATENTSCOPE because the national phase entry has not been published yet or the national entry is issued from a country that does not share data with WIPO or there is a formatting issue or an unavailability of the application.",,,15.08.2016,European Patent Office,38.115509,114.533286,Shi Jia Zhuang Shi,He Bei Sheng,China,Rice,,False,2016.0,,True,Pesticide Resistance
AR444176343,P230102065,Argentina,2023-08-04,,,Pairwise Plants Services Inc,(ES) MÉTODOS Y COMPOSICIONES PARA MEJORAR RASGOS DE RENDIMIENTO,"63/370,381 04.08.2022 US","WO/2024/030984

EP2023761387This application is not viewable in PATENTSCOPE because the national phase entry has not been published yet or the national entry is issued from a country that does not share data with WIPO or there is a formatting issue or an unavailability of the application.",,,04.08.2023,Argentina,35.9900355,-78.8898264,Durham,North Carolina,United States,Corn/Maize,,False,2023.0,,True,Yield Improvement
EP324112204,19740353,European Patent Office,2019-07-12,,,Keygene Nv,(DE) TYP-V-CRISPR/NUKLEASE-SYSTEM ZUM GENOMEDITING IN PFLANZENZELLEN(EN) TYPE V CRISPR/NUCLEASE-SYSTEM FOR GENOME EDITING IN PLANT CELLS(FR) SYSTÈME CRISPR/NUCLÉASE DE TYPE V POUR ÉDITION DE GÉNOME DANS DES CELLULES VÉGÉTALES,18194078 12.09.2018 EP201862697021 12.07.2018 US,"WO/2020/011985

US20210238612

JP2021524266",,,12.07.2019,European Patent Office,51.9763484,5.6461028,Wageningen,Gelderland,Netherlands,Crop plants,,False,2019.0,,True,Gene Editing Systems Development
EP330907214,19830148,European Patent Office,2019-07-03,,,Guangdong Sanjie Forage Biotechnology Co Ltd,(DE) VERFAHREN ZUR ORTSSPEZIFISCHEN MUTAGENESE DES MEDICAGO-SATIVA-GENS UNTER VERWENDUNG DES CRISPR/CAS9-SYSTEMS(EN) METHOD FOR SITE-SPECIFIC MUTAGENESIS OF MEDICAGO SATIVA GENE BY USING CRISPR/CAS9 SYSTEM(FR) MÉTHODE DE MUTAGENÈSE DIRIGÉE D'UN GÈNE DE MEDICAGO SATIVA PAR UTILISATION D'UN SYSTÈME CRISPR/CAS9,201810724589.8 04.07.2018 CN,"CN108866093

WO/2020/007331

AU2019299296

US20210292777

CA3105396

US20210147844",,,03.07.2019,European Patent Office,23.190879,113.549766,Guang Zhou Shi,Guang Dong Sheng,China,Alfalfa,,False,2019.0,,True,Gene Editing Systems Development
US301567773,16718155,United States of America,2019-12-17,12264323.0,2025-04-01,"The Broad Institute, Inc.",(EN) CRISPR CPF1 direct repeat variants,,,,,17.12.2019,United States,42.3628314,-71.0888228,Cambridge,Massachusetts,United States,Crop plants,1932.0,True,2019.0,2025.0,False,Gene Editing Systems Development
EP362954871,20844817,European Patent Office,2020-07-17,,,Pioneer Hi Bred Int,(DE) SPENDERDESIGNSTRATEGIE FÜR CRISP-CAS9-GENOMEDITIERUNG(EN) DONOR DESIGN STRATEGY FOR CRISPR-CAS9 GENOME EDITING(FR) STRATÉGIE DE CONCEPTION DE DONNEUR POUR L'ÉDITION DE GÉNOME CRISPR-CAS9,201962877359 23.07.2019 US,"WO/2021/016098

CA3143016

CN114072498

BR112022001230

US20220307006

IN202217001543",,,17.07.2020,European Patent Office,40.1631226,-76.6461019,Elizabethtown,Pennsylvania,United States,Crop plants,,False,2020.0,,True,Gene Editing Systems Development
US225648411,15760352,United States of America,2016-01-12,11693017.0,2023-07-04,,(EN) Small molecule biosensors,,WO/2017/048316,,,12.01.2016,United States,,,,,,Crop plants,2730.0,True,2016.0,2023.0,True,Other Genetic Improvement for Crop Traits
