Application Id,Application Number,Office,Application Date,Publication Number,Publication Date,Publication Kind,IPC,CPC,Applicants,Inventors,Priority Data,Title,Abstract,Related Patent Documents,Grant Number,Grant Date,Agents,Designated States
US335023216,17257595,United States of America,03.07.2019,20210269816,02.09.2021,A1,"C12N 15/82
					








C12N 15/82
					






View less classifications","C12N 15/8216
					






C12N 15/8261
					








C12N 15/8216
					






C12N 15/8261
					






View less classifications","Guangdong Sanjie Forage Biotechnology Co., Ltd",Haitao ChenWen WangXiongping XieQiang QiuZhanhuan ShangKexian SuHui He,201810724563.3 04.07.2018 CN,(EN) Method of Obtaining Multileaflet Medicago Sativa Materials by Means of MsPALM1 Artificial Site-Directed Mutants,"(EN) 
Disclosed is a method for obtaining multileaflet Medicago sativa materials by means of MsPALM1 artificial site-directed mutants. The method comprises: selecting a target site from an exon region of a compound leaf developmental regulatory gene MsPALM1 of Medicago sativa and constructing a plant CRISPR/Cas9 editing recombinant vector MsCRISPR/Cas9::PALM1 and introducing the vector into Medicago sativa cells and regenerating into plants, cutting and repairing to cause a loss-of-function mutation in the MsPALM1 gene of Medicago sativa cells, and then screening the mutant plants by restriction endonuclease digestion and/or targeted deep sequencing of the target sites of the regenerated plants to obtain lines carrying four MsPALM1 allelic genes with simultaneous loss of function mutation. After phenotypic identification, it was confirmed that the compound leaves of the regenerated plants changed from three leaflets to five leaflets. The method can quickly obtain multileaflet Medicago sativa materials with a short breeding period and stable trait.","CN108949774

WO/2020/007332

AU2019297209

CA3105397

EP3816292

US20210171973",,,,
US326379612,17141308,United States of America,05.01.2021,20210171973,10.06.2021,B2,"C12N 15/82
					








C12N 15/82
					






View less classifications","C12N 15/8213
					






C12N 15/8262
					








C12N 15/8213
					






C12N 15/8262
					






View less classifications","Guangdong Sanjie Forage Biotechnology Co., Ltd",Haitao ChenWen WangXiongping XieQiang QiuZhanhuan ShangKexian SuHui He,201810724563.3 04.07.2018 CN,(EN) Method of obtaining multileaflet Medicago sativa materials by means of MsPALM1 artificial site-directed mutants,"(EN) 
Disclosed is a method for obtaining multileaflet Medicago sativa materials by means of MsPALM1 artificial site-directed mutants. The method comprises: selecting a target site from an exon region of a compound leaf developmental regulatory gene MsPALM1 of Medicago sativa and constructing a plant CRISPR/Cas9 editing recombinant vector MsCRISPR/Cas9::PALM1 and introducing the vector into Medicago sativa cells and regenerating into plants, cutting and repairing to cause a loss-of-function mutation in the MsPALM1 gene of Medicago sativa cells, and then screening the mutant plants by restriction endonuclease digestion and/or targeted deep sequencing of the target sites of the regenerated plants to obtain lines carrying four MsPALM1 allelic genes with simultaneous loss of function mutation. After phenotypic identification, it was confirmed that the compound leaves of the regenerated plants changed from three leaflets to five leaflets. The method can quickly obtain multileaflet Medicago sativa materials with a short breeding period and stable trait.","CN108949774

WO/2020/007332

AU2019297209

CA3105397

EP3816292

US20210269816",11365423,21.06.2022,"IP Attorneys Group, LLC",
CN316327743,201880090027,China,21.12.2018,112204147,08.01.2021,A,"C12N 15/82
					






C12N 15/63
					






A01H 4/00
					






A01H 1/08
					








C12N 15/82
					






C12N 15/63
					






A01H 4/00
					






A01H 1/08
					






View less classifications","A01H 1/08
					






A01H 4/00
					






C12N 15/63
					






C12N 15/8201
					






C12N 15/8207
					






C12N 15/8213
					






View more classifications
							






A01H 1/08
					






A01H 4/00
					






C12N 15/63
					






C12N 15/8201
					






C12N 15/8207
					






C12N 15/8213
					






C12N 15/8216
					






C12N 15/8217
					






C12N 2310/20
					






View less classifications",KWS SAAT SE科沃施种子欧洲股份两合公司,LABS MATHIASM·拉布斯HUMMEL AARONA·赫梅尔MEI YU梅钰,"62/609,508 22.12.2017 US62/758,068 09.11.2018 US",(EN) CPF1 BASED TRANSCRIPTION REGULATION SYSTEMS IN PLANTS(ZH) 基于Cpf1的植物转录调控系统,"(EN) The present invention relates to the targeted regulation of gene expression and more specifically to synthetic transcription factors (STFs) comprising at least one highly target specific engineered recognition domain based on a CRISPR/Cpf1 system and further comprising at least one activation or silencing domain to modulate the expression of a gene of interest, preferably to modulate the transcription of a morphogenic gene of a eukaryote, in particular a plant. Further disclosed are methods using the STFs to enhance transformation frequencies, to optimize successful genome editing approaches,to provide haploid or double haploid organisms, and/or to provide compositions suitable for general transformation, but also for breeding purposes.(ZH) 本发明涉及基因表达的靶向调控，更具体地涉及合成转录因子(STF)，其包含至少一个基于CRISPR/Cpf1系统的高靶向特异性工程化识别结构域，还包含至少一个激活或沉默结构域以调控目的基因的表达，优选地调控真核生物特别是植物的形态发生基因的转录。本发明还公开了使用STF以提高转化频率，优化成功的基因组编辑方法，提供单倍体或双单倍体生物，以及/或者提供适于一般转化但也适于育种目的的组合物的方法。","AU2018390965

CA3086619

WO/2019/122394

EP3728605

BR112020012327

US20210071189",,,永新专利商标代理有限公司 72002永新专利商标代理有限公司 72002,
CA300120963,3086619,Canada,21.12.2018,3086619,27.06.2019,A1,"C12N 15/82
					






A01H 1/08
					






A01H 4/00
					






C12N 15/63
					








C12N 15/82
					






A01H 1/08
					






A01H 4/00
					






C12N 15/63
					






View less classifications","A01H 1/08
					






A01H 4/00
					






C12N 15/63
					






C12N 15/8201
					






C12N 15/8207
					






C12N 15/8213
					






View more classifications
							






A01H 1/08
					






A01H 4/00
					






C12N 15/63
					






C12N 15/8201
					






C12N 15/8207
					






C12N 15/8213
					






C12N 15/8216
					






C12N 15/8217
					






C12N 2310/20
					






View less classifications",KWS SAAT SE & CO. KGAA,"LABS, MATHIASHUMMEL, AARONMEI, YU","62/609,508 22.12.2017 US62/758,068 09.11.2018 US",(EN) CPF1 BASED TRANSCRIPTION REGULATION SYSTEMS IN PLANTS(FR) SYSTEMES DE REGULATION DE LA TRANSCRIPTION BASES SUR CPF1 DANS DES PLANTES,"(EN) The present invention relates to the targeted regulation of gene expression and more specifically to synthetic transcription factors (STFs) comprising at least one highly target specific engineered recognition domain based on a CRISPR/Cpf1 system and further comprising at least one activation or silencing domain to modulate the expression of a gene of interest, preferably to modulate the transcription of a morphogenic gene of a eukaryote, in particular a plant. Further disclosed are methods using the STFs to enhance transformation frequencies, to optimize successful genome editing approaches, to provide haploid or double haploid organisms, and/or to provide compositions suitable for general transformation, but also for breeding purposes.(FR) La présente invention concerne la régulation ciblée de l'expression génique et plus spécifiquement des facteurs de transcription synthétiques (STFs) comprenant au moins un domaine de reconnaissance génétiquement modifié cible extrêmement spécifique basé sur un système CRISPR/Cpf1 et comprenant en outre au moins un domaine d'activation ou de silençage pour moduler l'expression d'un gène d'intérêt, de préférence pour moduler la transcription d'un gène morphogénique d'un eucaryote, en particulier d'une plante. L'invention concerne en outre des procédés utilisant les STF pour améliorer des fréquences de transformation, pour optimiser des approches d'édition de génome réussies, pour fournir des organismes haploïdes ou haploïdes doubles, et/ou pour fournir des compositions appropriées à une transformation générale, mais également à des fins de reproduction.","AU2018390965

WO/2019/122394

EP3728605

BR112020012327

CN112204147

US20210071189",,,,
EP309786263,18830278,European Patent Office,21.12.2018,3728605,28.10.2020,A2,"C12N 15/82
					






A01H 1/08
					






A01H 4/00
					






C12N 15/63
					








C12N 15/82
					






A01H 1/08
					






A01H 4/00
					






C12N 15/63
					






View less classifications","A01H 1/08
					






A01H 4/00
					






C12N 15/63
					






C12N 15/8201
					






C12N 15/8207
					






C12N 15/8213
					






View more classifications
							






A01H 1/08
					






A01H 4/00
					






C12N 15/63
					






C12N 15/8201
					






C12N 15/8207
					






C12N 15/8213
					






C12N 15/8216
					






C12N 15/8217
					






C12N 2310/20
					






View less classifications",KWS SAAT SE & CO KGAA,LABS MATHIASHUMMEL AARONMEI YU,201762609508 22.12.2017 US201862758068 09.11.2018 US,(DE) TRANSKRIPTIONSREGULATIONSSYSTEME AUF CPF1-BASIS BEI PFLANZEN(EN) CPF1 BASED TRANSCRIPTION REGULATION SYSTEMS IN PLANTS(FR) SYSTÈMES DE RÉGULATION DE LA TRANSCRIPTION BASÉS SUR CPF1 DANS DES PLANTES,"(EN) The present invention relates to the targeted regulation of gene expression and more specifically to synthetic transcription factors (STFs) comprising at least one highly target specific engineered recognition domain based on a CRISPR/Cpf1 system and further comprising at least one activation or silencing domain to modulate the expression of a gene of interest, preferably to modulate the transcription of a morphogenic gene of a eukaryote, in particular a plant. Further disclosed are methods using the STFs to enhance transformation frequencies, to optimize successful genome editing approaches, to provide haploid or double haploid organisms, and/or to provide compositions suitable for general transformation, but also for breeding purposes.(FR) La présente invention concerne la régulation ciblée de l'expression génique et plus spécifiquement des facteurs de transcription synthétiques (STFs) comprenant au moins un domaine de reconnaissance génétiquement modifié cible extrêmement spécifique basé sur un système CRISPR/Cpf1 et comprenant en outre au moins un domaine d'activation ou de silençage pour moduler l'expression d'un gène d'intérêt, de préférence pour moduler la transcription d'un gène morphogénique d'un eucaryote, en particulier d'une plante. L'invention concerne en outre des procédés utilisant les STF pour améliorer des fréquences de transformation, pour optimiser des approches d'édition de génome réussies, pour fournir des organismes haploïdes ou haploïdes doubles, et/ou pour fournir des compositions appropriées à une transformation générale, mais également à des fins de reproduction.","AU2018390965

CA3086619

WO/2019/122394

BR112020012327

CN112204147

US20210071189",,,,"View all
							



AL, AT, BA, BE, BG, CH, CY, CZ, DE, DK, EE, ES, FI, FR, GB, GR, HR, HU, IE, IS, IT, LI, LT, LU, LV, MC, ME, MK, MT, NL, NO, PL, PT, RO, RS, SE, SI, SK, SM, TR
				

Hide all"
CN199377632,201710030839,China,17.01.2017,106834341,13.06.2017,B,"C12N 15/82
					






A01H 5/00
					






A01H 6/20
					








C12N 15/82
					






A01H 5/00
					






A01H 6/20
					






View less classifications","C12N 15/8274
					






C12N 2800/22
					






C12N 2810/10
					








C12N 15/8274
					






C12N 2800/22
					






C12N 2810/10
					






View less classifications",CHINA AGRICULTURAL UNIVERSITY中国农业大学,JIANG LINJIAN姜临建CHEN QIJUN陈其军NI HANWEN倪汉文XU YONG许勇CHEN YIYU陈易雨WANG ZHIPING王志平,2016112550764 30.12.2016 CN,(EN) Gene site-directed mutation vector as well as construction method and application thereof(ZH) 一种基因定点突变载体及其构建方法和应用,"(EN) The invention belongs to the technical field of bioengineering and in particular relates to a gene site-directed mutation vector as well as a construction method and application thereof. The invention provides the gene site-directed mutation vector due to lots of optimizations, cytosine deaminase is guided to be close to cytosine through a CRISPR (Clustered Regularly Interspaced Short Palindromic Repeats) system, the cytosine is changed into uracil, then uracil is changed into thymine through self-repair in plant cells, and finally, site-specific mutagenesis from C to T is realized in plants so as to generate resistance to herbicides. In addition, point mutation can be produced in a non-sgRNA targeted area, and novel herbicide-resistant great agronomic traits are brought.(ZH) 本发明属于生物工程技术领域，具体涉及一种基因定点突变载体及其构建方法和应用。本发明通过大量的优化，提供一种基因定点突变载体，通过CRISPR系统将胞嘧啶脱氨酶引导至胞嘧啶附近，将胞嘧啶变成尿嘧啶，随后植物细胞内的自发修复最终将尿嘧啶变成了胸腺嘧啶，最终在植物中实现C到T的定点突变，产生抗除草剂抗性。另外还可在非sgRNA靶点区域产生点突变，带来新的抗除草剂的重大农艺性状。",,106834341,16.06.2020,北京众合诚成知识产权代理有限公司 11246,
CN408077341,202180088340,China,05.11.2021,116745418,12.09.2023,A,"C12N 15/10
					








C12N 15/10
					






View less classifications","C12N 15/111
					






C12N 9/1276
					






C12N 9/22
					






C12N 2310/20
					






C12N 2310/3519
					






C12N 15/102
					






View more classifications
							






C12N 15/111
					






C12N 9/1276
					






C12N 9/22
					






C12N 2310/20
					






C12N 2310/3519
					






C12N 15/102
					






C12N 15/62
					






C12Y 207/07049
					






C07K 2319/80
					






C07K 2319/00
					






C07K 14/4702
					






C12N 15/11
					






C12Q 2521/107
					






C12N 2800/10
					






C12N 2800/80
					






C12N 15/905
					






C12N 15/907
					






C12N 15/66
					






C12N 15/902
					






C12N 15/113
					






View less classifications","CHENGDUI PLANT SERVICE CO., LTD.成对植物服务股份有限公司","KIM YOUHANY·金WATERS, JAMES, M.J·M·瓦特斯HAMMERL ANDREASA·哈默尔LAWIT, SHAI, J.S·J·拉维特SCHWAK DIETERD·施瓦克","63/110,386 06.11.2020 US",(EN) Compositions and methods for RNA-encoded DNA substitution of alleles(ZH) 用于等位基因的RNA编码的DNA替换的组合物和方法,"(EN) The present invention relates to recombinant nucleic acid constructs comprising a CRISPR-Cas effector protein, a reverse transcriptase and an extended guiding nucleic acid, and methods of using the same to modify nucleic acids in plants.(ZH) 本发明涉及包含CRISPR‑Cas效应蛋白、逆转录酶和延伸型指导核酸的重组核酸构建体，以及使用其来在植物中修饰核酸的方法。","WO/2022/098993

AU2021374974

CA3200521

BRUS2021058235

KR1020230106633

EP4240844

JP2023549339

NZ798968

IL302526

MX2023005150

CL2023001284

IN202347036333This application is not viewable in PATENTSCOPE because the national phase entry has not been published yet or the national entry is issued from a country that does not share data with WIPO or there is a formatting issue or an unavailability of the application.

SG11202302818VThis application is not viewable in PATENTSCOPE because the national phase entry has not been published yet or the national entry is issued from a country that does not share data with WIPO or there is a formatting issue or an unavailability of the application.",,,中国贸促会专利商标事务所有限公司 11038,
US403483441,17934089,United States of America,21.09.2022,20230242926,03.08.2023,A1,"C12N 15/82
					






C12N 15/113
					






A01H 5/04
					






A01H 5/12
					








C12N 15/82
					






C12N 15/113
					






A01H 5/04
					






A01H 5/12
					






View less classifications","A01H 5/04
					






C12N 15/8213
					






A01H 5/12
					






C12N 15/113
					






C12N 15/8201
					






C12N 15/8203
					






View more classifications
							






A01H 5/04
					






C12N 15/8213
					






A01H 5/12
					






C12N 15/113
					






C12N 15/8201
					






C12N 15/8203
					






C12N 15/8205
					






C12N 15/8207
					






C12N 2310/20
					






View less classifications",KWS SAAT SE & Co. KGaA,Hinrich HARLINGSusana MARTIN-ORTIGOSAMarkus NIESSENCorinna STREITNERNadine SCHUMANNErik JONGEDIJK,102015006335.9 19.05.2015 DE102015014252.6 05.11.2015 DE,(EN) METHODS AND HYBRIDS FOR TARGETED NUCLEIC ACID EDITING IN PLANTS USING CRISPR/CAS SYSTEMS,"(EN) 
The present invention relates to methods and hybrids for the targeted modification of a nucleic acid-target region in a plant target structure. The invention specifically relates to methods and hybrids for directly obtaining a plant or plant material which comprises an editing of a nucleic acid introduced in a targeted manner into a meristematic cell. The hybrids can be introduced in a transient and/or stable manner. The invention also relates to novel plant-optimized introduction strategies. The invention further relates to a method for carrying out an in vitro screening assay in order to first check the suitable gRNA candidates in vitro with respect to their efficiency.","EP3095870

AU2016265197

CA2989368

EP3298148

US20180223295

BR112017024754

CN107849581

EA201792542

WO/2016/184955

DK3298148

ES2953919

UAa201712091This application is not viewable in PATENTSCOPE because the national phase entry has not been published yet or the national entry is issued from a country that does not share data with WIPO or there is a formatting issue or an unavailability of the application.",,,,
EP145109802,13835965,European Patent Office,06.09.2013,2893025,15.07.2015,B1,"C12N 5/10
					








C12N 5/10
					






View less classifications","C07K 14/415
					






C12N 15/8213
					






C12N 15/8241
					








C07K 14/415
					






C12N 15/8213
					






C12N 15/8241
					






View less classifications",DOW AGROSCIENCES LLC,COGAN NOELFORSTER JOHNHAYDEN MATTHEWSAWBRIDGE TIMSPANGENBERG GERMANWEBB STEVEN RGUPTA MANJUAINLEY W MIKEHENRY MATTHEW JMASON JOHNKUMAR SANDEEPNOVAK STEPHEN,201261697882 07.09.2012 US,(DE) MANIPULIERTE TRANSGENE INTEGRATIONSPLATTFORM (ETIP) FÜR GEN-TARGETING UND MERKMALSBÜNDELUNG(EN) ENGINEERED TRANSGENE INTEGRATION PLATFORM (ETIP) FOR GENE TARGETING AND TRAIT STACKING(FR) PLATEFORME D'INTÉGRATION DE TRANSGÈNE GÉNÉTIQUEMENT MODIFIÉ (ETIP) POUR LE CIBLAGE GÉNIQUE ET L'EMPILEMENT DE CARACTÈRES,"(EN) An Engineered Transgene Integration Platform (ETIP) is described that can be inserted randomly or at targeted locations in plant genomes to facilitate rapid selection and detection of a GOI that is perfectly targeted (both the 5' and 3' ends) at the ETIP genomic location. One element in the subject disclosure is the introduction of specific double stranded breaks within the ETIP. In some embodiments, an ETIP is described using zinc finger nuclease binding sites, but may utilize other targeting technologies such as meganucleases, CRISPRs, TALs, or leucine zippers. Also described are compositions of, and methods for producing, transgenic plants wherein the donor or payload DNA expresses one or more products of an exogenous nucleic acid sequence (e.g. protein or RNA) that has been stably-integrated into an ETIP in a plant cell. In embodiments, the ETIP facilitates testing of gene candidates and plant expression vectors from ideation through Development phases.(FR) L'invention concerne une plateforme d'intégration de transgène génétiquement modifié (ETIP) qui peut être insérée aléatoirement ou à des emplacements ciblés dans des génomes de plantes pour faciliter la sélection rapide et la détection rapide d'un GOI qui est parfaitement ciblé (à la fois les extrémités 5' et 3') à l'emplacement génomique de l'ETIP. Un élément de la présente invention est l'introduction de coupures spécifiques double brin à l'intérieur de l'ETIP. Dans certains modes de réalisation, une ETIP est décrite à l'aide de sites de liaison à une nucléase à doigt de zinc mais peut utiliser d'autres technologies de ciblage telles que des méganucléases, CRISPR, TAL, ou des fermetures éclair à leucine. L'invention concerne également des compositions et des procédés de production de plantes transgéniques, l'ADN de donneur ou de charge utile exprimant un ou plusieurs produits d'une séquence d'acide nucléique exogène (par ex une protéine ou un ARN) qui a été intégrée de façon stable à l'intérieur d'une ETIP dans une cellule végétale. Dans des modes de réalisation, l'ETIP facilite le test de candidats de gène et des vecteurs d'expression de plantes à partir de l'idéation à travers des phases de développement.","JP2015531598

US20140090113

WO/2014/039872

RU0002666916

CN107267524

CN104838001

BR112015004848

AU2013312352

RU0002666916

AR092479

KR1020150046345

CA2883792

IL237534

NZ705675

CL2015000565

IN2249/DELNP/2015

UAa201503063This application is not viewable in PATENTSCOPE because the national phase entry has not been published yet or the national entry is issued from a country that does not share data with WIPO or there is a formatting issue or an unavailability of the application.",,,,"View all
							



AL, AT, BA, BE, BG, CH, CY, CZ, DE, DK, EE, ES, FI, FR, GB, GR, HR, HU, IE, IS, IT, LI, LT, LU, LV, MC, ME, MK, MT, NL, NO, PL, PT, RO, RS, SE, SI, SK, SM, TR
				

Hide all"
CA131326335,2883792,Canada,06.09.2013,2883792,13.03.2014,C,"C12N 15/82
					






C12N 15/29
					








C12N 15/82
					






C12N 15/29
					






View less classifications","C07K 14/415
					






C12N 15/8213
					






C12N 15/8241
					








C07K 14/415
					






C12N 15/8213
					






C12N 15/8241
					






View less classifications",DOW AGROSCIENCES LLC,"COGAN, NOELFORSTER, JOHNHAYDEN, MATTHEWSAWBRIDGE, TIMSPANGENBERG, GERMANWEBB, STEVEN R.GUPTA, MANJUAINLEY, W. MIKEHENRY, MATTHEW J.MASON, JOHNKUMAR, SANDEEPNOVAK, STEPHEN","61/697,882 07.09.2012 US",(EN) ENGINEERED TRANSGENE INTEGRATION PLATFORM (ETIP) FOR GENE TARGETING AND TRAIT STACKING(FR) PLATEFORME D'INTEGRATION DE TRANSGENE GENETIQUEMENT MODIFIE (ETIP) POUR LE CIBLAGE GENIQUE ET L'EMPILEMENT DE CARACTERES,"(EN) An Engineered Transgene Integration Platform (ETIP) is described that can be inserted randomly or at targeted locations in plant genomes to facilitate rapid selection and detection of a GOI that is perfectly targeted (both the 5' and 3' ends) at the ETIP genomic location. One element in the subject disclosure is the introduction of specific double stranded breaks within the ETIP. In some embodiments, an ETIP is described using zinc finger nuclease binding sites, but may utilize other targeting technologies such as meganucleases, CRISPRs, TALs, or leucine zippers. Also described are compositions of, and methods for producing, transgenic plants wherein the donor or payload DNA expresses one or more products of an exogenous nucleic acid sequence (e.g. protein or RNA) that has been stably-integrated into an ETIP in a plant cell. In embodiments, the ETIP facilitates testing of gene candidates and plant expression vectors from ideation through Development phases.(FR) L'invention concerne une plateforme d'intégration de transgène génétiquement modifié (ETIP) qui peut être insérée aléatoirement ou à des emplacements ciblés dans des génomes de plantes pour faciliter la sélection rapide et la détection rapide d'un GOI qui est parfaitement ciblé (à la fois les extrémités 5' et 3') à l'emplacement génomique de l'ETIP. Un élément de la présente invention est l'introduction de coupures spécifiques double brin à l'intérieur de l'ETIP. Dans certains modes de réalisation, une ETIP est décrite à l'aide de sites de liaison à une nucléase à doigt de zinc mais peut utiliser d'autres technologies de ciblage telles que des méganucléases, CRISPR, TAL, ou des fermetures éclair à leucine. L'invention concerne également des compositions et des procédés de production de plantes transgéniques, l'ADN de donneur ou de charge utile exprimant un ou plusieurs produits d'une séquence d'acide nucléique exogène (par ex une protéine ou un ARN) qui a été intégrée de façon stable à l'intérieur d'une ETIP dans une cellule végétale. Dans des modes de réalisation, l'ETIP facilite le test de candidats de gène et des vecteurs d'expression de plantes à partir de l'idéation à travers des phases de développement.","EP2893025

JP2015531598

US20140090113

WO/2014/039872

RU0002666916

CN107267524

CN104838001

BR112015004848

AU2013312352

RU0002666916

AR092479

KR1020150046345

IL237534

NZ705675

CL2015000565

IN2249/DELNP/2015

UAa201503063This application is not viewable in PATENTSCOPE because the national phase entry has not been published yet or the national entry is issued from a country that does not share data with WIPO or there is a formatting issue or an unavailability of the application.",,07.12.2021,,
CN205489033,201710506972,China,06.09.2013,107267524,20.10.2017,B,"C12N 15/29
					






C12N 5/10
					








C12N 15/29
					






C12N 5/10
					






View less classifications","C07K 14/415
					






C12N 15/8213
					






C12N 15/8241
					








C07K 14/415
					






C12N 15/8213
					






C12N 15/8241
					






View less classifications",DOW AGROSCIENCES LLC美国陶氏益农公司,COGAN NOELN·科根FORSTER JOHNJ·福斯特HAYDEN MATTHEWM·海登SAWBRIDGE TIMT·索布里奇SPANGENBERG GERMANG·斯潘根伯格WEBB STEVEN RS·R·韦布GUPTA MANJUM·古普塔AINLEY W MIKEW·M·安利HENRY MATTHEW JM·J·亨利MASON JOHNJ·梅森KUMAR SANDEEPS·库马尔NOVAK STEPHENS·诺瓦克,"61/697,882 07.09.2012 US",(EN) Engineered transgene integration platform (ETIP) for gene targeting and trait stacking(ZH) 用于基因打靶和性状堆叠的工程化转基因整合平台(ETIP),"(EN) An Engineered Transgene Integration Platform (ETIP) is described that can be inserted randomly or at targeted locations in plant genomes to facilitate rapid selection and detection of a GOI that is perfectly targeted (both the 5' and 3' ends) at the ETIP genomic location. One element in the subject disclosure is the introduction of specific double stranded breaks within the ETIP. In some embodiments, an ETIP is described using zinc finger nuclease binding sites, but may utilize other targeting technologies such as meganucleases, CRISPRs, TALs, or leucine zippers. Also described are compositions of, and methods for producing, transgenic plants wherein the donor or payload DNA expresses one or more products of an exogenous nucleic acid sequence (e.g. protein or RNA) that has been stably-integrated into an ETIP in a plant cell. In embodiments, the ETIP facilitates testing of gene candidates and plant expression vectors from ideation through Development phases.(ZH) 本申请描述了用于基因打靶和性状堆叠的工程化转基因整合平台(ETIP)，它能在植物基因组中随机地或在靶定位置处插入，从而推动快速选择和检测完美靶定(5'和3'端二者)在ETIP基因组位置处的GOI。本公开文本中的一个要件是在ETIP内引入特定双链断裂。在一些实施方案中，描述了一种ETIP，它使用锌指核酸酶结合位点，但是可利用其它靶向技术，诸如大范围核酸酶、CRISPR、TAL、或亮氨酸拉链。还描述了转基因植物的组合物和用于生成转基因植物的方法，其中供体或有效载荷DNA表达稳定整合入植物细胞中ETIP的外源核酸序列的一种或多种产物(例如蛋白质或RNA)。在多个实施方案中，从构思贯穿开发阶段，ETIP推动测试基因候选和植物表达载体。","EP2893025

JP2015531598

US20140090113

WO/2014/039872

RU0002666916

CN104838001

BR112015004848

AU2013312352

RU0002666916

AR092479

KR1020150046345

CA2883792

IL237534

NZ705675

CL2015000565

IN2249/DELNP/2015

UAa201503063This application is not viewable in PATENTSCOPE because the national phase entry has not been published yet or the national entry is issued from a country that does not share data with WIPO or there is a formatting issue or an unavailability of the application.",107267524,24.08.2021,北京坤瑞律师事务所 11494,
CN396410152,202211452218,China,21.11.2022,115896332,04.04.2023,A,"C12Q 1/6895
					






C12Q 1/6844
					






C12Q 1/6806
					






C12R 1/77
					








C12Q 1/6895
					






C12Q 1/6844
					






C12Q 1/6806
					






C12R 1/77
					






View less classifications","Y02A 50/30
					








Y02A 50/30
					






View less classifications",JILIN UNIVERSITY吉林大学,WANG DI王迪LI YINGCHUN李迎春HU QINGZHI胡青织ZHANG YAQIN张雅琴GUO HANGYU郭航宇WANG JIASI王佳思LU JIAHUI逯家辉YANG JIAQI杨家奇HUANG SHIQI黄诗琪,,(EN) Visual detection method of fusarium solanum based on CRISPR/Cas12 and LAMP(ZH) 一种基于CRISPR/Cas12和LAMP的温和镰孢菌可视化检测方法,"(EN) The invention discloses a fusarium solanum visual detection method based on CRISPR/Cas12 and LAMP, the detection speed is improved by optimizing enzyme digestion reaction conditions, the LAMP and CRISPR/Cas12 are combined to improve the specificity and sensitivity, the detection result is visualized based on AuNP, the method is simpler, more convenient and quicker, and the specificity is stronger; the detection limit of plasmids containing target genes is 10 < 2 > copies/microliter, the detection limit of target bacteria is 10 <-8> ng/microliter, and the method has the characteristic of visualization, solves the problems of complexity, long time consumption, high requirements on instruments and equipment and the like of a traditional detection method, and has huge potential in field detection application of crop pathogenic bacteria.(ZH) 本发明公开了一种基于CRISPR/Cas12和LAMP的温和镰孢菌可视化检测方法，通过优化酶切反应条件提高检测速度，并结合LAMP与CRISPR/Cas以提高特异性和灵敏度，基于AuNP使检测结果可视化，且更为简便快速，特异性更强：利用多条引物扩增目的基因组的特异区域，确保扩增的准确性，检测限较低：含有目的基因的质粒检测限为10<supgt;2</supgt;copies/μL、目标菌的检测限为10<supgt;‑8</supgt;ng/μL，且具有可视化的特点，解决了传统检测方法复杂、耗时长、仪器设备要求高等问题，在农作物病原菌现场检测应用中具有巨大潜力。",,,,沈阳一诺君科知识产权代理事务所(普通合伙) 21266,
CN231672513,201810384373,China,26.04.2018,108588128,28.09.2018,A,"C12N 15/90
					






A01H 5/00
					






A01H 6/54
					








C12N 15/90
					






A01H 5/00
					






A01H 6/54
					






View less classifications","C12N 15/90
					






C12N 2800/80
					






C12N 2810/10
					








C12N 15/90
					






C12N 2800/80
					






C12N 2810/10
					






View less classifications",NANCHANG UNIVERSITY南昌大学,WANG DONG王东TANG YAJUN唐雅君HE REQING贺热情ZHU YOULIN朱友林,,(EN) Construction method and application of high-efficiency soybean CRISPR/Cas9 system(ZH) 一种高效率大豆CRISPR/Cas9系统的构建方法及应用,"(EN) The invention discloses a construction method and an application of the high-efficiency soybean CRISPR/Cas9 system. Staphylococus aureus Cas9 protein undergoes split expression; and in order to improve editing efficiency and broad spectrum, a soybean SaCas9 editing system is constructed. According to the construction method provided by the invention, a low-efficiency editing system is transformedinto the high-efficiency editing system, so that the application scope of editing soybean genome is widened, and meanwhile, a new thought is provided for solving a problem on crop genome editing efficiency in the future.(ZH) 本发明公开了一种高效率大豆CRISPR/Cas9系统的构建方法及应用，将Staphylococcus aureus Cas9蛋白进行拆分表达，为了提高对大豆基因组的编辑效率及广谱性，构建了大豆SaCas9编辑系统。本发明将一个低效率的编辑系统转变为高效率编辑系统，不仅拓展了编辑大豆基因组的应用广度，也为今后解决农作物基因组编辑效率的问题上提供新思路。",,,,江苏圣典律师事务所 32237,
CN403180578,202310275730,China,16.03.2023,116426565,14.07.2023,A,"C12N 15/84
					






C12N 15/113
					






C12N 15/53
					






A01H 5/00
					






A01H 6/34
					








C12N 15/84
					






C12N 15/113
					






C12N 15/53
					






A01H 5/00
					






A01H 6/34
					






View less classifications","C12N 15/8205
					






C12N 15/8218
					






C12N 15/1137
					






C12N 9/001
					






C12Y 103/99
					






Y02A 50/30
					








C12N 15/8205
					






C12N 15/8218
					






C12N 15/1137
					






C12N 9/001
					






C12Y 103/99
					






Y02A 50/30
					






View less classifications","WUHAN ACADEMY OF AGRICULTURAL SCIENCES武汉市农业科学院HAINAN SANYA CROP BREEDING EXPERIMENTAL CENTER, XINJIANG ACADEMY OF AGRICULTURAL SCIENCES新疆农业科学院海南三亚农作物育种试验中心HAMIMELON RESEARCH CENTER, XINJIANG ACADEMY OF AGRICULTURAL SCIENCES新疆农业科学院哈密瓜研究中心",WANG ZHUANRONG王转茸WAN LILI万丽丽TANG MI汤谧ZHANG XUEJUN张学军REN JIAN任俭ZHANG NA张娜ZENG HONGXIA曾红霞SUN YUHONG孙玉宏XIONG JIANSHUN熊建顺,,(EN) Vector suitable for muskmelon CRISPR/Cas9 gene editing system and application thereof(ZH) 一种适用于甜瓜CRISPR/Cas9基因编辑系统的载体及其应用,"(EN) The invention relates to the technical field of gene editing, in particular to a vector suitable for muskmelon CRISPR/Cas9 gene editing and application of the vector. A pYLCas9PubiB vector promoter is modified into'pAtUBQ10 + SV40NLS ', 'Cas9 + SV40NLS + NOS (t)' elements are replaced by'AtCas9 + SV40NLS + HSP (t) 'on a pMODA0501 vector, then a pAtU6-26 promoter, a BsaI restriction enzyme cutting site of 2X, gRNA-sc and an AtU6-1 (t) terminator are sequentially added to an Asc restriction enzyme cutting site, so that the vector can be suitable for a vector for CRISPR/Cas9 gene editing of the muskmelon, and when a visual element is not added, the editing efficiency in the muskmelon can reach 3.23%, so that the vector can be applied to the CRISPR/ After the visual element is added, the editing efficiency can reach 2.08%, and the research lays a foundation for perfectly optimizing the application of the pYLCas9PubiB vector in the muskmelon and further improving the gene editing efficiency of the muskmelon.(ZH) 本发明涉及基因编辑技术领域，具体涉及一种适用于甜瓜CRISPR/Cas9基因编辑的载体及其应用。本发明通过将pYL_Cas9Pubi_B载体启动子修改为“pAtUBQ10+SV40NLS”，“Cas9+SV40NLS+NOS(t)”元件替换为pMOD_A0501载体上的“AtCas9+SV40NLS+HSP(t)”，之后在Asc酶切位点处按顺序加入pAtU6‑26启动子、2X的BsaI酶切位点、gRNA‑sc和AtU6‑1(t)终止子，使其能够适用于甜瓜CRISPR/Cas9基因编辑的载体，且当其不添加可视化元件时，在甜瓜中的编辑效率可达到3.23％，添加可视化元件后，其编辑效率可达到2.08％，该研究对于完善优化pYL_Cas9Pubi_B载体在甜瓜中的应用并为进一步提高甜瓜的基因编辑效率奠定了基础。",,,,武汉河山金堂专利事务所(普通合伙) 42212,
CN425949417,202311663304,China,06.12.2023,117660524,08.03.2024,A,"C12N 15/84
					






C12N 15/113
					






C12N 15/29
					






C07K 14/415
					






A01H 5/10
					






A01H 6/46
					






View more classifications
							






C12N 15/84
					






C12N 15/113
					






C12N 15/29
					






C07K 14/415
					






A01H 5/10
					






A01H 6/46
					






C12N 1/21
					






C12R 1/01
					






View less classifications","C12N 15/8245
					






C12N 15/8261
					






C12N 15/113
					






C07K 14/415
					






C12N 2310/20
					








C12N 15/8245
					






C12N 15/8261
					






C12N 15/113
					






C07K 14/415
					






C12N 2310/20
					






View less classifications","INSTITUTE OF CROP SCIENCE, CHINESE ACADEMY OF AGRICULTURAL SCIENCES中国农业科学院作物科学研究所",LIU CHANGLIN刘昌林XIE CHUANXIAO谢传晓MA MINGZHENG马铭政ZHU JINJIE朱金洁QI XIANTAO祁显涛XU XIAOJIE徐孝洁HUANG JING黄晶,,(EN) Method for creating sweet corn germplasm by using gene editing technology(ZH) 利用基因编辑技术创制甜玉米种质的方法,"(EN) The invention discloses a method for creating sweet corn germplasm by using a gene editing technology. Specifically, the invention discloses an application of a protein with an amino acid sequence of SEQ ID No.2 in preparation of corn with a corn grain shape changed to a sweet corn grain shape. According to the invention, the ZmBT1 gene is knocked out by designing sgRNA (SEQ ID No.4) and a CRISPR/Cas9 gene editing carrier of the sgRNA according to the characteristic that the ZmBT1 gene regulates and controls the corn grain morphology and genome targeted editing of a CRISPR/Cas9 system. Experiments prove that by reducing the expression quantity of the ZmBT1 gene, the taste sweetness of the corn kernels can be remarkably increased, the yellow strength of the corn kernels can be reduced, the endosperm shrinkage degree of the corn kernels can be increased, the corn kernel form is changed to the sweet corn kernel form, and then the sweet corn germplasm is created. The method is of great significance to cultivation of new sweet corn varieties and promotion of commercial sweet corn breeding process.(ZH) 本发明公开了利用基因编辑技术创制甜玉米种质的方法。具体地公开了氨基酸序列为SEQ ID No.2的蛋白质在制备玉米籽粒形态向甜玉米籽粒形态改变的玉米中的应用。本发明利用ZmBT1基因调控玉米籽粒形态的特点及CRISPR/Cas9系统的基因组靶向编辑，通过设计sgRNA(SEQ ID No.4)及其CRISPR/Cas9基因编辑载体来敲除ZmBT1基因。实验证明，通过降低ZmBT1基因的表达量，可显著增加玉米籽粒的口感甜度，降低玉米籽粒黄色强度，增加玉米籽粒胚乳皱缩程度，使玉米籽粒形态向甜玉米籽粒形态改变，进而创制甜玉米种质。本发明对于培育甜玉米新品种、促进商业化甜玉米育种进程、具有重要意义。",,,,北京纪凯知识产权代理有限公司 11245,
CN436471015,202410656891.X,China,24.05.2024,118360297,19.07.2024,A,"C12N 15/29
					






C12N 15/84
					






C12N 15/113
					






A01H 5/10
					






A01H 6/20
					








C12N 15/29
					






C12N 15/84
					






C12N 15/113
					






A01H 5/10
					






A01H 6/20
					






View less classifications","C07K 14/415
					






C12N 15/8261
					






C12N 15/113
					






C12N 2310/20
					








C07K 14/415
					






C12N 15/8261
					






C12N 15/113
					






C12N 2310/20
					






View less classifications",HUAZHONG AGRICULTURAL UNIVERSITY华中农业大学,DAI CHENG戴成ZHU TIANYU朱天宇MA CHAOZHI马朝芝,,(EN) Method for creating high-yield rape germplasm by editing BnaIAA10 by using CRISPR/Cas9(ZH) 利用CRISPR/Cas9编辑BnaIAA10创制高产油菜种质的方法,"(EN) The invention relates to a method for creating a high-yield rape germplasm by editing BnaIAA10 by using CRISPR/Cas9. The BnaIAA10 gene is specifically knocked out from the brassica napus, different BnaIAA10 editing type single plants are obtained, and the seed size of the BnaIAA10 editing type single plants is remarkably increased compared with that of wild type single plants; according to the method, a new germplasm resource is provided for high-yield breeding of the brassica napus, meanwhile, the breeding efficiency is greatly improved, and the breeding process is greatly accelerated. The BnaIAA10 is directionally mutated by using a CRISPR/Cas9 system to obtain the brassica napus with improved yield and stable inheritance. The method lays a foundation for expanding cultivation and basic research of new rape varieties, and has important theoretical and practical significance.(ZH) 本发明涉及利用CRISPR/Cas9编辑BnaIAA10创制高产油菜种质的方法。本发明在甘蓝型油菜中特异性敲除BnaIAA10基因，获得不同的BnaIAA10编辑类型单株，其种子大小比野生型显著增加；即利用CRISPR/Cas9系统定向突变BnaIAA10获得产量提高且稳定遗传的甘蓝型油菜的方法为甘蓝型油菜高产育种提供了新的种质资源，同时极大提高育种效率，大大加快育种进程；为扩大油菜新品种的培育和基础研究奠定基础，具有重要的理论和实践意义。",,,,武汉集源知识产权代理事务所(普通合伙) 42316,
,,,,,,,,,,,,,,,,,,
,,,,,,,,,,,,,,,,,,
CN355398691,202110871825,China,30.07.2021,114164208,11.03.2022,A,"C12N 15/113
					






C12N 15/84
					






A01H 5/02
					






A01H 6/54
					








C12N 15/113
					






C12N 15/84
					






A01H 5/02
					






A01H 6/54
					






View less classifications","C12Q 1/6895
					






C12Q 1/686
					






C12Q 2600/156
					






C12Q 2600/13
					






C07K 14/415
					






C12N 15/113
					






View more classifications
							






C12Q 1/6895
					






C12Q 1/686
					






C12Q 2600/156
					






C12Q 2600/13
					






C07K 14/415
					






C12N 15/113
					






C12N 15/8218
					






C12N 15/8289
					






C12N 2310/20
					






View less classifications",ANHUI AGRICULTURAL UNIVERSITY安徽农业大学CROP SCIENCE RESEARCH INSTITUTE OF CHINESE ACADEMY OF AGRICULTURAL SCIENCES中国农业科学院作物科学研究所,WANG XIAOBO王晓波QIU LIJUAN邱丽娟CHENG ANDONG程安东LI JIAJIA李佳佳ZHAO DUO赵夺ZHANG WENMING张文明,,(EN) Gene editing sequence and method for creating soybean nuclear male sterile line(ZH) 一种创制大豆细胞核雄性不育系的基因编辑序列及方法,"(EN) The invention relates to the technical field of genetic breeding, in particular to a gene editing sequence for creating a soybean nuclear male sterile line by using a CRISPR/Cas9 gene editing technology and a creation method using the sequence. A CRISPR-Cas9 gene editing technology is utilized to edit GmNACK2 through a specific target spot, a nuclear male sterile line is created, and the major breeding problems that soybean hybridization is difficult, the natural outcrossing rate is increased and the like are effectively solved. The method plays an important role in soybean genetic improvement and soybean yield increase.(ZH) 本发明涉及遗传育种技术领域，尤其涉及一种利用CRISPR/Cas9基因编辑技术创制大豆细胞核雄性不育系的基因编辑序列及利用该序列的创制方法。利用CRISPR‑Cas9基因编辑技术通过特定靶点对GmNACK2进行编辑，创制细胞核雄性不育系，有效解决了大豆杂交困难，增加天然异交率等育种重大难题。在大豆遗传改良和提高大豆产量中具有重要的作用。",CN114164289,,,合肥和瑞知识产权代理事务所(普通合伙) 34118,2021104269816 20.04.2021 CN
CN438240768,202410753434,China,12.06.2024,118531031,23.08.2024,A,"C12N 15/70
					






C12N 15/90
					






C07K 14/195
					






C12N 9/22
					






C12N 15/113
					






C12N 15/31
					






View more classifications
							






C12N 15/70
					






C12N 15/90
					






C07K 14/195
					






C12N 9/22
					






C12N 15/113
					






C12N 15/31
					






C12R 1/19
					






View less classifications","C12N 15/70
					






C12N 15/902
					






C07K 14/195
					






C12N 9/22
					






C12N 15/113
					






C12N 2310/20
					






View more classifications
							






C12N 15/70
					






C12N 15/902
					






C07K 14/195
					






C12N 9/22
					






C12N 15/113
					






C12N 2310/20
					






C12R 2001/19
					






View less classifications",HENAN VOCATIONAL COLLEGE OF AGRICULTURE河南农业职业学院HENAN AGRICULTURAL UNIVERSITY河南农业大学HENAN INSTITUTE OF SCIENCE & TECHNOLOGY河南科技学院,CHEN SHICHANG陈世昌YANG YANQING杨艳青QIU LIYOU邱立友ZHANG CHAOHUI张朝辉HUA JUN化军SUN WENYING孙文英,,(EN) Single-stranded DNA binding protein mediated in-vitro CRISPR/Cas9 gene editing method and application thereof(ZH) 单链DNA结合蛋白介导的体外CRISPR/Cas9基因编辑方法及其应用,"(EN) The invention belongs to the technical field of biology, and relates to an in-vitro gene editing method, in particular to an in-vitro CRISPR/Cas9 gene editing method mediated by single-stranded DNA binding protein and application of the in-vitro CRISPR/Cas9 gene editing method. According to the application, CRISPR-Cas9 nucleoprotein (RNP) of an escherichia coli lacZ gene in a targeted plasmid and escherichia coli SSB are incubated together with the plasmid, homologous recombination fragments are added or not added, quantitative PCR is adopted to detect the number of plasmids subjected to homologous recombination and non-homologous recombination gene editing, whether the escherichia coli SSB can catalyze homologous recombination and non-homologous recombination in vitro to repair RNP-mediated DSB or not is detected, and whether the RNP-mediated DSB is repaired or not is judged. And in-vitro gene editing is realized.(ZH) 本发明属于生物技术领域，涉及体外基因编辑的方法，特别是指单链DNA结合蛋白介导的体外CRISPR/Cas9基因编辑方法及其应用。本申请将靶向质粒中大肠杆菌lacZ基因的CRISPR‑Cas9核蛋白（Ribonucleoproteins，RNP）和大肠杆菌SSB与质粒一起孵育，添加或不添加同源重组片段，采用定量PCR检测发生同源重组和非同源重组基因编辑的质粒数量，检测大肠杆菌SSB能否在体外催化同源重组和非同源重组修复RNP介导的DSB，实现体外基因编辑。",,,,郑州优盾知识产权代理有限公司 41125,
CN349228450,202111238330,China,25.10.2021,113943780,18.01.2022,A,"C12Q 1/6844
					






C12Q 1/6888
					








C12Q 1/6844
					






C12Q 1/6888
					






View less classifications","C12Q 1/6844
					






C12Q 1/6888
					






C12Q 2600/178
					








C12Q 1/6844
					






C12Q 1/6888
					






C12Q 2600/178
					






View less classifications","LANZHOU VETERINARY RESEARCH INSTITUTE, CHINESE ACADEMY OF AGRICULTURE SCIENCES中国农业科学院兰州兽医研究所",LUO XUENONG骆学农WANG LIQUN王立群LI YANPING李艳萍CHEN GUOLIANG陈国梁BAI XUE白雪TANG BIN唐斌LIU XIAOLEI刘晓雷LIU TINGLI刘婷丽ZHANG SHAOHUA张少华,,(EN) RCA-assisted CRISPR/Cas9 detection method based on let-7 and application of RCA-assisted CRISPR/Cas9 detection method(ZH) 一种基于let-7的RCA辅助CRISPR/Cas9检测方法及其应用,"(EN) The invention discloses a let-7-based RCA-assisted CRISPR/Cas9 detection method, which comprises the following steps: 1) RCA reaction: designing a lock-type probe complementary to the sequence of let-7 according to the sequence of let-7, and establishing a let-7-based RCA amplification method; 2) shearing reaction of an amplification product: designing and synthesizing a CRISPR/Cas9 guide RNA (sg-RNA) sequence and a TaqMan probe according to the sequence of let-7, and carrying out shearing reaction on the RCA product by using Cas9 protein; and 3) fluorescence detection of the reaction product: detecting the fluorescence value of the RCA-CRISPR/Cas9 reaction product of the rabbit serum by using a fluorescence spectrometer. The RCA-assisted CRISPR/Cas9 detection method can be used for manufacturing a kit for detecting the infection of tapeworm larva. According to the invention, let-7 in serum is amplified through RCA; the method also comprises the following steps: carrying out enzyme digestion on an RCA amplification product of let-7 from a polypide body by utilizing the specificity of CRISPR/Cas9; and determining whether the animal is infected with the tapeworm larva or not according to the fluorescence value of the RCA enzyme digestion product.(ZH) 本发明公开了一种基于let‑7的RCA辅助CRISPR/Cas9检测方法，包括以下步骤：1)RCA反应：根据绦虫蚴let‑7的序列，设计与其序列互补的锁式探针，建立了基于let‑7的RCA扩增方法；2)扩增产物的剪切反应：根据let‑7的序列，设计并合成CRISPR/Cas9向导RNA(sg‑RNA)序列和TaqMan探针，利用Cas9蛋白将RCA产物进行剪切反应；3)反应产物的荧光检测：用荧光光谱仪检测家兔的血清RCA‑CRISPR/Cas9反应产物的荧光值。上述RCA辅助的CRISPR/Cas9检测方法可应用于制作检测绦虫蚴感染的试剂盒。本发明通过RCA使血清中的let‑7得以扩增；利用CRISPR/Cas9的特异性酶切虫体来源的let‑7的RCA扩增产物；根据RCA酶切产物的荧光值确定动物是否感染了绦虫蚴。",,,,北京兴智翔达知识产权代理有限公司 11768,
,,,,,,,,,,,,,,,,,,
,,,,,,,,,,,,,,,,,,
CN401503390,202310255653,China,16.03.2023,116286966,23.06.2023,A,"C12N 15/84
					






C12N 15/113
					






A01H 5/10
					






A01H 5/00
					






A01H 6/54
					






C12Q 1/6895
					






View more classifications
							






C12N 15/84
					






C12N 15/113
					






A01H 5/10
					






A01H 5/00
					






A01H 6/54
					






C12Q 1/6895
					






C12N 15/11
					






View less classifications","C12N 15/8273
					






C12N 15/8261
					






C12N 15/8216
					






C12N 15/8205
					






C12Q 1/6895
					






C12Q 2600/13
					






View more classifications
							






C12N 15/8273
					






C12N 15/8261
					






C12N 15/8216
					






C12N 15/8205
					






C12Q 1/6895
					






C12Q 2600/13
					






C12Q 2600/158
					






C12Q 2600/178
					






C12Q 2600/156
					






Y02A 40/146
					






View less classifications","INSTITUTE OF CROP SCIENCE, CHINESE ACADEMY OF AGRICULTURAL SCIENCES中国农业科学院作物科学研究所",JIANG QIYAN姜奇彦CHEN XIANGQIAN陈向前HU ZHENG胡正SUN XIANJUN孙现军JIANG XUEMIN姜雪敏ZHANG HUI张辉,,(EN) Application of Gma-MIR396a gene editing in regulating and improving weight and stress resistance of soybean seeds(ZH) Gma-MIR396a基因编辑在调控提高大豆籽粒重量、抗逆能力中的应用,"(EN) The invention discloses application of a Gma-MIR396a gene in regulation and control of soybean growth and development related characters/improvement of soybean grain size and weight/forward regulation and control of soybean drought resistance/salt stress response. According to the invention, miR396a precursor overexpressed (MIR396a-OEs) transgenic soybeans and gma-MIR396a edited (MIR396a-GEs) transgenic soybeans based on CRISPR-Cas9 (clustered regularly interspaced short palindromic repeats and CRISPR-Cas9 (clustered regularly interspaced short palindromic repeats) are created. Gma-MIR396a is edited by utilizing a CRISPR-Cas9 technology, so that the grain size, the weight and the stress resistance of the transgenic soybean are improved, and an important gene and material basis is provided for the cultivation of a new variety of high-yield stress-resistant soybean.(ZH) 本发明公开Gma‑MIR396a基因在调控大豆生长发育相关性状/提高大豆籽粒大小和重量/正向调控大豆抗旱/盐胁迫应答中的应用。本发明创制了miR396a前体过表达(MIR396a‑OEs)和基于CRISPR‑Cas9的gma‑MIR396a编辑(MIR396a‑GEs)转基因大豆。利用CRISPR‑Cas9技术对gma‑MIR396a进行编辑，提高了转基因大豆的籽粒大小、重量和抗逆能力，为高产抗逆大豆新品种培育提供重要的基因和材料基础。",,,,北京和信华成知识产权代理事务所(普通合伙) 11390,
CN397428055,202210839276,China,18.07.2022,115992177,21.04.2023,B,"C12N 15/85
					






C12N 15/113
					






C12N 15/53
					






C12N 9/02
					






C12N 5/10
					






A61K 48/00
					






View more classifications
							






C12N 15/85
					






C12N 15/113
					






C12N 15/53
					






C12N 9/02
					






C12N 5/10
					






A61K 48/00
					






A61K 38/46
					






A61P 39/02
					






View less classifications","Y02A 50/30
					






C12N 9/0008
					






C12Y 102/04001
					






C12N 15/902
					






C12N 2310/20
					






C12N 9/22
					






View more classifications
							






Y02A 50/30
					






C12N 9/0008
					






C12Y 102/04001
					






C12N 15/902
					






C12N 2310/20
					






C12N 9/22
					






C12N 15/8282
					






C12N 15/1137
					






C12N 5/10
					






C12N 9/0004
					






C12N 15/85
					






View less classifications","VEGETABLE RESEARCH INSTITUTE OF GUANGDONG ACADEMY OF AGRICULTURE SCIENCES广东省农业科学院蔬菜研究所FACILITY AGRICULTURE RESEARCH INSTITUTE, GUANGDONG ACADEMY OF AGRICULTURAL SCIENCES广东省农业科学院设施农业研究所",YAO CHUNPENG姚春鹏SHI WEITAO施炜涛ZHANG CHANGYUAN张长远ZHANG XIAOAI张晓爱GUO JINJU郭金菊ZHONG YUJUAN钟玉娟DU HU杜虎XUE SHUDAN薛舒丹XU YINGCHAO徐颖超KIM KYUNG-MIN金庆敏,,(EN) Application of PDHB gene in fusaric acid resistance(ZH) PDHB基因在抗镰刀菌酸中的应用,"(EN) The invention discloses application of a PDHB gene in fusaric acid resistance, and relates to the technical field of biology. The invention claims to protect application of a reagent for knocking out or inhibiting PDHB gene expression in preparation of a product for improving the tolerance of an organism to fusaric acid. The invention also claims to protect an anti-fusaric acid product which comprises a reagent for knocking out or inhibiting PDHB gene expression. According to the invention, a CRISPR/Cas9 gene editing system is utilized to establish a target gene knockout IPEC-J2 cell line, and the result shows that the tolerance of cells to fusaric acid can be improved by inhibiting the expression of the PDHB gene. The invention provides a potential solution for preventing adverse reaction caused by fusaric acid.(ZH) 本发明公开了PDHB基因在抗镰刀菌酸中的应用，涉及生物技术领域。本发明要求保护敲除或抑制PDHB基因表达的试剂在制备提高生物体对镰刀菌酸的耐受性的产品中的应用。本发明还要求保护一种抗镰刀菌酸的产品，包括敲除或抑制PDHB基因表达的试剂。本发明利用CRISPR/Cas9基因编辑系统，建立目的基因敲除的IPEC‑J2细胞系，结果发现，抑制PDHB基因的表达，可以提高细胞对镰刀菌酸的耐受性。本发明为预防镰刀菌酸造成的不良反应提供了一个潜在的解决途径。",GB2622673,115992177,19.09.2023,北京东方盛凡知识产权代理有限公司 11562,
CN432073458,202410512720.X,China,26.04.2024,118186116,14.06.2024,A,"C12Q 1/689
					






C12Q 1/6844
					






C12N 15/11
					






C12R 1/01
					








C12Q 1/689
					






C12Q 1/6844
					






C12N 15/11
					






C12R 1/01
					






View less classifications","C12Q 1/689
					






C12Q 1/6844
					






C12R 2001/01
					








C12Q 1/689
					






C12Q 1/6844
					






C12R 2001/01
					






View less classifications",BEIJING ACADEMY OF AGRICULTURE AND FORESTRY SCIENCES北京市农林科学院,CHEN DEFENG陈得峰QIN JIAOJIAO秦娇娇WEI ZUNZHENG卫尊征ZHONG XIONGHUI钟雄辉YUAN MENG袁梦ZHANG YUEYANG张月阳,,(EN) CRISPR-Cas12a-based pectobacterium carotovorum visual rapid detection method(ZH) 一种基于CRISPR-Cas12a的胡萝卜软腐果胶杆菌可视化快速检测方法,"(EN) The invention discloses a visual rapid detection method for pectobacterium carotovorum based on CRISPR-Cas12a (clustered regularly interspaced short palindromic repeats-associated 12a). The invention belongs to the field of microbiological detection, and relates to a visual rapid detection method for pectobacterium carotovorum based on CRISPR-Cas12a (Clustered Regularly Interspaced Short Palindromic Repeats-Cas12a). The invention provides a composition for identification or auxiliary identification of pectobacterium carotovorum, which is composed of single-stranded DNA (deoxyribonucleic acid) of Pcc-F (nucleotide sequence is SEQ ID No.1), single-stranded DNA (single-stranded DNA of Pcc-R (nucleotide sequence is SEQ ID No.2), CrRNA (ribose nucleic acid) specific to a to-be-detected organism (nucleotide sequence is SEQ ID No.3), a CrRNA buffer solution, LbaCas12a protein, a Cas12a reaction buffer solution and a fluorescent reporter probe. The detection method disclosed by the invention has the characteristics of high sensitivity, strong specificity, portability, rapidness and the like, and can meet field detection requirements.(ZH) 本发明公开了一种基于CRISPR‑Cas12a的胡萝卜软腐果胶杆菌可视化快速检测方法。本发明属于微生物检测领域，涉及一种基于CRISPR‑Cas12a的胡萝卜软腐果胶杆菌可视化快速检测方法。本发明提供鉴定或辅助鉴定胡萝卜软腐果胶杆菌的组合物，由Pcc‑F的单链DNA(核苷酸序列是SEQ ID No.1)、Pcc‑R的单链DNA(核苷酸序列是SEQ ID No.2)、特异于待检测生物的CrRNA(核苷酸序列是SEQ ID No.3)、CrRNA缓冲液、LbaCas12a蛋白、Cas12a反应缓冲液和荧光报告探针组成，本发明的检测方法具有灵敏度高、特异性强、便携、快速等特点，能够满足现场检测需求。",,,,北京纪凯知识产权代理有限公司 11245,
CN203405613,102017000146782,China,13.03.2017,107012164,04.08.2017,B,"C12N 15/82
					








C12N 15/82
					






View less classifications","C12N 15/8213
					








C12N 15/8213
					






View less classifications",UNIVERSITY OF ELECTRONIC SCIENCE AND TECHNOLOGY OF CHINA电子科技大学,ZHANG YONG张勇TANG XU唐旭ZHENG XUELIAN郑雪莲DENG KEJUN邓科君ZHOU JIANPING周建平,2017100198425 11.01.2017 CN,"(EN) CRISPR/Cpf1 plant genome directional modification function unit, carrier comprising function unit, and application thereof(ZH) CRISPR/Cpf1植物基因组定向修饰功能单元、包含该功能单元的载体及其应用","(EN) The invention belongs to the technical field of gene engineering, and concretely relates to a CRISPR/Cpf1 plant genome directional modification function unit, a carrier comprising the function unit, and application thereof. The invention aims to build an effective plant genome CRISPR/Cpf1 directional modification framework carrier according to an action principle of a CRISPR/Cpf1 system and a vegetable cell gene expression characteristic, and realize high-efficient application thereof in plant genome directional modification. The technical scheme provided by the invention is characterized by building the CRISPR/Cpf1 plant genome directional modification framework carrier formed by lachnospiraceae bacterium Cpf1 nuclease protein (LbCpf1) expression unit and a guiding crRNA transcription expression unit. The invention also provides a method for designing specificity-guided crRNA and building a CRISPR/Cpf1 recombinant expression vector aiming at rice genome target loci by adopting the CRISPR/Cpf1 plant genome directional modification framework carrier. The invention provides the high-efficient CRISPR/Cpf1 plant directional modification framework carrier, which can effectively realize simple, fast and high-efficient directional modification based on the CRISPR/Cpf1 system aiming at a plant genome target sequence.(ZH) 本发明属于基因工程技术领域，具体涉及一种CRISPR/Cpf1植物基因组定向修饰功能单元、包含该功能单元的载体及其应用。本发明要解决的技术问题是：依据CRISPR/Cpf1系统的的作用原理及植物细胞基因表达特性，构建有效的植物基因组CRISPR/Cpf1定向修饰骨架载体，并实现其在植物基因组定向修饰中的高效应用。本发明的技术方案是：构建由一个毛螺科菌(Lachnospiraceae bacterium)Cpf1核酸酶蛋白(LbCpf1)表达单元及一个向导crRNA转录表达单元构成的CRISPR/Cpf1植物基因组定向修饰骨架载体。本发明还提供了采用所述的CRISPR/Cpf1植物基因组定向修饰骨架载体，针对水稻基因组目标位点设计特异性向导crRNA并构建CRISPR/Cpf1重组表达载体的方法。本发明提供了一种高效的CRISPR/Cpf1植物定向修饰骨架载体，可以针对植物基因组目标序列有效实现基于CRISPR/Cpf1系统的简单、快捷、高效定向修饰。",,107012164,03.03.2023,成都虹桥专利事务所(普通合伙) 51124,
CN401631967,202310197447,China,04.03.2021,116355062,30.06.2023,B,"C07K 14/31
					






C12N 9/22
					








C07K 14/31
					






C12N 9/22
					






View less classifications","C07K 14/31
					






C12N 9/22
					






Y02A 50/30
					








C07K 14/31
					






C12N 9/22
					






Y02A 50/30
					






View less classifications",WESTERN (CHONGQING) SCIENCE CITY GERMPLASM CREATION SCIENCE CENTER西部（重庆）科学城种质创制大科学中心CHINESE PEOPLE'S LIBERATION ARMY ARMY SPECIALIZED MEDICAL CENTER中国人民解放军陆军特色医学中心,LIN PING林平JIANG JIANXIN蒋建新WU MIN吴敏,,(EN) Anti-CRISPR protein AcrIIIA2SAP26 and application thereof(ZH) 抗CRISPR蛋白AcrIIIA2SAP26及其应用,"(EN) The invention belongs to the technical field of RNA (Ribonucleic Acid) editing, and particularly relates to a CRISPR (Clustered Regularly Interspaced Short Palindromic Repeats)-Cas system inhibitor AcrIIIA2SAP26 from a Staphyloccusvirus SAP26 phage virus and application of the CRISPR-Cas system inhibitor AcrIIIA2SAP26. According to the CRISPR-Cas system inhibitor AcrIIIA2SAP26, the fact that the AcrIIIA2SAP26 inhibits the gene editing activity of III-A type CRISPR-Cas and the fact that the AcrIIIA2SAP26 in bacteria controls'closing 'of the gene editing ability of the III-A type CRISPR-Cas are identified, and the variety of the III-A type The AcrIIIA2SAP26 inhibitor can control the editing efficiency of the III-A type CRISPR-CasRNA in time or space, and the safety and practicability of the III-A type CRISPR-CasRNA editing technology in the fields of biological treatment, biotechnology, agriculture and the like are improved.(ZH) 本发明属于RNA编辑技术领域，具体为来自于StaphylococcusvirusSAP26噬菌体病毒的CRISPR‑Cas系统抑制剂AcrIIIA2<subgt;SAP26</subgt;及其应用，本发明鉴定了AcrIIIA2<subgt;SAP26</subgt;抑制III‑A型CRISPR‑Cas基因编辑活性，在细菌中AcrIIIA2<subgt;SAP26</subgt;控制III‑A型CRISPR‑Cas基因编辑能力的“关闭”，丰富了III‑A型CRISPR‑Cas系统抑制剂的种类。AcrIIIA2<subgt;SAP26</subgt;抑制剂可以在时间或空间上控制III‑A型CRISPR‑CasRNA编辑效率，提高III‑A型CRISPR‑Cas编辑技术在生物治疗、生物技术和农业等领域的安全性和实用性。",,116355062,26.03.2024,北京同恒源知识产权代理有限公司 11275,
CN241720562,201811613265,China,27.12.2018,109652439,19.04.2019,A,"C12N 15/82
					






A01H 5/00
					






A01H 6/46
					








C12N 15/82
					






A01H 5/00
					






A01H 6/46
					






View less classifications","C12N 15/8213
					






C12N 15/8282
					








C12N 15/8213
					






C12N 15/8282
					






View less classifications",YICHUN UNIVERSITY宜春学院,SHEN CHUNXIU沈春修,,(EN) Method for improving broad-spectrum resistance of rice blast by using CRISPR/Cas9 mediated adenine base editing system(ZH) 利用CRISPR/Cas9介导的腺嘌呤碱基编辑系统改良水稻稻瘟病广谱抗性的方法,"(EN) The invention discloses a method for improving the broad-spectrum resistance of rice blast by using a CRISPR/Cas9 mediated adenine base editing system, which uses Nipponbare rice as an acceptor material and is characterized in that a CRISPR/Cas9 mediated adenine base editing system is used for carrying out appointed replacement on a single base (A-G) which is -618 sites from the initiation codon of a promoter region of a rice Bsr-d1 gene through agrobacterium mediated transformation, after obtaining transgenic regenerated plants, identifying and screening are carried out to obtain double-allelic mutant plants of the site; and after selfing and fruiting, transgenic negative offspring, namely the improved rice planting material with broad-spectrum rice blast resistance, is carried out.(ZH) 本发明公开一种利用CRISPR/Cas9介导的腺嘌呤碱基编辑系统改良水稻稻瘟病广谱抗性的方法，以日本晴水稻品种为受体材料，其特征是利用CRISPR/Cas9介导的腺嘌呤碱基编辑系统通过农杆菌介导转化进行水稻Bsr‑d1基因的启动子区域距离起始密码子‑618位点的单碱基定点替换（A→G），获得转基因再生植株后鉴定筛选获得该位点的双等位突变植株，自交结实后筛选出转基因阴性后代，即为改良的具有稻瘟病广谱抗性水稻种质材料。",,,,南昌赣西专利代理事务所(普通合伙) 36121,
CN260334458,201910646780,China,17.07.2019,110305910,08.10.2019,A,"C12N 15/90
					






C12N 15/12
					






A01K 67/027
					






C12N 15/113
					






C12N 15/63
					








C12N 15/90
					






C12N 15/12
					






A01K 67/027
					






C12N 15/113
					






C12N 15/63
					






View less classifications","A01K 67/0276
					






A01K 2217/075
					






A01K 2227/103
					






A01K 2267/02
					






C07K 14/475
					






C12N 15/1136
					






View more classifications
							






A01K 67/0276
					






A01K 2217/075
					






A01K 2227/103
					






A01K 2267/02
					






C07K 14/475
					






C12N 15/1136
					






C12N 15/63
					






C12N 15/907
					






C12N 2310/10
					






C12N 2310/20
					






View less classifications","WUZHONG CITY HONGSIBAO DISTRICT TIANYUAN AGRICULTURE AND ANIMAL HUSBANDRY TECHNOLOGY DEVELOPMENT CO., LTD.吴忠市红寺堡区天源农牧业科技开发有限公司",KOU QIFANG寇启芳NIU WENZHI牛文智WANG XIAOLONG王小龙MA HU马虎NIU XIAOLIAN牛晓莲ZHOU YING周颖LIU WEIPING刘卫平,,(EN) Method for knocking out sheep MSTN gene by using large fragment of CRISPR/Cas9 system(ZH) 利用CRISPR/Cas9系统大片段敲除绵羊MSTN基因的方法,"(EN) The invention discloses a method for knocking out the sheep MSTN gene by using a large fragment of a CRISPR/Cas9 system. The method for knocking out the sheep MSTN gene by using the large fragment ofthe CRISPR/Cas9 system comprises the steps that first a DNA sequence of an sgRNA recognition region for a first exon, a second exon and a third exon of the sheep MSTN gene is obtained; sgRNA in-vitrotranscription vectors aiming at the first exon, the second exon and the third exon of the sheep MSTN and containing a T7 promoter are separately constructed; and the in-vitro transcription vectors using Cas9 and sgRNA obtain Cas9 mRNA and sgRNAby in-vitro transcription, and fertilized egg injection can be used for producing transgenic sheep with large fragments knocking out the MSTN gene.(ZH) 本发明公开了一种利用CRISPR/Cas9系统大片段敲除绵羊MSTN基因的方法，本发明首先获得针对绵羊MSTN基因第一外显子,第二外显子和第三外显子的sgRNA识别区的DNA序列；接着分别构建针对绵羊MSTN第一外显子，第二外显子和第三外显子且含T7启动子的sgRNA体外转录载体；利用Cas9和sgRNA的体外转录载体通过体外转录获得Cas9mRNA和sgRNA，通过受精卵注射可用于生产大片段敲除MSTN基因的转基因绵羊。",,,,北京弘权知识产权代理事务所(普通合伙) 11363北京弘权知识产权代理事务所(普通合伙) 11363,
CN291898449,201880042316,China,24.04.2018,110891965,17.03.2020,A,"C07K 14/005
					






C07K 14/315
					






C12N 5/10
					






C12N 15/63
					








C07K 14/005
					






C07K 14/315
					






C12N 5/10
					






C12N 15/63
					






View less classifications","C07K 14/005
					






C07K 14/315
					






C12N 15/63
					






C12N 2795/10322
					






C12N 9/22
					








C07K 14/005
					






C07K 14/315
					






C12N 15/63
					






C12N 2795/10322
					






C12N 9/22
					






View less classifications",DUPONT NUTRITION BIOSCIENCES APS杜邦营养生物科学有限公司UNIVERSITE LAVAL (CANADA)拉瓦尔大学（加拿大）,FREMAUX CHRISTOPHEC.弗雷莫HORVATH PHILIPPEP.霍瓦特ROMERO DENNIS AD.A.罗梅罗HYNES ALEXANDERA.海因斯MOINEAU SYLVAINS.穆瓦诺ROUSSEAU GENEVIEVEG.罗素YOUNG JOSHUAJ.扬LEMAY MARIE-LAURENCEM-L.李梅,"62/488,969 24.04.2017 US62/488,981 24.04.2017 US62/510,896 25.05.2017 US62/510,914 25.05.2017 US",(EN) METHODS AND COMPOSITIONS OF ANTI-CRISPR PROTEINS FOR USE IN PLANTS(ZH) 植物中使用的抗CRISPR蛋白的方法和组合物,"(EN) Methods and compositions are provided for the use of anti-CRISPR (ACR) proteins in plants, including modulation of Cas endonuclease activity, improvement of frequency of homologous recombination, control of Cas endonuclease activity during various cell cycles, spatial and/or temporal regulation of Cas endonuclease activity in plants, usage in gene activation or repression, as well as reduction ofoff-target polynucleotide cleavage.(ZH) 提供了在植物中使用的抗CRISPR(ACR)蛋白的方法和组合物，包括调节Cas核酸内切酶活性、改善同源重组频率、在各细胞周期期间控制Cas核酸内切酶活性、对植物中Cas核酸内切酶活性进行空间和/或时间调节、在基因激活或阻抑中使用以及减少脱靶多核苷酸切割。",EP3615552 BR112019022201 US20200190492 WO/2018/197520 IN201917043473,,,中国专利代理(香港)有限公司 72001中国专利代理(香港)有限公司 72001,
CN442630231,202411330604,China,24.09.2024,118853924,29.10.2024,B,"C12Q 1/689
					






C12Q 1/6844
					






C12N 15/11
					






C12R 1/38
					








C12Q 1/689
					






C12Q 1/6844
					






C12N 15/11
					






C12R 1/38
					






View less classifications","C12Q 1/689
					






C12Q 1/6844
					






C12R 2001/38
					






Y02A 50/30
					








C12Q 1/689
					






C12Q 1/6844
					






C12R 2001/38
					






Y02A 50/30
					






View less classifications","YUNNAN NORMAL UNIVERSITY云南师范大学YUNNAN YINGMAO MODERN AGRICULTURE CO., LTD.云南英茂现代农业有限公司",TANG WEI唐唯ZHOU JIAN周健HAI YANG海洋SI LIPING司立平LUO ZHANHONG罗展宏ZHANG FAYING张法应FU AIHUA付爱华CHEN JIE陈洁,,"(EN) Primer group, kit and method for detecting potato bacterial wilt based on RPA/CRISPR-Cas12a system(ZH) 一种基于RPA/CRISPR-Cas12a体系检测马铃薯青枯病的引物组、试剂盒及方法","(EN) The invention relates to the technical field of molecular biology, in particular to a primer group, a kit and a method for detecting potato bacterial wilt based on an RPA/CRISPR-Cas12a system. The primer group comprises an RPA primer pair and a crRNA primer, a specific recombinase polymerase amplification RPA primer and the crRNA primer of a CRISPR-Cas12a system are designed aiming at the potato bacterial wilt pathogenic bacteria, an isothermal amplification method combining RPA and CRISPR-Cas12a is established, the detection specificity is improved, the result is judged through two visual methods of fluorescence and a lateral flow chromatography test strip, and the detection result is accurate. The method can be used for rapidly, accurately and sensitively detecting the potato bacterial wilt in the field, the reaction effect is good after verification, the method can be perfected by further optimizing experimental operation and conditions, a foundation is laid for subsequent large-scale application, and reliable technical support is provided for prevention and treatment of the potato bacterial wilt.(ZH) 本发明涉及分子生物技术领域，特别涉及一种基于RPA/CRISPR‑Cas12a体系检测马铃薯青枯病的引物组、试剂盒及方法。引物组包括RPA引物对及crRNA引物，本发明针对马铃薯青枯病病原菌，设计特异性重组酶聚合酶扩增RPA引物和CRISPR‑Cas12a体系的crRNA引物，建立了RPA与CRISPR‑Cas12a相结合的等温扩增方法，提高了检测特异性，并通过荧光和侧向流层析试纸条两种可视化方法对结果进行判定，以实现在田间快速、准确和灵敏检测马铃薯青枯病的目的，经验证后反应效果良好，可通过进一步优化实验操作及条件完善该方法并为后续大规模应用奠定基础，为马铃薯青枯病菌防治提供可靠的技术支持。",,118853924,06.12.2024,成都九鼎天元知识产权代理有限公司 51214,
CN198383332,102016000918480,China,21.10.2016,106636182,10.05.2017,B,"C12N 15/82
					






C12N 15/113
					






A01H 5/00
					






A01H 6/82
					








C12N 15/82
					






C12N 15/113
					






A01H 5/00
					






A01H 6/82
					






View less classifications","C12N 15/113
					








C12N 15/113
					






View less classifications",VEGETABLE RESEARCH INSTITUTE OF SHANXI ACADEMY OF AGRICULTURE SCIENCES山西省农业科学院蔬菜研究所,CHENG YAN成妍MA RONGLI马蓉丽JIAO YANSHENG焦彦生QIAO NING乔宁LEI YANG雷阳,,(EN) Construction of CRISPR-Cas9 system of tomato PSY 1 gene and application thereof(ZH) 一种番茄PSY 1基因的CRISPR-Cas9体系构建及其应用,"(EN) The invention belongs to the field of gene engineering and genetic modification and relates to construction of a CRISPR-Cas9 system of a tomato PSY 1 gene and an application thereof. The construction includes the following steps: (1) according to a cDNA conserved sequence of the tomato PSY 1 gene, designing a DNA sequence of sgRNA, which is represented as the SEQ ID No.1; (2) designing a primer combination used for amplifying a tomato PSY 1 gene target zone in the sgRNA; and (3) performing sgRNA amplification with the primer and purifying an amplified product to obtain a CRISPR-Cas9 Level-1 carrier and a CRISPR-Cas9 Level-2 carrier, which contain the sgRNA of the specific targeted tomato PSY-1 gene. The construction is beneficial to researching on effect that the gene participates in fruit maturity of tomatoes, so that the molecular mechanism of the fruit maturity of tomatoes can be known furthermore. The system can be used for producing PSY 1 gene deleted transgenic tomatoes, and has important effect of culturing a new tomato variety which is tolerant to storage and transportation in future.(ZH) 本发明属于基因工程和基因遗传修饰领域，涉及一种番茄PSY 1基因的CRISPR‑Cas9体系构建及其应用，包括以下步骤：根据番茄PSY 1基因的cDNA保守序列设计sgRNA的DNA序列，如SEQ ID NO.1所示；设计用于扩增sgRNA的番茄PSY 1基因目标区的引物组合；利用引物进行sgRNA扩增，并纯化扩增产物；得到含有特异性靶向番茄PSY 1基因sgRNA的CRISPR‑Cas9 Level 1载体和CRISPR‑Cas9 Level 2载体。有助于研究该基因参与番茄果实成熟过程中的作用，进一步了解番茄果实成熟的分子机理，可用于制备PSY 1基因缺失的转基因番茄，对未来培育耐贮运番茄新品种有重要作用。",,106636182,08.11.2019,太原晋科知识产权代理事务所(特殊普通合伙) 14110,
KR365503323,1020200165707,Republic of Korea,01.12.2020,1020220076827,08.06.2022,B1,"C12N 15/82
					






C07K 14/415
					






C12N 15/113
					








C12N 15/82
					






C07K 14/415
					






C12N 15/113
					






View less classifications","C12N 15/8242
					






C07K 14/415
					






C12N 15/113
					






C12N 15/8205
					






C12N 2310/20
					








C12N 15/8242
					






C07K 14/415
					






C12N 15/113
					






C12N 15/8205
					






C12N 2310/20
					






View less classifications",명지대학교 산학협력단MYONGJI UNIVERSITY INDUSTRY AND ACADEMIA COOPERATION FOUNDATION가톨릭대학교 산학협력단THE CATHOLIC UNIVERSITY OF KOREA INDUSTRY-ACADEMIC COOPERATION FOUNDATION,KIM GOON BOMUN JEONG HWANYU HEE JU김군보문정환유희주,,(EN) NOVEL U6 PROMOTER SEPARATED FROM VITIS PLANTS AND USE THEREOF(KO) 포도에서 분리된 신규 U6 프로모터 및 이의 용도,"(EN) The present invention relates to a novel U6 promoter isolated from Vitis plants and having high guide RNA (gRNA) transcriptional activity. According to the present invention, the novel U6 promoter isolated from Vitis plants has significantly superior target gRNA transcriptional activity in Vitis plants in comparison with an AtU6-26 promoter isolated from Arabidopsis. Accordingly, the novel U6 promoter isolated from Vitis plants can increase efficiency and ease of genome editing of Vitis plants using a clustered regularly interspaced short palindromic repeats (CRISPR) system. In addition, when the novel U6 promoter isolated from Vitis plants and a recombinant vector system containing the same are used, it is possible to easily perform gene function research or development of new varieties of grapes, which are hybrid varieties. COPYRIGHT KIPO 2023(KO) 본 발명은 포도속 식물에서 분리되고 가이드 RNA(gRNA)의 전사 활성이 높은 신규 U6 프로모터를 제공한다. 본 발명에서 제공하는 포도속 식물에서 분리된 신규한 U6 프로모터는 애기장대에서 분리된 AtU6-26 프로모터에 비해 포도 식물체에서 표적 가이드 RNA(gRNA) 전사 활성이 현저하게 우수하다. 따라서, 본 발명에서 제공하는 포도속 식물에서 분리된 신규한 U6 프로모터는 CRISPR 체계를 이용한 포도속 식물 유전체 편집의 효율성과 용이성을 높일 수 있다. 나아가, 본 발명에서 제공하는 포도속 식물에서 분리된 신규한 U6 프로모터 및 이를 포함하는 재조합 벡터 시스템을 사용하면 잡종 품종인 포도의 유전자 기능 연구나 신품종 개발을 용이하게 수행할 수 있다.",,102551063,05.07.2023,임상엽권정기,
CN283217400,201911135748,China,19.11.2019,110724689,24.01.2020,B,"C12N 15/113
					






C12N 15/82
					






A01H 4/00
					






A01H 5/00
					






A01H 6/46
					








C12N 15/113
					






C12N 15/82
					






A01H 4/00
					






A01H 5/00
					






A01H 6/46
					






View less classifications","A01H 4/00
					






C12N 9/1085
					






C12N 15/113
					






C12N 15/8218
					






C12N 2310/20
					








A01H 4/00
					






C12N 9/1085
					






C12N 15/113
					






C12N 15/8218
					






C12N 2310/20
					






View less classifications",FUJIAN AGRICULTURE AND FORESTRY UNIVERSITY福建农林大学,ZHU QIANG朱强YE SHANWEN叶善汶CHEN GANG陈刚,,(EN) Cas9-mediated dendrocalamus latiflorus gene editing vector and application thereof(ZH) Cas9介导的麻竹基因编辑载体和应用,"(EN) The present invention discloses a Cas9-mediated dendrocalamus latiflorus gene editing vector and an application thereof. A Crispr/Cas9 dendrocalamus latiflorus expression vector is constructed, a Cas9gene is introduced into dendrocalamus latiflorus through an agrobacterium (EHA105) transformation method, a dendrocalamus latiflorus PSY1 gene is subjected to directional editing, and the method capable of editing the own gene of the dendrocalamus latiflorus to obtain a dendrocalamus latiflorus mutant is provided for the first time. Applicability of CRISPR/Cas9 in bamboo is proved, thereby promoting research and breeding of the bamboo in the future.(ZH) 本发明公开了Cas9介导的麻竹基因编辑载体及其应用。发明通过构建Crispr/Cas9麻竹表达载体，通过农杆菌（EHA105）转化的方式，将Cas9基因导入麻竹中，对麻竹PSY1基因进行定向编辑，首次提供一种能够定向编辑麻竹自身基因从而获得麻竹突变体的方法。证明了CRISPR/Cas9在竹子中的适用性，从而促进了未来竹子的研究和育种。",,110724689,26.03.2021,福州元创专利商标代理有限公司 35100福州元创专利商标代理有限公司 35100,
CN276925711,201910178919,China,11.03.2019,110423775,08.11.2019,B,"C12N 15/82
					






C12N 15/90
					






C12N 15/66
					






A01H 5/00
					






A01H 6/46
					








C12N 15/82
					






C12N 15/90
					






C12N 15/66
					






A01H 5/00
					






A01H 6/46
					






View less classifications","C07K 14/415
					






C12N 15/8282
					






C12N 15/902
					






C12N 2800/80
					






C12N 2810/10
					








C07K 14/415
					






C12N 15/8282
					






C12N 15/902
					






C12N 2800/80
					






C12N 2810/10
					






View less classifications","SAAS BIOTECHNOLOGY AND NUCLEAR TECHNOLOGY RESEARCH INSTITUTE四川省农业科学院生物技术核技术研究所CHENGDU YINONG AGRICULTURE TECHNOLOGY CO., LTD.成都亿农农业科技有限公司",CHEN KEGUI陈克贵PENG MEIFANG彭梅芳PAN CHUNMEI潘春梅LI SHAOYI李邵怡WANG JING王静FAN XIAOLI范晓丽,,(EN) Editing modification method of piricularia oryzae resistance locus DNA in rice genome and editing vector(ZH) 一种水稻基因组中稻瘟病抗性位点DNA的编辑修饰方法、编辑载体,"(EN) The invention discloses a method for editing modification of DNA of a piricularia oryzae resistance locus in a rice genome by using a CRISPR/Cas9 gene editing vector. The piricularia oryzae resistancelocus in the rice genome is located on a chromosome 6, and the DNA sequence is shown as Seq No.1. The CRISPR/Cas9 gene editing vector implementing the editing modification method comprises an sgRNA expression cassette and a recombinant DNA fragment RHR; the target sequence of the sgRNA expression cassette is determined according to the DNA sequence of the piricularia oryzae resistance locus in the rice genome; and the recombinant DNA fragment RHR is constructed by a method combining DNA synthesis and PCR amplification according to the DNA sequence of a piricularia oryzae resistance gene. According to the method, the DNA of the piricularia oryzae resistance gene locus is accurately modified and edited, so that the purpose of changing the genetic information is achieved, and the method is used for cultivating rice varieties resistant to piricularia oryzae.(ZH) 本发明公开了一种利用CRISPR/Cas9基因编辑载体对水稻基因组中稻瘟病抗性位点DNA编辑修饰的方法，所述水稻基因组中稻瘟病抗性位点位于第6染色体，其DNA序列如Seq No.1所示。实现上述编辑修饰方法的CRISPR/Cas9基因编辑载体包括sgRNA表达盒和重组DNA片段RHR；所述sgRNA表达盒的靶序列是依据水稻基因组中稻瘟病抗性位点DNA序列确定；所述重组DNA片段RHR是依据水稻稻瘟病抗性基因DNA序列，采用DNA合成和PCR扩增相结合的方法构建获得。本发明对稻瘟病抗性基因位点的DNA进行精确的修饰编辑，从而达到改变其遗传信息的目的，用于培育抗稻瘟病的水稻品种。",,110423775,11.08.2020,成都行之专利代理事务所(普通合伙) 51220,
CN400361523,202111525534,China,14.12.2021,116262922,16.06.2023,A,"C12N 15/29
					






C07K 14/415
					






C12N 15/84
					






A01H 5/00
					






A01H 6/82
					








C12N 15/29
					






C07K 14/415
					






C12N 15/84
					






A01H 5/00
					






A01H 6/82
					






View less classifications","C07K 14/415
					






C12N 15/8251
					






C12N 15/8243
					






C12N 15/8218
					






Y02A 40/146
					








C07K 14/415
					






C12N 15/8251
					






C12N 15/8243
					






C12N 15/8218
					






Y02A 40/146
					






View less classifications",SHANDONG AGRICULTURAL UNIVERSITY山东农业大学,MENG ZAN孟赞LI QINGQING李清清WANG QINGGUO王庆国LI GUANGCUN李广存LIU SHIYANG刘士扬ZHANG MIAOMIAO张苗苗,,(EN) Application of potato auxin response gene StSAUR30231 in inhibition of enzymatic browning of fresh-cut potatoes(ZH) 马铃薯生长素响应基因StSAUR30231在抑制鲜切马铃薯酶促褐变中的应用,"(EN) The invention discloses application of a potato auxin response gene StSAUR30231 in inhibition of enzymatic browning of fresh-cut potatoes, and belongs to the technical field of molecular genetics. The nucleotide sequence of the StSAUR30231 gene is as shown in SEQ ID NO. 1, and the amino acid sequence coded by the StSAUR30231 gene is as shown in SEQ ID NO. 2. According to the invention, the StSAUR30231 gene is connected to an expression vector, agrobacterium is utilized to infect and transform potatoes, and data shows that the anti-browning capability of the potatoes can be obviously improved by overexpression of the StSAUR30231 gene. Meanwhile, a homozygous mutant of the gene is obtained through a CRISPR-Cas9 technology, the result shows that browning of fresh-cut potatoes is remarkably reduced through overexpression of StSAUR30231, and the browning resistance of the mutant is remarkably lower than that of a wild type. The StSAUR30231 gene disclosed by the invention can provide a theoretical basis for cultivating new varieties of excellent crops, and has great significance in production practice.(ZH) 本发明公开了一种马铃薯生长素响应基因StSAUR30231在抑制鲜切马铃薯酶促褐变中的应用，属于分子遗传学技术领域。StSAUR30231基因的核苷酸序列如SEQ ID NO.1所示，其编码的氨基酸序列如SEQ ID NO.2所示。本发明将StSAUR30231基因连接于表达载体上，并利用农杆菌侵染转化马铃薯，数据显示过表达StSAUR30231基因能够显著提高马铃薯的抗褐变能力。同时通过CRISPR‑Cas9技术获得该基因的纯合突变体，结果显示超表达StSAUR30231显著减低鲜切马铃薯褐变，而突变体的抗褐变能力显著低于野生型。本发明所述的StSAUR30231基因可为培育优良农作物新品种提供理论依据，在生产实践上具有重大意义。",,,,济南誉丰专利代理事务所(普通合伙企业) 37240,
KR390079858,1020210084294,Republic of Korea,28.06.2021,1020230001450,04.01.2023,A,"A01H 1/00
					






A01H 1/06
					






A01H 5/10
					






A01H 6/20
					






C12N 15/10
					






C12N 15/113
					






View more classifications
							






A01H 1/00
					






A01H 1/06
					






A01H 5/10
					






A01H 6/20
					






C12N 15/10
					






C12N 15/113
					






C12N 15/82
					






C12N 9/22
					






View less classifications","A01H 1/1215
					






A01H 1/06
					






A01H 5/10
					






A01H 6/203
					






C12N 15/102
					






C12N 15/113
					






View more classifications
							






A01H 1/1215
					






A01H 1/06
					






A01H 5/10
					






A01H 6/203
					






C12N 15/102
					






C12N 15/113
					






C12N 15/827
					






C12N 9/22
					






C12N 2310/20
					






View less classifications","(주)이지템EASYTEM CO., LTD.",GEUNG JOO LEEJU YOUNG AHN이긍주안주영,,(EN) MANUFACTURING METHOD OF FLOWERING-DELAYED CABBAGE PLANTS USING CRISPR/CAS COMPLEX(KO) CRISPR/Cas 복합체를 이용한 개화지연 양배추 식물체의 제조방법,(EN) The present invention relates to a manufacturing method of flowering-delayed cabbage plants using a CRISPR/Cas complex targeting flowering control genes of cabbage. COPYRIGHT KIPO 2023(KO) 본 발명은 양배추의 개화조절 유전자를 표적으로 CRISPR/Cas 복합체를 이용한 개화지연 양배추 식물체의 제조방법에 관한 것이다.,,,,정승훈,
CN439115859,202410766645,China,14.06.2024,118599837,06.09.2024,A,"C12N 15/113
					






C12Q 1/6895
					






C12Q 1/686
					






G01N 33/543
					






G01N 33/569
					






G01N 33/58
					






View more classifications
							






C12N 15/113
					






C12Q 1/6895
					






C12Q 1/686
					






G01N 33/543
					






G01N 33/569
					






G01N 33/58
					






C12N 15/11
					






C12R 1/645
					






View less classifications","C12N 15/113
					






C12Q 1/6895
					






C12Q 1/686
					






G01N 33/54387
					






G01N 33/56961
					






G01N 33/587
					






View more classifications
							






C12N 15/113
					






C12Q 1/6895
					






C12Q 1/686
					






G01N 33/54387
					






G01N 33/56961
					






G01N 33/587
					






G01N 2333/37
					






C12R 2001/645
					






C12N 2310/20
					






View less classifications",BEIJING ACADEMY OF AGRICULTURE AND FORESTRY SCIENCES北京市农林科学院,YU SHUANCANG于拴仓WANG WEIHONG汪维红LIU XIAOJING刘肖静SU TONGBING苏同兵XIN XIAOYUN辛晓云LI PEIRONG李佩荣ZHAO XIUYUN赵岫云ZHANG DESHUANG张德双YU YANGJUN余阳俊ZHANG FENGLAN张凤兰WANG JIAO王姣,,(EN) CRISPR/Cas12a-based Chinese cabbage verticillium wilt detection method and related material and application thereof(ZH) 基于CRISPR/Cas12a的大白菜黄萎病检测方法及其相关材料和应用,"(EN) The invention discloses a Chinese cabbage verticillium wilt detection method based on CRISPR/Cas12a as well as a related material and application of the Chinese cabbage verticillium wilt detection method. In particular discloses a Cas12a guide RNA molecule for cutting verticillium wilt rDNA-ITS, the guide RNA molecule comprises a targeting sequence and a structural sequence, the nucleotide sequence of the targeting sequence is from the 4th site to the 24th site of a sequence 1, and the nucleotide sequence of the structural sequence is from the 25th site to the 44th site of the sequence 1. A guide RNA molecule and a detection primer designed for a target are used for performing cas12a-RPA detection on a to-be-detected sample, and a result shows that whether the sample contains the target genome or not can be quickly and intuitively detected, so that the method can be used for industrial and agricultural production.(ZH) 本发明公开了基于CRISPR/Cas12a的大白菜黄萎病检测方法及其相关材料和应用。具体公开了一种用于切割黄萎病rDNA‑ITS的Cas12a向导RNA分子，所述向导RNA分子包括靶向序列和结构序列，所述靶向序列的核酸序列为序列1的第4位‑第24位，所述结构的核酸序列为序列1的第25位‑第44位。使用向导RNA分子和及针对靶标设计的检测引物对待测样本进行cas12a‑RPA检测，结果表明可快速、直观的检测到样本中是否含有目标基因组，可用于工农业生产。",,,,北京纪凯知识产权代理有限公司 11245,
CN362208620,202210358122,China,06.04.2022,114507688,17.05.2022,A,"C12N 15/84
					






C12N 15/29
					






A01H 6/82
					






A01H 5/00
					






A01H 5/12
					








C12N 15/84
					






C12N 15/29
					






A01H 6/82
					






A01H 5/00
					






A01H 5/12
					






View less classifications","C12N 15/8251
					






C12N 15/8261
					






C12N 15/8218
					






C07K 14/415
					








C12N 15/8251
					






C12N 15/8261
					






C12N 15/8218
					






C07K 14/415
					






View less classifications",LIMITED RESPONSIBILITY COMPANY OF YUNNAN CHINESE TOBACCO INDUSTRY云南中烟工业有限责任公司,MI QILI米其利YANG WENWU杨文武XU LI许力GAO XI高茜ZHU HAIBIN朱海滨LI XUEMEI李雪梅DENG LELE邓乐乐XIANG HAIYING向海英YANG GUANGYU杨光宇,,(EN) Application of tobacco NtCNGC4 gene in preparation of tobacco mutant material for regulating plant height and leaf amino acid content(ZH) 一种烟草NtCNGC4基因在制备调控株高和叶片氨基酸含量的烟草突变体材料中的应用,"(EN) The invention discloses an application of a tobacco NtCNGC4 gene in preparation of a tobacco mutant material for regulating plant height and leaf amino acid content, a creation method of the mutant material comprises the following steps: (1) selecting a specific 23nt nucleotide sequence in the NtCNGC4 gene as a guide sequence of CRISPR/Cas9, and carrying out connection, conversion and PCR amplification detection on a sequence segment and a CRISPR/Cas9 carrier to obtain a nucleotide sequence; carrying out PCR (Polymerase Chain Reaction) positive cloning to obtain a CRISPR/Cas9-NtCNGC4 editing vector; and (2) carrying out genetic transformation and tissue culture by using the constructed CRISPR/Cas9-NtCNGC4 editing vector, so as to obtain a plant of which the tobacco NtCNGC4 is subjected to knockout editing. The NtCNGC4 gene knockout tobacco gene editing plant obtained by the invention is relatively short and small, and the amino acid content of leaves is remarkably reduced.(ZH) 本发明公开了一种烟草NtCNGC4基因在制备调控株高和叶片氨基酸含量的烟草突变体材料中的应用，突变体材料的创制方法包括以下步骤：(1)选择NtCNGC4基因中较特异的23nt核苷酸序列为CRISPR/Cas9的引导序列，并将该序列片段与CRISPR/Cas9载体进行连接、转化和PCR扩增检测，PCR阳性克隆，获得CRISPR/Cas9‑NtCNGC4编辑载体；(2)利用所构建的CRISPR/Cas9‑NtCNGC4编辑载体，进行遗传转化和组培，获得烟草NtCNGC4发生敲除编辑的植株。本发明获得的NtCNGC4基因敲除的烟草基因编辑植株较为矮小，叶片氨基酸含量显著降低。",,,,北京维澳专利代理有限公司 11252,
,,,,,,,,,,,,,,,,,,
CN396314321,202310126996,China,17.02.2023,115960192,14.04.2023,A,"C07K 14/415
					






C12N 15/29
					






C12N 15/82
					






A01H 5/02
					






A01H 6/54
					








C07K 14/415
					






C12N 15/29
					






C12N 15/82
					






A01H 5/02
					






A01H 6/54
					






View less classifications","Y02A 40/146
					








Y02A 40/146
					






View less classifications",HUNAN INSTITUTE OF CROPS湖南省作物研究所,JIANG LING姜玲YANG XIAOFENG阳小凤HUANG SHAN黄山ZHOU HONG周虹GU XIAOYAN顾小燕,,(EN) Application of GmASHH2a/b protein and coding gene thereof in regulation and control of late flowering of soybean(ZH) GmASHH2a/b蛋白及其编码基因在调控大豆晚花中的应用,"(EN) The invention belongs to the technical field of biotechnology, and particularly relates to application of ASHH2a/b protein and a coding gene thereof in regulation and control of late flowering of soybeans. According to the invention, sgRNA is used for editing two genes designed for conservative segments of two soybean ASHH2s genes, a set of CRISPR-Cas9 vector is constructed, and agrobacterium-mediated genetic transformation is carried out, so that the soybean late blossom mutant is obtained. Therefore, the invention provides the application of the ASHH2s gene in the creation of the soybean late blossom mutant. Meanwhile, the invention also provides an application of the vector with the ASHH2s gene knocked out in the creation of the soybean late blossom mutant. According to the invention, the ASHH2 gene is determined as the target gene for creating the late flowering character of the soybean, the late flowering mutant of the soybean is successfully created, and a material basis is provided for subsequent research on regulation and control of the flowering phase of the soybean and related breeding and screening of the late flowering.(ZH) 本发明属于生物技术技术领域，具体涉及一种ASHH2a/b蛋白及其编码基因在调控大豆晚花中的应用。本发明针对2个大豆ASHH2s基因的保守区段设计的2条基因编辑用是sgRNA，构建一套CRISPR‑Cas9载体，进行农杆菌介导的遗传转化，获得大豆晚花突变体。因此，本发明提供了ASHH2s基因在创制大豆晚花突变体中的应用。同时，本发明还提供了敲除ASHH2s基因的载体在创制大豆晚花突变体中的应用。本发明确定了ASHH2基因为创制大豆晚花性状的靶点基因，并成功创建大豆晚花突变体，为后续研究大豆花期调控和晚花相关育种及筛选提供材料基础。",,,,长沙和雅知识产权代理事务所(普通合伙) 43238,
CN438706466,202410788422,China,18.06.2024,118581126,03.09.2024,A,"C12N 15/75
					






C12N 15/113
					






C12N 15/55
					








C12N 15/75
					






C12N 15/113
					






C12N 15/55
					






View less classifications","C12N 15/75
					






C12N 15/113
					






C12N 9/22
					






C12N 2800/101
					






C12N 2310/20
					








C12N 15/75
					






C12N 15/113
					






C12N 9/22
					






C12N 2800/101
					






C12N 2310/20
					






View less classifications",FUJIAN AGRICULTURE AND FORESTRY UNIVERSITY福建农林大学JIMEI UNIVERSITY集美大学,ZHANG ZIPING张子平WANG YILEI王艺磊ZHANG WENXIN张文欣JIN YAQI靳雅琦,,(EN) High expression system of CRISPR/Cas9 component in bacillus subtilis(ZH) 一种枯草芽孢杆菌中CRISPR/Cas9组件的高表达系统,"(EN) The invention discloses a high expression system of a CRISPR (clustered regularly interspaced short palindromic repeats)/Cas9 (clustered regularly interspaced short palindromic repeats) component, which is established on the basis of bacillus subtilis. According to the invention, an integrated plasmid containing an rRNA promoter (P1 promoter), an sgRNA fragment and a Cas9 fragment is constructed by virtue of the characteristic of high expression of a ribosome RNA (rRNA) promoter. According to the method, the integration plasmid is transformed into the bacillus subtilis SCK6 through the integration vector pDGIEF, the expression efficiency of a CRISPR/Cas9 system in the bacillus subtilis is improved by utilizing the advantages of a bacillus subtilis expression system and the characteristic of high expression of an rRNA promoter, and the problem of resistance gene pollution possibly generated in the actual production and application process is avoided through nonreactive screening.(ZH) 本发明公开一种基于枯草芽孢杆菌（Bacillus subtilis）中建立的CRISPR/Cas9组件的高表达系统。本发明借助核糖体RNA（rRNA）启动子高表达的特性，构建含有rRNA启动子（P1启动子）、sgRNA片段、Cas9片段的整合质粒。将整合质粒通过整合载体pDGIEF转化至枯草芽孢杆菌SCK6中，利用枯草芽孢杆菌表达系统的优点和rRNA启动子高表达的特性，提高了CRISPR/Cas9系统在枯草芽孢杆菌中的表达效率，并通过无抗筛选避免了在实际生产应用过程中可能产生的抗性基因污染的问题。",,,,福州元创专利商标代理有限公司 35100福州元创专利商标代理有限公司 35100,
CN441991338,202410796360,China,20.06.2024,118792300,18.10.2024,A,"C12N 15/113
					






C12N 15/82
					






C12N 15/63
					






A01H 5/02
					






A01H 6/46
					








C12N 15/113
					






C12N 15/82
					






C12N 15/63
					






A01H 5/02
					






A01H 6/46
					






View less classifications","C07K 14/415
					






C12N 15/827
					






C12N 15/8218
					






C12N 15/8205
					






C12N 15/63
					








C07K 14/415
					






C12N 15/827
					






C12N 15/8218
					






C12N 15/8205
					






C12N 15/63
					






View less classifications",HUBEI ACADEMY OF AGRICULTURAL SCIENCES INSTITUTE OF FOOD CROPS湖北省农业科学院粮食作物研究所,LI CHANGYAN李昌焱LI CHUANHONG李传红MA ZENGFENG马增凤YOU AIQING游艾青ZHOU LEI周雷ZHA WENJUN闸雯俊LI SANHE李三和WU BIAN吴边WU YAN吴艳,,"(EN) Promoter, gene editing method and application thereof(ZH) 一种启动子、基因编辑方法及其应用","(EN) The invention belongs to the field of gene engineering, and particularly relates to a promoter, a gene editing method and application thereof. According to the invention, a rice Ehd1 gene promoter region is mutated by using a CRISPR/Cas9 gene editing technology, so that a promoter for promoting rice to bloom in advance is obtained, and a method for promoting rice to bloom in advance by using the gene editing technology is also obtained.(ZH) 本发明属于基因工程领域，具体涉及一种启动子、基因编辑方法及其应用。本发明通过使用CRISPR/Cas9基因编辑技术对水稻Ehd1基因启动子区域进行突变，获得一种促进水稻提前开花的启动子，以及使用基因编辑技术提早水稻开花的方法。",,,,咸宁鸿信专利代理事务所(普通合伙) 42249,
,,,,,,,,,,,,,,,,,,
,,,,,,,,,,,,,,,,,,
,,,,,,,,,,,,,,,,,,
,,,,,,,,,,,,,,,,,,
,,,,,,,,,,,,,,,,,,
CN398578420,202310296448,China,24.03.2023,116120417,16.05.2023,A,"C07K 14/415
					






C12N 15/29
					






C12N 15/82
					






A01H 5/00
					






A01H 6/82
					








C07K 14/415
					






C12N 15/29
					






C12N 15/82
					






A01H 5/00
					






A01H 6/82
					






View less classifications","C07K 14/415
					






C12N 15/8218
					






C12N 15/8241
					








C07K 14/415
					






C12N 15/8218
					






C12N 15/8241
					






View less classifications","CHINA TOBACCO YUNNAN INDUSTRIAL CO., LTD.云南中烟工业有限责任公司",XU LI许力XU YONG许永JIANG JIARUI蒋佳芮GAO QIAN高茜LEE HO-BIN李浩斌ZENG WANLI曾婉俐XIANG HAIYING向海英MI QILI米其利YANG WENWU杨文武LI XUEMEI李雪梅HUANG HAITAO黄海涛LI JING李晶KONG WEISONG孔维松DENG LELE邓乐乐,,(EN) Tobacco chloroplast related protein gene NtTHF1 and application thereof(ZH) 一种烟草叶绿体相关蛋白基因NtTHF1及其应用,"(EN) The invention discloses a tobacco chloroplast related protein gene NtTHF1 and application thereof, the tobacco chloroplast related protein gene NtTHF1 is derived from tobacco, the nucleotide sequence of the tobacco chloroplast related protein gene NtTHF1 is shown as SEQ ID NO.1, and the tobacco chloroplast related protein gene NtTHF1 comprises 894bp basic groups. The CRISPR/Cas9 editing vector for knocking out the NtTHF1 gene is constructed through a CRISPR/Cas9 mediated gene editing technology, and a gene editing mutant plant is obtained after genetic transformation. The agronomic traits of the NtTHF1 gene edited plant and the control plant are investigated in the squaring stage and the mature stage under normal conditions, the plant height, the waist leaf length and the waist leaf width of the NtTHF1 gene edited plant are all lower than those of the control plant, and the arginine content, the lysine content and the proline content in the mature stage are all lower than those of the control plant. In conclusion, the NtTHF1 gene is knocked out by utilizing a CRISPR/Cas9 mediated gene editing technology to obtain a gene editing plant which affects the growth and development of the plant, so that a genetic material and a theoretical basis are provided for research on tobacco chloroplast related proteins and tobacco growth and development.(ZH) 本发明公开了一种烟草叶绿体相关蛋白基因NtTHF1及其应用,该烟草叶绿体相关蛋白基因NtTHF1来源于烟草，其核苷酸序列如SEQ ID NO.1所示，包括894bp个碱基。本申请通过CRISPR/Cas9介导的基因编辑技术，构建了用于敲除NtTHF1基因的CRISPR/Cas9编辑载体，经遗传转化后获得了基因编辑突变体植株。本发明通过在正常条件下，现蕾期、成熟期进行NtTHF1基因编辑植株与对照植株农艺性状调查，NtTHF1基因编辑植株中株高、腰叶长及腰叶宽均低于对照植株中的，成熟期精氨酸、赖氨酸及脯氨酸含量均低于对照。综上所述，利用CRISPR/Cas9介导的基因编辑技术敲除NtTHF1基因获得影响植株生长发育的基因编辑植株，这为烟草叶绿体相关蛋白研究及烟草生长发育研究提供遗传材料和理论依据。",,,,北京维澳专利代理有限公司 11252,
,,,,,,,,,,,,,,,,,,
CN311252861,202010619562.X,China,01.07.2020,111876394,03.11.2020,A,"C12N 9/02
					






C12N 15/53
					






C12N 15/82
					






A01H 5/00
					






A01H 6/46
					








C12N 9/02
					






C12N 15/53
					






C12N 15/82
					






A01H 5/00
					






A01H 6/46
					






View less classifications","C12N 9/0063
					






C12N 15/8273
					






C12Y 110/03003
					








C12N 9/0063
					






C12N 15/8273
					






C12Y 110/03003
					






View less classifications",SOUTH CHINA AGRICULTURAL UNIVERSITY华南农业大学,ZHANG ZEMIN张泽民ZHANG JINGJING张晶晶HE YAN何焱LIANG JIAYAN梁嘉燕,,(EN) Application of ascorbic acid oxidase RIP5 to regulating and controlling of drought resistance of rice(ZH) 抗坏血酸氧化酶RIP5在调控水稻抗旱性中的应用,"(EN) The invention discloses an application of ascorbic acid oxidase RIP5 to regulating and controlling of drought resistance of rice. An RIP5 gene knockout mutant is constructed by targeted mutation of anRIP5 gene through a GRISPR/Cas9 system, and the inventor finds that the drought resistance of plants can be effectively improved by inhibiting the expression quantity and/or activity of the RIP5 protein, that is, the ascorbic acid oxidase gene RIP5 of rice can negatively regulate and control the drought resistance of the plants. The invention also provides a gRNA target sequence for editing the ascorbic acid oxidase gene RIP5 of the rice, and the gRNA target sequence cooperates with a CRISPR/Cas9 gene editing system to realize targeted mutation of the coding gene of the RIP5 protein, so thatthe drought resistance of the rice can be regulated and controlled. The research of the invention provides new gene targets and resources for drought resistance genetic breeding of the plants, and knockout mutant plants obtained by editing the gene have important application value.(ZH) 本发明公开了抗坏血酸氧化酶RIP5在调控水稻抗旱性中的应用。本发明通过GRISPR/Cas9系统靶向突变RIP5基因构建RIP5基因敲除突变体，发现抑制RIP5蛋白的表达量和/或活性能够有效提高植物抗旱性，即水稻抗坏血酸氧化酶基因RIP5能够负调控植物抗旱性。本发明还提供了一种用于编辑水稻抗坏血酸氧化酶基因RIP5的gRNA靶序列，该gRNA靶序列与CRISPR/Cas9基因编辑系统配合作用，可以实现RIP5蛋白的编码基因的靶向突变，进而可以调控水稻的抗旱能力。本发明的研究为植物抗旱性遗传育种提供了新的基因靶点和资源，利用该基因编辑得到的敲除突变植株具有重要的应用价值。",,,,广州市华学知识产权代理有限公司 44245,
CN288662756,201911253430,China,09.12.2019,110777163,11.02.2020,A,"C12N 15/82
					






C12N 15/113
					






A01H 5/00
					






A01H 6/82
					








C12N 15/82
					






C12N 15/113
					






A01H 5/00
					






A01H 6/82
					






View less classifications","C12N 15/113
					






C12N 15/8218
					






C12N 15/825
					






C12N 2310/20
					








C12N 15/113
					






C12N 15/8218
					






C12N 15/825
					






C12N 2310/20
					






View less classifications",HORTICULTURE INSTITUTE OF XINJIANG ACADEMY OF AGRICULTURAL SCIENCE新疆农业科学院园艺作物研究所,WANG JUAN王娟WANG BAIKE王柏柯LI NING李宁YU QINGHUI余庆辉HUANG SHAOYONG黄少勇,,(EN) Method for making solanum lycopersicum materials having high fruit lycopene content(ZH) 一种创制果实高番茄红素含量的番茄材料的方法,"(EN) The invention belongs to the field of a solanum lycopersicum biotechnology and a transgenic technology, and discloses a method for making solanum lycopersicum materials having high fruit lycopene content through gene editing. According to the method disclosed by the invention, through designing an editing target site of an SISGR1 gene, a pCGR1301-CRISPR/Cas9-gRNA expression vector is constructed,through an agrobacterium tumefaciens mediating method, the pCGR1301-CRISPR/Cas9-gRNA expression vector is transformed into a solanum lycopersicum material having low fruit lycopene content, and through antibiotic screening, obtaining positive T0 generation transgenic solanum lycopersicum plants; and performing self cross on the T0 generations to obtain T1 generation plants, screening plants whichdo not contain exogenous transgenic component, but of which SISGR1 genes are subjected to homozygosis mutation and of which fruit lycopene content is high from the T1 generations so that the high lycopene materials are obtained. Through the adoption of the method, the lycopene content in solanum lycopersicum fruits can be markedly increased, and the method has favorable application prospects in solanum lycopersicum high-quality molecular breeding.(ZH) 本发明属于番茄生物技术和转基因技术领域，公开一种通过基因编辑创制果实高番茄红素含量的番茄材料的方法。本发明通过设计SISGR1基因的编辑靶位点，构建pCGR1301‑CRISPR/Cas9‑gRNA表达载体，利用农杆菌介导法转化到果实低番茄红素含量的番茄材料中，通过抗生素筛选获得阳性T0代转基因番茄植株；T0代自交获得T1代植株，从T1代中筛选不含有外源转基因成份但SISGR1基因发生纯合突变且果实番茄红素含量高的植株，即为高番茄红素材料。本方法可以显著地提高番茄果实中番茄红素的含量，在番茄高品质分子育种中具有良好的应用前景。",,,,乌鲁木齐博亚思知识产权代理事务所(普通合伙) 65110,
CN432783798,202311859759,China,30.12.2023,118207238,18.06.2024,A,"C12N 15/82
					






C12N 15/55
					






C12N 15/113
					






A01H 5/06
					






A01H 6/54
					








C12N 15/82
					






C12N 15/55
					






C12N 15/113
					






A01H 5/06
					






A01H 6/54
					






View less classifications","C12N 15/8216
					






C12N 15/8205
					






C12N 9/22
					






C07K 14/415
					








C12N 15/8216
					






C12N 15/8205
					






C12N 9/22
					






C07K 14/415
					






View less classifications","BIOTECHNOLOGY RESEARCH INSTITUTE, CAAS中国农业科学院生物技术研究所",NIU LIFANG牛丽芳XIA XIUZHI夏秀芝SUN SHIXU孙轼絮LIN HAO林浩ZHANG PENGCHENG张鹏程ZHU BUTUO祝步拓,,(EN) CRISPR/Cas9 plant genome multi-target editing vector and application thereof(ZH) CRISPR/Cas9植物基因组多靶点编辑载体及其应用,"(EN) The invention discloses a CRISPR (clustered regularly interspaced short palindromic repeats)/Cas9 plant genome multi-target editing vector and application thereof. The number of the sgRNA expression cassettes of the editing vector is two or more than two, and the sgRNA expression cassettes are connected in series; the sgRNA expression cassette is driven to express by a plant endogenous U6 promoter; in combination with a tRNA system, each sgRNA expression cassette can be connected in series with two or more than two target sequence sgRNAs targeting plant genes. The invention further provides a CRISPR/Cas9 multi-target editing vector for editing the medicago sativa MsTFL1s gene, the CRISPR/Cas9 multi-target editing vector comprises three sgRNA expression cassettes which are connected in series, three high-expression medicago sativa endogenous U6 promoters drive and express nine sgRNA target sequences targeting the medicago sativa MsTFL1s gene which are connected in series based on a tRNA-sgRNA system, a vector construction method is improved and optimized at the same time, and the vector is used for editing the medicago sativa MsTFL1s gene. The efficient and multi-target gene editing on the alfalfa genome is realized.(ZH) 本发明公开了CRISPR/Cas9植物基因组多靶点编辑载体及其应用。所述编辑载体的sgRNA表达盒为2个或2个以上串联在一起；sgRNA表达盒由植物内源U6启动子驱动表达；结合tRNA系统，每个sgRNA表达盒可串联2个或2个以上靶向植物基因的靶标序列sgRNA。本发明进一步提供了对紫花苜蓿MsTFL1s基因进行编辑的CRISPR/Cas9多靶点编辑载体，包括3个串联的sgRNA表达盒，由3个高表达的紫花苜蓿内源U6启动子驱动表达了基于tRNA‑sgRNA系统串联的9个靶向紫花苜蓿MsTFL1s基因的sgRNA靶标序列，同时改进优化了载体构建方法，实现对紫花苜蓿基因组高效、多靶点的基因编辑。",,,,北京思元知识产权代理事务所(普通合伙) 11598北京思元知识产权代理事务所(普通合伙) 11598,
,,,,,,,,,,,,,,,,,,
CN415868306,202311273440,China,28.09.2023,117069816,17.11.2023,A,"C07K 14/415
					






C12N 15/29
					






C12N 15/82
					






A01H 5/00
					






A01H 6/46
					








C07K 14/415
					






C12N 15/29
					






C12N 15/82
					






A01H 5/00
					






A01H 6/46
					






View less classifications","Y02A 40/146
					








Y02A 40/146
					






View less classifications","CROP RESEARCH INSTITUTE, GUANGDONG ACADEMY OF AGRICULTURAL SCIENCES广东省农业科学院作物研究所",ZHANG NAN张楠LI XIAOFENG李小凤LI GAOKE李高科LI YULIANG李余良LU WENJIA卢文佳,,(EN) Corn ZmBAG1 gene and application thereof(ZH) 一种玉米ZmBAG1基因及其应用,"(EN) The invention relates to the technical field of gene engineering, in particular to a corn ZmBAG1 gene and application thereof. The invention discloses a corn head smut resistance related gene ZmBAG1 and application thereof. According to the corn ZmBAG1 gene, ZmBAG1 is over-expressed in an anti-black ear selfing line 'Huangzao four R', and the resistance is weakened. After gene editing is carried out on the ZmBAG1 in the susceptible inbred line 'Huangzao 4' by utilizing CRISPR-Cas9, the resistance is obviously enhanced. The invention provides an important theoretical support for the research on the resistance mechanism of the corn head smut, provides a new gene for the breeding of the corn head smut, and has a wide application prospect.(ZH) 本发明涉及基因工程技术领域，尤其涉及一种玉米ZmBAG1基因及其应用。本发明公开了一个玉米抗丝黑穗病相关基因ZmBAG1及其应用。本发明将玉米ZmBAG1基因在抗丝黑穗自交系‘黄早四R’中将ZmBAG1过表达，抗性减弱。利用CRISPR‑Cas9将感病自交系‘黄早四’中的ZmBAG1进行基因编辑后，抗性明显增强。本发明为玉米丝黑穗病抗性机制研究提供了重要的理论支持，同时为玉米抗丝黑穗病育种提供了新基因，具有广阔的应用前景。",,,,北京名拓专利代理有限公司 16151,
CN431079657,202410267438.X,China,08.03.2024,118108820,31.05.2024,A,"C07K 14/415
					






C12N 15/82
					






C12N 15/29
					






A01H 5/10
					






A01H 6/46
					








C07K 14/415
					






C12N 15/82
					






C12N 15/29
					






A01H 5/10
					






A01H 6/46
					






View less classifications","C07K 14/415
					






C12N 15/8261
					






C12N 15/8245
					






C12N 15/8218
					








C07K 14/415
					






C12N 15/8261
					






C12N 15/8245
					






C12N 15/8218
					






View less classifications",CROP RESEARCH INSTITUTE OF THE SICHUAN ACADEMY OF AGRICULTURAL SCIENCES四川省农业科学院作物研究所,LIU SONG刘松REN GUANGJUN任光俊GAO FANGYUAN高方远TANG SHAOQING唐绍清HU PEISONG胡培松,,(EN) Transcription factor Osmyb4 for regulating and controlling rice yield quality character and application of transcription factor Osmyb4(ZH) 一种调控水稻产量品质性状的转录因子Osmyb4及其应用,"(EN) The invention discloses a transcription factor Osmyb4 for regulating and controlling rice yield quality traits and application thereof. The amino acid sequence of the transcription factor Osmyb4 is as shown in SEQ ID NO.3, and the nucleotide sequence of a coding gene of the transcription factor Osmyb4 is as shown in SEQ ID NO.2. A rice endosperm high expression transcription factor Osmyb4 is knocked out by using a CRISPR/Cas9 gene editing technology, the rice abdominal endosperm of the homozygous mutant myb4-18 shows an obvious opaque chalky character, and the seed length and the thousand seed weight are remarkably increased. The Osmyb4 protein disclosed by the invention has an obvious yeast self-activation phenomenon. The molecular regulation mechanism of rice grain shape, grain weight and endosperm starch biosynthesis is clarified, new important gene reserve, germplasm resources and theoretical basis are provided for rice yield and quality genetic improvement, and meanwhile, the biological function of a rice MYB structural domain transcription factor family is expanded.(ZH) 本发明公开了一种调控水稻产量品质性状的转录因子Osmyb4及其应用，该转录因子Osmyb4的氨基酸序列如SEQ ID NO.3所示，其编码基因的核苷酸序列如SEQ ID NO.2所示。本发明利用CRISPR/Cas9基因编辑技术敲除水稻胚乳高度表达转录因子Osmyb4，纯合突变体myb4‑18稻米腹部胚乳呈现明显不透明垩白性状，种子粒长和千粒重都极显著增加。本发明的Osmyb4蛋白质具有明显的酵母自激活现象。本发明有助于阐明水稻粒形及粒重、胚乳淀粉生物合成的分子调控机理，为水稻产量及品质遗传改良提供新的重要基因储备、种质资源和理论基础，同时拓展水稻MYB结构域转录因子家族生物学功能。",,,,北京众合诚成知识产权代理有限公司 11246,
CN436060898,202410629579,China,21.05.2024,118324887,12.07.2024,A,"C07K 14/415
					






C12N 15/29
					






C12N 15/84
					






A01H 5/10
					






A01H 6/46
					








C07K 14/415
					






C12N 15/29
					






C12N 15/84
					






A01H 5/10
					






A01H 6/46
					






View less classifications","C07K 14/415
					






C12N 15/8261
					








C07K 14/415
					






C12N 15/8261
					






View less classifications",CROP RESEARCH INSTITUTE OF SICHUAN ACADEMY OF AGRICULTURAL SCIENCES (SICHUAN GERMPLASM RESOURCE CENTER)四川省农业科学院作物研究所（四川省种质资源中心）,LIU SONG刘松GAO FANGYUAN高方远REN GUANGJUN任光俊REN JUANSHENG任鄄胜LYU JIANQUN吕建群GUO HONGMING郭鸿鸣MOU CHANGLING牟昌龄LIU LIPING刘利平SU XIANGWEN苏相文REN MINGXIN任明鑫DAI MINGLI代明笠XIANG FUBIN向富彬DENG SHIJIAN邓世健,,(EN) Rice transcription factor Osmyb5 for regulating and controlling seed shape and application of rice transcription factor Osmyb5(ZH) 一种调控种子粒形的水稻转录因子Osmyb5及其应用,"(EN) The invention discloses a rice transcription factor Osmyb5 for regulating and controlling the grain shape of a seed and application of the rice transcription factor Osmyb5. The amino acid sequence of the transcription factor Osmyb5 is as shown in SEQ ID NO.3, and the nucleotide sequence of an encoding gene of the transcription factor Osmyb5 is as shown in SEQ ID NO.2. A transcription factor Osmyb5 of a wild japonica rice variety Zhonghua 11 is knocked out by utilizing a CRISPR/Cas9 gene editing technology, a homozygous mutant myb5-1 is inserted into a T basic group, the grain length and thousand grain weight of a mature seed are remarkably increased, and the grain width is remarkably reduced. The molecular regulation mechanism of rice grain shape and grain weight can be clarified, new important gene reserve, germplasm resources and theoretical basis are provided for rice yield and quality genetic improvement, and meanwhile, the biological function of a rice MYB structural domain transcription factor family is expanded.(ZH) 本发明公开了一种调控种子粒形的水稻转录因子Osmyb5及其应用，该转录因子Osmyb5的氨基酸序列如SEQ ID NO.3所示，其编码基因的核苷酸序列如SEQ ID NO.2所示。本发明利用CRISPR/Cas9基因编辑技术敲除野生型粳稻品种中花11转录因子Osmyb5，纯合突变体myb5‑1插入T碱基，其成熟种子粒长和千粒重都极显著增加，粒宽极显著降低。本发明有助于阐明水稻粒形及粒重的分子调控机理，为水稻产量及品质遗传改良提供新的重要基因储备、种质资源和理论基础，同时拓展水稻MYB结构域转录因子家族生物学功能。",,,,北京众合诚成知识产权代理有限公司 11246,
CN422922214,202311463066,China,06.11.2023,117511942,06.02.2024,A,"C12N 15/113
					






C12N 15/82
					






A01H 5/00
					






A01H 6/46
					








C12N 15/113
					






C12N 15/82
					






A01H 5/00
					






A01H 6/46
					






View less classifications","C12N 15/113
					






C12N 15/8216
					






C12N 15/8261
					






C12N 2310/532
					








C12N 15/113
					






C12N 15/8216
					






C12N 15/8261
					






C12N 2310/532
					






View less classifications",SHANGHAI JIAO TONG UNIVERSITY上海交通大学,ZHU BO朱勃LIU XIAOHUI刘晓慧WANG PEIHONG王沛鸿WANG SAI王赛LIAO WEIXUE廖维雪OUYANG MINGYAN欧阳明艳LIN SISI林思思LIN RONGPENG林戎鹏,,(EN) Method for specifically knocking down circRNA of plant based on CRISPR/RfxCas13d system(ZH) 一种基于CRISPR/RfxCas13d系统的特异性敲低植物circRNA的方法,"(EN) The invention discloses a method for specifically knocking down circRNA (Ribonucleic Acid) of a plant based on a CRISPR (Clustered Regularly Interspaced Short Palindromic Repeats)/RfxCas13d system, which comprises the following steps: S1, designing and synthesizing a target gene sequence for coding RfxCas13d with plant codon preference, and constructing a pCAMBIA1300-RfxCas13d recombinant vector; s2, an AtU6-crRNA gene segment is synthesized, the AtU6-crRNA gene segment comprises two BsaI restriction enzyme cutting sites, and a pENTR4: gRNA4-AtU6-crRNA recombinant vector is constructed; s3, synthesizing and constructing a pCAMBIA1300-RfxCas13d-BSJ-crRNA (Ribonucleic Acid) vector of a specific target plant circRNA BSJ (Bacterial Sequence Junction) site, and carrying out synthesis and construction on the vector; s4, transferring the constructed pCAMBIA1300-RfxCas13d-BSJ-crRNA expression vector into a plant callus in a mediated manner, and carrying out tissue culture, so as to obtain a transgenic plant of which the circRNA of the plant is specifically knocked down; according to the invention, the function research of the circRNA of the plant is greatly accelerated, so that the development of circRNA function gain mutants and new germplasm in plant breeding is realized.(ZH) 本发明公开了一种基于CRISPR/RfxCas13d系统的特异性敲低植物circRNA的方法，包括以下步骤：S1、设计并合成植物密码子偏好性的编码RfxCas13d的目的基因序列，构建pCAMBIA1300‑RfxCas13d重组载体；S2、合成AtU6‑crRNA基因片段，所述AtU6‑crRNA基因片段包含两个BsaI酶切位点，构建pENTR4:gRNA4‑AtU6‑crRNA重组载体；S3、合成构建特异性靶向植物circRNA BSJ位点的pCAMBIA1300‑RfxCas13d‑BSJ‑crRNA载体；S4、将构建好的pCAMBIA1300‑RfxCas13d‑BSJ‑crRNA表达载体介导转入植物愈伤组织，通过组织培养获得特异性敲低植物circRNA的转基因植株；本发明极大的加快植物circRNA的功能研究，进而实现植物育种中circRNA功能增益突变体和新种质的开发。",,,,上海诺衣知识产权代理事务所(普通合伙) 31298,
CN405893770,202211175660,China,26.09.2022,116536327,04.08.2023,A,"C12N 15/29
					






C07K 14/415
					






C12N 15/82
					






C12Q 1/6895
					






C12N 15/11
					






A01H 5/00
					






View more classifications
							






C12N 15/29
					






C07K 14/415
					






C12N 15/82
					






C12Q 1/6895
					






C12N 15/11
					






A01H 5/00
					






A01H 6/46
					






View less classifications","C07K 14/415
					






C12N 15/8218
					






C12N 15/8282
					






C12Q 1/6895
					








C07K 14/415
					






C12N 15/8218
					






C12N 15/8282
					






C12Q 1/6895
					






View less classifications","INSTITUTE OF CROP SCIENCE, CHINESE ACADEMY OF AGRICULTURAL SCIENCES中国农业科学院作物科学研究所",YANG PING杨平KAN JINHONG阚金红CAI YU蔡羽CHENG CHUNYUAN程春园JIANG CONGCONG蒋枞璁,,(EN) Wheat yellow mosaic disease susceptible gene TaEIF4E and application thereof(ZH) 一种小麦黄花叶病感病基因TaEIF4E及其应用,"(EN) The invention discloses a novel wheat yellow mosaic disease susceptible gene TaEIF4E. Nucleotide sequences of the novel wheat yellow mosaic disease susceptible gene TaEIF4E on three subgenomes of wheat A, B and D are respectively shown as SEQ ID NO.20, SEQ ID NO.21 and SEQ ID NO.22. The invention further discloses a method for preparing the wheat yellow mosaic disease susceptible gene TaEIF4E. A homozygous strain which edits three copies on three subgenomes A, B and D of the TaEIF4E gene at the same time is obtained through molecular marker-assisted selection by utilizing a CRISPR/Cas9 gene editing means, the strain is completely resistant to the wheat yellow mosaic disease, the homozygous strain which edits one or two copies is still susceptible to the wheat yellow mosaic disease, and it is proved that TaEIF4E is the susceptible gene of the wheat yellow mosaic disease, so that the TaEIF4E gene has a good application prospect. The method is necessary for successful infection of wheat by the wheat yellow mosaic virus. Therefore, three copies of the TaEIF4E gene are simultaneously knocked out from an excellent wheat variety by utilizing a gene editing means, an excellent wheat germplasm resource capable of resisting the wheat yellow mosaic disease can be created, and a feasible scheme is provided for biological breeding of wheat.(ZH) 本发明公开了一个新的小麦黄花叶病感病基因TaEIF4E，其在小麦A、B、D三个亚基因组上的核苷酸序列分别如SEQ ID NO.20、SEQ ID NO.21和SEQ ID NO.22所示。利用CRISPR/Cas9基因编辑手段，通过分子标记辅助选择，获得了同时编辑TaEIF4E基因A、B、D三个亚基因组上3个拷贝的纯合株系，该株系对小麦黄花叶病完全抗病，而编辑1个或者2个拷贝的纯合株系对小麦黄花叶病依然感病，证实TaEIF4E是小麦黄花叶病的感病基因，是小麦黄花叶病毒成功侵染小麦所必须的。因此，利用基因编辑手段在优异小麦品种中同时敲除TaEIF4E基因的三个拷贝，可创制抗小麦黄花叶病的优异小麦种质资源，为小麦生物育种提供了可行的方案。",,,,北京众合诚成知识产权代理有限公司 11246,
CN326499329,202110361987.X,China,02.04.2021,112877341,01.06.2021,B,"C12N 15/29
					






C07K 14/415
					






C12N 15/84
					






C12N 1/21
					






A01H 5/10
					






A01H 6/20
					








C12N 15/29
					






C07K 14/415
					






C12N 15/84
					






C12N 1/21
					






A01H 5/10
					






A01H 6/20
					






View less classifications","C07K 14/415
					






C12N 15/8218
					






C12N 15/8243
					






C12N 15/8205
					








C07K 14/415
					






C12N 15/8218
					






C12N 15/8243
					






C12N 15/8205
					






View less classifications","OIL CROPS RESEARCH INSTITUTE, CHINESE ACADEMY OF AGRICULTURAL SCIENCES中国农业科学院油料作物研究所",ZHANG YUANYUAN张园园HE YIZHOU何贻洲LIU SHENGYI刘胜毅LIU YUEYING刘越英HUANG JUNYAN黄军艳CHENG XIAOHUI程晓辉,,(EN) Brassica napus BnaA09.GTR2 gene related to thioglycoside transport and application thereof(ZH) 硫苷转运相关的甘蓝型油菜BnaA09.GTR2基因及其应用,"(EN) The invention discloses a brassica napus BnaA09.GTR2 gene related to thioglycoside transport and application thereof. The glucosinolate transport gene BnaA09.GTR2 in allotetraploid brassica napus is edited by using a CRISPR/Cas9 gene editing technology to obtain a homozygous mutant of the BnaA09.GTR2 gene, the total glucosinolate content in mature seeds of the BnaA09.GTR2 gene knockout mutant is significantly reduced, and it is proved that the BnaA09.GTR2 gene plays a role in the process that thioglycoside is transferred from a synthesis site to seeds. The application can be used for improving the glucosinolate character of the rape seeds, a theoretical basis is provided for improvement and development of the glucosinolate character of the brassica napus seeds, and a new way is provided for brassica napus breeding work with improvement of the glucosinolate character as a target.(ZH) 本发明公开了硫苷转运相关的甘蓝型油菜BnaA09.GTR2基因及其应用，利用CRISPR/Cas9基因编辑技术对异源四倍体甘蓝型油菜中硫苷转运基因BnaA09.GTR2进行编辑，获得了BnaA09.GTR2基因的纯合突变体，所述BnaA09.GTR2基因敲除突变体成熟种子中总硫苷含量显著降低，证明BnaA09.GTR2基因在硫苷从合成部位向种子转运的过程中发挥功能。能够用于油菜种子硫苷性状的改良，为甘蓝型油菜种子低硫苷性状的改良开发提供了理论依据，为以低硫苷性状改良为目标的油菜育种工作提供了一种新的途径。",,,112877341,深圳智趣知识产权代理事务所(普通合伙) 44486,
CN422811964,202311355506,China,19.10.2023,117481029,02.02.2024,A,"A01H 1/02
					






A01H 1/04
					






A01H 3/04
					






A01G 22/20
					






A01G 25/16
					






A01C 21/00
					






View more classifications
							






A01H 1/02
					






A01H 1/04
					






A01H 3/04
					






A01G 22/20
					






A01G 25/16
					






A01C 21/00
					






A01C 1/00
					






View less classifications","A01H 1/02
					






A01H 1/04
					






A01H 3/04
					






A01H 1/1245
					






A01H 1/122
					






A01H 1/12
					






View more classifications
							






A01H 1/02
					






A01H 1/04
					






A01H 3/04
					






A01H 1/1245
					






A01H 1/122
					






A01H 1/12
					






A01G 22/20
					






A01G 25/167
					






A01C 21/00
					






A01C 1/00
					






View less classifications",HENAN SUPER WHEAT SCIENCE AND TECHNOLOGY RESEARCH INSTITUTE河南超级小麦科学技术研究院,WANG CHANGGUO王长国,,(EN) High wheat new strain breeding technology(ZH) 一种高麦新品系育种技术,"(EN) The invention discloses a high wheat new strain breeding technology, which comprises the following steps: selecting high-quality parents: selecting high wheat varieties with high yield, high quality, disease and insect pest resistance, strong stress resistance and the like as parents, hybridizing: hybridizing the selected parents to obtain hybrid seeds, planting: planting the treated seeds in proper soil, and carrying out field management such as irrigation and fertilization to obtain high wheat new strains. Planting: planting the treated seeds in proper soil, and performing field management such as irrigation, fertilization and weeding, and intelligent planting: realizing automation and intelligence of the planting process by utilizing technologies such as Internet of Things, cloud computing and artificial intelligence, and selecting excellent strains; and an excellent new high wheat strain is selected. Wheat crops with high yield and strong stress resistance are cultivated through genetic improvement and selection, soil humidity, temperature, pH value and other parameters are monitored by utilizing an Internet of Things sensor, and characters of wheat are changed by utilizing CRISPR/Cas9 and other gene editing tools.(ZH) 本发明公开了一种高麦新品系育种技术，选取优质亲本：选择具有高产、优质、抗病虫害、抗逆性强等性状的高麦品种作为亲本，杂交：将选定的亲本进行杂交，得到杂交种子，种植：将处理后的种子种植在适宜的土壤中，并进行灌溉、施肥等田间管理，种植：将处理后的种子种植在适宜的土壤中，并进行灌溉、施肥、除草等田间管理，智能化种植：利用物联网、云计算、人工智能等技术实现种植过程的自动化和智能化，选择优良品系：根据产量、品质、抗病虫害性和抗逆性等指标，选择出优良的高麦新品系。本发明通过遗传改良和选择培育出高产、抗逆性强的麦类作物，利用物联网传感器监测土壤湿度、温度和pH值等参数，通过利用CRISPR/Cas9等基因编辑工具改变高麦的性状。",,,,北京仟方秉知识产权代理事务所(普通合伙) 16241,
CN424851403,202311478130,China,08.11.2023,117587033,23.02.2024,A,"C12N 15/29
					






C07K 14/415
					






C12N 15/84
					






A01H 5/10
					






A01H 6/46
					






A01H 5/00
					








C12N 15/29
					






C07K 14/415
					






C12N 15/84
					






A01H 5/10
					






A01H 6/46
					






A01H 5/00
					






View less classifications","C07K 14/415
					






C12N 15/8261
					






C12N 15/8245
					






C12N 15/8247
					






C12N 15/8243
					








C07K 14/415
					






C12N 15/8261
					






C12N 15/8245
					






C12N 15/8247
					






C12N 15/8243
					






View less classifications",CROP RESEARCH INSTITUTE OF THE SICHUAN ACADEMY OF AGRICULTURAL SCIENCES四川省农业科学院作物研究所,LIU SONG刘松REN GUANGJUN任光俊GAO FANGYUAN高方远TANG SHAOQING唐绍清HU PEISONG胡培松SHAO GAONENG邵高能WEI XIANGJIN魏祥进JIAO GUI'AI焦桂爱BAO JINGSONG包劲松HUANG QINA黄奇娜REN JUANSHENG任鄄胜LYU JIANQUN吕建群CAO RUIJIE操瑞节CHUN YAN淳雁,,"(EN) Gene DUF630/632 for controlling rice yield quality traits, protein and application(ZH) 控制水稻产量品质性状的基因DUF630/632及蛋白和应用","(EN) The invention discloses a gene DUF630/632 for controlling rice yield quality traits, a protein and application of the gene DUF630/632 and the protein. The nucleotide sequence of the gene is shown as SEQ ID NO.1, and the CDS sequence of the gene is shown as SEQ ID NO.2. A rice endosperm specific expression gene is knocked out by utilizing a CRISPR/Cas9 gene editing technology, two different mutation types of homozygous mutant rice endosperms show obvious opaque and chalky phenotypic characters, the grain length and thousand grain weight of mutant seeds are remarkably increased, the total starch content is remarkably reduced, and the rice endosperm specific expression gene has a good application prospect. The total protein content is obviously increased, the fat content and the soluble sugar content are extremely obviously increased, and the physicochemical property of starch is obviously changed. The invention is beneficial to clarification of a rice seed development molecular regulation mechanism, enriches the biological functions of the DUF630/632 structural domain gene, and provides new important gene reserve, germplasm resources and theoretical basis for rice yield and quality genetic improvement.(ZH) 本发明公开了一种控制水稻产量品质性状的基因DUF630/632及蛋白和应用，该基因的核苷酸序列如SEQ ID NO.1所示，其CDS序列如SEQ ID NO.2所示。本发明利用CRISPR/Cas9基因编辑技术敲除水稻胚乳特异性表达基因，两个不同突变类型纯合突变体稻米胚乳呈现明显不透明垩白表型性状，突变体种子粒长和千粒重都极显著增加，总淀粉含量极显著下降，总蛋白质含量显著升高、脂肪含量和可溶性糖含量极显著升高，淀粉理化性质发生明显改变。本发明有助于阐明水稻种子发育分子调控机理，丰富DUF630/632结构域基因生物学功能，为水稻产量及品质遗传改良提供新的重要基因储备、种质资源和理论基础。",,,,北京众合诚成知识产权代理有限公司 11246,
CN432990932,202410299735,China,15.03.2024,118240864,25.06.2024,A,"C12N 15/82
					






C12N 15/113
					






C12N 15/29
					






A01H 5/00
					






A01H 6/46
					








C12N 15/82
					






C12N 15/113
					






C12N 15/29
					






A01H 5/00
					






A01H 6/46
					






View less classifications","C12N 15/8261
					






C12N 15/8218
					






C12N 15/113
					






C07K 14/415
					






C12N 2310/20
					






Y02A 40/146
					








C12N 15/8261
					






C12N 15/8218
					






C12N 15/113
					






C07K 14/415
					






C12N 2310/20
					






Y02A 40/146
					






View less classifications",SOUTH CHINA AGRICULTURAL UNIVERSITY华南农业大学,"XIE XIANRONG谢先荣TSENG, WAN-YUNG曾婉泳TAN XIYU谭习羽LIN ZHANSHENG林展生LIU YAOGUANG刘耀光GUO JINGXIN郭晶心CHU ZHIZHAN初志战",,(EN) Application of STR of rice OsFD1 gene promoter region or method for targeted deletion of STR in rice molecular breeding(ZH) 水稻OsFD1基因启动子区的STR或靶向删除该STR的方法在水稻分子育种中的应用,"(EN) The invention belongs to the technical field of gene editing, and particularly relates to application of an STR of a rice OsFD1 gene promoter region or a method for targeted deletion of the STR in rice molecular breeding. Based on a deletion experiment of a CRISPR/Cas9 system and analysis on agronomic characters such as the heading period and the yield of gene edited rice, it is found that short tandem repeat of a promoter region affects expression of the OsFD1 gene, and by deleting the sequence of the region, the heading period of the rice can be properly delayed, and the yield of the rice can be increased. The T1-generation homozygous mutant obtained by the invention can be used for screening out materials with excellent heading period and yield to be applied to subsequent breeding, so that the breeding period is greatly shortened, the adaptability of excellent rice varieties to different regions and seasons is improved, and the T1-generation homozygous mutant has important significance in expanding the planting range of the excellent varieties and increasing the yield and has a wide application prospect. And a new strategy is provided for crop breeding improvement.(ZH) 本发明属于基因编辑技术领域，具体涉及一种水稻OsFD1基因启动子区的STR或靶向删除该STR的方法在水稻分子育种中的应用。本发明基于CRISPR/Cas9系统的删除实验以及对基因编辑水稻的抽穗期和产量等农艺性状的分析，发现启动子区的短串联重复影响OsFD1基因的表达，通过对该区域的序列删除，可以适当延迟水稻抽穗期，提升水稻的产量。本发明获得的T1代纯合突变体即可筛选出抽穗期和产量优良的材料应用于后续育种，极大地缩短了育种年限，提高了优良水稻品种对不同地区和季节的适应能力，对扩大优良品种的种植范围和提高产量有重要意义，为作物育种改良提供一种新策略。",,,,佛山市君创知识产权代理事务所(普通合伙) 44675,
CN441690668,202411113506,China,14.08.2024,118773159,15.10.2024,A,"C12N 9/10
					






C12N 15/54
					






C12N 15/84
					






A01H 5/10
					






A01H 6/46
					








C12N 9/10
					






C12N 15/54
					






C12N 15/84
					






A01H 5/10
					






A01H 6/46
					






View less classifications","C12N 9/1051
					






C12N 15/8245
					






C12N 15/8216
					






C12N 15/8205
					






C12Y 204/01021
					








C12N 9/1051
					






C12N 15/8245
					






C12N 15/8216
					






C12N 15/8205
					






C12Y 204/01021
					






View less classifications","INSTITUTE OF CROP SCIENCE, CHINESE ACADEMY OF AGRICULTURAL SCIENCES中国农业科学院作物科学研究所",LIU CHANGLIN刘昌林XIE CHUANXIAO谢传晓MA MINGZHENG马铭政ZHU JINJIE朱金洁QI XIANTAO祁显涛XU XIAOJIE徐孝洁HUANG JING黄晶,,(EN) Method for creating corn germplasm with high starch freeze-thaw stability and related biological material thereof(ZH) 创制淀粉冻融稳定性强的玉米种质的方法及其相关生物材料,"(EN) The invention discloses a method for creating a corn germplasm with high starch freeze-thaw stability and a related biological material of the corn germplasm. Specifically, the invention discloses application of proteins with amino acid sequences of SEQ ID No.2 and SEQ ID No.5 in regulation and control of the freeze-thaw stability of corn. According to the invention, the Zmsu2 gene and the Zmwx gene are knocked out by using a CRISPR/Cas9 gene editing technology to obtain the corn mutant, and the result shows that the Zmsu2 gene and the Zmwx gene are knocked out to change the straight chain proportion and structure of starch, so that the freeze-thaw stability of corn can be remarkably improved. According to the method, the corn germplasm with high starch freeze-thaw stability is successfully created, material accumulation is provided for corn breeding, an accurate, efficient and safe technical method is provided for corn freeze-thaw stability breeding or germplasm resource improvement of freeze-thaw stable type corn, and accurate improvement of the corn starch freeze-thaw stability is achieved.(ZH) 本发明公开了创制淀粉冻融稳定性强的玉米种质的方法及其相关生物材料。具体地公开了氨基酸序列分别为SEQ ID No.2和SEQ ID No.5的蛋白质在调控玉米的冻融稳定性中的应用。本发明利用CRISPR/Cas9基因编辑技术对Zmsu2基因和Zmwx基因进行敲除，得到了玉米突变体，结果表明，通过对Zmsu2基因和Zmwx基因进行敲除，改变淀粉的支直链比例和结构，可以显著提高玉米的冻融稳定性。本发明成功创制出淀粉冻融稳定性强的玉米种质，为玉米育种提供材料积累，为玉米的冻融稳定性育种或冻融稳定型玉米的种质资源改良提供了精准、高效、安全的技术方法，实现了对玉米淀粉冻融稳定性的精准改良。",,,,北京纪凯知识产权代理有限公司 11245,
CN422255217,202311390312,China,25.10.2023,117448369,26.01.2024,A,"C12N 15/82
					






C12N 15/64
					






C12N 15/55
					






A01H 5/00
					






A01H 6/46
					








C12N 15/82
					






C12N 15/64
					






C12N 15/55
					






A01H 5/00
					






A01H 6/46
					






View less classifications","C12N 15/8216
					






C12N 15/8222
					






C12N 9/22
					








C12N 15/8216
					






C12N 15/8222
					






C12N 9/22
					






View less classifications",SHANGHAI UNIVERSITY上海大学,SONG RENTAO宋任涛QI WEIWEI祁巍巍ISHIZONO石园WANG JING王静,,(EN) Callus-specific CRISPR/Cas9 gene editing system for improving genetic editing rate and application of callus-specific CRISPR/Cas9 gene editing system(ZH) 一种提高遗传编辑率的愈伤组织特异CRISPR/Cas9基因编辑系统及其应用,"(EN) The invention relates to a callus-specific CRISPR/Cas9 gene editing system for improving genetic editing rate and application thereof, the callus-specific CRISPR/Cas9 gene editing system comprises an sgRNA transcription unit and a Cas9 transcription unit, the sgRNA transcription unit is composed of a promoter, a gRNA gene of a target gene and a terminator which are connected in sequence, the Cas9 transcription unit is composed of a plant callus specific expression promoter and a Cas9 gene which are connected in sequence, the plant callus specific expression promoter comprises a ZmCTA1 promoter or a ZmPLTP promoter, the nucleotide sequence of the ZmCTA1 promoter is as shown in SEQ ID NO.1, and the nucleotide sequence of the ZmPLTP promoter is as shown in SEQ ID NO.2. The Cas9 transcription unit comprises a plant callus specific expression promoter and a Cas9 gene which are connected in sequence. Compared with the prior art, the callus specific CRISPR/Cas9 gene editing system disclosed by the invention can be efficiently expressed in the plant callus and can be subjected to genetic editing.(ZH) 本发明涉及一种提高遗传编辑率的愈伤组织特异CRISPR/Cas9基因编辑系统及其应用，包括sgRNA转录单元和Cas9转录单元，所述sgRNA转录单元由顺次连接的启动子、靶向目标基因的gRNA基因和终止子组成，所述Cas9转录单元由顺次连接的植物愈伤组织特异表达启动子和Cas9基因组成，所述植物愈伤组织特异表达启动子包括ZmCTA1启动子或ZmPLTP启动子，所述ZmCTA1启动子的核苷酸序列如SEQ ID NO.1所示，所述ZmPLTP启动子的核苷酸序列如SEQ ID NO.2所示。与现有技术相比，本发明愈伤组织特异CRISPR/Cas9基因编辑系统能在植物愈伤组织中高效表达并能遗传编辑。",,,,上海科盛知识产权代理有限公司 31225,
CN326512503,202110154125.X,China,04.02.2021,112877275,01.06.2021,B,"C12N 5/071
					






C12N 15/55
					






C12N 15/85
					






C12Q 1/02
					






C12N 7/00
					








C12N 5/071
					






C12N 15/55
					






C12N 15/85
					






C12Q 1/02
					






C12N 7/00
					






View less classifications","C12N 5/0686
					






C12N 15/85
					






C12N 9/80
					






C12Y 305/01098
					






G01N 33/5005
					






C12N 7/00
					






View more classifications
							






C12N 5/0686
					






C12N 15/85
					






C12N 9/80
					






C12Y 305/01098
					






G01N 33/5005
					






C12N 7/00
					






C12N 2310/20
					






C12N 2770/32151
					






Y02A 40/70
					






View less classifications","LANZHOU VETERINARY RESEARCH INSTITUTE, CHINESE ACADEMY OF AGRICULTURE SCIENCES中国农业科学院兰州兽医研究所",SUN YUEFENG孙跃峰GONG QING龚青HOU SHITONG侯石桐YIN XIANGPING殷相平WANG XIANGWEI王相伟MAO RUOQING毛箬青,,(EN) HDAC2 gene knockout BHK-21 cell line as well as construction method and application thereof(ZH) HDAC2基因敲除的BHK-21细胞系及其构建方法和应用,"(EN) The invention discloses a construction method of an HDAC2 gene knockout BHK-21 cell line. The construction method comprises the following steps: carrying out gene knockout on HDAC2 in a cell line BHK-21 for foot-and-mouth disease vaccine production by utilizing a CRISPR/Cas9 technology; the inventor transfects BHK-21 cells with CRISPR plasmids for knocking out HDAC2, and then separates a plurality of cell clones by using a cloning ring method by combining antibiotic screening with gradient dilution; after genome DNA is extracted, PCR amplification and sequencing are carried out, and cell cloning of which one HDAC2 gene is subjected to homozygous frameshift mutation is successfully recognized; wherein the HDAC2-KO-B3 has the deletion of one basic group at the predetermined cutting position of the Cas9. In the BHK-21 cell line with HDAC2 knockout, the replication rate of foot-and-mouth disease virus is obviously accelerated, the final virus titer is obviously improved, and the cell growth rate is not obviously influenced after HDAC2 knockout, so that the HDAC2 knockout BHK-21 cell line has the prospect of being used for foot-and-mouth disease vaccine production. A foundation is laid for further knocking out HDAC2 from suspension culture type BHK-21 cells and directly applying HDAC2 to production of foot-and-mouth disease vaccines.(ZH) 本发明公开了HDAC2基因敲除的BHK‑21细胞系的构建方法，利用CRISPR/Cas9技术对口蹄疫疫苗生产用细胞系BHK‑21中的HDAC2进行基因敲除；发明人将用于敲除HDAC2的CRISPR质粒转染BHK‑21细胞后，利用抗生素筛选结合梯度稀释，用克隆环法分离到了多个细胞克隆；提取基因组DNA后进行PCR扩增、测序，成功鉴定到了1个HDAC2基因发生纯合移码突变的细胞克隆；其中HDAC2‑KO‑B3在Cas9预定切割位置处有1个碱基的缺失。HDAC2敲除的BHK‑21细胞系中口蹄病毒复制速率明显加快，最终病毒滴度有显著提高，且HDAC2敲除后对细胞生长速率无显著影响，说明其有用于口蹄疫疫苗生产的前景。为进一步在悬浮培养型BHK‑21细胞中敲除HDAC2，直接用于口蹄疫疫苗生产奠定了基础。",,,112877275,北京兴智翔达知识产权代理有限公司 11768,
CN438265198,202410766641,China,14.06.2024,118546930,27.08.2024,A,"C12N 15/113
					






C12Q 1/6895
					






C12Q 1/686
					






G01N 33/543
					






G01N 33/569
					






G01N 33/58
					






View more classifications
							






C12N 15/113
					






C12Q 1/6895
					






C12Q 1/686
					






G01N 33/543
					






G01N 33/569
					






G01N 33/58
					






C12N 15/11
					






C12R 1/645
					






View less classifications","C12N 15/113
					






C12Q 1/6895
					






C12Q 1/686
					






G01N 33/54387
					






G01N 33/56961
					






G01N 33/587
					






View more classifications
							






C12N 15/113
					






C12Q 1/6895
					






C12Q 1/686
					






G01N 33/54387
					






G01N 33/56961
					






G01N 33/587
					






G01N 2333/37
					






C12R 2001/645
					






C12N 2310/20
					






View less classifications",BEIJING ACADEMY OF AGRICULTURE AND FORESTRY SCIENCES北京市农林科学院,YU SHUANCANG于拴仓LIU XIAOJING刘肖静LI PEIRONG李佩荣WANG WEIHONG汪维红SU TONGBING苏同兵XIN XIAOYUN辛晓云ZHANG FENGLAN张凤兰ZHAO XIUYUN赵岫云ZHANG DESHUANG张德双YU YANGJUN余阳俊MA TAO马涛,,(EN) CRISPR/Cas12a-based Chinese cabbage clubroot detection method and related material and application thereof(ZH) 基于CRISPR/Cas12a的大白菜根肿病检测方法及其相关材料和应用,"(EN) The invention discloses a Chinese cabbage clubroot detection method based on CRISPR (clustered regularly interspaced short palindromic repeats)/Cas12a as well as related materials and application thereof. In particular discloses a Cas12a guide RNA molecule for cutting a clubroot rDNA-ITS sequence, the guide RNA molecule comprises a targeting sequence and a structural sequence, the nucleotide sequence of the targeting sequence is from the 4th site to the 24th site of the sequence 1, and the nucleotide sequence of the structural sequence is from the 25th site to the 44th site of the sequence 1. A guide RNA molecule and a detection primer designed for a target are used for performing cas12a-RPA detection on a to-be-detected sample, and a result shows that whether the sample contains the target genome or not can be quickly and intuitively detected, so that the method can be used for industrial and agricultural production.(ZH) 本发明公开了基于CRISPR/Cas12a的大白菜根肿病检测方法及其相关材料和应用。具体公开了一种用于切割根肿病rDNA‑ITS序列的Cas12a向导RNA分子，所述向导RNA分子包括靶向序列和结构序列，所述靶向序列的核酸序列为序列1的第4位‑第24位，所述结构的核酸序列为序列1的第25位‑第44位。使用向导RNA分子和及针对靶标设计的检测引物对待测样本进行cas12a‑RPA检测，结果表明可快速、直观的检测到样本中是否含有目标基因组，可用于工农业生产。",,,,北京纪凯知识产权代理有限公司 11245,
CN438257230,202410766646,China,14.06.2024,118546931,27.08.2024,A,"C12N 15/113
					






C12Q 1/6895
					






C12Q 1/686
					






G01N 33/543
					






G01N 33/569
					






G01N 33/58
					






View more classifications
							






C12N 15/113
					






C12Q 1/6895
					






C12Q 1/686
					






G01N 33/543
					






G01N 33/569
					






G01N 33/58
					






C12N 15/11
					






C12R 1/645
					






View less classifications","C12N 15/113
					






C12Q 1/6895
					






C12Q 1/686
					






G01N 33/54387
					






G01N 33/56961
					






G01N 33/587
					






View more classifications
							






C12N 15/113
					






C12Q 1/6895
					






C12Q 1/686
					






G01N 33/54387
					






G01N 33/56961
					






G01N 33/587
					






G01N 2333/37
					






C12R 2001/645
					






C12N 2310/20
					






View less classifications",BEIJING ACADEMY OF AGRICULTURE AND FORESTRY SCIENCES北京市农林科学院,YU SHUANCANG于拴仓LIU XIAOJING刘肖静SU TONGBING苏同兵XIN XIAOYUN辛晓云WANG WEIHONG汪维红LI PEIRONG李佩荣ZHAO XIUYUN赵岫云ZHANG DESHUANG张德双YU YANGJUN余阳俊ZHANG FENGLAN张凤兰,,(EN) CRISPR/Cas12a-based Chinese cabbage downy mildew detection method and related materials and application thereof(ZH) 基于CRISPR/Cas12a的大白菜霜霉病检测方法及其相关材料和应用,"(EN) The invention discloses a Chinese cabbage downy mildew detection method based on CRISPR/Cas12a as well as related materials and application thereof. In particular discloses a Cas12a guide RNA molecule for cutting a peronospora rDNA-ITS sequence, the guide RNA molecule comprises a targeting sequence and a structural sequence, the nucleotide sequence of the targeting sequence is from the 4th site to the 24th site of the sequence 1, and the nucleotide sequence of the structural sequence is from the 25th site to the 44th site of the sequence 1. A guide RNA molecule and a detection primer designed for a target are used for performing cas12a-RPA detection on a to-be-detected sample, and a result shows that whether the sample contains the target genome or not can be quickly and intuitively detected, so that the method can be used for industrial and agricultural production.(ZH) 本发明公开了基于CRISPR/Cas12a的大白菜霜霉病检测方法及其相关材料和应用。具体公开了一种用于切割霜霉菌rDNA‑ITS序列的Cas12a向导RNA分子，所述向导RNA分子包括靶向序列和结构序列，所述靶向序列的核酸序列为序列1的第4位‑第24位，所述结构的核酸序列为序列1的第25位‑第44位。使用向导RNA分子和及针对靶标设计的检测引物对待测样本进行cas12a‑RPA检测，结果表明可快速、直观的检测到样本中是否含有目标基因组，可用于工农业生产。",,,,北京纪凯知识产权代理有限公司 11245,
CN405878758,202310732069,China,20.06.2023,116574848,11.08.2023,A,"C12Q 1/70
					






C12Q 1/6844
					






C12Q 1/6806
					






C12N 15/11
					






C12R 1/93
					








C12Q 1/70
					






C12Q 1/6844
					






C12Q 1/6806
					






C12N 15/11
					






C12R 1/93
					






View less classifications","C12Q 1/701
					






C12Q 1/6844
					






C12Q 1/6806
					






Y02A 50/30
					








C12Q 1/701
					






C12Q 1/6844
					






C12Q 1/6806
					






Y02A 50/30
					






View less classifications","LANZHOU VETERINARY RESEARCH INSTITUTE, CHINESE ACADEMY OF AGRICULTURE SCIENCES中国农业科学院兰州兽医研究所",LIU YONGJIE刘永杰MAO SHOUHUI毛首会LAN XI兰喜MA WEIMIN马维民YANG YAMIN杨亚民LYU LYU吕律WU JINYAN吴锦艳ZHANG WEI张伟HE JIJUN何继军SHANG YOUJUN尚佑军JEONG HAE-HAK郑海学,,(EN) LAMP-CRISPRCas12a-based primer for detecting porcine circovirus type 2 and detection method(ZH) 一种基于LAMP-CRISPRCas12a检测猪圆环2型病毒的引物及检测方法,"(EN) The invention discloses LAMP-CRISPRCas12a-based primers and a LAMP-CRISPRCas12a-based detection method for detecting a porcine circovirus type 2. The LAMP-CRISPRCas12a-based detection method comprises the following operation steps: (1) treating a tissue sample; (2) extracting virus DNA (Deoxyribose Nucleic Acid); (3) primer design; (4) recovering and purifying a PCR product; (5) constructing a standard plasmid; (6) identifying recombinant plasmids; (7) extracting a small amount of plasmid DNA; (8) LAMP primer screening and amplification; (9) establishment of a LAMP-CRISPR-Cas12a detection system for the porcine circovirus type 2 (PCV2); on the basis of the CRISPR technology, the LAMP technology is combined, the rapid PCV2 detection method is established, and the method is high in sensitivity, high in specificity, easy to operate, short in detection time, simple in result analysis, high in anti-interference performance and free of complex instruments and equipment. The portable and visual method which is low in price, high in sensitivity and high in specificity will be an alternative method for on-site PCV2 detection, and timely monitoring and rapid making of PCV2 control strategies may be facilitated.(ZH) 本发明公开了一种基于LAMP‑CRISPRCas12a检测猪圆环2型病毒的引物及检测方法，包括以下操作步骤：(1)组织样品的处理；(2)病毒DNA的提取；(3)引物设计；(4)PCR产物回收及纯化；(5)标准质粒的构建；(6)重组质粒鉴定；(7)质粒DNA小量抽提；(8)LAMP引物筛选及扩增；(9)猪圆环病毒2型LAMP‑CRISPR‑Cas12a检测体系建立；本发明在CRISPR技术的基础上与LAMP技术相结合，建立了PCV2的快速检测方法，该方法敏感性高、特异性高、操作简单、检测时间短、结果分析简单、抗干扰性强、不需要复杂仪器设备。这种低价、高度敏感和特异性强、便携式和可视化的方法将是现场PCV2检测的替代方法，这可能有助于及时监测和快速制定控制PCV2的策略。",,,,北京和联顺知识产权代理有限公司 11621,
CN235360010,201810794443,China,18.07.2018,108977459,11.12.2018,A,"C12N 15/82
					






A01H 5/00
					






A01H 6/46
					








C12N 15/82
					






A01H 5/00
					






A01H 6/46
					






View less classifications","C12N 15/8213
					






C07K 14/415
					






C12N 15/8289
					






C12N 2810/10
					








C12N 15/8213
					






C07K 14/415
					






C12N 15/8289
					






C12N 2810/10
					






View less classifications","QINGDAO YUANCE GROUP CO., LTD.青岛袁策集团有限公司",MI TIEZHU米铁柱ZHANG GUODONG张国栋LIU JIAYIN刘佳音WAN JILI万吉丽WANG KEXIANG王克响LUO BI罗碧,,(EN) Preparation method for plant mutant(ZH) 一种植株突变体的制备方法,"(EN) The invention discloses a preparation method for a plant mutant. The preparation method comprises the following steps that T1, a CRISPR/cas9 gene knockout vector is constructed, and a CYP78A13 gene isknocked out; T2, agrobacterium is transformed; T3, gene knockout detection is carried out; and T4, phenotype identification is carried out on a transgenic plant. According to the preparation method for the plant mutant, a rice cell nucleus fertility gene serves as a target gene, gene knockout is carried out by using CRISPR/cas9 gene silencing, the function is lost after gene silencing, a cell isdeveloped into a complete plant, but the complete plant does not have pollen which is developed to have normal functions, and the plant mutant can be taken as a research object and used for creating asterile line.(ZH) 本申请公开了一种植株突变体的制备方法，包括以下步骤：T1.构建CRISPR/cas9基因敲除载体，敲除CYP78A13基因；T2.农杆菌转化；T3.基因敲除检测；T4.转基因植株表型鉴定。本发明植株突变体的制备方法方法，以水稻细胞核育性基因作为目标基因，利用CRISPR/cas9基因沉默进行基因敲除，基因沉默后丧失功能，细胞发育长成完整植株，但不具备发育成正常功能的花粉，并能够以此为研究对象，用于创制不育系。",,,,北京华仁联合知识产权代理有限公司 11588,
CN337665974,202110703245,China,24.06.2021,113403412,17.09.2021,A,"C12Q 1/6893
					






C12Q 1/6844
					






C12N 15/113
					








C12Q 1/6893
					






C12Q 1/6844
					






C12N 15/113
					






View less classifications","C12Q 1/6893
					






C12Q 1/6844
					








C12Q 1/6893
					






C12Q 1/6844
					






View less classifications","LANZHOU VETERINARY RESEARCH INSTITUTE, CHINESE ACADEMY OF AGRICULTURE SCIENCES中国农业科学院兰州兽医研究所",WANG MENG王萌MA QIAONI马巧妮ZHU XINGQUAN朱兴全,,(EN) Kit for detecting toxoplasma gondii based on isothermal amplification-CRISPR/Cas12a technology and application thereof(ZH) 一种基于等温扩增-CRISPR/Cas12a技术检测弓形虫的试剂盒及其应用,"(EN) The invention provides a kit for detecting toxoplasma gondii DNA based on an isothermal amplification-CRISPR/Cas12a technology and application thereof, and belongs to the technical field of parasite detection. The invention provides crRNA for specifically detecting toxoplasma gondii DNA. The nucleotide sequence of the crRNA is shown as SEQ ID NO: 1. Meanwhile, the provided kit for detecting the toxoplasma gondii DNA comprises the crRNA, Cas12a protein and ssDNA marked by a fluorescence reporter group. The Cas12a activity is activated by targeting the toxoplasma gondii DNA sequence through the crRNA by using the characteristics of target sequence targeted cutting and arbitrary single-stranded DNA sequence cutting of the Cas12a, such that the FQ-ssDNA sequence is subjected to enzyme digestion through the Cas12a, and an emitted fluorescence signal indicates whether the toxoplasma gondii DNA is contained in a detection sample. The kit has the characteristics of simplicity and convenience in operation and rapidness in detection, and has relatively high application value.(ZH) 本发明提供了一种基于等温扩增‑CRISPR/Cas12a技术检测弓形虫DNA的试剂盒及其应用，属于寄生虫检测技术领域。本发明提供了一种用于特异性检测弓形虫DNA的crRNA，核苷酸序列如SEQIDNO:1所示。同时本发明还提供了检测弓形虫DNA的试剂盒，包括所述crRNA、Cas12a蛋白和荧光报告基团标记的ssDNA。利用Cas12a靶向切割靶标序列和切割任意单链DNA序列的特性，通过crRNA靶向弓形虫DNA序列，激活Cas12a活性，从而Cas12a对FQ‑ssDNA序列进行酶切，发出的荧光信号来指示检测样品中是否含有弓形虫DNA。所述试剂盒具有操作简便，检测快速的特点，具有较高的应用价值。",,,,北京高沃律师事务所 11569,
,,,,,,,,,,,,,,,,,,
,,,,,,,,,,,,,,,,,,
,,,,,,,,,,,,,,,,,,
CN345741374,202111177080,China,09.10.2021,113801870,17.12.2021,A,"C12N 9/90
					






C12N 15/61
					






C12N 15/84
					






C12N 5/10
					






A01H 5/10
					






A01H 6/46
					








C12N 9/90
					






C12N 15/61
					






C12N 15/84
					






C12N 5/10
					






A01H 5/10
					






A01H 6/46
					






View less classifications","C12N 9/90
					






C12Y 505/01019
					






C12N 15/8218
					






C12N 15/825
					








C12N 9/90
					






C12Y 505/01019
					






C12N 15/8218
					






C12N 15/825
					






View less classifications","INSTITUTE OF CROP SCIENCE, CHINESE ACADEMY OF AGRICULTURAL SCIENCES中国农业科学院作物科学研究所BIOTECHNOLOGY RESEARCH INSTITUTE, CAAS中国农业科学院生物技术研究所",LIU JUN刘君GAO YING高英WANG HUAN王欢SHI TIANTIAN石添添WANG RUI王芮WANG JINGXIN王竞馨CHENG XILIU程溪柳ZHU MENGYUAN朱梦圆WEI YU魏钰LI SHA李莎LIU YUANHANG刘远航,,(EN) Function and application of SiLCYB in regulating and controlling anabolism of millet carotenoids such as lycopene(ZH) SiLCYB调控番茄红素等谷子类胡萝卜素合成代谢的功能及应用,"(EN) The invention discloses application of protein or a substance for regulating and controlling expression of a gene or a substance for regulating and controlling the activity or content of the protein in regulation and control of millet carotenoids. The gene encodes the protein, and the protein is SiLCYB; and the SiLCYB is the protein with an amino acid sequence as shown in a sequence 1 of a sequence table. An edited strain is obtained through a CRISPR-Cas9 gene editing technology, the regulation and control effect of the SiLCYB gene in the metabolic reaction of the millet carotenoids is determined through metabonomics analysis, and an experimental basis and gene resources are provided for revealing a metabolic pathway regulation and control mechanism of the millet carotenoids and cultivating new germplasm of the millet rich in carotenoid and high in nutritional quality.(ZH) 本发明公开了。本发明公开了蛋白质或调控基因的表达的物质或调控所述蛋白质活性或含量的物质在调控谷子类胡萝卜素中的应用，所述基因编码所述蛋白质，所述蛋白质为SiLCYB；所述SiLCYB是氨基酸序列如序列表中序列1所示的蛋白质。通过CRISPR‑Cas9基因编辑技术获得编辑株系，通过代谢组学分析明确了SiLCYB基因在谷子类胡萝卜素代谢反应中的调控作用，为揭示谷子类胡萝卜素代谢途径调控机制及培育富含类胡萝卜素高营养品质的谷子新种质提供了实验基础和基因资源。",,,,北京纪凯知识产权代理有限公司 11245,
CN403514769,202310414666,China,18.04.2023,116445536,18.07.2023,A,"C12N 15/82
					






C12N 15/66
					






C12N 9/02
					






C12N 15/53
					






A01H 5/10
					






A01H 6/46
					








C12N 15/82
					






C12N 15/66
					






C12N 9/02
					






C12N 15/53
					






A01H 5/10
					






A01H 6/46
					






View less classifications","C12N 15/8261
					






C12N 15/8218
					






C12N 15/66
					






C12N 9/0071
					






C12Y 114/11
					








C12N 15/8261
					






C12N 15/8218
					






C12N 15/66
					






C12N 9/0071
					






C12Y 114/11
					






View less classifications",JIANGSU LIXIAHE REGION AGRICULTURAL RESEARCH INSTITUTE江苏里下河地区农业科学研究所,JIANG ZHENGNING蒋正宁GAO DERONG高德荣ZHANG YONG张勇BIE TONGDE别同德LIU DATONG刘大同WU XUJIANG吴旭江ZHANG XIAO张晓JIANG WEI江伟,,(EN) Wheat DNA demethylase gene TaROS1 gene editing vector and application thereof(ZH) 小麦DNA去甲基化酶基因TaROS1基因编辑载体及其应用,"(EN) The invention provides a wheat DNA demethylase gene TaROS1 gene editing vector and application thereof, and belongs to the field of crop molecular biology, primers are designed to clone a coding region sequence of TaROS1 from Yangmai 18 young ear cDNA, and the sequences of the coding region sequence of the TaROS1 gene in A, B and D homologous chromosomes are shown as SEQ ID NO.1-3 respectively. A CRISPR/Cas9 vector is used for constructing a gene editing vector containing two TaROS1 target sites and transforming Yangmai 18, and the expression level of the TaROS1 gene is reduced by knocking out the TaROS1 gene, so that the new wheat germplasm with thickened wheat grain aleurone layer cells is obtained. The gene engineering technology is used for improving wheat, and the gene engineering technology has important application value for improving the nutritional quality of wheat.(ZH) 本发明提供了小麦DNA去甲基化酶基因TaROS1基因编辑载体及其应用，属于作物分子生物学领域，本发明设计引物从扬麦18幼穗cDNA中克隆TaROS1的编码区序列，TaROS1基因编码区序列在A、B、D同源染色体中的序列分别如SEQ ID NO.1‑3所示。本发明使用CRISPR/Cas9载体构建包含TaROS1两个靶位点的基因编辑载体并转化扬麦18，通过敲除TaROS1基因，降低TaROS1基因的表达的水平，从而获得小麦籽粒糊粉层细胞增厚的小麦新种质。本发明利用基因工程技术改良小麦，对提高小麦营养品质具有重要的应用价值。",,,,南京天华专利代理有限责任公司 32218南京天华专利代理有限责任公司 32218,
CN405750188,202310504666,China,06.05.2023,116555263,08.08.2023,A,"C12N 15/113
					






C12N 15/84
					






C12N 15/11
					






C12Q 1/6895
					






A01H 5/00
					






A01H 6/54
					








C12N 15/113
					






C12N 15/84
					






C12N 15/11
					






C12Q 1/6895
					






A01H 5/00
					






A01H 6/54
					






View less classifications","C12N 15/1137
					






C12N 15/8205
					






C12N 15/8218
					






C12N 15/8247
					






C12N 15/8261
					






C12Q 1/6895
					






View more classifications
							






C12N 15/1137
					






C12N 15/8205
					






C12N 15/8218
					






C12N 15/8247
					






C12N 15/8261
					






C12Q 1/6895
					






C12N 2310/20
					






View less classifications","INSTITUTE OF CROP SCIENCE, CHINESE ACADEMY OF AGRICULTURAL SCIENCES中国农业科学院作物科学研究所",QIU LIJUAN邱丽娟HE ZIYING何梓莹YU LILI于莉莉QIU HONGMEI邱红梅HONG HUILONG洪慧龙GAO HUAWEI高华伟,,"(EN) Method for constructing sgRNA combination of new soybean variety, method for cultivating new soybean variety and application of sgRNA combination(ZH) 一种用于构建大豆新品种的sgRNA组合及培育大豆新品种的方法和应用","(EN) The invention relates to the technical field of gene engineering, and provides an sgRNA combination for constructing a new soybean variety, a method for cultivating the new soybean variety and application. And the sgRNA combination comprises sgRNA-GmLOX1, sgRNA-GmLOX2, sgRNA-GmLOX3, and sgRNA-GmFAD2-1A/B. The invention further discloses a method for preparing the sgRNA combination. According to the invention, soybean GmLOX1, GmLOX2, GmLOX3, GmFAD2-1A and GmFAD2-1B genes are knocked out by using a CRISPR/Cas9 gene editing technology, so that the soybean editing material with high content of oleic acid and low content of lipoxygenase is obtained. And developing a molecular marker according to variation site information to quickly and accurately identify the variation material. The edited material can be used as a soybean material or variety suitable for mechanical harvesting, and valuable gene resources, germplasm resources and a resource identification method are provided for soybean breeding.(ZH) 本发明涉及基因工程技术领域，提供了一种用于构建大豆新品种的sgRNA组合及培育大豆新品种的方法和应用。所述sgRNA组合包括sgRNA‑GmLOX1、sgRNA‑GmLOX2、sgRNA‑GmLOX3和sgRNA‑GmFAD2‑1A/B。本发明利用CRISPR/Cas9基因编辑技术敲除大豆GmLOX1、GmLOX2、GmLOX3、GmFAD2‑1A和GmFAD2‑1B基因，即获得具有高含量油酸和低含量脂氧合酶的大豆编辑材料。并根据变异位点信息开发分子标记对该变异材料进行快速精准鉴定。该编辑材料可作为适合机械化收割的大豆材料或品种，为大豆育种提供了宝贵的基因资源、种质资源和资源鉴定方法。",,,,北京睿智保诚专利代理事务所(普通合伙) 11732,
,,,,,,,,,,,,,,,,,,
,,,,,,,,,,,,,,,,,,
,,,,,,,,,,,,,,,,,,
CN425348422,202311347930.X,China,17.10.2023,117625602,01.03.2024,A,"C12N 15/113
					






C12N 15/82
					






A01H 5/00
					






A01H 6/46
					








C12N 15/113
					






C12N 15/82
					






A01H 5/00
					






A01H 6/46
					






View less classifications","C07K 14/415
					






C12N 15/113
					






C12N 15/8261
					






C12N 2310/20
					






C12N 2830/34
					








C07K 14/415
					






C12N 15/113
					






C12N 15/8261
					






C12N 2310/20
					






C12N 2830/34
					






View less classifications",SOUTH CHINA AGRICULTURAL UNIVERSITY华南农业大学,GUO JINGXIN郭晶心LUO YANQIU罗燕秋LI SHENGTING李盛婷ZONG WUBEI宗伍辈XIE XIANRONG谢先荣,,(EN) Method for delaying heading period of rice and improving yield based on editing rice Ehd1 gene promoter region(ZH) 一种基于编辑水稻Ehd1基因启动子区的延迟水稻抽穗期和提高产量的方法,"(EN) The invention discloses application of an Ehd1 gene promoter core sequence in delaying the heading stage of rice and improving agronomic traits. Through epigenetic multiomics and cis-element analysis of the Ehd1 promoter, a large number of deletion experiments based on a CRISPR/Cas9 system and analysis of agronomic traits such as heading period and yield of gene editing rice, a key core promoter region influencing Ehd1 gene expression is found, and through sequence deletion of the region, the expression of the Ehd1 gene is optimized. The rice heading period can be properly delayed, and the yield and other agronomic characters of rice can be improved. According to the technical scheme, materials with excellent heading stage and agronomic traits can be screened from the T2 generation and applied to subsequent breeding, so that the breeding period is greatly shortened, the adaptability of excellent rice varieties to different regions and seasons is improved, and the method has important significance in expanding the planting range of the excellent varieties and increasing the yield and has wide application prospects. And a new strategy is provided for crop breeding improvement.(ZH) 本发明公开了Ehd1基因启动子核心序列在延迟水稻抽穗期和提升农艺性状中的应用。本发明通过对Ehd1启动子的表观遗传多组学和顺式元件分析，和大量基于CRISPR/Cas9系统的删除实验，以及对基因编辑水稻的抽穗期和产量等农艺性状的分析，发现了影响Ehd1基因表达的关键核心启动子区域，通过对该区域的序列删除，可以适当延迟水稻抽穗期，提升水稻的产量等农艺性状。本发明的技术方案在T<subgt;2</subgt;代即可筛选出抽穗期和农艺性状优良的材料应用于后续育种，极大地缩短了育种年限，提高了优良水稻品种对不同地区和季节的适应能力，对扩大优良品种的种植范围和提高产量有重要意义，为作物育种改良提供一种新策略。",,,,广州粤高专利商标代理有限公司 44102,
,,,,,,,,,,,,,,,,,,
,,,,,,,,,,,,,,,,,,
,,,,,,,,,,,,,,,,,,
,,,,,,,,,,,,,,,,,,
CN232511154,201810495827,China,22.05.2018,108660150,16.10.2018,A,"C12N 15/82
					






A01H 5/00
					






A01H 6/46
					








C12N 15/82
					






A01H 5/00
					






A01H 6/46
					






View less classifications","C12N 15/8218
					






C12N 15/8273
					








C12N 15/8218
					






C12N 15/8273
					






View less classifications",SHANDONG RICE RESEARCH INSTITUTE山东省水稻研究所,XIE XIANZHI谢先芝ZHENG CHONGKE郑崇珂XIE LIXIA解丽霞ZHOU JINJUN周晋军SUN WEI孙伟CUI LIXIN崔立新JU PEINA鞠培娜,,(EN) Method for improving rice salt resistance(ZH) 一种提高水稻耐盐能力的方法,"(EN) The invention discloses a method for improving rice salt resistance. The method comprises the following steps: by using a CRISPR/Cas9 (Clustered Regularly Interspaced Short Palindromic Repeat/Cas9) technique, designing and synthesizing a spacer DNA (Deoxyribonucleic Acid) sequence with a highly specific rice PHYB (Phytochrome B) gene, cloning on a pOs-sgRNA vector, carrying out homologous exchangecloning on a pOs-Cas9 vector, transforming into a Yanfeng 47 cultured rice variety, carrying out backcross and selfing on obtained plants, and screening transgenic homozygous strains without vector sequence but only PHYB gene target sequence variants. Under treatment conditions of 200mM NaCl, the survival rate of a PHYB-CRISPR strain is 80-85%, the survival rate of a reference acceptor rice variety is about 5%, and the result shows that the PHYB-CRISPR strain has remarkably improved salt resistance.(ZH) 本发明公开了一种提高水稻耐盐能力的方法。本发明利用CRISPR/Cas9技术，设计合成水稻PHYB基因高度特异的spacerDNA序列，克隆在pOs‑sgRNA载体上，再通过同源交换克隆至pOs‑Cas9载体上，然后转化至盐丰47栽培水稻品种中，得到的株系通过回交和自交，筛选没有载体序列、只有PHYB基因靶序列变异的转基因纯合株系。在200mM NaCl处理条件下，PHYB‑CRISPR株系的存活率为80～85％，而对照受体水稻品种的存活率约5％。说明PHYB‑CRISPR株系的耐盐性显著提高。",,,,济南诚智商标专利事务所有限公司 37105,
,,,,,,,,,,,,,,,,,,
,,,,,,,,,,,,,,,,,,
,,,,,,,,,,,,,,,,,,
,,,,,,,,,,,,,,,,,,
,,,,,,,,,,,,,,,,,,
,,,,,,,,,,,,,,,,,,
CN406241633,202310549093,China,16.05.2023,116622726,22.08.2023,A,"C12N 15/29
					






C07K 14/415
					






C12N 15/82
					






A01H 5/00
					






A01H 6/82
					








C12N 15/29
					






C07K 14/415
					






C12N 15/82
					






A01H 5/00
					






A01H 6/82
					






View less classifications","C07K 14/415
					






C12N 15/8261
					






C12N 15/8243
					






C12N 15/8216
					








C07K 14/415
					






C12N 15/8261
					






C12N 15/8243
					






C12N 15/8216
					






View less classifications","CHINA TOBACCO YUNNAN INDUSTRIAL CO., LTD.云南中烟工业有限责任公司",XU LI许力XU YONG许永LI XUEMEI李雪梅GAO XI高茜CHENG CHANGXIN程昌新JIANG JIARUI蒋佳芮MI QILI米其利XIANG HAIYING向海英ZENG WANLI曾婉俐KONG WEISONG孔维松YANG YEKUN杨叶昆,,(EN) Tobacco potassium ion channel gene NtKAT3 and application thereof(ZH) 一种烟草钾离子通道基因NtKAT3及其应用,"(EN) The invention relates to a tobacco potassium ion channel gene NtKAT3. The nucleotide sequence of the tobacco potassium ion channel gene NtKAT3 is as shown in SEQ ID NO. 1. According to the tobacco potassium ion channel gene NtKAT3 provided by the invention, a CRISPR/Cas9 editing vector for knocking out the NtKAT3 gene is constructed by virtue of a CRISPR/Cas9 mediated gene editing technology, and a tobacco plant with the NtKAT3 gene edited is obtained after genetic transformation. Under the MS culture condition, the topping plant height, the waist leaf length, the waist leaf width and the natural plant height of the mature tobacco plant with the gene edited are all lower than those of the tobacco plant with the gene not edited. Meanwhile, the potassium content in the NtKAT3 gene editing plant is determined, and it is found that the potassium content in the gene editing plant in the squaring stage, the topping stage and the mature stage is lower than that of the tobacco plant with the gene not edited. A genetic material and a theoretical basis are provided for researching tobacco growth and development and yield quality related gene functions.(ZH) 本发明涉及一种烟草钾离子通道基因NtKAT3，其核苷酸序列如SEQ ID NO.1所示。本发明提供的一种烟草钾离子通道基因NtKAT3，通过CRISPR/Cas9介导的基因编辑技术，构建了用于敲除NtKAT3基因的CRISPR/Cas9编辑载体，经遗传转化后获得了NtKAT3基因发生编辑的烟草植株。在MS培养条件下，所述基因发生编辑的成熟期烟草植株的打顶株高、腰叶长、腰叶宽及自然株高均低于基因未发生编辑的烟草植株。同时对NtKAT3基因编辑植株中钾含量进行测定，发现在现蕾期、打顶期、成熟期基因编辑植株中钾含量均低于基因未发生编辑的烟草植株。这为研究烟草生长发育与产量品质相关基因功能提供了遗传材料和理论依据。",,,,北京市领专知识产权代理有限公司 11590,
,,,,,,,,,,,,,,,,,,
CN370574256,202210226451,China,16.05.2022,114774426,22.07.2022,A,"C12N 15/29
					






C07K 14/415
					






C12N 15/84
					






A01H 5/00
					






A01H 6/82
					








C12N 15/29
					






C07K 14/415
					






C12N 15/84
					






A01H 5/00
					






A01H 6/82
					






View less classifications","C07K 14/415
					






C12N 15/8273
					






C12N 15/8251
					






C12N 15/825
					






C12N 15/8245
					






C12N 15/8243
					






View more classifications
							






C07K 14/415
					






C12N 15/8273
					






C12N 15/8251
					






C12N 15/825
					






C12N 15/8245
					






C12N 15/8243
					






C12N 15/8218
					






View less classifications","CHINA TOBACCO YUNNAN INDUSTRIAL CO., LTD.云南中烟工业有限责任公司",XU LI许力XU YONG许永LI XUEMEI李雪梅KONG WEILING孔维玲GAO XI高茜MI QILI米其利LIU XIN刘欣YANG WENWU杨文武JIANG JIARUI蒋佳芮XIANG HAIYING向海英ZENG WANLI曾婉俐ZHANG JIANDUO张建铎DENG LELE邓乐乐YANG GUANGYU杨光宇,,(EN) Application and method of tobacco osmomodulin related gene(ZH) 一种烟草渗调蛋白相关基因的应用及方法,"(EN) The invention relates to an application and a method of a tobacco osmomodulin related gene, and belongs to the technical field of plant genetic engineering. According to the invention, a CRISPR/Cas9 mediated gene editing technology is adopted to construct a CRISPR/Cas9 editing vector for knocking out an osmomodulating protein gene, and after genetic transformation, a Honghua Dajinyuan plant for osmomodulating protein gene editing is obtained. According to the invention, a CRISPR/Cas9 mediated gene editing technology is utilized to knock out the osmoprotein gene, and a gene editing plant which plays an important role in influencing the proline content and the stress resistance is obtained, so that a genetic material and a theoretical basis are provided for researching the influence of the tobacco osmoprotein on the change of the proline content and the stress resistance of tobacco.(ZH) 本发明涉及一种烟草渗调蛋白相关基因的应用及方法，属于植物基因工程技术领域。本发明通过CRISPR/Cas9介导的基因编辑技术，构建了用于敲除渗调蛋白基因的CRISPR/Cas9编辑载体，经遗传转化后获得了渗调蛋白基因发生编辑的红花大金元植株。本发明利用CRISPR/Cas9介导的基因编辑技术敲除渗透蛋白基因，获得在影响脯氨酸含量及抗逆方面具有重要作用的基因编辑植株，这为烟草渗透蛋白影响脯氨酸含量变化及烟草抗逆性研究提供遗传材料和理论依据。",,,,浙江千克知识产权代理有限公司 33246,
,,,,,,,,,,,,,,,,,,
,,,,,,,,,,,,,,,,,,
,,,,,,,,,,,,,,,,,,
CN241609249,201780048145,China,30.05.2017,109642232,16.04.2019,A,"C12N 15/113
					






C12N 15/82
					








C12N 15/113
					






C12N 15/82
					






View less classifications","C12N 15/113
					






C12N 15/8213
					






C12N 2310/20
					








C12N 15/113
					






C12N 15/8213
					






C12N 2310/20
					






View less classifications",KWS SAAT SEKWS种子欧洲股份公司,HUMMEL AARONA·赫梅尔,,(EN) HYBRID NUCLEIC ACID SEQUENCES FOR GENOME ENGINEERING(ZH) 用于基因组改造的杂合核酸序列,"(EN) The present invention relates to hybrid nucleic acid sequence constructs comprising a CRISPR nucleic acid sequence and a DNA repair template associated with each other in a covalent and/or non-covalent way for CRISPR based genome engineering. Further provided is a molecular complex additionally comprising at least one CRISPR polypeptide. All components within the complex are in physical proximity.In addition, there is provided a plant, plant cell, a plant material, or a derivative, or progeny thereof comprising the hybrid RNA/DNA sequence and/or the molecular complex. Further, there is provided a method for modifying at least one DNA target sequence in a prokaryotic or eukaryotic cell as well as a method for manufacturing a plant or plant cell. Finally, there is provided the use of at least one hybrid RNA/DNA sequence, or use of a molecular complex for gene editing or genome engineering in a prokaryotic or eukaryotic cell or organism.(ZH) 本发明涉及含以共价和/或非共价方式彼此相联的CRISPR核酸序列和DNA修复模板的杂合核酸序列构建体，其用于基于CRISPR的基因组改造。还提供另外含至少一个CRISPR多肽的分子复合物。复合物内的所有组分在物理位置上接近。另外，提供植物、植物细胞、植物材料、或其衍生物或后代，其包括所述杂合RNA/DNA序列和/或分子复合物。此外，提供在原核或真核细胞中修饰至少一个DNA靶序列的方法以及产生植物或植物细胞的方法。最后，提供至少一个杂合DNA/DNA核酸序列或分子复合物在原核或真核细胞或生物体内基因编辑或基因组改造中的应用。",,,"AU2017272623

KR1020190012229

EP3464594

US20190161760

BR112018074494

EA201892810

WO/2017/207589

JP2019517261

CA3025828

UAa201812605This application is not viewable in PATENTSCOPE because the national phase entry has not been published yet or the national entry is issued from a country that does not share data with WIPO or there is a formatting issue or an unavailability of the application.

US20240376486",永新专利商标代理有限公司 72002永新专利商标代理有限公司 72002,
,,,,,,,,,,,,,,,,,,
CN396319107,202211432982,China,16.11.2022,115960899,14.04.2023,A,"C12N 15/113
					






C12N 15/10
					






C12N 15/11
					






C12Q 1/6897
					






C12N 15/82
					








C12N 15/113
					






C12N 15/10
					






C12N 15/11
					






C12Q 1/6897
					






C12N 15/82
					






View less classifications","Y02A 50/30
					








Y02A 50/30
					






View less classifications","TEA RESEARCH INSTITUTE, CHINESE ACADEMY OF AGRICULTURAL SCIENCES中国农业科学院茶叶研究所",HUANG JIANYAN黄建燕FU QIANYUAN傅前媛LEI LEI雷蕾HAO XINYUAN郝心愿WANG XINCHAO王新超YANG YAJUN杨亚军,,(EN) Tea tree CsU6 gene promoter and cloning and application thereof(ZH) 茶树CsU6基因启动子及其克隆与应用,"(EN) The invention discloses a tea tree CsU6 gene promoter as well as cloning and application thereof. The endogenous CsU6 gene promoter of the tea tree is successfully cloned for the first time, the transcriptional activity detection vector of the CsU6 gene promoter of the tea tree is successfully constructed, the transcriptional activities of the eight CsU6 promoters are compared through instantaneous transformation of tobacco leaves, GUS dyeing and GUS enzyme activity determination, the CsU6i and CsU6j promoters with the strongest transcriptional activity are selected for construction of the gene editing vector of the tea tree, and the CsU6i and CsU6j promoters with the strongest transcriptional activity are selected for construction of the gene editing vector of the tea tree. The feasibility of the two promoters applied to a tea tree CRISPR/Cas9 gene editing system is verified in the tea tree protoplast, and CRISPR/Cas9 mediated tea tree genome targeted editing is realized. Therefore, cloning of the tea tree U6 gene promoter and expression analysis of the promoter activity provide an efficient promoter sequence for research on transformation of tea trees and related plants, and efficient and accurate germplasm innovation and variety genetic improvement of the tea trees can also be realized.(ZH) 本发明公开了茶树CsU6基因启动子及其克隆与应用。本发明首次成功克隆了茶树内源CsU6基因启动子，并成功构建了茶树CsU6基因启动子转录活性检测载体，通过瞬时转化烟草叶片、GUS染色和GUS酶活测定，比较了八种CsU6启动子的转录活性，选择转录活性最强的CsU6i和CsU6j启动子用于茶树基因编辑载体构建，在茶树原生质体中验证了这两种启动子应用于茶树CRISPR/Cas9基因编辑系统的可行性，并实现了CRISPR/Cas9介导的茶树基因组靶向编辑。因此，茶树U6基因启动子克隆及启动子活性的表达分析，为研究与茶树及近缘植物的转化研究提供了高效的启动子序列，也可以实现对茶树高效精准的种质创新与品种遗传改良。",,,,杭州浙科专利事务所(普通合伙) 33213,
,,,,,,,,,,,,,,,,,,
,,,,,,,,,,,,,,,,,,
,,,,,,,,,,,,,,,,,,
,,,,,,,,,,,,,,,,,,
CN361389236,202210211936,China,04.03.2022,114438087,06.05.2022,A,"C12N 15/113
					






C12N 15/867
					






C12N 15/66
					






C12N 5/10
					






C12N 7/00
					






C12N 7/02
					






View more classifications
							






C12N 15/113
					






C12N 15/867
					






C12N 15/66
					






C12N 5/10
					






C12N 7/00
					






C12N 7/02
					






C12R 1/91
					






View less classifications","C12N 15/113
					






C12N 15/86
					






C12N 15/66
					






C07K 14/47
					






C12N 5/0682
					






C12N 7/00
					






View more classifications
							






C12N 15/113
					






C12N 15/86
					






C12N 15/66
					






C07K 14/47
					






C12N 5/0682
					






C12N 7/00
					






C12N 2310/20
					






C12N 2510/00
					






C12N 2740/15043
					






C12N 2770/24151
					






View less classifications",SOUTH CHINA AGRICULTURE UNIVERSITY华南农业大学,QI WENBAO亓文宝YIN YOUQIN尹有勤LIAO MING廖明LIU LELE刘乐乐XING JINCHAO邢金超JIANG YUTING蒋誉婷DING SHIPING丁仕萍,,(EN) Cell strain with human SLC25A12 gene knocked out and application of cell strain(ZH) 一种敲除人SLC25A12基因的细胞株及其应用,"(EN) The invention discloses a cell strain with a human SLC25A12 gene knocked out and application of the cell strain, and belongs to the technical field of molecular biology and cell biology. The invention provides a gRNA (guide Ribonucleic Acid) sequence for targeted knockout of a human SLC25A12 gene. The nucleotide sequence of the gRNA sequence is shown as SEQ ID NO. 1. An SLC25A12 gene is knocked out on a human Hela cell genome for the first time by utilizing a CRISPR-Cas9 technology, an SLC25A12 knocked-out Hela cell strain is obtained, the activity, growth speed and other aspects of the knocked-out cell strain are not obviously different from those of a control cell, and the SLC25A12 knocked-out cell model is an ideal SLC25A12 knocked-out cell model; the method is simple and convenient to operate, short in period, low in cost and stable in cell strain after modification, and can be used for researching the specific action mechanism of the SLC25A12 protein in the aspects of glycosaminoglycan metabolism, protein metabolism and the like. The cell strain obtained by the invention can obviously improve the replication level of the Japanese encephalitis virus strain.(ZH) 本发明公开一种敲除人SLC25A12基因的细胞株及其应用，属于分子生物学和细胞生物学技术领域。本发明提供一种靶向敲除人SLC25A12基因的gRNA序列，其核苷酸序列如SEQID NO.1所示。利用CRISPR‑Cas9技术首次在人Hela细胞基因组上敲除SLC25A12基因，获得SLC25A12敲除的Hela细胞株，且敲除细胞株活性、生长速度等方面均与对照细胞无明显差异，是较为理想的SLC25A12敲除的细胞模型；且操作简便，周期短，成本低，改造后细胞株稳定，可用于研究SLC25A12蛋白在糖胺聚糖代谢和蛋白质代谢等方面的具体作用机制。本发明获得的细胞株能够显著提高乙型脑炎病毒毒株的复制水平。",,,,广州市华学知识产权代理有限公司 44245,
,,,,,,,,,,,,,,,,,,
,,,,,,,,,,,,,,,,,,
,,,,,,,,,,,,,,,,,,
CN440611313,202410693945,China,31.05.2024,118685422,24.09.2024,A,"C12N 15/29
					






C07K 14/415
					






C12N 15/82
					






A01H 5/00
					






A01H 6/60
					








C12N 15/29
					






C07K 14/415
					






C12N 15/82
					






A01H 5/00
					






A01H 6/60
					






View less classifications","C07K 14/415
					






C12N 15/8261
					








C07K 14/415
					






C12N 15/8261
					






View less classifications","COTTON RESEARCH INSTITUTE, SHANXI AGRICULTURAL UNIVERSITY山西农业大学棉花研究所",SHANGGUAN XIAOXIA上官小霞YANG QINLI杨琴莉ZHANG XIAOLING张晓玲ZHANG HUANYANG张换样,,(EN) Method for creating compact plant type material of cotton by using gene editing technology(ZH) 一种利用基因编辑技术创制棉花紧凑株型材料的方法,"(EN) The invention discloses a method for creating a compact plant type material of cotton by using a gene editing technology. The method comprises the following steps: cloning a GhGRF2 gene from upland cotton, designing a gene editing site, constructing a gene editing carrier, carrying out genetic transformation by using a cotton agrobacterium tumefaciens-mediated method to obtain a transgenic regenerated strain, and carrying out positive identification, editing site mutation condition analysis and gene editing mutant plant phenotype observation on the transgenic strain to obtain the transgenic regenerated strain. And further obtaining a compact germplasm material capable of being used for cotton plant type breeding. The invention belongs to the technical field of plant biology, and particularly relates to a method for creating a cotton compact plant type material by using a gene editing technology, a cotton GhGRF2 gene is knocked out and mutated by using a CRISPR-Cas9 gene editing technology to obtain the cotton compact plant type material, and the problem that the cotton plant type is difficult to improve by using a traditional breeding method is solved.(ZH) 本发明公开了一种利用基因编辑技术创制棉花紧凑株型材料的方法。即从陆地棉中克隆GhGRF2基因，设计基因编辑位点，构建基因编辑载体，运用棉花农杆菌介导法进行遗传转化，获得转基因再生株，通过对转基因株系进行阳性鉴定，编辑位点突变情况分析，基因编辑突变体植株表型观察，进而获得可用于棉花株型育种的紧凑种质材料。本发明属于植物生物技术领域，具体是一种利用基因编辑技术创制棉花紧凑株型材料的方法，通过CRISPR‑Cas9基因编辑技术对棉花GhGRF2基因进行敲除突变，获得棉花紧凑株型材料，解决了运用传统的育种方法改良棉花株型难度较大的问题。",,,,北京奇眸智达知识产权代理有限公司 11861,
CN431134476,202410335035,China,22.03.2024,118127052,04.06.2024,A,"C12N 15/60
					






C12N 9/88
					






C12N 15/82
					






A01H 5/00
					






A01H 6/82
					








C12N 15/60
					






C12N 9/88
					






C12N 15/82
					






A01H 5/00
					






A01H 6/82
					






View less classifications","C12N 9/88
					






C12Y 403/01024
					






C12N 15/8218
					






C12N 15/8243
					






C12N 15/8283
					








C12N 9/88
					






C12Y 403/01024
					






C12N 15/8218
					






C12N 15/8243
					






C12N 15/8283
					






View less classifications","CHINA TOBACCO YUNNAN INDUSTRIAL CO., LTD.云南中烟工业有限责任公司",XU LI许力XU YONG许永GAO XI高茜HUANG HAITAO黄海涛JIANG JIARUI蒋佳芮MI QILI米其利YANG WENWU杨文武LI JING李晶LI XUEMEI李雪梅,,(EN) Application of tobacco phenylalanine ammonialyase gene NtPAL in regulation and control of polyphenol content and disease resistance(ZH) 一种烟草苯丙氨酸解氨酶基因NtPAL调控多酚含量及抗病性的应用,"(EN) The invention discloses an application of a tobacco phenylalanine ammonialyase gene NtPAL in regulation and control of polyphenol content and disease resistance, the nucleotide sequence of the gene is as shown in SEQ ID NO.1, and the gene comprises 2016bp basic groups. Under normal conditions, the mosaic disease resistance of the NtPAL gene edited plant is compared with that of a control plant in the growth process, and the NtPAL gene edited plant is more susceptible to the tobacco mosaic disease compared with the control plant. The main polyphenol content in the mature period is higher than that of a contrast. The activity of the phenylalanine ammonialyase in an edited plant is obviously lower than that in a control plant in a mature period. In conclusion, the NtPAL gene is knocked out by utilizing a CRISPR/Cas9 mediated gene editing technology to obtain a gene editing plant influencing the mosaic disease resistance of the plant, and the gene plays an important role in tobacco polyphenol content regulation and tobacco mosaic disease resistance, so that a theoretical basis is provided for tobacco phenylalanine ammonialyase research and tobacco disease resistance research.(ZH) 本发明公开了一种烟草苯丙氨酸解氨酶基因NtPAL调控多酚含量及抗病性的应用，该基因核苷酸序列如SEQ ID NO.1所示，包括2016bp个碱基。本发明通过在正常条件下，生长过程中进行NtPAL基因编辑植株与对照植株花叶病抗性比较，NtPAL基因编辑植株较对照植株更易感烟草花叶病。成熟期主要多酚含量测定高于对照。成熟期苯丙氨酸解氨酶活性在编辑植株中显著低于对照植株中的活性。综上所述，利用CRISPR/Cas9介导的基因编辑技术敲除NtPAL基因获得影响植株花叶病抗性基因编辑植株，该基因对于烟草多酚含量调控及烟草花叶病抗性具有重要作用，这为烟草苯丙氨酸解氨酶研究及烟草抗病性研究提供理论基础。",,,,北京维澳知识产权代理有限公司 11252,
CN425951423,202311656062,China,05.12.2023,117660485,08.03.2024,A,"C12N 15/29
					






C07K 14/415
					






C12N 15/84
					






A01H 5/10
					






A01H 6/20
					








C12N 15/29
					






C07K 14/415
					






C12N 15/84
					






A01H 5/10
					






A01H 6/20
					






View less classifications","C07K 14/415
					






C12N 15/8267
					






C12N 15/8218
					






C12N 15/8205
					








C07K 14/415
					






C12N 15/8267
					






C12N 15/8218
					






C12N 15/8205
					






View less classifications",HENAN UNIVERSITY河南大学,TANG NING唐宁HUANG YUPU黄榆普ZHOU QIAOLING周巧玲YU AOFEI于澳飞PENG HUIMIN彭会敏,,(EN) Application of arabidopsis thaliana ERF012 gene in regulation and control of seed germination(ZH) 拟南芥ERF012基因在调控种子萌发中的应用,"(EN) The invention belongs to the technical field of plant genetic engineering, and particularly relates to application of an arabidopsis thaliana ERF012 gene in regulation and control of seed germination. Wild arabidopsis thaliana is transformed through a gene engineering technology and an agrobacterium tumefaciens inflorescence infection method, an overexpression strain and a mutant strain of the ERF012 gene are obtained, and the function of regulating seed germination of the ERF012 gene is verified and disclosed for the first time. The CRISPR vector for inhibiting the ERF012 gene is introduced into a target plant to obtain a mutant transgenic plant, and the mutant transgenic plant has higher ABA tolerance than a wild strain in a seed germination stage, so that the ABA tolerance of the plant in the seed germination stage can be improved by inhibiting the expression of the ERF012 gene, and a gene resource can be provided for molecular breeding for regulating and controlling the ABA tolerance of the plant.(ZH) 本发明属于植物基因工程技术领域，具体涉及拟南芥ERF012基因在调控种子萌发中的应用。本发明通过基因工程技术、农杆菌花序侵染法转化野生型拟南芥，获得了ERF012基因的超表达和突变体株系，首次验证并公开了ERF012基因调控种子萌发的功能。本发明通过将抑制ERF012基因的CRISPR载体导入目的植物，得到其突变体转基因植物，其在种子萌发阶段对ABA耐受性较野生型株系较高，说明抑制ERF012基因表达能够提高植物种子萌发阶段对于ABA的耐受性，这能够为调控植物ABA耐受性分子育种提供基因资源。",,,,郑州芝麻知识产权代理事务所(普通合伙) 41173,
,,,,,,,,,,,,,,,,,,
CN431146863,202410429950.X,China,10.04.2024,118126150,04.06.2024,A,"C07K 14/415
					






C12N 15/29
					






C12N 15/84
					






A01H 5/12
					






A01H 5/04
					






A01H 6/54
					








C07K 14/415
					






C12N 15/29
					






C12N 15/84
					






A01H 5/12
					






A01H 5/04
					






A01H 6/54
					






View less classifications","C07K 14/415
					






C12N 15/8261
					






C12N 15/8216
					






C12N 15/8205
					








C07K 14/415
					






C12N 15/8261
					






C12N 15/8216
					






C12N 15/8205
					






View less classifications",NANJING AGRICULTURAL UNIVERSITY南京农业大学,XU DONGQING许冬清SONG ZHAOQING宋昭庆LIN HUAN林欢,,(EN) Application of GmSIG1 gene in regulation and control of soybean plant type(ZH) GmSIG1基因在调控大豆株型中的应用,"(EN) The invention discloses application of a GmSIG1 gene in regulation and control of a soybean plant type. A nucleotide sequence of the GmSIG1 gene is shown as SEQ ID NO. 1; the amino acid sequence of the soybean GmSIG1 protein is as shown in SEQ ID NO. 2. A mutant and an overexpression transgenic soybean strain are created for the GmSIG1 gene by utilizing a CRISPR-Cas9 gene editing technology, and compared with a wild type, the plant height of the GmSIG1 gene editing mutant soybean is reduced, and the plant height of the GmSIG1 transgenic soybean is increased; and the petiole included angle of the GmSIG1 gene editing mutant soybean is reduced, and the petiole angle of the GmSIG1 transgenic soybean is increased. Therefore, function deletion editing or overexpression of the GmSIG1 gene in the soybean is an effective way for changing the plant type of the plant, and the method has important production and theoretical significance on breeding of soybean dominant varieties and development of germplasm resources.(ZH) 本发明公开了GmSIG1基因在调控大豆株型中的应用，GmSIG1基因的核苷酸序列如SEQ ID NO.1所示；大豆GmSIG1蛋白的氨基酸序列如SEQ ID NO.2所示。本发明通过对GmSIG1基因利用CRISPR‑Cas9基因编辑技术创制突变体和创制过量表达转基因大豆株系，与野生型相比，GmSIG1基因编辑突变体大豆株高降低、GmSIG1转基因大豆的株高增加；而GmSIG1基因编辑突变体大豆叶柄夹角减小、GmSIG1转基因大豆的叶柄角度增大。因此，在大豆中进行GmSIG1基因的功能缺失编辑或者过量表达是改变植物株型的有效方式，对大豆优势品种的选育及种质资源的开发具有重要的生产和理论意义。",,,,南京天华专利代理有限责任公司 32218南京天华专利代理有限责任公司 32218,
,,,,,,,,,,,,,,,,,,
,,,,,,,,,,,,,,,,,,
,,,,,,,,,,,,,,,,,,
CN441690782,202411169010,China,23.08.2024,118773248,15.10.2024,A,"C12N 15/82
					






C12N 15/29
					






A01H 5/00
					






A01H 6/82
					








C12N 15/82
					






C12N 15/29
					






A01H 5/00
					






A01H 6/82
					






View less classifications","C12N 15/8283
					






C12N 15/8218
					






C07K 14/415
					








C12N 15/8283
					






C12N 15/8218
					






C07K 14/415
					






View less classifications","INSTITUTE OF PLANT PROTECTION, CHINESE ACADEMY OF AGRICULTURAL SCIENCES中国农业科学院植物保护研究所",LI FANGFANG李方方CHEN YALIN陈雅琳ZHOU XUEPING周雪平,,(EN) Application of PEX16 gene in regulation and control of plant virus resistance and transgenic plant cultivation method(ZH) PEX16基因在调控植物抗病毒中的应用及转基因植物培育方法,"(EN) The invention discloses an application of a PEX16 gene in regulation and control of plant virus resistance and a transgenic plant cultivation method, the virus is cucumber green mottle mosaic virus, and a transcript sequence of the PEX16 gene is shown as SEQ ID NO: 1; the plant is nicotiana benthamiana. According to the invention, a nicotiana benthamiana pex16 gene mutant plant obtained by mutation of the PEX16 gene through a CRISPR/Cas9 technology can significantly inhibit infection of the cucumber green mottle mosaic virus.(ZH) 本发明公开了一种PEX16基因在调控植物抗病毒中的应用及转基因植物培育方法，所述病毒为黄瓜绿斑驳花叶病毒，PEX16基因的转录本序列如SEQ ID NO:1所示；所述植物为本氏烟。本发明通过CRISPR/Cas9技术将PEX16基因进行突变获得的本氏烟pex16基因突变体植株能够显著抑制黄瓜绿斑驳花叶病毒的侵染。",,,,北京东方尚禾专利代理事务所(特殊普通合伙) 11844北京东方尚禾专利代理事务所(特殊普通合伙) 11844,
,,,,,,,,,,,,,,,,,,
CN223068417,201711351623,China,15.12.2017,108220328,29.06.2018,A,"C12N 15/82
					






C12N 9/22
					






A01H 5/00
					






A01H 6/82
					






C12Q 1/686
					








C12N 15/82
					






C12N 9/22
					






A01H 5/00
					






A01H 6/82
					






C12Q 1/686
					






View less classifications","C12N 9/22
					






C12N 15/8213
					






C12Q 1/686
					








C12N 9/22
					






C12N 15/8213
					






C12Q 1/686
					






View less classifications",ZHENGZHOU TOBACCO RESEARCH INSTITUTE OF CNTC中国烟草总公司郑州烟草研究院HENAN UNIVERSITY河南大学,WANG RAN王燃MIAO YUCHEN苗雨晨GUO JINGGONG郭敬功LI KUN李坤JIN LIFENG金立锋WEI PAN魏攀WANG ZHONG王中QI CHAOYA祁超亚ZHANG LIN张林LI FENG李锋,,(EN) Method for identifying homozygous mutant edited by genome(ZH) 一种鉴定基因组编辑纯合突变体的方法,"(EN) The invention belongs to the technical field of molecular biology, particularly relates to a simple, convenient and rapid method for screening and identifying a homozygous mutant built by utilizing agenome editing technique. The method is used for screening and identifying the homozygous mutant built by utilizing a CRISPR(clustered regularly inter-spaced palindromic repeats and its associated proteins) /Cas9 system, and comprises the steps of building a CRISPR/Cas9 system carrier, conversion of a plant material, screening the homozygous mutant by utilizing MSBSP(mutation sites based specificprimers)-PCR (polymerase chain reaction) and the like. According to the main technical thoughts of the method, in the mutants built by utilizing the CRISPR/Cas9 system, a less amount of products or even no product is obtained in the PRC compared with a wild type of DNA. On the other hand, two rounds of PCR are adopted in the method, the product obtained in the first round of PCR serves as a template of the second round of PCR, the influence of genome DNA complexity on the product can be avoided, and the efficiency by using the PCR method to identify the mutant created by the CRISPR/Cas9 systemis improved.(ZH) 本发明属于分子生物学技术领域，具体涉及一种简便、快速的筛选、鉴定利用基因组编辑技术创建的纯合突变体的方法。该方法用于筛选与鉴定利用CRISPR/Cas9系统创建的纯合突变体，包括构建CRISPR/Cas9系统载体、转化植物体、利用MSBSP‑PCR筛选纯合突变体等步骤。本申请主要技术思路为：CRISPR/Cas9系统创制的突变体中，相比较于野生型的DNA，PCR反应获得少量的产物或者不能得到产物。另一方面，本申请采用的是两轮PCR，第一轮PCR的产物作为第二轮PCR的模板，可以避免基因组DNA复杂性对产物的影响，提高了PCR方法鉴定CRISPR/Cas9系统创制突变体的效率。",,,,郑州联科专利事务所(普通合伙) 41104,
CN428115147,202410218614,China,28.02.2024,117887901,16.04.2024,A,"C12Q 1/70
					






C12Q 1/6844
					






C12N 15/11
					






C12R 1/93
					








C12Q 1/70
					






C12Q 1/6844
					






C12N 15/11
					






C12R 1/93
					






View less classifications","C12Q 1/707
					






C12Q 1/6844
					






Y02A 50/30
					








C12Q 1/707
					






C12Q 1/6844
					






Y02A 50/30
					






View less classifications","SHANGHAI NORMAL UNIVERSITY上海师范大学SHANGHAI TOLO BIOTECHNOLOGY CO., LTD.上海吐露港生物科技有限公司SHANGHAI CUSTOMS ANIMAL, PLANT AND FOOD INSPECTION AND QUARANTINE TECHNOLOGY CENTER上海海关动植物与食品检验检疫技术中心",ZHAO YU赵渝LI QIANQIAN李倩倩WANG JIN王金GUO DEHUA郭德华XUE JUNXIN薛俊欣YANG JIELIN杨捷琳,,(EN) One-tube method for detecting food-borne hepatitis A virus by combining CRISPR/Cas12a and RT-LAMP(ZH) 结合CRISPR/Cas12a和RT-LAMP的用于检测食源性甲肝病毒的一管式方法,"(EN) The invention relates to a one-tube method for detecting food-borne hepatitis A virus by combining CRISPR/Cas12a and RT-LAMP, which comprises the following specific steps: S1, configuring an RT-LAMP reaction system in a reaction tube, adding a sample to be detected into the reaction tube, additionally arranging an oil seal in the reaction tube, and configuring a CRISPR/Cas12a system comprising an ssDNA fluorescent probe with an FAM fluorophore on a tube cover of the reaction tube; s2, performing isothermal amplification on the tube bottom of the reaction tube to obtain an amplified gene segment; s3, mixing the RT-LAMP reaction system of which the tube bottom amplification is finished with the CRISPR/Cas12a system of the tube cover; and S4, collecting the intensity of the fluorescence signal in the mixed reaction tube, when the intensity of the fluorescence signal in the reaction tube is increased, determining that the to-be-detected sample contains the hepatitis A virus, and when the intensity of the fluorescence signal in the reaction tube is unchanged, determining that the to-be-detected sample does not contain the hepatitis A virus.(ZH) 本发明涉及一种结合CRISPR/Cas12a和RT‑LAMP的用于检测食源性甲肝病毒的一管式方法，具体步骤如下：S1、于反应管管内配置RT‑LAMP反应体系，将待测样本加入反应管管内，并于反应管内加装油封，于反应管管盖配置CRISPR/Cas12a体系，包括带有FAM荧光基团的ssDNA荧光探针；S2、反应管管底进行恒温扩增，得到扩增后的基因片段；S3、将管底扩增结束的RT‑LAMP反应体系与管盖的CRISPR/Cas12a体系混合；S4、采集混合后的反应管内的荧光信号强度，当反应管内荧光信号强度增加时，待测样本内含有甲肝病毒，当反应管内荧光信号强度未变时，待测样本内不含有甲肝病毒。",,,,上海科盛知识产权代理有限公司 31225,
CN425359198,202311645972,China,04.12.2023,117625682,01.03.2024,A,"C12N 15/84
					






C12N 15/113
					






C12N 15/40
					






A01H 5/00
					






A01H 6/82
					








C12N 15/84
					






C12N 15/113
					






C12N 15/40
					






A01H 5/00
					






A01H 6/82
					






View less classifications","C12N 15/8283
					






C12N 15/8205
					






C12N 15/1131
					






C07K 14/005
					






C12N 2310/20
					








C12N 15/8283
					






C12N 15/8205
					






C12N 15/1131
					






C07K 14/005
					






C12N 2310/20
					






View less classifications",WEST (CHONGQING) SCIENCE CITY GERMPLASM CREATION AND SYSTEM BIG SCIENCE CENTER西部（重庆）科学城种质创制大科学中心SOUTHWEST UNIVERSITY西南大学,LYU DIANQIU吕典秋JU XISAN琚熙三ZHANG HANYUE张瀚月ZHOU YONGHONG周永洪,,(EN) Method for improving potato PSTVd resistance based on CRISPR-RfxCas13d system and product and application thereof(ZH) 基于CRISPR-RfxCas13d系统提高马铃薯PSTVd抗性的方法及其产品和应用,"(EN) The invention discloses a method for improving potato PSTVd resistance based on a CRISPR-RfxCas13d system as well as a product and application thereof, and belongs to the technical field of plant biology.A crRNA sequence targeting a PSTVd sequence shown in SEQ ID No.2 or SEQ ID No.5 or targeting a PSTVd sequence shown in SEQ ID No.6-9 at the same time is designed, then a CRISPR-RfxCas13d editing system carrier is constructed, the CRISPR-RfxCas13d editing system can directionally shear RNA of potato spindle tuber viroid PSTVd under mediation of crRNA, and the CRISPR-RfxCas13d editing system can be used for improving the PSTVd resistance of potatoes. The accumulation amount of PSTVd mature bodies and vd-sRNA in the potatoes is reduced, so that the pathogenicity of the PSTVd is reduced, the symptoms of the potatoes caused by the PSTVd are relieved, and the PSTVd resistance of the potatoes is improved.(ZH) 本发明公开了一种基于CRISPR‑RfxCas13d系统提高马铃薯PSTVd抗性的方法及其产品和应用，属于植物生物技术领域，本发明设计了靶向SEQ ID No.2或SEQ ID No.5或同时靶向SEQ ID No.6～9所示的PSTVd序列的crRNA序列，然后构建CRISPR‑RfxCas13d编辑系统载体，CRISPR‑RfxCas13d编辑系统在crRNA介导下可以定向剪切马铃薯纺锤块茎类病毒PSTVd的RNA，降低了马铃薯内PSTVd成熟体和vd‑sRNA的积累量，从而降低了PSTVd的致病力，减轻了马铃薯由于PSTVd产生的病征，提高了马铃薯PSTVd抗性。",,,,重庆航图知识产权代理事务所(普通合伙) 50247,
CN418694201,202210662170,China,13.06.2022,117264947,22.12.2023,A,"C12N 15/113
					






C12N 9/22
					






C12N 15/66
					






C12N 15/29
					






C12N 15/82
					






C12N 15/84
					






View more classifications
							






C12N 15/113
					






C12N 9/22
					






C12N 15/66
					






C12N 15/29
					






C12N 15/82
					






C12N 15/84
					






A01H 5/00
					






A01H 6/74
					






View less classifications","C12N 15/113
					






C12N 9/22
					






C12N 15/66
					






C07K 14/415
					






C12N 15/8218
					






C12N 15/8205
					






View more classifications
							






C12N 15/113
					






C12N 9/22
					






C12N 15/66
					






C07K 14/415
					






C12N 15/8218
					






C12N 15/8205
					






C12N 15/8255
					






C12N 15/825
					






C12N 2310/20
					






C12N 2800/22
					






View less classifications",NANJING AGRICULTURAL UNIVERSITY南京农业大学,WU JUN吴俊MING MEILING明美玲LONG HONGJUN龙虹郡YE ZHICHENG叶志成CHEN JIALI陈佳丽TIAN RONG田荣SUN CONGRUI孙聪睿XUE YONGSONG薛雍松LI JIAMING李甲明ZHAO KEJIAO赵渴娇,,(EN) Pear CRISPR/Cas9 gene editing system and application thereof(ZH) 一种梨CRISPR/Cas9基因编辑系统及其应用,"(EN) The invention discloses a pear CRISPR/Cas9 gene editing system and application thereof, and belongs to the technical field of plant genetic engineering. Comprising the following steps: selecting target genes; sgRNA (small guide Ribonucleic Acid) is designed; construction of a CRISPR/Cas9 gene editing carrier is carried out; genetic transformation of pear calluses; identifying and counting the editing efficiency of the CRISPR/Cas9 gene in the callus; and observing and analyzing the phenotype of the callus subjected to gene directional editing. According to the method, firstly, the editing efficiency of four different CRISPR/Cas9 expression systems in pear calluses is compared, so that a system with the editing efficiency up to 100% is screened out to carry out directional editing and functional verification on anthocyanin and lignin biosynthesis related genes in pears; and a more efficient, simple and convenient way is provided for gene function research and molecular genetic breeding in pears.(ZH) 本发明公开了一种梨CRISPR/Cas9基因编辑系统及其应用，属于植物基因工程技术领域。包括靶基因的选择；sgRNA的设计；CRISPR/Cas9基因编辑载体的构建；梨愈伤组织的遗传转化；愈伤组织中CRISPR/Cas9基因编辑效率的鉴定与统计；基因定向编辑的愈伤组织表型观察与分析。本发明首先比较了四种不同的CRISPR/Cas9表达系统在梨愈伤组织中的编辑效率，从而筛选出编辑效率高达100％的一个系统对梨中花青苷和木质素生物合成相关基因进行定向编辑和功能验证，为梨中基因功能研究和分子遗传育种提供了更高效简便的途径。",,,,南京天华专利代理有限责任公司 32218南京天华专利代理有限责任公司 32218,
,,,,,,,,,,,,,,,,,,
CN346614684,202111068942,China,13.09.2021,113817768,21.12.2021,A,"C12N 15/84
					






C12N 15/29
					






C12N 15/65
					






A01H 5/00
					






A01H 6/82
					








C12N 15/84
					






C12N 15/29
					






C12N 15/65
					






A01H 5/00
					






A01H 6/82
					






View less classifications","C12N 15/8289
					






C12N 15/8218
					






C12N 15/8212
					






C12N 15/8205
					






C12N 15/65
					






C07K 14/415
					








C12N 15/8289
					






C12N 15/8218
					






C12N 15/8212
					






C12N 15/8205
					






C12N 15/65
					






C07K 14/415
					






View less classifications",HUNAN HYBRID RICE RESEARCH CENTER湖南杂交水稻研究中心,SONG SHUFENG宋书锋LI LI李莉ZHANG LONGHUI张龙辉QIU MUDAN邱牡丹LI YIXING李懿星WANG TIANKANG王天抗DONG HAO董皓LI LEI李磊,,"(EN) Method for improving thermo-sensitive sterile rice line, application and recombinant vector(ZH) 改良水稻温敏不育系的方法及应用和重组载体","(EN) The invention discloses a method for improving a thermo-sensitive sterile rice line. The method comprises the following steps of obtaining a completely sterile rice plant with homozygous mutation of a fertility regulation gene by combining with a CRISPR/Cas9 method; constructing a wild type fertility regulation gene, an exogenous reporter gene, a pollen lethal gene and a thermo-sensitive sterile restorer gene into an expression vector to obtain a quaternary complementary vector; transforming the quaternary complementary vector into the completely sterile rice plant to obtain a transgenic complementary plant with restored fertility; and carrying out selfing on the transgenic complementary plant to obtain seeds, taking the seeds showing the exogenous reporter gene characters as reproductive line seeds, and taking the seeds not showing the characters as sterile line seeds. The invention discloses an application of the improved thermo-sensitive sterile rice line in rice hybrid seed production. The invention also discloses a recombinant vector. According to the invention, the problem that the fertility of two sterile lines is influenced by the environment and rice lodging is caused can be fundamentally solved, and the transition from two-line hybrid rice to third-generation hybrid rice is realized.(ZH) 本发明公开了改良水稻温敏不育系的方法，包括：结合CRISPR/Cas9方法，获取到育性调控基因纯合突变的完全不育水稻植株；将野生型育性调控基因、外源报告基因、花粉致死基因和温敏不育恢复基因构建入一个表达载体中，得到四元互补载体；将四元互补载体转化入完全不育水稻植株中，得到育性恢复的转基因互补植株；转基因互补植株自交获取种子，表现外源报告基因性状的种子作为繁殖系种子，未表现出性状的种子作为不育系种子。本发明公开了改良的水稻温敏不育系在水稻杂交制种中的应用。本发明还公开了重组载体。本发明可从根本上解决两系不育系育性受环境影响而打摆子的问题，实现两系杂交水稻到第三代杂交水稻的过渡。",,,,北京汇智胜知识产权代理事务所(普通合伙) 11346,
CN429513314,202410178459,China,09.02.2024,118028363,14.05.2024,A,"C12N 15/84
					






C12N 15/29
					






A01H 5/00
					






A01H 5/04
					






A01H 6/00
					








C12N 15/84
					






C12N 15/29
					






A01H 5/00
					






A01H 5/04
					






A01H 6/00
					






View less classifications","C12N 15/8261
					






C07K 14/415
					






Y02A 40/146
					








C12N 15/8261
					






C07K 14/415
					






Y02A 40/146
					






View less classifications",WEST (CHONGQING) SCIENCE CITY GERMPLASM CREATION AND SYSTEM BIG SCIENCE CENTER西部（重庆）科学城种质创制大科学中心SOUTHWEST UNIVERSITY西南大学,WEI HONGBIN魏洪彬CHENG HONGLI程泓莉WU FEI'ER吴菲儿LU JUN卢君XU JINYI徐锦怡LUO KEMING罗克明,,(EN) Application of PtoPIF3.2 gene of populus tomentosa in promoting plant growth and xylem development(ZH) 毛白杨PtoPIF3.2基因在促进植株生长和木质部发育中的应用,"(EN) The invention discloses application of a populus tomentosa PtoPIF3.2 gene in promoting plant growth and xylem development. The nucleotide sequence of the PtoPIF3.2 gene is shown as SEQ ID No.2. Compared with a wild type, transgenic populus tomentosa with over-expression of PtoPIF3.2 has the advantages that the plant height and stem diameter are increased, and the xylem is obviously increased; ptoPIF3.2 or a homologous gene PtoPIF3.1 of the PtoPIF3.2 is knocked out through CRISPR/Cas9, and compared with a wild type, the mutant poplar has the advantages that the plant height is reduced, the stem diameter is reduced, and the xylem is also remarkably reduced. The result shows that the PtoPIF3.1 and the PtoPIF3.2 are important positive regulatory factors for promoting the growth of the poplar and the development of the xylem. The invention provides a new gene source for regulating and controlling tree height and wood development, and has important application value in the field of forest tree gene engineering.(ZH) 本发明公开了毛白杨PtoPIF3.2基因在促进植株生长和木质部发育中的应用，PtoPIF3.2基因的核酸序列如SEQ ID No.2所示，过量表达PtoPIF3.2的转基因毛白杨与野生型比较，株高和茎粗增加，木质部显著增加；通过CRISPR/Cas9敲除PtoPIF3.2或其同源基因PtoPIF3.1，突变体杨树与野生型比较，株高降低，茎粗减少，木质部也显著减少。上述结果说明PtoPIF3.1和PtoPIF3.2是促进杨树生长及木质部发育的重要正调节因子。本发明为调控树木株高和木材发育提供了新的基因源，在林木基因工程领域有重要应用价值。",,,,重庆航图知识产权代理事务所(普通合伙) 50247,
CN438248373,202410643856,China,23.05.2024,118531048,23.08.2024,A,"C12N 15/82
					






C12N 15/54
					






A01H 6/54
					






A01H 5/00
					








C12N 15/82
					






C12N 15/54
					






A01H 6/54
					






A01H 5/00
					






View less classifications","C12N 15/8261
					






C12N 15/8218
					






C12N 9/1007
					






C12Y 201/01037
					






Y02A 40/146
					








C12N 15/8261
					






C12N 15/8218
					






C12N 9/1007
					






C12Y 201/01037
					






Y02A 40/146
					






View less classifications",NORTHEAST AGRICULTURAL UNIVERSITY东北农业大学,YANG MINGLIANG杨明亮WANG JINHUI王锦辉XIN DAWEI辛大伟XU CHANG徐畅CHEN QINGSHAN陈庆山LIU CHUNYAN刘春燕WANG YUE王悦MA SHENGNAN马胜男MA CHAO马超,,(EN) Application of knockout soybean GmDMEb gene in increasing soybean plant branch number and increasing soybean yield(ZH) 敲除大豆GmDMEb基因在增加大豆植株分枝数及提高大豆产量中的应用,"(EN) The invention discloses application of a knockout soybean GmDMEb gene in increasing the number of soybean plant branches and increasing the soybean yield, and belongs to the technical field of gene engineering. In order to excavate a gene capable of regulating and controlling the branching number of a soybean plant, construct an ideal soybean plant type and increase the yield of the soybean, a soybean GmDMEb gene knockout vector is constructed by utilizing a CRISPR-Cas9 system, the vector is utilized to convert agrobacterium and infect the soybean to obtain a transgenic soybean with the GmDMEb gene knockout, and the GmDMEb gene knockout can increase the branching number of the soybean plant and improve the yield of the soybean. And the soybean yield can be improved. The invention provides a theoretical basis for creating dominant soybeans and breeding high-yield soybean varieties, and has important theoretical significance and application value.(ZH) 敲除大豆GmDMEb基因在增加大豆植株分枝数及提高大豆产量中的应用，属于基因工程技术领域。为了挖掘能够调控大豆植株分枝数的基因，构建大豆理想株型、提高大豆产量，本发明利用CRISPR‑Cas9系统构建了大豆GmDMEb基因敲除载体，利用该载体转化农杆菌，然后侵染大豆获得了GmDMEb基因敲除的转基因大豆，证实了敲除GmDMEb基因能够增加大豆植株分枝数，并且能够提高大豆产量。本发明为创制优势大豆和大豆高产品种选育提供理论依据，具有重要理论意义和应用价值。",,,,哈尔滨市阳光惠远知识产权代理有限公司 23211,
,,,,,,,,,,,,,,,,,,
CN425953501,202311665548,China,06.12.2023,117660520,08.03.2024,A,"C12N 15/82
					






C12N 15/113
					






C12N 15/29
					






A01H 5/00
					






A01H 5/02
					






A01H 6/20
					








C12N 15/82
					






C12N 15/113
					






C12N 15/29
					






A01H 5/00
					






A01H 5/02
					






A01H 6/20
					






View less classifications","C12N 15/8261
					






C12N 15/827
					






C12N 15/8216
					






C12N 15/113
					






C07K 14/415
					






C12N 2310/20
					








C12N 15/8261
					






C12N 15/827
					






C12N 15/8216
					






C12N 15/113
					






C07K 14/415
					






C12N 2310/20
					






View less classifications",HUAZHONG AGRICULTURAL UNIVERSITY华中农业大学,GUO LIANG郭亮PENG YAN彭妍DAI CHENG戴成LIU RUIFAN刘瑞帆,,(EN) Application of BnaSPL14 gene in cultivation of multi-branch high-yield transgenic plant(ZH) BnaSPL14基因在培育多分枝高产转基因植物中的应用,"(EN) The invention relates to an application of a BnaSPL14 gene in cultivation of a multi-branch high-yield transgenic plant, which specifically comprises the following steps: editing the BnaSPL14 gene of brassica napus by using a CRISPR/Cas9 system to obtain a high-yield rape germplasm resource with advanced flowering phase, increased one-time branch number and obviously increased single plant yield. It is proved that the BnaSPL14 can regulate and control the number of branches at a time, the basic agronomic traits of the plant height are not obviously changed, however, the flowering phase is advanced by 4-6 days, the number of branches is increased by 6-10, and the yield of a single plant is obviously increased compared with that of an acceptor material. The yield of a single plant of a selfed progeny is still obviously higher than that of an unedited acceptor material, the number of branches is increased, the basic agronomic character is excellent, a new germplasm resource is provided for high-yield breeding of the brassica napus, and meanwhile, the method has a wide application prospect in molecular design breeding of the brassica napus.(ZH) 本发明涉及BnaSPL14基因在培育多分枝高产转基因植物中的应用，具体包括利用CRISPR/Cas9系统对甘蓝型油菜BnaSPL14基因进行编辑，获得花期提前、一次分枝数增加、单株产量显著增加的高产油菜种质资源。证明BnaSPL14能够调控一次分枝数目，其株高等基本农艺性状无明显改变，但花期提前4‑6天，分枝数增加6‑10个，单株产量相比受体材料显著增加。其自交后代单株产量仍显著高于未编辑的受体材料且分枝数增加，基本农艺性状优良，为甘蓝型油菜高产育种提供了新的种质资源，同时在油菜分子设计育种中具有广阔的应用前景。",,,,武汉集源知识产权代理事务所(普通合伙) 42316,
,,,,,,,,,,,,,,,,,,
,,,,,,,,,,,,,,,,,,
,,,,,,,,,,,,,,,,,,
CN321339794,202011538862,China,23.12.2020,112538496,23.03.2021,A,"C12N 15/80
					






C12N 15/113
					






C12N 1/15
					






C12R 1/645
					








C12N 15/80
					






C12N 15/113
					






C12N 1/15
					






C12R 1/645
					






View less classifications","C12N 15/80
					






C12N 15/1137
					






C12N 9/00
					






C12N 2310/20
					








C12N 15/80
					






C12N 15/1137
					






C12N 9/00
					






C12N 2310/20
					






View less classifications",GUANGDONG INSTITUTE OF MICROBIOLOGY (GUANGDONG DETECTION CENTER OF MICROBIOLOGY )广东省微生物研究所（广东省微生物分析检测中心）,YE WEI叶伟ZHANG WEIMIN章卫民ZHU MUZI朱牧孜CEN YOUFEI岑由飞LI SAINI李赛妮LIU HONGXIN刘洪新LI HAOHUA李浩华,,(EN) CRISPR/Cas9 vector suitable for myrothecium roridum A553 as well as construction method and application of CRISPR/Cas9 vector(ZH) 一种适用于露湿漆斑菌A553的CRISPR/Cas9载体及其构建方法和应用,"(EN) The invention discloses a CRISPR (Clustered Regularly Interspaced Short Palindromic Repeats)/Cas9 vector suitable for myrothecium roridum A553 as well as a construction method and application of the CRISPR/Cas9 vector. The CRISPR/Cas9 vector suitable for the plant endophytic fungus myrothecium roridum A553 is constructed, the key biosynthetic gene Tri18 of the novel trichothecene is knocked out, the function of the target gene is further verified through metabolite contrastive analysis, a molecular biological foundation is laid for later analysis of trichothecenes biomachine synthesis in the myrothecium roridum A553, and the development and utilization of the trichothecenes compounds in the aspect of lead compounds of antitumor drugs are promoted.(ZH) 本发明公开了一种适用于露湿漆斑菌A553的CRISPR/Cas9载体及其构建方法和应用。本发明构建了适用于植物内生真菌露湿漆斑菌A553的CRISPR/Cas9载体，并对新型单端孢霉烯的关键生物合成基因Tri18进行敲除，并通过代谢产物对比分析进一步验证目的基因的功能，为后期解析露湿漆斑菌A553中单端孢霉烯trichothecenes生物机合成制奠定分子生物学基础，促进trichothecenes类化合物在抗肿瘤药物先导化合物方面的开发利用。",,,,广州科粤专利商标代理有限公司 44001广州科粤专利商标代理有限公司 44001,
CN428735721,202311784843,China,24.12.2023,117925448,26.04.2024,A,"C12N 1/20
					






C12Q 1/689
					






C12Q 1/6844
					






C12N 15/11
					






C12R 1/01
					








C12N 1/20
					






C12Q 1/689
					






C12Q 1/6844
					






C12N 15/11
					






C12R 1/01
					






View less classifications","C12N 1/205
					






C12Q 1/689
					






C12Q 1/6844
					






C12R 2001/01
					








C12N 1/205
					






C12Q 1/689
					






C12Q 1/6844
					






C12R 2001/01
					






View less classifications","HUBEI BIOPESTICIDE ENGINEERING RESEARCH CENTER湖北省生物农药工程研究中心INSTITUTE OF PLANT PROTECTION, CHINESE ACADEMY OF AGRICULTURAL SCIENCES中国农业科学院植物保护研究所",HU HONGTAO胡洪涛XU JINGXIA许婧霞GONG YAN龚艳WANG QI王麒WANG QIUXIA王秋霞ZHANG XINGZHONG张兴中LI KUI李奎YAN DONGDONG颜冬冬YI JUPING易菊平,,"(EN) Low-temperature specific ralstonia solanacearum, specific fragment and application(ZH) 低温特异性生姜青枯菌、特异性片段及应用","(EN) The invention belongs to the technical field of agricultural microbiology, and discloses low-temperature specific ralstonia solanacearum, a specific fragment and application. The bacterial strain is obtained by identifying Laifeng ginger, and has intraspecific specificity and genome difference with the bacterial strain of ralstonia solanacearum reported at present. The invention further provides an RPA (recombinase polymerase amplification) amplification system and a CRISPR/Cas12a (clustered regularly interspaced short palindromic repeats/CRISPR associated 12a) detection system for rapidly detecting the strain. According to the method, an RPA (recombinase polymerase amplification) technology and a CRISPR/Cas12a (clustered regularly interspaced short palindromic repeats/CRISPR/Cas12a) system are combined for use to develop a novel RPA-CRISPR/Cas12a molecular diagnosis mode, a target fragment is amplified at the constant temperature of 39 DEG C, a detection site is designed aiming at the ralstonia solanacearum, and a detection result is presented in a test strip mode. According to the method, the disease is rapidly and effectively detected on a base layer through simple experimental equipment and operation, rapid distinguishing between susceptible ginger and healthy ginger is achieved, and the loss of the ginger industry is reduced.(ZH) 本发属于农业微生物学技术领域，公开了低温特异性生姜青枯菌、特异性片段及应用。该菌株为来凤生姜鉴定所得，与现有报道的青枯菌的菌株存在种内特异性和基因组差异。本发明进一步提供过了用于对该菌株快速检测的RPA扩增体系和CRISPR/Cas12a检测体系。该方法将RPA技术与CRISPR/Cas12a系统联合使用开发RPA‑CRISPR/Cas12a新型分子诊断方式，通过39℃恒温扩增目的片段，针对该青枯菌设计检测位点，将检测结果通过试纸条的方式呈现。该方法通过简单的实验器材和操作实现在基层快速、有效的对该病均进行检测，实现感病和健康生姜的快速区分，减少生姜产业的损失。",,,,武汉宇晨专利事务所(普通合伙) 42001,
,,,,,,,,,,,,,,,,,,
,,,,,,,,,,,,,,,,,,
,,,,,,,,,,,,,,,,,,
CN438250681,202410697791,China,31.05.2024,118531053,23.08.2024,A,"C12N 15/82
					






C07K 14/415
					






C12N 15/29
					






A01H 5/00
					






A01H 6/46
					








C12N 15/82
					






C07K 14/415
					






C12N 15/29
					






A01H 5/00
					






A01H 6/46
					






View less classifications","C12N 15/8261
					






C12N 15/8218
					






C07K 14/415
					






Y02A 40/146
					








C12N 15/8261
					






C12N 15/8218
					






C07K 14/415
					






Y02A 40/146
					






View less classifications",CHINA AGRICULTURAL UNIVERSITY中国农业大学,ZHU ZUOFENG朱作峰HE WEI何苇CHANG LEQIN常乐钦WU WENGUANG吴问广NING JING宁静SUN CHUANQING孙传清,,"(EN) Application of OsCCT22 and coding gene thereof in regulation and control of heading period, plant height and yield of rice(ZH) OsCCT22及其编码基因在调控水稻的抽穗期、株高与产量中的应用","(EN) The invention discloses application of OsCCT22 and a coding gene thereof in regulation and control of heading period, plant height and yield of rice. The OsCCT22 disclosed by the invention is a protein of which the amino acid sequence is SEQ ID No. 1. A CRISPR/cas9 gene editing method is utilized to edit the OsCCT22 gene in the rice to obtain an OsCCT22 gene editing strain, the heading period of a rice mutant obtained after the OsCCT22 gene is edited is shortened, the plant height is reduced, and the yield is improved, which shows that the OsCCT22 gene and the OsCCT22 protein thereof can simultaneously regulate and control the heading period, the plant height and the yield of the rice, and the application prospect is very good.(ZH) 本发明公开了OsCCT22及其编码基因在调控水稻的抽穗期、株高与产量中的应用。本发明公开的OsCCT22为氨基酸序列是SEQ ID No.1的蛋白质。本发明利用CRISPR/cas9基因编辑方法对水稻中OsCCT22基因进行编辑，获得OsCCT22基因编辑株系，OsCCT22基因被编辑后所得水稻突变体的抽穗期缩短、株高降低、产量提高，说明OsCCT22基因及其OsCCT22蛋白质可以同时调控水稻的抽穗期、株高与产量，本发明具有很好的应用前景。",,,,北京纪凯知识产权代理有限公司 11245,
CN393834652,202210260018,China,16.03.2022,115747352,07.03.2023,A,"C12Q 1/689
					






C12Q 1/6844
					






C12Q 1/04
					






C12N 15/11
					








C12Q 1/689
					






C12Q 1/6844
					






C12Q 1/04
					






C12N 15/11
					






View less classifications","Y02A 50/30
					








Y02A 50/30
					






View less classifications","SHANGHAI CUSTOMS ANIMAL, PLANT AND FOOD INSPECTION AND QUARANTINE TECHNOLOGY CENTER上海海关动植物与食品检验检疫技术中心",JIANG YUAN蒋原YANG JIELIN杨捷琳SHEN JINLING申进玲XUE JUNXIN薛俊欣LI JIAN李健,,(EN) CRISPR/Cas12a primer and kit for detecting campylobacter jejuni and use method of CRISPR/Cas12a primer and kit(ZH) 一种用于空肠弯曲杆菌检测的CRISPR/Cas12a引物、试剂盒及其使用方法,"(EN) The invention discloses a CRISPR (clustered regularly interspaced short palindromic repeats)/Cas12a (CRISPR/Cas12a) primer for detecting campylobacter jejuni, a kit and a use method of the CRISPR/Cas12a primer. The CRISPR/Cas12a primer comprises sequences as shown in SEQ ID NO.1 and SEQ ID NO.2, and the kit comprises the CRISPR/Cas12a primer, crRNA or a crRNA preparation reagent, a nucleic acid amplification reagent, a probe and Cas12a enzyme. The kit and the use method thereof have the advantages of rapidness, strong specificity, high sensitivity and the like in detection of Shigella, no special instrument is needed in the detection process, and the kit and the use method have important application value in the fields of disease monitoring, clinical diagnosis, food safety monitoring and the like.(ZH) 本发明公开了一种用于空肠弯曲杆菌检测的CRISPR/Cas12a引物、试剂盒及其使用方法，所述CRISPR/Cas12a引物包括如SEQ ID NO.1和SEQ ID NO.2所示的序列，所述试剂盒包括CRISPR/Cas12a引物、crRNA或crRNA制备试剂、核酸扩增试剂、探针和Cas12a酶。本发明的试剂盒及其使用方法对于志贺氏菌的检测具有快速、特异性强和灵敏度高等优点，其检测过程不需要特殊仪器,在疾病监测、临床诊断和食品安全监测等领域具有重要的应用价值。",,,,上海领誉知识产权代理有限公司 31383,
CN398503042,202211406558,China,10.11.2022,116103443,12.05.2023,A,"C12Q 1/70
					






C12Q 1/6844
					






C12N 15/11
					






C12R 1/93
					








C12Q 1/70
					






C12Q 1/6844
					






C12N 15/11
					






C12R 1/93
					






View less classifications","C12Q 1/701
					






C12Q 1/6844
					






Y02A 50/30
					








C12Q 1/701
					






C12Q 1/6844
					






Y02A 50/30
					






View less classifications","SHANGHAI CUSTOMS ANIMAL, PLANT AND FOOD INSPECTION AND QUARANTINE TECHNOLOGY CENTER上海海关动植物与食品检验检疫技术中心",XUE JUNXIN薛俊欣HAN WEI韩伟FAN YANLI樊彦莉FENG ZHIHANG冯之航LIN YINGZHENG林颖峥LI JIAN李健XIONG WEI熊炜CAI YICUN蔡一村ZHANG QIANG张强,,"(EN) Primer group, kit and detection method for CRISPR (clustered regularly interspaced short palindromic repeats) detection of PRRSV (porcine reproductive and respiratory syndrome virus) pedigree 1C variant(ZH) 用于PRRSV谱系1C变异株CRISPR检测的引物组、试剂盒及其检测方法","(EN) The invention relates to a primer group, a kit and a detection method for CRISPR (clustered regularly interspaced short palindromic repeats) detection of a PRRSV (porcine reproductive and respiratory syndrome virus) pedigree 1C variant. Specifically, the invention provides a primer group for CRISPR (clustered regularly interspaced short palindromic repeats) detection of a PRRSV (porcine reproductive and respiratory syndrome virus) pedigree 1C variant. The primer group comprises nucleic acid amplification primer pairs with sequences shown as SEQ ID NO.1 and SEQ ID NO.2. The invention further provides a method for detecting CRISPR of the PRRSV pedigree 1C variant. The primer group disclosed by the invention can be used for CRISPR detection of the PRRSV pedigree 1C variant, and the PRRSV pedigree 1C variant can be efficiently, sensitively and specifically detected by using a CRISPR/Cas12a detection method.(ZH) 本发明涉及用于PRRSV谱系1C变异株CRISPR检测的引物组、试剂盒及其检测方法。具体地，本发明提供用于PRRSV谱系1C变异株CRISPR检测的引物组所述引物组包括：如SEQ ID NO.1和SEQ ID NO.2所示序列的核酸扩增引物对。本发明所述的引物组能够用于PRRSV谱系1C变异株CRISPR检测，使用CRISPR/Cas12a检测方法，能够高效、灵敏、特异性地检测PRRSV谱系1C变异株。",,,,上海领誉知识产权代理有限公司 31383,
,,,,,,,,,,,,,,,,,,
CN422931410,202311790309,China,25.12.2023,117511913,06.02.2024,A,"C12N 9/22
					






C12N 15/55
					






C12N 15/113
					






C12Q 1/6816
					






A61K 48/00
					








C12N 9/22
					






C12N 15/55
					






C12N 15/113
					






C12Q 1/6816
					






A61K 48/00
					






View less classifications","C12N 9/22
					






C12N 15/113
					






C12Q 1/6816
					






A61K 48/005
					






C12N 2310/20
					








C12N 9/22
					






C12N 15/113
					






C12Q 1/6816
					






A61K 48/005
					






C12N 2310/20
					






View less classifications","INSTITUTE OF MEDICINAL PLANT DEVELOPMENT, CHINESE ACADEMY OF MEDICAL SCIENCES中国医学科学院药用植物研究所",WU QING吴青HU KEPING胡克平,,(EN) Cas12a mutant and application thereof(ZH) Cas12a突变体及其应用,"(EN) The invention provides a Cas12a mutant and application thereof, the Cas12a mutant mainly comprises three point mutation proteins which are respectively H759A, K768A and K785A amino acid site mutations on wild type Cas12a, a CRISPR-Cas12a system (containing mutated Cas12a protein) can be applied to in-vivo and in-vitro gene editing to reduce the non-specific off-target effect on RNA in cells, can also be applied to molecular detection, and can be applied to the field of in-vivo and in-vitro gene editing to reduce the non-specific off-target effect of RNA in cells. According to the present invention, the mutation of the Cas12a protein is avoided, the occurrence of the error result in the detection is avoided, the CRISPR-Cas12a system (containing the mutation Cas12a protein) can be used in combination with the CRISPR-Cas13a without interfering with the CRISPR-Cas13a, and the CRISPR-Cas12a system is used for detecting two different target nucleic acids.(ZH) 本发明提供一种Cas12a突变体及其应用，主要包括三种点突变蛋白，分别为在野生型Cas12a上发生H759A、K768A、K785A氨基酸位点突变，本发明中的CRISPR‑Cas12a系统(含有突变的Cas12a蛋白)可应用于体内外基因编辑中，降低对细胞内RNA的非特异性脱靶效应，也可应用于分子检测中，避免检测中错误结果的出现，发明中的CRISPR‑Cas12a系统(含有突变的Cas12a蛋白)可实现与CRISPR‑Cas13a联合使用，互不干扰，用于检测两种不同的靶核酸。",,,,重庆阿尔法专利代理事务所(普通合伙) 50317,
,,,,,,,,,,,,,,,,,,
CN405747948,202310413087,China,18.04.2023,116555332,08.08.2023,A,"C12N 15/84
					






C12N 15/29
					






A01H 5/04
					






A01H 6/60
					






A01H 1/02
					








C12N 15/84
					






C12N 15/29
					






A01H 5/04
					






A01H 6/60
					






A01H 1/02
					






View less classifications","C12N 15/8261
					






C12N 15/8205
					






C07K 14/415
					






A01H 1/02
					






A01H 5/04
					






A01H 6/604
					






View more classifications
							






C12N 15/8261
					






C12N 15/8205
					






C07K 14/415
					






A01H 1/02
					






A01H 5/04
					






A01H 6/604
					






Y02A 40/146
					






View less classifications",ZHEJIANG UNIVERSITY浙江大学,ZHANG TIANZHEN张天真ZHANG JUN张军SI ZHANFENG司占峰HU YAN胡艳FANG LEI方磊,,(EN) Creation method of topping-free cotton germplasm(ZH) 一种免打顶棉花种质的创制方法,"(EN) The invention belongs to the technical field of plant genetic engineering, and particularly relates to a method for creating a topping-free cotton germplasm. The invention provides a method for creating a topping-free cotton material by using a CRISPR-Cas9 system. According to the method, a target site sgRNA specifically aiming at an early flowering and plant type gene GoDG is selected and stably expressed with Cas9 protein in cotton to obtain short cotton (small brocade) which terminates growth in advance. And hybridizing the small brocade with receptor cotton (wild type, WT) to obtain a new plant type of short fruit branches, short fruit branches and self-capping, and long fruit branches and self-capping. The method has the advantage that the topping-free cotton is created.(ZH) 本发明属于植物基因工程技术领域，具体涉及一种免打顶棉花种质的创制方法；本发明提供利用CRISPR‑Cas9系统创造免打顶棉花材料的方法。本发明的方法选取特异针对早花、株型基因GoDG的靶位点sgRNA，与Cas9蛋白在棉花内稳定表达，获得提前终止生长、矮小的棉花(小锦)。再利用小锦与受体棉花(野生型，WT)进行杂交后，获得短果枝、短果枝+自封顶、长果枝+自封顶新株型。该发明的优点在于创造免打顶棉花。",,,,杭州求是专利事务所有限公司 33200,
CN415205200,202311182619,China,13.09.2023,117050160,14.11.2023,A,"C07K 14/78
					






C12N 15/82
					






C12N 9/22
					






C12N 15/113
					






G16B 5/00
					








C07K 14/78
					






C12N 15/82
					






C12N 9/22
					






C12N 15/113
					






G16B 5/00
					






View less classifications","C07K 14/78
					






C12N 15/8218
					






C12N 9/22
					






C12N 15/113
					






G16B 5/00
					






C12N 2310/20
					








C07K 14/78
					






C12N 15/8218
					






C12N 9/22
					






C12N 15/113
					






G16B 5/00
					






C12N 2310/20
					






View less classifications","AQUELFY (SHANGHAI) MEDICAL BEAUTY CO., LTD.水剥离（上海）医疗美容有限公司",SHI HAIMING史海明,,(EN) Method for obtaining zero toxin type III collagen through plant gene editing based on feature engineering(ZH) 一种基于特征工程的植物基因编辑获取零毒素三型胶原蛋白的方法,"(EN) The invention discloses a method for obtaining zero toxin type III collagen through plant gene editing based on feature engineering, which comprises the following steps: determining a specific target of gene editing and features required to be used; performing data acquisition and preprocessing according to the target features; editing a target gene by using a CRISPR-Cas9 technology; and establishing a model to carry out protein analysis on the target after gene editing. The three-type collagen gene in the plant cell is successfully edited, and the toxicity-related structural domain is eliminated, so that the original collagen with potential toxicity becomes non-toxic, the possibility is provided for the safe application of the collagen in the fields of medicine, biological materials and the like, and the safety improvement of the protein is innovatively realized. Through accurate design of feature engineering, the target of gene editing is more accurate, and uncertainty possibly introduced by random editing is avoided.(ZH) 本发明公开了一种基于特征工程的植物基因编辑获取零毒素三型胶原蛋白的方法，包括，明确基因编辑的具体目标以及需要使用的特征；根据目标特征进行数据采集和预处理；使用CRISPR‑Cas9技术对目标基因编辑；建立模型对基因编辑后的目标进行蛋白质分析。本发明成功地编辑了植物细胞中的三型胶原蛋白基因，消除了与毒性相关的结构域，这使得原本有潜在毒性的胶原蛋白变得无毒，为其在医学和生物材料等领域的安全应用提供了可能，创新性地实现了蛋白质的安全性改进。通过特征工程的精确设计，使得基因编辑的目标更加准确，避免了随机编辑可能引入的不确定性。",,,,北京汇众通达知识产权代理事务所(普通合伙) 11622,
CN214230193,201710937465,China,30.09.2017,107828794,23.03.2018,A,"C12N 15/29
					






C07K 14/415
					






C12N 15/82
					






A01H 5/00
					






A01H 6/46
					








C12N 15/29
					






C07K 14/415
					






C12N 15/82
					






A01H 5/00
					






A01H 6/46
					






View less classifications","C12N 15/8213
					






C12N 15/8273
					






C07K 14/415
					








C12N 15/8213
					






C12N 15/8273
					






C07K 14/415
					






View less classifications",SHANGHAI AGROBIOLOGICAL GENE CENTER上海市农业生物基因中心,ZHANG ANNING张安宁LIU YI刘毅LIU GUOLAN刘国兰KONG DEYAN孔德艳LI TIANFEI李天菲YU XINQIAO余新桥LUO LIJUN罗利军,,"(EN) Rice salt-tolerant gene OsRR22 mutant, encoded amino acid sequence thereof, plant and making method of mutant(ZH) 一种水稻耐盐基因OsRR22突变体、其编码的氨基酸序列、植株及该突变体的创制方法","(EN) The invention relates to a rice salt-tolerant gene OsRR22 mutant, an encoded amino acid sequence thereof, a plant and a making method of the mutant, and belongs to the technical field of plant biology. A CRISPR/Cas9 technology is sued to edit self-selected rice variety WDR58 with rice salt-tolerant gene OsRR22 to obtain a rice salt-tolerant gene OsRR22 function deleted mutant new germplasm WDR58-cas-1 with important application values. The mutant can significantly increase the salt tolerance of rice, and can be applied to high-yielding salt-tolerant rice breeding.(ZH) 本发明涉及一种水稻耐盐基因OsRR22突变体、其编码的氨基酸序列及该突变体的创制方法。属于植物生物技术领域。本发明将自选育粳稻品种WDR58通过CRISPR/Cas9技术定点编辑了水稻耐盐基因OsRR22，获得了一个具有重要应用价值的水稻耐盐基因OsRR22功能缺失突变体新种质WDR58‑cas‑1。该突变体显著提高水稻的耐盐性，可以应用于水稻的高产、耐盐育种。",,,,北京科亿知识产权代理事务所(普通合伙) 11350,
CN442616183,202411241746,China,05.09.2024,118835004,25.10.2024,A,"C12Q 1/70
					






C12Q 1/6844
					






C12N 15/11
					






C12R 1/93
					








C12Q 1/70
					






C12Q 1/6844
					






C12N 15/11
					






C12R 1/93
					






View less classifications","C12Q 1/701
					






C12Q 1/6844
					






C12Q 2600/16
					






Y02A 50/30
					








C12Q 1/701
					






C12Q 1/6844
					






C12Q 2600/16
					






Y02A 50/30
					






View less classifications","SHANGHAI CUSTOMS ANIMAL, PLANT AND FOOD INSPECTION AND QUARANTINE TECHNOLOGY CENTER上海海关动植物与食品检验检疫技术中心",XUE JUNXIN薛俊欣JIANG JING蒋静YUE XIANGYUN乐翔云WANG YAN王艳FENG ZHIHANG冯之航LI JIAN李健ZHANG QIANG张强XIONG WEI熊炜,,(EN) Detection system and detection kit for type I norovirus and group A rotavirus as well as detection method and application of detection system and detection kit(ZH) 一种用于I型诺如病毒和A组轮状病毒的检测体系、检测试剂盒及其检测方法和应用,"(EN) The invention discloses a detection system and a detection kit for type I norovirus and group A rotavirus as well as a detection method and application of the detection system, the detection system comprises a multiple RPA amplification system and a CRISPR/Cas12 and 13 detection system, the multiple RPA amplification system comprises an RPA primer pair, the CRISPR/Cas12 and 13 detection system comprises a crRNA sequence, an ssDNA probe, an ssRNA probe and an RPA amplification product, and the crRNA sequence and the ssDNA probe are respectively connected with the multiple RPA amplification system and the CRISPR/Cas12 and 13 detection system. The sequences of the RPA primer pair are as shown in SEQ ID NO: 7 to SEQ ID NO: 18, and the sequences of the crRNA are as shown in SEQ ID NO: 19 to SEQ ID NO: 27. The detection system and the detection method can be used for detecting type I norovirus and group A rotavirus for non-diagnostic treatment purposes, have extremely high specificity and sensitivity, and provide reference for preparation and production of food-borne virus detection reagents based on isothermal amplification.(ZH) 本发明公开了一种用于I型诺如病毒和A组轮状病毒的检测体系、检测试剂盒及其检测方法和应用，上述检测体系包括多重RPA扩增体系、CRISPR/Cas12,13检测体系，上述多重RPA扩增体系包括RPA引物对，上述CRISPR/Cas12,13检测体系包括crRNA序列、ssDNA探针、ssRNA探针以及RPA扩增产物，RPA引物对的序列如SEQ ID NO：7～SEQ ID NO：18所示，crRNA序列如SEQ ID NO：19～SEQ ID NO：27所示。上述检测体系及检测方法可用于非诊断治疗目的的I型诺如病毒和A组轮状病毒的检测，其具有极高的特异性和灵敏度，为基于恒温扩增的食源性病毒的检测试剂的制备和生产提供参考。",,,,上海领誉知识产权代理有限公司 31383,
CN241624792,201811465138,China,03.12.2018,109628445,16.04.2019,A,"C12N 15/113
					






C12N 15/82
					






C12N 15/11
					






A01H 4/00
					






A01H 5/00
					






A01H 6/88
					








C12N 15/113
					






C12N 15/82
					






C12N 15/11
					






A01H 4/00
					






A01H 5/00
					






A01H 6/88
					






View less classifications","A01H 4/00
					






C07K 14/415
					






C12N 15/113
					






C12N 15/8213
					






C12N 2310/10
					






C12N 2310/20
					








A01H 4/00
					






C07K 14/415
					






C12N 15/113
					






C12N 15/8213
					






C12N 2310/10
					






C12N 2310/20
					






View less classifications",ZHEJIANG WANLI UNIVERSITY浙江万里学院,WU YUEYAN吴月燕QIU TIAN邱甜JIA YONGHONG贾永红,,(EN) Method for editing grape ZEP gene fixed point based on CRISPR/Cas 9 technology(ZH) 利用CRISPR/Cas9技术对葡萄ZEP基因定点编辑方法,"(EN) The invention relates to a method for editing a grape ZEP gene fixed point based on a CRISPR/Cas 9 technology. According to the method, by using the CRISPR/Cas 9 technology, aiming at a grape ZEP gene, by screening and designing sgRNA, recombinant plasmid is further established, agrobacterium containing the recombinant plasmid is used for infecting grape aseptic seedling cotyledon embryos, and after screening, a mutational transgenosis grape plant is obtained. According to the method, though precise positioning, the sequence of a first exon of the grape ZEP gene is selected as a target site sequence, the sequence can be successfully identified by Cas9, the target site sequence is used as the basis for designing sgRNA, the target site sequence can be accurately knocked out, the off-target efficiency is low, the grape ZEP gene is edited through a fixed point, and the method has an important function on grape seed cultivation.(ZH) 利用CRISPR/Cas9技术对葡萄ZEP基因定点编辑方法。本发明利用CRISPR/Cas9技术，针对葡萄ZEP基因，通过筛选、设计sgRNA，进一步构建重组质粒，以含有该重组质粒的农杆菌侵染葡萄无菌苗子叶胚，筛选后获得突变的转基因葡萄植株。本发明精准定位选择葡萄ZEP基因的第一个外显子上的序列作为靶位点序列，该段序列能够成功被Cas9识别，以该靶位点序列为基础设计sgRNA，靶位点序列可被准确敲除，脱靶效率低，实现对葡萄ZEP基因进行定点编辑，对葡萄育种具有重要作用。",,,,宁波市鄞州甬致专利代理事务所(普通合伙) 33228,
,,,,,,,,,,,,,,,,,,
CN331986802,202110583864,China,27.05.2021,113122571,16.07.2021,A,"C12N 15/82
					






C12N 15/66
					






A01H 5/00
					






A01H 6/60
					








C12N 15/82
					






C12N 15/66
					






A01H 5/00
					






A01H 6/60
					






View less classifications","C07K 14/415
					






C12N 15/8216
					








C07K 14/415
					






C12N 15/8216
					






View less classifications",HUAZHONG AGRICULTURAL UNIVERSITY华中农业大学,JIN SHUANGXIA金双侠ZHANG XIANLONG张献龙ZHOU JIAWEI周家伟FU CHUNYANG扶春阳,,(EN) Preparation method of novel CRISPR/Cas9 gene editing vector(ZH) 一种新型CRISPR/Cas9基因编辑载体的载体制备方法,"(EN) The invention relates to the technical field of plant genetic engineering, and discloses a preparation method of a novel CRISPR/Cas9 gene editing vector. The CRISPR/Cas9 vector p7N-EC is prepared by the following steps of obtaining a target sequence EC1.2en-1.1p, wherein specifically, the target sequence is prepared by the following steps of firstly obtaining a vector pHEE401E-ccdB containing the target sequence EC1.2en-1.1p, taking the vector pHEE401E-ccdB as a template, designing a primer by using Primer5 software, and obtaining the target sequence EC1.2en-1.1p through PCR amplification; carrying out double enzyme digestion on a pRGEB32-GhU6.7-NPT II vector by using two enzymes SbfI and BstBI to remove a Ubiquitin promoter so as to obtain a linear vector; and then performing In-fusion connection of the linear vector and the obtained target sequence EC1.2en-1.1p. According to the preparation method of the novel CRISPR/Cas9 gene editing vector, effective gene editing can be carried out on a cotton genome, and the certain gene editing efficiency is achieved.(ZH) 本发明涉及植物基因工程技术领域，且公开了一种新型CRISPR/Cas9基因编辑载体的载体制备方法，所述CRISPR/Cas9载体p7N‑EC通过下列步骤制备获得：获得目的序列EC1.2en‑1.1p，具体地，该目的序列通过以下步骤制备获得：先获得含有目的序列EC1.2en‑1.1p的载体pHEE401E‑ccdB，以pHEE401E‑ccdB载体为模板，利用Primer5软件设计引物，通过PCR扩增获得EC1.2en‑1.1p目的序列，利用SbfⅠ、BstBⅠ两种酶对pRGEB32‑GhU6.7‑NPT Ⅱ载体进行双酶切去除Ubiquitin启动子得到线性载体，然后与获得的EC1.2en‑1.1p目的序列进行In‑fusion连接。该新型CRISPR/Cas9基因编辑载体的载体制备方法，能对棉花基因组进行有效的基因编辑，且具有一定的基因编辑效率。",,,,北京国坤专利代理事务所(普通合伙) 11491,
,,,,,,,,,,,,,,,,,,
,,,,,,,,,,,,,,,,,,
,,,,,,,,,,,,,,,,,,
CN430678808,202410224727,China,29.02.2024,118086328,28.05.2024,A,"C12N 15/29
					






C07K 14/415
					






C12N 15/82
					






A01H 5/00
					






A01H 6/82
					








C12N 15/29
					






C07K 14/415
					






C12N 15/82
					






A01H 5/00
					






A01H 6/82
					






View less classifications","C07K 14/415
					






C12N 15/8289
					








C07K 14/415
					






C12N 15/8289
					






View less classifications",EAST CHINA NORMAL UNIVERSITY华东师范大学,JIANG YINA姜伊娜WANG SHUANGSHUANG王双双JIANG JIAN姜健LIANG YITAO梁艺涛,,(EN) Tomato male sterility gene SlABCG26 and application thereof(ZH) 番茄雄性不育基因SlABCG26及其应用,"(EN) The invention discloses a tomato male sterility gene SlABCG26 and application thereof, the SlABCG26 gene has a nucleotide sequence as shown in SEQ ID No.1 and an amino acid sequence coded by the nucleotide sequence as shown in SEQ ID No.2, the gene is specifically and highly expressed in anther, a tomato transgenic plant with the SlABCG26 gene specifically knocked out is obtained by utilizing a CRISPR/Cas9 knockout system, the vegetative growth of the transgenic plant is normal, the female reproduction is normal, and the transgenic plant can be used as a male sterility gene. Male reproduction is abnormal, pollen is completely aborted, and only a small amount of parthenocarpic fruits can be formed. The SlABCG26 gene can be used as a functional gene for specifically regulating tomato male reproduction to be applied to tomato heterosis utilization, and the SlABCG26 gene can be directionally knocked out to quickly introduce the male sterility character into a common tomato breeding material, so that the SlABCG26 gene is used for creating a novel male sterility line, and the hybrid seed production cost of an excellent hybrid F1 generation is reduced. The method is of great significance to research of tomato male reproduction mechanism, provides a practical technology for tomato crossbreeding, and is of great significance to agricultural development.(ZH) 本发明公开了一种番茄雄性不育基因SlABCG26及其应用，所述SlABCG26基因具有SEQ ID No.1所示的核苷酸序列及其编码的SEQ ID No.2氨基酸序列，该基因在花药中特异高表达，利用CRISPR/Cas9敲除系统获得SlABCG26基因特异敲除的番茄转基因株系，转基因植株的营养生长正常，雌性生殖正常，雄性生殖异常，花粉完全败育，仅可形成少量单性结实的果实。SlABCG26基因可作为特异性调控番茄雄性生殖的功能基因应用于番茄杂种优势利用中，通过定向敲除SlABCG26基因能快速地将雄性不育性状导入普通番茄育种材料背景下，用于新型雄性不育系的创建，降低优良杂种F1代杂交制种成本。本发明对番茄雄性生殖机制的研究具有重要意义，为番茄杂交育种提供了实用技术，对农业发展具重大意义。",,,,上海蓝迪专利商标事务所(普通合伙) 31215上海蓝迪专利商标事务所(普通合伙) 31215,
,,,,,,,,,,,,,,,,,,
,,,,,,,,,,,,,,,,,,
CN240145924,201811446719,China,29.11.2018,109486854,19.03.2019,A,"C12N 15/82
					






A01H 5/00
					






A01H 6/46
					








C12N 15/82
					






A01H 5/00
					






A01H 6/46
					






View less classifications","C12N 15/8213
					






C12N 15/8282
					






C07K 14/415
					






C12N 2810/10
					








C12N 15/8213
					






C12N 15/8282
					






C07K 14/415
					






C12N 2810/10
					






View less classifications",YICHUN UNIVERSITY宜春学院,SHEN CHUNXIU沈春修QUE ZHIQUN却志群,,(EN) Method for creating broad-spectrum resistance rice genetic resource for rice blast(ZH) 一种稻瘟病广谱抗性水稻种质资源创制方法,"(EN) The invention discloses a method for creating a broad-spectrum resistance rice genetic resource for rice blast. A rice blast infected rice variety is used as an acceptor material for carrying out fixed point replacement (A to G) on a site -618 in a promoter region of a Bsr-d1 gene, when the fixed point replacement (A to G) of the promoter region of the Bsr-d1 gene is carried out, the fixed point replacement (A to G) on the site -618 in the promoter region of the Bsr-d1 gene of the acceptor variety is realized in an agrobacterium-mediated transgenic measure, and double-mutant plants of the siteare screened; by carrying out replacement through a CRISPR/Cas9 gene and utilizing a gene fixed-point insertion system, a transgenic negative descendant is screened after selfing fructification and is rice which is not transgenic after being improved and has broad-spectrum resistance to rice blast.(ZH) 本发明公开一种稻瘟病广谱抗性水稻种质资源创制方法，以稻瘟病感病水稻品种作为受体材料，其是对稻瘟病感病水稻品种作为受体材料进行Bsr‑d1基因的启动子区域‑618位点的定点替换（A→G)，在进行Bsr‑d1基因的启动子区域的定点替换(A→G)时是通过农杆菌介导转基因手段实现对受体品种Bsr‑d1基因的启动子区域‑618位点的定点替换(A→G)，并筛选获得该位点的双突变植株；采用CRISPR/Cas9基因替换以及基因定点插入体系，自交结实后筛选出转基因阴性后代，即为改良后不携带转基因且具有稻瘟病广谱抗性的水稻。",,,,南昌赣西专利代理事务所(普通合伙) 36121,
,,,,,,,,,,,,,,,,,,
CN439683340,202410960728,China,17.07.2024,118653014,17.09.2024,A,"C12Q 1/70
					






C12Q 1/6883
					






C12Q 1/6844
					






C12N 15/11
					






C12R 1/93
					








C12Q 1/70
					






C12Q 1/6883
					






C12Q 1/6844
					






C12N 15/11
					






C12R 1/93
					






View less classifications","C12Q 1/701
					






C12Q 1/6883
					






C12Q 1/6844
					






C12Q 2600/136
					








C12Q 1/701
					






C12Q 1/6883
					






C12Q 1/6844
					






C12Q 2600/136
					






View less classifications",SHENZHEN CUSTOMS ANIMAL AND PLANT INSPECTION AND QUARANTINE TECHNOLOGY CENTER深圳海关动植物检验检疫技术中心,WANG JINJIN王津津SUN JIE孙洁ZHANG LEI张磊LIAO LISHAN廖立珊ZHU PENG朱鹏WU JIANG吴江ZHENG XIAOCONG郑晓聪LIU HONG刘荭,,"(EN) RAA-CRISPR/Cas13a system, kit and method for detecting SVCV(ZH) 一种检测SVCV的RAA-CRISPR/Cas13a系统、试剂盒和方法","(EN) The invention relates to the field of virus detection and analysis, in particular to a RAA-CRISPR/Cas13a system, a kit and a method for detecting SVCV. The invention provides a RAA-CRISPR/Cas13a system, a kit and a method for detecting SVCV (Spinal Vector Virus Virus). The RAA-CRISPR/Cas13a system for detecting the SVCV comprises a Cas13a protein and crRNA, or a complex formed by the Cas13a protein and the crRNA. The crRNA comprises an anchor sequence and a guide sequence, the anchor sequence can be specifically combined with Cas13a protein, and the guide sequence is specifically combined with a specific target sequence on an SVCV genome. According to the invention, an RT-RAA amplification technology and a CRISPR/Cas13a detection technology are combined, a novel SVCV detection system is provided, and the system has the characteristics of strong specificity and high sensitivity, and has very important application prospects and development values.(ZH) 本发明涉及病毒检测分析领域，尤其涉及一种检测SVCV的RAA‑CRISPR/Cas13a系统、试剂盒和方法。本发明提出了一种检测SVCV的RAA‑CRISPR/Cas13a系统、试剂盒和方法。所述检测SVCV的RAA‑CRISPR/Cas13a系统包括Cas13a蛋白和crRNA，或者由二者形成的复合体。所述crRNA中包含锚定序列和向导序列，其中锚定序列能与Cas13a蛋白特异性结合，而向导序列则特异性结合SVCV基因组上的特定靶点序列。本发明通过将RT‑RAA扩增技术与CRISPR/Cas13a检测技术相结合，提供了一种新型的SVCV检测体系，该体系具有特异性强、灵敏度高的特点，具有非常重要的应用前景和开发价值。",,,,武汉同誉知识产权代理有限公司 42320,
CN393834653,202210260048,China,16.03.2022,115747353,07.03.2023,A,"C12Q 1/689
					






C12N 15/11
					






C12Q 1/6844
					






C12R 1/01
					








C12Q 1/689
					






C12N 15/11
					






C12Q 1/6844
					






C12R 1/01
					






View less classifications","Y02A 50/30
					








Y02A 50/30
					






View less classifications","SHANGHAI CUSTOMS ANIMAL, PLANT AND FOOD INSPECTION AND QUARANTINE TECHNOLOGY CENTER上海海关动植物与食品检验检疫技术中心",XUE JUNXIN薛俊欣JIANG YUAN蒋原YANG JIELIN杨捷琳SHEN JINLING申进玲LI JIAN李健,,"(EN) Primer group, reagent, kit and detection method for detecting listeria monocytogenes(ZH) 一种用于单核细胞增生李斯特菌检测的引物组、试剂、试剂盒及检测方法","(EN) The invention discloses a primer group, a reagent, a kit and a detection method for detecting listeria monocytogenes. The primer group comprises a CRISPR (clustered regularly interspaced short palindromic repeats)/Cas12a primer group and a crDNA (complementary deoxyribonucleic acid) primer group, and base sequences of the CRISPR/Cas12a primer group and the crDNA primer group are respectively shown as SEQ ID No.1, SEQ ID No.2, SEQ ID No.3 and SEQ ID No.4. The detection method comprises the following steps: performing target DNA amplification by using an RPA amplification technology, coupling with a CRISPR/Cas12a system, performing amplification under an isothermal condition, and detecting a fluorescence curve of an amplification result by using a fluorescence detector so as to judge whether listeria monocytogenes exists in a sample to be detected or not. The detection method disclosed by the invention is rapid, strong in specificity and high in sensitivity, does not need special instruments, and has important application value in the fields of disease monitoring, clinical diagnosis, food safety monitoring and the like.(ZH) 本发明公开了一种用于单核细胞增生李斯特菌检测的引物组、试剂、试剂盒及检测方法。本发明所述的引物组包括CRISPR/Cas12a引物组及crDNA引物组，其碱基序列分别如SEQ ID No.1、2、3和4所示。该检测方法使用RPA扩增技术进行靶标DNA扩增，再与CRISPR/Cas12a体系偶联，等温条件下扩增，用荧光检测仪检测扩增结果的荧光曲线，以判断待测样品里是否存在单核细胞增生李斯特菌。本发明的检测方法快捷迅速、特异性强、灵敏度高、不需要特殊仪器,在疾病监测、临床诊断和食品安全监测等领域具有重要的应用价值。",,,,上海领誉知识产权代理有限公司 31383,
,,,,,,,,,,,,,,,,,,
CN319686401,202011412881,China,03.12.2020,112391395,23.02.2021,A,"C12N 15/29
					






C12N 15/82
					






C12Q 1/6895
					






A01H 1/02
					






A01H 1/04
					






A01H 5/02
					






View more classifications
							






C12N 15/29
					






C12N 15/82
					






C12Q 1/6895
					






A01H 1/02
					






A01H 1/04
					






A01H 5/02
					






A01H 6/46
					






View less classifications","C07K 14/415
					






C12N 15/8218
					






C12N 15/8289
					






C12Q 1/6895
					






A01H 1/02
					






A01H 1/04
					






View more classifications
							






C07K 14/415
					






C12N 15/8218
					






C12N 15/8289
					






C12Q 1/6895
					






A01H 1/02
					






A01H 1/04
					






C12N 2310/20
					






C12Q 2600/13
					






C12Q 2600/156
					






View less classifications",JILIN ACADEMY OF AGRICULTURAL SCIENCES吉林省农业科学院GUANGZHOU UNIVERSITY广州大学,ZHANG CHUNBAO张春宝LI MEINA李美娜ZHAO LIMEI赵丽梅FANG XIAOLONG方小龙SUN XIAOYUAN孙小媛YANG XIANGDONG杨向东LIN CHUNJING林春晶LI QING李清KONG FANJIANG孔凡江,,"(EN) Soybean sterile gene mutant, application and construction method of soybean sterile line(ZH) 一种大豆不育基因突变体、应用及大豆不育系的构建方法","(EN) The invention relates to the technical field of agricultural breeding, in particular to a soybean sterile gene mutant, application and a construction method of a soybean sterile line. The soybean sterile gene mutant is provided by the invention and comprises a mutant formed by mutation and/or deletion of a single base of a Glyma.13G114200 gene, the mutant is applied to construction or breeding ofthe soybean sterile line, a CRISPR-Cas9 gene editing tool is adopted to directly perform gene editing on wild soybeans to construct the soybean sterile line, or soybeans containing the gene mutant arehybridized with the wild soybeans, then offspring plants containing sterile genes are screened from offsprings by taking fertility as a screening standard or through a molecular marker, so that the sterile line of the soybeans can be quickly obtained or identified, and compared with the sterile line obtained by adopting a hybridization method, the breeding period is greatly shortened.(ZH) 本发明涉及农业育种技术领域，具体而言，涉及一种大豆不育基因突变体、应用及大豆不育系的构建方法。本发明提供了大豆不育基因突变体，该突变体包括Glyma.13G114200基因单个碱基的突变和/或缺失形成的突变体，将上述突变体应用于大豆不育系的构建或育种中，采用CRISPR‑Cas9基因编辑工具直接对野生型大豆进行基因编辑进行大豆不育系的构建，或者应用含有上述基因突变体的大豆与野生型大豆杂交，而后在后代中以育性作为筛选标准或者通过分子标记筛选含不育基因的后代植株，实现了快速得到或鉴定大豆的不育品系，与采用杂交方法获得不育系相比，大大地缩短了育种周期。",,,,北京超凡宏宇专利代理事务所(特殊普通合伙) 11463,
CN436063836,202410470125,China,18.04.2024,118325960,12.07.2024,A,"C12N 15/84
					






C07K 14/415
					






C12N 15/29
					






A01H 5/00
					






A01H 6/82
					








C12N 15/84
					






C07K 14/415
					






C12N 15/29
					






A01H 5/00
					






A01H 6/82
					






View less classifications","C12N 15/8273
					






C12N 15/8218
					






C07K 14/415
					








C12N 15/8273
					






C12N 15/8218
					






C07K 14/415
					






View less classifications",FOSHAN UNIVERSITY佛山科学技术学院,LIU MINMIN刘敏敏YANG YAO杨垚CHEN WENJIE陈文杰HE ZHEN何镇ZHANG XIYUAN张溪原ZHANG HAN张涵,,(EN) Application of sodium-calcium transporter SlNCL12 in tomato salt stress(ZH) 钠钙转运蛋白SlNCL12在番茄盐胁迫中的应用,"(EN) The invention discloses an application of a sodium-calcium transporter SlNCL12 in salt stress of tomatoes. The sodium-calcium transporter SlNCL12 positively regulates the salt tolerance of the tomatoes. According to the present invention, the SlNCL12 gene overexpression vector [pBWA (V) HS-TS-21OE-N12] is constructed, the CRISPR/Cas9 technology is adopted to construct the SlNCL12 gene knockout editing vector [zmpl-Cas-Cal], and the SlNCL12 transgene overexpression and gene knockout material is obtained through the agrobacterium-mediated transformation method; an analysis result speculates that the SlNCL12 gene can positively regulate and control the salt tolerance of the tomato, and the result not only discloses the function of the SlNCL12 gene in the salt stress of the tomato, but also shows that the SlNCL12 gene plays an important role in regulating and controlling the salt stress of the tomato, and provides a new gene resource for the cultivation of salt-resistant tomato plants.(ZH) 本发明公开了钠钙转运蛋白SlNCL12在番茄盐胁迫中的应用，钠钙转运蛋白SlNCL12正向调控番茄耐盐性。本发明构建SlNCL12基因过表达载体[pBWA(V)HS‑TS‑21OE‑N12]，并利用CRISPR/Cas9技术构建SlNCL12基因敲除编辑载体[zmpl‑Cas‑Cal]，通过农杆菌介导转化法，获得SlNCL12转基因过表达及基因敲除材料。分析结果推测SlNCL12基因可以正调控番茄的耐盐性，结果不仅揭示了SlNCL12基因在番茄盐胁迫中的功能，说明SlNCL12基因在调控番茄盐胁迫方面起着重要的作用，也为抗盐番茄植物培育提供新的基因资源。",,,,佛山信智汇知识产权代理事务所(特殊普通合伙) 44629,
,,,,,,,,,,,,,,,,,,
CN406542305,202310575556,China,22.05.2023,116640771,25.08.2023,A,"C12N 15/29
					






C12N 15/113
					






C12N 15/55
					






C12N 15/84
					






A01H 5/00
					






A01H 6/78
					








C12N 15/29
					






C12N 15/113
					






C12N 15/55
					






C12N 15/84
					






A01H 5/00
					






A01H 6/78
					






View less classifications","C07K 14/415
					






C12N 15/113
					






C12N 9/22
					






C12N 15/8205
					






C12N 15/8218
					






C12N 15/8261
					






View more classifications
							






C07K 14/415
					






C12N 15/113
					






C12N 9/22
					






C12N 15/8205
					






C12N 15/8218
					






C12N 15/8261
					






C12N 2310/20
					






Y02A 50/30
					






View less classifications",GANNAN NORMAL UNIVERSITY赣南师范大学,DAI WENSHAN戴文珊FU MINGKANG付明康WANG MIN王敏,,(EN) SgRNA and CRISPR/Cas9 vector for targeted knockout of CsWRKY41 gene and application of sgRNA and CRISPR/Cas9 vector(ZH) 一种靶向敲除CsWRKY41基因的sgRNA、CRISPR/Cas9载体及应用,"(EN) The invention belongs to the technical field of plant genetic engineering, and relates to sgRNA and CRISPR/Cas9 vectors for targeted knockout of a CsWRKY41 gene as well as a method and application of the sgRNA and CRISPR/Cas9 vectors. The invention provides an application of a CsWRKY41 gene in regulation and control of a citrus phloem structure. The CsWRKY41 gene is related to the change of a citrus phloem structure, and the thickness of the citrus phloem can be increased by targeted knockout of the CsWRKY41 gene.(ZH) 本发明属于植物基因工程技术领域，涉及一种靶向敲除CsWRKY41基因的sgRNA、CRISPR/Cas9载体及方法和应用。本发明提供了CsWRKY41基因在调控柑橘韧皮部结构中的应用。CsWRKY41基因与柑橘韧皮部结构的改变有关，靶向敲除CsWRKY41基因能够增加柑橘韧皮部厚度。",,,,北京高沃律师事务所 11569,
,,,,,,,,,,,,,,,,,,
CN294444232,201911411238,China,31.12.2019,111041043,21.04.2020,A,"C12N 15/82
					






C12N 15/113
					






C12N 15/66
					






A01H 5/00
					






A01H 6/82
					








C12N 15/82
					






C12N 15/113
					






C12N 15/66
					






A01H 5/00
					






A01H 6/82
					






View less classifications","C12N 15/8218
					






C12N 15/8283
					






C12N 15/113
					






C12N 15/66
					






C12N 2310/20
					








C12N 15/8218
					






C12N 15/8283
					






C12N 15/113
					






C12N 15/66
					






C12N 2310/20
					






View less classifications","INSTITUTE OF PLANT PROTECTION, CHINESE ACADEMY OF AGRICULTURAL SCIENCES中国农业科学院植物保护研究所",ZHOU XUEPING周雪平LI FANGFANG李方方LI HAO李浩CAO BUWEI曹步暐,,(EN) Vector for editing nicotiana benthamiana gene based on CRISPR/Cas9 as well as construction method and application thereof(ZH) 基于CRISPR/Cas9编辑本氏烟基因的载体及其构建方法和应用,"(EN) The invention discloses a vector for editing a nicotiana benthamiana gene based on CRISPR/Cas9 as well as a construction method and application thereof. The vector comprises a BKG-g10 vector and a BKG-g11 vector which are constructed by aiming at a nicotiana benthamiana UbEF1B gene, and/or a BKG-g12 vector and a BKG-g13 vector which are constructed by aiming at a nicotiana benthamiana CCR4/NOT gene. According to the vector, after the UbEF1B gene or the CCR4/NOT gene is edited, the growth state of nicotiana benthamiana is normal, and the phenotype is not obviously changed compared with that ofa wild type; and no influence is caused on the character, and progeny continuation is facilitated. Compared with the traditional breeding method, the method for editing a nicotiana benthamiana endogenous gene by virtue of a CRISPR/Cas9 system has the advantage that a disease-resistant material can be obtained more quickly and effectively.(ZH) 本发明公开了一种基于CRISPR/Cas9编辑本氏烟基因的载体及其构建方法和应用，包括针对本氏烟UbEF1B基因构建的BKG‑g10、BKG‑g11载体和/或针对本氏烟CCR4/NOT基因构建的BKG‑g12、BKG‑g13载体。上述载体将UbEF1B基因或CCR4/NOT基因编辑后本氏烟生长状态正常，表型相较于野生型未发生明显变化；不会对其性状产生影响，利于后代的延续。依靠CRISPR/Cas9系统编辑本氏烟内源基因相较于传统的育种方法能更快更有效的获得抗病材料。",,,,北京东方尚禾专利代理事务所(特殊普通合伙) 11844,
,,,,,,,,,,,,,,,,,,
,,,,,,,,,,,,,,,,,,
CN313902842,202010898297,China,31.08.2020,112080587,15.12.2020,A,"C12Q 1/70
					






C12Q 1/6844
					






C12N 15/11
					








C12Q 1/70
					






C12Q 1/6844
					






C12N 15/11
					






View less classifications","C12Q 1/701
					






C12Q 1/6844
					






Y02A 50/30
					








C12Q 1/701
					






C12Q 1/6844
					






Y02A 50/30
					






View less classifications","SHANGHAI CUSTOMS ANIMAL, PLANT AND FOOD INSPECTION AND QUARANTINE TECHNOLOGY CENTER上海海关动植物与食品检验检疫技术中心",XUE JUNXIN薛俊欣LI JIAN李健XIONG WEI熊炜ZHANG QIANG张强JIANG YUAN蒋原SHEN JINLING申进玲HUANG ZHONGRONG黄忠荣,,"(EN) RAA-CRISPR amplification primer group, kit and method for efficiently detecting novel coronavirus(ZH) 用于高效检测新型冠状病毒的RAA-CRISPR扩增引物组、试剂盒及方法","(EN) The invention discloses an RAA-CRISPR amplification primer group, kit and method for efficiently detecting a novel coronavirus. The primer group is a nucleic acid sequence containing SEQ ID NO.1, SEQID NO.2 and/or SEQ ID NO.4 and SEQ ID NO.5, or a nucleic acid sequence of which the homology is greater than 90%; The method comprises the following steps: carrying out nucleic acid amplification on the novel coronavirus; adding crRNA, T7 transcriptase, NTP, a probe and a buffer solution into an amplified product to prepare a detection solution; and detecting the fluorescence intensity of the detection solution, and judging whether a sample contains the novel coronavirus or not according to a fluorescence curve. The method, amplification primer and kit for detecting the novel coronavirus can replace a fluorescent PCR method, and are cheaper, more efficient and wide in application range.(ZH) 本发明公开了用于高效检测新型冠状病毒的RAA‑CRISPR扩增引物组、试剂盒及方法，所述引物组为包含SEQ ID NO.1、SEQ ID NO.2和/或SEQ ID NO.4、SEQ ID NO.5的核酸序列，或与其同源性大于90％的核酸序列；方法包括，采用进行新型冠状病毒的核酸扩增；向扩增后的产物中加入crRNA、T7转录酶、NTP、探针和缓冲液制成检测液；检测所述检测液的荧光强度，根据荧光曲线判断样品中是否含有新型冠状病毒；本发明提供了可代替荧光PCR方法，成为更加廉价、高效、应用范围广的检测新型冠状病毒的方法、扩增引物及试剂盒。",,,,上海领誉知识产权代理有限公司 31383,
CN399267675,202211203732,China,29.09.2022,116162646,26.05.2023,A,"C12N 15/82
					






C12N 15/29
					






A01H 5/00
					






A01H 6/82
					








C12N 15/82
					






C12N 15/29
					






A01H 5/00
					






A01H 6/82
					






View less classifications","C12N 15/8273
					






C12N 15/8293
					






C07K 14/415
					








C12N 15/8273
					






C12N 15/8293
					






C07K 14/415
					






View less classifications",LINYI UNIVERSITY临沂大学,WANG SHUCAI王树才LI GUIMIN李桂民,,(EN) Application of NtAITRs transcription factor family gene in regulation and control of tobacco stress resistance(ZH) 一种NtAITRs转录因子家族基因在调控烟草抗逆性中的应用,"(EN) The invention belongs to the technical field of gene engineering, and discloses application of an NtAITRs transcription factor family gene in regulation and control of tobacco stress resistance. After the NtAITRs transcription factor family gene is edited and knocked out, a plurality of non-transgenic multi-mutants are obtained and are used for improving the stress resistance of tobacco. The invention relates to application of editing and knocking out the NtAITRs gene in improving abiotic stress resistance of tobacco. The CRISPR/Cas9 gene is utilized to edit, construct and separate to obtain non-transgenic fourth and fifth mutants, and the drought tolerance of multiple mutants is obviously improved. The result shows that the NtAITRs knockout can provide the stress resistance of the tobacco, so that the NtAITRs can be used as a target gene for improving the stress resistance of the tobacco by utilizing CRISPR/Cas9 gene editing. Compared with the prior art, the drought resistance of tobacco can be remarkably improved, and the obtained mutant is a non-transgenic plant.(ZH) 本发明属于基因工程技术领域，公开了一种NtAITRs转录因子家族基因在调控烟草抗逆性中的应用。所述NtAITRs转录因子家族基因编辑敲除后获得多个非转基因的多突变体，用于提高烟草抗逆性。编辑敲除NtAITRs基因在提高烟草非生物胁迫抗性中的应用。本发明通过利用CRISPR/Cas9基因编辑构建分离获得了非转基因的四及五突变体，发现多突变体对干旱的耐受性显著提高。结果说明NtAITRs敲除能够提供烟草的抗逆性，因此NtAITRs可作为利用CRISPR/Cas9基因编辑提高烟草抗逆性的靶基因。本发明相比于现有技术在可显著提高烟草的耐干旱性，且获得的突变体是非转基因植物。",,,,北京云嘉湃富知识产权代理有限公司 11678,
CN317396465,202011233671,China,06.11.2020,112266920,26.01.2021,A,"C12N 15/29
					






C12N 15/82
					






A01H 5/00
					






A01H 6/46
					








C12N 15/29
					






C12N 15/82
					






A01H 5/00
					






A01H 6/46
					






View less classifications","C07K 14/415
					






C12N 15/8218
					






C12N 15/8261
					






C12N 15/8289
					








C07K 14/415
					






C12N 15/8218
					






C12N 15/8261
					






C12N 15/8289
					






View less classifications",ZHEJIANG UNIVERSITY浙江大学,LIU YANHUA刘燕华SHU QINGYAO舒庆尧JIANG MENG蒋萌,,(EN) Application of OsKEAP1 gene in regulation and control of agronomic traits and yield of rice(ZH) OsKEAP1基因在调控水稻农艺性状和产量中的应用,"(EN) The invention discloses application of an OsKEAP1 gene in regulation and control of agronomic traits and yield of rice. The nucleotide sequence of the OsKEAP1 gene is shown as SEQ ID NO. 1; and the agronomic traits include plant height, plant type, rice setting rate, average ear length and grain number. A mutant with the down-regulated OsKEAP1 gene expression level is obtained by a CRISPR/Cas9 gene editing technology, the OsKEAP1 gene is found to be related to agronomic traits such as the plant height, the plant type, the rice setting rate, the average ear length and the grain number of rice and the yield, and a basis can be provided for cultivating rice varieties with excellent agronomic traits.(ZH) 本发明公开了OsKEAP1基因在调控水稻农艺性状和产量中的应用，该OsKEAP1基因的核苷酸序列如SEQ ID NO.1所示；所述农艺性状为株高、株型、水稻结实率、平均穗长和籽粒数。本发明利用CRISPR/Cas9基因编辑技术获得了OsKEAP1基因表达水平下调的突变体，发现该OsKEAP1基因与水稻的株高、株型、水稻结实率、平均穗长和籽粒数等农艺性状以及产量有关，能够为培育具有优良农艺性状的水稻品种提供依据。",,,,杭州知闲专利代理事务所(特殊普通合伙) 33315,
,,,,,,,,,,,,,,,,,,
CN399641709,202111455341,China,01.12.2021,116200398,02.06.2023,A,"C12N 15/29
					






C07K 14/415
					






C12N 15/82
					






A01H 5/00
					






A01H 6/46
					








C12N 15/29
					






C07K 14/415
					






C12N 15/82
					






A01H 5/00
					






A01H 6/46
					






View less classifications","C07K 14/415
					






C12N 15/8261
					






C12N 15/8216
					






Y02A 40/146
					








C07K 14/415
					






C12N 15/8261
					






C12N 15/8216
					






Y02A 40/146
					






View less classifications",HUNAN HYBRID RICE RESEARCH CENTER湖南杂交水稻研究中心,LI YIXING李懿星LI LI李莉QIU MUDAN邱牡丹LI BIN李斌DONG HAO董皓SONG SHUFENG宋书锋WANG TIANKANG王天抗LIU XUANMING刘选明,,(EN) Protein PSRK2 related to rice panicle type as well as coding gene and application of protein PSRK2(ZH) 与水稻穗型相关的蛋白PSRK2及其编码基因与应用,"(EN) The invention discloses a protein PSRK2 related to a rice panicle type as well as a coding gene and application of the protein PSRK2. The invention provides a method for increasing the plant height of rice and/or improving the panicle type of rice, which comprises the step of reducing the content of protein PSRK2 in receptor rice or reducing the activity of the protein PSRK2 in the receptor rice or inhibiting the expression of a coding gene of the protein PSRK2 in the receptor rice, so as to obtain the rice with increased plant height and/or improved panicle type. The CRISPR/Cas9 technology is utilized, the rice PSRK2 gene is subjected to fixed-point editing, the rice PSRK2 gene is knocked out through frame-shift mutation, the protein PSRK2 is inactivated, a new generation of new rice germplasm with the improved panicle type and the obviously increased plant height is obtained, and a new material is provided for development of high-quality seed resources with the improved rice panicle type.(ZH) 本发明公开了一种与水稻穗型相关的蛋白PSRK2及其编码基因与应用。本发明提供了一种提高水稻株高和/或改良水稻穗型的方法，包括降低受体水稻中蛋白质PSRK2的含量或降低受体水稻中蛋白质PSRK2的活性或抑制受体水稻中蛋白质PSRK2的编码基因的表达，得到株高提高和/或穗型改良的水稻。本发明利用CRISPR/Cas9技术，定点编辑水稻PSRK2基因，通过移码突变，敲除了水稻了PSRK2基因，使蛋白PSRK2失活，获得了穗型得到改良且株高明显提高的新一代水稻新种质，为水稻穗型改良的优质种资的开发提供了新的材料。",,,,北京纪凯知识产权代理有限公司 11245,
CN341236327,202110773909,China,08.07.2021,113564197,29.10.2021,B,"C12N 15/82
					






C12N 15/29
					






C12N 15/66
					






A01H 5/00
					






A01H 6/46
					








C12N 15/82
					






C12N 15/29
					






C12N 15/66
					






A01H 5/00
					






A01H 6/46
					






View less classifications","C07K 14/415
					






C12N 15/8216
					








C07K 14/415
					






C12N 15/8216
					






View less classifications",SHANGHAI NORMAL UNIVERSITY上海师范大学,ZHANG HUI张辉WANG CHONG汪冲LUO PENGYU罗鹏宇HONG ZHENG洪政ZHANG YAJUN张亚军,,(EN) Construction method and application of CRISPR/Cas9 mediated plant polygene editing vector(ZH) 一种CRISPR/Cas9介导的植物多基因编辑载体的构建方法和应用,"(EN) The invention discloses a method for constructing a plant polygene editing vector which is simple, convenient and efficient. The plant polygene editing vector comprises a pMK-(1-12) intermediate vector and a final vector pMMK-Cas9. The vector construction method comprises the following steps: a plurality of sgRNAs are connected onto a pMK (1-12) intermediate vector in a polycistron tRNA-gRNA manner, 1-8 sgRNAs can be connected to each intermediate vector to obtain a pMK (1-12)-PTG vector; U6/U3 expression cassettes on the plurality of pMK (1-12)-PTG vectors are connected to a pMMK-Cas9 vector, the pMMK-Cas9 can be connected with the U6/U3 expression cassettes on 2 to 7 pMK (1-12)-PTG vectors to obtain a pMMK-PTG vector, and multi-gene editing of 2-56 target sites can be obtained according to different target site and small vector combinations. The whole process can be completed only through one-time PCR reaction and two-time ""golden-gate"" linked system, and the process is simple and rapid. The invention also takes the vector knocking out 25 members of the rice LEA gene family as an example to verify the high efficiency of the vector multi-gene editing.(ZH) 本发明公开了一种构建简便、高效的植物多基因编辑载体方法，其包括pMK‑(1‑12)中间载体及终载体pMMK‑Cas9。载体构建的方法包括以下步骤：将多个sgRNA通过多顺反子tRNA‑gRNA方式连接到pMK(1‑12)中间载体上，每个中间载体上可以连接1‑8个sgRNAs，得到pMK(1‑12)‑PTG载体；将多个pMK(1‑12)‑PTG载体上的U6/U3表达盒连接到pMMK‑Cas9载体上，pMMK‑Cas9可以连接2个到7个pMK(1‑12)‑PTG载体上的U6/U3表达盒，得到pMMK‑PTG载体，根据不同的靶位点和小载体组合，可达到2‑56个靶位点的多基因编辑。整个流程只需要一次PCR反应和两次“金门”连接体系即可完成，流程简单快速。本发明还以该载体敲除水稻LEA基因家族25个成员为例，验证该载体多基因编辑的高效性。",,113564197,15.03.2024,浙江千克知识产权代理有限公司 33246,
CN398214587,202211268559,China,17.10.2022,116064645,05.05.2023,B,"C12N 15/82
					






C12N 9/12
					






C12N 15/54
					






A01H 6/46
					






A01H 5/00
					








C12N 15/82
					






C12N 9/12
					






C12N 15/54
					






A01H 6/46
					






A01H 5/00
					






View less classifications","C12N 15/8261
					






C12N 15/8218
					






C12N 9/12
					






C12Y 207/11017
					








C12N 15/8261
					






C12N 15/8218
					






C12N 9/12
					






C12Y 207/11017
					






View less classifications",HUIZHOU UNIVERSITY惠州学院,PENG XIAOQUN彭小群ZOU YAQI邹雅琦LUO SUWEI骆素微LUO JUAN罗娟ZHANG LIJUN张丽君LI XIAOSHI李晓诗DAI TIANYOU戴天佑WU SHUYING吴淑英WANG MENGLONG王梦龙,,"(EN) OsCDPK14 gene for reducing maturing rate of rice, protein obtained by coding of OsCDPK14 gene and application of OsCDPK14 gene(ZH) 一种降低水稻结实率的OsCDPK14基因及其编码得到的蛋白和应用","(EN) The invention discloses an OsCDPK14 gene for reducing the maturing rate of rice, a protein obtained by encoding the OsCDPK14 gene and application of the OsCDPK14 gene, and relates to the field of biotechnology and breeding. According to the scheme, the function of the OsCDPK14 gene on reducing the maturing rate of the rice is verified in the rice through a gene knockout experiment; a mutant plant is obtained by constructing a CRISPR/Cas9 gene knockout vector to transform rice, the maturing rate of the mutant plant is remarkably reduced compared with that of a wild plant, it is indicated that the OsCDPK14 gene has the function of regulating and controlling the maturing rate of the rice, the biological function of the OsCDPK14 gene on reduction of the maturing rate of the rice is disclosed for the first time, and the application of the OsCDPK14 gene on reduction of the maturing rate of the rice is promoted. A new thought is provided for clarification of a complex agronomic trait related molecular mechanism, a theoretical foundation is laid for further rice yield breeding research and utilization, and a potential new gene resource is provided for rice breeding.(ZH) 本申请公开一种降低水稻结实率的OsCDPK14基因及其编码得到的蛋白和应用，涉及生物技术和育种领域；本方案通过基因敲除实验在水稻中验证了OsCDPK14基因在降低水稻结实率上的功能；通过构建CRISPR/Cas9基因敲除载体转化水稻，获得突变体植株，突变体植株结实率与野生型植株相比显著性降低，表明OsCDPK14基因具有调控水稻结实率的功能，本申请首次揭示了OsCDPK14基因于降低水稻结实率上的生物学功能，为阐明结实率这一复杂的农艺性状相关的分子机制提供了新的思路，为进一步水稻产量育种研究和利用奠定理论基础，为水稻育种提供了潜在的新基因资源。",,116064645,06.12.2024,广东华专知识产权代理事务所(普通合伙) 44669,
CN345736688,202111069181,China,13.09.2021,113801891,17.12.2021,B,"C12N 15/84
					






C12N 15/55
					






C12N 15/29
					






C12N 15/113
					






A01H 5/00
					






A01H 6/02
					






View more classifications
							






C12N 15/84
					






C12N 15/55
					






C12N 15/29
					






C12N 15/113
					






A01H 5/00
					






A01H 6/02
					






A01H 1/02
					






C12Q 1/6895
					






C12N 15/11
					






View less classifications","C12N 15/8218
					






C12N 15/8205
					






C12N 15/8287
					






C12N 9/22
					






C07K 14/415
					






A01H 1/02
					






View more classifications
							






C12N 15/8218
					






C12N 15/8205
					






C12N 15/8287
					






C12N 9/22
					






C07K 14/415
					






A01H 1/02
					






C12Q 1/6895
					






C12Q 2600/13
					






C12Q 2600/156
					






View less classifications",INNER MONGOLIA AUTONOMOUS REGION ACADEMY OF AGRICULTURAL & ANIMAL HUSBANDRY SCIENCES内蒙古自治区农牧业科学院,WU XINRONG吴新荣BAI CHEN韩平安SUN RUIFEN孙瑞芬LI XIAODONG李晓东HAN PING'AN白晨TANG KUANGANG唐宽刚CHANG YUE常悦ZHANG ZIQIANG张自强WANG LIANG王良ZHANG BIZHOU张必周LIANG YAHUI梁亚晖,,(EN) Construction method and application of beet BvCENH3 gene haploid induction line(ZH) 甜菜BvCENH3基因单倍体诱导系的构建方法与应用,"(EN) The invention provides a construction method and application of a beet BvCENH3 gene haploid induction line. The construction method of the beet BvCENH3 gene haploid induction line comprises the following steps of transforming a beet petiole by using agrobacterium tumefaciens containing a beet BvCENH3 gene double-target CRISPR/Cas9 editing carrier, and preparing a CENH3 gene mutated beet plant, wherein the double-target CRISPR/Cas9 editing vector of the beet BvCENH3 gene is a CRISPR/Cas9 vector containing two sgRNA (small guide ribonucleic acid) of the target beet CENH3 gene. According to the method, a haploid induction system based on CENH3 gene regulation and control is constructed, and a pBWA (V) K-EGFP-CENH3 complementary vector is constructed so as to save the embryo lethality of CENH3. The haploid breeding applying the technology can greatly shorten the beet breeding age limit, and is an efficient beet breeding way.(ZH) 本发明提供了一种甜菜BvCENH3基因单倍体诱导系的构建方法与应用。本发明的甜菜BvCENH3基因单倍体诱导系的构建方法包括：以含有甜菜BvCENH3基因双靶标CRISPR/Cas9编辑载体的农杆菌转化甜菜叶柄，制备CENH3基因突变的甜菜植株；其中，甜菜BvCENH3基因双靶标CRISPR/Cas9编辑载体为含有靶向甜菜CENH3基因的两个sgRNA的CRISPR‑Cas9载体。本发明构建了基于CENH3基因调控的单倍体诱导系，并构建了pBWA(V)K‑EGFP‑CENH3互补载体以挽救CENH3的胚胎致死性。应用本发明技术的单倍体育种可以大大缩短甜菜育种年限，是一种高效的甜菜育种途径。",,113801891,09.06.2023,北京方圆嘉禾知识产权代理有限公司 11385,
CN234988193,201810866033,China,01.08.2018,108913717,30.11.2018,A,"C12N 15/82
					






A01H 5/00
					






A01H 6/46
					








C12N 15/82
					






A01H 5/00
					






A01H 6/46
					






View less classifications","C12N 15/8213
					






C12N 15/8273
					








C12N 15/8213
					






C12N 15/8273
					






View less classifications",HENAN AGRICULTURAL UNIVERSITY河南农业大学,DU YANXIU杜彦修JI XIN季新LI FEI李飞ZHAO QUANZHI赵全志YAN YUN晏云SUN HONGZHENG孙红正ZHANG JING张静LI JUNZHOU李俊周PENG TING彭廷,,(EN) Method for site-directed mutation of rice PHYB gene using CRISPR/Cas9 system(ZH) 一种利用CRISPR/Cas9系统对水稻PHYB基因定点突变的方法,"(EN) The invention relates to a method for site-directed mutation of a rice PHYB gene using a CRISPR/Cas9 system, and belongs to the technical field of plant genetic engineering. According to the method for the site-directed mutation of the rice PHYB gene, by using the CRISPR/Cas9 technology, directional editing is carried out on the rice phytochrome PHYB gene; by designing PHYB mutation targets, establishing expression vectors, and the rice is introduced by a agrobacterium-mediated method, the site-directed mutation of the rice PHYB gene is realized; according to the method, the operation is moresimple and rapid, and the test cycle is short, a simple and effective technical mean is provided for the rapid development of novel varieties of drought-resistant and salt-tolerant rice, and importantpractical significance for improving rice characters and breeding high and stable yield is achieved.(ZH) 本发明涉及一种利用CRISPR/Cas9系统对水稻PHYB基因定点突变的方法，属于植物基因工程技术领域。本发明利用CRISPR/Cas9技术，对水稻光敏色素PHYB基因进行定向编辑，通过设计PHYB突变靶点、构建表达载体，并利用农杆菌介导法导入水稻，实现了对水稻PHYB基因的定点突变，该方法操作更加简单快捷、试验周期短，为快速创制抗旱和耐盐水稻新品种提供了一种简单有效的技术手段，对改良水稻性状和高产稳产育种具有重要实践意义。",,,,郑州睿信知识产权代理有限公司 41119,
CN428836599,202410082888,China,19.01.2024,117947145,30.04.2024,A,"C12Q 1/6844
					






C12Q 1/6888
					






C12N 15/11
					








C12Q 1/6844
					






C12Q 1/6888
					






C12N 15/11
					






View less classifications","C12Q 1/6844
					






C12Q 1/6888
					






Y02A 50/30
					








C12Q 1/6844
					






C12Q 1/6888
					






Y02A 50/30
					






View less classifications",HENAN NORMAL UNIVERSITY河南师范大学,YANG QINGXIANG杨清香ZHAO WEICHAO赵伟超GAO JIN高锦ZHANG JIANGLI张江利LI MINGJUN李明军WANG RUIFEI王瑞飞ZHANG HAO张昊LIU YONGKANG刘永康HE YULONG何雨龙CHEN LITING陈丽婷,,(EN) Rapid detection method for pratylenchus coffee based on RPA-CRISPR/Cas12a(ZH) 一种基于RPA-CRISPR/Cas12a的咖啡短体线虫的快速检测方法,"(EN) The invention discloses a rapid detection method for pratylenchus coffee based on RPA-CRISPR/Cas12a, which comprises the following steps: collecting a plant tissue suspected to be infected with nematode disease as a material, carrying out nematode DNA crude extraction to obtain a nematode DNA crude extraction solution, adding the nematode DNA crude extraction solution into an RPA amplification system, and carrying out RPA amplification reaction, after the amplification reaction is finished, an RPA amplification reaction product and a TaqMan fluorescent probe are added into a CRISPR/Cas12a reaction system for reaction, then the reaction system is irradiated under a blue light LED lamp, if fluorescence exists, the result is positive, and if no light exists, the result is negative. The detection method provided by the invention is rapid and efficient, is simple to operate, does not depend on large instruments such as a centrifugal machine and a PCR instrument, and can realize rapid detection of pratylenchus coffee.(ZH) 本发明公开了一种基于RPA‑CRISPR/Cas12a的咖啡短体线虫的快速检测方法，采集疑似感染线虫病害的植物组织为材料进行线虫DNA粗提取得到线虫DNA粗制提取液，再将线虫DNA粗制提取液加入到RPA扩增体系中进行RPA扩增反应，待扩增反应结束后将RPA扩增反应产物和TaqMan荧光探针加入到CRISPR/Cas12a反应体系内进行反应，再将反应体系置于蓝光LED灯下照射，如有荧光则为阳性结果，无发光则为阴性结果。本发明的检测方法快速高效，操作简单，并且不依赖于离心机、PCR仪等大型仪器，能够实现对咖啡短体线虫的快速检测。",,,,新乡市平原智汇知识产权代理事务所(普通合伙) 41139,
CN370570721,202210606127,China,31.05.2022,114774459,22.07.2022,B,"C12N 15/80
					






C12N 15/66
					






C12N 1/15
					






C12N 15/113
					






C12N 15/56
					






C12R 1/645
					








C12N 15/80
					






C12N 15/66
					






C12N 1/15
					






C12N 15/113
					






C12N 15/56
					






C12R 1/645
					






View less classifications","C12N 15/80
					






C12N 15/113
					






C12N 9/22
					








C12N 15/80
					






C12N 15/113
					






C12N 9/22
					






View less classifications","ENVIRONMENT AND PLANT PROTECTION INSTITUTE, CHINESE ACADEMY OF TROPICAL AGRICULTURAL SCIENCES中国热带农业科学院环境与植物保护研究所",PENG JUN彭军ZHANG XIN张欣ZENG FANYUN曾凡云QI YANXIANG漆艳香DING ZHAOJIAN丁兆建WANG YANWEI王艳玮XIE PEILAN谢培兰XIE YIXIAN谢艺贤,,"(EN) Banana fusarium wilt CRISPR/Cas9 gene editing vector, preparation method and application(ZH) 一种香蕉枯萎菌CRISPR/Cas9基因编辑载体、制备方法及应用","(EN) The invention provides a banana fusarium wilt CRISPR/Cas9 (clustered regularly interspaced short palindromic repeats/CRISPR associated protein 9) gene editing vector as well as a preparation method and application thereof. The vector comprises Cas9 and an sgRNA expression cassette, the Cas9 expression cassette comprises a PgpdA promoter, an optimization codon Foc4-Cas9 and an H2BNLS nuclear localization signal carried at the two ends of the codon Foc4-Cas9; a Pol III type 5SrRNA promoter and a gRNA sequence N20 are included in the sgRNA expression cassette; according to the banana fusarium wilt CRISPR/Cas9 gene editing vector constructed by the invention, a plasmid type CRISPR/Cas9 gene editing technology for expressing Cas9 and sgRNA in vivo with higher editing efficiency of banana fusarium wilt Foc4 is realized, the operation is simple, convenient and stable, and the CRISPR/Cas9 gene editing efficiency of banana fusarium wilt is fully improved.(ZH) 本发明提供一种香蕉枯萎菌CRISPR/Cas9基因编辑载体、制备方法及应用,该载体包括Cas9和sgRNA表达框；Cas9表达框中，包括PgpdA启动子、优化密码子Foc4‑Cas9和密码子Foc4‑Cas9两端携带的H2BNLS核定位信号；sgRNA表达框中，包括Pol III型5SrRNA启动子和gRNA序列N20；本发明构建的香蕉枯萎菌CRISPR/Cas9基因编辑载体，实现了香蕉枯萎菌Foc4的更高编辑效率的体内表达Cas9和sgRNA的质粒型CRISPR/Cas9基因编辑技术，操作简便且稳定，充分提高香蕉枯萎菌CRISPR/Cas9基因编辑效率。",,114774459,12.03.2024,广州三环专利商标代理有限公司 44202,
CN281792435,201910995642,China,18.10.2019,110656114,07.01.2020,B,"C12N 15/29
					






C07K 14/415
					






C12N 15/82
					






A01H 5/12
					






A01H 6/82
					








C12N 15/29
					






C07K 14/415
					






C12N 15/82
					






A01H 5/12
					






A01H 6/82
					






View less classifications","C07K 14/415
					






C12N 15/8218
					






C12N 15/825
					








C07K 14/415
					






C12N 15/8218
					






C12N 15/825
					






View less classifications","CHINA TOBACCO YUNNAN INDUSTRIAL CO., LTD.云南中烟工业有限责任公司",LI XUEMEI李雪梅ZENG WANLI曾婉俐XIANG HAIYING向海英LI JING李晶YANG GUANGYU杨光宇SONG CHUNMAN宋春满GAO QIAN高茜ZHANG JIANDUO张建铎XU LI许力JIANG JIARUI蒋佳芮DENG LELE邓乐乐YANG WENWU杨文武,,(EN) Tobacco pigment synthesis associated gene and application thereof(ZH) 一种烟草色素合成相关的基因及其应用,"(EN) The invention relates to a tobacco pigment synthesis associated gene and an application thereof, and belongs to the technical field of plant genetic engineering. According to the tobacco pigment synthesis associated gene Ntab0036220 provided by the invention, through RT-PCR, the inventor finds that the gene has expression in leaves. In strains for editing the tobacco pigment synthesis associated gene Ntab0036220, the expression level of the tobacco pigment synthesis associated gene Ntab0036220 in the leaves is notably reduced compared with a control (free from transformation ) strain. A CRISPR/Cas9 mediated gene editing technique is adopted, so that a CRISPR/Cas9 editing carrier for knocking out the Ntab0036220 gene is constructed, and through heredity transformation, mammoth gold of whichthe Ntab0036220 gene is edited is obtained. For the obtained strain, the content of neoxanthin, violaxanthin, xanthophyll, chlorophyll b, chlorophyll a and carotene is obviously reduced.(ZH) 本发明涉及一种烟草色素合成相关的基因及其应用，属于植物基因工程技术领域。本发明提供的烟草色素合成相关的基因Ntab0036220，通过RT‑PCR发现，该基因在叶片中有表达。在编辑烟草色素合成相关的基因Ntab0036220的植株中，烟草色素合成相关的基因Ntab0036220在叶片中的表达量较对照（未转化）植株显著降低。本发明通过CRISPR/Cas9介导的基因编辑技术，构建了用于敲除Ntab0036220基因的CRISPR/Cas9编辑载体，经遗传转化后获得了Ntab0036220基因发生编辑的红花大金元植株，所获植株的新黄质、紫黄质、叶黄素、叶绿素b、叶绿素a和胡萝卜素含量明显降低。",,110656114,01.07.2022,昆明正原专利商标代理有限公司 53100昆明正原专利商标代理有限公司 53100,
CN306315719,202010408492,China,14.05.2020,111621515,04.09.2020,A,"C12N 15/82
					






C12N 15/29
					








C12N 15/82
					






C12N 15/29
					






View less classifications","C12N 15/8213
					






C07K 14/415
					








C12N 15/8213
					






C07K 14/415
					






View less classifications",CHINA JILIANG UNIVERSITY中国计量大学,YANG SU杨素ZHU CHENG朱诚,,(EN) Method for enhancing gene editing efficiency of CRISPR/ Cas9 system(ZH) 一种增强CRISPR/Cas9系统基因编辑效率的方法,"(EN) The invention relates to the field of plant genetic engineering, and particularly relates to a method for enhancing the gene editing efficiency of a CRISPR/ Cas9 system. The method comprises the following steps: adding a round of PCR reaction for connecting gRNA expression cassettes of U3 and U6a after PCR2, and then performing enzyme digestion connection to obtain a recombinant plasmid; connecting the U3 expression cassette with the U6a expression cassette, and then connecting the connected product with an MH plasmid. Compared with the prior art that the U3 expression cassette, the U6a expression cassette and the MH plasmid are connected together, the method provided by the invention has the advantages that the connection difficulty is far lower than that of the prior art, the proportionof positive clonesis greatly increased, the connection of the U3 expression cassette and the U6a expression cassette is realized, a lower primer B2-M of the U3 expression cassette and an upper primerB2'-M of the U6a expression cassette are redesigned, and the sequences of the B2-M and the B2'-M are partially complementary, so that the products of the U3 expression cassette and the U6a expressioncassette can be complementarily connected through a sticky terminal base in the third round of PCR reaction.(ZH) 本发明涉及植物基因工程领域，尤指一种增强CRISPR/Cas9系统基因编辑效率的方法，本发明在PCR2后添加了一轮将U3和U6a的gRNA表达盒连接的PCR反应，然后再进行酶切连接，得到重组质粒；对U3表达盒与U6a表达盒连接，连接后的产物再与MH质粒连接，相对于现有技术同时将U3表达盒、U6a表达盒、MH质粒一起连接，本发明连接的难度远低于现有技术的连接难度，阳性克隆的比例大大增加，实现上述U3表达盒和U6a表达盒连接，重新设计了U3表达盒的下引物B2‑M和U6a表达盒的上引物B2’‑M，使B2‑M与B2’‑M的序列部分互补，这样可以使U3表达盒和U6a表达盒产物在第三轮PCR反应中通过粘性末端碱基互补连接起来。",,,,北京神州信德知识产权代理事务所(普通合伙) 11814,
CN240415594,201811393902,China,21.11.2018,109517846,26.03.2019,A,"C12N 15/90
					






C12N 15/82
					






C12N 15/66
					






A01H 5/00
					






A01H 6/60
					








C12N 15/90
					






C12N 15/82
					






C12N 15/66
					






A01H 5/00
					






A01H 6/60
					






View less classifications","C12N 15/8218
					






C12N 15/902
					








C12N 15/8218
					






C12N 15/902
					






View less classifications",HUAZHONG AGRICULTURAL UNIVERSITY华中农业大学,GUO XIAOPING郭小平XU XIAOLAN徐孝兰ZHANG JUN张军,,(EN) Method of constructing cotton mutant library with high through throughput based on CRISPR/Cas9 system(ZH) 基于CRISPR/Cas9系统高通量构建棉花突变体库的方法,"(EN) The invention belongs to the technical field of plant genetic engineering, and in particular relates to a method of constructing a cotton mutant library with high through throughput based on a CRISPR/Cas9 system. A converting vector of upland cotton is constructed, and an application of high throughput edition in a genome of upland cotton by using the vector is carried out. TRNA and CcdB gene fragments are cloned by means of primers with joints and the gene fragments are connected to a Prgeb32-gHu6.7-NBTII converting vector edited by the genome of upland cotton to form a vector Htkt which canedits the genome of upland cotton with high throughout. By means of the characteristic of the high throughput vector, upland cotton drone fragments can be designed in batches and are mixed to construct the vector to obtain the cotton mutant library finally. A high throughput sequencing result verifies that the sgRNA coverage rate of the high throughput vector reaches up to 97%.(ZH) 本发明属于植物基因工程技术领域，具体涉及基于CRISPR/Cas9系统高通量构建棉花突变体库的方法。本发明构建了一个陆地棉的转化载体，利用这个载体在陆地棉基因组中进行高通量编辑的应用。本发明通过带有接头的引物克隆得到tRNA和CcdB基因片段，将这些基因片段连接至适用于陆地棉基因组编辑的pRGEB32‑GhU6.7‑NPTⅡ转化载体中成为一种可以高通量编辑棉花基因组的载体Htkt。本发明利用高通量转化载体的特点，可大批量设计陆地棉靶标片段并进行混合构建载体最终得到棉花突变体库。高通量测序结果表明，这种高通量载体的sgRNA覆盖率高达97％。",,,,武汉宇晨专利事务所 42001,
CN323790134,201911035463,China,29.10.2019,112725374,30.04.2021,A,"C12N 15/84
					






C12N 15/29
					






C12N 15/113
					






A01H 1/02
					






A01H 5/00
					






A01H 5/10
					






View more classifications
							






C12N 15/84
					






C12N 15/29
					






C12N 15/113
					






A01H 1/02
					






A01H 5/00
					






A01H 5/10
					






A01H 6/46
					






View less classifications","C12N 15/8213
					






C12N 15/8218
					






C07K 14/415
					






A01H 1/02
					








C12N 15/8213
					






C12N 15/8218
					






C07K 14/415
					






A01H 1/02
					






View less classifications","CHINA NATIONAL SEED GROUP CO., LTD.中国种子集团有限公司",PAN YANLIN潘燕林DING QI丁琦TAN CHAO谭超CHEN YA陈雅XU NIAN徐念LI HONGJING李弘婧WANG WENSHU王文舒MA CHONGLIE马崇烈,,(EN) Method for creating plant haploid induction system and application thereof(ZH) 创制植物单倍体诱导系的方法及其应用,"(EN) The invention relates to a method for creating a plant haploid inducer, which comprises the step of modifying a CENH3 gene in a plant to delete a functional part of the CENH3 gene. Specifically, the invention relates to the rice OsCENH3 gene edited by utilizing a CRISPR/Cas9 system so as to generate a rice haploid induction line, and the rice haploid induction line has the capability of inducing haploid generation, so that the rice haploid induction line has important significance for agricultural production. The present application also encompasses methods of inducing haploid production with haploid inducers and the use of haploid inducers for breeding, gene editing, haploid production and new haploid inducers.(ZH) 本申请涉及创制植物单倍体诱导系的方法，其包括修饰植物中的CENH3基因，使其功能部分缺失。具体地，本申请涉及利用CRISPR/Cas9系统编辑水稻OsCENH3基因，从而产生水稻单倍体诱导系，其具有诱导单倍体产生的能力，这对于农业生产具有重要的意义。本申请还涵盖了利用单倍体诱导系诱导产生单倍体的方法以及单倍体诱导系用于育种、进行基因编辑、产生单倍体和产生新的单倍体诱导系的用途。",,,,北京英赛嘉华知识产权代理有限责任公司 11204北京英赛嘉华知识产权代理有限责任公司 11204,
CN241488075,201910079904,China,28.01.2019,109609517,12.04.2019,B,"C12N 15/29
					






A01H 5/00
					






A01H 6/82
					








C12N 15/29
					






A01H 5/00
					






A01H 6/82
					






View less classifications","C07K 14/415
					






C12N 15/8282
					








C07K 14/415
					






C12N 15/8282
					






View less classifications",ZHEJIANG UNIVERSITY浙江大学,YU JINGQUAN喻景权PAN CAIZHE潘蔡哲SHI KAI师恺,,(EN) Application of SlGLR3 gene in improvement of plant gray mold resistance(ZH) SlGLR3基因在提高植物灰霉病抗性中的应用,"(EN) The invention discloses application of an S1GLR3 gene in improvement of plant gray mold resistance. The nucleotide sequence of a S1GLR3 gene protein coding region is as shown in SEQ ID NO. 1. According to the invention, a CRISPR/Cas9 gene editing technology is used to obtain a tomato glr3 deletion mutant plant, and the technical scheme proves that the application of the SlGLR3 gene in improvementof plant gray mold resistance can be used for selective breeding of gray-mold-resistant tomatoes.(ZH) 本发明公开了SlGLR3基因在提高植物灰霉病抗性中的应用，所述SlGLR3基因蛋白编码区的核苷酸序列如SEQ ID NO.1所示。本发明利用CRISPR/Cas9基因编辑技术获得番茄glr3缺失突变体植株，证明了SlGLR3基因在提高植物灰霉病抗性中的应用，可用于抗灰霉病番茄的选育。",,109609517,19.06.2020,杭州天勤知识产权代理有限公司 33224,
CN338598829,202010199886,China,20.03.2020,113429467,24.09.2021,B,"C07K 14/415
					






C12N 15/82
					






A01H 5/00
					






A01H 5/06
					






A01H 6/54
					








C07K 14/415
					






C12N 15/82
					






A01H 5/00
					






A01H 5/06
					






A01H 6/54
					






View less classifications","C07K 14/415
					






C12N 15/8213
					






C12N 15/8271
					








C07K 14/415
					






C12N 15/8213
					






C12N 15/8271
					






View less classifications",INSTITUTE OF MICROBIOLOGY CHINESE ACADEMY OF SCIENCES中国科学院微生物研究所,KONG ZHAOSHENG孔照胜WANG QI王琪ZHANG XIAXIA张霞霞HUANG YIGE黄弋戈REN JING任静,,(EN) Application of NPF7.6 protein in regulation and control of nitrogen tolerance of leguminous plant root nodules(ZH) NPF7.6蛋白在调控豆科植物根瘤耐氮性中的应用,"(EN) The invention discloses application of NPF7.6 protein in regulation and control of nitrogen tolerance of leguminous plant root nodules. The amino acid sequence of the NPF7.6 protein is shown as SEQ ID No.2. The invention provides a method for improving nitrogen resistance of leguminous plant root nodules, which comprises the following steps of editing a gene for coding NPF7.6 protein at a fixed point by utilizing a CRISPR/Cas9 technology, namely knocking out a medicago truncatula NPF7.6 gene, so as to obtain a new germplasm of which the root nodule nitrogen resistance is obviously improved; and the nitrogen resistance of the root nodules is improved by increasing the biomass of the root nodules and increasing the length of the root nodules. The application has important application value for plant breeding.(ZH) 本发明公开了NPF7.6蛋白在调控豆科植物根瘤耐氮性中的应用，NPF7.6蛋白的氨基酸序列是SEQ ID No.2所示。本发明提供了一种提高豆科植物根瘤耐氮性的方法，利用CRISPR/Cas9技术定点编辑编码NPF7.6蛋白的基因，即敲除蒺藜苜蓿NPF7.6基因，获得了根瘤耐氮性显著提高的新种质；根瘤耐氮性提高体现为根瘤生物量的增加和根瘤长度的增加。本发明对植物育种具有重大的应用价值。",,113429467,24.01.2023,北京纪凯知识产权代理有限公司 11245,
CN406237289,202310549097,China,16.05.2023,116622746,22.08.2023,A,"C12N 15/54
					






C12N 9/12
					






C12N 15/82
					






A01H 5/00
					






A01H 6/82
					








C12N 15/54
					






C12N 9/12
					






C12N 15/82
					






A01H 5/00
					






A01H 6/82
					






View less classifications","C12N 9/12
					






C12N 15/8243
					






C12N 15/8261
					






C12N 15/8216
					






C12Y 207/11
					






Y02A 40/146
					








C12N 9/12
					






C12N 15/8243
					






C12N 15/8261
					






C12N 15/8216
					






C12Y 207/11
					






Y02A 40/146
					






View less classifications","CHINA TOBACCO YUNNAN INDUSTRIAL CO., LTD.云南中烟工业有限责任公司",XU LI许力XU YONG许永JIANG JIARUI蒋佳芮ZHANG LUMIN张鲁民GAO XI高茜LI LIQIN李立芹ZENG WANLI曾婉俐XIANG HAIYING向海英LU LIMING鲁黎明MI QILI米其利LI XUEMEI李雪梅HUANG HAITAO黄海涛LI JING李晶,,(EN) Tobacco CBL interaction serine/threonine protein kinase 23 gene and application thereof(ZH) 烟草CBL相互作用的丝氨酸/苏氨酸蛋白激酶23基因及应用,"(EN) The invention relates to a tobacco CBL interaction serine/threonine protein kinase 23 gene. The nucleotide sequence of the tobacco CBL interaction serine/threonine protein kinase 23 gene is as shown in SEQ ID NO. 1. According to the tobacco CBL interaction serine/threonine protein kinase 23 gene NtCIPK23 provided by the invention, the NtCIPK23 gene is knocked out by utilizing a CRISPR/Cas9 mediated gene editing technology to obtain a gene editing plant of which the potassium ion content is reduced compared with that of a control plant under a low-potassium condition; under the low-potassium condition, the growth vigor of a gene editing plant is weaker than that of a control plant, and a genetic material and a theoretical basis are provided for research on the tobacco CBL interaction serine/threonine protein kinase 23 gene and application of the gene in tobacco potassium absorption and utilization.(ZH) 本发明涉及一种烟草CBL相互作用的丝氨酸/苏氨酸蛋白激酶23基因，其核苷酸序列如SEQ ID NO.1所示。本发明提供的烟草CBL相互作用的丝氨酸/苏氨酸蛋白激酶23基因NtCIPK23，利用CRISPR/Cas9介导的基因编辑技术敲除NtCIPK23基因获得在低钾条件下与对照植株相比钾离子含量降低的基因编辑植株；在低钾条件下，基因编辑植株的长势弱于对照植株，为烟草CBL相互作用的丝氨酸/苏氨酸蛋白激酶23基因研究及该基因在烟草钾吸收利用方面的应用提供了遗传材料和理论依据。",,,,北京市领专知识产权代理有限公司 11590,
,,,,,,,,,,,,,,,,,,
CA406583286,3211382,Canada,,3211382,23.03.2023,A1,"C07K 14/415
					






C12N 1/21
					






C12N 9/22
					






C12N 15/113
					






C12N 15/29
					






C12N 15/55
					






View more classifications
							






C07K 14/415
					






C12N 1/21
					






C12N 9/22
					






C12N 15/113
					






C12N 15/29
					






C12N 15/55
					






C12N 15/82
					






View less classifications","C12N 15/113
					






C12N 9/22
					






C07K 14/415
					






C12N 15/8218
					






C12N 15/827
					






C12N 15/8261
					






View more classifications
							






C12N 15/113
					






C12N 9/22
					






C07K 14/415
					






C12N 15/8218
					






C12N 15/827
					






C12N 15/8261
					






C12N 15/8282
					






C12N 2800/22
					






C12N 2310/20
					






View less classifications",JIANGSU UNIVERSITY,"TAN, XIAOLIGENG, RUIZHU, KEMINGWANG, ZHENGDING, LINACAO, JUNLI, YULONGXUE, YIXUANSHAN, YUELI, LEI",202111075160.9 14.09.2021 CN,"(EN) METHOD FOR SITE-DIRECTED MUTAGENESIS OF BNHBBD GENE OF BRASSICA NAPUS L., AND USE(FR) PROCEDE ET APPLICATION DE LA MUTATION CIBLANT UN SITE DU GENE BNHBBD DE BRASSICA NAPUS","(EN) The present disclosure provides a method for site-directed mutagenesis (SDM) of a BnHBBD gene of Brassica napus L., and a use, and belongs to the technical field of plant gene editing and plant breeding. In the present disclosure, Targetl and Target? are designed and screened for a BnHBBD gene in Brassica napus L., gRNA sequences are designed, and then the Targetl and the Target? are ligated with two identical gRNA sequences respectively to construct a dual-target gene-editing vector pKSE401-BnHBBD-CRISPR', and the dual-target gene-editing vector is transformed into Brassica napus L. to allow SDM of the BnHBBD gene of the Brassica napus L. to obtain a transgenic plant with a long flowering stage, Sclerotinia sclerotiorum resistance, and a silique that is not easy to crack.(FR) La présente divulgation concerne une méthode et une utilisation de la mutagénèse dirigée (SDM) ciblant un site du gène BnHBBD de Brassica napus L., appartenant au domaine technique de l'édition génétique végétale et de la sélection végétale. Dans la présente divulgation, les cibles Target1 et Target2 sont conçues et criblées pour le gène BnHBBD de Brassica napus L., des séquences ARNg sont conçues, et les cibles Target1 et Target2 sont ensuite liées à deux séquences ARNg identiques pour construire un vecteur d'édition génétique à double cible pKSE401-BnHBBD-CRISPR, et le vecteur d'édition génétique à double cible est transformé en Brassica napus L., afin de réaliser une SDM ciblant un site du gène BnHBBD de Brassica napus L. et d'obtenir une plante transgénique possédant une longue période de floraison, résistant à la Sclerotinia sclerotiorum, et possédant des siliques difficiles à fendre.","CN113980964

WO/2023/040623",,,,
RU250114944,2018101730,Russian Federation,17.06.2016,2777988,25.07.2019,C9,"C12N 9/22
					






C12N 15/90
					






C12N 15/11
					






C12N 5/10
					








C12N 9/22
					






C12N 15/90
					






C12N 15/11
					






C12N 5/10
					






View less classifications","C12N 9/22
					






C12N 15/102
					






C12N 15/111
					






C12N 2310/20
					






A61K 48/005
					






C12N 15/11
					






View more classifications
							






C12N 9/22
					






C12N 15/102
					






C12N 15/111
					






C12N 2310/20
					






A61K 48/005
					






C12N 15/11
					






C12N 15/8213
					






C12N 2800/80
					






View less classifications","ДЗЕ БРОД ИНСТИТЬЮТ ИНК. (US)МАССАЧУСЕТС ИНСТИТЬЮТ ОФ ТЕКНОЛОДЖИ (US)ПРЕЗИДЕНТ ЭНД ФЕЛЛОУЗ ОФ ГАРВАРД КОЛЛЕДЖ (US)РУТГЕРС, ДЗЕ СТЕЙТ ЮНИВЕРСИТИ ОФ НЬЮ ДЖЕРСИ (US)АВТОНОМНАЯ НЕКОММЕРЧЕСКАЯ ОБРАЗОВАТЕЛЬНАЯ ОРГАНИЗАЦИЯ ВЫСШЕГО ОБРАЗОВАНИЯ ""СКОЛКОВСКИЙ ИНСТИТУТ НАУКИ И ТЕХНОЛОГИЙ"" (RU)ДЗЕ ЮНАЙТЕД СТЕЙТС ОФ ЭМЕРИКА, эз репрезентед бай, ДЗЕ СЕКРЕТЭРИ ДИПАРТМЕНТ ОФ ХЕЛТ ЭНД ХЬЮМАН СЕРВИСИЗ (US)КУНИН, Юджин (US)ЧЖАН, Фэн (US)ВОЛЬФ, Юрий, И. (US)ШМАКОВ Сергей (RU)СЕВЕРИНОВ, Константин (US)СЕМЕНОВА, Екатерина (US)МИНАХИН, Леонид (US)МАКАРОВА, Кира, С. (US)КОНЕРМАНН, Сильвана (CH)ДЖУНГ, Джулия (US)ГУТЕНБЕРГ, Джонатан, С. (US)АБУДАЙЕХ, Омар, О. (US)",КУНИН Юджин (US)ЧЖАН Фэн (US)ВОЛЬФ Юрий И. (US)ШМАКОВ Сергей (RU)СЕВЕРИНОВ Константин (US)СЕМЕНОВА Екатерина (US)МИНАХИН Леонид (US)МАКАРОВА Кира С. (US)КОНЕРМАНН Сильвана (CH)ДЖУНГ Джулия (US)ГУТЕНБЕРГ Джонатан С. (US)АБУДАЙЕХ Омар О. (US)KOONIN Eugene (US)ZHANG Feng (US)WOLF Yuri I. (US)SHMAKOV Sergey (RU)SEVERINOV Konstantin (US)SEMENOVA Ekaterina (US)MINAKHIN Leonid (US)MAKAROVA Kira S. (US)KONERMANN Silvana (CH)JOUNG Julia (US)GOOTENBERG Jonathan S. (US)ABUDAYYEH Omar O. (US),"62/181,663 18.06.2015 US",(EN) NOVEL CRISPR ENZYMES AND SYSTEMS(RU) НОВЫЕ ФЕРМЕНТЫ И СИСТЕМЫ CRISPR,"(EN) FIELD: biotechnology.
SUBSTANCE: invention relates to the field of biotechnology, in particular to a method for the modification of a target locus of interest, including the delivery to the specified locus of a composition not found in nature or constructed, including monomolecular effector protein CRISPR-Cas containing three catalytic domains of RuvC nuclease, but not containing HNH domain, and one or more components, which are nucleic acids including a heterologous directing sequence and tracr-RNA sequence. A composition not found in nature or constructed, and a system for the modification of a target sequence of interest, as well as a delivery system containing it, and a vector system are also disclosed. The invention also relates to a particle, a cell, a cell line containing it, as well as to a method for the production of a plant, and a method for the inhibition of cell growth.
EFFECT: invention is effective for the modification of a target locus of interest.
61 cl, 53 dwg, 12 tbl, 5 ex(RU) Изобретение относится к области биотехнологии, в частности к способу модификации представляющего интерес локуса-мишени, включающему доставку в указанный локус не встречающейся в природе или сконструированной композиции, включающей одномолекулярный эффекторный белок CRISPR-Cas, содержащий три каталитических домена нуклеазы RuvC, но не содержащий домен HNH, и один или более компонентов, являющихся нуклеиновыми кислотами, включающих гетерологичную направляющую последовательность и последовательность tracr-PHK. Также раскрыты не встречающаяся в природе или сконструированная композиция и система для модификации представляющей интерес последовательности-мишени, а также содержащая ее система доставки и векторная система. Изобретение также относится к частице, клетке, содержащей ее клеточной линии, а также к способу получения растения и способу ингибирования роста клеток. Изобретение эффективно для модификации представляющего интерес локуса-мишени. 12 н. и 49 з.п. ф-лы, 53 ил., 12 табл., 5 пр.","AU2016279062

EP3436575

WO/2016/205749

RU2022121427

US20180320163

CA3012607

US20210348156

US20210348157

AU2022205165",,12.08.2022,,
CN409230988,202310733434,China,20.06.2023,116769820,19.09.2023,A,"C12N 15/82
					






A01H 6/46
					






A01H 5/10
					








C12N 15/82
					






A01H 6/46
					






A01H 5/10
					






View less classifications","C12N 15/8245
					






C12N 15/8205
					






C12N 15/8218
					








C12N 15/8245
					






C12N 15/8205
					






C12N 15/8218
					






View less classifications",JIANGSU LIXIAHE REGION AGRICULTURAL RESEARCH INSTITUTE江苏里下河地区农业科学研究所,LIU JIANJU刘建菊LI AIHONG李爱宏XIAO NING肖宁PAN CUNHONG潘存红HUANG NIANSHENG黄年生CAI YUE蔡跃WU YUNYU吴云雨YU LING余玲LIU GUANGQING刘广青SHI WEI时薇CHEN ZICHUN陈梓春ZHU SHUHAO朱书豪WANG ZHIPING王志平LI YUHONG李育红ZHOU CHANGHAI周长海ZHANG XIAOXIANG张小祥JI HONGJUAN季红娟,,(EN) Preparation method of rice germplasm with relatively low amylose content(ZH) 一种较低直链淀粉含量水稻种质的制备方法,"(EN) The invention provides a preparation method of rice germplasm with relatively low amylose content, which comprises the following steps: designing corresponding sequences of gRNA, PAM and HDR templates according to a target sequence, and constructing CRIPSR/Cas12a plasmids; performing genetic transformation on the gene editing plasmid, introducing the gene editing plasmid into receptor rice to obtain a transgenic editing line, screening plants containing target basic group replacement, and detecting agronomic characters, insect resistance, disease resistance and other characters, appearance quality and amylose content so as to screen a Huai rice No.5 gene editing line with transparent appearance and amylose content of 12-14%; according to the germplasm creation method, a CRISPR/Cas12a gene editing technology is utilized for editing a protein structure key site of a rice amylose content key regulation gene Wx for the first time, so that a new polished round-grained rice strain which is low in amylose content and keeps transparent in appearance is obtained.(ZH) 本发明提供一种较低直链淀粉含量水稻种质的制备方法，包括根据目标序列设计gRNA、PAM和HDR模板对应序列，构建CRIPSR/Cas12a的质粒；然后将基因编辑质粒进行遗传转化，导入受体水稻中，获得转基因编辑系，再筛选包含目的碱基替换的植株，进行农艺性状、抗虫、抗病等性状，以及外观品质、直链淀粉含量的检测，以筛选外观透明，直链淀粉含量介于12‑14%的淮稻5号的基因编辑系；本申请首次利用CRISPR/Cas12a基因编辑技术针对水稻直链淀粉含量关键调控基因Wx的蛋白结构关键位点进行编辑，以获得直链淀粉含量较低且保持外观透明的粳米新品系的种质创制方法。",,,,江苏圣典律师事务所 32237,
,,,,,,,,,,,,,,,,,,
CN429515032,202410111954,China,26.01.2024,118028343,14.05.2024,A,"C12N 15/81
					






C12N 15/90
					






C12N 1/19
					






C12R 1/645
					






C12R 1/865
					






C12R 1/84
					








C12N 15/81
					






C12N 15/90
					






C12N 1/19
					






C12R 1/645
					






C12R 1/865
					






C12R 1/84
					






View less classifications","C12N 15/81
					






C12N 15/815
					






C12N 15/905
					






C12R 2001/645
					






C12R 2001/865
					






C12R 2001/84
					








C12N 15/81
					






C12N 15/815
					






C12N 15/905
					






C12R 2001/645
					






C12R 2001/865
					






C12R 2001/84
					






View less classifications",TIANJIN UNIVERSITY天津大学,WU YI吴毅SU SHUXIN苏舒心WON YOUNG-JIN元英进MA YUAN马渊,,(EN) Method for quickly converting diploid host into haploid and application of method in large-fragment DNA (Deoxyribose Nucleic Acid) transfer(ZH) 一种快速将二倍体宿主转变为单倍体的方法及其在大片段DNA转移中的应用,"(EN) The invention provides a method for transforming a diploid host into a haploid and application of the method in large-fragment DNA (deoxyribonucleic acid) transfer. According to the method, a CRISPR/Cas9 system, a technology that DSB is generated near centromere to induce deletion of a whole chromosome and a URA3/5-FOA reverse screening system are utilized to quickly eliminate 16 chromosomes of yeast at multiple targets at one time, so that a set of genomes is selectively eliminated in diploid yeast, and finally another set of chromosomes is reserved to obtain haploid yeast; furthermore, the transfer of the 1.024 Mb DNA fragment is realized on the basis of the method. The method has the characteristics of simplicity in operation, short period and low cost, is expected to provide a convenient way for realizing rapid haploid for eukaryotic microorganisms such as other yeasts containing centromere chromosomes and animals and plants, and has wide application potential in the aspects of biological breeding and the like; the method can also be used for construction of other customized aneuploid cells with multiple chromosomes deleted and transfer of large-fragment DNA.(ZH) 本发明提供了一种将二倍体宿主向单倍体转变的方法及其在大片段DNA转移中的应用。该方法利用CRISPR/Cas9系统、着丝粒附近产生DSB诱导整条染色体删除技术以及URA3/5‑FOA反筛系统，实现了一次性多靶点地快速消除酵母16条染色体，从而在二倍体酵母中选择性消除一套基因组，最终保留另一套染色体，得到单倍体酵母，进一步基于该方法实现了1.024Mb DNA片段的转移。该方法具有操作简单、周期短、成本低的特点，有望为含有着丝粒型染色体的其他酵母等真核微生物及动植物提供实现快速单倍体化的便捷途径，在生物育种等方面具有广泛的应用潜力，亦可用于其他定制化多条染色体删除的非整倍体细胞构建和大片段DNA的转移。",,,,北京集佳知识产权代理有限公司 11227,
CN395743650,202211693199,China,28.12.2022,115896164,04.04.2023,A,"C12N 15/82
					






C12N 15/84
					






C12N 15/29
					






C12N 15/113
					






A01H 5/00
					






A01H 6/82
					








C12N 15/82
					






C12N 15/84
					






C12N 15/29
					






C12N 15/113
					






A01H 5/00
					






A01H 6/82
					






View less classifications","Y02A 40/25
					








Y02A 40/25
					






View less classifications",CHINA AGRICULTURAL UNIVERSITY中国农业大学,LI BINGBING李冰冰ZHU HONGLIANG朱鸿亮LI XINDI李鑫娣LIU CHUANG刘闯BAO YUJUAN包玉娟ZHANG NAN张楠SON YONG-HYE孙溶慧,,(EN) Method for improving storability of plant fruits(ZH) 一种提高植物果实耐贮性的方法,"(EN) The invention discloses a method for improving the storability of plant fruits. According to the invention, a CRISPR/Cas9 genome multi-target editing technology is utilized to target a tomato chlorophyll degradation key gene-staying green gene 1 (SGR1) which is also a lycopene synthesis key gene, so that a gene editing tomato is created. Compared with a wild tomato, the tomato edited by the gene has better storage resistance and transportation resistance of fruits. The method provided by the invention provides a new strategy and method for tomato germplasm improvement and improvement of tomato transportation economic benefits.(ZH) 本发明公开了一种提高植物果实耐贮性的方法。本发明利用CRISPR/Cas9基因组多靶点编辑技术，靶向番茄叶绿素降解关键基因‑滞绿基因1(SGR1)，也是番茄红素合成关键基因，创制了基因编辑番茄。该基因编辑番茄相比与野生型番茄，具有更好的果实的耐贮藏和耐运输性。本发明所提供的方法为番茄种质改良以及提高番茄运输经济效益提供了新策略和方法。",,,,北京纪凯知识产权代理有限公司 11245,
CN426072760,202311711783.X,China,13.12.2023,117683788,12.03.2024,A,"C12N 15/29
					






C12N 15/82
					






C07K 14/415
					






C12Q 1/6895
					






C12Q 1/6851
					






A01H 5/00
					






View more classifications
							






C12N 15/29
					






C12N 15/82
					






C07K 14/415
					






C12Q 1/6895
					






C12Q 1/6851
					






A01H 5/00
					






A01H 6/60
					






View less classifications","C07K 14/415
					






C12N 15/8261
					






C12Q 1/6895
					






C12Q 1/6851
					






C12Q 2600/13
					






C12Q 2600/158
					








C07K 14/415
					






C12N 15/8261
					






C12Q 1/6895
					






C12Q 1/6851
					






C12Q 2600/13
					






C12Q 2600/158
					






View less classifications","COTTON RESEARCH INSTITUTE, CHINESE ACADEMY OF AGRICULTURAL SCIENCES中国农业科学院棉花研究所",LV LIMIN吕丽敏SONG GUOLI宋国立ZUO DONGYUN左东云ZHANG YOUPING张友平CHENG HAILIANG程海亮WANG QIAOLIAN王巧连,,(EN) Application of GhnsLTP1 gene in regulation and control of cotton fiber length(ZH) GhnsLTP1基因在调控棉花纤维长度中的应用,"(EN) The invention relates to the technical field of plant genetic engineering, in particular to application of a GhnsLTP1 gene in regulation and control of cotton fiber length. The nucleotide sequence of the GhnsLTP1 gene is as shown in SEQ ID NO. 1, and the amino acid sequence of the protein coded by the GhnsLTP1 gene is as shown in SEQ ID NO. 2. According to the invention, the fiber length of a transgenic cotton plant obtained by knocking out the GhnsLTP1 gene by using a CRISPR/Cas9 technology is obviously shortened, which indicates that the GhnsLTP1 gene plays a key role in elongation of cotton fiber development. The invention provides a favorable gene resource for cultivating high-quality cotton.(ZH) 本发明涉及植物基因工程技术领域，具体涉及GhnsLTP1基因在调控棉花纤维长度中的应用。所述GhnsLTP1基因的核苷酸序列如SEQ ID NO.1所示，所述GhnsLTP1基因编码的蛋白的氨基酸序列如SEQ ID NO.2所示。本发明利用CRISPR/Cas9技术敲除GhnsLTP1基因所得的转基因棉花植株纤维长度显著变短，表明GhnsLTP1基因在棉花纤维发育的伸长具有关键作用。本发明为培育高品质棉花提供了有利的基因资源。",,,,郑州豫原知识产权代理事务所(普通合伙) 41176,
,,,,,,,,,,,,,,,,,,
CN398430744,202211139980,China,19.09.2022,116083430,09.05.2023,A,"C12N 15/113
					






C12N 15/84
					






C12N 15/29
					






C12N 1/21
					






A01H 5/06
					






A01H 5/04
					






View more classifications
							






C12N 15/113
					






C12N 15/84
					






C12N 15/29
					






C12N 1/21
					






A01H 5/06
					






A01H 5/04
					






A01H 5/00
					






A01H 6/00
					






C12R 1/01
					






View less classifications","C12N 15/8218
					






C12N 15/8261
					






C12N 15/8255
					






C07K 14/415
					






C12N 2310/20
					






C12N 15/113
					






View more classifications
							






C12N 15/8218
					






C12N 15/8261
					






C12N 15/8255
					






C07K 14/415
					






C12N 2310/20
					






C12N 15/113
					






C12N 9/22
					






C12N 15/8205
					






C12N 15/8246
					






A01H 4/005
					






A01H 4/008
					






C12R 2001/01
					






Y02A 50/30
					






View less classifications",ZHEJIANG A&F UNIVERSITY浙江农林大学,AN YI安轶GENG YA耿娅LIU YU刘钰JIAO XUE焦雪,,(EN) Method for improving properties of poplar(ZH) 一种改善杨树性状的方法,"(EN) The invention discloses a method for improving the character of a poplar, which is characterized in that a poplar GLR3.3a gene and a poplar GLR3.3b gene are knocked out through a CRISPR/Cas9 system to obtain a gene knockout poplar. The expression quantities of genes such as ACA7, ABCB21, PRX3, CAD7, MYB43, BCB, XTH15, XTH23, CIPK and WAG1 in the root of the poplar with the knockout gene are remarkably increased. In the gene knockout poplar, the root number, the root length, the root cross sectional area, the root branch number, the plant height, the ground stem diameter, the root dimension tubular column proportion, the root dimension tubular column xylem proportion, the root hardness, the root lignin content and the plant stem xylem proportion are increased; water and soil can be better kept, wind prevention and sand fixation are achieved, and lodging resistance is achieved.(ZH) 本发明公开了一种改善杨树性状的方法，通过CRISPR/Cas9系统，敲除杨树GLR3.3a基因和杨树GLR3.3b基因，得到基因敲除杨树。ACA7，ABCB21，PRX3，CAD7，MYB43，BCB，XTH15，XTH23，CIPK和WAG1等基因在基因敲除杨树根中的表达量显著上调。基因敲除杨树中，根数量增加，根长度增加，根横截面积增加，根分支数量增加，植株高度降低，地茎直径增加，根维管柱比例增加，根维管柱木质部比例增加，根硬度增加，根系木质素含量增加，植株茎中木质部比例增加，能够更好地保持水土、防风固沙、抗倒伏。",CN116515838,,,北京爱棱台知识产权代理事务所(普通合伙) 16054北京爱棱台知识产权代理事务所(普通合伙) 16054,
,,,,,,,,,,,,,,,,,,
,,,,,,,,,,,,,,,,,,
,,,,,,,,,,,,,,,,,,
,,,,,,,,,,,,,,,,,,
CN442103833,202411102806,China,13.08.2024,118813639,22.10.2024,A,"C12N 15/29
					






C07K 14/415
					






C12N 15/82
					






A01H 6/82
					






A01H 5/08
					








C12N 15/29
					






C07K 14/415
					






C12N 15/82
					






A01H 6/82
					






A01H 5/08
					






View less classifications","C07K 14/415
					






C12N 15/8245
					






C12N 15/8205
					






C12N 15/8218
					








C07K 14/415
					






C12N 15/8245
					






C12N 15/8205
					






C12N 15/8218
					






View less classifications",ANHUI AGRICULTURAL UNIVERSITY安徽农业大学,NIU QINGFENG牛庆丰DENG YUANWEI邓元伟XU YAPING许雅萍,,"(EN) SlSWEET12c gene for regulating and controlling sugar content of tomato fruits, method and application(ZH) 一种调控番茄果实糖含量的SlSWEET12c基因、方法及应用","(EN) The invention provides an SlSWEET12c gene for regulating and controlling the sugar content of tomato fruits, a method and application. The nucleotide sequence of the SlSWEET12c gene is as shown in SEQ ID NO. 1. A primer of a CRISPR/cas9 carrier is designed, the carrier is constructed, the tomato is successfully infected by agrobacterium competent cells, and a CRISPR/cas9 gene editing plant of the tomato is obtained, so that a tomato fruit with high fructose and glucose content is obtained, the flavor of the tomato is remarkably improved, and the quality and economic value of the tomato fruit are improved.(ZH) 本发明提供了一种调控番茄果实糖含量的SlSWEET12c基因、方法及应用，所述SlSWEET12c基因的核苷酸序列如SEQ ID NO.1所示。本发明设计了CRISPR/cas9载体的引物，并构建了载体，通过农杆菌感受态细胞成功侵染番茄，获得了番茄的CRISPR/cas9基因编辑植株，从而获得高果糖和葡萄糖含量的番茄果实，显著提高了番茄风味，从而提升番茄果实品质以及经济价值。",,,,苏州中合知识产权代理事务所(普通合伙) 32266,
CN311261423,202010775061,China,05.08.2020,111876440,03.11.2020,A,"C12N 15/82
					






A01H 5/00
					






A01H 5/10
					






A01H 6/20
					








C12N 15/82
					






A01H 5/00
					






A01H 5/10
					






A01H 6/20
					






View less classifications","C07K 14/415
					






C12N 15/8218
					






C12N 15/8261
					








C07K 14/415
					






C12N 15/8218
					






C12N 15/8261
					






View less classifications",HUAZHONG AGRICULTURAL UNIVERSITY华中农业大学,DAI CHENG戴成TIAN XIA田霞YU XIWEN余希文MA CHAOZHI马朝芝,,(EN) Method for creating high-yield brassica napus germplasm by editing BnaARF2(ZH) 编辑BnaARF2创制高产油菜种质的方法,"(EN) The invention discloses a method for creating a high-yield brassica napus germplasm by editing BnaARF2, relates to the technical field of plant genetic engineering, and particularly relates to a method for editing a cabbage type brassica napus BnaARF2 gene by utilizing a CRISPR/Cas9 system so as to obtain a high-yield brassica napus germplasm resource with remarkably increased thousand seed weightand biomass. Experiments prove that the BnaARF2 regulates the seed size and creates several strains with different mutation types by using CRISPR/Cas9, the basic agronomic traits are not obviously changed, but the thousand seed weight is obviously increased in comparison with an acceptor material. The selfing progeny yield and biomass of the brassica napus are remarkably higher than those of an unedited receptor material, and the basic agronomic traits are excellent, so that high-yield and stably-inherited brassica napus can be quickly obtained by the technology, a new germplasm resource is provided for high-yield breeding of brassica napus, and besides, the technology has a wide application prospect in brassica napus molecular design breeding.(ZH) 本发明公开了一种编辑BnaARF2创制高产油菜种质的方法，涉及植物基因工程技术领域，具体是利用CRISPR/Cas9系统对甘蓝型油菜BnaARF2基因进行编辑，进而获得千粒重、生物量显著增加的高产油菜种质资源。本发明证明BnaARF2调控种子大小，并利用CRISPR/Cas9创造了几种不同突变类型的株系，其基本农艺性状无明显改变但千粒重相比受体材料显著增加。其自交后代产量和生物量显著高于未编辑的受体材料且基本农艺性状优良，表明这项技术能够快速获得高产且稳定遗传的甘蓝型油菜，为甘蓝型油菜高产育种提供了新的种质资源，同时在油菜分子设计育种中具有广阔的应用前景。",,,,武汉宇晨专利事务所 42001,
,,,,,,,,,,,,,,,,,,
,,,,,,,,,,,,,,,,,,
CN408067910,202210197968,China,01.03.2022,116732028,12.09.2023,A,"C12N 15/113
					






C12N 9/22
					






C12N 15/85
					






A61K 31/7105
					






A61P 31/14
					








C12N 15/113
					






C12N 9/22
					






C12N 15/85
					






A61K 31/7105
					






A61P 31/14
					






View less classifications","C12N 15/1131
					






C12N 9/22
					






C12N 15/85
					






A61K 31/7105
					






A61P 31/14
					






C12N 2310/20
					






View more classifications
							






C12N 15/1131
					






C12N 9/22
					






C12N 15/85
					






A61K 31/7105
					






A61P 31/14
					






C12N 2310/20
					






Y02A 50/30
					






View less classifications",CAS CENTER FOR EXCELLENCE IN MOLECULAR PLANT SCIENCES中国科学院分子植物科学卓越创新中心,LI XUAN李轩HAO PEI郝沛JING XINYUN荆新云CHEN MINJIE陈敏洁,,(EN) Method for intervening and inhibiting Zika virus based on CRISPR-CAS13 system and application(ZH) 基于CRISPR-CAS13系统干预抑制寨卡病毒的方法及应用,"(EN) The invention provides a method for intervening and inhibiting Zika virus based on a CRISPR-CAS13 (clustered regularly interspaced short palindromic repeats-associated protein 13) system and application of the method. Zika virus (ZIKA) as an RNA virus has high variability, so that drug design for the ZIKA is difficult in the field. The inventor aims at finding a target spot suitable for ZIKA virus inhibition and carrying out a wide and large amount of analysis work on a ZIKA virus genome, and on the basis, the invention discloses a method for intervening or inhibiting Zika virus based on a CRISPR-Cas13 (preferably Cas13b) system and a targeted inhibition reagent.(ZH) 本发明提供了一种基于CRISPR‑CAS13系统干预抑制寨卡病毒的方法及应用。寨卡病毒(ZIKA)作为一种RNA病毒具有高度的变异性，故针对其的药物设计在本领域中是困难的。本发明人致力于找到适于进行ZIKA病毒抑制的靶点，对ZIKA病毒基因组进行了广泛且大量的分析工作，在此基础上揭示了基于CRISPR‑Cas13(优选地为Cas13b)系统干预或抑制寨卡病毒的方法及靶向抑制的试剂。",,,,上海专利商标事务所有限公司 31100,
CA316323040,3105396,Canada,,3105396,09.01.2020,A1,"A01H 5/00
					






A01H 6/54
					






C12N 9/22
					






C12N 15/70
					






C12N 15/82
					








A01H 5/00
					






A01H 6/54
					






C12N 9/22
					






C12N 15/70
					






C12N 15/82
					






View less classifications","C12N 9/22
					






C12N 15/70
					






C12N 15/8213
					






C12N 2310/20
					






C12N 15/743
					






A01H 5/10
					






View more classifications
							






C12N 9/22
					






C12N 15/70
					






C12N 15/8213
					






C12N 2310/20
					






C12N 15/743
					






A01H 5/10
					






C12N 15/8209
					






A01H 6/544
					






C12N 15/11
					






C12N 15/8205
					






C12N 2800/80
					






View less classifications","GUANGDONG SANJIE FORAGE BIOTECHNOLOGY CO., LTD","CHEN, HAITAOWANG, WENXIE, XIONGPINGQIU, QIANGSHANG, ZHANHUANSU, KEXIANHE, HUI",201810724589.8 04.07.2018 CN,(EN) METHOD FOR SITE-SPECIFIC MUTAGENESIS OF MEDICAGO SATIVA GENES BY USING CRISPR/CAS9 SYSTEM(FR) METHODE DE MUTAGENESE DIRIGEE D'UN GENE DE MEDICAGO SATIVA PAR UTILISATION D'UN SYSTEME CRISPR/CAS9,"(EN) A method for site-specific mutagenesis of a medicago sativa gene by using a CRISPR/Cas9 system. The method comprises: first constructing a universal binary expression vector MsCRISPR/Cas9 mediated and transformed by agrobacterium tumefaciens in medicago sativa; then designing a CRISPR/Cas9-based sgRNA sequence for a target gene in the medicago sativa, and connecting a DNA fragment for encoding the sgRNA sequence to MsCRISPR/Cas9 to construct a carrier MsCRISPR/Cas9::target; and then mediating and transforming the medicago sativa by using the agrobacterium tumefaciens, and obtaining, by screening, a mutant transformed plant with the target gene knocked out. According to the method, an MtU6 promoter is used for initiating sgRNA transcription in the medicago sativa.(FR) L'invention concerne une méthode de mutagenèse dirigée d'un gène de Medicago sativa à l'aide d'un système CRISPR/Cas9. La méthode comprend : tout d'abord la construction d'un vecteur d'expression binaire universel MsCRISPR/Cas9 médié et transformé par Agrobacterium tumefaciens en Medicago sativa ; puis la conception d'une séquence de sgARN basée sur CRISPR/Cas9 pour un gène cible dans Medicago sativa, et la connexion d'un fragment d'ADN pour le codage de la séquence de sgARN à MsCRISPR/Cas9 pour construire un support MsCRISPR/Cas9 : cible ; puis la médiation et la transformation du Medicago sativa à l'aide de l'Agrobacterium tumefaciens, et l'obtention, par criblage, d'une plante transformée mutante ayant le gène cible inactivé. Selon la méthode, un promoteur MtU6 est utilisé pour initier la transcription de sgARN dans le Medicago sativa.","CN108866093

WO/2020/007331

AU2019299296

EP3848464

US20210292777

US20210147844",,,,
GB426478738,202310807,United Kingdom,13.07.2023,2622673,27.03.2024,A,"C12N 15/113
					






C12N 5/10
					






C12N 9/02
					






C12N 15/85
					








C12N 15/113
					






C12N 5/10
					






C12N 9/02
					






C12N 15/85
					






View less classifications","Y02A 50/30
					






C12N 9/0008
					






C12Y 102/04001
					






C12N 15/902
					






C12N 2310/20
					






C12N 9/22
					






View more classifications
							






Y02A 50/30
					






C12N 9/0008
					






C12Y 102/04001
					






C12N 15/902
					






C12N 2310/20
					






C12N 9/22
					






C12N 15/8282
					






C12N 15/1137
					






C12N 5/10
					






C12N 9/0004
					






C12N 15/85
					






View less classifications",VEGETABLE RES INSTITUTE GUANGDONG ACADEMY OF AGRICULTURAL SCIENCESINST OF FACILITY AGRICULTURE GUANGDONG ACADEMY OF AGRICULTURAL SCIENCES,CHUNPENG YAOWEITAO SHICHANGYUAN ZHANGXIAOAI ZHANGJINJU GUOYUJUAN ZHONGHU DUSHUDAN XUEYINGCHAO XUQINGMIN JIN,202210839276.3 18.07.2022 CN,(EN) Application of PDHB gene in resistance to fusaric acid,"(EN) An application of a reagent for knocking out or inhibiting an expression of PDHB gene (pyruvate dehydrogenase E1 subunit beta) in preparing a product for improving the tolerance of organisms to Fusaric acid. Also disclosed is a Fusaric acid-resistant product, comprising a reagent for knocking out or inhibiting an expression of PDHB gene. A method for improving the tolerance of organisms to Fusaric acid is also disclosed. The reagent may comprise a PDHB gene knockout vector obtained using the CRISPR/Cas9 gene editing system.",CN115992177,,,,
EP443015623,24173285,European Patent Office,09.11.2015,4464338,20.11.2024,A3,"C12N 15/10
					








C12N 15/10
					






View less classifications","C12N 15/102
					






C12N 9/1241
					






C12N 2310/20
					






C12N 15/64
					






C12N 2310/122
					








C12N 15/102
					






C12N 9/1241
					






C12N 2310/20
					






C12N 15/64
					






C12N 2310/122
					






View less classifications",EDITAS MEDICINE INC,COTTA-RAMUSINO CECILIA,15795322 09.11.2015 EP201462077084 07.11.2014 US2015059782 09.11.2015 US201562232683 25.09.2015 US,(DE) SYSTEME ZUR VERBESSERUNG VON CRISPR/CAS-VERMITTELTER GENOMEDITIERUNG(EN) SYSTEMS FOR IMPROVING CRISPR/CAS-MEDIATED GENOME-EDITING(FR) SYSTÈMES POUR AMÉLIORER L'ÉDITION GÉNOMIQUE MÉDIÉE PAR CRISPR/CAS,"(EN) This application provides improved methods of editing the genome of a target cell. Cas9 molecules can be used to create a break in a genomic region of interest. To increase the likelihood that the break is repaired by homology-directed repair (HDR), the cell can be contacted with an HDR-enhancer. The cell may be, e.g., a human cell, a non-human animal cell, a bacterial cell, or a plant cell.","AU2015342749

EP3215617

US20180298392

WO/2016/073990

CA2963820

AU2022202645

US20230365980",,,,"View all
							



AL, AT, BE, BG, CH, CY, CZ, DE, DK, EE, ES, FI, FR, GB, GR, HR, HU, IE, IS, IT, LI, LT, LU, LV, MC, MK, MT, NL, NO, PL, PT, RO, RS, SE, SI, SK, SM, TR
				

Hide all"
EP203791896,15795322,European Patent Office,09.11.2015,3215617,13.09.2017,B1,"C12N 15/10
					






A61K 48/00
					






C12N 15/113
					








C12N 15/10
					






A61K 48/00
					






C12N 15/113
					






View less classifications","C12N 15/102
					






C12N 9/1241
					






C12N 2310/20
					






C12N 15/64
					






C12N 2310/122
					








C12N 15/102
					






C12N 9/1241
					






C12N 2310/20
					






C12N 15/64
					






C12N 2310/122
					






View less classifications",EDITAS MEDICINE INC,COTTA-RAMUSINO CECILIA,201462077084 07.11.2014 US201562232683 25.09.2015 US,(DE) SYSTEME ZUR VERBESSERUNG VON CRISPR/CAS-VERMITTELTER GENOMEDITIERUNG(EN) SYSTEMS FOR IMPROVING CRISPR/CAS-MEDIATED GENOME-EDITING(FR) SYSTÈMES POUR AMÉLIORER L'ÉDITION GÉNOMIQUE MÉDIÉE PAR CRISPR/CAS,"(EN) This application provides improved methods of editing the genome of a target cell. Cas9 molecules can be used to create a break in a genomic region of interest. To increase the likelihood that the break is repaired by homology-directed repair (HDR), the cell can be contacted with an HDR-enhancer. The cell may be, e.g., a human cell, a no n- human animal cell, a bacterial cell, or a plant cell.(FR) La présente invention concerne des procédés améliorés d'édition du génome d'une cellule cible. Des molécules Cas9 peuvent être utilisées pour créer une rupture dans une région génomique d'intérêt. Afin d'augmenter la probabilité de réparation de la rupture par réparation dirigée par homologie (HDR), la cellule peut être mise en contact avec un activateur de HDR. La cellule peut être, par exemple, une cellule humaine, une cellule animale non humaine, une cellule bactérienne ou une cellule végétale.","AU2015342749

US20180298392

WO/2016/073990

EP4464338

CA2963820

AU2022202645

US20230365980",,,,"View all
							



AL, AT, BA, BE, BG, CH, CY, CZ, DE, DK, EE, ES, FI, FR, GB, GR, HR, HU, IE, IS, IT, LI, LT, LU, LV, MC, ME, MK, MT, NL, NO, PL, PT, RO, RS, SE, SI, SK, SM, TR
				

Hide all"
CN437264668,202410698541.X,China,31.05.2024,118440982,06.08.2024,A,"C12N 15/82
					






C12N 15/29
					






C07K 14/415
					






C12N 15/113
					






C12N 15/11
					






A01H 5/10
					






View more classifications
							






C12N 15/82
					






C12N 15/29
					






C07K 14/415
					






C12N 15/113
					






C12N 15/11
					






A01H 5/10
					






A01H 6/46
					






View less classifications","C12N 15/8261
					






C12N 15/8218
					






C07K 14/415
					






C12N 15/113
					






C12N 2310/20
					








C12N 15/8261
					






C12N 15/8218
					






C07K 14/415
					






C12N 15/113
					






C12N 2310/20
					






View less classifications",SHENYANG AGRICULTURAL UNIVERSITY沈阳农业大学,XU QUAN徐铨LI FENGCHENG李丰成CUI XIN崔鑫LI XIANG李想YU ZHIWEN于之雯WANG XIAOCHE王潇澈LU JIAHAO芦佳浩,,(EN) Application of qULG2b gene in improvement of rice grain length character(ZH) qULG2b基因在改良水稻籽粒长度性状中的应用,"(EN) The invention belongs to the technical field of plant genetic engineering, and particularly relates to application of a qULG2b gene in improvement of rice grain length traits. The nucleotide sequence of the qULG2b gene is as shown in SEQ ID NO. 1, and the amino acid sequence coded by the qULG2b gene is as shown in SEQ ID NO. 2. According to the invention, the qULG2b gene is knocked out at a fixed point by adopting a CRISPR/Cas9 gene editing technology, so that the function of the gene is completely lost, and gene editing fixed-point knockout rice of the qULG2b gene is constructed. Researches find that knockout of the qULG2b gene can significantly increase the grain length and further significantly increase the rice yield.(ZH) 本发明属于植物基因工程技术领域，具体涉及qULG2b基因在改良水稻籽粒长度性状中的应用。所述qULG2b基因的核苷酸序列如SEQ ID NO.1所示，所述qULG2b基因编码的氨基酸序列如SEQ ID NO.2所示。本发明采用CRISPR/Cas9基因编辑技术定点敲除qULG2b基因，使该基因的功能完全丧失，构建了qULG2b基因的基因编辑定点敲除水稻。本发明研究发现，qULG2b基因的敲除可显著增加粒长进而显著增加水稻产量。",,,,西安铭泽知识产权代理事务所(普通合伙) 61223,
,,,,,,,,,,,,,,,,,,
CN316356885,202011304335,China,19.11.2020,112210567,12.01.2021,A,"C12N 15/60
					






C12N 15/82
					






A01H 5/00
					






A01H 6/46
					








C12N 15/60
					






C12N 15/82
					






A01H 5/00
					






A01H 6/46
					






View less classifications","C12N 9/88
					






C12N 15/8273
					






C12Y 401/01
					








C12N 9/88
					






C12N 15/8273
					






C12Y 401/01
					






View less classifications",HUAZHONG AGRICULTURAL UNIVERSITY华中农业大学,XIONG LIZHONG熊立仲PENG KAIQING彭楷卿XIAO BENZE肖本泽,,(EN) Application of OsPPCK2 gene in regulating and controlling drought resistance of rice(ZH) OsPPCK2基因在调控水稻抗旱性中的应用,"(EN) The invention belongs to the field of rice genetic engineering, and discloses application of an OsPPCK2 gene in regulating and controlling drought resistance of rice. The sequence of the OsPPCK2 geneis shown in SEQ ID NO. 1. Drought stress phenotype identification experiments of a CRISPR material in the seedling stage and the adult plant stage show that after the function of the gene is knocked out, the drought resistance of the rice is reduced, and the function and the application way of the gene are verified. Therefore, the OsPPCK2 gene is separated from the rice, the function of the OsPPCK2 gene in improving the stress resistance of the rice is identified, and the OsPPCK2 gene has very important significance in cultivating new stress-resistant rice varieties.(ZH) 本发明属于水稻基因工程领域，公开了OsPPCK2基因在调控水稻抗旱性中的应用，所述的OsPPCK2基因的序列为SEQ ID NO.1所示。通过CRISPR材料的苗期及成株期干旱胁迫表型鉴定实验证明，该基因功能被敲除后，水稻抗旱能力降低，证实了该基因的功能及应用途径。因此，从水稻中分离出OsPPCK2基因，并鉴定它在提高水稻抗逆性方面所发挥的功能，对于培育抗逆水稻新品种将具有非常重要的意义。",,,,武汉宇晨专利事务所 42001,
CN383849259,202110678422,China,18.06.2021,115491381,20.12.2022,A,"C12N 15/54
					






C12N 9/12
					






C12N 15/11
					






C12N 15/82
					






C12N 15/55
					






A01H 5/00
					






View more classifications
							






C12N 15/54
					






C12N 9/12
					






C12N 15/11
					






C12N 15/82
					






C12N 15/55
					






A01H 5/00
					






A01H 5/10
					






A01H 6/46
					






C12Q 1/6895
					






A01H 1/04
					






View less classifications","C12N 9/1205
					






C12N 15/8271
					






C12N 15/8218
					






C12N 15/8259
					






C12N 9/22
					






C12Q 1/6895
					






View more classifications
							






C12N 9/1205
					






C12N 15/8271
					






C12N 15/8218
					






C12N 15/8259
					






C12N 9/22
					






C12Q 1/6895
					






A01H 1/04
					






C12Q 2600/13
					






C12Q 2600/156
					






Y02A 40/146
					






View less classifications",HENAN AGRICULTURAL UNIVERSITY河南农业大学,DU CHANGQING杜长青LI SHEN李珅ZHAO QUANZHI赵全志,,(EN) Rice copper stress response gene OsCORK1 as well as encoding protein and application thereof(ZH) 水稻铜胁迫响应基因OsCORK1及其编码蛋白与应用,"(EN) The invention relates to a rice copper stress response gene OsCORK1 as well as an encoding protein and application thereof. According to the invention, a CRISPR/Cas9-OsCORK1 knockout vector is constructed, and rice is transformed by using an agrobacterium-mediated method, so that an OsCORK1 knockout mutant is obtained; tests prove that after the rice mutant with the OsCORK1 gene knocked out is treated with 10 mu M CuSO4, the Cu accumulation amount of the mutant is remarkably reduced compared with that of a wild type control group (P is smaller than 0.01), and the copper resistance of a plant can be remarkably improved; the overground length, the root length and the fresh weight of the mutant are larger than those of a wild type (P is smaller than 0.05), and it is indicated that the resistance of rice to copper stress can be remarkably enhanced by reducing expression of the OsCORK1 gene. The OsCORK1 gene or protein has a good application prospect in the aspect of improving the copper stress resistance of the rice or breeding copper stress resistant varieties of the rice.(ZH) 本发明涉及水稻铜胁迫响应基因OsCORK1及其编码蛋白与应用。本发明通过构建CRISPR/Cas9‑OsCORK1敲除载体，利用农杆菌介导法转化水稻，获得OsCORK1敲除突变体；并通过试验证明敲除OsCORK1基因的水稻突变体经10μM CuSO4处理后，突变体的Cu积累量较野生型对照显著降低(P＜0.01)，可显著改善植株的耐铜性；且突变体地上长度、根长及鲜重较野生型长或大(P＜0.05)，表明降低OsCORK1基因的表达可显著增强水稻对铜胁迫的抗性。OsCORK1基因或蛋白在提高水稻铜胁迫抗性或在水稻铜胁迫抗性品种选育方面具有良好的应用前景。",,,,郑州睿信知识产权代理有限公司 41119,
CN306317204,201910145603,China,27.02.2019,111620935,04.09.2020,B,"C07K 14/415
					






C12N 15/29
					






C12N 15/82
					






A01H 5/10
					






A01H 6/46
					








C07K 14/415
					






C12N 15/29
					






C12N 15/82
					






A01H 5/10
					






A01H 6/46
					






View less classifications","C07K 14/415
					






C12N 15/8261
					






Y02A 40/146
					








C07K 14/415
					






C12N 15/8261
					






Y02A 40/146
					






View less classifications",CHINA AGRICULTURAL UNIVERSITY中国农业大学,ZHANG YIRONG张义荣XU RUIBIN徐瑞斌SUI ZHIPENG隋志鹏ZHANG MING张铭NI ZHONGFU倪中福YAN WENWEN闫文文,,(EN) Application of ZmCEP1 gene to regulation of development of maize kernels(ZH) ZmCEP1基因在调控玉米籽粒发育中的应用,"(EN) The invention discloses an application of a ZmCEP1 gene to regulation of development of maize kernels. The invention provides an application of any one of the following substances (1) to (3) to regulation of development of plant kernels: (1) a protein ZmCEP1, (2) a DNA molecule of encoding the protein ZmCEP1, and (3) a recombinant vector, expression cassette, transgenic cell line or recombinant bacteria containing the DNA molecule of encoding the protein ZmCEP1. The ZmCEP1 gene is mutated by using a method of CRISPR-Cas9, and it is found that the kernel widths and hundred-kernel weight of themaize kernels can be significantly increased by the ZmCEP1 gene.(ZH) 本发明公开了ZmCEP1基因在调控玉米籽粒发育中的应用。本发明提供如下1)‑3)中任一种物质在调控植物籽粒发育中的应用；1)蛋白ZmCEP1；2)编码蛋白ZmCEP1的DNA分子；3)含有编码蛋白ZmCEP1的DNA分子的重组载体、表达盒、转基因细胞系或重组菌。本发明运用CRISPR‑Cas9的方法突变ZmCEP1基因，发现其能显著增加玉米籽粒的粒宽和百粒重。",,111620935,11.08.2023,北京纪凯知识产权代理有限公司 11245,
CN406247402,202310394618.X,China,13.04.2023,116622723,22.08.2023,A,"C12N 15/29
					






C07K 14/415
					






C12N 15/82
					






A01H 5/00
					






A01H 6/54
					






C12Q 1/6895
					








C12N 15/29
					






C07K 14/415
					






C12N 15/82
					






A01H 5/00
					






A01H 6/54
					






C12Q 1/6895
					






View less classifications","C07K 14/415
					






C12N 15/8261
					






C12Q 1/6895
					






C12Q 2600/158
					






C12Q 2600/13
					






Y02A 40/146
					








C07K 14/415
					






C12N 15/8261
					






C12Q 1/6895
					






C12Q 2600/158
					






C12Q 2600/13
					






Y02A 40/146
					






View less classifications",HENAN AGRICULTURAL UNIVERSITY河南农业大学,TANG JIHUA汤继华FU ZHIYUAN付志远ZONG JUN宗军YANG HUILI杨慧丽WANG YAFEI王雅菲DING DONG丁冬LI WEIHUA李卫华,,"(EN) Soybean pod bearing number and yield regulation gene GLYMA02G083400 as well as encoding protein, expression vector and application of soybean pod bearing number and yield regulation gene GLYMA02G083400(ZH) 大豆结荚数及产量调控基因GLYMA_02G083400、其编码蛋白、表达载体及其应用","(EN) The invention discloses a soybean pod bearing number and yield regulation gene GLYMA02G083400 as well as an encoding protein, an expression vector and an application of the soybean pod bearing number and yield regulation gene GLYMA02G083400. According to the invention, CRISPR/Cas9 knockout is carried out on the soybean homologous gene GLYMA02G083400 of corn KWE2, and the influence of the GLYMA02G083400 gene on the character expression of the pod bearing number, the leaf size, the leaf number, the plant height and the like of the soybean is determined; the effect of the GLYMA02G083400 gene on improving the soybean yield is determined, so that a solid technical foundation is laid for improving the soybean yield by utilizing the GLYMA02G083400 gene.(ZH) 本申请公开了一种大豆结荚数及产量调控基因GLYMA_02G083400、其编码蛋白、表达载体及其应用；本发明对玉米KWE2的大豆同源基因GLYMA_02G083400进行CRISPR/Cas9敲除，明确了GLYMA_02G083400基因对大豆结荚数、叶大小、叶片数、株高等性状表现的影响；确定了其对大豆产量的提高作用，从而为利用GLYMA_02G083400基因提高大豆产量奠定了坚实的技术基础。",,,,郑州盈派知识产权代理事务所(普通合伙) 41196郑州盈派知识产权代理事务所(普通合伙) 41196,
CN338610507,202110815460,China,19.07.2021,113430221,24.09.2021,B,"C12N 15/82
					






C12N 15/29
					






C12N 15/113
					






A01H 5/08
					






A01H 5/12
					






A01H 6/82
					








C12N 15/82
					






C12N 15/29
					






C12N 15/113
					






A01H 5/08
					






A01H 5/12
					






A01H 6/82
					






View less classifications","C12N 15/8218
					






C12N 15/8266
					






C12N 15/8261
					






C12N 15/113
					






C07K 14/415
					






C12N 2310/20
					






View more classifications
							






C12N 15/8218
					






C12N 15/8266
					






C12N 15/8261
					






C12N 15/113
					






C07K 14/415
					






C12N 2310/20
					






Y02A 40/146
					






View less classifications",CHINA AGRICULTURAL UNIVERSITY中国农业大学,ZHANG NA张娜WANG ZHIRONG王志荣GAO MING高明ZHAO BING赵冰GUO YANGDONG郭仰东WANG XINMAN王馨曼CAO MENG曹萌DONG XIAONAN董晓南,,(EN) Application of tomato WRKY37 protein in regulation and control of leaf aging resistance of tomatoes and improvement of tomato yield(ZH) 番茄WRKY37蛋白在调控番茄抗叶片衰老能力、提高番茄产量中的应用,"(EN) The invention relates to the technical field of gene engineering, in particular to application of tomato WRKY37 protein in regulation and control of leaf aging resistance of tomatoes and improvement of tomato yield. The tomato WRKY37 protein is found to be capable of regulating and controlling the leaf aging resistance of tomatoes and regulating and controlling the fruit yield of the tomatoes. In practical application, the WRKY37 gene in the tomato can be knocked out through a gene editing means, and expression of the WRKY37 protein is inhibited, so that a tomato strain with higher leaf aging resistance is obtained; or the slwrky37-KO plant is hybridized with other tomato varieties to cultivate an anti-aging and high-yield tomato variety. The tomato WRKY37 gene is mutated by utilizing a CRISPR-Cas9 genome site-directed editing system, a high-yield tomato strain is created, the leaf aging resistance of the tomato strain is remarkably improved, the yield is also remarkably improved, and the invention has important application value.(ZH) 本发明涉及基因工程技术领域，尤其涉及番茄WRKY37蛋白在调控番茄抗叶片衰老能力、提高番茄产量中的应用。本发明发现番茄WRKY37蛋白可以调控番茄的抗叶片衰老能力以及调控番茄的果实产量。在实际应用中，可以通过基因编辑手段敲除番茄中的WRKY37基因，抑制WRKY37蛋白的表达，以获得抗叶片衰老能力更强的番茄品系；或通过slwrky37‑KO植株与其他番茄品种杂交，培育抗衰老及高产量番茄品种。本发明利用CRISPR‑Cas9基因组定点编辑系统突变番茄WRKY37基因，创制了高产番茄株系，该番茄株系的抗叶片衰老能力显著提高，产量也显著提高，具有重要的应用价值。",,113430221,05.07.2022,北京路浩知识产权代理有限公司 11002,
CN334874000,202110566844,China,24.05.2021,113265422,17.08.2021,A,"C12N 15/84
					






C12N 15/113
					






C12N 15/29
					






C12N 15/66
					






A01H 4/00
					






A01H 5/10
					






View more classifications
							






C12N 15/84
					






C12N 15/113
					






C12N 15/29
					






C12N 15/66
					






A01H 4/00
					






A01H 5/10
					






A01H 6/46
					






View less classifications","C12N 15/8205
					






C12N 15/8218
					






C12N 15/8261
					






C12N 15/113
					






C12N 15/66
					






C07K 14/415
					






View more classifications
							






C12N 15/8205
					






C12N 15/8218
					






C12N 15/8261
					






C12N 15/113
					






C12N 15/66
					






C07K 14/415
					






A01H 4/005
					






C12N 2310/20
					






View less classifications",YANGZHOU UNIVERSITY扬州大学,LIANG GUOHUA梁国华ZHOU CHUTING周楚婷TAN WENCHEN谭文琛MIAO JUN缪军ZHOU YONG周勇,,"(EN) Method for targeted knockout of rice grain shape regulatory gene SLG7, rice grain shape regulatory gene SLG7 mutant and application thereof(ZH) 靶向敲除水稻粒型调控基因SLG7的方法、水稻粒型调控基因SLG7突变体及其应用","(EN) The invention discloses a method for targeted knockout of a rice grain shape regulatory gene SLG7, a rice grain shape regulatory gene SLG7 mutant and an application thereof, the method adopts a CRISPR/Cas9 gene editing technology, a target site sequence of the rice grain shape regulatory gene SLG7 and a corresponding upstream primer and a downstream primer are selected, and an intermediate vector and a final vector are constructed in sequence; and the final vector is transfected into a rice callus to obtain two mutants of the rice grain shape regulation gene SLG7 and a corresponding small grain type transgenic rice plant, namely finishing the targeted knockout of the rice grain shape regulation gene SLG7. The method is applied to breeding of short-grain rice varieties, the work of hybridization breeding can be omitted, and the breeding period of the short-grain varieties is greatly shortened.(ZH) 本发明公开了一种靶向敲除水稻粒型调控基因SLG7的方法、水稻粒型调控基因SLG7突变体及其应用，该方法采用CRISPR/Cas9基因编辑技术，选取水稻粒型调控基因SLG7的靶位点序列以及相应的上游引物和下游引物，先后构建中间载体和最终载体；将最终载体转染到水稻愈伤组织中，获得2种水稻粒型调控基因SLG7的突变体和相应的小粒型转基因水稻植株，即完成水稻粒型调控基因SLG7的靶向敲除。该方法应用于短粒水稻品种的选育，可以免去杂交选育的工作，大大缩短短粒品种选育的周期。",,,,南京纵横知识产权代理有限公司 32224,
CN346619737,202111225772,China,21.10.2021,113817036,21.12.2021,B,"C07K 14/415
					






C12N 15/29
					






C12N 15/84
					






A01H 5/00
					






A01H 6/54
					








C07K 14/415
					






C12N 15/29
					






C12N 15/84
					






A01H 5/00
					






A01H 6/54
					






View less classifications","C07K 14/415
					






C12N 15/8218
					






C12N 15/8287
					






C12N 15/8213
					






C12N 15/11
					






C12N 9/22
					






View more classifications
							






C07K 14/415
					






C12N 15/8218
					






C12N 15/8287
					






C12N 15/8213
					






C12N 15/11
					






C12N 9/22
					






C12N 2310/20
					






C12N 2800/80
					






View less classifications","BIOTECHNOLOGY RESEARCH INSTITUTE, CAAS中国农业科学院生物技术研究所",LIN HAO林浩WANG NA王娜NIU LIFANG牛丽芳,,(EN) DMP protein as well as coding gene and application thereof(ZH) DMP蛋白及其编码基因与应用,"(EN) The invention discloses a DMP protein as well as a coding gene and application thereof. The present invention provides a set of proteins consisting of a protein A (i.e., DMP8) and a protein B (i.e., DMP9); the amino acid sequence of the protein A is shown in SEQ ID No.1; and the amino acid sequence of the protein B is shown in SEQ ID No.2. A medicago truncatula haploid induction system is created by designing sgRNA specifically targeting medicago truncatula DMP8 and DMP9 genes and then knocking out the medicago truncatula DMP8 and DMP9 genes by using a CRISPR-Cas9 system. The DMP protein is of great significance to leguminous plant haploid breeding, and the breeding period can be effectively shortened.(ZH) 本发明公开了DMP蛋白及其编码基因与应用。本发明提供了额成套蛋白质，由蛋白质A(即DMP8)和蛋白质B(即DMP9)组成；所述蛋白质A的氨基酸序列为SEQ ID No.1；所述蛋白质B的氨基酸序列为SEQ ID No.2。本发明通过设计特异性靶向蒺藜苜蓿DMP8和DMP9基因的sgRNA，然后利用CRISPR‑Cas9系统敲除蒺藜苜蓿DMP8和DMP9基因的方法，创造出蒺藜苜蓿单倍体诱导体系。本发明对于豆科植物单倍体育种具有重要意义，可有效缩短育种年限。","WO/2023/066413

US20240254506",113817036,14.06.2022,北京纪凯知识产权代理有限公司 11245,
CN237684170,201811328793,China,09.11.2018,109306352,05.02.2019,B,"C12N 15/113
					






C12N 15/82
					






A01H 5/00
					






A01H 6/00
					








C12N 15/113
					






C12N 15/82
					






A01H 5/00
					






A01H 6/00
					






View less classifications","C07K 14/415
					






C12N 15/8205
					






C12N 15/8213
					








C07K 14/415
					






C12N 15/8205
					






C12N 15/8213
					






View less classifications","INSTITUTE OF TROPICAL BIOSCIENCE AND BIOTECHNOLOGY, CHINESE ACADEMY OF TROPICAL AGRICULTURAL SCIENCES中国热带农业科学院三亚研究院中国热带农业科学院热带生物技术研究所",ZHAO HUI赵辉HE PINGPING贺萍萍HUO SHANSHAN霍姗姗GUO ANPING郭安平ZHANG YULIANG张雨良QU JING屈静GUO JINGYUAN郭静远ZHANG LILI张丽丽,,(EN) Papaya U6 promoter genes and application(ZH) 番木瓜U6启动子基因及应用,"(EN) The invention discloses two types of papaya U6 promoter genes and application. The sequences of two promoters are disclosed in SEQ ID NO.1 and SEQ ID NO.2; through GUS (beta-glucuronidase) dyeing transient expression verification, the two types of papaya U6 promoter genes can be efficiently expressed on papaya. In the technical field of transgenosis, the promoters are suitable for papaya and are used for starting functional gene expression; furthermore, an RNAi hairpin structure during plant transformation can be started, and the expression or the like of special structures including an sgRNAhoming sequence can be started in a CRISPR/Cas9 system.(ZH) 本发明公开了两种番木瓜U6启动子及应用，该两种启动子序列如SEQ ID NO.1、SEQ ID NO.2所示，通过GUS染色瞬时表达验证，能高效的在番木瓜上表达。在转基因技术领域，这些启动子不仅适用于番木瓜，用于启动功能基因表达，更可在植物转化时启动RNAi发夹结构，在CRISPR/Cas9系统中启动sgRNA引导序列等特殊结构的表达等。",,109306352,30.04.2021,海口翔翔专利事务有限公司 46001,
CN279016474,201910912427,China,25.09.2019,110511944,29.11.2019,A,"C12N 15/29
					






C12N 15/82
					






A01H 5/10
					






A01H 6/20
					








C12N 15/29
					






C12N 15/82
					






A01H 5/10
					






A01H 6/20
					






View less classifications","C07K 14/415
					






C12N 15/8243
					






C12N 15/8247
					






C12N 15/825
					






C12N 15/8261
					








C07K 14/415
					






C12N 15/8243
					






C12N 15/8247
					






C12N 15/825
					






C12N 15/8261
					






View less classifications",HUAZHONG AGRICULTURAL UNIVERSITY华中农业大学,FAN CHUCHUAN范楚川ZHAI YUNGU翟云孤ZHOU YONGMING周永明CAI SHENGLI蔡胜利YANG YANG杨阳,北京金智普华知识产权代理有限公司 11401,"(EN) Gene for controlling color of cabbage type rape seed coats, acquiring method for cabbage type rape yellow seed mutant material and application of acquiring method(ZH) 一种控制甘蓝型油菜种子种皮颜色的基因、甘蓝型油菜黄籽突变体材料的获取方法及其应用","(EN) The invention belongs to the technical field of rape seed molecule breeding and in particular relates to a gene for controlling the color of cabbage type rape seed coats, an acquiring method for a cabbage type rape yellow seed mutant material and application of the acquiring method. A CRISPR/Cas9 (clustered regularly interspaced short palindromic repeats/Cas9) technique is adopted to target BnTT8homologous genes, a mutant single plant is obtained through genetic transformation, and through selfing separation, a dual copy homozygous mutant without T-DNA (transfer deoxyribonucleic acid) insertion is obtained. Seeds of the mutant are yellow seeds, microscopic observation on cross sections of the seeds shows that the endopleuras of the dual homozygous mutant have no accumulation of proanthocyanidin, but endopleuras of both a single homozygous mutant and a wild type have clear and visible accumulation of proanthocyanidin. The BnTT8 gene has great application potential and prospects in quality improvement of rape seeds, and novel germplasm resources can be provided for rape seed quality breeding.(ZH) 本发明属于油菜分子育种技术领域，尤其涉及一种控制甘蓝型油菜种子种皮颜色的基因、甘蓝型油菜黄籽突变体材料的获取方法及其应用。本发明利用CRISPR/Cas9技术靶向BnTT8同源基因，通过遗传转化得到突变体单株，经过自交分离，获得了不含T‑DNA插入的双拷贝纯合突变体。该突变体的种子表现为黄籽，显微观察种子的横切面发现，双纯合突变体的内种皮没有原花色素的积累，而单纯合突变体和野生型的内种皮中均包含有清晰可见的原花色素积累。对这些突变体进行品质分析发现，BnTT8基因的双拷贝纯合突变体含油量显著增加。BnTT8基因对于油菜种子的品质改良具有巨大的应用潜力和前景，为油菜品质育种提供新的种质资源。",,,,北京金智普华知识产权代理有限公司 11401,
CN333956305,202110475116,China,29.04.2021,113234840,10.08.2021,A,"C12Q 1/689
					






C12Q 1/6844
					






C12Q 1/04
					






C12N 15/11
					






C12R 1/64
					








C12Q 1/689
					






C12Q 1/6844
					






C12Q 1/04
					






C12N 15/11
					






C12R 1/64
					






View less classifications","C12Q 1/689
					






C12Q 1/6844
					








C12Q 1/689
					






C12Q 1/6844
					






View less classifications",HUAZHONG AGRICULTURAL UNIVERSITY华中农业大学,LUO CHAOXI罗朝喜LUO MEI罗梅MENG FANZHU孟凡珠ZHOU YANG周扬ZENG ZHEZHENG曾哲政YIN LIANGFEN尹良芬YIN WEIXIAO阴伟晓WANG LI王丽TAN QIN谭钦,,(EN) Kit for rapidly diagnosing peach bacterial shot hole disease(ZH) 一种快速诊断桃细菌性穿孔病的试剂盒,"(EN) The invention relates to a kit for rapidly diagnosing peach bacterial shot hole, and belongs to the technical field of plant protection. The kit comprises an RPA primer pair, a specific crRNA and a single-stranded DNA probe; the sequence of the RPA primer pair is as shown in SEQ ID NO.1-2, the sequence of the specific crRNA is as shown in SEQ ID NO.3, and the sequence of the single-stranded DNA probe is as shown in SEQ ID NO.4 and/or SEQ ID NO.5. The kit is used for detecting the main pathogenic bacteria Xap of the peach bacterial shot-hole disease on the basis of an RPA technology and a Crispr/Cas system, visual detection is realized through a transverse flow detection test strip and a miniature ultraviolet flashlight, the kit is simple and flexible, low in cost, high in sensitivity and high in specificity, a user can freely select the kit, the problem that the kit cannot be used in some scenes is effectively solved, and the method has a good application prospect in the field of peach disease diagnosis and monitoring.(ZH) 本发明涉及一种快速诊断桃细菌性穿孔病的试剂盒，属于植物保护技术领域。本发明的试剂盒含有RPA引物对、特异性crRNA和单链DNA探针，所述RPA引物对序列如SEQ ID NO.1‑2所示，所述特异性crRNA序列如SEQ ID NO.3所示，所述单链DNA探针序列如SEQ ID NO.4和/或SEQ ID NO.5所示。本发明的试剂盒基于RPA技术和Crispr/Cas系统进行桃细菌性穿孔病主要病原菌Xap检测，通过横向流动检测试纸条和微型紫外手电筒实现可视化检测，简单灵活，成本低廉，灵敏度高，特异性强，用户可以自由选择，有效避免了某些场景无法使用的问题，在桃树疾病诊断和监控领域应用前景良好。",,,,北京路浩知识产权代理有限公司 11002,
CN437332939,202410591022,China,13.05.2024,118460553,09.08.2024,A,"C12N 15/29
					






C07K 14/415
					






C12N 15/82
					






A01H 5/00
					






A01H 6/46
					








C12N 15/29
					






C07K 14/415
					






C12N 15/82
					






A01H 5/00
					






A01H 6/46
					






View less classifications","C07K 14/415
					






C12N 15/8261
					








C07K 14/415
					






C12N 15/8261
					






View less classifications",HENAN AGRICULTURAL UNIVERSITY河南农业大学,TANG JIHUA汤继华WANG YAFEI王雅菲CHEN YONGQIANG陈永强LI XUEYING李雪莹,,"(EN) Corn heterosis regulation gene ZmCNR5, coding protein thereof, mutant and application of corn heterosis regulation gene ZmCNR5(ZH) 玉米杂种优势调控基因ZmCNR5、其编码蛋白、突变体及其应用","(EN) The invention relates to a corn heterosis regulation gene ZmCNR5, a coding protein thereof, a mutant and application of the corn heterosis regulation gene ZmCNR5, and the gene ZmCNR5 for controlling the phenotype of the mutant is obtained and confirmed by performing phenotype analysis and gene editing on the Zmcnr5UFMu mutant and performing phenotype identification on a CRISPR/cas9 transgenic plant. The ZmCNR5 gene is located in an endoplasmic reticulum, encodes an MCA protein containing 184 amino acids, is a constitutive expression gene, and has the highest expression quantity in stem tip meristem. Researches show that the gene regulates maize cell division and expression of calcium ion steady-state pathway key genes, and negatively regulates maize heterosis. Research and utilization of the gene have important guiding significance on improvement of corn yield and quality.(ZH) 本发明申请涉及一种玉米杂种优势调控基因ZmCNR5、其编码蛋白、突变体及其应用，本发明申请通过对Zmcnr5<supgt;UFMu</supgt;突变体进行表型分析、基因编辑以及对CRISPR/cas9转基因植株进行表型鉴定，获得并确认了控制突变体表型的基因ZmCNR5。ZmCNR5基因定位在内质网，编码一种含有184个氨基酸的MCA蛋白，为组成型表达基因，在茎尖分生组织中表达量最高。研究表明该基因调控玉米细胞分裂、钙离子稳态通路关键基因的表达，负调控玉米杂种优势。该基因的研究及利用对提高玉米产量及其品质具有重要指导意义。",,,,郑州盈派知识产权代理事务所(普通合伙) 41196郑州盈派知识产权代理事务所(普通合伙) 41196,
,,,,,,,,,,,,,,,,,,
,,,,,,,,,,,,,,,,,,
CN405905786,202310408544,China,17.04.2023,116590305,15.08.2023,A,"C12N 15/29
					






C12N 15/82
					






C12N 15/11
					






C07K 14/415
					






C12Q 1/6895
					






A01H 5/00
					






View more classifications
							






C12N 15/29
					






C12N 15/82
					






C12N 15/11
					






C07K 14/415
					






C12Q 1/6895
					






A01H 5/00
					






A01H 5/12
					






A01H 6/60
					






View less classifications","C07K 14/415
					






C12N 15/8218
					






C12N 15/8261
					






C12Q 1/6895
					






C12Q 2600/13
					






C12Q 2600/156
					






View more classifications
							






C07K 14/415
					






C12N 15/8218
					






C12N 15/8261
					






C12Q 1/6895
					






C12Q 2600/13
					






C12Q 2600/156
					






Y02A 40/146
					






View less classifications",HENAN AGRICULTURAL UNIVERSITY河南农业大学,TANG JIHUA汤继华FU ZHIYUAN付志远WANG YAFEI王雅菲ZHANG XUEHAI张雪海XUE YADONG薛亚东ZHANG ZHANHUI张战辉BO SHIRONG薄仕榕,,"(EN) Gene GHD05G2737 for regulating and controlling number of fruit branches and yield of cotton as well as encoding protein, expression vector and application of gene GHD05G2737(ZH) 棉花果枝数及产量调控基因GH_D05G2737、其编码蛋白、表达载体及其应用","(EN) The invention discloses a gene GHD05G2737 for regulating and controlling the number of fruit branches and the yield of cotton as well as an encoding protein, an expression vector and application of the gene GHD05G2737. The cotton gene GHD05G2737 is subjected to CRISPR/Cas9 editing, and the influence of the gene on character expressions such as the plant height, the leaf size, the fruit branch number, the effective cotton boll number and the yield of cotton is defined; the regulation and control effect on the cotton yield is determined; therefore, a powerful technical support is provided for improving the cotton yield by using the GHD05G2737 gene.(ZH) 本申请公开了一种棉花果枝数及产量调控基因GH_D05G2737、其编码蛋白、表达载体及其应用；本申请棉花基因GH_D05G2737进行CRISPR/Cas9编辑，明确了该基因对棉花株高、叶片大小、果枝数、有效棉铃数及产量等性状表现的影响；确定了其对棉花产量的调控作用；从而为利用GH_D05G2737基因提高棉花产量提供了有力的技术支撑。",,,,郑州盈派知识产权代理事务所(普通合伙) 41196郑州盈派知识产权代理事务所(普通合伙) 41196,
,,,,,,,,,,,,,,,,,,
,,,,,,,,,,,,,,,,,,
KR418625476,1020220073299,Republic of Korea,16.06.2022,1020230172749,26.12.2023,A,"C12N 15/113
					






A01K 67/027
					






C12N 15/10
					






C12N 15/85
					








C12N 15/113
					






A01K 67/027
					






C12N 15/10
					






C12N 15/85
					






View less classifications","C12N 15/113
					






A01K 67/0275
					






C12N 15/102
					






C12N 15/85
					






A01K 2227/101
					






A01K 2227/102
					






View more classifications
							






C12N 15/113
					






A01K 67/0275
					






C12N 15/102
					






C12N 15/85
					






A01K 2227/101
					






A01K 2227/102
					






A01K 2227/103
					






A01K 2227/108
					






A01K 2267/0337
					






C12N 2310/20
					






View less classifications",대한민국(농촌진흥청장)대한민국(농림축산식품부 농림축산검역본부장)REPUBLIC OF KOREA(MANAGEMENT : RURAL DEVELOPMENT ADMINISTRATION)REPUBLIC OF KOREA(ANIMAL AND PLANT QUARANTINE AGENCY),CHAI HAN HALIM DAJEONGKIM TAE HUNPARK MI RIM채한화NOH YUN JEONG임다정LEE MIN JA김태헌박미림노윤정이민자,,(EN) GENE EDITING CELL ENCODING LC3 PROTEIN HAVING RESISTANCE TO FOOT-AND-MOUTH DISEASE VIRUS AND USE THEREOF(KO) 구제역 바이러스에 저항성을 갖는 LC3 단백질을 암호화하는 유전자 편집 세포 및 이의 용도,"(EN) The present invention relates to a gene editing cell encoding an LC3 protein resistant to foot-and-mouth disease virus and a use thereof and, more specifically, it has confirmed that by applying gene editing technology (CRISPR-Cas9) to foot-and-mouth disease susceptible cells, a gene-edited cell in which the functional region of LC3 was edited was resistant to foot-and-mouth disease virus, so that the gene editing cell can be used for selecting disease-resistant individuals or developing disease-resistant animals. COPYRIGHT KIPO 2024(KO) 본 발명은 구제역 바이러스에 저항성을 갖는 LC3 단백질을 암호화하는 유전자 편집 세포 및 이의 용도에 관한 것으로, 구체적으로 구제역 감수성세포에 유전자 편집기술 (CRISPR-Cas9)을 적용하여 LC3의 기능 부위를 편집한 유전자 편집 세포가 구제역 바이러스에 대한 저항능이 있음을 확인한 바, 질병저항성 개체 선발 또는 질병 저항성 동물 개발에 이용될 수 있다.",,,,이원희,
,,,,,,,,,,,,,,,,,,
,,,,,,,,,,,,,,,,,,
,,,,,,,,,,,,,,,,,,
,,,,,,,,,,,,,,,,,,
CN306883870,202010377880,China,07.05.2020,111647570,11.09.2020,A,"C12N 9/02
					






C12N 15/53
					






C12N 15/70
					








C12N 9/02
					






C12N 15/53
					






C12N 15/70
					






View less classifications","C12N 9/001
					






C12Y 103/99031
					






C12N 15/70
					








C12N 9/001
					






C12Y 103/99031
					






C12N 15/70
					






View less classifications","INSTITUTE OF TROPICAL BIOSCIENCE AND BIOTECHNOLOGY, CHINESE ACADEMY OF TROPICAL AGRICULTURAL SCIENCES中国热带农业科学院热带生物技术研究所",LI HUILIANG李辉亮PENG SHIQING彭世清GUO DONG郭冬WANG YING王颖ZHU JIAHONG朱家红,,(EN) Hevea brasiliensis phytoene desaturase HbPDS and encoding gene thereof(ZH) 一种橡胶树八氢番茄红素脱氢酶HbPDS及其编码基因,"(EN) The embodiment of the invention discloses a hevea brasiliensis phytoene desaturase HbPDS and an encoding gene thereof and belongs to the technical field of biology. The hevea brasiliensis phytoene desaturase HbPDS is an amino acid sequence as shown in SEQ ID NO:1. A fluorescence quantitative PCR analysis result of the hevea brasiliensis phytoene desaturase HbPDS provides a research basis for further illustration of functions and regulatory mechanisms of a Brazilian hevea brasiliensis HbPDS gene in plant growth and development and stress response, and provides an intuitive and fast endogenous detection reporter gene for establishment of a VIGS and CRISPR/Cas9 gene-silencing system to research the function of the hevea brasiliensis gene. The HbPDS gene is cloned into a pET-28a expression vector and then escherichia coli BL21 (DE3) is transformed; and the hevea brasiliensis phytoene desaturase can be efficiently expressed through IPTG induced expression, so that a novel phytoene desaturase source is provided for production research of lycopene.(ZH) 本发明实施例公开了一种橡胶树八氢番茄红素脱氢酶HbPDS及其编码基因，属于生物技术领域。一种橡胶树八氢番茄红素脱氢酶HbPDS，是如SEQ ID NO:1所示的氨基酸序列。本发明的荧光定量PCR分析结果为进一步阐明巴西橡胶树HbPDS基因在植物生长发育和胁迫应答中的功能和调控机制提供了研究基础，以及为建立VIGS和CRISPR/Cas9基因沉默体系研究橡胶树基因的功能提供了直观快捷的内源检测报告基因。本发明将HbPDS基因克隆到pET‑28a表达载体上，然后转化大肠杆菌BL21(DE3)，经IPTG诱导表达，可高效表达橡胶树八氢番茄红素脱氢酶，为进行番茄红素生产研究提供了新的八氢番茄红素脱氢酶源。",,,,北京知呱呱知识产权代理有限公司 11577,
,,,,,,,,,,,,,,,,,,
CN352775448,202080050300,China,17.07.2020,114072498,18.02.2022,A,"C12N 9/22
					






C12N 15/10
					






C12N 15/82
					








C12N 9/22
					






C12N 15/10
					






C12N 15/82
					






View less classifications","C12N 9/22
					






C12N 15/102
					






C12N 15/8213
					






C12N 2310/20
					






C12N 15/902
					






C12N 15/1096
					






View more classifications
							






C12N 9/22
					






C12N 15/102
					






C12N 15/8213
					






C12N 2310/20
					






C12N 15/902
					






C12N 15/1096
					






C12N 2510/00
					






View less classifications","PIONEER HI-BRED INTERNATIONAL, INC.先锋国际良种公司",DAS AMITA·达斯KANUGANTI SATISHS·卡奴甘地MOHANTY AMITABHA·莫罕蒂SVITASHEV SERGEIS·斯维塔舍夫TAVVA VENKATA SV·S·塔瓦,,(EN) DONOR DESIGN STRATEGY FOR CRISPR-CAS9 GENOME EDITING(ZH) CRISPR-CAS9基因组编辑的供体设计策略,"(EN) Methods and compositions are provided for the improvement of homology-directed repair of a double strand break in a plant cell, using concatemers of heterologous polynucleotides that are flanked by sequences capable of sequence hybridization with a guide RNA. In some aspects, the double strand break is created by an RNA-guided Cas endonuclease. The homology-directed repair of the double-strand break may include incorporation of a heterologous polynucleotide, for example a gene encoding a trait of agronomic importance. The homology-directed repair of the double-strand break may occur as a result of template-directed repair using a heterologous polynucleotide as a repair template.(ZH) 提供了用于使用异源多核苷酸的串联体改善植物细胞中双链断裂的同源定向修复的方法和组合物，这些串联体的侧翼是能够与指导RNA进行序列杂交的序列。在一些方面，该双链断裂由RNA指导的Cas内切核酸酶产生。该双链断裂的同源定向修复可包括并入异源多核苷酸，例如编码具有农艺学重要性的性状的基因。该双链断裂的同源定向修复可作为使用异源多核苷酸作为修复模板的模板定向修复的结果而发生。",,,62/877359 23.07.2019 US,中国专利代理(香港)有限公司 72001中国专利代理(香港)有限公司 72001,
,,,,,,,,,,,,,,,,,,
CN403537230,202310543186,China,15.05.2023,116445510,18.07.2023,A,"C12N 15/29
					






C07K 14/415
					






C12N 15/82
					






A01H 5/00
					






A01H 5/10
					






A01H 6/46
					








C12N 15/29
					






C07K 14/415
					






C12N 15/82
					






A01H 5/00
					






A01H 5/10
					






A01H 6/46
					






View less classifications","C07K 14/415
					






C12N 15/8261
					






C12N 15/8218
					






Y02A 40/146
					








C07K 14/415
					






C12N 15/8261
					






C12N 15/8218
					






Y02A 40/146
					






View less classifications",HUNAN AGRICULTURAL UNIVERSITY湖南农业大学,MENG SHUAN孟栓LIN JINHONG蔺金红XU ZHIJUN徐智军YE NENGHUI叶能辉ZHAO JING赵静DUAN MEIJUAN段美娟ZHANG JIANHUA张建华,,"(EN) Application of OsAAP8 in regulation and control of tillering, grain shape and grain weight of rice(ZH) OsAAP8在调控水稻分蘖、粒型和粒重中的应用","(EN) The invention provides application of OsAAP8 in regulation and control of tillering, grain shape and grain weight of rice, and relates to the technical field of rice gene engineering. The invention provides application of OsAAP8 in regulation and control of tillering, grain shape and grain weight of rice, an osaap8 mutant plant of the rice is constructed and obtained through a CRISPR/Cas9 gene editing technology, and it is proved that the amino acid transporter OsAAP8 encoded by the OsAAP8 gene can negatively regulate and control the tillering number of the rice, influence the grain shape of the rice and change the thousand grain weight. After the OsAAP8 gene is knocked out, the tiller number of the rice can be increased, the grain thickness of the rice is increased, and the thousand grain weight is increased; however, overexpression of the OsAAP8 gene in the rice reduces tillering of the rice, reduces grain thickness, and reduces thousand grain weight.(ZH) 本发明提供了OsAAP8在调控水稻分蘖、粒型和粒重中的应用，涉及水稻基因工程技术领域。本发明提供了OsAAP8在调控水稻分蘖、粒型和粒重中的应用，通过CRISPR/Cas9基因编辑技术构建得到了水稻的osaap8突变体植株，证实了由OsAAP8基因编码的氨基酸转运蛋白OsAAP8能够负调控水稻的分蘖数、影响水稻的粒型、改变千粒重。OsAAP8基因敲除后可以使得水稻的分蘖数增加，并增加水稻的粒厚，千粒重增加；而在水稻中过表达OsAAP8基因，水稻的分蘖减少，粒厚变窄，千粒重降低。",,,,北京高沃律师事务所 11569,
,,,,,,,,,,,,,,,,,,
CA347940590,3143016,Canada,17.07.2020,3143016,28.01.2021,A1,"C12N 9/22
					






C12N 15/10
					






C12N 15/82
					








C12N 9/22
					






C12N 15/10
					






C12N 15/82
					






View less classifications","C12N 9/22
					






C12N 15/102
					






C12N 15/8213
					






C12N 2310/20
					






C12N 15/902
					






C12N 15/1096
					






View more classifications
							






C12N 9/22
					






C12N 15/102
					






C12N 15/8213
					






C12N 2310/20
					






C12N 15/902
					






C12N 15/1096
					






C12N 2510/00
					






View less classifications","PIONEER HI-BRED INTERNATIONAL, INC.","DAS, AMITKANUGANTI, SATISHMOHANTY, AMITABHSVITASHEV, SERGEITAVVA, VENKATA S","62/877,359 23.07.2019 US",(EN) DONOR DESIGN STRATEGY FOR CRISPR-CAS9 GENOME EDITING(FR) STRATEGIE DE CONCEPTION DE DONNEUR POUR L'EDITION DE GENOME CRISPR-CAS9,"(EN) Methods and compositions are provided for the improvement of homology-directed repair of a double strand break in a plant cell, using concatemers of heterologous polynucleotides that are flanked by sequences capable of sequence hybridization with a guide RNA. In some aspects, the double strand break is created by an RNA-guided Cas endonuclease. The homology-directed repair of the double-strand break may include incorporation of a heterologous polynucleotide, for example a gene encoding a trait of agronomic importance. The homology-directed repair of the double-strand break may occur as a result of template-directed repair using a heterologous polynucleotide as a repair template.(FR) L'invention concerne des procédés et des compositions pour l'amélioration de la réparation dirigée par homologie d'une cassure double brin dans une cellule végétale à l'aide de concatémères de polynucléotides hétérologues flanqués par des séquences permettant une hybridation de séquence avec un ARN guide. Dans certains aspects, la cassure double brin est créée par une endonucléase Cas guidée par ARN. La réparation dirigée par homologie de la cassure double brin peut comprendre l'incorporation d'un polynucléotide hétérologue, par exemple un gène codant pour un caractère d'importance agronomique. La réparation dirigée par homologie de la cassure double brin peut résulter d'une réparation dirigée par matrice utilisant un polynucléotide hétérologue comme matrice de réparation.","WO/2021/016098

CN114072498

BR112022001230

EP4004198

US20220307006

IN202217001543",,,,
CN370998595,202080087122,China,15.10.2020,114829595,29.07.2022,A,"C12N 9/88
					






C12N 15/62
					






C12N 9/10
					








C12N 9/88
					






C12N 15/62
					






C12N 9/10
					






View less classifications","C12N 9/22
					






C12N 15/102
					






C07K 2319/00
					






C12Y 305/04004
					






C12Y 305/04005
					






C12N 2310/20
					






View more classifications
							






C12N 9/22
					






C12N 15/102
					






C07K 2319/00
					






C12Y 305/04004
					






C12Y 305/04005
					






C12N 2310/20
					






C07K 2319/70
					






C12N 15/113
					






C07K 14/20
					






C12N 9/78
					






C12N 15/1093
					






View less classifications","CHENGDUI PLANT SERVICE CO., LTD.成对植物服务股份有限公司","WATERS, JAMES, M.J·M·瓦特斯JARRY SAMUEL SS·S·贾里","62/916,392 17.10.2019 US",(EN) Variants of CAS12A nuclease as well as preparation method and application thereof(ZH) CAS12A核酸酶的变体及其制备方法和用途,(EN) The present invention relates to variants of a Cas12a nuclease having an altered prespacer proximity motif recognition specificity. The present invention also relates to methods of making CRISPR-CAS nuclease variants and methods of modifying nucleic acids using the variants.(ZH) 本发明涉及具有改变的前间隔子邻近基序识别特异性的Cas12a核酸酶的变体。本发明还涉及制备CRISPR‑CAS核酸酶变体的方法和使用所述变体修饰核酸的方法。,"US20210115421

JP2022552409

EP4045643

KR1020220097408

BR112022007125

CA3157707

SG11202203928S

AU2020366358

WO/2021/076682

IL292117

NZ787124

CL2022000937

MX2022004549

BR112022007125This application is not viewable in PATENTSCOPE because the national phase entry has not been published yet or the national entry is issued from a country that does not share data with WIPO or there is a formatting issue or an unavailability of the application.

US20240076639

US20240076640

CL2024001733

CL2024001734

CL2024001737",,,中国贸促会专利商标事务所有限公司 11038,
CN281793521,201911049273,China,31.10.2019,110656115,07.01.2020,A,"C12N 15/29
					






C07K 14/415
					






C12N 15/82
					






A01H 5/00
					






A01H 6/54
					








C12N 15/29
					






C07K 14/415
					






C12N 15/82
					






A01H 5/00
					






A01H 6/54
					






View less classifications","C07K 14/415
					






C12N 15/8273
					






C12N 15/8218
					








C07K 14/415
					






C12N 15/8273
					






C12N 15/8218
					






View less classifications",JILIN AGRICULTURAL UNIVERSITY吉林农业大学,LIU SIYAN刘思言LI GUANGLONG李广隆LU ZHONGSHUANG鲁中爽GUAN SHUYAN关淑艳QU JING曲静YAO DAN姚丹WANG RUI王蕊LIU JINFENG刘金凤LIU MINGMING刘明明LI YUANQIANG李远强YAO MENGFAN幺梦凡ZHANG TONGYU张桐禹REN PING任萍BIAN WENJUAN边文娟LU KUNPENG卢昆鹏HU SHAOWANG胡绍旺,,(EN) Soybean GmHsps_p23-like gene and application thereof(ZH) 大豆GmHsps_p23-like基因及其应用,"(EN) The invention provides a soybean GmHsps_p23-like gene and application thereof, and belongs to the field of plant gene engineering. The gene has a nucleotide sequence as shown in SEQ ID NO. 1. The geneis cloned by utilizing a RT-PCR technology, and plant expression vectors of the gene containing glufosinate-ammonium screening marker are successfully recombined: pCAMBIA3301-GmHsps_p23-lik and CRISP/ Cas9-GmHsps_p23-like. The two plant expression vectors are genetically transformed into soybean by Agrobacterium-mediated cotyledon node method. Drought stress identification results show that expression of the GmHsps_p23-like gene can improve drought resistance of the soybean.(ZH) 本发明提供一种大豆GmHsps_p23‑like基因及其应用，属于植物基因工程领域。该基因的核苷酸序列如SEQ ID NO.1所示，本发明利用RT‑PCR技术克隆大豆GmHsps_p23‑like基因，成功重组了含有草铵膦筛选标记的该基因植物表达载体：pCAMBIA3301‑GmHsps_p23‑like和CRISPR/Cas9‑GmHsps_p23‑like。通过农杆菌介导大豆子叶节法，将两套植物表达载体对大豆进行遗传转化。干旱胁迫鉴定结果表明，本发明的GmHsps_p23‑like基因的表达可提高大豆的抗旱能力。",,,,长春众邦菁华知识产权代理有限公司 22214,
,,,,,,,,,,,,,,,,,,
,,,,,,,,,,,,,,,,,,
US322187632,17071095,United States of America,15.10.2020,20210115421,22.04.2021,B2,"C12N 9/22
					






C07K 14/20
					






C12N 15/10
					






C12N 15/113
					








C12N 9/22
					






C07K 14/20
					






C12N 15/10
					






C12N 15/113
					






View less classifications","C07K 14/20
					






C12N 9/22
					






C12N 15/102
					






C12N 15/113
					






C07K 2319/70
					






C12N 2310/20
					








C07K 14/20
					






C12N 9/22
					






C12N 15/102
					






C12N 15/113
					






C07K 2319/70
					






C12N 2310/20
					






View less classifications","Pairwise Plants Services, Inc.",Joseph Matthew Watts,,(EN) Variants of CAS12A nucleases and methods of making and use thereof,"(EN) 
This invention relates to variants of Cas12a nucleases having altered protospacer adjacent motif recognition specificity. The invention further relates to methods of making CRISPR-CAS nuclease variants and methods of modifying nucleic acids using the variants.","JP2022552409

EP4045643

CN114829595

KR1020220097408

BR112022007125

CA3157707

SG11202203928S

AU2020366358

WO/2021/076682

IL292117

NZ787124

CL2022000937

MX2022004549

BR112022007125This application is not viewable in PATENTSCOPE because the national phase entry has not been published yet or the national entry is issued from a country that does not share data with WIPO or there is a formatting issue or an unavailability of the application.

US20240076639

US20240076640

CL2024001733

CL2024001734

CL2024001737",11866745,09.01.2024,"Myers Bigel, P.A.",
,,,,,,,,,,,,,,,,,,
,,,,,,,,,,,,,,,,,,
,,,,,,,,,,,,,,,,,,
,,,,,,,,,,,,,,,,,,
US283321494,16412901,United States of America,15.05.2019,20200045901,13.02.2020,B2,"C12N 15/82
					






A01H 1/04
					








C12N 15/82
					






A01H 1/04
					






View less classifications","A01H 1/04
					






C12N 15/8213
					








A01H 1/04
					






C12N 15/8213
					






View less classifications","University of Florida Research Foundation, Inc.University of Florida Research Foundation, Incorporated",Tong Geon LeeSamuel Forrest Hutton,,(EN) Compositions and methods for identifying and selecting brachytic locus in solanaceae,"(EN) 
Molecular markers associated with Solanaceae brachytic locus, methods of their use, and compositions having one or more marker loci are provided. Methods comprising detecting at least one marker locus, detecting a haplotype, and/or detecting a marker profile are provided. Methods and compositions are described for breeding tomato plants containing quantitative trait loci that are associated with brachytic phenotype and monitoring introgression of brachytic locus. Methods and compositions are also described for modifying a brachytic locus using CRISPR/Cas.",,11268102,08.03.2022,Alston & Bird LLP,
,,,,,,,,,,,,,,,,,,
AR421111361,P220102670,Argentina,03.10.2022,127236,03.01.2024,A1,"C12N 15/82
					






C12N 9/22
					








C12N 15/82
					






C12N 9/22
					






View less classifications","C12N 9/22
					






C12N 15/8261
					






Y02A 40/146
					






C12N 15/8213
					








C12N 9/22
					






C12N 15/8261
					






Y02A 40/146
					






C12N 15/8213
					






View less classifications","PAIRWISE PLANTS SERVICES, INC.",MARISA MILLERDEVIN OCONNOR,"63/251,859 04.10.2021 US",(ES) MÉTODOS PARA MEJORAR LA FERTILIDAD DE LA FLOR Y EL RENDIMIENTO DE SEMILLAS,"(ES) Esta invención se refiere a composiciones y métodos para modificar factores de transcripción de Entrenudos Cortos (SHI) que regulan la fertilidad de la flor, el número de semillas y/o el peso de las semillas en plantas. Reivindicación 1: Una planta o parte de ella que comprende por lo menos una mutación en un gen de factor de transcripción de Entrenudos Cortos (SHI) endógeno que codifica un factor de transcripción de SHI que comprende un dominio de unión de ADN de dedos de zinc (dominio de ZnF), donde la mutación interrumpe la unión del factor de transcripción de SHI a ADN. Reivindicación 25: Una célula vegetal que comprende un sistema de edición que comprende: (a) una proteína efectora asociada con CRISPR; y (b) un ácido nucleico guía (ARNg, ADNg, ARNcr, ADNcr) que tiene una secuencia espaciadora con complementariedad a un gen objetivo endógeno que codifica un factor de transcripción de Entrenudos Cortos (SHI). Reivindicación 34: Una célula vegetal que comprende una mutación en un sitio de unión de ADN de un gen de factor de transcripción de Entrenudos Cortos (SHI) que evita o reduce la unión del factor de transcripción de SHI codificado al ADN, donde la mutación es una sustitución, una inserción y/o una deleción que se introduce usando un sistema de edición que comprende un dominio de unión de ácido nucleico que se une a un sitio objetivo en el gen de factor de transcripción de SHI, donde el gen de factor de transcripción de SHI: (a) comprende una secuencia que tiene por lo menos 80% de identidad de secuencia con cualquiera de las secuencias de nucleótidos de SEQ ID Nº 69, 70, 72 o 73; o comprende una región que tiene por lo menos 80% de identidad con cualquiera de las secuencias de nucleótidos de SEQ ID Nº 75 - 87; o (b) codifica un polipéptido que comprende una secuencia que tiene por lo menos 80% de identidad de secuencia con la secuencia de aminoácidos de SEQ ID Nº 71 o SEQ ID Nº 74 y/o un polipéptido que comprende una región que tiene por lo menos 80% de identidad de secuencia con cualquiera de las secuencias de aminoácidos de SEQ ID Nº 88 - 97. Reivindicación 88: Un ácido nucleico guía que se une a un sitio objetivo en un gen de factor de transcripción de Entrenudos Cortos (SHI), donde el sitio objetivo comprende una secuencia que tiene por lo menos 80% de identidad con cualquiera de las secuencias de nucleótidos de SEQ ID Nº 75 - 87; o que codifica una secuencia que tiene por lo menos 80% de identidad de secuencia con cualquiera de las secuencias de aminoácidos de SEQ ID Nº 88 - 92.","WO/2023/060028

CA3237641

EP4413127

CN118434850

MX2024004057

IN202447031112This application is not viewable in PATENTSCOPE because the national phase entry has not been published yet or the national entry is issued from a country that does not share data with WIPO or there is a formatting issue or an unavailability of the application.",,,,
AR421111425,P220102728,Argentina,06.10.2022,127300,10.01.2024,A1,"C12N 15/82
					






C12N 9/22
					






C07K 14/415
					








C12N 15/82
					






C12N 9/22
					






C07K 14/415
					






View less classifications","C12N 9/22
					






C12N 15/8261
					






C07K 14/415
					






Y02A 40/146
					






A01C 1/08
					






A01C 21/005
					






View more classifications
							






C12N 9/22
					






C12N 15/8261
					






C07K 14/415
					






Y02A 40/146
					






A01C 1/08
					






A01C 21/005
					






C12N 15/82
					






View less classifications","PAIRWISE PLANTS SERVICES, INC.",MARISA MILLERDEVIN OCONNOR,"63/253,179 07.10.2021 US",(ES) MÉTODOS PARA MEJORAR LA FERTILIDAD DE LA FLOR Y EL RENDIMIENTO DE SEMILLAS,"(ES) Esta invención se refiere a composiciones y métodos para modificar ácidos nucleicos que codifican polipéptidos de histona demetilasa que regulan la fertilidad de la flor, el número de semillas, y/o el peso de la semilla en plantas. Reivindicación 52: Un método para producir o mejorar / reproducir una planta con edición del genoma libe de transgenes (p. ej., con edición de bases), que comprende: (a) cruzar la planta de cualquiera de las reivindicaciones 1 - 27, 34, 35, o 48 - 50 con una planta libre de transgenes, a fin de introducir la mutación o modificación en la planta que está libre de transgenes; y (b) seleccionar una planta de progenie que comprende la mutación o modificación, pero que está libre de transgenes, a fin de producir una planta con edición del genoma libre de transgenes. Reivindicación 53: Un método para crear una mutación en un gen de histona demetilasa endógeno en una planta, que comprende: (a) dirigir un sistema de edición génica a una porción del gen de histona demetilasa endógeno, donde la porción: (i) comprende una secuencia de nucleótidos que tiene por lo menos 80% de identidad de secuencia con cualquiera de SEQ ID Nº 75, 76, 78, 79, 81, 82, 84 u 85 y/o codifica una secuencia de aminoácidos que tiene por lo menos 80% de identidad con cualquiera de SEQ ID Nº 87, 88, 90, o 91, opcionalmente comprende una secuencia de nucleótidos que tiene por lo menos 80% de identidad de secuencia con cualquiera de SEQ ID Nº 75, 78, 81, u 84 y/o codifica una secuencia de aminoácidos que tiene por lo menos 80% de identidad con SEQ ID Nº 87 o SEQ ID Nº 90, y/o (ii) comprende una secuencia de nucleótidos que tiene por lo menos 80% de identidad de secuencia con cualquiera de SEQ ID Nº 77, 80, 83, u 86 y/o codifica y/o codifica una secuencia de aminoácidos que tiene por lo menos 80% de identidad con cualquiera de SEQ ID Nº 89 o 92; y (b) seleccionar una planta que comprende una modificación ubicada en la porción del gen de histona demetilasa endógeno que tiene por lo menos 80% de identidad de secuencia con cualquiera de las secuencias de nucleótidos de SEQ ID Nº 75, 76, 77, 78, 79, 80, 81, 82, 83, 84, 85, u 86. Reivindicación 55: Un método para generar variación en un polipéptido de histona demetilasa en una célula vegetal, que comprende: introducir un sistema de edición en una célula vegetal, donde el sistema de edición se dirige a una región de un gen de histona demetilasa en una célula vegetal; y poner en contacto la región del gen de histona demetilasa con el sistema de edición, a fin de introducir una mutación en el gen de histona demetilasa y generar variación en el polipéptido de histona demetilasa en la célula vegetal. Reivindicación 63: Un método para editar un sitio específico en el genoma de una célula vegetal, donde el método comprende: escindir, de una manera específica de sitio, un sitio objetivo dentro de un gen de histona demetilasa endógeno en la célula vegetal, donde el gen de histona demetilasa endógeno: (a) comprende una secuencia que tiene por lo menos 80% de identidad de secuencia con cualquiera de las secuencias de nucleótidos de SEQ ID Nº 69, 70, 72 o 73; y/o (b) codifica un polipéptido que comprende una secuencia que tiene por lo menos 80% de identidad de secuencia con la secuencia de aminoácidos de SEQ ID Nº 71 o SEQ ID Nº 74, de modo de generar así una edición en el gen de histona demetilasa endógeno de la célula vegetal. Reivindicación 105: Un complejo que comprende una proteína efectora CRISPR-Cas que comprende un dominio de escisión y un ácido nucleico guía, donde el ácido nucleico guía se une a un sitio objetivo en un gen de histona demetilasa que comprende una secuencia que tiene por lo menos 80% de identidad de secuencia con cualquiera de las secuencias de nucleótidos de SEQ ID Nº 69, 70, 72 o 73; o codifica un polipéptido que comprende una secuencia que tiene por lo menos 80% de identidad de secuencia con la secuencia de aminoácidos de SEQ ID Nº 71 o SEQ ID Nº 74, donde el dominio de escisión escinde una hebra objetivo en el gen de histona demetilasa. Reivindicación 109: Un ácido nucleico que codifica una histona demetilasa que tiene un sitio de unión a ADN mutado, donde el sitio de unión a ADN mutado comprende una mutación que interrumpe la unión de ADN y/o reduce la actividad de desmetilación de la histona de la histona demetilasa.","WO/2023/060152

CA3234455

CN118302434

EP4413022

MX2024004058

IN202447034600This application is not viewable in PATENTSCOPE because the national phase entry has not been published yet or the national entry is issued from a country that does not share data with WIPO or there is a formatting issue or an unavailability of the application.",,,,
AR416012811,P220102358,Argentina,31.08.2022,126938,29.11.2023,A1,"C12N 15/82
					






C12N 9/02
					






C12N 9/16
					






C12N 9/22
					






C07K 14/415
					






A01H 1/06
					






View more classifications
							






C12N 15/82
					






C12N 9/02
					






C12N 9/16
					






C12N 9/22
					






C07K 14/415
					






A01H 1/06
					






A01H 5/10
					






A01H 6/54
					






View less classifications","C07K 14/415
					






A01H 1/06
					






A01H 5/10
					






C12N 9/0071
					






Y02A 40/146
					






C12N 2310/20
					






View more classifications
							






C07K 14/415
					






A01H 1/06
					






A01H 5/10
					






C12N 9/0071
					






Y02A 40/146
					






C12N 2310/20
					






A01H 6/542
					






C12N 9/22
					






C12N 15/8243
					






View less classifications","PAIRWISE PLANTS SERVICES, INC.",LOLITA GEORGE MATHEW,"63/240,132 02.09.2021 US",(ES) MÉTODOS Y COMPOSICIONES PARA MEJORAR LA ARQUITECTURA DE LAS PLANTAS Y LOS RASGOS DE RENDIMIENTO,"(ES) Esta invención se refiere a composiciones y métodos para modificar genes de Más Crecimiento Axilar 1 (MAX1) en plantas, opcionalmente, para mejorar la arquitectura de la planta y/o para mejorados rasgos de rendimiento. La invención además se refiere a plantas que tienen mejorada arquitectura de la planta y/o rasgos de rendimiento mejorado producidas usando los métodos y las composiciones de la invención. Reivindicación 1: Una planta o parte de planta de la misma que comprende por lo menos una mutación en un gen endógeno de Más Crecimiento Axilar 1 (MAX1) que codifica un polipéptido de monooxigenasa de citocromo P450 (MAX1). Reivindicación 35: Una célula vegetal que comprende por lo menos una mutación dentro de un gen endógeno de Más Crecimiento Axilar 1 (MAX1), donde la por lo menos una mutación es una sustitución de base, inserción de base, o deleción de base que se introduce usando un sistema de edición que comprende un dominio de unión de ácido nucleico que se une a un sitio diana en el gen endógeno MAX1. Reivindicación 63: Un método para elaborar una planta, que comprende: (a) poner en contacto una población de células vegetales que comprenden un gen endógeno de Más Crecimiento Axilar 1 (MAX1) con una nucleasa unida a un dominio de unión de ácido nucleico (por ej., sistema de edición) que se une a una secuencia (i) que tiene por lo menos 80% de identidad de secuencia con una secuencia de nucleótidos de cualquiera de SEQ ID Nº 69, 70, 93, 94, 115, 116, 140 o 141, (ii) que comprende una región que tiene por lo menos 90% de identidad con cualquiera de SEQ ID Nº 72 - 91, 96 - 113, 118 - 138, o 143 - 164; (iii) que codifica una secuencia de aminoácidos que tiene por lo menos 80% de identidad de secuencia con cualquiera de SEQ ID Nº 71, 95, 117, o 142, y/o (iv) que codifica una región que tiene por lo menos 90% de identidad de secuencia con cualquiera de SEQ ID Nº 92, 114, 139 o 165, y/o; (b) seleccionar una célula vegetal de la población de células vegetales en la cual un gen endógeno MAX1 ha sido mutado, a fin de producir una célula vegetal que comprende una mutación en el gen endógeno MAX1; y (c) cultivar la célula vegetal seleccionada hasta lograr una planta. Reivindicación 80: Un ácido nucleico guía que se une a un sitio diana en un gen de Más Crecimiento Axilar 1 (MAX1), donde el sitio diana está en una región del gen MAX1 que tiene por lo menos 90% de identidad de secuencia con cualquiera de SEQ ID Nº 72 - 91, 96 - 113, 118 - 138, o 143 - 164, opcionalmente una región del gen MAX1 que tiene por lo menos 90% de identidad de secuencia con cualquiera de SEQ ID Nº 77 - 79, 81 - 83, 88, 90, 91, 101 - 103, 105 - 107, 113, 121, 124, 125, 127 - 129, 132 - 138, 148 - 150, 152 - 154, o 160 - 164. Reivindicación 84: Un sistema de edición de genes que comprende una proteína efectora CRISPR-CAS en asociación con un ácido nucleico guía, donde el ácido nucleico guía comprende una secuencia espaciadora que se une a un gen endógeno de Más Crecimiento Axilar 1 (MAX1). Reivindicación 91: Una planta de soja o parte de planta de ella que comprende por lo menos una mutación no natural en por lo menos un gen endógeno de Más Crecimiento Axilar 1 (MAX1) que tiene el número de identificación de gen (gen ID) de Glyma.04g052100 (MAX1a), Glyma.06g052700 (MAX1b), Glyma.14g096900 (MAX1c) y/o Glyma.17g227500 (MAX1d). Reivindicación 92: Un ácido nucleico guía que se une a un ácido nucleico diana en un gen de Más Crecimiento Axilar 1 (MAX1) que tiene el número de identificación de gen (gen ID) de Glyma.04g052100 (MAX1a), Glyma.06g052700 (MAX1b), Glyma.14g096900 (MAX1c) y/o Glyma.17g227500 (MAX1d).","WO/2023/034891

CN118176205

EP4396210

MX2024002417

CA3230668

IN202447024464This application is not viewable in PATENTSCOPE because the national phase entry has not been published yet or the national entry is issued from a country that does not share data with WIPO or there is a formatting issue or an unavailability of the application.",,,,
US332611568,17259359,United States of America,12.07.2019,20210238612,05.08.2021,A1,"C12N 15/82
					






C12N 9/22
					








C12N 15/82
					






C12N 9/22
					






View less classifications","C12Y 301/00
					






C12N 15/8202
					






C12N 9/22
					








C12Y 301/00
					






C12N 15/8202
					






C12N 9/22
					






View less classifications",Keygene N.V.,Paul BUNDOCK,18194078.4 12.09.2018 EP,(EN) TYPE V CRISPR/NUCLEASE-SYSTEM FOR GENOME EDITING IN PLANT CELLS,"(EN) 
Provided is a method for targeted modification of DNA in a plant cell using crRNA-guided MAD7-nuclease and compositions and kits for doing the same.","WO/2020/011985

EP3821008

JP2021524266",,,,
BR239462018,112018068934,Brazil,20.04.2017,112018068934,22.01.2019,A2,"C12N 9/00
					






C12N 15/00
					








C12N 9/00
					






C12N 15/00
					






View less classifications","C12N 15/102
					






C12N 15/111
					






C12N 15/902
					






C12N 15/905
					






C12N 15/907
					






C12N 2310/20
					






View more classifications
							






C12N 15/102
					






C12N 15/111
					






C12N 15/902
					






C12N 15/905
					






C12N 15/907
					






C12N 2310/20
					






C12N 15/113
					






C12N 9/22
					






C12N 15/11
					






C12N 15/70
					






C12N 15/75
					






C12N 15/81
					






C12N 15/8274
					






C12N 15/8509
					






View less classifications",BASF PLANT SCIENCE COMPANY GMBH,CHRIS DE WILDEJOHN A MCELVERLEENDERT W NEUTEBOOMMAX FABIAN FELLEROSA DE PINHO BARROCO,16167773.7 29.04.2016 EP16167774.5 29.04.2016 EP17156018.8 14.02.2017 EP,"(PT) método de modificação de moléculas de ácido nucleico alvo (na alvo) em células, molécula, molécula de funa recombinante, vetor e seu uso, sistema de vetor, sistema de modificação de na alvo em células, composição","(PT) métodos de modificação de ácidos nucleicos alvo. o método envolve uma construção na qual rna guia é ligado covalentemente a rna doador (na de fusão) a ser introduzido no ácido nucleico alvo por meio de recombinação homóloga e é baseado na introdução de nuclease, tal como crispr ou talen, na célula que contém o ácido nucleico alvo. o na de fusão pode ser introduzido na forma de vetor de dna.","AU2017256517

CN109072207

KR1020190002470

EP3448990

KR1020230038804

US20190309290

JP2019514376

KR1020220032126

WO/2017/186550

EP3868880

DK3448990

IL262409

CA3022475

MX2021009235

MX2018013256

CL2018003074

IN201827044973

IN202128045052

US20230024869

US20230049124

US20230107997

US20230183686

AU2022100157

AU2022100158

AU2022100159

AU2022100155

AU2022100170

JP2023018093",,,JACQUES LABRUNIE,
US254126254,16097300,United States of America,20.04.2017,20190309290,10.10.2019,B2,"C12N 15/11
					






C12N 15/10
					






C12N 15/70
					






C12N 15/75
					






C12N 15/82
					






C12N 15/85
					






View more classifications
							






C12N 15/11
					






C12N 15/10
					






C12N 15/70
					






C12N 15/75
					






C12N 15/82
					






C12N 15/85
					






C12N 15/90
					






C12N 15/81
					






View less classifications","C12N 15/102
					






C12N 15/11
					






C12N 15/111
					






C12N 15/70
					






C12N 15/75
					






C12N 15/81
					






View more classifications
							






C12N 15/102
					






C12N 15/11
					






C12N 15/111
					






C12N 15/70
					






C12N 15/75
					






C12N 15/81
					






C12N 15/8274
					






C12N 15/8509
					






C12N 15/902
					






C12N 15/905
					






C12N 15/907
					






C12N 2310/20
					






View less classifications",BASF PLANT SCIENCE COMPANY GMBH,Leendert W. NeuteboomJohn A. McElverRosa De Pinho BarrocoChris De WildeMax Fabian Felle,16167773 29.04.2016 EP16167774 29.04.2016 EP17156018 14.02.2017 EP,(EN) Methods for modification of target nucleic acids,"(EN) 
Methods for modification of target nucleic acids. The method involves a construct in which guide RNA is covalently linked to donor RNA (fusion NA) to be introduced into the target nucleic acid by homologous recombination and is based on the introduction of a nuclease, e.g. CRISPR or TALEN, into the cell containing the target nucleic acid. The fusion NA may be introduced as a DNA vector.","AU2017256517

CN109072207

KR1020190002470

EP3448990

BR112018068934

KR1020230038804

JP2019514376

KR1020220032126

WO/2017/186550

EP3868880

DK3448990

IL262409

CA3022475

MX2021009235

MX2018013256

CL2018003074

IN201827044973

IN202128045052

US20230024869

US20230049124

US20230107997

US20230183686

AU2022100157

AU2022100158

AU2022100159

AU2022100155

AU2022100170

JP2023018093",11608499,21.03.2023,ArentFox Schiff LLP,
DK335014386,17720040,Denmark,20.04.2017,3448990,30.08.2021,T5,"C12N 9/22
					






C12N 15/90
					








C12N 9/22
					






C12N 15/90
					






View less classifications","C12N 15/102
					






C12N 15/111
					






C12N 15/902
					






C12N 15/905
					






C12N 15/907
					






C12N 2310/20
					






View more classifications
							






C12N 15/102
					






C12N 15/111
					






C12N 15/902
					






C12N 15/905
					






C12N 15/907
					






C12N 2310/20
					






C12N 15/113
					






C12N 9/22
					






C12N 15/11
					






C12N 15/70
					






C12N 15/75
					






C12N 15/81
					






C12N 15/8274
					






C12N 15/8509
					






View less classifications",BASF Plant Science Company GmbH,"NEUTEBOOM, Leendert, W.MCELVER, John, A.DE PINHO BARROCO, RosaDE WILDE, ChrisFELLE, Max, Fabian",16167773 29.04.2016 EP16167774 29.04.2016 EP17156018 14.02.2017 EP,"(DA) FREMGANGSMÅDER TIL MODIFIKATION AF MÅLNUKLEINSYRER VED ANVENDELSE AF ET FUSIONSMOLEKYLE BESTÅENDE AF GUIDE- OG DONOR-DNA, RNA-FUSIONSMOLEKYLE OG VEKTORSYSTEMER, DER KODER FOR RNA-FUSIONSMOLEKYLET","(EN) Methods for modification of target nucleic acids. The method involves a construct in which guide RNA is covalently linked to donor RNA (fusion NA) to be introduced into the target nucleic acid by homologous recombination and is based on the introduction of a nuclease, e.g. CRISPR or TALEN, into the cell containing the target nucleic acid. The fusion NA may be introduced as a DNA vector.","AU2017256517

CN109072207

KR1020190002470

EP3448990

BR112018068934

KR1020230038804

US20190309290

JP2019514376

KR1020220032126

WO/2017/186550

EP3868880

IL262409

CA3022475

MX2021009235

MX2018013256

CL2018003074

IN201827044973

IN202128045052

US20230024869

US20230049124

US20230107997

US20230183686

AU2022100157

AU2022100158

AU2022100159

AU2022100155

AU2022100170

JP2023018093",3448990,27.09.2021,,
US391879816,17933015,United States of America,16.09.2022,20230049124,16.02.2023,A1,"C12N 15/11
					






C12N 15/70
					






C12N 15/75
					






C12N 15/81
					






C12N 15/82
					






C12N 15/85
					






View more classifications
							






C12N 15/11
					






C12N 15/70
					






C12N 15/75
					






C12N 15/81
					






C12N 15/82
					






C12N 15/85
					






C12N 15/90
					






C12N 15/10
					






View less classifications","C12N 15/70
					






C12N 15/11
					






C12N 15/75
					






C12N 15/81
					






C12N 15/8274
					






C12N 15/8509
					






View more classifications
							






C12N 15/70
					






C12N 15/11
					






C12N 15/75
					






C12N 15/81
					






C12N 15/8274
					






C12N 15/8509
					






C12N 15/902
					






C12N 15/102
					






C12N 15/111
					






C12N 2310/20
					






C12N 15/905
					






C12N 15/907
					






View less classifications",BASF PLANT SCIENCE COMPANY GMBH,Leendert W. NEUTEBOOMJohn A. McelverRosa De Pinho BarrocoChris De WildeMax Fabian Felle,16167773.7 29.04.2016 EP16167774.5 29.04.2016 EP17156018.8 14.02.2017 EP,(EN) IMPROVED METHODS FOR MODIFICATION OF TARGET NUCLEIC ACIDS,"(EN) 
Methods for modification of target nucleic acids. The method involves a construct in which guide RNA is covalently linked to donor RNA (fusion NA) to be introduced into the target nucleic acid by homologous recombination and is based on the introduction of a nuclease, e.g. CRISPR or TALEN, into the cell containing the target nucleic acid. The fusion NA may be introduced as a DNA vector.","AU2017256517

CN109072207

KR1020190002470

EP3448990

BR112018068934

KR1020230038804

US20190309290

JP2019514376

KR1020220032126

WO/2017/186550

EP3868880

DK3448990

IL262409

CA3022475

MX2021009235

MX2018013256

CL2018003074

IN201827044973

IN202128045052

US20230024869

US20230107997

US20230183686

AU2022100157

AU2022100158

AU2022100159

AU2022100155

AU2022100170

JP2023018093",,,,
US390989515,17933003,United States of America,16.09.2022,20230024869,26.01.2023,A1,"C12N 15/11
					






C12N 15/70
					






C12N 15/75
					






C12N 15/81
					






C12N 15/82
					






C12N 15/85
					






View more classifications
							






C12N 15/11
					






C12N 15/70
					






C12N 15/75
					






C12N 15/81
					






C12N 15/82
					






C12N 15/85
					






C12N 15/90
					






C12N 15/10
					






View less classifications","C12N 15/70
					






C12N 15/11
					






C12N 15/75
					






C12N 15/81
					






C12N 15/8274
					






C12N 15/8509
					






View more classifications
							






C12N 15/70
					






C12N 15/11
					






C12N 15/75
					






C12N 15/81
					






C12N 15/8274
					






C12N 15/8509
					






C12N 15/902
					






C12N 15/102
					






C12N 15/111
					






C12N 2310/20
					






C12N 15/905
					






C12N 15/907
					






View less classifications",BASF PLANT SCIENCE COMPANY GMBH,Leendert W. NEUTEBOOMJohn A. McElverRosa De Pinho BarrocoChris De WildeMax Fabian Felle,16167773.7 29.04.2016 EP16167774.5 29.04.2016 EP17156018.8 14.02.2017 EP,(EN) METHODS FOR MODIFICATION OF TARGET NUCLEIC ACIDS,"(EN) 
Methods for modification of target nucleic acids. The method involves a construct in which guide RNA is covalently linked to donor RNA (fusion NA) to be introduced into the target nucleic acid by homologous recombination and is based on the introduction of a nuclease, e.g. CRISPR or TALEN, into the cell containing the target nucleic acid. The fusion NA may be introduced as a DNA vector.","AU2017256517

CN109072207

KR1020190002470

EP3448990

BR112018068934

KR1020230038804

US20190309290

JP2019514376

KR1020220032126

WO/2017/186550

EP3868880

DK3448990

IL262409

CA3022475

MX2021009235

MX2018013256

CL2018003074

IN201827044973

IN202128045052

US20230049124

US20230107997

US20230183686

AU2022100157

AU2022100158

AU2022100159

AU2022100155

AU2022100170

JP2023018093",,,,
US394940204,17933023,United States of America,16.09.2022,20230107997,06.04.2023,A1,"C12N 15/11
					






C12N 15/10
					






C12N 15/70
					






C12N 15/75
					






C12N 15/82
					






C12N 15/85
					






View more classifications
							






C12N 15/11
					






C12N 15/10
					






C12N 15/70
					






C12N 15/75
					






C12N 15/82
					






C12N 15/85
					






C12N 15/90
					






C12N 15/81
					






View less classifications","C12N 15/102
					






C12N 15/11
					






C12N 15/111
					






C12N 15/70
					






C12N 15/75
					






C12N 15/8274
					






View more classifications
							






C12N 15/102
					






C12N 15/11
					






C12N 15/111
					






C12N 15/70
					






C12N 15/75
					






C12N 15/8274
					






C12N 15/8509
					






C12N 15/902
					






C12N 15/81
					






C12N 2310/20
					






C12N 15/905
					






C12N 15/907
					






View less classifications",BASF PLANT SCIENCE COMPANY GMBH,Leendert W. NEUTEBOOMJohn A. MCELVERRosa DE PINHO BARROCOChris DE WILDEMax Fabian FELLE,16167773.7 29.04.2016 EP16167774.5 29.04.2016 EP17156018.8 14.02.2017 EP,(EN) METHODS FOR MODIFICATION OF TARGET NUCLEIC ACIDS,"(EN) 
Methods for modification of target nucleic acids. The method involves a construct in which guide RNA is covalently linked to donor RNA (fusion NA) to be introduced into the target nucleic acid by homologous recombination and is based on the introduction of a nuclease, e.g. CRISPR or TALEN, into the cell containing the target nucleic acid. The fusion NA may be introduced as a DNA vector.","AU2017256517

CN109072207

KR1020190002470

EP3448990

BR112018068934

KR1020230038804

US20190309290

JP2019514376

KR1020220032126

WO/2017/186550

EP3868880

DK3448990

IL262409

CA3022475

MX2021009235

MX2018013256

CL2018003074

IN201827044973

IN202128045052

US20230024869

US20230049124

US20230183686

AU2022100157

AU2022100158

AU2022100159

AU2022100155

AU2022100170

JP2023018093",,,,
US399575913,17933005,United States of America,16.09.2022,20230183686,15.06.2023,A1,"C12N 15/11
					






C12N 15/10
					






C12N 15/70
					






C12N 15/75
					






C12N 15/82
					






C12N 15/85
					






View more classifications
							






C12N 15/11
					






C12N 15/10
					






C12N 15/70
					






C12N 15/75
					






C12N 15/82
					






C12N 15/85
					






C12N 15/90
					






C12N 15/81
					






View less classifications","C12N 15/102
					






C12N 15/11
					






C12N 15/111
					






C12N 15/70
					






C12N 15/75
					






C12N 15/8274
					






View more classifications
							






C12N 15/102
					






C12N 15/11
					






C12N 15/111
					






C12N 15/70
					






C12N 15/75
					






C12N 15/8274
					






C12N 15/8509
					






C12N 15/902
					






C12N 15/81
					






C12N 2310/20
					






C12N 15/905
					






C12N 15/907
					






View less classifications",BASF Plant Science Company GmbH,Leendert W. NeuteboomJohn A. McElverRosa De Pinho BarrocoChris De WildeMax Fabian Felle,16167773.7 29.04.2016 EP16167774.5 29.04.2016 EP17156018.8 14.02.2017 EP,(EN) METHODS FOR MODIFICATION OF TARGET NUCLEIC ACIDS,"(EN) 
Methods for modification of target nucleic acids. The method involves a construct in which guide RNA is covalently linked to donor RNA (fusion NA) to be introduced into the target nucleic acid by homologous recombination and is based on the introduction of a nuclease, e.g. CRISPR or TALEN, into the cell containing the target nucleic acid. The fusion NA may be introduced as a DNA vector.","AU2017256517

CN109072207

KR1020190002470

EP3448990

BR112018068934

KR1020230038804

US20190309290

JP2019514376

KR1020220032126

WO/2017/186550

EP3868880

DK3448990

IL262409

CA3022475

MX2021009235

MX2018013256

CL2018003074

IN201827044973

IN202128045052

US20230024869

US20230049124

US20230107997

AU2022100157

AU2022100158

AU2022100159

AU2022100155

AU2022100170

JP2023018093",,,,
AU230087930,2017256517,Australia,20.04.2017,2017256517,02.11.2017,B2,"C12N 9/22
					






C12N 15/90
					








C12N 9/22
					






C12N 15/90
					






View less classifications","C12N 15/102
					






C12N 15/111
					






C12N 15/902
					






C12N 15/905
					






C12N 15/907
					






C12N 2310/20
					






View more classifications
							






C12N 15/102
					






C12N 15/111
					






C12N 15/902
					






C12N 15/905
					






C12N 15/907
					






C12N 2310/20
					






C12N 15/113
					






C12N 9/22
					






C12N 15/11
					






C12N 15/70
					






C12N 15/75
					






C12N 15/81
					






C12N 15/8274
					






C12N 15/8509
					






View less classifications",BASF Plant Science Company GmbH,"De Pinho Barroco, RosaDe Wilde, ChrisFelle, Max FabianMcElver, John A.Neuteboom, Leendert W.",16167773.7 29.04.2016 EP16167774.5 29.04.2016 EP17156018.8 14.02.2017 EP,(EN) Improved methods for modification of target nucleic acids,"(EN) Methods for modification of target nucleic acids. The method involves a construct in which guide RNA is covalently linked to donor RNA (fusion NA) to be introduced into the target nucleic acid by homologous recombination and is based on the introduction of a nuclease, e.g. CRISPR or TALEN, into the cell containing the target nucleic acid. The fusion NA may be introduced as a DNA vector.","CN109072207

KR1020190002470

EP3448990

BR112018068934

KR1020230038804

US20190309290

JP2019514376

KR1020220032126

WO/2017/186550

EP3868880

DK3448990

IL262409

CA3022475

MX2021009235

MX2018013256

CL2018003074

IN201827044973

IN202128045052

US20230024869

US20230049124

US20230107997

US20230183686

AU2022100157

AU2022100158

AU2022100159

AU2022100155

AU2022100170

JP2023018093",,,Griffith Hack,
AU378724232,2022100157,Australia,04.11.2022,2022100157,17.11.2022,A4,"C12N 9/22
					






C12N 15/90
					








C12N 9/22
					






C12N 15/90
					






View less classifications","C12N 15/102
					






C12N 15/111
					






C12N 15/902
					






C12N 15/905
					






C12N 15/907
					






C12N 2310/20
					






View more classifications
							






C12N 15/102
					






C12N 15/111
					






C12N 15/902
					






C12N 15/905
					






C12N 15/907
					






C12N 2310/20
					






C12N 15/113
					






C12N 9/22
					






C12N 15/11
					






C12N 15/70
					






C12N 15/75
					






C12N 15/81
					






C12N 15/8274
					






C12N 15/8509
					






View less classifications",BASF Plant Science Company GmbH,"De Pinho Barroco, RosaDe Wilde, ChrisFelle, Max FabianMcElver, John A.Neuteboom, Leendert W.",16167773.7 29.04.2016 EP16167774.5 29.04.2016 EP17156018.8 14.02.2017 EP,(EN) Improved methods for modification of target nucleic acids,"(EN) Methods for modification of target nucleic acids. The method involves a construct in which guide RNA is covalently linked to donor RNA (fusion NA) to be introduced into the target nucleic acid by homologous recombination and is based on the introduction of a nuclease, e.g. CRISPR or TALEN, into the cell containing the target nucleic acid. The fusion NA may be introduced as a DNA vector. 
  Figure 1
 Site directed nucleic acid
 modifying polypeptide","AU2017256517

CN109072207

KR1020190002470

EP3448990

BR112018068934

KR1020230038804

US20190309290

JP2019514376

KR1020220032126

WO/2017/186550

EP3868880

DK3448990

IL262409

CA3022475

MX2021009235

MX2018013256

CL2018003074

IN201827044973

IN202128045052

US20230024869

US20230049124

US20230107997

US20230183686

AU2022100158

AU2022100159

AU2022100155

AU2022100170

JP2023018093",,,Griffith Hack,
AU380188783,2022100170,Australia,14.11.2022,2022100170,24.11.2022,A4,"C12N 9/22
					






C12N 15/90
					








C12N 9/22
					






C12N 15/90
					






View less classifications","C12N 15/102
					






C12N 15/111
					






C12N 15/902
					






C12N 15/905
					






C12N 15/907
					






C12N 2310/20
					






View more classifications
							






C12N 15/102
					






C12N 15/111
					






C12N 15/902
					






C12N 15/905
					






C12N 15/907
					






C12N 2310/20
					






C12N 15/113
					






C12N 9/22
					






C12N 15/11
					






C12N 15/70
					






C12N 15/75
					






C12N 15/81
					






C12N 15/8274
					






C12N 15/8509
					






View less classifications",BASF Plant Science Company GmbH,"De Pinho Barroco, RosaDe Wilde, ChrisFelle, Max FabianMcElver, John A.Neuteboom, Leendert W.",16167773.7 29.04.2016 EP16167774.5 29.04.2016 EP17156018.8 14.02.2017 EP,(EN) Improved methods for modification of target nucleic acids,"(EN) Methods for modification of target nucleic acids. The method involves a construct in which guide RNA is covalently linked to donor RNA (fusion NA) to be introduced into the target nucleic acid by homologous recombination and is based on the introduction of a nuclease, e.g. CRISPR or TALEN, into the cell containing the target nucleic acid. The fusion NA may be introduced as a DNA vector. 
  Figure 1
 Site directed nucleic acid
 modifying polypeptide","AU2017256517

CN109072207

KR1020190002470

EP3448990

BR112018068934

KR1020230038804

US20190309290

JP2019514376

KR1020220032126

WO/2017/186550

EP3868880

DK3448990

IL262409

CA3022475

MX2021009235

MX2018013256

CL2018003074

IN201827044973

IN202128045052

US20230024869

US20230049124

US20230107997

US20230183686

AU2022100157

AU2022100158

AU2022100159

AU2022100155

JP2023018093",,,Griffith Hack,