Application Id,Application Number,Office,Application Date,Publication Number,Publication Date,Publication Kind,IPC,CPC,Applicants,Inventors,Agents,Title,Abstract,Priority Data,Related Patent Documents,Grant Number,Grant Date,FI,F-term,Designated States
CN305439310,202010513322,China,08.06.2020,111575298,25.08.2020,A,"C12N 15/29
					






C07K 14/415
					






C12N 15/82
					






A01H 5/12
					






A01H 6/46
					








C12N 15/29
					






C07K 14/415
					






C12N 15/82
					






A01H 5/12
					






A01H 6/46
					






View less classifications","C07K 14/415
					






C12N 15/8218
					








C07K 14/415
					






C12N 15/8218
					






View less classifications",HUAIYIN NORMAL UNIVERSITY淮阴师范学院,LIU XI刘喜YI XIN裔新YANG YANRONG杨颜榕HUANG XIANXIAN黄纤纤ZHAO YANAN赵亚男TANG JIAYU汤佳玉,北京汇捷知识产权代理事务所(普通合伙) 11531,"(EN) Rice leaf albino-gene OsHMBPP, protein and application(ZH) 一种水稻叶片白化基因OsHMBPP、蛋白质及应用","(EN) The invention discloses a rice leaf albino-gene OsHMBPP, a protein and application. The nucleotide sequence of the rice leaf albino-gene OsHMBPP is as shown by SEQ ID No:1. The amino acid sequence ofa protein coded by the gene is as shown by SEQ ID No:2. The gene OsHMBPP is directionally expressed in plants so as to control application to leaf chloroplast development. More specifically, the riceleaf albino-gene OsHMBPP is knocked out on the basis of a CRISPR/Cas9 technology, so as to create an albino mutant in the plants. In a crossbreeding process, the rice leaf albino-gene OsHMBPP is introduced into crossing parents to be used as a morphological marker, and the hybrid seed purity can be maintained; a transgenic plant can be obtained by knocking out the albino-gene; and the transgenic plant can be used as a plant ornamental resource to be used for sightseeing agriculture.(ZH) 本发明公开了一种水稻叶片白化基因OsHMBPP、蛋白质及应用。该水稻叶片白化基因OsHMBPP的核苷酸序列如如SEQ ID No：1所示，该基因编码的蛋白质的氨基酸序列如SEQ ID No：2所示。该基因OsHMBPP在植株定向表达以控制叶片叶绿体发育中的应用，更具体的，通过基于CRISPR/Cas9技术敲除该水稻叶片白化基因OsHMBPP以在植株中创制白化突变体。在杂交育种过程种，通过将上述水稻叶片白化基因OsHMBPP导入杂交亲本中作为一种形态学标记，可以保持杂交种的纯度，敲除该白化基因即可获得转基因植株，该转基因植株可以作为植物观赏性资源，用于观光农业。",,,,,,,
CN243491176,201780046647,China,18.10.2017,109819659,28.05.2019,A,"C12N 15/55
					






C12N 15/53
					






C12N 15/29
					






C12N 15/63
					






C12Q 1/6895
					






A01H 5/00
					






View more classifications
							






C12N 15/55
					






C12N 15/53
					






C12N 15/29
					






C12N 15/63
					






C12Q 1/6895
					






A01H 5/00
					






A01H 6/46
					






A01H 6/54
					






A01H 6/14
					






A01H 6/20
					






A01H 6/60
					






View less classifications","C07K 14/415
					






C12N 9/0063
					






C12N 9/16
					






C12N 15/63
					






C12N 15/8261
					






C12N 15/8273
					






View more classifications
							






C07K 14/415
					






C12N 9/0063
					






C12N 9/16
					






C12N 15/63
					






C12N 15/8261
					






C12N 15/8273
					






C12Q 1/6895
					






C12Y 110/03003
					






C12N 2800/80
					






C12Q 2600/13
					






C12Q 2600/156
					






C12N 15/8213
					






C12N 15/8218
					






C12N 15/8271
					






Y02A 40/146
					






C12N 2310/20
					






C12N 9/22
					






C12N 15/11
					






C12Q 1/68
					






View less classifications","SINOBIOWAY BIO AGRICULTURE GROUP CO., LTD.未名生物农业集团有限公司PIONEER OVERSEAS CORP.先锋海外公司",CHEN GUANGWU陈光武DU CHENGFENG杜成凤GAO YANG高阳LI ZANTANG李赞堂LU GUIHUA吕贵华MAO GUANFAN毛冠凡WANG CHANGGUI王昌贵WANG GUOKUI王国奎,永新专利商标代理有限公司 72002永新专利商标代理有限公司 72002,(EN) CONSTRUCTS AND METHODS TO IMPROVE ABIOTIC STRESS TOLERANT IN PLANTS(ZH) 提高植物非生物胁迫耐性的构建体和方法,"(EN) Isolated polynucleotides and polypeptides, and recombinant DNA constructs, suppression DNA constructs and CRISPR/Cas9 DNA constructs are provided. Compositions (such as plants or seeds) with modifiedexpression or activity of the isolated polypeptides are obtained by transforming the regenerable plant cell with a suppression DNA construct or CRISPR/Cas construct. The plants with improving droughttolerance are obtained by decreasing the expression or activity of the isolated polynucleotide.(ZH) 本发明公开了分离的多核苷酸和多肽，重组DNA构建体、抑制DNA构建体和CRISPR/Cas9构建体，和使用抑制DNA构建体或CRISPR/Cas9构建体转化可再生植物细胞获得的组合物如植物或种子，所述植物或者种子中分离的多核苷酸的表达或活性发生变化。通过减少分离的多核苷酸的表达或活性获得耐旱性增加的植物。",201610909055.3 19.10.2016 CN,"CN107974459

US20190292557

WO/2018/072706",,,,,
CN429525058,202410110575,China,26.01.2024,118028361,14.05.2024,B,"C12N 15/84
					






C12N 15/113
					






C12Q 1/6895
					






C12Q 1/6858
					






C12N 15/11
					






A01H 5/00
					






View more classifications
							






C12N 15/84
					






C12N 15/113
					






C12Q 1/6895
					






C12Q 1/6858
					






C12N 15/11
					






A01H 5/00
					






A01H 6/54
					






View less classifications","C12N 15/8273
					






C12N 15/8261
					






C12N 15/113
					






C12Q 1/6895
					






C12Q 1/6858
					






C12Q 2600/178
					






View more classifications
							






C12N 15/8273
					






C12N 15/8261
					






C12N 15/113
					






C12Q 1/6895
					






C12Q 1/6858
					






C12Q 2600/178
					






C12Q 2600/158
					






C12Q 2600/166
					






C12Q 2600/156
					






C12N 2310/20
					






View less classifications","INSTITUTE OF CROP SCIENCE, CHINESE ACADEMY OF AGRICULTURAL SCIENCES中国农业科学院作物科学研究所ORDOS AGRICULTURE AND ANIMAL HUSBANDRY ECOLOGICAL AND RESOURCE PROTECTION CENTER (ORDOS CITY CULTIVATED MONITORING AND PROTECTION CENTER)鄂尔多斯市农牧业生态与资源保护中心（鄂尔多斯市耕地质量监测保护中心）",JIANG QIYAN姜奇彦JIANG XUEMIN姜雪敏HU ZHENG胡正SUN XIANJUN孙现军ZHANG HUI张辉WANG SHIJIA王世佳WANG WEINI王伟妮ZHANG HAOQIANG张豪强MI XINYUAN糜欣苑,北京和信华成知识产权代理事务所(普通合伙) 11390,(EN) Application of Gma-miR396c gene editing in improvement of soybean salt tolerance and yield(ZH) Gma-miR396c基因编辑提高大豆耐盐能力及产量中的应用,"(EN) The invention discloses an application of a Gma-MIR396c gene in improvement of soybean salt tolerance/yield, a gma-MIR396c edited (MIR396c-GE) transgenic soybean is created through gene editing, through miR396c precursor overexpression (pre-miR396c-OE) and gma-MIR396c edited (MIR396c-GE) based on a CRISPR-Cas9 technology, the influence on growth and development and salt stress response of the transgenic soybean is analyzed, and the application of the Gma-MIR396c gene in improvement of soybean salt tolerance/yield is realized. The plant height, the stem diameter, the dry weight of the overground part, the pod number, the grain number, the single-row yield and the hundred-grain weight of the MIR396c-GE are obviously increased, and the salt tolerance is improved; however, compared with pre-miR396c-OE, the pre-miR396c-OE has the advantages that the plant height, the stem diameter, the dry weight of the overground part, the pod number and the grain number are reduced, the single-row yield and the hundred-grain weight are reduced, and the salt tolerance is reduced.(ZH) 本发明公开了Gma‑MIR396c基因在提高大豆耐盐能力及产量中的应用，通过基因编辑，创制了gma‑MIR396c编辑(MIR396c‑GE)转基因大豆，本发明通过miR396c前体过表达(pre‑miR396c‑OE)和基于CRISPR‑Cas9技术的gma‑MIR396c编辑(MIR396c‑GE)，分析对转基因大豆生长发育及盐胁迫响应的影响，发现MIR396c‑GE的株高、茎粗、地上部干重、荚数、粒数、单行产量、百粒重显著增加，耐盐能力提高；而pre‑miR396c‑OE与之相反，其株高、茎粗、地上部干重、荚数、粒数减少，单行产量、百粒重降低，耐盐能力降低。",,,118028361,28.01.2025,,,
CN217693414,201610909055,China,19.10.2016,107974459,01.05.2018,B,"C12N 15/55
					






C12N 15/53
					






C12N 15/29
					






C12N 15/82
					






C12Q 1/6895
					






A01H 5/10
					






View more classifications
							






C12N 15/55
					






C12N 15/53
					






C12N 15/29
					






C12N 15/82
					






C12Q 1/6895
					






A01H 5/10
					






A01H 6/46
					






View less classifications","C07K 14/415
					






C12N 9/0063
					






C12N 9/16
					






C12N 15/63
					






C12N 15/8261
					






C12N 15/8273
					






View more classifications
							






C07K 14/415
					






C12N 9/0063
					






C12N 9/16
					






C12N 15/63
					






C12N 15/8261
					






C12N 15/8273
					






C12Q 1/6895
					






C12Y 110/03003
					






C12N 2800/80
					






C12Q 2600/13
					






C12Q 2600/156
					






C12N 15/8213
					






C12N 15/8218
					






C12N 15/8271
					






Y02A 40/146
					






C12N 2310/20
					






C12N 9/22
					






C12N 15/11
					






C12Q 1/68
					






View less classifications",SINOBIOWAY BIO-AGRICULTURE GROUP CO. LTD.未名生物农业集团有限公司PIONEER OVERSEAS CORPORATION先锋海外公司,CHANGGUI WANG陈光武GUANFAN MAO杜成凤GUANGWU CHEN高阳ZANTANG LI李赞堂GUIHUA LU吕贵华GUOKUI WANG毛冠凡YANG GAO王昌贵CHENGFENG DU王国奎,永新专利商标代理有限公司 72002永新专利商标代理有限公司 72002,(EN) Construction body and method for improving abiotic stress tolerance of plants(ZH) 提高植物非生物胁迫耐性的构建体和方法,"(EN) The present invention discloses an isolated polynucleotide, a polypeptide, a recombinant DNA construction body, a DNA inhibition construction body, a CRISPR/Cas9 construction body, and a composition such as a plant or seed, wherein the composition is obtained by transforming the DNA inhibition construction body or the CRISPR/Cas9 construction body into a regenerable plant cell, and the expressionor the activity of the isolated polynucleotide in the plant or the seed is changed. According to the present invention, the plant with the improved drought tolerance is obtained by reducing the expression or the activity of the isolated polynucleotide.(ZH) 本发明公开了分离的多核苷酸和多肽，重组DNA构建体、抑制DNA构建体和CRISPR/Cas9构建体，和使用抑制DNA构建体或CRISPR/Cas9构建体转化可再生植物细胞获得的组合物如植物或种子，所述植物或者种子中分离的多核苷酸的表达或活性发生变化。通过减少分离的多核苷酸的表达或活性获得耐旱性增加的植物。",,"CN109819659

US20190292557

WO/2018/072706",107974459,07.03.2023,,,
,,,,,,,,,,,,,,,,,,,,
CA240385129,3037560,Canada,10.10.2017,3037560,19.04.2018,A1,"A01H 1/04
					






C12N 15/82
					






C12Q 1/68
					








A01H 1/04
					






C12N 15/82
					






C12Q 1/68
					






View less classifications","C12N 15/8279
					






C12N 15/82
					






C12N 15/8213
					






C12N 15/8282
					








C12N 15/8279
					






C12N 15/82
					






C12N 15/8213
					






C12N 15/8282
					






View less classifications","PIONEER HI-BRED INTERNATIONAL, INC.","GAO, HUIRONGLI, BAILINMEELEY, ROBERT B.PERUGINI, LEANDRO DANIELTABOR, GIRMA M.",,(EN) GENERATING NORTHERN LEAF BLIGHT RESISTANT MAIZE(FR) GENERATION DE MAIS RESISTANT A L'HELMINTHOSPORIOSE DU NORD,"(EN) Compositions and methods for obtaining plant cells with modified Ht1 nucleotide sequences, modified NLB18 sequences, or both, are provided herein. The methods involve introducing double-strand breaks into the maize genome in an endogenous Ht1 encoding sequence, an endogenous NLB18 encoding sequence, or both, to modify the genomic sequence in order to enhance northern leaf blight resistance of a plant produced from the plant cell. Further provided are methods that introduce resistant alleles of Ht1 and/or NLB18 into specific sites in the genome. Plants produced by the plant cells, and seeds produced from the plants are also included. Guide polynucleotides are also provided for the use of the CRISPR-Cas system in inducing double strand breaks.(FR) L'invention concerne des compositions et des procédés permettant d'obtenir des cellules végétales à séquences nucléotidiques Ht1 modifiées et/ou à séquences NLB18 modifiées. Les procédés consistent à introduire des cassures double brin dans le génome du maïs dans une séquence de codage Ht1 endogène et/ou dans une séquence de codage NLB18 endogène, en vue de modifier la séquence génomique de sorte à améliorer la résistance à l'helminthosporiose du Nord d'une plante produite à partir de la cellule végétale. L'invention concerne en outre des procédés qui introduisent des allèles résistants de Ht1 et/ou de NLB18 dans des sites spécifiques dans le génome. L'invention concerne également des plantes produites à l'aide des cellules végétales et des graines produites à partir des plantes. L'invention concerne aussi des polynucléotides de guidage destinés à l'utilisation du système CRISPR-Cas dans l'induction de cassures double brin.","62/407,867 13.10.2016 US","US3416802

CN109844121

BR112019007327

EP3525578

EA201990924

WO/2018/071362

US20220275392

EA202292659

EP4242330

AR109941

UAa201904883This application is not viewable in PATENTSCOPE because the national phase entry has not been published yet or the national entry is issued from a country that does not share data with WIPO or there is a formatting issue or an unavailability of the application.

IN201917018418",,,,,
CN243759717,201780063266,China,10.10.2017,109844121,04.06.2019,A,"C12N 15/82
					






C12N 15/113
					






A01H 5/00
					






A01H 6/46
					








C12N 15/82
					






C12N 15/113
					






A01H 5/00
					






A01H 6/46
					






View less classifications","C12N 15/8279
					






C12N 15/82
					






C12N 15/8213
					






C12N 15/8282
					








C12N 15/8279
					






C12N 15/82
					






C12N 15/8213
					






C12N 15/8282
					






View less classifications","PIONEER HI-BRED INTERNATIONAL, INC.先锋国际良种公司",GAO HUIRONG郜会荣LI BAILIN李柏林MEELEY ROBERT BR.B.米利PERUGINI LEANDRO DANIELL.D.佩鲁吉尼TABOR GIRMA MG.M.塔波尔,中国专利代理(香港)有限公司 72001中国专利代理(香港)有限公司 72001,(EN) GENERATING NORTHERN LEAF BLIGHT RESISTANT MAIZE(ZH) 产生北方叶枯病抗性玉蜀黍,"(EN) Compositions and methods for obtaining plant cells with modified Ht1 nucleotide sequences, modified NLB18 sequences, or both, are provided herein. The methods involve introducing double-strand breaksinto the maize genome in an endogenous Ht1 encoding sequence, an endogenous NLB18 encoding sequence, or both, to modify the genomic sequence in order to enhance northern leaf blight resistance of a plant produced from the plant cell. Further provided are methods that introduce resistant alleles of Ht1 and/or NLB18 into specific sites in the genome. Plants produced by the plant cells, and seeds produced from the plants are also included. Guide polynucleotides are also provided for the use of the CRISPR-Cas system in inducing double strand breaks.(ZH) 本文提供了用于获得具有经修饰的Ht1核苷酸序列、经修饰的NLB18序列或两者的植物细胞的组合物和方法。所述方法涉及在内源Ht1编码序列、内源NLB18编码序列或两者中将双链断裂引玉蜀黍基因组中，以修饰基因组序列，从而增强从植物细胞产生的植物的北方叶枯病抗性。进一步提供了将Ht1和/或NLB18的抗性等位基因引入基因组中的特定位点的方法。还包括由植物细胞产生的植物和由植物产生的种子。为了在双链断裂诱导中使用CRISPR‑Cas系统，还提供了指导多核苷酸。",62/407867 13.10.2016 US,"US3416802

CA3037560

BR112019007327

EP3525578

EA201990924

WO/2018/071362

US20220275392

EA202292659

EP4242330

AR109941

UAa201904883This application is not viewable in PATENTSCOPE because the national phase entry has not been published yet or the national entry is issued from a country that does not share data with WIPO or there is a formatting issue or an unavailability of the application.

IN201917018418",,,,,
EP250873369,17787833,European Patent Office,10.10.2017,3525578,21.08.2019,A1,"A01H 1/04
					






C12N 15/82
					






C12Q 1/68
					








A01H 1/04
					






C12N 15/82
					






C12Q 1/68
					






View less classifications","C12N 15/8279
					






C12N 15/82
					






C12N 15/8213
					






C12N 15/8282
					








C12N 15/8279
					






C12N 15/82
					






C12N 15/8213
					






C12N 15/8282
					






View less classifications",PIONEER HI BRED INT,GAO HUIRONGLI BAILINMEELEY ROBERT BPERUGINI LEANDRO DANIELTABOR GIRMA M,,(DE) ERZEUGUNG VON GEGEN NÖRDLICHER BLATTFLECKENKRANKHEIT RESISTENTEM MAIS(EN) GENERATING NORTHERN LEAF BLIGHT RESISTANT MAIZE(FR) GÉNÉRATION DE MAÏS RÉSISTANT À L'HELMINTHOSPORIOSE DU NORD,"(EN) Compositions and methods for obtaining plant cells with modified Ht1 nucleotide sequences, modified NLB18 sequences, or both, are provided herein. The methods involve introducing double-strand breaks into the maize genome in an endogenous Ht1 encoding sequence, an endogenous NLB18 encoding sequence, or both, to modify the genomic sequence in order to enhance northern leaf blight resistance of a plant produced from the plant cell. Further provided are methods that introduce resistant alleles of Ht1 and/or NLB18 into specific sites in the genome. Plants produced by the plant cells, and seeds produced from the plants are also included. Guide polynucleotides are also provided for the use of the CRISPR-Cas system in inducing double strand breaks.(FR) L'invention concerne des compositions et des procédés permettant d'obtenir des cellules végétales à séquences nucléotidiques Ht1 modifiées et/ou à séquences NLB18 modifiées. Les procédés consistent à introduire des cassures double brin dans le génome du maïs dans une séquence de codage Ht1 endogène et/ou dans une séquence de codage NLB18 endogène, en vue de modifier la séquence génomique de sorte à améliorer la résistance à l'helminthosporiose du Nord d'une plante produite à partir de la cellule végétale. L'invention concerne en outre des procédés qui introduisent des allèles résistants de Ht1 et/ou de NLB18 dans des sites spécifiques dans le génome. L'invention concerne également des plantes produites à l'aide des cellules végétales et des graines produites à partir des plantes. L'invention concerne aussi des polynucléotides de guidage destinés à l'utilisation du système CRISPR-Cas dans l'induction de cassures double brin.",201662407867 13.10.2016 US,"US3416802

CA3037560

CN109844121

BR112019007327

EA201990924

WO/2018/071362

US20220275392

EA202292659

EP4242330

AR109941

UAa201904883This application is not viewable in PATENTSCOPE because the national phase entry has not been published yet or the national entry is issued from a country that does not share data with WIPO or there is a formatting issue or an unavailability of the application.

IN201917018418",,,,,"View all
							



AL, AT, BA, BE, BG, CH, CY, CZ, DE, DK, EE, ES, FI, FR, GB, GR, HR, HU, IE, IS, IT, LI, LT, LU, LV, MC, ME, MK, MT, NL, NO, PL, PT, RO, RS, SE, SI, SK, SM, TR
				

Hide all"
EP309786257,18891268,European Patent Office,21.12.2018,3728600,28.10.2020,A4,"C12N 15/63
					






C12N 15/82
					








C12N 15/63
					






C12N 15/82
					






View less classifications","C12N 15/902
					






C12N 15/8216
					






C12N 9/22
					






C12N 15/8213
					






C07K 2319/09
					






C12N 2310/20
					






View more classifications
							






C12N 15/902
					






C12N 15/8216
					






C12N 9/22
					






C12N 15/8213
					






C07K 2319/09
					






C12N 2310/20
					






C12N 9/78
					






C12N 15/11
					






C12N 2800/80
					






C12Y 305/04002
					






View less classifications",INST GENETICS & DEVELOPMENTAL BIOLOGY CAS,GAO CAIXIALI CHAOZONG YUANWANG YANPENG,,(DE) VERFAHREN ZUR BASENEDITIERUNG BEI PFLANZEN(EN) METHOD FOR BASE EDITING IN PLANTS(FR) PROCÉDÉ D'ÉDITION DE BASES CHEZ LES PLANTES,"(EN) Provided relates to the field of genetic engineering. In particular, a method for base editing in plant is provided. More specifically, a highly efficient A to G base editing method for a target sequence in a genome of a plant (e.g., a crop plant) by a guide RNA-directed CRISPR-adenine deaminase fusion protein and the plant and their progeny produced by the method are provided.(FR) L'invention concerne le domaine du génie génétique. En particulier, l'invention concerne un procédé d'édition de bases chez la plante. Plus particulièrement, l'invention concerne un procédé hautement efficace d'édition de bases A à G pour une séquence cible dans un génome d'une plante (par exemple, une plante cultivée) par l'intermédiaire d'une protéine de fusion CRISPR-adénine désaminase dirigée par l'ARN guide et la plante ainsi que sa descendance produite au moyen du procédé.",201711393160 21.12.2017 CN201810402244 28.04.2018 CN,"CN110157727

WO/2019/120283

US20200340002

BR112020010594

CA3091157",,,,,"View all
							



AL, AT, BA, BE, BG, CH, CY, CZ, DE, DK, EE, ES, FI, FR, GB, GR, HR, HU, IE, IS, IT, LI, LT, LU, LV, MC, ME, MK, MT, NL, NO, PL, PT, RO, RS, SE, SI, SK, SM, TR
				

Hide all"
CA305248936,3091157,Canada,,3091157,27.06.2019,A1,"C12N 15/63
					






C12N 15/82
					








C12N 15/63
					






C12N 15/82
					






View less classifications","C12N 15/902
					






C12N 15/8216
					






C12N 9/22
					






C12N 15/8213
					






C07K 2319/09
					






C12N 2310/20
					






View more classifications
							






C12N 15/902
					






C12N 15/8216
					






C12N 9/22
					






C12N 15/8213
					






C07K 2319/09
					






C12N 2310/20
					






C12N 9/78
					






C12N 15/11
					






C12N 2800/80
					






C12Y 305/04002
					






View less classifications","INSTITUTE OF GENETICS AND DEVELOPMENTAL BIOLOGY, CHINESE ACADEMY OF SCIENCES","GAO, CAIXIALI, CHAOZONG, YUANWANG, YANPENG",,(EN) METHOD FOR BASE EDITING IN PLANTS(FR) PROCEDE D'EDITION DE BASES CHEZ LES PLANTES,"(EN) Provided relates to the field of genetic engineering. In particular, a method for base editing in plant is provided. More specifically, a highly efficient A to G base editing method for a target sequence in a genome of a plant (e.g., a crop plant) by a guide RNA-directed CRISPR-adenine deaminase fusion protein and the plant and their progeny produced by the method are provided.(FR) L'invention concerne le domaine du génie génétique. En particulier, l'invention concerne un procédé d'édition de bases chez la plante. Plus particulièrement, l'invention concerne un procédé hautement efficace d'édition de bases A à G pour une séquence cible dans un génome d'une plante (par exemple, une plante cultivée) par l'intermédiaire d'une protéine de fusion CRISPR-adénine désaminase dirigée par l'ARN guide et la plante ainsi que sa descendance produite au moyen du procédé.",201711393160.7 21.12.2017 CN201810402244.0 28.04.2018 CN,"CN110157727

WO/2019/120283

US20200340002

EP3728600

BR112020010594",,,,,
US323259947,17090766,United States of America,05.11.2020,20210130838,06.05.2021,A1,"C12N 15/82
					






C12N 15/11
					






C12N 9/22
					








C12N 15/82
					






C12N 15/11
					






C12N 9/22
					






View less classifications","C12N 2310/20
					






C12N 15/8241
					






C12N 9/22
					






C12N 15/111
					








C12N 2310/20
					






C12N 15/8241
					






C12N 9/22
					






C12N 15/111
					






View less classifications","University of Maryland, College Park",Yiping QIYingxiao ZHANG,,(EN) SYSTEMS AND METHODS FOR PLANT GENOME EDITING USING CAS 12a ORTHOLOGS,"(EN) 
A non-naturally occurring heterologous CRISPR-Cas12a genomic editing system is described, including or encoding at least one Cas12a ortholog endonuclease selected from among Lb5Cas12a, CMaCas12a, BsCas12a, BoCas12a, M1Cas12a, Mb2Cas12a, MbCas12a TsCas12a, and MAD7 endonucleases. The ortholog endonucleases enable genomic editing of plants at low temperatures, e.g., below 25° C. The CRISPR-Cas12a system can be employed for targeting PAM sites such as TTN, TTV, TTTV, NTTV, TATV, TATG, TATA, YTTN, GTTA, and GTTC, utilizing corresponding gRNAs, and is readily adapted to multiplexed editing operations of plants such as rice and other food crops.",,,,,,,
CN254169437,201910598288.X,China,04.07.2019,110283843,27.09.2019,B,"C12N 15/82
					






C12N 15/29
					






A01H 5/00
					






A01H 6/78
					








C12N 15/82
					






C12N 15/29
					






A01H 5/00
					






A01H 6/78
					






View less classifications","C12N 15/8213
					






C12N 15/8281
					






C07K 14/415
					






C12N 2810/10
					








C12N 15/8213
					






C12N 15/8281
					






C07K 14/415
					






C12N 2810/10
					






View less classifications",SOUTHWEST UNIVERSITY西南大学,ZOU XIUPING邹修平CHEN SHANCHUN陈善春WANG LIJUAN王丽娟HE YONGRUI何永睿PENG AIHONG彭爱红LONG QIN龙琴,成都行之专利代理事务所(普通合伙) 51220,(EN) Method for improving citrus canker resistance based on CRISPRCas9 mediated CsWRKY22 site-directed editing(ZH) 一种基于CRISPRCas9介导CsWRKY22定点编辑提高柑橘溃疡病抗性的方法,"(EN) The invention discloses a method for improving citrus canker resistance based on CRISPRCas9 mediated CsWRKY22 site-directed editing, and belongs to the field of plant genetic engineering. A CRISPR/Cas9 editing vector guided by S1 and S2 sg RNA is constructed, the epicotyl of wanjicheng orange is transformed with an agrobacterium-mediated method, so that the function of CsWRKY22 protein is lost or reduced, successful editing of CsWRKY22 gene in the citrus genome is realized, CsWRKY22 mutant transgenic plants are obtained, plant resistance to citrus canker is enhanced, and citrus with high canker resistance is obtained.(ZH) 本发明公开了一种基于CRISPRCas9介导CsWRKY22定点编辑提高柑橘溃疡病抗性的方法，属于植物基因工程领域，通过构建S1和S2 sgRNA指导的CRISPR/Cas9编辑载体，利用农杆菌介导法转化晚锦橙上胚轴，使CsWRKY22蛋白功能丧失或减少，实现了CsWRKY22基因在柑橘基因组中的成功编辑，获得CsWRKY22突变体转基因植株，增强植株对柑橘溃疡病的抗性，获得溃疡病抗性高的柑桔。",,,110283843,24.03.2023,,,
CN398576169,202310158147,China,23.02.2023,116120416,16.05.2023,A,"C07K 14/415
					






C12N 15/29
					






C12N 15/84
					






A01H 5/00
					






A01H 6/82
					








C07K 14/415
					






C12N 15/29
					






C12N 15/84
					






A01H 5/00
					






A01H 6/82
					






View less classifications","C07K 14/415
					






C12N 15/8273
					






C12N 15/8218
					








C07K 14/415
					






C12N 15/8273
					






C12N 15/8218
					






View less classifications",BEIJING UNIVERSITY OF AGRICULTURE北京农学院,HUANG HUANG黄煌WANG SHAOHUI王绍辉QIAO HUI乔慧MA JILIN马吉林ZHAO WENCHAO赵文超SUN LULU孙路路YANG RUI杨瑞,北京纪凯知识产权代理有限公司 11245,(EN) Application of SlWRKY57 gene and encoded protein thereof in regulating and controlling salt tolerance of tomato(ZH) SlWRKY57基因及其编码蛋白在调控番茄耐盐性中的应用,"(EN) The invention discloses an application of an SlWRKY57 gene and an encoding protein thereof in regulating and controlling the salt tolerance of tomatoes. Specifically, the invention discloses an application of a protein SlWRKY57 with an amino acid sequence of SEQ ID No.1 or a substance for regulating and controlling the activity and/or content of the protein in regulating and controlling the salt tolerance of plants. According to the invention, the SlWRKY57 gene is knocked out on the basis of a CRISPR-Cas9 system, so that an SlWRKY57 gene editing strain is obtained. Experiments prove that under the condition of salt stress, the wilting degree of the SlWRKY57 gene edited plant is remarkably reduced, the fresh weight is remarkably increased, and the tolerance of the SlWRKY57 gene edited plant to the salt stress is remarkably increased. The SlWRKY57 gene identified by the invention and the encoded protein thereof have the effect of regulating and controlling the salt tolerance of plants, are of great significance for cultivating new salt-tolerant tomato varieties, promoting the commercial tomato breeding process and ensuring the high and stable yield of tomatoes, and have wide application prospects.(ZH) 本发明公开了SlWRKY57基因及其编码蛋白在调控番茄耐盐性中的应用。具体地公开了氨基酸序列为SEQ ID No.1的蛋白质SlWRKY57或调控所述蛋白质活性和/或含量的物质在调控植物耐盐性中的应用。本发明对SlWRKY57基因进行了基于CRISPR‑Cas9系统的敲除，得到SlWRKY57基因编辑株系。实验证明，在盐胁迫条件下，SlWRKY57基因编辑植株的萎蔫程度显著降低、鲜重显著增加，表明其对盐胁迫的耐受性显著增加。本发鉴定的SlWRKY57基因及其编码蛋白具有调控植物耐盐性的作用，对培育耐盐番茄新品种、促进商业化番茄育种进程、保证番茄的高产稳产具有重要意义和广泛的应用前景。",,,,,,,
CN236644555,201710514086,China,29.06.2017,109207505,15.01.2019,B,"C12N 15/82
					






C12N 15/29
					








C12N 15/82
					






C12N 15/29
					






View less classifications","C07K 14/415
					






C12N 15/8213
					






C12N 15/8289
					






C12N 2810/10
					






C12Q 1/6895
					






C12Q 2600/13
					






View more classifications
							






C07K 14/415
					






C12N 15/8213
					






C12N 15/8289
					






C12N 2810/10
					






C12Q 1/6895
					






C12Q 2600/13
					






C12Q 2600/156
					






A01H 6/542
					






A01H 1/023
					






A01H 1/045
					






C12Q 1/686
					






View less classifications","BEIJING ACADEMY OF AGRICULTURE AND FORESTRY SCIENCES北京市农林科学院INSTITUTE OF GENETICS AND DEVELOPMENTAL BIOLOGY, CHINESE ACADEMY OF SCIENCES中国科学院遗传与发育生物学研究所",LI CHANGBAO李常保DU MINMIN杜敏敏LI CHUANYOU李传友DENG LEI邓磊ZHOU MING周明WEN CHANGLONG温常龙,北京纪凯知识产权代理有限公司 11245,(EN) A method for creating male sterile line of tomato through genome editing and application thereof(ZH) 一种通过基因组编辑创制番茄雄性不育系的方法及其应用,"(EN) The invention discloses a method for rapidly creating tomato male sterile line by using CRISPR/Cas9 genome editing technology and application thereof. The method utilizes CRISPR/Cas9 genome editing technology to edit Solyc03g053130 gene of tomato, and further obtains a homozygous male sterile mutant without CAS9 transgene through self-crossing. The invention also discloses a method for assisting identification of male sterile plants, and the method is used for detecting that genotype of SNP1606 in Solyc03g053130 gene in tomato genome, wherein if the genotype of SNP1606 in tomato genome to be tested is T/T homozygous, tomato to be tested is a male sterile plant or a candidate. A male sterile line of tomato and a method for detecting male sterile plants can be apply to other tomato lines, and have great breeding application prospect and economic value.(ZH) 本发明公开了一种利用CRISPR/Cas9基因组编辑技术快速创制番茄雄性不育系的方法及其应用。本发明利用CRISPR/Cas9基因组编辑技术对番茄Solyc03g053130基因进行编辑，进而通过自交获得纯合且不含CAS9转基因的雄性不育突变体。本发明还公开了一种辅助鉴定雄性不育株的方法，该方法是检测番茄基因组中Solyc03g053130基因中SNP1606的基因型，若待测番茄基因组SNP1606的基因型为T/T纯合，则待测番茄为或候选为雄性不育株。本发明创制番茄雄性不育系和检测雄性不育株的方法，可应用于其他番茄品系，具有极大的育种应用前景和经济价值。",,"WO/2019/000806

US20210095308",109207505,17.03.2020,,,
CN178121098,102016000269268,China,27.04.2016,105936907,14.09.2016,A,"C12N 15/29
					






C12N 15/82
					






A01H 5/00
					








C12N 15/29
					






C12N 15/82
					






A01H 5/00
					






View less classifications","C07K 14/415
					






C12N 15/8205
					






C12N 15/8216
					








C07K 14/415
					






C12N 15/8205
					






C12N 15/8216
					






View less classifications",HUNAN HYBRID RICE RESEARCH CENTER,TANG LIZHAO BINGRANLI YAOKUILYU QIMINGSHAO YEMAO BIGANGHU YUANYIBANG YAN,,(EN) Seed breeding method for reducing cadmium content in rice grains(ZH) 一种降低水稻籽粒镉含量的育种方法,"(EN) The invention discloses a seed breeding method for reducing the cadmium content in rice grains, wherein the method includes the steps: cloning an OsLCT1 exon of a rice receptor material; using a CRISPR/Cas9 system, selecting a target sequence according to an exon sequence, and constructing a pCRISPR/Cas9 recombinant vector; introducing the pCRISPR/Cas9 recombinant vector into a rice callus to obtain transgenic plants; screening a transgenic positive plant; obtaining a mutant plant; and carrying out seed propagation on the mutant plant, and separating a disfunction mutant containing no transgenic ingredients in future generation plants. The rice OsLCT1 is directionally knocked out by using the CRISPR/Cas9 technology, a cadmium transportprotein OsLCT1 is completely inactivated, and the rice material having no transgenic ingredients, having the content of cadmium in rice decreased significantly and having no significant variation of comprehensive agronomic characters is directionally bred; the method has the advantages of safety, high efficiency, time saving, low cost and the like.(ZH) 本发明公开了一种降低水稻籽粒镉含量的育种方法，包括：克隆水稻受体材料的OsLCT1外显子；利用CRISPR/Cas9系统，根据外显子序列选择靶标序列，构建pCRISPR/Cas9重组载体；将pCRISPR/Cas9重组载体导入水稻愈伤组织中得到转基因苗；筛选转基因阳性植株；获得突变植株；将突变植株进行繁种，于后代植株中分离不含转基因成分的功能缺失突变体。本发明利用CRISPR/Cas9技术定向敲除水稻OsLCT1，彻底失活镉转运蛋白OsLCT1，定向育成不带转基因成分，稻米镉含量显著降低，综合农艺性状无显著变异的水稻材料，具有安全、高效、节约时间、成本低等优势。",,,,,,,
CN291484417,201911227251,China,04.12.2019,110878303,13.03.2020,B,"C12N 15/113
					






C12N 15/82
					






A01H 5/00
					






A01H 6/46
					








C12N 15/113
					






C12N 15/82
					






A01H 5/00
					






A01H 6/46
					






View less classifications","C12N 15/113
					






C12N 15/8218
					






C12N 15/8281
					






C07K 14/415
					






C12N 2310/20
					








C12N 15/113
					






C12N 15/8218
					






C12N 15/8281
					






C07K 14/415
					






C12N 2310/20
					






View less classifications","INSTITUTE OF CROP SCIENCE, CHINESE ACADEMY OF AGRICULTURAL SCIENCES中国农业科学院作物科学研究所",ZHOU YONGLI周永力SHI YINGYAO石英尧SHI XIAORONG史晓荣LI ZHIKANG黎志康,北京路浩知识产权代理有限公司 11002,(EN) Function and application of rice Os11g0681100 gene and coding protein(ZH) 水稻Os11g0681100基因及其编码蛋白的功能和应用,"(EN) The invention relates to the technical field of plant genetic engineering, in particular to the function and application of the rice Os11g0681100 gene and its coding protein. According to the invention, it is found that the rice Os11g0681100 gene and its coding protein participate in regulating the immune response of rice to bacterial blight, and the resistance of rice to bacterial blight can be significantly improved by destroying the biological function of the coding protein of the Os11g0681100 gene. The invention utilizes the CRISPR/Cas9 technology to realize high-efficiency fixed-point knockout of the Os11g0681100 gene. After inoculating rice plants with Xanthomonas oryzae pv.oryzae, the length of disease spots is significantly shortened. The new function of the OS11G0681100 gene provided by the invention provides a new method for plant disease resistance breeding and has very important application value in agricultural production.(ZH) 本发明涉及植物基因工程技术领域，具体涉及水稻Os11g0681100基因及其编码蛋白的功能和应用。本发明发现水稻Os11g0681100基因及其编码蛋白参与调控水稻对白叶枯病的免疫响应，通过破坏Os11g0681100基因编码蛋白的生物学功能能够显著提高水稻对白叶枯病的抗性。本发明利用CRISPR/Cas9技术实现了高效的Os11g0681100基因的定点敲除，定点敲除水稻植株接种白枯病菌后，病斑长度显著缩短。本发明提供的Os11g0681100基因的新功能为植物抗病育种提供了新方法，在农业生产中具有十分重要的应用价值。",,,110878303,23.08.2022,,,
CN276479923,201910753806,China,15.08.2019,110408605,05.11.2019,A,"C12N 9/02
					






C12N 15/53
					






C12N 15/82
					






A01H 5/00
					






A01H 6/46
					








C12N 9/02
					






C12N 15/53
					






C12N 15/82
					






A01H 5/00
					






A01H 6/46
					






View less classifications","C12N 9/0071
					






C12N 15/8273
					






C12N 2800/60
					






C12Y 114/11013
					








C12N 9/0071
					






C12N 15/8273
					






C12N 2800/60
					






C12Y 114/11013
					






View less classifications","INSTITUTE OF CROP SCIENCE, CHINESE ACADEMY OF AGRICULTURAL SCIENCES中国农业科学院作物科学研究所",FU BINYING傅彬英WANG YINXIAO王银晓WANG WENSHENG王文生ZHAO XIUQIN赵秀琴DU FENGPING杜丰平XU JIANLONG徐建龙LI ZHIKANG黎志康,北京高沃律师事务所 11569,(EN) Application of oryza sativa l. OsGA2ox8 protein and coding gene and recombinant vector thereof in enhancing plant drought resistance(ZH) 水稻OsGA2ox8蛋白及其编码基因和重组载体在增强植物抗旱性中应用,"(EN) The invention provides an application of an oryza sativa l. OsGA2ox8 protein and a coding gene and a recombinant vector thereof in enhancing plant drought resistance, and belongs to the technical field of biological gene engineering. The OsGA2ox8 protein has the amino acid sequence shown in SEQ ID NO.1. Under drought, high salt and low temperature stress, along with prolonging of the treatment time and the change of the expression quantity of an OsGA2ox8 gene, and with combination of phenotypic change of overexpressed and CRISPR-knockout oryza sativa l. plants, a result shows that the OsGA2ox8gene in leaves is induced to perform up-regulated expression by drought and cold stress, and is inhibited to perform down-regulated expression in roots by drought and cold stress. In addition, whether in the roots or in the leaves, OsGA2ox8 is induced to perform up-regulated expression by salt stress, but the up-regulated range in the roots is small; with overexpression of the OsGA2ox8 gene in oryza sativa l., the ability of the oryza sativa l. to resist drought stress can be significantly improved.(ZH) 本发明提供了水稻OsGA2ox8蛋白及其编码基因和重组载体在增强植物抗旱性中应用，属于生物基因工程技术领域。本发明所述OsGA2ox8蛋白的氨基酸序列如SEQ ID NO.1所示。本发明通过干旱、高盐、低温胁迫下OsGA2ox8基因随着处理时间的延长表达量的变化，结合超表达和CRISPR敲除水稻植株的表型变化，结果显示在叶中OsGA2ox8基因在受干旱和冷胁迫诱导上调表达，而在根中受干旱和冷胁迫抑制下调表达，此外不论是在根中还是在叶中OsGA2ox8受盐胁迫诱导上调表达，但在根中的上调幅度较小；在水稻中超表达OsGA2ox8基因能够显著改善水稻抵御干旱胁迫的能力。",,,,,,,
US252246344,16342794,United States of America,18.10.2017,20190292557,26.09.2019,B2,"C12N 15/82
					






C12N 9/22
					






C12N 15/11
					






C07K 14/415
					






C12Q 1/68
					






C12Q 1/6895
					








C12N 15/82
					






C12N 9/22
					






C12N 15/11
					






C07K 14/415
					






C12Q 1/68
					






C12Q 1/6895
					






View less classifications","C07K 14/415
					






C12N 15/8273
					






C12N 9/22
					






C12N 15/11
					






C12N 15/8213
					






C12N 15/8218
					






View more classifications
							






C07K 14/415
					






C12N 15/8273
					






C12N 9/22
					






C12N 15/11
					






C12N 15/8213
					






C12N 15/8218
					






C12N 15/8261
					






C12N 15/8271
					






C12Q 1/68
					






C12Q 1/6895
					






C12N 2310/20
					






C12N 2800/80
					






Y02A 40/146
					






View less classifications","PIONEER OVERSEAS CORPORATIONSINOBIOWAY BIO-AGRICULTURE GROUP CO., LTD.",Guangwu ChenChengfeng DuYang GaoZantang LiGuihua LuGuanfan MaoChanggui WangGuokui Wang,,(EN) Constructs and methods to improve abiotic stress tolerance in plants,"(EN) 
Isolated polynucleotides and polypeptides, and recombinant DNA constructs, suppression DNA constructs and CRISPR/Cas9 DNA constructs are provided. Compositions (such as plants or seeds) with modified expression or activity of the isolated polypeptides are obtained by transforming the regenerable plant cell with a suppression DNA construct or CRISPR/Cas construct. The plants with improving drought tolerance are obtained by decreasing the expression or activity of the isolated polynucleotide.",201610909055.3 19.10.2016 CN,"CN107974459

CN109819659

WO/2018/072706",11168334,09.11.2021,,,
CN437272635,202410690901,China,30.05.2024,118440956,06.08.2024,A,"C12N 15/29
					






C07K 14/415
					






C12N 15/84
					






A01H 5/10
					






A01H 6/20
					








C12N 15/29
					






C07K 14/415
					






C12N 15/84
					






A01H 5/10
					






A01H 6/20
					






View less classifications","C07K 14/415
					






C12N 15/8271
					






C12N 15/8216
					






C12N 15/8205
					








C07K 14/415
					






C12N 15/8271
					






C12N 15/8216
					






C12N 15/8205
					






View less classifications",HUAZHONG AGRICULTURAL UNIVERSITY华中农业大学,YAO XUAN姚璇GUO LIANG郭亮LI JIJUN李继军,武汉智嘉联合知识产权代理事务所(普通合伙) 42231,(EN) Application of PGIP2 gene in regulation and control of crop waterlogging tolerance(ZH) PGIP2基因在调控作物耐渍性中的应用,"(EN) The invention discloses application of a PGIP2 gene in regulation and control of crop waterlogging tolerance, an agrobacterium tumefaciens-mediated genetic transformation method is used, an overexpression vector containing the BnaPGIP2 gene and a CRISPR/Cas9 gene editing vector are respectively transformed into a rape genome, a BnaPGIP2 gene overexpression and edited rape variety is obtained, the waterlogging tolerance of the overexpression and mutant material is determined, and the crop waterlogging tolerance is regulated and controlled. The result shows that the BnaPGIP2 positively regulates the waterlogging resistance of the rape, and rape varieties with different waterlogging resistance and stable inheritance can be created by utilizing the BnaPGIP2 gene. The invention provides important gene resources and germplasm resources for waterlogging-resistant breeding of crops, and has a wide application prospect in molecular design breeding of crops.(ZH) 本发明公开了PGIP2基因在调控作物耐渍性中的应用，使用农杆菌介导的遗传转化方法，将含有BnaPGIP2基因的过表达载体和CRISPR/Cas9基因编辑载体分别转化到油菜的基因组中，获得BnaPGIP2基因超表达和被编辑的油菜品种，测定超表达和突变体材料的耐渍性，结果发现BnaPGIP2正调控油菜的耐渍性，利用BnaPGIP2基因可以创制不同耐渍性且能够稳定遗传的油菜品种。本发明为作物的耐渍育种提供了重要的基因资源和种质资源，在作物分子设计育种中具有广阔的应用前景。",,,,,,,
CN313724079,202010843041,China,20.08.2020,112048515,08.12.2020,B,"C12N 15/54
					






C12N 15/84
					






C12N 1/21
					






A01H 5/10
					






A01H 6/20
					






C12R 1/01
					








C12N 15/54
					






C12N 15/84
					






C12N 1/21
					






A01H 5/10
					






A01H 6/20
					






C12R 1/01
					






View less classifications","C12N 9/1007
					






C12Y 201/01012
					






C12N 15/8247
					






C12N 15/8218
					








C12N 9/1007
					






C12Y 201/01012
					






C12N 15/8247
					






C12N 15/8218
					






View less classifications",HUAZHONG AGRICULTURAL UNIVERSITY华中农业大学,GUO LIANG郭亮LU SHAOPING鲁少平TANG SHAN唐珊,武汉智嘉联合知识产权代理事务所(普通合伙) 42231,(EN) Rape S-adenosyl-L-methionine dependent methyltransferase gene BnPMT6 and application thereof(ZH) 一种油菜S-腺苷-L-蛋氨酸依赖的甲基转移酶基因BnPMT6及其应用,"(EN) The invention discloses a rape S-adenosyl-L-methionine dependent methyltransferase gene BnPMT6. The nucleotide sequence of the gene is as shown in SEQ ID NO: 1 or SEQ ID NO: 2. By obtaining overexpression and mutant materials, the oil content of a conversion material is analyzed, and it is found that the BnPMT6 negatively regulates accumulation of the oil content and regulates fatty acid composition. The invention further provides a method for obtaining high-oil-content crops. The method comprises the following steps of converting a CRISPR/Cas9 gene editing vector containing the rape S-adenosyl-L-methionine dependent methyltransferase gene BnPMT6 into a genome of the crops by using an agrobacterium-mediated genetic transformation method, and obtaining a crop variety with the gene BnPMT6 function deletion by using a CRISPR/Cas9 gene editing technology.(ZH) 本发明公开了一种油菜S‑腺苷‑L‑蛋氨酸依赖的甲基转移酶基因BnPMT6，该基因的核苷酸序列如SEQ ID NO:1或SEQ ID NO:2所示。通过获得过表达和突变体材料，分析了转化材料的含油量，发现BnPMT6负调控含油量的积累，同时还调控脂肪酸组成。本发明进一步提供了一种获得高含油量作物的方法：使用农杆菌介导的遗传转化方法将含有油菜S‑腺苷‑L‑蛋氨酸依赖的甲基转移酶基因BnPMT6的CRISPR/Cas9基因编辑载体转化到作物的基因组中，利用CRISPR/Cas9基因编辑技术获得基因BnPMT6功能缺失的作物品种。",,,112048515,13.09.2022,,,
CN315167130,202010956095,China,11.09.2020,112175985,05.01.2021,B,"C12N 15/82
					






C07K 14/15
					






A01H 5/00
					






A01H 6/54
					








C12N 15/82
					






C07K 14/15
					






A01H 5/00
					






A01H 6/54
					






View less classifications","C12N 15/8216
					






C12N 15/8274
					






C07K 14/415
					








C12N 15/8216
					






C12N 15/8274
					






C07K 14/415
					






View less classifications",NANKAI UNIVERSITY南开大学,XI ZHEN席真WANG NINGNING王宁宁WEI TAO韦韬,北京润平知识产权代理有限公司 11283北京润平知识产权代理有限公司 11283,(EN) Method for improving herbicide resistance of leguminous plants and application thereof(ZH) 提高豆科植物除草剂抗性的方法及其应用,"(EN) The invention relates to the field of gene engineering, and discloses application of a method for improving herbicide resistance of leguminous plants by mutating at least one amino acid site in herbicide target protein to preparation of leguminous plants with herbicide resistance. The method can effectively solve the problem that in the prior art, it is difficult to conduct herbicide-resistant breeding on leguminous plants through a CRISPR/Cas9 mediated single base editing technology. The leguminous plants prepared by the method have the characteristic of obvious herbicide resistance, can wellsolve the problem that the herbicide has negative influence on crop growth in weed control when being applied to breeding and planting of the leguminous plants, especially soybeans, and effectively avoids the adverse influence on crop production due to improper use of the herbicide.(ZH) 本发明涉及基因工程领域，公开了突变除草剂靶标蛋白中的至少一个氨基酸位点以提高豆科植物除草剂抗性的方法在制备具有除草剂抗性的豆科植物中的用途。该方法能够有效解决现有技术中对豆科植物难以采用CRISPR/Cas9介导的单碱基编辑技术进行抗除草剂育种的问题。通过该方法制备获得的豆科植物植株具有明显抗除草剂的特性，将其应用于豆科植物尤其是大豆的育种和种植中可以很好地解决杂草防治中除草剂对作物生长具有负面影响的问题，有效避免了除草剂使用不当对作物生产的不利影响。",,,112175985,19.08.2022,,,
CN436513801,202410656418,China,24.05.2024,118374510,23.07.2024,A,"C12N 15/29
					






C07K 14/415
					






C12N 15/82
					






A01H 5/00
					






A01H 6/82
					








C12N 15/29
					






C07K 14/415
					






C12N 15/82
					






A01H 5/00
					






A01H 6/82
					






View less classifications","C07K 14/415
					






C12N 15/8283
					






C12N 15/8218
					








C07K 14/415
					






C12N 15/8283
					






C12N 15/8218
					






View less classifications",SHANDONG AGRICULTURAL UNIVERSITY山东农业大学,LIU HONGMEI刘红梅ZHANG YAN张颜ZHANG YUQING张宇晴YE JIN叶槿LIU WENJUAN刘文娟REN CHENGYANG任枨炀TIAN LU田璐,济南圣达知识产权代理有限公司 37221,(EN) Application of EXA1 gene in enhancing virus resistance of tomato brown wrinkled fruit(ZH) EXA1基因在增强番茄褐色皱纹果病毒抗性中的应用,"(EN) The invention belongs to the field of molecular biology and biotechnology, and relates to application of an EXA1 gene in enhancing virus resistance of tomato brown wrinkled fruits. Through comparison of virus accumulation conditions of tomato and tobacco EXA1 down-regulated plants and control plants, it is found that the virus accumulation amounts of ToBRFV, TMV and PVX in the EXA1 down-regulated plants are obviously lower than those of the control plants, and it is indicated that the virus disease resistance of crops can be enhanced by inhibiting EXA1 gene expression and/or activity reduction and/or inactivation. The EXA1 gene generally exists in plants, EXA1 down-regulated and knocked-out plants are obtained by respectively using a VIGS technology to regulate EXA1 and a CRISPR/Cas9 gene editing technology to knock out EXA1, the virus disease resistance of solanaceae crops is expected to be remarkably enhanced, and theoretical and method bases are provided for obtaining new disease-resistant varieties by using EXA1, so that the method has good practical application value.(ZH) 本发明属于分子生物学与生物技术领域，涉及EXA1基因在增强番茄褐色皱纹果病毒抗性中的应用。通过比较番茄和烟草EXA1下调植株与对照植株的病毒积累情况发现，EXA1下调植株中ToBRFV、TMV和PVX的病毒积累量明显低于对照，说明抑制EXA1基因表达和/或活性降低和/或失活，可以增强作物的病毒病抗性。EXA1基因在植物中普遍存在，分别利用VIGS技术下调EXA1和CRISPR/Cas9基因编辑技术敲除EXA1，获得EXA1下调和敲除植株，有望显著增强茄科作物的病毒病抗性，对于利用EXA1获得抗病新品种提供了理论和方法基础，因此具有良好的实际应用价值。",,,,,,,
US412496087,18182936,United States of America,13.03.2023,20230348921,02.11.2023,A1,"C12N 15/82
					






C12N 9/22
					






C12N 15/11
					








C12N 15/82
					






C12N 9/22
					






C12N 15/11
					






View less classifications","C12N 9/22
					






C12N 15/8213
					






C12N 15/11
					






C12N 2310/20
					






C12N 2800/80
					








C12N 9/22
					






C12N 15/8213
					






C12N 15/11
					






C12N 2310/20
					






C12N 2800/80
					






View less classifications",Grow More Foundation,Kate CREASEY KRAINERFlorian HAHN,,(EN) GENE EDITING MOLECULAR CLONING KITS,"(EN) 
The present disclosure relates to compositions, systems, and kits for modifying a gene sequence of interest in plants and producing a gene-edited plant, part, or cell. The present disclosure further relates to methods for obtaining a gene sequence of interest to target using a CRISPR-Cas9 system, and methods for introducing such gene modification into plants.",,,,,,,
,,,,,,,,,,,,,,,,,,,,
,,,,,,,,,,,,,,,,,,,,
NZ179135156,711146,New Zealand,17.08.2015,711146,18.09.2014,A,"A01H 1/06
					






C12N 5/00
					






C12N 15/00
					






C12N 15/82
					








A01H 1/06
					






C12N 5/00
					






C12N 15/00
					






C12N 15/82
					






View less classifications","C12N 15/8213
					








C12N 15/8213
					






View less classifications",CIBUS US LLCCIBUS EUROPE B.V.,"SCHOPKE, ChristianSAUER, Noel, JoyPEARCE, JamesSEGAMI, Rosa, E.MOZORUK, JerryGOCAL, Gregory, F.w.BEETHAM, Peter, R.",Wrays Pty Ltd,(EN) Methods and Compositions for Increasing Efficiency of Targeted Gene Modification Using Oligonucleotide-Mediated Gene Repair,"(EN) The invention provides to improved methods for the modification of genes in plant cells, and plants and seeds derived therefrom. More specifically, the invention relates to the increased efficiency of targeted gene mutation by combining gene repair oligonucleotides with approaches that enhance the availability of components of the target cell gene repair mechanisms. These approaches include combination with site-specific endonucleases including TALENs, ZFNs, CRISPR which induce single or double strand breaks in the vicinity of the target DNA sequence.","61/801,320 15.03.2013 US","JP2016516408

BRUS2014029621

RS63188

PL2966984

PT2966984

LT2966984

ES2912400

DK2966984

NZ751592

NZ751586

WO/2014/144987

CA2905135

BR112015022848

VN47385

MYPI 2015703120

AU2014233465

US20160304892

EA201591447

CN105338805

EP2966984

KR1020150132202

IL241145

CL2015002650

IN2855/MUMNP/2015

AU2020220059

US20230141977",,,,,
CN223072043,201711472843,China,29.12.2017,108220329,29.06.2018,A,"C12N 15/82
					






A01H 5/00
					






A01H 6/46
					








C12N 15/82
					






A01H 5/00
					






A01H 6/46
					






View less classifications","C07K 14/415
					






C12N 15/8205
					






C12N 15/8261
					






C12N 2800/80
					






C12N 2810/10
					








C07K 14/415
					






C12N 15/8205
					






C12N 15/8261
					






C12N 2800/80
					






C12N 2810/10
					






View less classifications","SAAS BIOTECHNOLOGY AND NUCLEAR TECHNOLOGY RESEARCH INSTITUTE四川省农业科学院生物技术核技术研究所CHENGDU YINONG AGRICULTURAL TECHNOLOGY CO., LTD.成都亿农农业科技有限公司",CHEN KEGUI陈克贵PENG MEIFANG彭梅芳FAN XIAOLI范晓丽,成都行之专利代理事务所(普通合伙) 51220,(EN) Method for knocking out hygromycin resistance genes in transgenic plants(ZH) 一种敲除转基因植物中潮霉素抗性基因的方法,"(EN) The invention discloses a method for knocking out hygromycin resistance genes in transgenic plants, aiming at solving the common problem of removing selectable marker genes, i.e., the hygromycin resistance genes, of the existing transgenic plants. Therefore, the problem that secondary transgenic selectable marker genes are difficult to find is technically solved; in the aspect of agricultural production, the problem that the hygromycin resistance genes exist in transgenic crops and are not good for human health, and the problem that plants with the hygromycin resistance genes have potential hazards on the ecological environment are also eliminated. According to the method disclosed by the invention, a hygromycin gene editing carrier is constructed by adopting a CRISPR/Cas9 (Clustered Regularly Interspaced Short Palindromic Repeats/CRISPR associated protein 9) technical principle, and carrier plasmids are used for transforming plants through an agrobacterium tumefaciens mediated method.According to the different transformed plants, the obtained transgenic plants are hybridized or/and selfed, the transgenic plants are screened to obtain plants in which the hygromycin resistance genes are knocked out and which do not contain exogenous DNA (Deoxyribonucleic Acid) for editing a Cas9 gene transferred into the plants by the hygromycin resistance genes and the like.(ZH) 本发明公开了一种敲除转基因植物中潮霉素抗性基因的方法，解决了现有转基因植物普遍存在的选择标记基因潮霉素抗性基因的去除问题。从而在技术上解决了再次转基因选择标记基因难找的问题，而且在农业生产上，也排除了潮霉素抗性基因存在于转基因农作物中不利于人体健康的问题、以及潮霉素抗性基因植物对生态环境存在潜在危害的问题。本发明利用CRISPR/Cas9技术原理构建潮霉素基因编辑载体，载体质粒通过农杆菌介导的方法转化植物。依转化植株的不同，获得的转基因植株通过杂交或/和自交后，筛选得到潮霉素抗性基因敲除、并且不含有用于编辑潮霉素抗性基因所转入植株的Cas9基因等外源DNA的植株。",,,,,,,
CN425359281,202311670003,China,07.12.2023,117624320,01.03.2024,A,"C07K 14/415
					






C12N 15/29
					






C12N 15/113
					






C12N 15/84
					






A01H 5/00
					






A01H 6/46
					








C07K 14/415
					






C12N 15/29
					






C12N 15/113
					






C12N 15/84
					






A01H 5/00
					






A01H 6/46
					






View less classifications","C07K 14/415
					






C12N 15/113
					






C12N 15/8261
					






C12N 2310/20
					






Y02A 40/10
					








C07K 14/415
					






C12N 15/113
					






C12N 15/8261
					






C12N 2310/20
					






Y02A 40/10
					






View less classifications",BEIJING ACADEMY OF AGRICULTURE AND FORESTRY SCIENCES北京市农林科学院,TANG YIMIAO唐益苗GUO CHUNMAN郭春曼WANG DEZHOU汪德州WANG WEIWEI王伟伟ZUO JINGHONG左静红FANG ZHAOFENG房兆峰GAO SHIQING高世庆,北京法信智言知识产权代理事务所(特殊普通合伙) 11737,"(EN) Wheat tillering control gene and application thereof, and method for improving tillering number and yield of wheat(ZH) 控制小麦分蘖基因及其应用和提高小麦分蘖数以及产量的方法","(EN) The invention relates to the technical field of agricultural biology, in particular to a gene for controlling wheat tillering, application of the gene and a method for improving the wheat tillering number and yield. Any Tilller 1-B, Tilller 1-A and Tilller 1-D are edited by utilizing a CRISPR/Cas9 (Clustered Regularly Interspaced Short Palindromic Repeats/CRISPR associated protein 9) method, so that the tillering of wheat is increased; meanwhile, a recombinant expression vector containing any excessive Tiller1-B, Tiller1-A or Tiller1-D gene segments is introduced into common wheat J18 cells, so that the tillering number of wheat is reduced, and the recombinant expression vector can be used as a gene for increasing the tillering number of wheat, and can be used as a high-quality candidate gene for high-yield breeding of crops. The gene for controlling wheat tillering has very important theoretical and practical significance on high-yield breeding of crops, acceleration of stress-resistant molecular breeding process and world food safety.(ZH) 本发明涉及农业生物技术领域，具体涉及控制小麦分蘖基因及其应用和提高小麦分蘖数以及产量的方法。利用CRISPR/Cas9方法编辑任意Tiller1‑B,Tiller1‑A,Tiller1‑D，都得到增加小麦分蘖；同时，将含有过量任意Tiller1‑B、Tiller1‑A或Tiller1‑D基因片段的重组表达载体导入普通小麦J18细胞中，减少了小麦分蘖数，可以作为一个增加小麦分蘖基因，作为在作物高产育种以优质候选基因。本发明的控制小麦分蘖基因对作物高产育种、加速抗逆分子育种进程，以及世界粮食安全具有十分重要的理论和实际意义。",,,,,,,
CN232864667,201810385846,China,26.04.2018,108707621,26.10.2018,B,"C12N 15/82
					






C12N 9/22
					






A01H 5/00
					






A01H 6/46
					








C12N 15/82
					






C12N 9/22
					






A01H 5/00
					






A01H 6/46
					






View less classifications","C12N 9/22
					






C12N 15/8213
					






C12N 15/102
					






C12N 15/8274
					






C12N 15/8278
					






C12N 15/902
					






View more classifications
							






C12N 9/22
					






C12N 15/8213
					






C12N 15/102
					






C12N 15/8274
					






C12N 15/8278
					






C12N 15/902
					






C12N 2310/20
					






View less classifications","INSTITUTE OF CROP SCIENCE, CHINESE ACADEMY OF AGRICULTURAL SCIENCES中国农业科学院作物科学研究所",XIA LANQIN夏兰琴LI SHAOYA李少雅ZHAO YUNDE赵云德LI JINGYING李晶莹DU WENMING杜文明ZHANG JIAHUI张佳慧,北京纪凯知识产权代理有限公司 11245北京纪凯知识产权代理有限公司 11245,(EN) CRISPR/Cpf1 system-mediated homologous recombination method using RNA transcript as repair template(ZH) 一种CRISPR/Cpf1系统介导的以RNA转录本为修复模板的同源重组方法,"(EN) The invention discloses a CRISPR/Cpf1 system-mediated homologous recombination method using an RNA transcript as a repair template. The method adopts rice ALS genes as a research object, and constructs a homologous recombination vector. RCR1-RCR2-RDR fragments are transcribed in vitro, a RNP method is used, the RNA transcript is used as the repair template, and homologous recombination repair of target genes is achieved in rice callus. The vector is introduced into the rice callus by a gene gun method, and rice plants with ALS gene fixed-point modification are obtained. The results show that RNA used as the repair template can successfully mediate homologous recombination of the target genes, and the method provides a novel idea for crop breeding, and has strong application potential in agricultural breeding.(ZH) 本发明公开了一种CRISPR/Cpf1系统介导的以RNA转录本为修复模板的同源重组方法。本发明以水稻ALS基因为研究对象，构建了同源重组载体。将RCR1‑RCR2‑RDR片段进行体外转录，通过RNP方法，以RNA转录本作为修复模板，在水稻愈伤中实现了目的基因的同源重组修复。同时，利用基因枪方法将载体导入水稻愈伤中，获得了ALS基因定点修饰的水稻植株。结果表明，以RNA作为修复模板可成功介导目的基因的同源重组，为农作物育种提供了新思路，因此在农业育种方面具有强大的应用潜力。",,,108707621,12.02.2021,,,
CN294430550,202010174074,China,13.03.2020,111041045,21.04.2020,B,"C12N 15/82
					






C12N 15/11
					






A01H 5/00
					






A01H 6/46
					








C12N 15/82
					






C12N 15/11
					






A01H 5/00
					






A01H 6/46
					






View less classifications","C12N 9/1014
					






C12N 15/8218
					






C12N 15/8243
					






C12Y 201/02005
					








C12N 9/1014
					






C12N 15/8218
					






C12N 15/8243
					






C12Y 201/02005
					






View less classifications","BIOTECHNOLOGY RESEARCH INSTITUTE, CAAS中国农业科学院生物技术研究所",JIANG LING姜凌ZHANG CHUNYI张春义LIAN TONG连通LIANG QIUJU梁秋菊WANG WEIXUAN王维轩,北京成实知识产权代理有限公司 11724,(EN) Method for improving content of 5-methyltetrahydrofolate by gene knockout(ZH) 一种通过基因敲除提高5-甲基四氢叶酸含量的方法,"(EN) The invention provides a method for increasing the content of 5-methyltetrahydrofolate through gene knockout. Corn ZmGFT1 is subjected to gene knockout through a CRISPR/Cas9 technology, and it is found that the content of 5-methyltetrahydrofolate in the corn after gene knockout is remarkably increased. According to the invention, the design of the CRISPR/Cas9 target site of corn ZmGFT1 and the function of the gene can significantly influence the folic acid content; the gene provides reference for CRISPR research of the gene in corn and other crops, provides a theoretical basis for folic acid metabolism of corn and other crops, and relieves the invisible hunger problem of human beings in the aspect of folic acid nutrition by increasing the folic acid content of transgenic plants.(ZH) 本发明提供了一种通过基因敲除提高5‑甲基四氢叶酸含量的方法。通过CRISPR/Cas9技术对玉米ZmGFT1实施基因敲除，发现该基因敲除后玉米中5‑甲基四氢叶酸含量得到显著提高。本发明中玉米ZmGFT1的CRISPR/Cas9靶标位点的设计以及该基因的功能能够显著影响叶酸含量的发现，不仅为该基因在玉米和其他作物中CRISPR研究提供了借鉴，还为玉米和其他作物的叶酸代谢提供了理论基础，通过提高转基因植物的叶酸含量，缓解人类在叶酸营养方面的隐形饥饿问题。",,,111041045,14.07.2020,,,
CN248896494,201711459345,China,28.12.2017,109971763,05.07.2019,A,"C12N 15/29
					






C07K 14/415
					






C12N 15/82
					








C12N 15/29
					






C07K 14/415
					






C12N 15/82
					






View less classifications","C07K 14/415
					






C12N 15/823
					






C12N 15/8251
					






C12N 15/827
					






C12Q 1/6895
					






C12Q 2600/13
					






View more classifications
							






C07K 14/415
					






C12N 15/823
					






C12N 15/8251
					






C12N 15/827
					






C12Q 1/6895
					






C12Q 2600/13
					






A01H 6/4636
					






C12N 15/8218
					






View less classifications",PIONEER OVERSEAS CORPORATION未名生物农业集团有限公司SINOBIOWAY BIO-AGRICULTURE GROUP CO. LTD.先锋海外公司,JIANTAO WANG焦荣荣ZHANCHUN ZHOU吕贵华CHANGGUI WANG毛冠凡RONGRONG JIAO王昌贵GUIHUA LU王国奎GUANFAN MAO王建涛GUOKUI WANG周占春,永新专利商标代理有限公司 72002永新专利商标代理有限公司 72002,(EN) Regulation gene CMP1 in flowering phase and related vector and application thereof(ZH) 花期调控基因CMP1和相关的载体及其应用,"(EN) The present invention discloses isolated polynucleotides and polypeptides, and a recombinant DNA construct and a CRISPR-Cas construct for regulating a heading phase or a flowering phase of plants, andalso comprises a composition (such as plants or seeds) comprising the recombinant DNA construct or a modified CMP1 gene or regulatory elements thereof, and a method using the recombinant DNA construct and the CRISPR-Cas construct. The recombinant DNA construct comprises the CMP1 gene and a functional promoter in plants operably linked thereto, and the CRISPR-Cas construct targets the CMP1 gene orthe regulatory elements thereof, wherein the CMP1 gene encodes the flowering time-regulating polypeptides.(ZH) 本发明公开了分离的多核苷酸和多肽、和用于调控植物抽穗期或开花期的重组DNA构建体和CRISPR‑Cas构建体，也包含含有这些重组DNA构建体或修饰的CMP1基因或其调控元件的组合物(例如植物或种子)，和利用这些重组DNA构建体和CRISPR‑Cas构建体的方法。重组DNA构建体包含CMP1基因和与之可操作连接的植物中有功能的启动子，CRISPR‑Cas构建体靶向CMP1基因或其调控元件，其中所述CMP1基因编码开花时间调控多肽。",,"CN111511916

WO/2019/129145

US20210371868",,,,,
CN429328818,202311839216,China,28.12.2023,117987460,07.05.2024,A,"C12N 15/84
					






C07K 14/195
					






C12N 15/31
					






C12N 15/55
					






C12N 15/113
					






A01H 5/00
					






View more classifications
							






C12N 15/84
					






C07K 14/195
					






C12N 15/31
					






C12N 15/55
					






C12N 15/113
					






A01H 5/00
					






A01H 6/46
					






View less classifications","C12N 15/8216
					






C12N 15/8205
					






C07K 14/195
					






C12N 9/22
					






C12N 15/113
					






C12N 2800/22
					






View more classifications
							






C12N 15/8216
					






C12N 15/8205
					






C07K 14/195
					






C12N 9/22
					






C12N 15/113
					






C12N 2800/22
					






C12N 2310/20
					






View less classifications",WEST (CHONGQING) SCIENCE CITY GERMPLASM CREATION AND SYSTEM BIG SCIENCE CENTER西部（重庆）科学城种质创制大科学中心,ZHANG YONG张勇HE YAO何瑶TANG XU唐旭ZHENG XUELIAN郑雪莲,成都极纬知识产权代理有限公司 51320成都极纬知识产权代理有限公司 51320,(EN) LbCas12a plant genome editing system for co-expressing TypeV-A type anti-CRISPR protein(ZH) 共表达TypeV-A型anti-CRISPR蛋白的LbCas12a植物基因组编辑系统,"(EN) The invention belongs to the technical field of plant genetic engineering, and relates to an LbCas12a plant genome editing system for co-expression of a Type V-A type anti-CRISPR protein. The technical problem to be solved by the invention is to construct an LbCas12a plant genome editing system based on Type V-A type anti-CRISPR co-expression in plants, and the off-target efficiency is reduced while the LbCas12a editing efficiency is effectively controlled, so that the LbCas12a plant genome editing system can be effectively applied to the plants. According to the technical scheme, the LbCas12a plant genome editing system for co-expressing the Type V-A type anti-CRISPR protein comprises an LbCas12a nuclease protein expression unit, a crRNA transcription expression unit and an anti-CRISPR protein expression unit. The invention provides a rice codon optimized Type V-A type anti-CRISPR protein DNA (deoxyribonucleic acid) sequence, the braking effect of an LbCas12a plant genome editing system for co-expressing anti-CRISPR protein in plants is realized for the first time, and tests prove that the Type V-A type anti-CRISPR protein DNA sequence can effectively reduce off-target efficiency.(ZH) 本发明属于植物基因工程技术领域，涉及共表达Type V‑A型anti‑CRISPR蛋白的LbCas12a植物基因组编辑系统。本发明要解决的技术问题是在植物中构建一种基于Type V‑A型anti‑CRISPR共表达的LbCas12a植物基因组编辑系统，对LbCas12a编辑效率有效控制的同时降低其脱靶效率，使其能在植物中得到有效应用。本发明的技术方案是共表达Type V‑A型anti‑CRISPR蛋白的LbCas12a植物基因组编辑系统，包括LbCas12a核酸酶蛋白表达单元、crRNA转录表达单元和anti‑CRISPR蛋白表达单元。本发明提供了水稻密码子优化的Type V‑A型anti‑CRISPR蛋白DNA序列，首次在植物中实现共表达anti‑CRISPR蛋白的LbCas12a植物基因组编辑系统的刹车作用，试验证明其能够有效降低脱靶效率。",,,,,,,
CN204730733,201710482845,China,22.06.2017,107058328,18.08.2017,A,"C12N 15/113
					






A01H 5/00
					








C12N 15/113
					






A01H 5/00
					






View less classifications","C12N 15/113
					






C12N 15/8213
					






C12N 15/8245
					






C12N 2310/10
					








C12N 15/113
					






C12N 15/8213
					






C12N 15/8245
					






C12N 2310/10
					






View less classifications","JIANGSU SANSHU BIOTECHNOLOGY CO., LTD.",ZHANG PENGWU YINLIANGZHOU WENZHI,,(EN) Method for increasing amylose content of plants and application(ZH) 一种提高植物直链淀粉含量的方法及应用,"(EN) The invention relates to the technical fields of biology and plant transgene, in particular to a method for increasing the amylose content of plants and application. The method includes the following steps that 1, a CRISPR/Cas9 multi-member system is adopted to edit an SBEI or SBEII gene of potato plants; 2, the CRISPR/Cas9 multi-member system in the step 1 includes a CRISPR/Cas9 system containing one or more sgRNA sequences. According to the method for increasing the amylose content of the plants, a CRISPR/Cas9 technology mediated by multi-member sgRNA is adopted to directionally edit an SBEI or SBEII gene sequence in a cassava genome, the starch components and characters of the potato plants can be significantly changed, and the amylose content in potato plant starch can be increased; amylopectin in the potato plant starch is reduced; the weights, diameters and quantity of storage roots of the potato plants are adjusted; through cross fertilization or self-fertilization, new strains which do not contain exogenous gene fragments can be obtained, and the method for increasing the amylose content of the plants has good application prospects in genetic improvement of plant quality.(ZH) 本发明涉及生物技术和植物转基因技术领域，具体涉及一种提高植物直链淀粉含量和降低支链淀粉含量的方法及应用，它采用如下的方法步骤：步骤一：利用CRISPR/Cas9多元系统编辑薯类植物SBEI或者SBEII基因；步骤二：步骤一中所述的CRISPR/Cas9多元系统包括：系统中含有一个及一个以上的sgRNA序列的CRISPR/Cas9系统；它利用多元sgRNA介导的CRISPR/Cas9技术定向编辑木薯基因组中SBEI或者SBEII基因序列，可以显著改变薯类植物的淀粉组成和性状，具有能提高薯类植物淀粉中直链淀粉含量；降低薯类植物淀粉中支链淀粉；以及调节薯类植物储藏根重量、直径或数目；并且通过杂交或者自交可获得不含外源基因片段的新品系，在植物品质的遗传改良上具有良好的应用前景。",,,,,,,
US403483445,18055765,United States of America,15.11.2022,20230242930,03.08.2023,A1,"C12N 15/82
					






C12N 9/22
					






C12N 15/11
					








C12N 15/82
					






C12N 9/22
					






C12N 15/11
					






View less classifications","C12N 9/22
					






C12N 15/8253
					






C12N 15/11
					






C12N 2310/20
					








C12N 9/22
					






C12N 15/8253
					






C12N 15/11
					






C12N 2310/20
					






View less classifications","Biotechnology Research Institute, CAAS",Ling JiangChunyi ZhangYing RenTong LianJi'an Liu,,(EN) METHOD FOR INCREASING METHIONINE CONTENT IN GRAINS BY GENE KNOCKOUT,"(EN) 
The present disclosure provides a method for increasing a methionine content in grains by gene knockout. A maize ZmMETS2 gene is knocked out by a CRISPR/Cas9 technology, and it is found that the methionine content in maize grains is increased to a certain extent after the gene is knocked out. In the present disclosure, the CRISPR/Cas9 target site of the maize ZmMETS2 gene is designed and a function of the gene is found to significantly affect the methionine content. This provides a reference for CRISPR researches of the gene in maize and other crops, and provides a theoretical basis for methionine metabolism of the maize and other crops. Accordingly, the deficiency of human amino acid nutrition is alleviated by increasing the methionine content of transgenic plants.",202210110992.8 29.01.2022 CN,CN114107372,,,,,
CN429060848,202311752678,China,19.12.2023,117965602,03.05.2024,A,"C12N 15/82
					






C12N 15/64
					






A01H 5/00
					






A01H 6/46
					








C12N 15/82
					






C12N 15/64
					






A01H 5/00
					






A01H 6/46
					






View less classifications","C12N 15/8218
					






C12N 15/64
					






C12N 15/8212
					






C12N 15/8205
					








C12N 15/8218
					






C12N 15/64
					






C12N 15/8212
					






C12N 15/8205
					






View less classifications","INSTITUTE OF CROP SCIENCE, CHINESE ACADEMY OF AGRICULTURAL SCIENCES中国农业科学院作物科学研究所NATIONAL NANFAN RESEARCH INSTITUTE, SANYA CHINESE ACADEMY OF AGRICULTURAL SCIENCES三亚中国农业科学院国家南繁研究院",HE YUBING和玉兵XIA LANQIN夏兰琴YAN LANG严浪ZHENG ZHENPING郑珍萍ZHU MIN朱敏,北京中安信知识产权代理有限公司 11248,(EN) Plant gene editing vector for assisting CRISPR (Clustered Regularly Interspaced Short Palindromic Repeats) in excision of self T-DNA (Deoxyribose Nucleic Acid) fragment in transformation event by utilizing RUBY ((ZH) 一种利用RUBY辅助CRISPR切除转化事件中自身T-DNA片段的植物基因编辑载体及其构建方法和应用,"(EN) The invention belongs to the field of plant genetic engineering. According to the invention, a plant gene editing vector pTEC for assisting CRISPR in excision of a T-DNA fragment in a transformation event by utilizing RUBY is constructed, and the vector drives sgRNA expression of boundaries at the two ends of targeted T-DNA through a promoter specifically expressed by space-time tissues, so that the purpose of excising the T-DNA fragment after target gene editing occurs is achieved; in addition, the pTEC vector has RUBY color reporter gene auxiliary screening, and a T0-generation editing plant with T-DNA cut off, especially Cas9 and other gene editing elements cut off can be obtained more simply and effectively.(ZH) 本发明属于植物基因工程领域。本发明构建了一种利用RUBY辅助CRISPR切除转化事件中自身T‑DNA片段的植物基因编辑载体pTEC，该载体通过时空组织特异性表达的启动子驱动靶向T‑DNA两端边界的sgRNA表达，实现在目的基因编辑发生之后再切除T‑DNA片段的目的，并且pTEC载体有RUBY颜色报告基因辅助筛选，能够更简单有效地获得T‑DNA被切除尤其是Cas9等基因编辑元件被切除的T<subgt;0</subgt;代编辑植株。",,,,,,,
CN357083102,202111336838,China,12.11.2021,114231556,25.03.2022,B,"C12N 15/84
					






C07K 14/415
					






C12N 15/29
					






A01H 5/00
					






A01H 6/54
					








C12N 15/84
					






C07K 14/415
					






C12N 15/29
					






A01H 5/00
					






A01H 6/54
					






View less classifications","C12N 15/8261
					






C12N 15/8218
					






C07K 14/415
					






Y02A 40/146
					








C12N 15/8261
					






C12N 15/8218
					






C07K 14/415
					






Y02A 40/146
					






View less classifications",CROP SCIENCE RESEARCH INSTITUTE OF CHINESE ACADEMY OF AGRICULTURAL SCIENCES中国农业科学院作物科学研究所,LI HONGYU李宏宇TU QICHAO屠琪超LIU BIN刘斌LIU JUN刘军ZHAO TAO赵涛,北京纪凯知识产权代理有限公司 11245,(EN) Application of GmECT2 in aspect of regulating and controlling plant height(ZH) GmECT2在调控植物高度方面的应用,"(EN) The invention discloses an application of GmECT2 in the aspect of regulating and controlling the height of a plant. The amino acid sequence of the GmECT2 protein is shown as a sequence 1 in a sequence table. According to the invention, a CRISPR-Cas9 (clustered regularly interspaced short palindromic repeats-associated protein 9) system is utilized to edit a soybean GmECT2 gene, so that four strains of homozygous mutants of which the GmECT2 gene is effectively edited are obtained. Experiments find that the plant height of the homozygous mutant of the four GmECT2 genes is obviously lower than that of a wild type (Tianlong No.1), and the phenotype that the plant height is obviously lower than that of the wild type is shown in the seedling stage (the plant age is 10 days) and the plant age is 29 days. Therefore, the GmECT gene plays an important role in regulating and controlling the plant height of the soybean, and when the gene is mutated, the plant height is obviously reduced, so that the GmECT gene can be applied to plant breeding and variety improvement. The invention provides a new choice for the regulation and control means of the plant height.(ZH) 本发明公开了GmECT2在调控植物高度方面的应用。GmECT2蛋白的氨基酸序列如序列表中序列1所示。本发明通过利用CRISPR‑Cas9系统对大豆GmECT2的基因进行编辑，得到四株GmECT2基因发生有效编辑的纯合突变体。实验发现四株GmECT2基因的纯合突变体植株高度明显矮于野生型(天隆一号)：在苗期(株龄10天)和株龄29天均表现出植株高度明显矮于野生型的表型。因此，GmECT基因在调控大豆株高中发挥重要的作用，当该基因发生突变，植株高度明显变矮，可应用于植物育种和品种改良。本发明为植株高度的调控手段提供了新的选择。",,,114231556,01.03.2024,,,
,,,,,,,,,,,,,,,,,,,,
CN322136128,202011498307,China,17.12.2020,112608937,06.04.2021,A,"C12N 15/84
					






A01H 5/00
					






A01H 6/20
					








C12N 15/84
					






A01H 5/00
					






A01H 6/20
					






View less classifications","C12N 9/12
					






C12N 15/8218
					






C12N 15/8287
					






C12Y 207/11001
					








C12N 9/12
					






C12N 15/8218
					






C12N 15/8287
					






C12Y 207/11001
					






View less classifications",BEIJING ACADEMY OF AGRICULTURE AND FORESTRY SCIENCES北京市农林科学院,ZHONG XIONGHUI钟雄辉KANG JUNGEN康俊根LI HAILONG李海龙HUANG YUXIN黄裕欣WANG FEI王飞CHEN DENGHUI陈登辉CUI JIAN崔建,北京纪凯知识产权代理有限公司 11245,(EN) Method for cultivating self-compatible cabbages based on CRISPR/Cas9 gene editing method and application of self-compatible cabbages(ZH) 基于CRISPR/Cas9基因编辑方法的一种培育自交亲和甘蓝的方法及其应用,"(EN) The invention provides a method for cultivating self-compatible cabbages based on a CRISPR/Cas9 gene editing method and application of method According to the method for cultivating the self-incompatible cabbages, the CRISPR/Cas9 gene editing method is used for rapidly knocking out self-incompatible related SRK genes in a high-specificity manner. According to one specific embodiment of the invention, a CRISPR/Cas9 gene knockout vector containing an SRK15 gene target site sequence is rapidly constructed by designing an sgRNA sequence; six SRK15-gene-knocked-out mutant plants are obtained by means of screening on the basis of agrobacterium-mediated genetic transformation, and fixed-point editing and control of cabbage self-incompatible genes. Thus, with the method adopted, a new self-compatible cabbage germplasm without any transgenic component can be obtained. The method can be directly applied to a breeding process; self-incompatible reactions can be reduced when the first generation of hybrid is prepared, and the yield of the first generation of hybrid is increased.(ZH) 本发明提供基于CRISPR/Cas9基因编辑方法的一种培育自交亲和的甘蓝的方法及其应用。本发明培育自交亲和甘蓝的方法利用CRISPR/Cas9基因编辑方法快速、高特异性的敲除了自交不亲和相关的SRK基因。本发明的一个具体实施例通过设计sgRNA序列，快速构建了含有SRK15基因靶位点序列的CRISPR/Cas9基因敲除载体，通过农杆菌介导的遗传转化，定点编辑控制甘蓝自交不亲和的基因，筛选获得的SRK15基因敲除的突变植株6株，因此，通过本发明，可以获得不含有任何转基因成分的自交亲和的甘蓝新种质，可以直接应用到育种过程中，在配制杂种一代时可降低自交不亲和反应发生，增加杂种一代的产量。",,,,,,,
CN405930764,202310594918,China,25.05.2023,116515901,01.08.2023,A,"C12N 15/84
					






C12N 15/113
					






A01H 5/10
					






A01H 5/00
					






A01H 6/54
					








C12N 15/84
					






C12N 15/113
					






A01H 5/10
					






A01H 5/00
					






A01H 6/54
					






View less classifications","C12N 15/8283
					






C12N 15/8205
					






C12N 15/1131
					






C12N 2310/20
					






Y02A 50/30
					








C12N 15/8283
					






C12N 15/8205
					






C12N 15/1131
					






C12N 2310/20
					






Y02A 50/30
					






View less classifications",NANJING AGRICULTURAL UNIVERSITY南京农业大学BEIJING VOCATIONAL COLLEGE OF AGRICULTURE (CHINESE COMMITTEE OF RURAL WORK COMMITTEE PARTY SCHOOL)北京农业职业学院（中国共产党北京市委员会农村工作委员会党校）,LI KAI李凯XIE LIJUN谢丽君GAO LE高乐GAO SHAOPEI高少培XIAO YANMIN肖燕敏TAKAMASA崇政PU RUOSI濮若思CHENG XINGE程信歌,南京天华专利代理有限责任公司 32218南京天华专利代理有限责任公司 32218,(EN) CRISPR/CasRx-mediated method for improving soybean resistance to soybean mosaic virus(ZH) CRISPR/CasRx介导的提高大豆对大豆花叶病毒抗性的方法,"(EN) The invention discloses a CRISPR (clustered regularly interspaced short palindromic repeats)/CasRx-mediated method for improving resistance of soybeans to soybean mosaic viruses. An HC-Pro gene of a soybean mosaic virus (SMV) is taken as a target gene, SMV epidemic strains at home and abroad are subjected to multiple nucleotide sequence comparison, a target sequence is determined in a conservative interval, a CRISPR/CasRx genome fixed-point editing carrier is constructed, a genetic transformation system of agrobacterium-mediated soybean cotyledonary nodes is further applied, and the genetic transformation of the soybean cotyledonary nodes is constructed. A batch of positive gene editing soybean materials are obtained, and SMV disease resistance identification, qRT-PCR (quantitative reverse transcription-polymerase chain reaction) and DAS-ELISA serological experiments are carried out to research SMV disease resistance conditions of positive gene editing progeny soybean plants from phenotypic level, RNA (ribonucleic acid) level and protein level respectively, so that a batch of anti-SMV soybean materials are expected to be screened. The invention has important theoretical significance and practical value in research of soybean SMV resistance mechanism and breeding for disease resistance.(ZH) 本发明公开了一种CRISPR/CasRx介导的提高大豆对大豆花叶病毒抗性的方法。本发明以大豆花叶病毒(Soybean mosaic virus，SMV)的HC‑Pro基因作为靶标基因，对国内外SMV流行株系进行多重核苷酸序列比对，在保守区间内确定了靶点序列，构建了CRISPR/CasRx基因组定点编辑载体，进一步应用农杆菌介导大豆子叶节的遗传转化体系，获得一批阳性基因编辑大豆材料，通过SMV抗病鉴定、qRT‑PCR、DAS‑ELISA血清学实验，分别从表型水平、RNA水平和蛋白水平研究阳性基因编辑后代大豆植株对SMV的抗病情况，以期筛选出一批抗SMV大豆材料。本发明在大豆SMV抗性机制的研究和抗病育种中具有重要的理论意义和实用价值。",,,,,,,
KR401594367,1020210176714,Republic of Korea,10.12.2021,1020230087978,19.06.2023,A,"A01H 6/20
					






A01H 1/02
					






A01H 1/06
					






C12N 15/113
					






C12N 15/82
					






C12N 9/22
					






View more classifications
							






A01H 6/20
					






A01H 1/02
					






A01H 1/06
					






C12N 15/113
					






C12N 15/82
					






C12N 9/22
					






C12P 17/06
					






View less classifications","A01H 6/20
					






A01H 1/02
					






A01H 1/06
					






C07K 14/415
					






C12N 15/113
					






C12N 15/8205
					






View more classifications
							






A01H 6/20
					






A01H 1/02
					






A01H 1/06
					






C07K 14/415
					






C12N 15/113
					






C12N 15/8205
					






C12N 15/8242
					






C12N 9/22
					






C12P 17/06
					






C12N 2310/20
					






View less classifications",대한민국(농촌진흥청장)REPUBLIC OF KOREA(MANAGEMENT : RURAL DEVELOPMENT ADMINISTRATION),BEOM GI KIMSANGKYU PARKHYO LEE김범기KIM JIN A박상규LEE SAET BUYL이효LEE JONG YEOL김진아SANG HOON LEE이샛별LEE EUN YOUNG이종렬CHAN JU LIM이상훈JINPYO OH이은영임찬주오진표,특허법인(유)화우,"(EN) METHOD FOR PRODUCING PLANTS PRODUCING DIHYDROKAEMPFEROL USING CRISPR/CAS9 SYSTEM(KO) CRISPR/Cas9 시스템을 이용한, 디하이드로켐페롤을 생산하는 식물 제조방법","(EN) The present invention relates to a transgenic plant producing dihydrokaempferol containing mutants of BrFLS1 genes, a producing method of the transgenic plant, a guide RNA for editing BrFLS1 gene, a recombinant vector for editing BrFLS1 gene, a composition for editing BrFLS1 gene containing the guide RNA or the recombinant vector, a genetic editing method comprising a step of introducing the composition for editing BrFLS1 gene containing the guide RNA or the recombinant vector into a plant, and a transgenic plant having the composition introduced thereto. The guide RNA of the present invention can target specifically the BrFLS1 genes, and accordingly, the present invention can introduce the guide RNA into the CRISPR/Cas9 system to provide plants capable of producing dihydrokaempferol. COPYRIGHT KIPO 2024(KO) 본 발명은 BrFLS1 유전자의 돌연변이를 포함하는, 디하이드로켐페롤을 생산하는 형질전환 식물, 상기 형질전환 식물의 제조방법, BrFLS1 유전자 교정용 가이드 RNA, BrFLS1 유전자 교정용 재조합 벡터, 상기 가이드 RNA 또는 재조합 벡터를 포함하는 BrFLS1유전자 교정용 조성물, 상기 가이드 RNA 또는 재조합 벡터를 포함하는 BrFLS1유전자 교정용 조성물을 식물에 도입하는 단계를 포함하는 유전자 교정 방법 및 상기 조성물이 도입된 형질전환 식물에 관한 것이다.
본 발명의 가이드 RNA는 BrFLS1 유전자를 특이적으로 표적할 수 있는 바, 이러한 가이드 RNA를 CRISPR/Cas9 시스템에 도입하여 디하이드로켐페롤을 생산하는 식물을 제공할 수 있다.",,,,,,,
CN233992055,201810590143,China,08.06.2018,108753813,06.11.2018,B,"C12N 15/82
					






C12N 9/22
					






A01H 5/00
					






A01H 6/46
					






A01H 6/82
					






A01H 6/00
					








C12N 15/82
					






C12N 9/22
					






A01H 5/00
					






A01H 6/46
					






A01H 6/82
					






A01H 6/00
					






View less classifications","C12N 9/22
					






C12N 15/8213
					








C12N 9/22
					






C12N 15/8213
					






View less classifications",CHINA NATIONAL RICE RESEARCH INSTITUTE中国水稻研究所,WANG KEJIAN王克剑WANG JUNJIE王俊杰,北京康信知识产权代理有限责任公司 11240北京康信知识产权代理有限责任公司 11240,(EN) Method for obtaining label-free transgenic plant(ZH) 获得无标记转基因植物的方法,"(EN) The invention discloses a method for obtaining label-free transgenic plant. The method is implemented by a CRISPR/Cas9 or CRISPR/ Cpf1 system, and a vector of the CRISPR/Cas9 or CRISPR/Cpf1 system comprises a gene edited protein gene, a sgRNA of targeting the vector and a specific temporal and spatial expression gene promoter. The specific temporal and spatial expression gene promoter is not expressed during callus period, and the gene edited protein gene is expressed after genetic transformation is completed. The method provided by the invention has simple operation, and mainly aims at cropsor economic plants, especially plants that are perennial and vegetative propagated; large fragments of transgenic components are lost by splicing the vector, and the significance is great.(ZH) 本发明公开了一种获得无标记转基因植物的方法。该方法通过CRISPR/Cas9或CRISPR/Cpf1系统实现，CRISPR/Cas9或CRISPR/Cpf1系统的载体中包含基因编辑蛋白基因、靶向载体自身的sgRNA和特异时空表达基因启动子，特异时空表达基因启动子在愈伤组织时期不表达，待完成遗传转化后表达基因编辑蛋白基因。应用本发明的技术方案，操作简单，主要针对农作物或经济植物，尤其是多年生，无性繁殖的植物，通过剪切载体本身，产生大片段转基因成分的丢失，意义重大。",,,108753813,24.08.2021,,,
CN198388440,102017000094428,China,22.02.2017,106676131,17.05.2017,A,"C12N 15/82
					






A01H 5/00
					








C12N 15/82
					






A01H 5/00
					






View less classifications","C12N 15/8205
					








C12N 15/8205
					






View less classifications","QINGDAO INSTITUTE OF BIOENERGY AND BIOPROCESS TECHNOLOGY, CHINESE ACADEMY OF SCIENCES",FU CHUNXIANGZHANG HAILINGCAO YINGPINGSHANG CHENLI JIKAIWANG JIANLISUN DEQUANSHEN ZHONGBAO,,(EN) Method for generating alfalfa genome edited homozygous plant(ZH) 一种产生苜蓿基因组编辑纯合植株的方法,"(EN) The invention discloses a method for generating an alfalfa genome edited homozygous plant, and belongs to the technical field of plant genetic engineering. The method mainly comprises: establishing an alfalfa hairy root system; converting alfalfa on a CRISPR/Cas9 over-expression vector, and obtaining resistant hairy roots; quickly filtering a homozygous hairy root system having an alfalfa genome edited by a fixed point; establishing a hairy root regeneration system, and obtaining a genome edited homozygous alfalfa plant. The method is mainly used for solving the problems of large workload and long period for obtaining a CRISPR/Cas9 genome edited homozygous plant. By means of the method of the invention, an alfalfa genome edited homozygous hairy root system can be obtained within 1-2 months; all alfalfa plants obtained by regenerating the homozygous hairy root system are homozygous edited plants.(ZH) 本发明公开了一种产生苜蓿基因组编辑纯合植株的方法，属于植物基因工程技术领域。它的主要内容包括：苜蓿毛状根体系建立；将CRISPR/Cas9过表达载体转化苜蓿并获得抗性毛状根；快速筛选苜蓿基因组被定点编辑的纯合毛状根根系；建立毛状根再生体系并利用该体系获得基因组编辑纯合的苜蓿植株。主要用于解决CRISPR/Cas9基因组编辑纯合植株获得工作量大且周期长的难题。采用本发明的方法能够在1‑2个月内获得苜蓿基因组编辑纯合的毛状根根系；经纯合毛状根根系再生获得的苜蓿株系全部为纯合编辑的植株。",,,,,,,
CN428834917,202410135169,China,31.01.2024,117947091,30.04.2024,A,"C12N 15/84
					






C12N 9/88
					






C12N 15/60
					






C12N 5/10
					






C12N 15/113
					






C12N 9/22
					






View more classifications
							






C12N 15/84
					






C12N 9/88
					






C12N 15/60
					






C12N 5/10
					






C12N 15/113
					






C12N 9/22
					






A01H 5/00
					






A01H 6/54
					






View less classifications","C12N 15/8205
					






C12N 15/8218
					






C12N 15/8261
					






C12N 9/88
					






C12N 15/1137
					






C12N 9/22
					






View more classifications
							






C12N 15/8205
					






C12N 15/8218
					






C12N 15/8261
					






C12N 9/88
					






C12N 15/1137
					






C12N 9/22
					






C12N 2310/20
					






View less classifications","INSTITUTE OF CROP SCIENCE, CHINESE ACADEMY OF AGRICULTURAL SCIENCES中国农业科学院作物科学研究所",HOU WENSHENG侯文胜CHEN LI陈莉CAI YUPENG蔡宇鹏,北京纪凯知识产权代理有限公司 11245,(EN) Application of GmTPS2 protein and coding gene thereof in improvement of soybean plant type and yield traits(ZH) GmTPS2蛋白及其编码基因在改良大豆株型和产量性状中的应用,"(EN) The invention discloses application of a GmTPS2 protein and a coding gene thereof in improvement of soybean plant type and yield traits. The invention belongs to the technical field of biology, and relates to application of GmTPS2 protein and a coding gene thereof in improvement of soybean plant type and yield traits. GmTPS2 protein or an expression substance for regulating and controlling the gene or a substance for regulating and controlling the activity or content of the GmTPS2 protein is applied to regulate and control the soybean plant type, and the plant height, the plant node number, the single plant pod number and the grain number of the soybean can be increased by knocking out the GmTPS2 gene in the soybean. Therefore, the CRISPR/Cas9 mediated gene editing technology is used for carrying out specific target site-directed mutagenesis or knockout on the soybean plant type coding gene GmTPS2, a new way, a new method and a new material are provided for breeding of soybean varieties for improving the soybean plant type, and a positive effect is achieved for accelerating breeding of the soybean varieties for improving the soybean plant type.(ZH) 本发明公开了GmTPS2蛋白及其编码基因在改良大豆株型和产量性状中的应用。本发明属于生物技术领域，涉及GmTPS2蛋白及其编码基因在改良大豆株型和产量性状中的应用。通过应用GmTPS2蛋白或调控基因的表达物质或调控所述GmTPS2蛋白活性或含量的物质来调控大豆株型，在大豆中敲除GmTPS2基因可以增加大豆株高和植株节数，单株荚数和粒数。因此，利用CRISPR/Cas9介导的基因编辑技术对大豆株型编码基因GmTPS2进行特定靶点的定点突变或敲除，为改良大豆株型的大豆品种选育提供新途径、新方法和新材料，为加快改良株型大豆品种的选育具有积极的作用。",,,,,,,
CN353490314,202111204379,China,15.10.2021,114107373,01.03.2022,B,"C12N 15/84
					






C12N 15/29
					






C12N 15/55
					






A01H 5/10
					






A01H 5/00
					






A01H 6/20
					








C12N 15/84
					






C12N 15/29
					






C12N 15/55
					






A01H 5/10
					






A01H 5/00
					






A01H 6/20
					






View less classifications","C12N 15/8205
					






C12N 15/8218
					






C12N 15/8271
					






C07K 14/415
					






C12N 9/22
					








C12N 15/8205
					






C12N 15/8218
					






C12N 15/8271
					






C07K 14/415
					






C12N 9/22
					






View less classifications",SOUTH CHINA AGRICULTURE UNIVERSITY华南农业大学,HUANG XIAO黄晓LIU YILIN刘易林TAN HUIQIONG谭慧琼LI FAQIANG李发强,广州粤高专利商标代理有限公司 44102,(EN) Method for preparing arabidopsis autophagy gene mutant and application of arabidopsis autophagy gene mutant(ZH) 一种制备拟南芥自噬基因突变体的方法及应用,"(EN) The invention discloses a method for preparing an arabidopsis thaliana autophagy gene mutant and application of the arabidopsis thaliana autophagy gene mutant, the method is characterized in that in wild type arabidopsis thaliana, copy genes of ATG8 genes are silenced by using a CRISPR/Cas9 system, and the copy genes are ATG8a, ATG8b, ATG8c, ATG8d, ATG8e, ATG8f, ATG8g, ATG8h and ATG8i. The introduction is to reduce cyclic utilization of plant nutrients. According to the invention, multiple mutants of all ATG8 genes can be accurately and effectively knocked out in a relatively short time through a CRISPR/Cas9 gene editing technology, and a solid foundation is laid for subsequent research on functions of ATG8 gene families. The invention also provides application of the ATG8 gene in reduction of plant nutrition cyclic utilization, provides a new gene resource for cultivation of new plant varieties with efficient nutrition utilization, and has important application value in agricultural production.(ZH) 本发明公开了一种制备拟南芥自噬基因突变体的方法及应用，所述的方法为在野生型拟南芥中，使用CRISPR/Cas9系统沉默ATG8基因的拷贝基因，所述的拷贝基因为ATG8a、ATG8b、ATG8c、ATG8d、ATG8e、ATG8f、ATG8g、ATG8h和ATG8i。所述引用为降低植物营养循环利用。本发明通过CRISPR/Cas9基因编辑技术可以在较短时间内达到精确、有效地敲除全部ATG8基因的多突变体，为后续研究ATG8基因家族的功能奠定坚实基础。本发明还提供了ATG8基因在降低植物营养循环利用方面的应用，为培育营养高效利用的植物新品种提供了新的基因资源，在农业生产上具有重要的应用价值。",,,114107373,12.05.2023,,,
AU323947525,2019345788,Australia,26.09.2019,2019345788,02.04.2020,A1,"C12N 15/113
					






C12N 15/82
					








C12N 15/113
					






C12N 15/82
					






View less classifications","C12N 15/113
					






C12N 15/8213
					






C12N 15/8261
					






C07K 14/415
					






C12N 2310/20
					






C12N 2310/10
					








C12N 15/113
					






C12N 15/8213
					






C12N 15/8261
					






C07K 14/415
					






C12N 2310/20
					






C12N 2310/10
					






View less classifications","Oil Crops Research Institute, Chinese Academy of Agricultural Sciences","HUA, WeiZHANG, LiangZHENG, Ming",WRAYS PTY LTD,(EN) Method for knocking out BnMAX1 gene in Brassica napus L. using CRISPR-Cas9 system and application,"(EN) Provided are a method for knocking out BnMAX1 gene in Brassica napus L. using CRISPR-Cas9 system and an application, two sgRNAs of specifically targeting Brassica napus L. BnMAX1 gene are designed and synthesized into oligo dimer, which are connected with Cas9 carrier and introduced into hypocotyl callus of Brassica napus L. by Agrobacterium-mediated genetic transformation technology to regenerate into shoots, Cas9 nuclease cleaves target sequence under the guidance of sgRNA, each sgRNA can mediate the cleavage of the BnMAX1 gene on the A and C genomes through the CRISPR-cas9 system, achieving the purpose of knocking out gene. Phenotypic identification shows that homozygous mutant lines increase the number of branches and pod number per plant, decrease plant height and increase yield.",,"CN109266646

WO/2020/063775",,201811137314.0 27.09.2018 CN,,,
CN429514908,202410064977,China,16.01.2024,118028360,14.05.2024,A,"C12N 15/84
					






C12N 15/29
					






C07K 14/415
					






A01H 5/00
					






A01H 6/20
					








C12N 15/84
					






C12N 15/29
					






C07K 14/415
					






A01H 5/00
					






A01H 6/20
					






View less classifications","C12N 15/8273
					






C07K 14/415
					








C12N 15/8273
					






C07K 14/415
					






View less classifications",HENAN UNIVERSITY河南大学,ZHU YINGFANG祝英方GUO PENGCHENG郭鹏程,北京华际知识产权代理有限公司 11676,(EN) Application of AHL10 gene in negative regulation of plant salt tolerance(ZH) AHL10基因在负调控植物耐盐性中的应用,"(EN) The invention discloses application of an AHL10 gene in negative regulation of plant salt tolerance, the AHL10 gene is overexpressed by using an agrobacterium-mediated method to obtain an overexpressed AHL10 transgenic plant, an AHL10 gene knockout mutant is obtained by using a CRISPR-Cas9 system gene editing technology, and functional verification is performed on a strain. The effect of the AHL10 gene in plant salt tolerance is clarified from the biological function, and a theoretical basis and gene resources are provided for crop stress resistance molecular breeding. The overexpression of the AHL10 reduces the salt tolerance of the plant, and the salt tolerance of the AHL10 mutant is improved, which shows that the AHL10 gene plays an important role in plant salt stress response.(ZH) 本发明公开了一种AHL10基因在负调控植物耐盐性中的应用，本发明利用农杆菌介导的方法过量表达AHL10基因获得超表达AHL10转基因植物以及利用CRISPR‑Cas9系统基因编辑技术获得AHL10基因敲除突变体，并对株系进行功能验证，从生物学功能上阐明AHL10基因在植物耐盐中的作用，为作物抗逆分子育种提供理论基础和基因资源。过量表达AHL10降低了植物的耐盐性，而AHL10突变体的耐盐性提高，这体现了AHL10基因在植物盐胁迫响应中具有重要作用。",,,,,,,
,,,,,,,,,,,,,,,,,,,,
CN241110817,201910097279,China,31.01.2019,109554381,02.04.2019,B,"C12N 15/54
					






C12N 9/12
					






C12N 15/82
					






A01H 5/00
					






A01H 6/46
					








C12N 15/54
					






C12N 9/12
					






C12N 15/82
					






A01H 5/00
					






A01H 6/46
					






View less classifications","C12N 9/1205
					






C12N 15/8213
					






C12N 15/8282
					








C12N 9/1205
					






C12N 15/8213
					






C12N 15/8282
					






View less classifications",FUJIAN AGRICULTURE AND FORESTRY UNIVERSITY福建农林大学,LU GUODONG鲁国东WANG MO王莫SUN PENG孙鹏LIN YAHONG林娅红ZHU KUNPENG朱昆鹏WANG ZONGHUA王宗华,福州元创专利商标代理有限公司 35100,(EN) Oryza sativa gene OsGE61 and application thereof to resistance to piricularia oryzae(ZH) 水稻基因OsGE61及其在水稻抗稻瘟病中的应用,"(EN) The invention provides an oryza sativa gene OsGE61 and an application thereof to resistance to piricularia oryzae. The length of an open reading frame of the gene is 1884bp, and receptoroid protein kinase is coded and consists of 627 amino acids. The oryza sativa gene OsGE61is knocked out by a CRISPR/Cas9 method, wild type plants and plants of which mutants are knocked out are respectively subjected to magnaporthe oryzae inoculation experiment, the result shows that after the OsGE61 is knocked out, the resistance of oryza sativa plants to the magnaporthe oryzae is obviously improved, and the gene can be used for breeding or cultivating relevant disease-resistant varieties.(ZH) 本发明提供了一种水稻基因OsGE61及其抗稻瘟病的应用，该基因的开放阅读框长1884bp，编码一种类受体蛋白激酶，由627个氨基酸组成。本发明采用CRISPR/Cas9的方法对水稻基因OsGE61进行敲除，分别对野生型和敲除突变体植株进行稻瘟病菌接种实验，结果显示，敲除OsGE61明显提高了水稻植株对稻瘟病菌的抗性，表明该基因可用于选育或培育相关的抗病品种。",,,109554381,04.09.2020,,,
CN428739930,202410057940,China,16.01.2024,117924445,26.04.2024,A,"C07K 14/415
					






C12N 15/29
					






C12N 15/82
					






A01H 6/82
					






A01H 5/00
					








C07K 14/415
					






C12N 15/29
					






C12N 15/82
					






A01H 6/82
					






A01H 5/00
					






View less classifications","C07K 14/415
					






C12N 15/8273
					






C12N 15/8218
					








C07K 14/415
					






C12N 15/8273
					






C12N 15/8218
					






View less classifications",SOUTHWEST UNIVERSITY西南大学,LI JINHUA李金华YAN QINGXIA颜庆霞TANG MIN唐敏DING YIN丁寅HOU HUIFANG侯慧芳WU LANG吴浪PAN YU潘宇ZHANG XINGGUO张兴国,北京智为时代知识产权代理事务所(普通合伙) 11498北京智为时代知识产权代理事务所(普通合伙) 11498,(EN) Tomato SlBTB6 gene and application thereof in improving drought and high temperature tolerance of plants(ZH) 番茄SlBTB6基因及其在提高植物干旱和高温耐受性中的应用,"(EN) The invention belongs to the field of plant molecular biology, and particularly relates to a tomato SlBTB6 gene and application thereof in improving drought and high temperature tolerance of plants. According to the invention, tomato SlBTB6 is cloned, and the gene encodes 287 amino acids. Expression mode analysis finds that the gene is mainly expressed in roots, flowers and fruits of tomatoes, and the gene is induced to express by drought, high salt, high temperature, low temperature and hormones (ABA, JA, BR and MV). According to the invention, an overexpression (OE) vector and a CRISPR-Cas9 knockout vector are constructed and are transferred into common tomato AC (S.lycopersicum cv.Ailsa Craig) through an agrobacterium tumefaciens-mediated genetic transformation method, and the result shows that the drought tolerance of the tomato is reduced by overexpression of the SlBTB6, the drought tolerance of the plant is improved by knocking out the SlBTB6, the high-temperature tolerance of the SlBTB6 overexpression tomato plant is reduced, and the drought tolerance of the tomato plant is improved by knockout of the SlBTB6. The CRISPR knockout plant improves the tolerance of the plant to high temperature, which indicates that the SlBTB6 is a negative regulation factor of high temperature and drought.(ZH) 本发明属于植物分子生物学领域，具体涉及番茄SlBTB6基因及其在提高植物干旱和高温耐受性中的应用。本发明克隆了番茄SlBTB6，该基因编码287个氨基酸。表达模式分析发现该基因主要在番茄根部、花和果实中表达，该基因受干旱、高盐、高温、低温及激素(ABA，JA，BR，MV)诱导表达。本发明构建了超量表达(OE)载体和CRISPR‑Cas9敲除载体，通过农杆菌介导的遗传转化法将其转入到普通番茄AC(S.lycopersicum cv.Ailsa Craig)中，结果显示SlBTB6超量表达降低了番茄的耐旱性，敲除SlBTB6使得植株对干旱的耐受性提高，SlBTB6超表达番茄植株降低了高温耐受性，CRISPR敲除植株提高了植株对高温的耐受性，表明SlBTB6是高温和干旱的负调控因子。",,,,,,,
CA312299937,3099645,Canada,30.05.2019,3099645,05.12.2019,A1,"C12N 15/82
					






A01H 6/20
					






A01H 1/00
					






A01H 4/00
					






A01H 5/00
					






C12N 5/10
					






View more classifications
							






C12N 15/82
					






A01H 6/20
					






A01H 1/00
					






A01H 4/00
					






A01H 5/00
					






C12N 5/10
					






C12N 9/22
					






C12N 15/11
					






C12N 15/53
					






View less classifications","A01H 5/12
					






A01H 5/10
					






C12N 15/8207
					






A01H 6/20
					






A01H 4/005
					






A01H 5/00
					








A01H 5/12
					






A01H 5/10
					






C12N 15/8207
					






A01H 6/20
					






A01H 4/005
					






A01H 5/00
					






View less classifications","PIONEER HI-BRED INTERNATIONAL, INC.","CHARNE, DAVID GEORGECHEN, WENPINGILLESPIE, JAMES BRENTJETTY, SIVA S AMMIRAJULIU, ZHAN-BINZASTROW-HAYES, GINA MARIE",,(EN) CRISPR/CAS SYSTEM FOR EDITING BRASSICA GENOME(FR) SYSTEME CRISPR-CAS POUR MODIFIER LE GENOME BRASSICA,"(EN) Systems and methods for editing plant genomes include systems and methods for transforming plants generally, and brassica plants particularly, with genome editing systems including CRISPR-Cas. Systems and methods for editing plant genomes include systems and methods for transforming Brassica microspores with genome editing systems and culturing the plant microspores that increase genome editing frequency.(FR) Des systèmes et des procédés pour éditer des génomes de plantes comprennent des systèmes et des procédés pour transformer des plantes de manière générale, et des plantes de brassica, en particulier, avec des systèmes d'édition du génome comprenant des CRISPR-Cas. Des systèmes et des procédés pour éditer des génomes de plantes comprennent des systèmes et des procédés pour transformer des microspores de Brassica avec des systèmes d'édition du génome et cultiver les microspores de plantes, qui augmentent la fréquence d'édition du génome.",,"WO/2019/232136

AU2019277388

EP3829292

US20210207153

RU2020143335

UAa202008362This application is not viewable in PATENTSCOPE because the national phase entry has not been published yet or the national entry is issued from a country that does not share data with WIPO or there is a formatting issue or an unavailability of the application.",,"62/679,337 01.06.2018 US",,,
,,,,,,,,,,,,,,,,,,,,
CN405935360,202211374705,China,04.11.2022,116515885,01.08.2023,A,"C12N 15/82
					






C12N 15/113
					






C12N 15/55
					






C12Q 1/6895
					






A01H 4/00
					






A01H 5/00
					






View more classifications
							






C12N 15/82
					






C12N 15/113
					






C12N 15/55
					






C12Q 1/6895
					






A01H 4/00
					






A01H 5/00
					






A01H 6/46
					






View less classifications","C12N 15/8218
					






C12N 15/8205
					






C12N 15/8261
					






C12N 15/113
					






C12N 9/22
					






C12Q 1/6895
					






View more classifications
							






C12N 15/8218
					






C12N 15/8205
					






C12N 15/8261
					






C12N 15/113
					






C12N 9/22
					






C12Q 1/6895
					






A01H 4/005
					






C12N 2310/20
					






C12Q 2600/13
					






C12Q 2600/156
					






View less classifications",GUIZHOU RICE RESEARCH INSTITUTE贵州省水稻研究所,LONG WUHUA龙武华JIANG XUE姜雪LI ZUJUN李祖军WU CHAOXIN吴朝昕ZHU SUSONG朱速松,贵阳中新专利商标事务所 52100贵阳中新专利商标事务所 52100,(EN) Method for creating novel germplasm of fragrant glutinous rice(ZH) 一种创制香禾糯新种质的方法,"(EN) The invention discloses a method for creating a new germplasm of fragrant rice glutinous rice. The method comprises the following steps: selecting a gene RAE2 with a function missing to generate short awny or awnless gene and selecting a gene SD1 with a function missing to generate a semi-dwarf phenotype; the method comprises the following steps: selecting editing sites of genes RAE2 and SD1, and constructing a CRISPR/Cas9 gene editing vector; the CRISPR/Cas9 vector is introduced into the callus, T0-generation transgenic plants are obtained through resistance screening and differentiation culture, and T0-generation transgenic positive plants are screened through amplification vector DNA fragments; amplifying the target site DNA of the T0-generation positive plant, carrying out TA cloning sequencing, and screening a mutant strain of which the functional gene is knocked out; and carrying out selfing on the T0-generation mutant strain to obtain a T2 strain, and screening an improved strain in which the awn length gene RAE2 and the semi-dwarf gene SD1 are subjected to homozygous mutation. By means of the new germplasm obtained through the CRISPR/Cas9 gene editing technology in the related technology, the plant height and awn length characters are obviously reduced.(ZH) 本发明公开了一种创制香禾糯新种质的方法，该方法包括：选择功能缺失产生短芒或无芒的基因RAE2和选择功能缺失产生半矮秆表型的基因SD1；选择基因RAE2和SD1的编辑位点，构建CRISPR/Cas9基因编辑载体；将CRISPR/Cas9载体导入愈伤组织，通过抗性筛选和分化培养得到T<subgt;0</subgt;代转基因植株，并通过扩增载体DNA片段筛选T<subgt;0</subgt;代转基因阳性植株；扩增T<subgt;0</subgt;代阳性植株的靶位点DNA，TA克隆测序，筛选功能基因敲除的突变株系；T<subgt;0</subgt;代突变株系自交获得T<subgt;2</subgt;株系，筛选芒长基因RAE2和半矮秆基因SD1发生纯合突变的改良株系。通过本申请解决相关技术中通过CRISPR/Cas9基因编辑技术得到的新种质，明显降低株高和芒长性状。",,,,,,,
CN428738112,202410081766,China,19.01.2024,117925693,26.04.2024,A,"C12N 15/82
					






C12N 9/10
					






C12N 15/54
					






A01H 5/00
					






A01H 6/54
					








C12N 15/82
					






C12N 9/10
					






C12N 15/54
					






A01H 5/00
					






A01H 6/54
					






View less classifications","C12N 15/8261
					






C12N 15/8218
					






C12N 15/8205
					






C12Y 204/01015
					






C12N 9/1051
					








C12N 15/8261
					






C12N 15/8218
					






C12N 15/8205
					






C12Y 204/01015
					






C12N 9/1051
					






View less classifications","INSTITUTE OF CROP SCIENCE, CHINESE ACADEMY OF AGRICULTURAL SCIENCES中国农业科学院作物科学研究所",CHEN LI陈莉HOU WENSHENG侯文胜CAI YUPENG蔡宇鹏,北京纪凯知识产权代理有限公司 11245,(EN) Application of GmTPS1 protein and coding gene thereof in improvement of soybean plant type character and yield(ZH) GmTPS1蛋白及其编码基因在改良大豆株型性状和产量中的应用,"(EN) The invention discloses application of GmTPS1 protein and a coding gene thereof in improvement of soybean plant type characters and yield. The invention belongs to the technical field of biology, and relates to application of GmTPS1 protein and a coding gene thereof to improvement of soybean plant type characters and yield. The invention provides application of a GmTPS1 protein or an expression substance for regulating a gene of the GmTPS1 protein or a substance for regulating activity or content of the GmTPS1 protein in regulation of a plant type. The amino acid sequence of the GmTPS1 protein is SEQ ID No.3. The CRISPR/Cas9 mediated gene editing technology is utilized to perform specific target site-directed mutagenesis or knockout on the soybean plant type coding gene GmTPS1, a new material is provided for breeding of soybean varieties for improving the soybean plant type, and a positive effect is achieved for accelerating breeding of the soybean varieties for improving the soybean plant type.(ZH) 本发明公开了GmTPS1蛋白及其编码基因在改良大豆株型性状和产量中的应用。本发明属于生物技术领域，涉及GmTPS1蛋白及其编码基因在改良大豆株型性状和产量中的应用。本发明提供了GmTPS1蛋白或调控其基因的表达物质或调控其活性或含量的物质在调控植物株型中的应用，GmTPS1蛋白是氨基酸序列是SEQ ID No.3。本发明利用CRISPR/Cas9介导的基因编辑技术对大豆株型编码基因GmTPS1进行特定靶点的定点突变或敲除，为改良大豆株型的大豆品种选育提供新材料，为加快改良株型大豆品种的选育具有积极的作用。",,,,,,,
CN432991868,202410596625,China,14.05.2024,118240046,25.06.2024,A,"C07K 14/415
					






C07K 14/405
					






C12N 15/29
					






C12N 15/31
					






C12N 15/82
					






C12N 1/13
					






View more classifications
							






C07K 14/415
					






C07K 14/405
					






C12N 15/29
					






C12N 15/31
					






C12N 15/82
					






C12N 1/13
					






A01H 5/00
					






A01H 6/20
					






C12Q 1/6895
					






C12R 1/89
					






View less classifications","C07K 14/415
					






C07K 14/405
					






C12N 15/8273
					






C12Q 1/6895
					






C12R 2001/89
					






C12Q 2600/13
					






View more classifications
							






C07K 14/415
					






C07K 14/405
					






C12N 15/8273
					






C12Q 1/6895
					






C12R 2001/89
					






C12Q 2600/13
					






C12Q 2600/158
					






View less classifications",HAINAN UNIVERSITY海南大学,GAN QINHUA甘琴华LI GUOGUO李果果AN QIER安琪尔ZENG ZIXI曾子兮WANG XU王旭ZHANG SHUYAN张书言,北京集佳知识产权代理有限公司 11227,(EN) Application of RecQ-mediated genome unstable protein 1 in regulation and control of plant salt tolerance(ZH) RecQ介导的基因组不稳定蛋白1在调控植物耐盐性中的应用,"(EN) The invention relates to the field of gene engineering, in particular to application of RecQ-mediated genome unstable protein 1 in regulation and control of plant salt tolerance. Research finds that RecQ-mediated genome unstable protein 1 (RMI1) or a coding gene thereof can be used for regulating the salt tolerance of plants, through CRISPR/Cas9 gene knockout, a mutant of a nannochloropsis oculata RMI1 gene and a mutant of an RMI1 gene of arabidopsis thaliana Columbia type col-0 show remarkably improved salt tolerance, and the RMI1 gene can be used for regulating the salt tolerance of the plants. Species universality and application prospects for improving salt tolerance by controlling the gene are disclosed, and an important solution is provided for genetic improvement of plant germplasm resources.(ZH) 本发明涉及基因工程领域，尤其涉及RecQ介导的基因组不稳定蛋白1在调控植物耐盐性中的应用。本发明的研究发现RecQ介导的基因组不稳定蛋白1（RMI1）或其编码基因能够用于调节植物的耐盐性能，通过CRISPR/Cas9基因敲除，获得的微拟球藻RMI1基因的突变体和拟南芥哥伦比亚型col‑0的RMI1基因的突变体，表现出显著提高的耐盐性，揭示了通过操控该基因提高耐盐性的物种普适性和应用前景，为植物种质资源的遗传改良提供了重要的解决方向。",,,,,,,
CN417839298,202311343209,China,17.10.2023,117210477,12.12.2023,A,"C12N 15/54
					






C12N 9/12
					






C12N 15/82
					






A01H 5/00
					






A01H 6/46
					








C12N 15/54
					






C12N 9/12
					






C12N 15/82
					






A01H 5/00
					






A01H 6/46
					






View less classifications","Y02A 40/146
					








Y02A 40/146
					






View less classifications",FUJIAN AGRICULTURE AND FORESTRY UNIVERSITY福建农林大学,LU GUODONG鲁国东LI YA李亚WANG ZONGHUA王宗华LIN YAHONG林娅红WANG WENCONG王文枞QI PENGFEI戚鹏飞HE QINGFENG何庆峰,厦门原创专利事务所(普通合伙) 35101,(EN) Rice gene OsWAK74 and application thereof in rice blast resistance of rice(ZH) 水稻基因OsWAK74及其在水稻抗稻瘟病中的应用,"(EN) The invention discloses a rice gene OsWAK74 and application thereof in rice blast resistance of rice, the length of an open reading frame of the gene is 2091 bp, and the gene can encode a cell wall associated receptor-like protein kinase; according to the scheme, the rice gene OsWAK74 is knocked out by adopting a CRISPR/Cas9 method, a magnaporthe oryzae inoculation experiment is respectively carried out on a wild type plant and a mutant knockout plant, and the result shows that the resistance of the rice plant to the rice blast is obviously improved after the rice gene OsWAK74 is mutated, so that the gene can be used for breeding or cultivating related disease-resistant varieties.(ZH) 本发明公开了水稻基因OsWAK74及其在水稻抗稻瘟病中的应用，该基因的开放阅读框长2091bp，其可编码一种细胞壁关联的类受体蛋白激酶；本发明方案采用CRISPR/Cas9的方法对水稻基因OsWAK74进行敲除，分别对野生型和敲除突变体植株进行稻瘟病菌接种实验，结果显示，水稻基因OsWAK74突变后明显提高了水稻植株对稻瘟病的抗性，表明该基因可用于选育或培育相关的抗病品种。",,,,,,,
CN279822863,201911049758,China,31.10.2019,110577956,17.12.2019,A,"C12N 15/29
					






C12N 15/82
					






C07K 14/415
					






A01H 5/00
					






A01H 6/54
					








C12N 15/29
					






C12N 15/82
					






C07K 14/415
					






A01H 5/00
					






A01H 6/54
					






View less classifications","C07K 14/415
					






C12N 15/8218
					






C12N 15/8273
					








C07K 14/415
					






C12N 15/8218
					






C12N 15/8273
					






View less classifications",JILIN AGRICULTURAL UNIVERSITY吉林农业大学,LIU SIYAN刘思言GUAN SHUYAN关淑艳QU JING曲静YAO DAN姚丹LIU HUIJING刘慧婧JIANG YUAN江源LI GUANGLONG李广隆LU ZHONGSHUANG鲁中爽WANG RUI王蕊LIU JINFENG刘金凤HU SHAOWANG胡绍旺LIU YIXUAN刘宜萱CONG QIYAO丛琪瑶ZHANG XUNING张旭宁LU DA逯达,长春众邦菁华知识产权代理有限公司 22214,(EN) Soybean sHSP26 gene and application thereof(ZH) 大豆sHSP26基因及其应用,"(EN) The invention provides a soybean sHSP26 gene and application thereof, and belongs to the field of plant genetic engineering. The nucleotide sequence of the soybean sHSP26 gene is shown in SEQ ID NO.1.According to the soybean sHSP26 gene and application thereof, a soybean sHSP26 is cloned by using an RT-PRC technology, basic physical and chemical properties, the structural domain and the like of the gene are analyzed by bioinformatics, meanwhile, a plant over-expression vector and a CRISPR vector of the sHSP26 gene are successfully constructed for the first time, transgenic descendant strainsare obtained by genetic transformation, physiological and biochemical indexes and agronomic traits of transgenic offspring are subjected to statistics and analysis, the result shows that the activityof SOD and POD and the content of PRO of a soybean strain of a transgenic over-expression vector are all higher than that of check plants, the MDA content is lower than that of the check plants, the trend is more obvious especially after drought stress, and it is indicated that over-expression of the gene can improve the drought resistance ability of a transgenic soybean.(ZH) 本发明提供一种大豆sHSP26基因及其应用，属于植物基因工程领域。该基因的核苷酸序列如SEQ ID NO.1所示。本发明利用RT‑PCR技术克隆了大豆sHSP26，并对该基因的基本理化性质和结构域等进行了生物信息学分析，并同时首次成功构建了sHSP26基因的植物超表达载体和CRISPR载体，经遗传转化获得转基因后代株系，对转基因后代的生理生化指标和农艺性状进行统计和分析，结果显示转超表达载体的大豆株系的SOD和POD活性、PRO含量均高于对照植株，MDA含量低于对照植株，尤其在干旱胁迫后趋势更加明显，说明该基因的超量表达可以提高转基因大豆的抗旱能力。",,,,,,,
CN222366080,201711287309,China,07.12.2017,108165573,15.06.2018,B,"C12N 15/82
					








C12N 15/82
					






View less classifications","C12N 15/8213
					






C12N 15/09
					






C12N 15/11
					






C12N 15/63
					






C12N 15/66
					






C12N 15/82
					








C12N 15/8213
					






C12N 15/09
					






C12N 15/11
					






C12N 15/63
					






C12N 15/66
					






C12N 15/82
					






View less classifications","SHANGHAI INSTITUTES FOR BIOLOGICAL SCIENCES, CHINESE ACADEMY OF SCIENCES中国科学院分子植物科学卓越创新中心",ZHU JIANKANG朱健康WANG DONG王东HUA KAI华凯LIU ZHIHONG刘志红,上海一平知识产权代理有限公司 31266上海一平知识产权代理有限公司 31266,(EN) Chloroplast genome editing method(ZH) 叶绿体基因组编辑方法,"(EN) The invention provides a chloroplast genome editing method and specifically provides nucleic acid constructs subjected to plant genome designated editing based on a CRISPR technology, a carrier or carrier composition, and a chloroplast genome designated editing method. The nucleic acid constructs comprise a nucleic acid construct shown in the formula I and/or a nucleic acid construct shown in theformula II. The nucleic acid construct shown in the formula I contains a chloroplast localization signal peptide-nuclease expression box. The nucleic acid construct shown in the formula II contains anncRNA-sgRNA expression box. Nuclease and the corresponding sgRNA are introduced into a chloroplast so that the gene knockout is simply and efficiently carried out at the designated chloroplast genomesite or the homologous recombination and directed insertion of the exogenous fragment are carried out. The method can be used for improving the crop characters in the chloroplast genome level.(ZH) 本发明提供了叶绿体基因组编辑方法。具体地，本发明提供了基于CRISPR技术的植物基因组定点编辑的核酸构建物、载体或载体组合、以及植物基因组定点编辑方法。本发明的核酸构建物包括式I核酸构建物和/或式II核酸构建物，所述式I核酸构建物包含叶绿体定位信号肽‑核酸酶表达盒，所述的式II核酸构建物包含ncRNA‑sgRNA表达盒。利用本发明的方法,可以将核酸酶和对应的sgRNA导入叶绿体，从而在预定的叶绿体基因组位点，简便而高效地进行基因敲除、或者同源重组和外源片段的定向插入。本发明方法可用于从叶绿体基因组水平改良作物的性状。",2016111157496 07.12.2016 CN,,108165573,14.01.2022,,,
CN403993533,202310528568.X,China,11.05.2023,116497036,28.07.2023,A,"C12N 15/29
					






C12N 15/84
					






A01H 5/02
					






A01H 5/10
					






A01H 6/46
					








C12N 15/29
					






C12N 15/84
					






A01H 5/02
					






A01H 5/10
					






A01H 6/46
					






View less classifications","C07K 14/415
					






C12N 15/827
					






C12N 15/8261
					






C12N 15/8216
					






C12N 15/8205
					








C07K 14/415
					






C12N 15/827
					






C12N 15/8261
					






C12N 15/8216
					






C12N 15/8205
					






View less classifications",JILIN AGRICULTURAL SCIENCE AND TECHNOLOGY COLLEGE吉林农业科技学院,LANG HONG郎红JIANG MINGLIANG姜明亮,北京深川专利代理事务所(普通合伙) 16058,(EN) Application of knockout EIN2 gene in retarding seed shattering of weedy rice(ZH) 敲除EIN2基因在减缓杂草稻落粒中的应用,"(EN) The invention provides application of EIN2 gene knockout in retarding seed shattering of weedy rice, and belongs to the technical field of gene engineering. The ethylene insensitive mutant ein2 with weedy rice as the background is obtained through a CRISPR/Cas9 gene editing technology, and systematic phenotype observation and shattering related index determination are carried out on wild type and various transgenic rice materials to discover that an ein2 transgenic positive plant can slow down the phenotype of weedy rice shattering. Therefore, the method is of great significance to effective regulation and control of crop yield and effective management, seed shattering of the weedy rice can be reduced due to development of a future biotechnology, harm of the weedy rice to a farmland ecosystem can be reduced, and the method is of great significance to guarantee of grain safety.(ZH) 本发明提供了敲除EIN2基因在减缓杂草稻落粒中的应用，属于基因工程技术领域。本发明通过CRISPR/Cas9基因编辑技术获得了以杂草稻为背景的乙烯不敏感突变体ein2，通过对野生型和各转基因水稻材料进行系统的表型观察以及落粒相关指标的测定，发现ein2转基因阳性植株可减缓杂草稻落粒的表型。因此，本发明对于有效调控作物产量和有效管理具有重要意义，未来生物技术的发展将减少杂草稻的种子落粒，这将有助于减少杂草稻对农田生态系统的危害，对保障粮食安全具有重要意义。",,,,,,,
CN429065004,202410009066,China,03.01.2024,117965603,03.05.2024,A,"C12N 15/82
					






C12N 15/29
					






A01H 5/00
					






A01H 6/20
					








C12N 15/82
					






C12N 15/29
					






A01H 5/00
					






A01H 6/20
					






View less classifications","C12N 15/8282
					






C12N 15/8218
					






C07K 14/415
					








C12N 15/8282
					






C12N 15/8218
					






C07K 14/415
					






View less classifications","HUBEI UNIVERSITY湖北大学OIL CROPS RESEARCH INSTITUTE, CHINESE ACADEMY OF AGRICULTURAL SCIENCES中国农业科学院油料作物研究所",DU XUEZHU杜雪竹DUN XIAOLING顿小玲SHENG FENG盛锋YANG YIDAN杨一丹HUANG RONG黄绒ZHANG YAN张岩LUO QIAN罗倩,,(EN) Pectin methylesterase inhibiting factor BnPMEI8 gene for regulating and controlling sclerotinia rot resistance of brassica napus and application(ZH) 调控甘蓝型油菜菌核病抗性的果胶甲酯酶抑制因子BnPMEI8基因及应用,"(EN) The invention belongs to the technical field of plant genetic engineering, and particularly relates to a pectin methylesterase inhibiting factor BnPMEI8 gene for regulating and controlling sclerotiniose resistance of rape and application. The pectin methylesterase inhibiting factor BnPMEI8 gene which can enhance the host cell wall strength and is induced to express by sclerotinia sclerotiorum is screened, and the nucleotide sequence of the pectin methylesterase inhibiting factor BnPMEI8 gene is shown as SEQ ID NO: 1; the sequence of the protein coded by the gene is as shown in SEQ ID NO: 2. According to the method, a BnPMEI8-CRISPR/Cas9 knockout mutant strain is obtained by virtue of agrobacterium tumefaciens-mediated transformation. Sclerotinia sclerotiorum inoculation identification on a transgenic material finds that the sclerotinia sclerotiorum resistance of a BnPMEI8 mutant strain is enhanced, which indicates that the BnPMEI8 is a negative regulation factor of the sclerotinia sclerotiorum resistance of the rape and plays a negative regulation role in the sclerotinia sclerotiorum resistance of the rape, and the sclerotinia sclerotiorum resistance of the rape can be remarkably improved by lacking expression of the gene.(ZH) 本发明属于植物基因工程技术领域，具体涉及调控油菜对菌核病抗性的果胶甲酯酶抑制因子BnPMEI8基因及应用。筛选到一种能增强寄主细胞壁强度并受菌核病菌诱导表达的果胶甲酯酶抑制因子BnPMEI8基因，其核苷酸序列如SEQ ID NO:1所示；该基因编码的蛋白质序列如SEQ ID NO:2所示。利用农杆菌介导的转化，获得BnPMEI8‑CRISPR/Cas9敲除突变株系。对转基因材料进行核盘菌接种鉴定发现，BnPMEI8突变株系对菌核病抗性增强，表明BnPMEI8是油菜对菌核病抗性的负调控因子，在油菜菌核病抗性中起负向调控作用，缺量表达该基因，能显著提高油菜对菌核病的抗性。",,,,,,,
CN373577351,202210524176,China,14.05.2022,114958867,30.08.2022,B,"C12N 15/29
					






C07K 14/415
					






C12N 15/84
					






A01H 5/10
					






A01H 6/46
					






C12N 1/21
					






View more classifications
							






C12N 15/29
					






C07K 14/415
					






C12N 15/84
					






A01H 5/10
					






A01H 6/46
					






C12N 1/21
					






C12Q 1/6895
					






C12Q 1/6858
					






C12N 15/11
					






C12R 1/01
					






View less classifications","C07K 14/415
					






C12N 15/8261
					






C12Q 1/6895
					






C12Q 1/6858
					






C12Q 2600/13
					






C12Q 2600/156
					






View more classifications
							






C07K 14/415
					






C12N 15/8261
					






C12Q 1/6895
					






C12Q 1/6858
					






C12Q 2600/13
					






C12Q 2600/156
					






Y02A 40/146
					






View less classifications",HENAN AGRICULTURAL UNIVERSITY河南农业大学,TANG JIHUA汤继华FU ZHIYUAN付志远DING DONG丁冬LI WEIHUA李卫华WANG YAFEI王雅菲ZONG JUN宗军,郑州盈派知识产权代理事务所(普通合伙) 41196郑州盈派知识产权代理事务所(普通合伙) 41196,"(EN) Gene KWE2 for regulating and controlling grain weight and yield of corn ear as well as encoding protein, functional marker, expression vector and application of gene KWE2(ZH) 玉米穗粒重和产量调控基因KWE2、其编码蛋白、功能标记、表达载体及应用","(EN) The invention discloses a corn ear grain weight and yield regulation gene KWE2 as well as an encoding protein, a functional marker, an expression vector and application thereof. According to the invention, the KWE2 gene for controlling the grain weight and yield of corn ears is cloned, a functional nucleotide sequence causing differential expression of the KWE2 gene is identified, the functional molecular marker InDel1 is developed, and a utilization way is provided; on the other hand, CRISPR/Cas9 knockout is carried out on the KWE2 gene, a knockout mutant (KN5585 background) and an Mu insertion mutant (W22 background) are hybridized with a conventional inbred line, and the influence of the KWE2 gene on character expressions such as grain weight per spike, weight per hundred grains, yield and plant height is determined; based on homologous genes of corn KWE2 in rice and arabidopsis thaliana, corresponding knockout mutation is created, and the effect of improving the yield and the effect of enhancing heterosis performance on multiple important agronomic traits of corn KWE2 are defined; and a technical support is provided for improving the yield of various crops and adjusting the heterosis by utilizing the KWE2 gene.(ZH) 本发明公开了一种玉米穗粒重和产量调控基因KWE2、其编码蛋白、功能标记、表达载体及应用；本发明克隆了控制玉米穗粒重和产量的KWE2基因，并鉴定到导致KWE2基因差异表达的功能核苷酸序列，开发了其功能分子标记InDel1，提供了其利用途径；另一方面，对KWE2基因进行CRISPR/Cas9敲除，并利用敲除突变体（KN5585背景）和Mu插入突变体（W22背景）与常规自交系杂交，明确了KWE2基因对穗粒重、百粒重、产量、株高等性状表现的影响；并基于玉米KWE2在水稻、拟南芥中的同源基因，创制相应的敲除突变，明确其在多个重要农艺性状上对产量的提高作用和对杂种优势表现的增强作用；为利用KWE2基因提高多种农作物产量和调节杂种优势提供了技术支撑。",,,114958867,21.07.2023,,,
CN275671453,201910378397,China,08.05.2019,110343704,18.10.2019,B,"C12N 15/29
					






C12N 15/82
					






A01H 5/00
					






A01H 6/20
					








C12N 15/29
					






C12N 15/82
					






A01H 5/00
					






A01H 6/20
					






View less classifications","C07K 14/415
					






C12N 15/8213
					






C12N 15/827
					








C07K 14/415
					






C12N 15/8213
					






C12N 15/827
					






View less classifications","INSTITUTE OF BOTANY, THE CHINESE ACADEMY OF SCIENCES中国科学院植物研究所",LIU CHUNMING刘春明SONG XIUFEN宋秀芬WU SHENGYANG吴盛阳WANG MENG王萌,北京法信智言知识产权代理事务所(特殊普通合伙) 11737,(EN) AP1 gene mutant and method for adjusting and controlling flowering time of plant calyx and petals(ZH) AP1基因突变体及调控植物花萼和花瓣开放时间的方法,"(EN) The invention belongs to the field of agricultural biotechnology, and particularly relates to a method for adjusting and controlling flowering time of plant calyx and petals. The method for adjustingand controlling flowering time of plant calyx and petals comprises the steps of knocking out TCCATCAATGAG base of a plant AP1 gene, wherein the nucleotide sequence of the gene AP1 is shown as SEQID No.1. The transgenic plant is expressed that the sepal and petals are opened in advance before plant pollination, the sepal come off later after blossom pollination, besides, nutrient growth and reproductive growth are normal, and the number of floral organs and fertility are not influenced. Therefore, an application of a CRISPR-Cas9 system to editing the gene AP1 has great application value for plants which are difficult to hybridize and fertilize.(ZH) 本发明属于农业生物技术领域，具体涉及调控植物花萼和花瓣开放时间的方法。本发明的调控植物花萼和花瓣开放时间的方法，敲除植物AP1基因的TCCATCAATGAG碱基的步骤，其中，基因AP1的核苷酸序列如SEQ ID No.1所示。本发明的转基因植物表现为萼片及花瓣在植物授粉前提前张开、开花授粉后萼片脱落滞后，同时，其营养生长和生殖生长均表现正常，花器官数目和育性均不受任何影响。因此，本发明应用CRISPR‑Cas9系统编辑基因AP1对于杂交授粉困难的植物具有较大的应用价值。",,,110343704,11.12.2020,,,
CN441600512,202411144570,China,20.08.2024,118755886,11.10.2024,A,"C12Q 1/70
					






C12Q 1/6816
					






C12N 15/11
					






C12N 15/113
					






C12N 9/22
					






C12N 15/70
					






View more classifications
							






C12Q 1/70
					






C12Q 1/6816
					






C12N 15/11
					






C12N 15/113
					






C12N 9/22
					






C12N 15/70
					






C12R 1/94
					






C12R 1/19
					






View less classifications","C12Q 1/701
					






C12Q 1/6816
					






C12N 15/1131
					






C12N 9/22
					






C12N 15/70
					






C12R 2001/19
					






View more classifications
							






C12Q 1/701
					






C12Q 1/6816
					






C12N 15/1131
					






C12N 9/22
					






C12N 15/70
					






C12R 2001/19
					






C12N 2310/20
					






View less classifications",FUJIAN AGRICULTURE AND FORESTRY UNIVERSITY福建农林大学,LIN SHIQIANG林世强CHEN XUANYANG陈选阳YANG ZHIJIAN杨志坚HUANG BIFANG黄碧芳XU MING许明,福州元创专利商标代理有限公司 35100福州元创专利商标代理有限公司 35100,(EN) Method for detecting sweet potato SPVD virus disease by using CRISPR-Cas13a(ZH) 一种利用CRISPR-Cas13a检测甘薯SPVD病毒病的方法,"(EN) The invention discloses a method for detecting a sweet potato SPVD virus disease by using CRISPR-Cas13a. The method mainly comprises the following steps: expression and protein purification of an LwaCas13a gene, acquisition of guide RNA (Ribonucleic Acid), assembly of an LwaCas13a-sgRNA compound and detection of the sweet potato SPVD virus disease. According to the main principle, an LwaCas13a-sgRNA compound is constructed, after the gRNA in the LwaCas13a-sgRNA compound is used for specifically recognizing virus RNA, the function of Cas13a shearing RNA is started, a fluorescence signal is released, and the low-concentration virus RNA can be rapidly detected by detecting the fluorescence signal. The method is a novel method besides three sweet potato virus disease detection methods including an indicator plant grafting method, a PCR (Polymerase Chain Reaction) method and an ELISA (Enzyme-Linked Immunosorbent Assay), and has the advantages of short detection time, no need of reverse transcription, rapidness and high efficiency, and the lower limit of the detected virus concentration is equivalent to that of the PCR method.(ZH) 本发明公开了一种利用CRISPR‑Cas13a检测甘薯SPVD病毒病的方法，主要内容包括LwaCas13a基因的表达与蛋白纯化、guide RNA的获得、LwaCas13a‑sgRNA复合物组装、甘薯SPVD病毒病检测。主要原理是，构建LwaCas13a‑sgRNA复合物，利用其中的gRNA特异识别病毒RNA后，启动Cas13a剪切RNA的功能，释放荧光信号，经检测荧光信号，可快速检测低浓度的病毒RNA。该方法是继指示植物嫁接法、PCR法和ELISA三种甘薯病毒病检测方法之外的一种新方法，具有检测时间短、不需要逆转录、快速且高效的检测方法，检测的病毒浓度下限与PCR方法相当。",,,,,,,
US223782249,15873699,United States of America,17.01.2018,20180201944,19.07.2018,A1,"C12N 15/82
					






C12N 9/22
					






C12N 15/11
					








C12N 15/82
					






C12N 9/22
					






C12N 15/11
					






View less classifications","C12N 15/11
					






C12N 15/8209
					






C12N 2310/20
					






C12N 2800/80
					






C12N 9/22
					








C12N 15/11
					






C12N 15/8209
					






C12N 2310/20
					






C12N 2800/80
					






C12N 9/22
					






View less classifications","Noble Research Institute, LLC",Zengyu WangMiao Chen,,(EN) DNA-FREE GENOME EDITING AND SELECTION METHODS IN PLANTS,"(EN) 
Clustered regularly interspaced short palindromic repeats (CRISPR) and the CRISPR associated protein 9 (Cas9) offer an effective way of creating targeted mutagenesis in plants. To alleviate concerns related to genetically modified plants, the present disclosure provides a novel and efficient genome editing system that allows the regeneration of mutant plants without DNA stable integration. This DNA free system utilizes Cas9 mRNA, guide RNA and selectable marker RNA to infect plant protoplasts. After a short period of selection of the transfected cells, non-transgenic plants carrying expected mutations were regenerated. The system offers a way of creating desired mutants without transgenic elements.",,WO/2018/136547,,,,,
US372936152,17634132,United States of America,02.09.2019,20220275384,01.09.2022,A1,"C12N 15/82
					






C07K 14/415
					






C12N 9/22
					








C12N 15/82
					






C07K 14/415
					






C12N 9/22
					






View less classifications","C07K 14/415
					






C12N 15/8213
					






C12N 15/8218
					






C12N 15/8273
					






C12N 9/22
					








C07K 14/415
					






C12N 15/8213
					






C12N 15/8218
					






C12N 15/8273
					






C12N 9/22
					






View less classifications",PIONEER OVERSEAS CORPORATIONSINOBIOWAY BIO-AGRICULTURE GROUP CO. LTD.,GUIHUA LUGUANGWU CHENZANTANG LIJUNHUA LIUGUANFAN MAOYANLONG SHICHANGGUI WANGGUOKUI WANGYU ZHANG,,(EN) ABIOTIC STRESS TOLERANT PLANTS AND METHODS,"(EN) 
Provided are suppression DNA constructs and CRISPR/Cas9 DNA constructs are useful for conferring improved drought tolerance, yield. Compositions (such as plants or seeds) comprising these constructs; and methods utilize these constructs.",,"WO/2021/042228

CN114341359",,,,,
CN367895675,202011516665,China,21.12.2020,114644698,21.06.2022,B,"C07K 14/415
					






C12N 15/29
					






C12N 15/82
					






A01H 5/00
					






A01H 6/46
					








C07K 14/415
					






C12N 15/29
					






C12N 15/82
					






A01H 5/00
					






A01H 6/46
					






View less classifications","C07K 14/415
					






C12N 15/8261
					






Y02A 40/146
					








C07K 14/415
					






C12N 15/8261
					






Y02A 40/146
					






View less classifications",GENETIC AND DEVELOPMENTAL BIOLOGY RESEARCH INSTITUTE OF CHINESE ACADEMY OF中国科学院遗传与发育生物学研究所,LIANG YAN梁彦WANG YONGHONG王永红WU XIAOWEI武小伟YUAN YUNDONG袁运栋,北京纪凯知识产权代理有限公司 11245,(EN) Application of rice gene OsREM20 in regulation and control of grain number per ear and yield(ZH) 水稻基因OsREM20在调控穗粒数和产量中的应用,"(EN) The invention discloses application of a rice gene OsREM20 to regulation and control of grain number per ear and yield. The invention provides application of OsREM20 protein or related biological materials thereof in regulation and control of grain number per ear and yield of plants. A CRISPR-Cas9 method is applied to mutate the OsREM20 gene, and it is found that the OsREM20 gene can remarkably reduce the number of grains per ear, the number of grains per plant, the yield (g) of a single plant, the number of primary branches, the plant height and the ear length of rice; and overexpression of the OsREM20 gene can significantly increase the number of grains per ear, the number of grains per plant, the yield (g) of a single plant, the number of primary branches, the plant height and the ear length of the rice. Therefore, the OsREM20 gene plays an important role in regulating and controlling the grain number per ear of rice and increasing the yield, and has important significance for cultivating high-yield plant varieties.(ZH) 本发明公开了水稻基因OsREM20在调控穗粒数和产量中的应用。本发明提供了OsREM20蛋白或其相关生物材料在调控植物穗粒数和产量中的应用。本发明运用CRISPR‑Cas9的方法突变OsREM20基因，发现其能显著降低水稻的每穗粒数、每株粒数、单株产量(g)、一级枝梗数、株高、穗长；而过表达OsREM20基因则能够显著增加水稻的每穗粒数、每株粒数、单株产量(g)、一级枝梗数、株高、穗长。可见，OsREM20基因在调控水稻穗粒数和增产方面具有重要作用，本发明对于培育高产植物品种具有重要意义。",,,114644698,29.08.2023,,,
CN240129198,201811347473,China,13.11.2018,109468334,15.03.2019,A,"C12N 15/54
					






C12N 9/12
					






C12N 15/10
					






C12N 15/82
					






A01H 5/00
					






A01H 6/82
					








C12N 15/54
					






C12N 9/12
					






C12N 15/10
					






C12N 15/82
					






A01H 5/00
					






A01H 6/82
					






View less classifications","C12N 9/12
					






C12N 15/8243
					






C12Y 207/11
					








C12N 9/12
					






C12N 15/8243
					






C12Y 207/11
					






View less classifications",YUNNAN INSTITUTE OF TOBACCO AGRICULTURE SCIENCE云南省烟草农业科学研究院,GAO YULONG高玉龙LI MEIYUN李梅云WANG BINGWU王丙武SONG ZHONGBANG宋中邦JIAO FANGCHAN焦芳婵WU XINGFU吴兴富LI WENZHENG李文正ZHAO LU赵璐LI YONGPING李永平,昆明知道专利事务所(特殊普通合伙企业) 53116昆明知道专利事务所(特殊普通合伙企业) 53116,(EN) Tobacco protein kinase gene NtCIPK25-1 as well as cloning method and application thereof(ZH) 一种烟草蛋白激酶基因NtCIPK25-1及其克隆方法与应用,"(EN) The invention discloses a tobacco protein kinase gene NtCIPK25-1 as well as a cloning method and application thereof. The nucleotide sequence of the tobacco protein kinase gene NtCIPK25-1 is as shownin SEQ ID NO. 1, and the amino acid sequence of encoded protein is as shown in SEQ ID NO. 2. The cloning method comprises the steps: synthesis of cDNA of tobacco leaves, specifically, extracting totalRNA of the tobacco leaves, and performing reverse transcription to obtain a first strand of the cDNA; and PCR amplification of the NtCIPK25-1 gene, specifically, using the cDNA of the tobacco leavesas a template, designing a primer according to the NtCIPK25-1 gene sequence, performing PCR amplification, recycling and purifying PCR amplification products, and performing sequencing. The application is characterized in that the tobacco protein kinase gene NtCIPK25-1 is used for obtaining transgenic tobacco plants with the tobacco potassium content regulated. The cloned NtCIPK25-1 gene is subjected to functional identification through a CRISPR/CAS9 technology. The cloning and identification of the tobacco NtCIPK25-1 gene provides a novel gene target for regulating the potassium content of tobacco.(ZH) 本发明公开了一种烟草蛋白激酶基因NtCIPK25‑1及其克隆方法与应用；所述的烟草蛋白激酶基因NtCIPK25‑1核苷酸序列如SEQ ID NO：1所示；编码蛋白的氨基酸序列如SEQ ID NO：2所示；克隆方法包括烟草叶片cDNA合成：提取烟草叶片总RNA，反转录得到第一链cDNA；NtCIPK25‑1基因的PCR扩增：以烟草叶片cDNA为模板，根据NtCIPK25‑1基因序列设计引物，进行PCR扩增，回收和纯化PCR扩增产物，并测序。应用为所述的烟草蛋白激酶基因NtCIPK25‑1在获得调控烟草钾含量的转基因烟草植株中的应用。本发明利用CRISPR/CAS9技术对克隆的NtCIPK25‑1基因进行了功能鉴定。烟草NtCIPK25‑1基因的克隆鉴定为调控烟草钾含量提供了新的基因靶标。",,,,,,,
CN368035026,202011527929,China,22.12.2020,114657204,24.06.2022,B,"C12N 15/82
					






C12N 15/29
					






C07K 14/415
					






A01H 5/00
					






A01H 5/10
					






A01H 6/46
					








C12N 15/82
					






C12N 15/29
					






C07K 14/415
					






A01H 5/00
					






A01H 5/10
					






A01H 6/46
					






View less classifications","C12N 15/8218
					






C12N 15/8271
					






C07K 14/415
					








C12N 15/8218
					






C12N 15/8271
					






C07K 14/415
					






View less classifications",CHINESE AGRICULTURAL UNIVERSITY中国农业大学,YANG YONGQING杨永青GUO YAN郭岩LIU XIAO刘晓,北京纪凯知识产权代理有限公司 11245,(EN) Application of inhibiting expression of PAD1 and coding gene of PAD1 in regulation and control of plant stress tolerance(ZH) 抑制PAD1及其编码基因表达在调控植物耐逆性中的应用,"(EN) The invention discloses application of inhibiting expression of PAD1 and coding genes thereof in regulation and control of stress tolerance of plants. The invention provides a method for cultivating a transgenic plant sensitive to salt and alkali, which comprises the following steps of: 1) reducing the activity or content of protein in a target plant to obtain a transgenic plant of which the saline-alkaline resistance is lower than that of the target plant; 2) the method comprises the following steps: inhibiting the expression of DNA molecules for coding the protein in a target plant to obtain a transgenic plant of which the saline-alkaline resistance is lower than that of the target plant; 3) the method comprises the following steps: performing gene editing on DNA molecules for coding the protein in a target plant to terminate the translation of the protein in advance to obtain a transgenic plant of which the saline-alkaline resistance is lower than that of the target plant; according to the invention, a plant sensitive to salt and alkali is obtained by adopting a CRISPR-Cas9 gene editing technology.(ZH) 本发明公开了抑制PAD1及其编码基因表达在调控植物耐逆性中的应用。本发明提供一种培育对盐碱敏感转基因植物的方法，为如下1)或2)或3)：1)为包括如下步骤：降低目的植物中蛋白质活性或含量，得到耐盐碱性低于所述目的植物的转基因植物；2)为包括如下步骤：抑制目的植物中编码所述蛋白质的DNA分子的表达，得到耐盐碱性低于所述目的植物的转基因植物；3)为包括如下步骤：对目的植物中编码所述蛋白质的DNA分子进行基因编辑，使所述蛋白质翻译提前终止，得到耐盐碱性低于所述目的植物的转基因植物；本发明采用CRISPR‑Cas9基因编辑技术获得了盐碱敏感的植株。",,,114657204,02.06.2023,,,
US347660611,17290547,United States of America,01.11.2019,20220010321,13.01.2022,A1,"C12N 15/82
					






C12N 15/11
					






C12N 9/22
					








C12N 15/82
					






C12N 15/11
					






C12N 9/22
					






View less classifications","C12N 2310/20
					






C12N 15/8213
					






C12N 9/22
					






C12N 15/111
					








C12N 2310/20
					






C12N 15/8213
					






C12N 9/22
					






C12N 15/111
					






View less classifications",KEYGENE N.V.,Franck Georges Paul LHUISSIER,,(EN) DUAL GUIDE RNA FOR CRISPR/CAS GENOME EDITING IN PLANTS CELLS,"(EN) 
The invention pertains to a method for targeted modification of DNA in a plant cell, comprising a step of contacting the DNA with an RNA-guided CRISPR-system nuclease complex, wherein the complex comprises a crRNA and a tracrRNA as separate molecules. The invention further pertains to said RNA-guided CRISPR-system nuclease complex for targeting of DNA in a plant cell and kits comprising the RNA-guided CRISPR-system nuclease complex or constructs encoding the same.",18203919.8 01.11.2018 EP,"WO/2020/089448

EP3874048

JP2022505440",,,,,
CN326515741,202110257240.X,China,09.03.2021,112877331,01.06.2021,A,"C12N 15/113
					






C12N 15/84
					






C12N 15/55
					






C12N 15/29
					






A01H 5/10
					






A01H 6/46
					






View more classifications
							






C12N 15/113
					






C12N 15/84
					






C12N 15/55
					






C12N 15/29
					






A01H 5/10
					






A01H 6/46
					






C12Q 1/6895
					






C12N 15/11
					






View less classifications","C12N 15/8218
					






C12N 15/8245
					






C12N 9/22
					






C07K 14/415
					






C12Q 1/6895
					






C12Q 2600/156
					






View more classifications
							






C12N 15/8218
					






C12N 15/8245
					






C12N 9/22
					






C07K 14/415
					






C12Q 1/6895
					






C12Q 2600/156
					






C12Q 2600/13
					






View less classifications","INSTITUTE OF CROP SCIENCE, CHINESE ACADEMY OF AGRICULTURAL SCIENCES中国农业科学院作物科学研究所",XIE CHUANXIAO谢传晓LIU CHANGLIN刘昌林LI XINHAI李新海HUANG CHANGLING黄长玲LI LIANG黎亮ZHU JINJIE朱金洁QI XIANTAO祁显涛SUN SHANQIU孙善秋,北京路浩知识产权代理有限公司 11002,(EN) Method for creating high-amylose corn germplasm(ZH) 一种创制高直链淀粉玉米种质的方法,"(EN) The invention relates to the field of plant genetic engineering, in particular to a method for creating high-amylose corn germplasm. According to the invention, firstly, sgRNA for creating the high-amylose corn germplasm is designed, and the sgRNA comprises sgRNA1 of a specific targeting corn ZmSBEIIb gene with a sequence as shown in SEQ ID NO.1, and/or sgRNA2 of a specific target corn ZmSSSIII gene with a sequence as shown in SEQ ID NO. 2. The sgRNA and CRISPR/Cas9 knockout vector provided by the invention can be used for remarkably improving the knockout efficiency of the ZmSBEIIb gene and the ZmSSSIII gene of the corn. Meanwhile, after the high-amylose corn germplasm is created according to the method disclosed by the invention, the amylose content in the corn kernels can be remarkably improved, and popularization and application of the high-amylose corn germplasm in the fields of food coatings and packaging films are facilitated.(ZH) 本发明涉及植物基因工程领域，具体涉及一种创制高直链淀粉玉米种质的方法。本发明首先设计了用于创制高直链淀粉玉米种质的sgRNA，其包括：序列如SEQ ID NO.1所示的特异性靶向玉米ZmSBEIIb基因的sgRNA1；和/或，序列如SEQ ID NO.2所示的特异性靶向玉米ZmSSSIII基因的sgRNA2。本发明所提供的sgRNA和CRISPR/Cas9敲除载体可以显著提高玉米ZmSBEIIb和ZmSSSIII基因的敲除效率。同时，在按本发明中的方法创制高直链淀粉玉米种质后，可以显著提高玉米籽粒中的直链淀粉含量，有利于其在食品涂料和包装用薄膜领域中的推广应用。",,,,,,,
,,,,,,,,,,,,,,,,,,,,
US324126207,17078576,United States of America,23.10.2020,20210147861,20.05.2021,B2,"C12N 15/82
					






C12N 9/22
					






C12N 15/113
					








C12N 15/82
					






C12N 9/22
					






C12N 15/113
					






View less classifications","C12N 9/22
					






C12N 15/8218
					






C12N 15/113
					






C12N 2310/20
					








C12N 9/22
					






C12N 15/8218
					






C12N 15/113
					






C12N 2310/20
					






View less classifications","Pairwise Plants Services, Inc.",Nathaniel GrahamAaron HummelYongjoo KimJoseph Matthew Watts,"Myers Bigel, P.A.",(EN) Optimized CRISPR-Cas nucleases and base editors and methods of use thereof,"(EN) 
This invention relates to CRISPR-Cas nucleases codon optimized for expression in plants and nucleic acid constructs encoding base editors comprising a CRISPR-Cas nuclease and a deaminase domain, wherein the nucleic acid constructs are optimized for expression in a plant. The invention further relates to methods of modifying nucleic acids using the nucleic acid constructs.",,,11591607,28.02.2023,,,
US313890885,16610372,United States of America,03.05.2018,20200407737,31.12.2020,A1,"C12N 15/82
					








C12N 15/82
					






View less classifications","C12N 15/8213
					








C12N 15/8213
					






View less classifications",KWS SAAT SE & Co. KGaA,Aaron HUMMELZarir VAGHCHHIPAWALA,(EN) USE OF CRISPR-CAS ENDONUCLEASES FOR PLANT GENOME ENGINEERING,"(EN) 
The present invention relates to the use of CRISPR/CasX systems in plants for genome engineering, and compositions used in such methods.",,,,,,,,
,,,,,,,,,,,,,,,,,,,,
CN370196643,202210551831,China,20.05.2022,114752578,15.07.2022,B,"C12N 9/10
					






C12N 15/54
					






C12N 15/84
					






A01H 5/00
					






A01H 6/46
					








C12N 9/10
					






C12N 15/54
					






C12N 15/84
					






A01H 5/00
					






A01H 6/46
					






View less classifications","C12N 9/1007
					






C12N 15/8218
					






C12N 15/8282
					






C12N 15/8243
					






C12N 15/8205
					






C12Y 201/01232
					








C12N 9/1007
					






C12N 15/8218
					






C12N 15/8282
					






C12N 15/8243
					






C12N 15/8205
					






C12Y 201/01232
					






View less classifications",SHANDONG UNIVERSITY山东大学,WANG GUANFENG王官锋LI YAJIE李雅洁LIU MENGJIE刘孟洁,济南圣达知识产权代理有限公司 37221,"(EN) The invention discloses a corn naringenin methyltransferase gene ZmNOMT. The cDNA (complementary deoxyribonucleic acid) nucleotide sequence of the corn naringenin methyltransferase gene ZmNOMT is shown as SEQ ID No.1; the invention also discloses an application of improving the broad-spectrum disease resistance of plants and an application of improving the naringenin content by reducing the expression of the corn naringenin methyltransferase gene ZmNOMT. Experiments prove that through inoculation identification of pathogenic fungi of a ZmNOMT transgenic overexpression positive strain, it is found that the ZmNOMT overexpression positive strain shows a susceptible phenotype to various corn diseases, and it is proved that ZmNOMT is a new susceptible gene. Two target spots are designed for the ZmNOMT by further utilizing a CRISPR/CAS9 technology, gene editing is carried out on the ZmNOMT, and it is found that the naringenin content in a ZmNOMT editing strain is remarkably improved; the ZmNOMT edited strain is subjected to pathogenic bacterium inoculation identification, and the ZmNOMT edited strain shows broad-spectrum disease resistance to various corn fungal diseases. The invention provides a new gene, a new material and a new method for disease-resistant breeding of corn, and the application prospect is wide.(ZH) 本发明公开了一种玉米柚皮素甲基转移酶基因ZmNOMT，其cDNA核苷酸序列如SEQ IDNo.1所示；还公开了通过降低玉米柚皮素甲基转移酶基因ZmNOMT的表达以提高植物广谱抗病性的应用和提高柚皮素含量的应用。实验证实，通过对ZmNOMT转基因过表达阳性株系的病原真菌接种鉴定，发现ZmNOMT过表达阳性株系对多种玉米病害表现出感病表型，证明了ZmNOMT是一个新的感病基因。进一步利用CRISPR/CAS9技术，针对ZmNOMT设计两个靶点，对ZmNOMT进行基因编辑，发现ZmNOMT编辑株系中柚皮素含量显著提高；对ZmNOMT编辑株系进行病原菌接种鉴定，发现ZmNOMT编辑株系表现出对多种玉米真菌病害产生广谱抗病性。本发明为玉米的抗病育种提供了新基因、新材料和新方法，应用前景广阔。",,,,114752578,16.01.2024,,,
CN364577081,202210210202,China,04.03.2022,114540371,27.05.2022,B,"C12N 15/29
					






C12N 15/82
					






C07K 14/415
					






C12Q 1/6895
					






A01H 5/12
					






A01H 6/14
					








C12N 15/29
					






C12N 15/82
					






C07K 14/415
					






C12Q 1/6895
					






A01H 5/12
					






A01H 6/14
					






View less classifications","C07K 14/415
					






C12N 15/8218
					






C12N 15/8261
					






C12Q 1/6895
					






C12Q 2600/13
					






Y02P 60/21
					








C07K 14/415
					






C12N 15/8218
					






C12N 15/8261
					






C12Q 1/6895
					






C12Q 2600/13
					






Y02P 60/21
					






View less classifications",AGRICULTURAL UNIVERSITY IN CHINA华中农业大学,CHEN JIONGJIONG陈炯炯AN GUANGHUI安光辉WEN YUMING文育明,武汉宇晨专利事务所(普通合伙) 42001,"(EN) The invention belongs to the technical field of plant engineering, and discloses application of a lettuce LsNRL4 gene in control of lettuce leaf green depth and leaf included angle characters. The nucleotide sequence of the gene is as shown in SEQ ID NO. 1. The result of knocking out the LsNRL4 gene from the lettuce with the dark green leaf-lobular included angle through the CRISPR-Cas9 technology shows that the LsNRL4 gene with the lost function can enable the receptor lettuce to be changed into the lettuce with the light green leaf-large leaf included angle. The LsNRL4 gene is transformed into the lettuce with the light green leaf-large leaf included angle through agrobacterium tumefaciens mediation, and the result shows that the LsNRL4 can enable the receptor lettuce to be changed into the lettuce with the dark green leaf-small leaf included angle. The cloning of the LsNRL4 gene opens up a new direction for researching chloroplast development, chlorophyll synthesis and leaf included angle regulation of plants, and also provides gene resources and theoretical guidance for variety breeding of lettuce.(ZH) 本发明属于植物工程技术领域，公开了莴苣LsNRL4基因在控制莴苣叶绿色深浅和叶夹角性状中的应用。所述基因的核苷酸序列如SEQ ID NO.1所示。通过CRISPR‑Cas9技术在“深绿叶‑小叶夹角”莴苣中敲除LsNRL4基因的结果表明，丢失功能的LsNRL4基因能够使受体莴苣变为“浅绿叶‑大叶夹角”。通过农杆菌介导转化LsNRL4基因到“浅绿叶‑大叶夹角”莴苣，其结果表明，LsNRL4能够使受体莴苣变为“深绿叶‑小叶夹角”。LsNRL4基因的克隆为研究植物的叶绿体发育、叶绿素合成和叶夹角调控开辟了新的方向，同时也为莴苣的品种选育提供了基因资源和理论指导。",,,,114540371,17.10.2023,,,
CN369008391,202210261018,China,16.03.2022,114703216,05.07.2022,B,"C12N 15/82
					






C12N 15/84
					






C12N 15/29
					






A01H 6/14
					






A01H 5/00
					






C12Q 1/6895
					








C12N 15/82
					






C12N 15/84
					






C12N 15/29
					






A01H 6/14
					






A01H 5/00
					






C12Q 1/6895
					






View less classifications","C12N 15/8261
					






C12N 15/8205
					






C07K 14/415
					






C12Q 1/6895
					






C12Q 2600/13
					






C12Q 2600/156
					








C12N 15/8261
					






C12N 15/8205
					






C07K 14/415
					






C12Q 1/6895
					






C12Q 2600/13
					






C12Q 2600/156
					






View less classifications",HUAZHONG AGRICULTURAL UNIVERSITY华中农业大学,CHEN JIONGJIONG陈炯炯SUN PEINAN孙培楠ZHANG CHENGJUN章成君YU GUOPING俞国平,武汉宇晨专利事务所(普通合伙) 42001,"(EN) The invention belongs to the technical field of plant engineering, and discloses application of a lettuce LsWOX3L gene in control of existence of lettuce thorns, and the nucleotide sequence of the gene is shown as SEQ ID NO.1. The invention also discloses a preparation method of the lettuce LsWOX3L gene. The result of knocking out the LsWOX3L gene from the lettuce with thorny stems and veins through a CRISPR-Cas9 technology shows that the LsWOX3L gene with lost functions can change the phenotype of the receptor lettuce to be thornless. Further analysis shows that an inactivated CACTA-like transposon exists in the stingless cultivated lettuce and is inserted into the first exon of the LsWOX3L gene, so that the gene loses the original function. Cloning of the LsWOX3L gene opens up a new direction for research on development regulation of hairy bodies of plants, and meanwhile gene resources and theoretical guidance are provided for variety breeding of lettuce.(ZH) 本发明属于植物工程技术领域，公开了莴苣LsWOX3L基因在控制莴苣刺有无性状中的应用，所述基因的核苷酸序列如SEQ ID NO.1所示。通过CRISPR‑Cas9技术在茎和叶脉均多刺的莴苣中敲除LsWOX3L基因的结果表明，丢失功能的LsWOX3L基因能够使受体莴苣表型变为无刺。进一步分析表明在无刺的栽培莴苣中存在一个失活的CACTA‑like的转座子插入到LsWOX3L基因的第一个外显子上使该基因丧失原有功能。LsWOX3L基因的克隆为研究植物的毛状体的发育调控开辟了新的方向，同时也为莴苣的品种选育提供了基因资源和理论指导。",,,,114703216,28.04.2023,,,
CN431146990,202410476471,China,19.04.2024,118127072,04.06.2024,A,"C12N 15/82
					






C12N 15/29
					






C12N 15/113
					






C12N 15/55
					






C12N 15/11
					






A01H 5/00
					






View more classifications
							






C12N 15/82
					






C12N 15/29
					






C12N 15/113
					






C12N 15/55
					






C12N 15/11
					






A01H 5/00
					






A01H 6/82
					






View less classifications","C12N 15/8218
					






C12N 15/8273
					






C12N 15/113
					






C12N 9/22
					






C07K 14/415
					






C12N 2310/20
					








C12N 15/8218
					






C12N 15/8273
					






C12N 15/113
					






C12N 9/22
					






C07K 14/415
					






C12N 2310/20
					






View less classifications",SHENYANG AGRICULTURAL UNIVERSITY沈阳农业大学,XU TAO许涛GE SIQI葛思琪LI RUIZHEN李瑞祯LIU XIANFENG刘显凤WANG SAI王赛CHENG LINA成丽娜ZENG LIJIE曾丽杰MENG SIDA孟思达QI MINGFANG齐明芳LI TIANLAI李天来,沈阳一诺君科知识产权代理事务所(普通合伙) 21266,"(EN) The invention belongs to the technical field of plant genetic engineering and molecular breeding, and particularly discloses application of a tomato gene S1CBL11 in enhancement of drought resistance of tomatoes, the tomato gene S1CBL11 is knocked out through a CRISPR/Cas9 gene editing technology, a Cas9 sequence can be removed from offspring, the problem that exogenous genes are introduced through a transgenic technology is avoided, and normal functions of other genes in the tomatoes cannot be affected. The homozygous mutant with knockout S1CBL11 is obtained, and a series of experiments prove that compared with a wild type, the S1CBL11 gene knockout mutant obtains higher drought resistance, does not interfere with growth and development of plants, and is an ideal drought-resistant germplasm resource.(ZH) 本发明属于植物基因工程和分子育种技术领域，具体公开了番茄基因SlCBL11在增强番茄抗旱性中的应用，通过CRISPR/Cas9基因编辑技术敲除番茄基因SlCBL11，能够在后代中去除Cas9序列，避免了转基因技术引入外源基因的问题，不会影响番茄内其余基因的正常功能。本发明获得了敲除SlCBL11的纯合突变体，通过一系列实验证明：与野生型相比，SlCBL11基因敲除突变体获得了更高的抗旱性，且不干扰植株的生长发育，是一种理想的抗旱种质资源。",,,,,,,,
CN437966401,202410991481,China,23.07.2024,118516399,20.08.2024,B,"C12N 15/82
					






C12N 9/10
					






C12N 15/54
					






A01H 6/46
					






A01H 5/00
					








C12N 15/82
					






C12N 9/10
					






C12N 15/54
					






A01H 6/46
					






A01H 5/00
					






View less classifications","C12N 15/8273
					






C12N 15/8218
					






C12N 9/1029
					






C12Y 203/01015
					








C12N 15/8273
					






C12N 15/8218
					






C12N 9/1029
					






C12Y 203/01015
					






View less classifications",BEIJING CIIC BIOLOGICAL AGRICULTURAL INTERNATIONAL RESEARCH INSTITUTE北京中智生物农业国际研究院,WAN XIANGYUAN万向元ZHANG JUAN张娟AN XUELI安学丽CAO XIAOCONG曹晓聪LONG YAN龙艳LIU RUILI刘蕊丽PANG NINGNING庞宁宁YIN ZHIHONG尹志宏ZHANG YUQIAN张禹谦LIU XINJIE刘欣洁,(EN) Application of corn ZmGPAT2 gene in improving salt tolerance of plants(ZH) 玉米ZmGPAT2基因在提高植物耐盐中的应用,"(EN) The invention relates to the field of genetic engineering breeding, and particularly discloses a novel corn salt-tolerant gene ZmGPAT2 and application thereof in regulation and control of plant salt tolerance, the ZmGPAT2 gene has a nucleotide sequence as shown in SEQ ID NO.1, and a protein coded by the ZmGPAT2 gene has an amino acid sequence as shown in SEQ ID NO.2. According to the invention, a ZmGPAT2 gene in corn is knocked out at a fixed point by virtue of a CRISPR/Cas9 gene editing technology, and two different mutation types of ZmGPAT2 gene knockout mutants Zmgpat2-1 and Zmgpat2-2 are created; under the treatment of 125mM NaCl, the salt tolerance of the mutant is reduced compared with that of a wild type, which indicates that the ZmGPAT2 gene can positively regulate the salt tolerance of corn. The invention lays a theoretical foundation for researching the physiological and molecular mechanism of the corn responding to salt stress, and provides a new gene resource for molecular design breeding and cultivation of excellent new germplasm of the salt-tolerant corn at the same time.(ZH) 本发明涉及基因工程育种领域，具体公开了玉米耐盐新基因ZmGPAT2及其在调控植物耐盐中的应用，ZmGPAT2基因如SEQ ID NO.1所示核苷酸序列，其编码的蛋白质如SEQ ID NO.2所示氨基酸序列。本发明通过CRISPR/Cas9基因编辑技术定点敲除玉米中ZmGPAT2基因，创制了两种不同突变类型的ZmGPAT2基因敲除突变体Zmgpat2‑1和Zmgpat2‑2；在125mM NaCl处理下突变体与野生型相比耐盐能力均降低，说明ZmGPAT2基因能够正调控玉米耐盐性。本发明为研究玉米响应盐胁迫的生理及分子机制奠定理论基础，同时为分子设计育种培育具有耐盐的玉米优异新种质提供了新的基因资源。",,,,118516399,15.10.2024,,,
CN192773193,201610807154,China,07.09.2016,106367435,01.02.2017,B,"C12N 15/82
					






A01H 5/00
					






A01H 6/46
					








C12N 15/82
					






A01H 5/00
					






A01H 6/46
					






View less classifications","C12N 15/113
					








C12N 15/113
					






View less classifications",UNIVERSITY OF ELECTRONIC SCIENCE AND TECHNOLOGY OF CHINA电子科技大学,ZHOU JIANPING周建平ZHANG YONG张勇ZHENG XUELIAN郑雪莲TANG XU唐旭CHENG YAN程燕DENG KEJUN邓科君,成都虹桥专利事务所(普通合伙) 51124,"(EN) The invention belongs to the technical field of plant genetic engineering and specifically relates to a method for directionally knocking out miRNA (micro Ribonucleic Acid) of paddy rice. Aiming at solving the technical problems, a method and a detection means are provided for directionally modifying miRNA sites of plants. The invention discloses a method for obtaining miRNA mutants of the paddy rice; specific operation of the method comprises: knocking out single miRNA, knocking out a plurality of miRNAs or knocking out large fragments of the miRNA by adopting a CRISPR-Cas9 (Clustered Regularly Interspaced Short Palindromic Repeats- associated 9) method. The method provided by the invention is suitable for creation and screening of directionally knocking out the miRNA of the paddy rice.(ZH) 本发明属于植物基因工程技术领域，具体涉及一种水稻miRNA定向敲除的方法。本发明要解决的技术问题是为定向修饰植物miRNA位点提供方法和检测手段。本发明公开了获得水稻micoRNA突变体中的方法，具体操作如下：采用CRISPR‑Cas9方法敲除单个miRNA、敲除多个miRNAs或敲除miRNA的大片段。本发明方法适用于水稻miRNA定向敲除突变体的创制及筛选。",,,,106367435,08.11.2019,,,
CN336186216,202110583896,China,27.05.2021,113337539,03.09.2021,A,"C12N 15/84
					






A01H 5/00
					






A01H 6/60
					








C12N 15/84
					






A01H 5/00
					






A01H 6/60
					






View less classifications","C12N 15/8205
					








C12N 15/8205
					






View less classifications",HUAZHONG AGRICULTURAL UNIVERSITY华中农业大学,JIN SHUANGXIA金双侠ZHANG XIANLONG张献龙YU LU余露WANG QIONGQIONG王琼琼,北京国坤专利代理事务所(普通合伙) 11491,"(EN) The invention relates to the technical field of plant genetic engineering, and discloses a method for accurately and efficiently editing genes suitable for upland cotton. The nucleotide sequence of a vector is shown as SEQ ID NO: 2. According to the method for accurately and efficiently editing the genes suitable for the upland cotton, a pRGEB32-GhU6.7-NPT II vector containing a cotton endogenous promoter pGhU 6-7 is transformed, a replicon element in BeYDV is taken as the vector, an sgRNA sequence is constructed in a replication ring, a vector BeYDV-Cas9 with a gene editing function in the cotton is constructed, GhCLA is selected as a target gene to verify the application of the BeYDV-Cas9 in the cotton, one target is designed, a BeYDV-Cas9 gene editing system is imported into a cotton genome by utilizing agrobacterium-mediated genetic transformation, Sanger sequencing is carried out on transgenic plants, and the editing efficiency type of the method in a heterologous tetraploid cotton genome is detected, so that the problems that a traditional CRISPR-Cas9 system is powerless when gene editing is carried out on the upland cotton and no feasible and effective editing tool exists are effectively solved.(ZH) 本发明涉及植物基因工程技术领域，且公开了一种适用于陆地棉的基因精准高效编辑的方法，所述该载体的核苷酸序列如SEQ ID NO:2所示。该适用于陆地棉的基因精准高效编辑的方法，通过对含有棉花内源启动子pGhU6‑7的pRGEB32‑GhU6.7‑NPTⅡ载体进行改造，以BeYDV双生病毒中复制子元件为载体，将sgRNA序列构建在复制环内，构建了在棉花中具有基因编辑功能的载体BeYDV‑Cas9，选取GhCLA为目标基因验证BeYDV‑Cas9在棉花中的应用，并且设计1个靶标，利用农杆菌介导的遗传转化将BeYDV‑Cas9基因编辑系统导入棉花基因组，对转基因植株进行Sanger测序，检测本发明在异源四倍体棉花基因组中的编辑效率类型，从而有效的解决了传统的CRISPR‑Cas9系统在对陆地棉进行基因编辑时无能为力，且并无可行有效编辑工具的问题。",,,,,,,,
CN426079396,202410066965,China,17.01.2024,117683108,12.03.2024,A,"C07K 14/415
					






C12N 15/29
					






C12N 15/82
					






A01H 5/00
					






A01H 6/46
					








C07K 14/415
					






C12N 15/29
					






C12N 15/82
					






A01H 5/00
					






A01H 6/46
					






View less classifications","C07K 14/415
					






C12N 15/8282
					








C07K 14/415
					






C12N 15/8282
					






View less classifications",SHENYANG AGRICULTURAL UNIVERSITY沈阳农业大学,SUN QIAN孙倩XUAN YUANHU玄元虎MEI QIONG梅琼YAN LICHONG颜立冲,沈阳一诺君科知识产权代理事务所(普通合伙) 21266,"(EN) The invention belongs to the technical field of biology, and particularly discloses application of NAC29 protein in regulation and control of rice sheath blight resistance, and an amino acid sequence and a coding gene sequence of the NAC29 protein are shown as SEQ ID NO.1 and SEQ ID NO.2 respectively. Compared with the prior art, the NAC29 overexpression transgenic plant NAC29-OX is obtained through an overexpression transgenic technology. And meanwhile, the coding gene of the NAC29 protein in the receptor rice is edited through CRISPR/Cas9 gene editing, so that NAC29 mutant transgenic plants nac29-11 and nac29-15 are obtained. Through sheath blight resistance identification, compared with wild type rice, NAC29-OX is more resistant to diseases, and NAC29 mutants nac29-11 and nac29-15 are more susceptible to diseases. The application proves that the NAC29 protein is related to the resistance of the rice to the sheath blight disease, overexpression of the NAC29 enhances the resistance of the rice to the sheath blight disease, the NAC29 protein can be used for creating new germplasm resistant to the rice sheath blight disease, and it is proved that the application has important significance on creation of germplasm resources resistant to the rice sheath blight disease and effective prevention and control of the sheath blight disease.(ZH) 本发明属于生物技术领域，具体公开了NAC29蛋白在调控水稻抗纹枯病中的应用，NAC29蛋白的氨基酸序列及其编码基因序列分别如SEQ ID NO.1和SEQ ID NO.2所示。与现有技术相比，本发明通过过表达转基因技术获得NAC29过表达转基因植株NAC29‑OX。同时通过CRISPR/Cas9基因编辑对受体水稻中的NAC29蛋白质的编码基因进行编辑，获得NAC29突变体转基因植株nac29‑11和nac29‑15。通过纹枯病抗性鉴定发现，与野生型水稻对照相比，NAC29‑OX更抗病，NAC29突变体nac29‑11和nac29‑15更感病。证实NAC29蛋白与水稻对纹枯病的抗性相关，NAC29过表达增强水稻对纹枯病的抗性，可用于创制水稻纹枯病抗性新种质，证实了本发明所述应用对水稻抗纹枯病种质资源创制和纹枯病的有效防控具有重要意义。",,,,,,,,
AU314749214,2019297209,Australia,03.07.2019,2019297209,09.01.2020,B2,"C12N 15/29
					






A01H 5/12
					






A01H 6/54
					






C12N 15/82
					








C12N 15/29
					






A01H 5/12
					






A01H 6/54
					






C12N 15/82
					






View less classifications","C12N 15/8216
					






C12N 15/8261
					






C07K 14/415
					






A01H 6/544
					






C12N 15/8213
					






Y02A 40/146
					








C12N 15/8216
					






C12N 15/8261
					






C07K 14/415
					






A01H 6/544
					






C12N 15/8213
					






Y02A 40/146
					






View less classifications","Guangdong Sanjie Forage Biotechnology Co., Ltd","CHEN, HaitaoHE, HuiQIU, QiangSHANG, ZhanhuanSU, KexianWANG, WenXIE, Xiongping",Davies Collison Cave Pty Ltd,(EN) Method of obtaining multi-leaf alfalfa material by means of MsPALM1 artificial site-directed mutant,"(EN) Disclosed is a method for obtaining multi-leaf alfalfa material by means of a MsPALM1 artificial site-directed mutant. The method comprises: selecting a target fragment from an exon region of a compound leaf developmental regulatory gene MsPALM1 of alfalfa and constructing a plant CRISPR/Cas9 targeting recombinant vector MsCRISPR/Cas9::PALM1 and introducing the same into alfalfa cells and reproducing into sprouts, cutting and repairing to cause a loss-of-function mutation in the MsPALM1 gene of alfalfa cells, and then screening the mutant plants by restriction endonuclease digestion and/or targeted deep sequencing of the target fragments of the reproduced strain genome to obtain lines carrying four allelic MsPALM1 genes with simultaneous loss of function mutation. After phenotypic identification, it was confirmed that the compound leaves of the reproduced plants changed from three leaflets to five leaflets. The method can quickly obtain a multi-leaf alfalfa material with a short breeding period and stable traits.",201810724563.3 04.07.2018 CN,"CN108949774

WO/2020/007332

CA3105397

EP3816292

US20210269816

US20210171973",,,,,
CN312690071,202010512914,China,08.06.2020,111979262,24.11.2020,A,"C12N 15/83
					






C12N 5/10
					






A01H 5/00
					






A01H 6/46
					






A01H 6/20
					






C12N 7/01
					






View more classifications
							






C12N 15/83
					






C12N 5/10
					






A01H 5/00
					






A01H 6/46
					






A01H 6/20
					






C12N 7/01
					






C07K 14/005
					






C12R 1/94
					






View less classifications","C12N 15/8218
					






C07K 14/005
					






C12N 7/00
					






C12N 2770/38022
					






C12N 2770/00021
					






C12N 2770/00023
					








C12N 15/8218
					






C07K 14/005
					






C12N 7/00
					






C12N 2770/38022
					






C12N 2770/00021
					






C12N 2770/00023
					






View less classifications",HANGZHOU NORMAL UNIVERSITY杭州师范大学,HONG YIGUO洪益国ZHANG XIAN张弦,杭州浙科专利事务所(普通合伙) 33213,(EN) Plant modification(ZH) 植物改造,"(EN) The invention generally relates to a method and material for gene or genome editing of plants. The invention provides an expression system for expressing a complete genome editing (GE) system (such asCRISPR Cas9) for editing target sequences in plants, the expression system comprises at least one nucleotide sequence, the at least one nucleotide sequence includes: (i) a promoter and (ii) FoMV cDNA, wherein the promoter is effectively linked to FoMV cDNA, and the FoMV cDNA encodes one or more recombinant foxtail mosaic virus (FoMV) vectors, the one or more recombinant FoMV vectors include at least one subgenomic promoter (SGP), and the at least one SGP is effectively linked to a heterologous nucleic acid encoding the GE system. The invention also provides an FoMV RNA transcript suitable forediting the target.(ZH) 本发明大体涉及用于植物的基因或基因组编辑的方法和材料。本发明提供用于表达用于编辑植物中的靶序列的完整基因组编辑(GE)系统(比如CRISPR Cas9)的表达系统，所述表达系统包括：至少一个核苷酸序列，所述至少一个核苷酸序列包括：(i)启动子，(ii)FoMV cDNA，其中，所述启动子有效连接至FoMV cDNA，所述FoMV cDNA编码一个或多个重组狐尾草花叶病毒(FoMV)病毒载体，所述一种或多种重组狐尾草花叶病毒载体包括至少一个亚基因组启动子(SGP)，所述至少一个亚基因组启动子有效连接至编码所述GE系统的异源核酸。本发明还提供适于编辑所述靶标的FoMV RNA转录本。",,,,,,,
US231206597,15764217,United States of America,28.09.2016,20180273961,27.09.2018,A1,"C12N 15/82
					






C12N 15/113
					








C12N 15/82
					






C12N 15/113
					






View less classifications","C12N 15/113
					






C12N 15/8213
					






C12N 15/8261
					






C12N 2310/20
					








C12N 15/113
					






C12N 15/8213
					






C12N 15/8261
					






C12N 2310/20
					






View less classifications","Institute of Genetics and Developmental Biology, Chinese Academy of Sciences",Qi XieLiuhua YanShaowei WeiWeicai YangHongju Li,(EN) A CRISPR/Cas9 SYSTEM FOR HIGH EFFICIENT SITE-DIRECTED ALTERING OF PLANT GENOMES,"(EN) 
Cassettes comprising a YAO promoter operably linked to at least one nucleotide sequence encoding a nuclease, vectors comprising the same are provided. A system for altering a plant genome comprising a nucleotide sequence encoding a nuclease operably linked to a YAO promoter and a method to alter the target nucleic acid molecule by using the system are provided. Plants, progeny and seeds thereof having such altered target nucleic acid molecules are also provided.",,,201510631450.5 29.09.2015 CN,,,,,
CN442609860,202411035507,China,31.07.2024,118834987,25.10.2024,A,"C12Q 1/6895
					






C12Q 1/6844
					






C12N 15/11
					








C12Q 1/6895
					






C12Q 1/6844
					






C12N 15/11
					






View less classifications","C12Q 1/6895
					






C12Q 1/6844
					






C12Q 2600/16
					








C12Q 1/6895
					






C12Q 1/6844
					






C12Q 2600/16
					






View less classifications",ZHEJIANG ACADEMY OF AGRICULTURAL SCIENCES浙江省农业科学院,PENG CHENG彭城XU JUNFENG徐俊锋DING LIN丁霖WANG XIAOFU汪小福CHEN XIAOYUN陈笑芸,北京高沃律师事务所 11569,(EN) Kit and method for detecting transgenic crops based on multiple RPA (recombinase polymerase amplification) and double CRISPR (clustered regularly interspaced short palindromic repeats) detection methods(ZH) 一种基于多重RPA和双CRISPR检测方法对转基因作物进行检测的试剂盒及方法,"(EN) The invention belongs to the technical field of transgenic detection, and particularly relates to a kit and a method for detecting transgenic crops based on multiple RPA (recombinase polymerase amplification) and double CRISPR (clustered regularly interspaced short palindromic repeats) detection methods. The invention provides a kit for detecting transgenic crops based on multiple RPA (recombinase polymerase amplification) and double CRISPR (clustered regularly interspaced short palindromic repeats) detection methods. The kit comprises a multiple RPA detection reagent and a double CRISPR detection reagent. The invention provides a rapid, ultra-sensitive and visible multi-detection platform (MR-DCA platform) suitable for field deployment, and the MR-DCA platform has high efficiency and high accuracy, can provide an alternative technology with wide prospects for on-site detection of transgenic crops, and is of great importance to transgenic organism supervision.(ZH) 本发明属于转基因检测技术领域，具体涉及一种基于多重RPA和双CRISPR检测方法对转基因作物进行检测的试剂盒及方法。本发明提供了一种基于多重RPA和双CRISPR检测方法对转基因作物进行检测的试剂盒，所述试剂盒包括多重RPA检测试剂和双CRISPR检测试剂。本发明提供了快速、超灵敏、可视且适合田间部署的多重检测平台(MR‑DCA平台)，MR‑DCA平台具有高效率和高准确性，可为现场检测转基因作物提供一种前景广阔的替代技术，对于转基因生物监管至关重要。",,,,,,,
US319904287,16955937,United States of America,21.12.2018,20210071189,11.03.2021,A1,"C12N 15/82
					








C12N 15/82
					






View less classifications","C12N 15/8217
					






C12N 15/8216
					






C12N 15/8213
					








C12N 15/8217
					






C12N 15/8216
					






C12N 15/8213
					






View less classifications",KWS SAAT SE & CO. KGaA,Mathias LABSAaron HUMMELYu MEI,(EN) CPF1 BASED TRANSCRIPTION REGULATION SYSTEMS IN PLANTS,"(EN) 
The present invention relates to the targeted regulation of gene expression and more specifically to synthetic transcription factors (STFs) comprising at least one highly target specific engineered recognition domain based on a CRISPR/Cpf1 system and further comprising at least one activation or silencing domain to modulate the expression of a gene of interest, preferably to modulate the transcription of a morphogenic gene of a eukaryote, in particular a plant. Further disclosed are methods using the STFs to enhance transformation frequencies, to optimize successful genome editing approaches, to provide haploid or double haploid organisms, and/or to provide compositions suitable for general transformation, but also for breeding purposes.",,,,,,,,
AU296614945,2018390965,Australia,21.12.2018,2018390965,27.06.2019,A1,"C12N 15/82
					






A01H 1/08
					






A01H 4/00
					






C12N 15/63
					








C12N 15/82
					






A01H 1/08
					






A01H 4/00
					






C12N 15/63
					






View less classifications","A01H 1/08
					






A01H 4/00
					






C12N 15/63
					






C12N 15/8201
					






C12N 15/8207
					






C12N 15/8213
					






View more classifications
							






A01H 1/08
					






A01H 4/00
					






C12N 15/63
					






C12N 15/8201
					






C12N 15/8207
					






C12N 15/8213
					






C12N 15/8216
					






C12N 15/8217
					






C12N 2310/20
					






View less classifications",KWS SAAT SE & Co. KGaA,"HUMMEL, AaronLABS, MathiasMEI, Yu",Spruson & Ferguson,(EN) Cpf1 based transcription regulation systems in plants,"(EN) The present invention relates to the targeted regulation of gene expression and more specifically to synthetic transcription factors (STFs) comprising at least one highly target specific engineered recognition domain based on a CRISPR/Cpf1 system and further comprising at least one activation or silencing domain to modulate the expression of a gene of interest, preferably to modulate the transcription of a morphogenic gene of a eukaryote, in particular a plant. Further disclosed are methods using the STFs to enhance transformation frequencies, to optimize successful genome editing approaches, to provide haploid or double haploid organisms, and/or to provide compositions suitable for general transformation, but also for breeding purposes.","62/609,508 22.12.2017 US62/758,068 09.11.2018 US","CA3086619

WO/2019/122394

EP3728605

BR112020012327

CN112204147

US20210071189",,,,,
CN430590440,202410282927,China,13.03.2024,118064556,24.05.2024,A,"C12Q 1/6844
					






C12Q 1/6895
					








C12Q 1/6844
					






C12Q 1/6895
					






View less classifications","C12Q 1/6844
					






C12Q 1/6895
					






C12Q 2600/13
					








C12Q 1/6844
					






C12Q 1/6895
					






C12Q 2600/13
					






View less classifications",TIANJIN UNIVERSITY OF SCIENCE & TECHNOLOGY天津科技大学,MA LONG马龙HAN XIAO韩笑MAN SHULI满淑丽ZHANG QIANG张强ZHAO LIANGJUAN赵良娟,苏州达权专利代理事务所(普通合伙) 32737,(EN) Method for detecting transgenic crops based on CRISPR/Cas12b system and application thereof(ZH) 一种基于CRISPR/Cas12b系统检测转基因作物的方法及其应用,"(EN) The invention discloses a CRISPR/Cas (clustered regularly interspaced short palindromic repeats/cross-linked immunosorbent assay) system and LAMP (loop-mediated isothermal amplification) assisted visual biological assay method, which is used for detection and application of ultra-sensitive transgenic crops. Specifically, BrCas12b is combined with LAMP, a rapid, visual and portable determination method based on a CRISPR/Cas system is provided, and ultra-sensitive detection and application are carried out on a detection target CaMV35S promoter of transgenic crops.(ZH) 本发明公开一种基于CRISPR/Cas系统结合LAMP扩增辅助的可视化生物测定方法，用于超灵敏的转基因作物的检测及应用。具体的，通过将BrCas12b与LAMP结合，提供一种基于CRISPR/Cas系统的快速、可视化和便携式测定方法，对转基因作物的检测靶点CaMV35S启动子进行超灵敏的检测及应用。",,,,,,,
US452612464,18558619,United States of America,29.12.2022,20250101450,27.03.2025,A1,"C12N 15/82
					






C12N 9/22
					






C12N 15/11
					








C12N 15/82
					






C12N 9/22
					






C12N 15/11
					






View less classifications","C12N 9/22
					






C12N 15/8282
					






C12N 15/11
					






C12N 15/8205
					






C12N 15/8213
					






C12N 2310/20
					








C12N 9/22
					






C12N 15/8282
					






C12N 15/11
					






C12N 15/8205
					






C12N 15/8213
					






C12N 2310/20
					






View less classifications",Northwest A&F University,Jun GuoFuxin HeZhensheng KangHuilin SunXingxuan BaiCe WangYanfeng Wang,(EN) Method for Improving Wheat Resistance To Fusarium Head Blight (FHB) By Genome Editing,"(EN) 
A method for improving wheat resistance to Fusarium head blight (FHB) by genome editing is provided, and further provided is use of TaCIPK14 protein or related biomaterial thereto in the regulation of plant resistance to FHB; the TaCIPK14 protein is TaCIPK14-4A protein (SEQ ID NO: 4), TaCIPK14-4B protein (SEQ ID NO: 5), and/or TaCIPK14-4D protein (SEQ ID NO: 6). TaCIPK14 knockout mutant plants are successfully obtained by simultaneously editing three alleles of TaCIPK14 in wheat using CRISPR-Cas9 gene editing technology. The TaCIPK14 knockout mutant shows resistance to inoculation with FHB pathogens, and the results of evaluation of major agronomic traits confirm that the TaCIPK14 knockout mutant reserves the major agronomic traits.",,,202210674184.4 15.06.2022 CN,,,,,
CN341236369,202110775204,China,08.07.2021,113564177,29.10.2021,B,"C12N 15/29
					






C07K 14/415
					






C12N 15/82
					






A01H 5/00
					






A01H 6/46
					








C12N 15/29
					






C07K 14/415
					






C12N 15/82
					






A01H 5/00
					






A01H 6/46
					






View less classifications","C07K 14/415
					






C12N 15/8216
					






C12N 15/8261
					








C07K 14/415
					






C12N 15/8216
					






C12N 15/8261
					






View less classifications","INSTITUTE OF CROP SCIENCE, CHINESE ACADEMY OF AGRICULTURAL SCIENCES中国农业科学院作物科学研究所",XIA LANQIN夏兰琴ZHANG JIAHUI张佳慧LI SHAOYA李少雅LI JINGYING李晶莹YAN LEI闫磊,北京纪凯知识产权代理有限公司 11245,"(EN) The invention discloses a method for improving the crop yield by regulating and controlling a wheat ARE1 gene through a CRISPR/Cas9 technology. The invention provides a method for preparing gene-edited wheat, and the method comprises the step of mutating a receptor wheat genome ARE1 gene to reduce the activity and/or abundance of ARE1 protein to obtain the gene-edited wheat, wherein the transgenic wheat has at least one of the following characteristics: (1) compared with that of the receptor wheat, the yield of the gene-edited wheat is increased; (2) compared with that of the receptor wheat, the aging of the gene edited wheat is delayed; and (3) compared with that of the receptor wheat, the nitrogen utilization rate of the gene edited wheat is improved. According to the embodiment of the invention, a CRISPR/Cas9 technology is utilized, a wheat nitrogen utilization efficiency related gene ARE1 gene is subjected to site-directed editing, and the wheat ARE1 gene is knocked out by causing frameshift mutation, so that a new generation of new wheat germplasm with the obviously improved yield is obtained.(ZH) 本发明公开了通过CRISPR/Cas9技术调控小麦ARE1基因提高作物产量的方法。本发明提供了一种制备基因编辑小麦的方法，包括使受体小麦基因组ARE1基因发生突变导致ARE1蛋白活性和/或丰度降低，获得所述基因编辑小麦，所述转基因小麦具有下述至少一种特性的：(1)与所述受体小麦相比，所述基因编辑小麦的产量提高；(2)与所述受体小麦相比，所述基因编辑小麦的衰老延缓；(3)与所述受体小麦相比，所述基因编辑小麦的氮素利用率提高。本发明实施例利用CRISPR/Cas9技术，定点编辑小麦氮素利用效率相关基因ARE1基因，通过造成移码突变，敲除了小麦ARE1基因，获得了产量明显提高的新一代小麦新种质。",,,,,,,,
CN422799248,202311436002,China,31.10.2023,117487948,02.02.2024,A,"C12Q 1/6895
					






G16B 20/00
					






G16B 30/00
					








C12Q 1/6895
					






G16B 20/00
					






G16B 30/00
					






View less classifications","C12Q 1/6895
					






G16B 20/00
					






G16B 30/00
					






C12Q 2600/156
					






C12Q 2600/13
					








C12Q 1/6895
					






G16B 20/00
					






G16B 30/00
					






C12Q 2600/156
					






C12Q 2600/13
					






View less classifications","CANGZHOU BOHAI NEW AREA YATAI BIOTECHNOLOGY CO., LTD.沧州渤海新区亚太生物科技有限责任公司",LI QIN李钦,(EN) Crop variety genotyping method and device compatible with multiple fluorescence signal platforms(ZH) 一种兼容多荧光信号平台的农作物品种基因型分型方法及装置,"(EN) The invention discloses a crop variety genotyping method and device compatible with multiple fluorescence signal platforms, and belongs to the technical field of bioinformatics analysis. Comprising the steps that an sgRNA sequence is designed, a CRISPR-Cas9 system is introduced to form a compound, according to the designed sgRNA sequence and the introduced CRISPR-Cas9 system, an appropriate sgRNA sequence can be designed according to a specific site of a target gene of a crop, and the appropriate sgRNA sequence is designed; sgRNA and Cas9 protein act together to form a compound, the compound is introduced into a target crop cell, a DNA fragment with a fluorescence label is designed and synthesized, and the DNA fragment is introduced into the target crop cell; the genotyping of the crop variety can be conveniently and accurately observed, and analysis is facilitated.(ZH) 本申请公开了一种兼容多荧光信号平台的农作物品种基因型分型方法及装置，属于生物信息学分析技术领域。包括设计sgRNA序列和引入CRISPR‑Cas9系统形成复合物，所述设计sgRNA序列和引入CRISPR‑Cas9系统可根据农作物目标基因的特定位点，设计合适的sgRNA序列，通过设计合适的sgRNA序列；sgRNA与Cas9蛋白共同作用，形成复合物导入到目标农作物细胞中，设计并合成带有荧光标记的DNA片段，并将其导入到目标农作物细胞中；便于准确观测农作物品种基因分型，便于进行分析。",,,,,,,,
CN442642296,202411144945,China,20.08.2024,118853942,29.10.2024,A,"C12Q 1/6895
					






G01N 21/65
					






C12Q 1/6816
					






C12N 15/113
					






G01N 21/64
					








C12Q 1/6895
					






G01N 21/65
					






C12Q 1/6816
					






C12N 15/113
					






G01N 21/64
					






View less classifications","G01N 21/65
					






C12Q 1/6895
					






C12Q 1/6816
					






C12N 15/113
					






G01N 21/6428
					






C12N 2310/20
					








G01N 21/65
					






C12Q 1/6895
					






C12Q 1/6816
					






C12N 15/113
					






G01N 21/6428
					






C12N 2310/20
					






View less classifications",JILIN UNIVERSITY吉林大学JILIN ACADEMY OF AGRICULTURAL SCIENCES (NORTHEAST INNOVATION CENTER OF CHINA AGRICULTURAL SCIENCE AND TECHNOLOGY)吉林省农业科学院（中国农业科技东北创新中心）,XU SHUPING徐抒平WANG HUIMIN王慧敏SU AILING苏艾玲LIU XIANGGUO刘相国YIN YUEJIA尹悦佳,北京专赢专利代理有限公司 11797,(EN) CRISPR/dCas9 protein combined Raman coding transgenic corn detection method(ZH) CRISPR/dCas9蛋白结合拉曼编码的转基因玉米检测方法,"(EN) The invention is suitable for the technical field of gene detection, and provides a CRISPR/dCas9 protein combined Raman coding transgenic corn detection method, which comprises the following steps: screening sgRNA, preparing a magnetic polymer microballe-dCas9-sgRNA ternary complex, capturing target transgenic DNA by using the magnetic polymer microballe-dCas9-sgRNA ternary complex, and dyeing with a fluorescent dye. Carrying out fluorescence imaging and Raman coding detection; and judging a detection result. The CRISPR/dCas9 is combined with a Raman coding technology to be used for multiple detection of transgenic crops, transgenic categories of different manufacturers can be distinguished at the same time, and the limitation of single detection of a CRISPR system is widened. The detection method can be used for efficiently and accurately detecting the transgenic sequence, has the advantage of simplicity in operation, and has important significance on supervision of transgenic crops.(ZH) 本发明适用于基因检测技术领域，提供了CRISPR/dCas9蛋白结合拉曼编码的转基因玉米检测方法，包括sgRNA的筛选、磁性聚合物微球‑dCas9‑sgRNA三元复合物的制备、磁性聚合物微球‑dCas9‑sgRNA三元复合物对目标转基因DNA的捕获以及荧光染料染色；荧光成像及拉曼编码检测；检测结果判别。本发明将CRISPR/dCas9与拉曼编码技术相结合用于转基因农作物的多重检测，可以同时区分不同厂家的转基因品类，拓宽了CRISPR体系单一检测的限制。该检测方法能够高效、精准地检测转基因序列，具有操作简单的优点，对转基因作物的监管具有重要意义。",2024110960222 12.08.2024 CN,,,,,,
CN213851939,201711089533,China,08.11.2017,107794276,13.03.2018,A,"C12N 15/82
					






C12N 15/89
					






A01H 5/00
					








C12N 15/82
					






C12N 15/89
					






A01H 5/00
					






View less classifications","C12N 15/82
					






C12N 15/895
					






C12N 2800/80
					






C12N 2810/10
					








C12N 15/82
					






C12N 15/895
					






C12N 2800/80
					






C12N 2810/10
					






View less classifications","INSTITUTE OF CROP SCIENCE, CHINESE ACADEMY OF AGRICULTURAL SCIENCES中国农业科学院作物科学研究所",XIA LANQIN夏兰琴LI JINGYING李晶莹ZHAO YUNDE赵云德SUN YONGWEI孙永伟ZHANG JIAHUI张佳慧,北京纪凯知识产权代理有限公司 11245北京纪凯知识产权代理有限公司 11245,(EN) CRISPR-mediated rapid and effective crop site-specific gene fragment or allele replacement method and system(ZH) 一种CRISPR介导快速有效的农作物定点基因片段或等位基因替换方法和体系,"(EN) The invention discloses a CRISPR-mediated rapid and effective crop site-specific gene fragment or allele replacement method and system. The system provided by the invention comprises a recombinant vector and a free donor fragment; the recombinant vector comprises a coding sequence of sgRNA1, an expression cassette of a Cas9 gene, a donor fragment and a coding sequence of sgRNA2; the donor fragmentcomprises a target of sgRNA1, a mutant segment and a target of sgRNA2; homologous recombination occurs between the mutant segment and a target segment; and the differences between the mutant segmentand the target segment are as follows: (1) a target nucleotide or fragment is replaced with a mutated nucleotide or fragment, (2) NGG in the target of sgRNA1 is mutated into non-NGG, and (3) the NGG in the target of sgRNA2 is mutated into non-NGG. The invention provides a feasible and effective method for replacing and integrating site-specific gene fragments or alleles for crop breeding improvement, and the method has a great application potential and a wide prospect.(ZH) 本发明公开了一种CRISPR介导快速有效的农作物定点基因片段或等位基因替换的方法和体系。本发明提供的体系包括重组载体和游离供体片段；重组载体中包括：sgRNA1的编码序列、Cas9基因的表达盒、供体片段和sgRNA2的编码序列；供体片段中包括：sgRNA1的靶标、突变区段、sgRNA2的靶标；突变区段与目标区段发生同源重组；突变区段与目标区段的区别：①将目标核苷酸或片段替换为突变后核苷酸或片段；②将sgRNA1的靶标中的NGG突变为非NGG；③将sgRNA2的靶标中的NGG突变为非NGG。本发明为农作物育种改良提供了一种可行、有效的定点基因片段或等位基因替换和整合的方法，具有较大的应用潜力和广泛的前景。",,,,,,,
KR395700816,1020220123547,Republic of Korea,28.09.2022,1020230048237,11.04.2023,A,"C12N 15/82
					






A01H 5/10
					






A01H 6/20
					






C07K 14/415
					






C12N 15/113
					






C12N 9/22
					








C12N 15/82
					






A01H 5/10
					






A01H 6/20
					






C07K 14/415
					






C12N 15/113
					






C12N 9/22
					






View less classifications","C12N 15/8266
					






A01H 5/10
					






A01H 6/20
					






C07K 14/415
					






C12N 15/113
					






C12N 9/22
					






View more classifications
							






C12N 15/8266
					






A01H 5/10
					






A01H 6/20
					






C07K 14/415
					






C12N 15/113
					






C12N 9/22
					






C12N 2310/20
					






View less classifications",서울대학교산학협력단SEOUL NATIONAL UNIVERSITY R&DB FOUNDATION,JIN HOE HUHJEONG EUN PARKHOSUB SHIN허진회SEUNG HWA YU박정은신호섭유승화,최규환,"(EN) METHOD FOR PRODUCING BRASSICA CROPS WITH DELAYED POD DEHISCENCE USING GENE EDITING, AND BRASSICA CROPS PRODUCED BY PRODUCTION METHOD(KO) 유전자 교정을 이용한 꼬투리 열개가 지연된 배추과 작물의 제조방법 및 상기 제조방법에 의해 제조된 배추과 작물","(EN) The present invention relates to a method for producing Brassica crops with delayed pod dehiscence using gene editing and to Brassica crops produced by the production method, and specifically, to a method for producing Brassica crops with delayed pod dehiscence compared to wild types by knocking out an Indehiscent (IND) gene involved in pod dehiscence development using a CRISPR/Cas9 system. COPYRIGHT KIPO 2024(KO) 본 발명은 유전자 교정을 이용한 꼬투리 열개가 지연된 배추과 작물의 제조방법 및 상기 제조방법에 의해 제조된 배추과 작물에 관한 것으로, 구체적으로 CRISPR/Cas9 시스템을 이용하여 꼬투리 열개 발달에 관여하는 (Indehiscent) 유전자를 녹-아웃시켜 야생형 대비 꼬투리 열개가 지연된 배추과 식물체를 제조하는 방법에 관한 것이다.
IND",1020210130482 01.10.2021 KR,,,,,,
CN317064580,202011007682,China,23.09.2020,112226493,15.01.2021,B,"C12Q 1/6844
					








C12Q 1/6844
					






View less classifications","C12Q 1/6844
					








C12Q 1/6844
					






View less classifications",ZHEJIANG UNIVERSITY浙江大学,XU ZHINAN徐志南HUANG DI黄迪SHI ZHUWEI石朱伟,浙江杭州金通专利事务所有限公司 33100,(EN) Method for visual semi-quantitative detection of NOS terminator of transgenic crop by CRISPR/Cas12a system(ZH) CRISPR/Cas12a体系可视化半定量检测转基因作物NOS终止子的方法,"(EN) The invention provides a method for visual semi-quantitative detection of an NOS terminator of a transgenic crop by a CRISPR/Cas12a system. The method comprises the following steps of (1) amplifying adetection fragment in the NOS terminator by virtue of an RPA technology; (2) under the mediation of crRNA, enabling Cas12a to specifically recognize an amplification product and activate the nucleaseactivity, so as to release glucogenic enzymes coupled to magnetic beads by virtue of ssDNA; (3) through magnetic separation, catalyzing the free glucogenic enzymes to form glucose, and generating hydrogen peroxide under the action of glucose oxidase; and (4) generating .OH free radicals by means of a Fenton reaction to etch gold nanorods to present different colors. The absorption peak wavelengthcan be measured by virtue of a portable instrument, so that the semi-quantitative detection of the NOS terminator is realized. The method is convenient to operate, low in cost, good in selectivity and high in sensitivity, does not need assistance of large instruments, and has a certain application prospect.(ZH) 本发明提供了CRISPR/Cas12a体系可视化半定量检测转基因作物NOS终止子的方法，包括如下步骤：(1)借助RPA技术对NOS终止子中的检测片段进行扩增；(2)在crRNA的介导下，Cas12a可特异性识别扩增产物，并激活核酸酶活性，从而释放借助ssDNA偶联于磁珠上的产葡萄糖酶类；(3)通过磁分离，游离的产糖酶催化形成葡萄糖，并在葡萄糖氧化酶作用下生成过氧化氢。(4)借助Fenton反应，产生·OH自由基刻蚀金纳米棒，呈现不同的颜色。而借助便携式仪器可测量其吸收峰波长，实现对于NOS终止子的半定量检测。该方法操作便携，无需大型仪器辅助，成本低廉，且选择性好、灵敏度高，具有一定的应用前景。",,,112226493,26.07.2022,,,
CN431391281,202410132792,China,30.01.2024,118147154,07.06.2024,A,"C12N 15/12
					






C07K 14/435
					






C12N 9/22
					






C12N 15/113
					






C12N 15/89
					






C12N 15/873
					






View more classifications
							






C12N 15/12
					






C07K 14/435
					






C12N 9/22
					






C12N 15/113
					






C12N 15/89
					






C12N 15/873
					






A01K 67/033
					






View less classifications","C07K 14/43563
					






C12N 9/22
					






C12N 15/113
					






C12N 15/89
					






C12N 15/873
					






A01K 2227/706
					






View more classifications
							






C07K 14/43563
					






C12N 9/22
					






C12N 15/113
					






C12N 15/89
					






C12N 15/873
					






A01K 2227/706
					






A01K 2267/02
					






C12N 2310/20
					






A01K 67/63
					






View less classifications",HENAN UNIVERSITY河南大学,ZHOU SHUTANG周树堂WANG HUIDONG王慧东SONG JING宋静ZUO KAIRAN左恺然ZHOU HUIRU周会茹,郑州大通专利商标代理有限公司 41111,(EN) Application of beet armyworm UGT33F24 gene as target in pest control(ZH) 甜菜夜蛾UGT33F24基因作为靶点在防治害虫中的应用,"(EN) The invention belongs to the field of pest control, and relates to application of beet armyworm UGT33F24 gene as a target spot in pest control. The beet armyworm UGT33F24 gene mutant is constructed by taking a major agricultural pest beet armyworm as a research object and a beet armyworm UGT33F24 gene as a molecular target in combination with a CRISPR/Cas9 gene editing technology, and after it is determined through bioassay that the beet armyworm UGT33F24 gene is knocked out, the sensitivity of the beet armyworm UGT33F24 gene to a main insect-resistant compound dibutran of gramineous crops such as corn and wheat is remarkably improved, and the application of the beet armyworm UGT33F24 gene mutant to the pest-resistant compound dibutran of the gramineous crops such as corn and wheat is promoted. The 7-day death rate on the corn is obviously increased. The invention provides a beet armyworm gene knockout technology system and a beet armyworm UGT33F24 mutant strain, and provides a theoretical and application basis for green prevention and control of beet armyworms.(ZH) 本发明属于病虫害防治领域，涉及甜菜夜蛾UGT33F24基因作为靶点在防治害虫中的应用。本发明以重大农业害虫甜菜夜蛾为研究对象，甜菜夜蛾UGT33F24基因为分子靶标，结合CRISPR/Cas9基因编辑技术，构建了甜菜夜蛾UGT33F24基因突变体，通过生物测定确定了甜菜夜蛾UGT33F24基因敲除后，对玉米和小麦等禾本科作物主要抗虫化合物丁布的敏感性显著性提高，在玉米上的7天死亡率明显增加。该发明提供了甜菜夜蛾基因敲除技术体系和甜菜夜蛾UGT33F24突变品系，为甜菜夜蛾的绿色防控提供理论和应用基础。",,,,,,,
CN341344215,202111031355,China,03.09.2021,113584036,02.11.2021,A,"C12N 15/113
					






C12N 15/55
					






C12N 9/22
					






C12N 15/82
					






A01H 5/00
					






A01H 6/46
					








C12N 15/113
					






C12N 15/55
					






C12N 9/22
					






C12N 15/82
					






A01H 5/00
					






A01H 6/46
					






View less classifications","C12N 15/113
					






C12N 9/22
					






C12N 15/8218
					






C12N 2310/20
					








C12N 15/113
					






C12N 9/22
					






C12N 15/8218
					






C12N 2310/20
					






View less classifications","WUHAN YIKANG GENE TECHNOLOGY CO., LTD.武汉翼康基因科技有限公司",YANG GUOHUA杨国华HU JUN胡俊CHEN ZHIYI陈志毅LI TING李婷ZHANG DEQING张德庆YUAN TIANLI袁天立LIN BAOYI林宝仪,湖北天领艾匹律师事务所 42252,(EN) CRISPR-Cas9 gene editing tool and editing method thereof(ZH) 一种CRISPR-Cas9基因编辑工具及其编辑方法,"(EN) The invention discloses a CRISPR-Cas9 gene editing tool and an editing method thereof. The CRISPR-Cas9 gene editing tool comprises a pML-Cas9 plasmid and a pJM-sgRNA plasmid. The pML-Cas9 plasmid comprises a pMV261 expression vector, a TaU3p promoter, a target gene sequence, an sgRNA4TmC+5 structure, a Cas9 gene and an NHEJ repair gene, the pMV261 expression vector, the TaU3p promoter, the target gene sequence, the sgRNA4TmC+5 structure, the Cas9 gene and the NHEJ repair gene are sequentially connected according to the sequence, and an Hsp60 promoter on the pMV261 expression vector is replaced by the TaU3p promoter; the NHEJ repair gene comprises a gene for coding DNA terminal binding protein mku and a gene for coding DNA ligase LigD; the Cas9 gene is located at the downstream of a TaU3p promoter of a pMV261 expression vector and at the upstream of an rrnB terminator of the pMV261 expression vector. The invention relates to the technical field of gene engineering. According to the CRISPR-Cas9 gene editing tool and the editing method thereof, the problems that the mutation rate is low after CRISPR-Cas9 vectors of crops such as wheat and the like are transformed, and CRISPR-Cas9 transgenic mutant strains are difficult to obtain can be solved, the transformation time is saved, and the transformation cost is reduced.(ZH) 本发明公开了一种CRISPR‑Cas9基因编辑工具及其编辑方法，包括pML‑Cas9质粒以及pJM‑sgRNA质粒；pML‑Cas9质粒包括一个pMV261表达载体、一个TaU3p启动子、一个靶基因序列、一个sgRNA4TmC+5结构、一个Cas9基因和一个NHEJ修复基因，pMV261表达载体、TaU3p启动子、靶基因序列、sgRNA4TmC+5结构、Cas9基因和NHEJ修复基因按照上述顺序依次连接，pMV261表达载体上的Hsp60启动子被替换为了TaU3p启动子；NHEJ修复基因包含编码DNA末端结合蛋白mku的基因以及编码DNA连接酶LigD的基因；Cas9基因位于pMV261表达载体的TaU3p启动子的下游以及pMV261表达载体的rrnB终止子上游，本发明涉及基因工程技术领域。该CRISPR‑Cas9基因编辑工具及其编辑方法，可实现小麦等作物CRISPR‑Cas9载体转化后突变率低、获得CRISPR‑Cas9转基因突变株系难的问题，节约了转化时间，减少了转化成本。",,,,,,,
CN340516547,202110816684,China,20.07.2021,113549646,26.10.2021,B,"C12N 15/82
					






C12N 15/29
					






A01H 5/00
					






A01H 6/54
					








C12N 15/82
					






C12N 15/29
					






A01H 5/00
					






A01H 6/54
					






View less classifications","C12N 15/8216
					






C07K 14/415
					






Y02A 50/30
					








C12N 15/8216
					






C07K 14/415
					






Y02A 50/30
					






View less classifications","INSTITUTE OF CROP SCIENCE, CHINESE ACADEMY OF AGRICULTURAL SCIENCES中国农业科学院作物科学研究所",YANG TAO杨涛LI GUAN李冠ZONG XUXIAO宗绪晓LIU RONG刘荣WEI PENGCHENG魏鹏程,北京高沃律师事务所 11569,"(EN) Pisum sativum CRISPR/Cas9 gene editing vector, pisum sativum CRISPR/Cas9 gene editing system and pisum sativum CRISPR/Cas9 gene editing method(ZH) 一种豌豆CRISPR/Cas9基因编辑载体、基因编辑系统及基因编辑方法","(EN) The invention provides a pisum sativum CRISPR/Cas9 gene editing vector, a pisum sativum CRISPR/Cas9 gene editing system and a pisum sativum CRISPR/Cas9 gene editing method, and relates to the technical field of gene editing. According to the invention, the existing vector pHUC411 for rice gene editing is modified, and the original ZmUBI, the original OsCas9 and the original OsU3 on the pHUC411 are respectively replaced with an en35s promoter, a coding gene of PsCas9 and PsU6.3; and a CRISPR/Cas9 gene editing system is constructed by using a CRISPR/Cas9 gene editing vector, and the pisum sativum is subjected to gene editing, so that the gene editing efficiency in the pisum sativum can be up to 8.32%, and 7 mutation types are generated, the pisum sativum gene editing efficiency is improved, and the pisum sativum CRISPR/Cas9 gene editing vector, the pisum sativum CRISPR/Cas9 gene editing system and the pisum sativum CRISPR/Cas9 gene editing method lay a good foundation for the gene function research and genetic breeding of the pisum sativum.(ZH) 本发明提供了一种豌豆CRISPR/Cas9基因编辑载体、基因编辑系统及基因编辑方法，涉及基因编辑技术领域。本发明对现有的水稻基因编辑用载体pHUC411进行改造，用en35s启动子、PsCas9的编码基因和PsU6.3分别替换掉pHUC411上原有的ZmUBI、OsCas9和OsU3。利用所述CRISPR/Cas9基因编辑载体构建CRISPR/Cas9基因编辑系统，并对豌豆进行基因编辑，在豌豆中的基因编辑效率可高达8.32％，并且产生了高达7种的突变类型，从而提高了豌豆基因编辑效率，为豌豆的基因功能研究以及遗传育种奠定良好的基础。",,,113549646,13.06.2023,,,
,,,,,,,,,,,,,,,,,,,,
CN313671942,202010984937,China,17.09.2020,112029770,04.12.2020,A,"C12N 15/113
					






C12N 15/80
					






C12N 15/66
					








C12N 15/113
					






C12N 15/80
					






C12N 15/66
					






View less classifications","C12N 15/1137
					






C12N 15/80
					






C12N 15/66
					






C12Y 207/11024
					






C12N 2310/20
					








C12N 15/1137
					






C12N 15/80
					






C12N 15/66
					






C12Y 207/11024
					






C12N 2310/20
					






View less classifications","INSTITUTE OF ECONOMIC CROP, HUBEI ACADEMY OF AGRICULTURAL SCIENCE湖北省农业科学院经济作物研究所",ZHU ZHIXIAN朱志贤YU CUI于翠DONG ZHAOXIA董朝霞MO RONGLI莫荣利LI YONG李勇DENG WEN邓文HU XINGMING胡兴明,北京方圆嘉禾知识产权代理有限公司 11385,(EN) Establishment method and application of CRISPR/Cas9 gene editing system(ZH) 一种CRISPR/Cas9基因编辑体系的建立方法及其应用,"(EN) The invention discloses an establishment method and application of a CRISPR/Cas9 gene editing system. The method comprises the following steps: sgRNA design; construction a CRISPR/Cas9-Mmk1-sgRNA vector; transformation and screening of positive clones; preparation of a protoplast; and protoplast transformation. A CRISPR/Cas9 technology is taken as an entry point, mulberry Sclerotiorum shiana is taken as a research object, a CRISPR/Cas9 vector system is utilized, a CRISPR/Cas9 editing vector corresponding to sclerotium formation related gene Mmk1 is constructed, and efficient editing of the S.shiraiana endogenous gene Mmk1 is realized through PED-mediated protoplast transformation, and the effective CRISPR/Cas9 gene editing system is established in the mulberry S. shiana.(ZH) 本发明公开了一种CRISPR/Cas9基因编辑体系的建立方法及其应用，包括以下步骤：sgRNA设计；CRISPR/Cas9‑Mmk1‑sgRNA载体的构建；转化并筛选阳性克隆；原生质体的制备；原生质体转化。本发明以CRISPR/Cas9技术为切入点，以桑椹缩小型菌核病菌Scleromitrula shiraiana为研究对象，利用CRISPR/Cas9载体系统，并构建菌核形成相关基因Mmk1相应的CRISPR/Cas9编辑载体，通过PEG介导的原生质体转化实现对S.shiraiana内源基因Mmk1的高效编辑，在桑椹菌核病菌中建立有效的CRISPR/Cas9基因编辑技术体系。",,,,,,,
CN323582956,202011581248,China,28.12.2020,112708633,27.04.2021,B,"C12N 15/84
					






C12N 15/65
					






A01H 6/46
					






A01H 5/10
					






G01N 21/64
					








C12N 15/84
					






C12N 15/65
					






A01H 6/46
					






A01H 5/10
					






G01N 21/64
					






View less classifications","C12N 15/8212
					






C12N 15/8234
					






C12N 15/65
					






G01N 21/6486
					








C12N 15/8212
					






C12N 15/8234
					






C12N 15/65
					






G01N 21/6486
					






View less classifications","INSTITUTE OF CROP SCIENCE, CHINESE ACADEMY OF AGRICULTURAL SCIENCES中国农业科学院作物科学研究所",XIE CHUANXIAO谢传晓LIU CHANGLIN刘昌林YAN YUANYUAN闫元元LI XINHAI李新海HUANG CHANGLING黄长玲LI LIANG黎亮ZHU JINJIE朱金洁QI XIANTAO祁显涛,北京路浩知识产权代理有限公司 11002,(EN) CRISPR-Cas9 gene editing system containing corn seed fluorescence reporter group and application of CRISPR-Cas9 gene editing system(ZH) 含有玉米种子荧光报告基团的CRISPR-Cas9基因编辑系统及应用,"(EN) The invention discloses a CRISPR-Cas9 gene editing system containing a corn seed fluorescence reporter group and an application of the CRISPR-Cas9 gene editing system. DsRed is expressed in corn embryos or endosperms by utilizing promoters specifically expressed by the embryos and the endosperms, and is fused with a CRISPR/Cas system, so that rapid screening and target mutation identification of corn kernels containing transgenic components and corn kernels without transgenic components are realized. By utilizing the system, the efficiency of constructing a corn gene mutant library can be remarkably improved, i.e., T1-generation seeds subjected to mixed transformation are divided into three types of embryo red fluorescence, endosperm red fluorescence and embryo and endosperm red fluorescence through corn embryo or endosperm fluorescence screening, so that the screening efficiency of single mutation and compound mutation is improved.(ZH) 本发明公开了含有玉米种子荧光报告基团的CRISPR‑Cas9基因编辑系统及应用。本发明利用胚和胚乳特异表达的启动子，在玉米胚或胚乳中表达DsRed，并与CRISPR/Cas系统融合，实现含有转基因成分玉米籽粒和不含转基因成分玉米籽粒的快速筛选，以及靶标突变鉴定。利用该系统可以显著提高构建玉米基因突变体库的效率，即通过玉米胚或胚乳荧光筛选，将混合转化的T1世代种子分成胚发红色荧光，胚乳发红色荧光和胚与胚乳均发红色荧光三种类型，进而提高单独突变和复合突变的筛选效率。",,,112708633,12.07.2022,,,
CN427808614,202311734911,China,15.12.2023,117844860,09.04.2024,A,"C12N 15/84
					






C12N 15/29
					






A01H 5/00
					






A01H 6/20
					








C12N 15/84
					






C12N 15/29
					






A01H 5/00
					






A01H 6/20
					






View less classifications","C12N 15/8273
					






C12N 15/8205
					






C07K 14/415
					








C12N 15/8273
					






C12N 15/8205
					






C07K 14/415
					






View less classifications",HUAZHONG AGRICULTURAL UNIVERSITY华中农业大学,YAO XUAN姚璇FANG SHUAI房帅GUO LIANG郭亮,武汉智嘉联合知识产权代理事务所(普通合伙) 42231,(EN) Application of brassica napus BnaREM1.3 gene and encoding protein thereof in regulation and control of drought resistance of crops(ZH) 油菜BnaREM1.3基因及其编码蛋白在调控作物抗旱性中的应用,"(EN) The invention relates to an application of a rape BnaREM1.3 gene and an encoding protein thereof in regulation and control of drought resistance of crops. An overexpression strain of the BnaREM1.3 gene is obtained, it is found that the drought resistance of the overexpression strain is remarkably improved compared with that of a wild type, meanwhile, a mutant strain of the BnaREM1.3 gene is obtained through a CRISPR/Cas9 technology, and it is found that the drought resistance of the mutant strain is remarkably reduced compared with that of the wild type. According to the results, the rape BnaREM1.3 gene can be used for creating rapes with different drought resistance and stable inheritance, important gene resources and germplasm resources are provided for drought-resistant breeding of the rapes, and the rape BnaREM1.3 gene has wide application prospects in molecular design breeding of the rapes.(ZH) 本发明油菜BnaREM1.3基因及其编码蛋白在调控作物抗旱性中的应用。本发明获得了BnaREM1.3基因的过表达株系，发现其抗旱性相比于野生型显著提高，同时，利用CRISPR/Cas9技术得到了BnaREM1.3基因的突变体株系，发现其抗旱性相比于野生型显著降低。综上结果表明，利用油菜BnaREM1.3基因可以创制不同抗旱性且能够稳定遗传的油菜，为油菜的抗旱育种提供了重要的基因资源和种质资源，在油菜分子设计育种中具有广阔的应用前景。",,,,,,,
,,,,,,,,,,,,,,,,,,,,
CN305440777,202010439225,China,22.05.2020,111575319,25.08.2020,B,"C12N 15/90
					






C12N 9/22
					






C07K 19/00
					






C12N 15/62
					






C12N 15/70
					








C12N 15/90
					






C12N 9/22
					






C07K 19/00
					






C12N 15/62
					






C12N 15/70
					






View less classifications","C12N 15/902
					






C12N 15/907
					






C12N 15/8213
					






C12N 9/22
					






C12N 15/70
					






C07K 2319/70
					








C12N 15/902
					






C12N 15/907
					






C12N 15/8213
					






C12N 9/22
					






C12N 15/70
					






C07K 2319/70
					






View less classifications",GUANGDONG ACADEMY OF AGRICULTURAL SCIENCES-AGRICULTURAL BIOLOGICAL GENE RESEARCH CENTER广东省农业科学院农业生物基因研究中心,LIU WENHUA刘文华ZHU QINGFENG朱庆锋CHEN ZHUANG陈庄CHEN ZHONGJIAN陈中健LIU SHENGJIE刘圣杰WU XIUJU吴秀菊DAI ZHANGYAN戴彰言,广州市华学知识产权代理有限公司 44245,(EN) Efficient clustered regularly interspaced short palindromic repeats ribonucleoprotein (CRISPR RNP) and donor DNA co-location mediated gene insertion or replacement method and application thereof(ZH) 一种高效的CRISPR RNP和供体DNA共位介导的基因插入或替换方法及其应用,"(EN) The invention discloses an efficient clustered regularly interspaced short palindromic repeats ribonucleoprotein (CRISPR RNP) and donor DNA co-location mediated gene insertion or replacement method and application thereof. The method comprises the following steps: (1) biotin labeling is performed on donor DNA to obtain biotin-labeled donor DNA; (2) fusion protein of Cas9 protein and monovalent streptavidin, sgRNA and the biotin-labeled donor DNA are evenly mixed and undergo standing to obtain a CRISPR RNP-donor DNA complex; and (3) cell nucleus transformation is performed on the CRISPR RNP-donor DNA complex to realize gene insertion or replacement. According to the method, by utilizing the characteristic that the fusion protein can be combined with the biotin-labeled donor DNA, the CRISPRRNP and the donor DNA appear at a target locus together, and precise insertion of the donor DNA at the target locus or accurate replacement of a gene at the target locus is realized; and the method issuitable for the aspect of crop and livestock breeding.(ZH) 本发明公开了一种高效的CRISPR RNP和供体DNA共位介导的基因插入或替换方法及其应用。该方法包括如下步骤：(1)将供体DNA进行生物素标记，得到生物素标记的供体DNA；(2)将Cas9蛋白与单价链霉亲和素的融合蛋白，sgRNA和生物素标记的供体DNA混合均匀，静置，得到CRISPR RNP‑供体DNA复合体；(3)将CRISPR RNP‑供体DNA复合体进行细胞核转化，实现基因插入或替换。本发明中利用该融合蛋白能结合生物素标记供体DNA的特性，使CRISPR RNP和供体DNA共同出现在目标位点，实现供体DNA在目标位点的精准插入或对目标位点基因的精准替换，适用于农作物和家畜育种方面。",,,111575319,08.04.2022,,,
CN396204737,202211429022,China,15.11.2022,115948511,11.04.2023,A,"C12Q 1/6825
					






C12Q 1/6869
					






G01N 27/26
					








C12Q 1/6825
					






C12Q 1/6869
					






G01N 27/26
					






View less classifications","Y02A 50/30
					








Y02A 50/30
					






View less classifications",ZHEJIANG UNIVERSITY HANGZHOU INTERNATIONAL SCIENCE AND TECHNOLOGY INNOVATION CENTER浙江大学杭州国际科创中心,PAN RONGHUI潘荣辉ZHANG KAI张凯ZHU XIA朱霞SHEN XINGXING沈星星HU JIN胡晋GUAN YAJING关亚静,杭州天勤知识产权代理有限公司 33224,(EN) Gene sequence detection method(ZH) 一种基因序列检测方法,"(EN) The invention discloses a gene sequence detection method, which is characterized in that a sensor formed by combining electrochemical luminescence with CRISPR/Cas12a changes ECL signal output by introducing a target so as to cause change of energy transfer of an ECL luminescent material on the surface of an electrode. Since the ECL signal is generated without stimulation of an external light source, interference of background signals is reduced while high sensitivity is achieved. The detection system has good stability and repeatability, which are crucial to effective large-scale screening of transgenic crops in regions with relatively deficient resources at present, and we expect that the method may provide a potential platform for detection of transgenic crops.(ZH) 本发明公开了一种基因序列检测方法，用电化学发光结合CRISPR/Cas12a构成的传感器通过引入靶标来改变ECL信号输出，以引起电极表面上ECL发光材料的能量转移的变化。由于ECL信号是在没有外部光源刺激的情况下产生的，因此在具有高灵敏度的同时减少了背景信号的干扰。该检测系统具有良好的稳定性和可重复性，这对于在目前资源相对匮乏的地区有效大规模筛查转基因作物至关重要，我们期望该方法可能为转基因作物的检测提供潜在的平台。",,,,,,,
,,,,,,,,,,,,,,,,,,,,
CN361401421,202210079554.X,China,24.01.2022,114438122,06.05.2022,B,"C12N 15/84
					






C12N 15/53
					






C12N 9/02
					






A01H 5/10
					






A01H 6/20
					








C12N 15/84
					






C12N 15/53
					






C12N 9/02
					






A01H 5/10
					






A01H 6/20
					






View less classifications","C12N 15/8247
					






C12N 9/0008
					






C12Y 102/01044
					








C12N 15/8247
					






C12N 9/0008
					






C12Y 102/01044
					






View less classifications",AGRICULTURAL UNIVERSITY IN CHINA华中农业大学,GUO LIANG郭亮YAO XUAN姚璇LU SHAOPING鲁少平XIA YEFAN夏烨凡ZHANG HUI章惠,武汉智嘉联合知识产权代理事务所(普通合伙) 42231,(EN) Application of rape cinnamyl-CoA reductase gene BnaCCR-LIKE in regulation and control of oil content of crops(ZH) 油菜类肉桂酰-CoA还原酶基因BnaCCR-LIKE在调控作物含油量中的应用,"(EN) The invention discloses an application of an oilseed rape cinnamoyl-CoA reductase gene BnaCCR-LIKE in regulating and controlling the oil content of oilseed rape. The nucleotide sequence of the gene is shown as SEQ ID NO: 1 or SEQ ID NO: 2 or SEQ ID NO: 3. According to the invention, a CRISPR/Cas9 gene editing vector targeting the cinnamoyl-like-CoA reductase gene BnaCCR-LIKE is transformed into a genome of the rape by using an agrobacterium-mediated genetic transformation method, and a rape variety with the function of the gene BnaCCR-LIKE deleted is obtained by using a CRISPR/Cas9 gene editing technology. By measuring the oil content and lipid group of the mutant material, the accumulation of the oil content of the rape is negatively regulated by the BnaCCR-LIKE gene, the oil content of the mutant material is remarkably increased compared with that of a wild type, and the linolenic acid content is remarkably increased. The genetic resource has very important application in high-oil breeding of rape.(ZH) 本发明公开了油菜类肉桂酰‑CoA还原酶基因BnaCCR‑LIKE在调控油菜含油量中的应用，所述基因的核苷酸序列如SEQ ID NO:1或SEQ ID NO:2或SEQ ID NO:3所示。本发明使用农杆菌介导的遗传转化方法将靶向所述类肉桂酰‑CoA还原酶基因BnaCCR‑LIKE的CRISPR/Cas9基因编辑载体转化到油菜的基因组中，利用CRISPR/Cas9基因编辑技术获得基因BnaCCR‑LIKE功能缺失的油菜品种。通过测定突变体材料的含油量、脂质组，发现BnaCCR‑LIKE基因负调控油菜含油量的积累，突变体材料含油量相比于野生型显著升高，且亚麻酸含量显著升高。该遗传资源在油菜高油育种中具有十分重要的应用。",,,114438122,24.11.2023,,,
CN343798396,202110997209.X,China,27.08.2021,113684314,23.11.2021,B,"C12Q 1/70
					






C12Q 1/6844
					






C12N 15/11
					








C12Q 1/70
					






C12Q 1/6844
					






C12N 15/11
					






View less classifications","C12Q 1/701
					






C12Q 1/6844
					








C12Q 1/701
					






C12Q 1/6844
					






View less classifications","INSTITUTE OF CROP SCIENCE, CHINESE ACADEMY OF AGRICULTURAL SCIENCES中国农业科学院作物科学研究所",XIE CHUANXIAO谢传晓ZHU JINJIE朱金洁LI LINA李丽娜LIU CHANGLIN刘昌林QI XIANTAO祁显涛XU XIAOJIE徐孝洁HUANG JING黄晶,北京慕达星云知识产权代理事务所(特殊普通合伙) 11465,(EN) Kit for detecting RBSDV based on CRISPR-Cas system and detection method(ZH) 一种基于CRISPR-Cas系统检测RBSDV病毒的试剂盒及检测方法,"(EN) The invention discloses a kit for detecting RBSDV based on a CRISPR-Cas system and a detection method, and belongs to the technical field of molecular detection. The detection method for detecting RBSDV based on CRISPR-Cas systems comprises the following four main steps of rapid preparation of virus-carrying samples, establishment of a reverse transcription-isothermal amplification system, collection of fluorescence signals based on a nucleic acid detection system of four CRISPR-Cas systems, and visual presentation of results. The kit can be used for detecting a single site of the RBSDV, can further be used for synchronously detecting double sites in one reaction, and a detection result can be visually read by naked eyes; the detection method can be directly applied to real-time monitoring of the in-vivo virus carrying rate of a field laodelphax striatellus population, and has a very high application value in prevention and treatment of RBSDV virus transmission and the like.(ZH) 本发明公开了一种基于CRISPR‑Cas系统检测RBSDV病毒的试剂盒及检测方法，属于分子检测技术领域。本发明公开的一种基于CRISPR‑Cas系统检测RBSDV病毒的检测方法，包括带毒样本的快速制备、反转录‑恒温扩增扩增体系的建立、基于4个CRISPR‑Cas系统的核酸检测系统、荧光信号的收集及结果的可视化呈现四个主要步骤。本发明方法不仅可以对RBSDV的单位点进行检测，而且还可以在一个反应内进行双位点的同步检测，检测结果可通过肉眼可视化读取；该检测方法可直接应用于田间灰飞虱群体体内带毒率的实时监测、对于RBSDV病毒的传播预防及防治等具有很高的应用价值。",,,113684314,28.10.2022,,,
,,,,,,,,,,,,,,,,,,,,
,,,,,,,,,,,,,,,,,,,,
,,,,,,,,,,,,,,,,,,,,
,,,,,,,,,,,,,,,,,,,,
,,,,,,,,,,,,,,,,,,,,
,,,,,,,,,,,,,,,,,,,,
,,,,,,,,,,,,,,,,,,,,
,,,,,,,,,,,,,,,,,,,,
,,,,,,,,,,,,,,,,,,,,
,,,,,,,,,,,,,,,,,,,,
,,,,,,,,,,,,,,,,,,,,
,,,,,,,,,,,,,,,,,,,,
,,,,,,,,,,,,,,,,,,,,
,,,,,,,,,,,,,,,,,,,,
,,,,,,,,,,,,,,,,,,,,
,,,,,,,,,,,,,,,,,,,,
,,,,,,,,,,,,,,,,,,,,
,,,,,,,,,,,,,,,,,,,,
CN213623384,201710923662.X,China,30.09.2017,107760663,06.03.2018,A,"C12N 9/88
					






C12N 15/60
					






C12N 15/10
					






C12N 15/82
					






A01H 5/00
					






A01H 4/00
					








C12N 9/88
					






C12N 15/60
					






C12N 15/10
					






C12N 15/82
					






A01H 5/00
					






A01H 4/00
					






View less classifications","A01H 4/005
					






C12N 9/88
					






C12N 15/82
					






C12Y 401/01031
					








A01H 4/005
					






C12N 9/88
					






C12N 15/82
					






C12Y 401/01031
					






View less classifications",XINJIANG UNIVERSITY新疆大学JING SIQUN敬思群,JING SIQUN敬思群TU YIXIAN涂亦娴GUO GAI郭改,(EN) Construction and application of clone and expression vector of cyperus esculentus pepc gene(ZH) 油莎草pepc基因的克隆及表达载体的构建和应用,"(EN) The invention discloses the construction and the application of a clone and expression vector of cyperus esculentus pepc gene. The pepc gene with the total length of 3399 bp is obtained through designed specific primer and RACE PCR amplification, and then a pepc oligo DNA sequence is firstly designed and synthesized; secondly, an sgRNA carrier with a guiding effect is constructed; an finally, a segment containing a promotor area, the pepc oligo DNA sequence and the sgRNA is cut through double digests to be connected with pP1C.1 containing Cas protein, so that the CRISPR/Cas9 carrier of the pepc gene is constructed successfully; after the carrier is dip-dyed for tobacco leaves, the oil content of tobacco is increased by 33.4%, a foundation is laid for obtaining and cultivating transgenic plants with relatively high oil content for subsequent pepc gene carrier conversion oil-production plants, and the carrier plays an important role in cultivation and production popularization of new products.(ZH) 本发明公开油莎草pepc基因的克隆及表达载体的构建和应用，通过对设计特异引物、RACE PCR扩增获得全长为3399bp的pepc基因，进而首先设计合成pepc oligo DNA序列，其次构建出具有导向作用的sgRNA载体，最后通过双酶切将包含有启动子区域、pepc oligo DNA序列及sgRNA的片段切开，与含有Cas蛋白的pP1C.1进行连接，成功构建pepc基因的CRISPR/Cas9载体，此载体在对烟草叶片进行浸染后，使烟草含油率提高33.4%，为后续pepc基因载体转化产油植物，获得、培育含油率较高的转基因植株奠定了基础，对于新品种培育、生产推广具有重要作用。",,,,,,,,
CN254000321,201910383611,China,09.05.2019,110257418,20.09.2019,B,"C12N 15/82
					






C12N 15/66
					






A01H 5/00
					






A01H 6/46
					








C12N 15/82
					






C12N 15/66
					






A01H 5/00
					






A01H 6/46
					






View less classifications","C12N 15/66
					






C12N 15/8205
					






C12N 15/8213
					








C12N 15/66
					






C12N 15/8205
					






C12N 15/8213
					






View less classifications",HUNAN HYBRID RICE RESEARCH CENTER湖南杂交水稻研究中心,ZHAO BINGRAN赵炳然LYU QIMING吕启明MAO BIGANG毛毕刚,湖南兆弘专利事务所(普通合伙) 43008,"(EN) Method for fixing rice heterosis
(ZH) 一种固定水稻杂种优势的方法","(EN) The invention discloses a method for fixing rice heterosis, wherein the method comprises the steps: linking an OsMADS13 promoter with a rice BBM1 gene coding sequence, and constructing into an expression vector to obtain a vector A; constructing a vector B having EAC1-like double targets CRISPR/Cas9 knocked out; co-transforming the vector A and the vector B into hybrid rice seeds by an agrobacterium mediating method, to obtain T0-generation plants; and selfing the T0-generation plants to obtain selfing seeds. The promoter is specifically expressed by a rice nucellus tissue, a rice embryogenesis key gene is specifically expressed in the hybrid rice nucellus tissue, and nucellus tissue somatic cells are induced to form an indefinite embryo; genes specifically expressed in rice egg cells and playing an important role in the growth and development of the egg cells are knocked out; the hybrid rice is selfed, and seeds that can fix the rice heterosis can be formed. The method can eliminate the risk of numerous hybrid rice seed production.(ZH) 本发明公开了一种固定水稻杂种优势的方法，将OsMADS13启动子与水稻BBM1基因编码序列连接，构建到表达载体中得到载体A；构建EAC1‑like双靶点CRISPR/Cas9敲除的载体B；将载体A和载体B通过农杆菌介导法共转化到杂交水稻种子中得到T0代植株；T0代植株进行自交得到自交种子。本发明利用水稻珠心组织特异表达启动子，将水稻成胚关键基因在杂交水稻珠心组织中特异表达，诱导珠心组织体细胞形成不定胚；将在水稻卵细胞中特异表达，对卵细胞生长发育具有重要作用的基因敲除；使杂交水稻自交，形成能够固定水稻杂种优势的种子。这种方法可以消除杂交水稻繁制种风险。",,,110257418,10.04.2020,,,
,,,,,,,,,,,,,,,,,,,,
EP449225675,23721018,European Patent Office,03.04.2023,4508220,19.02.2025,A1,"C12N 15/82
					






C12N 9/22
					








C12N 15/82
					






C12N 9/22
					






View less classifications","C12N 15/8241
					






C12N 9/22
					








C12N 15/8241
					






C12N 9/22
					






View less classifications",UNIV RAMOT,SHANI EILONMAYROSE ITAY,(DE) SYSTEME UND VERFAHREN FÜR GENOMWEITES TARGETING VON FUNKTIONELLER REDUNDANZ IN PFLANZEN(EN) SYSTEMS AND METHODS FOR GENOME-SCALE TARGETING OF FUNCTIONAL REDUNDANCY IN PLANTS(FR) SYSTÈMES ET PROCÉDÉS POUR LE CIBLAGE À L'ÉCHELLE DU GÉNOME DE LA SUPERFLUITÉ FONCTIONNELLE CHEZ LES PLANTES,"(EN) The present invention relates to compositions and methods for overcoming functional redundancy in plants, particularly to methods for knocking-out and identifying multiple genes underlying a certain phenotype, utilizing multi-targeted genome-scale Clustered Regularly Interspaced Short Palindromic Repeats (CRISPR) applications.(FR) La présente invention concerne des compositions et des procédés permettant de surmonter la superfluité fonctionnelle chez les plantes, plus particulièrement des procédés permettant d'éliminer et d'identifier de multiples gènes sous-jacents à un certain phénotype, à l'aide d'applications CRISPR multiciblées à l'échelle du génome.",,202263329506 11.04.2022 US,"WO/2023/199308

IL316134",,,,,
CN193005842,102016000615347,China,01.08.2016,106434688,22.02.2017,A,"C12N 15/29
					






A01H 5/00
					








C12N 15/29
					






A01H 5/00
					






View less classifications","C07K 14/415
					






C12N 15/8261
					






Y02A 40/10
					








C07K 14/415
					






C12N 15/8261
					






Y02A 40/10
					






View less classifications","YUNNAN NABO BIOLOGICAL TECHNOLOGY CO., LTD.",ZHANG YESHENGZHANG RUDONG YANG,(EN) Artificial fixed-point rice dense and erect panicle (DEP1) gene mutant body and application thereof(ZH) 一种水稻直立密穗DEP1基因人工定点突变体及其应用,"(EN) The invention discloses an artificial fixed-point rice dense and erect panicle (DEP1) gene mutant body and application thereof. The rice DEP1 gene mutant body as well as a corresponding allele is obtained by modifying a 5th exon of a DEP1 gene by adopting a CRISPR/Cas9 gene targeting modification technology, so that a base of the 5th exon is replaced, lost and inserted. The artificial fixed-point rice DEP1 gene mutant body and the application thereof disclosed by the invention have the benefits that the artificial mutation is performed on the 5th exon of the rice DEP1 gene by adopting the CRISPR/Cas9, and the mutant body capable of obviously improving the rice yield and the allele are screened; the DEP1 gene mutant body disclosed by the invention as well as the corresponding allele can improve the yield of rice plants by 13-51 percent and is even superior to a natural mutation type.(ZH) 本发明公开了一种水稻直立密穗DEP1基因人工定点突变体及其应用。所述水稻直立密穗DEP1基因突变体及相应的等位基因采用CRISPR/Cas9基因靶向修饰技术对DEP1基因的第5外显子修饰，使得第5外显子的碱基发生替换、缺失和插入而得到。本发明采用CRISPR/Cas9对直立密穗DEP1基因的第5显子进行人工突变，并筛选出能够显著提高水稻产量的突变体及等位基因；本发明提供的DEP1基因突变体及相应的等位基因能够将水稻单株产量提高13％～51％，甚至优于自然界的突变类型。",,,,,,,,
,,,,,,,,,,,,,,,,,,,,
CN282892495,201911186091,China,28.11.2019,110714010,21.01.2020,B,"C12N 15/113
					






C12N 15/82
					






C12N 15/29
					






C12N 9/22
					






C07K 14/415
					






A01H 5/10
					






View more classifications
							






C12N 15/113
					






C12N 15/82
					






C12N 15/29
					






C12N 9/22
					






C07K 14/415
					






A01H 5/10
					






A01H 6/46
					






View less classifications","C12N 15/113
					






C12N 15/8218
					






C12N 15/8245
					






C07K 14/415
					






C12N 2310/20
					








C12N 15/113
					






C12N 15/8218
					






C12N 15/8245
					






C07K 14/415
					






C12N 2310/20
					






View less classifications","YUAN LONGPING HIGH-TECH AGRICULTURE CO., LTD.袁隆平农业高科技股份有限公司HUNAN YAHUA ACADEMY OF SEED SCIENCES湖南亚华种业科学研究院HUNAN LONGPING HI-TECH SEED SCIENCE AND TECHNOLOGY INSTITUTE CO., LTD.湖南隆平高科种业科学研究院有限公司",YANG YUANZHU杨远柱ZHOU YANBIAO周延彪ZHAO XINHUI赵新辉TANG QIANYING唐倩莹TANG XIAODAN唐晓丹LIAO XUE廖雪,长沙星耀专利事务所(普通合伙) 43205,(EN) Method for reducing rice amylose content through gene editing and special sgRNA(ZH) 一种通过基因编辑降低水稻直链淀粉含量的方法及其专用sgRNA,"(EN) The present invention discloses a method for reducing rice amylose content through gene editing and a special sgRNA, and belongs to the field of biotechnology. The method comprises the following steps: expression of a Waxy gene in rice is inhibited; and the Waxy gene is the gene encoding Waxy protein. A CRISPR/Cas9 technology is utilized to edit the rice Waxy gene on site. By causing frameshift mutations and knocking out the rice Waxy gene, a new generation of rice germplasm with significantly reduced amylose content is obtained. Compared with a wild type, the obtained Waxy site-edited strainis significantly lowered in amylose content.(ZH) 本发明公开了一种通过基因编辑降低水稻直链淀粉含量的方法及其专用sgRNA，属于生物技术领域，包括如下步骤：抑制水稻中所述Waxy基因的表达；所述Waxy基因为编码Waxy蛋白的基因。本发明利用CRISPR/Cas9技术，定点编辑水稻Waxy基因，通过造成移码突变，敲除了水稻Waxy基因，获得了直链淀粉含量明显降低的新一代水稻新种质。获得的Waxy定点编辑株系与野生型相比，直链淀粉含量均显著降低。",,,110714010,04.11.2022,,,
CN439115535,202410724455,China,05.06.2024,118599891,06.09.2024,A,"C12N 15/82
					






C12N 15/29
					






C07K 14/415
					






A01H 5/00
					






A01H 6/82
					






C12N 15/113
					








C12N 15/82
					






C12N 15/29
					






C07K 14/415
					






A01H 5/00
					






A01H 6/82
					






C12N 15/113
					






View less classifications","C12N 15/8243
					






C12N 15/8245
					






C07K 14/415
					






C12N 15/113
					






C12N 2310/20
					








C12N 15/8243
					






C12N 15/8245
					






C07K 14/415
					






C12N 15/113
					






C12N 2310/20
					






View less classifications","CHINA TOBACCO YUNNAN INDUSTRIAL CO., LTD.云南中烟工业有限责任公司",CHEN YUDONG陈钰栋SHUAI YANJU帅艳菊GAO XI高茜HUANG HAITAO黄海涛DENG LELE邓乐乐LI XUEMEI李雪梅,北京维澳知识产权代理有限公司 11252,"(EN) The invention discloses an application of a tobacco early blossoming gene NtELF3 in regulating and controlling the content of scopolamine, total sugar and reducing sugar in tobacco leaves. The nucleotide sequence of the NtELF3 gene is as shown in SEQ ID NO. 1. According to the invention, a CRISPR/Cas9 editing vector for knocking out the NtELF3 gene is constructed through a CRISPR/Cas9 mediated gene editing technology, and a tobacco plant with the NtELF3 gene knocked out is obtained after editing material creation and molecular detection and identification. Compared with a control tobacco plant, the editing tobacco plant with the NtELF3 gene knocked out has the advantage that the content of hyoscyamine, total sugar and reducing sugar in tobacco leaves in the mature period is remarkably increased. Theoretical basis is provided for further clarification of tobacco polyphenol metabolism and sugar metabolism regulation mechanisms, and a new genetic material is provided for cultivation of tobacco varieties with significantly changed polyphenol content and/or sugar content.(ZH) 本发明公开了一种烟草早花基因NtELF3在调控烟叶莨菪苷、总糖和还原糖含量中的应用。NtELF3基因的核苷酸序列如SEQ ID NO.1所示。本发明通过CRISPR/Cas9介导的基因编辑技术，构建了用于敲除NtELF3基因的CRISPR/Cas9编辑载体，经编辑素材创制和分子检测鉴定后获得了NtELF3基因敲除的烟草植株。本发明获得的NtELF3基因敲除的编辑烟草植株，相比于对照烟草植株，成熟期烟叶中莨菪苷、总糖和还原糖含量显著提高。这为进一步阐明烟草多酚代谢和糖代谢调控机理提供了理论依据，为培育多酚含量和/或糖含量显著改变的烟草品种提供了新的遗传材料。",,,,,,,,
CN234767909,201810724590,China,04.07.2018,108866093,23.11.2018,B,"C12N 15/84
					






C12N 15/113
					






C12N 9/22
					






A01H 5/00
					






A01H 6/54
					








C12N 15/84
					






C12N 15/113
					






C12N 9/22
					






A01H 5/00
					






A01H 6/54
					






View less classifications","C12N 9/22
					






C12N 15/70
					






C12N 15/8213
					






C12N 2310/20
					






C12N 15/743
					






A01H 5/10
					






View more classifications
							






C12N 9/22
					






C12N 15/70
					






C12N 15/8213
					






C12N 2310/20
					






C12N 15/743
					






A01H 5/10
					






C12N 15/8209
					






A01H 6/544
					






C12N 15/11
					






C12N 15/8205
					






C12N 2800/80
					






View less classifications","GUANGDONG SANJIE HERBAGE BIOTECHNOLOGY CO., LTD.广东三杰牧草生物科技有限公司",CHEN HAITAO陈海涛WANG WEN王文XIE XIONGPING谢雄平QIU QIANG邱强SHANG ZHANHUAN尚占环SU KEXIAN苏克先HE HUI何辉,北京化育知识产权代理有限公司 11833,(EN) Method for site-specific mutagenesis of medicago sativa gene by employing CRISPR/Cas9 system(ZH) 一种利用CRISPR/Cas9系统对紫花苜蓿基因定点突变的方法,"(EN) The invention discloses a method for site-specific mutagenesis of medicago sativa genes by employing a CRISPR/Cas9 system. First of all, a binary expression vector MsCRISPR/Cas9 is constructed; the vector is designed and constructed for a target gene; then, agrobacterium tumefaciens-mediated transformation is used to achieve site-specific mutagenesis of a specific gene, and a mutant transformed plant with the target gene knocked out is obtained by screening; the method uses the CRISPR/Cas9 technology for cross-pollination autotetraploid plant medicago sativa for the first time, and obtains a mutant plant; a MtU6 promoter is used for the first time to initiate sgRNA transcription in the medicago sativa, thereby improving the transcription efficiency; the mutation rate can reach 52%; the method realizes direct mutation on the coding sequence of the gene, and opens up a new field for gene editing in the medicago sativa, laying a technical foundation for simultaneous silencing of a plurality of genes, deletion of large chromosome fragments, precise insertion of foreign genes into targets, gene regulation and the like.(ZH) 本发明公开了一种利用CRISPR/Cas9系统对紫花苜蓿基因定点突变的方法。本发明首次在异花授粉的同源四倍体植物紫花苜蓿中使用CRISPR/Cas9技术，并获得突变植株；首次使用MtU6启动子在紫花苜蓿中启动sgRNA转录，提高转录效率；与自然突变以及传统人工诱导突变相比，本发明以更高的突变效率精准地引入突变，能达到突变率52%，其中纯合突变率达12%。本发明直接在基因编码序列上进行突变，为在紫花苜蓿中进行基因编辑开辟了新的领域，为后续同时沉默多个基因、染色体大片段缺失、外源基因精准插入靶点、基因调控等奠定了技术基础。",,"WO/2020/007331

AU2019299296

EP3848464

US20210292777

CA3105396

US20210147844",108866093,09.07.2021,,,
CN349230546,202111375331,China,19.11.2021,113943740,18.01.2022,B,"C12N 15/29
					






C07K 14/415
					






C12N 15/82
					






A01H 5/00
					






A01H 6/82
					








C12N 15/29
					






C07K 14/415
					






C12N 15/82
					






A01H 5/00
					






A01H 6/82
					






View less classifications","C07K 14/415
					






C12N 15/8205
					






C12N 15/8243
					






Y02A 50/30
					








C07K 14/415
					






C12N 15/8205
					






C12N 15/8243
					






Y02A 50/30
					






View less classifications",YUNNAN ACADEMY OF TOBACCO AGRICULTURE SCIENCE云南省烟草农业科学研究院,JIAO FANGCHAN焦芳婵GAO YULONG高玉龙WANG BINGWU王丙武ZHAO LU赵璐SUI XUEYI隋学艺SONG ZHONGBANG宋中邦KONG GUANGHUI孔光辉ZHANG YIHAN张谊寒WU XINGFU吴兴富LI YONGPING李永平,北京海虹嘉诚知识产权代理有限公司 11129,(EN) NtCHA1 gene capable of regulating and controlling potassium content of tobacco leaves and application of NtCHA1 gene(ZH) 一种可调控烟叶钾含量的NtCHA1基因及其应用,"(EN) The invention relates to the technical field of genetic engineering, and relates to a gene for regulating and controlling the potassium content of tobacco leaves, in particular to an NtCHA1 gene capable of regulating and controlling a potassium content of tobacco leaves and application of the NtCHA1 gene. The NtCHA1 gene has a nucleotide sequence shown as SEQ ID NO. 1. The invention further provides an application based on the NtCHA1 gene for regulating and controlling the potassium content of the tobacco leaves, the potassium content of the tobacco leaves can be remarkably increased by overexpressing the NtCHA1 gene in the tobacco leaves, and the potassium content of the tobacco leaves is remarkably reduced compared with that of a control group after the gene is knocked out through CRISPR/cas9. According to the invention, a regulation and control function of the NtCHA1 gene on the potassium content of the tobacco leaves is defined, a new evidence is provided for analyzing a molecular regulation and control mechanism of the potassium ion content of the tobacco leaves, and a basis is also provided for application of improving the potassium content of the tobacco leaves through overexpression of the gene.(ZH) 本发明涉及基因工程技术领域，涉及调控烟叶钾含量的基因，具体涉及一种可调控烟叶钾含量的NtCHA1基因及其应用。本发明提供一种调控烟叶钾含量的NtCHA1基因，其核苷酸序列如SEQ ID NO.1所示。还提供一种基于所述调控烟叶钾含量的NtCHA1基因的应用，在烟草中过表达NtCHA1基因可以显著提高烟叶的钾含量，通过CRISPR/cas9敲除该基因后烟叶钾含量与对照相比显著降低，可见NtCHA1基因参与了烟草钾含量的调控。本发明明确了NtCHA1基因对烟叶钾含量的调控功能，为解析烟草钾离子含量的分子调控提机制供了新的证据，也为通过过表达该基因提高烟叶钾含量的应用提供了依据。",,,113943740,09.02.2024,,,
CN397876024,202211108488,China,13.09.2022,116042644,02.05.2023,A,"C12N 15/29
					






C07K 14/415
					






C12N 15/113
					






C12N 15/82
					






A01H 5/00
					






A01H 6/46
					








C12N 15/29
					






C07K 14/415
					






C12N 15/113
					






C12N 15/82
					






A01H 5/00
					






A01H 6/46
					






View less classifications","C07K 14/415
					






C12N 15/113
					






C12N 15/8261
					






C12N 2310/20
					








C07K 14/415
					






C12N 15/113
					






C12N 15/8261
					






C12N 2310/20
					






View less classifications",NANJING AGRICULTURAL UNIVERSITY南京农业大学,DING CHENGQIANG丁承强ZHONG TIANHUI钟天慧LI JIERU李洁如XU RUIHAN徐睿含DING YANFENG丁艳锋LI GANGHUA李刚华LIU ZHENGHUI刘正辉TANG SHE唐设CHEN LIN陈琳,南京天华专利代理有限责任公司 32218南京天华专利代理有限责任公司 32218,"(EN) The invention discloses a method for preparing improved rice by mutating an OsHOX3 gene through a CRISPR/Cas9 system, and belongs to the technical field of plant genetic engineering. According to the invention, a target sequence is designed according to the OsHOX3 gene, a first exon of the OsHOX3 gene is subjected to artificial mutation by adopting CRISPR/Cas9, and a function deletion mutant is screened out. The plant ear number and the ear grain number of the OsHOX3 mutant are increased, the ear structure is optimized, the primary branch number is increased, the secondary branch number is reduced, meanwhile, the grains become slender, and chalkiness is reduced, which indicates that the OsHOX3 participates in improving the rice yield and the rice appearance quality. The OsHOX3 gene can be used as an important resource for genetic improvement breeding of rice germplasm resources, and is beneficial to improvement of rice yield and appearance quality.(ZH) 本发明公开了一种利用CRISPR/Cas9系统突变OsHOX3基因制备改良水稻的方法，属于植物基因工程技术领域。本发明根据OsHOX3基因设计靶标序列，采用CRISPR/Cas9对OsHOX3基因的第一外显子进行人工突变，并筛选出功能缺失突变体。OsHOX3突变体植株穗数和穗粒数增加，穗结构得到优化，一次枝梗数增加而二次枝梗数减少，同时籽粒变得细长和垩白降低，表明OsHOX3参与改善水稻产量和稻米外观品质。OsHOX3基因可作为水稻种质资源的遗传改良育种的重要资源，有助于水稻产量和外观品质的提升。",,,,,,,,
CN398214758,202211431638,China,15.11.2022,116064588,05.05.2023,A,"C12N 15/29
					






C12N 15/82
					






C07K 14/415
					






A01H 5/06
					






A01H 5/00
					






A01H 6/82
					








C12N 15/29
					






C12N 15/82
					






C07K 14/415
					






A01H 5/06
					






A01H 5/00
					






A01H 6/82
					






View less classifications","C07K 14/415
					






C12N 15/8218
					






C12N 15/8261
					








C07K 14/415
					






C12N 15/8218
					






C12N 15/8261
					






View less classifications","CHINA TOBACCO YUNNAN INDUSTRIAL CO., LTD.云南中烟工业有限责任公司",XU LI许力THE INVENTOR HAS WAIVED THE RIGHT TO BE MENTIONED请求不公布姓名ZHANG LUMIN张鲁民XU GUOYUN徐国云JIANG JIARUI蒋佳芮LI XUEMEI李雪梅GAO QIAN高茜MI QILI米其利YANG WENWU杨文武ZENG WANLI曾婉俐LI JING李晶XING JIAXIN邢佳鑫DENG LELE邓乐乐,北京维澳专利代理有限公司 11252,"(EN) The invention discloses a tobacco auxin response transcription factor ARF2 related gene and application thereof, the tobacco auxin response transcription factor ARF2 related gene comprises two genes derived from tobacco, the two genes are named as NtARF2-1 and NtARF2-2, and the nucleotide sequences of the two genes are shown as SEQ ID NO.1 and SEQ ID NO.2. The tobacco auxin response transcription factor ARF2 related gene has the advantages that the tobacco auxin response transcription factor ARF2 related gene can be applied to the tobacco auxin response transcription factor ARF2 related gene; according to the invention, a CRISPR/Cas9 (Clustered Regularly Interspaced Short Palindromic Repeats/CRISPR/Cas9)-mediated gene editing technology is adopted to construct a CRISPR/Cas9 editing vector for knocking out two NtARF2 genes, and after genetic transformation, a double-process arf2-1/arf2-2 mutant editing plant is obtained. The root development and growth of the double-process arf2-1/arf2-2 gene edited plant are obviously lower than those of a control plant by culturing under an MS condition and culturing under a normal condition, and a genetic material and a theoretical basis are provided for researching the root development and growth and development gene functions of the tobacco.(ZH) 本发明公开了一种烟草生长素响应转录因子ARF2相关的基因及其应用，烟草生长素响应转录因子ARF2相关的基因为两个来源于烟草的基因，命名为NtARF2‑1和NtARF2‑2，核苷酸序列如SEQ ID NO.1和SEQ IDNO.2所示。本发明通过CRISPR/Cas9介导的基因编辑技术，构建了用于敲除2个NtARF2基因的CRISPR/Cas9编辑载体，经遗传转化后获得了双突arf2‑1/arf2‑2突变体编辑植株。通过在MS条件下培养与正常条件下栽培，发现双突arf2‑1/arf2‑2基因编辑植株的根系发育与生长均明显低于对照植株，为研究烟草根系发育及生长发育基因功能提供遗传材料和理论依据。",,,,,,,,
CN408078064,202310601655,China,25.05.2023,116732061,12.09.2023,A,"C12N 15/53
					






C12N 15/82
					






C12N 9/02
					






A01H 5/12
					






A01H 6/00
					








C12N 15/53
					






C12N 15/82
					






C12N 9/02
					






A01H 5/12
					






A01H 6/00
					






View less classifications","C12N 9/001
					






C12N 15/825
					






C12N 15/8218
					






C12Y 103/05005
					








C12N 9/001
					






C12N 15/825
					






C12N 15/8218
					






C12Y 103/05005
					






View less classifications",NANJING FORESTRY UNIVERSITY南京林业大学,CHEN JINHUI陈金慧LI CAIRONG李彩容HAO ZHAODONG郝兆东LU LU鲁路STIESEN施季森JIANG PENGSHUO姜鹏硕CHENG TIELONG成铁龙,南京智转慧移知识产权代理有限公司 32649,"(EN) The invention discloses a liriodendron tulipifera LtPDS gene as well as a knockout system and application thereof, and belongs to the technical field of plant molecular genetics. The nucleotide sequence of the liriodendron tulipifera LtPDS gene is as shown in SEQ ID NO.1. The liriodendron tulipifera LtPDS gene is obtained through cloning by taking a liriodendron tulipifera seedling as a material, the liriodendron tulipifera LtPDS gene is precisely edited by utilizing AtU3d, AtU3b and AtU6-1 promoters in arabidopsis thaliana, a gene knockout vector CRISPR/Cas9-LtPDS gRNA of the liriodendron tulipifera LtPDS gene is constructed, the gene knockout vector CRISPR/Cas9-LtPDS gRNA is transferred into a liriodendron tulipifera embryonic callus, and the liriodendron tulipifera LtPDS gene a transgenic plant is obtained. The result shows that the leaves of the seedlings of the gene editing plant are pure white, and the LtPDS gene in the plant is successfully knocked out.(ZH) 本发明公开了一种北美鹅掌楸LtPDS基因及其敲除系统和应用，属于植物分子遗传学技术领域。本发明的北美鹅掌楸LtPDS基因的核苷酸序列如SEQ ID NO.1所示，本发明以北美鹅掌楸幼苗为材料，通过克隆得到北美鹅掌楸LtPDS基因，利用拟南芥中AtU3d、AtU3b和AtU6‑1启动子，对北美鹅掌楸中LtPDS基因进行精准编辑，构建其基因敲除载体CRISPR/Cas9‑LtPDS gRNA，转入鹅掌楸胚性愈伤组织中，得到转基因植株。结果表明基因编辑植株幼苗的叶片洁白，表示其体内LtPDS基因已被成功敲除。",,,,,,,,
CN250445290,201910375501,China,07.05.2019,110093349,06.08.2019,A,"C12N 15/113
					






C12N 15/82
					






C12N 5/10
					






A01H 5/00
					






A01H 6/46
					








C12N 15/113
					






C12N 15/82
					






C12N 5/10
					






A01H 5/00
					






A01H 6/46
					






View less classifications","C12N 15/113
					






C12N 15/8281
					






C12N 2310/10
					






C12N 2800/80
					






C12N 2810/10
					








C12N 15/113
					






C12N 15/8281
					






C12N 2310/10
					






C12N 2800/80
					






C12N 2810/10
					






View less classifications",HUAZHONG AGRICULTURAL UNIVERSITY华中农业大学,LI CHANGYAN李昌焱LI WEI李威LIN YONGJUN林拥军MA WEIHUA马伟华,北京高沃律师事务所 11569,"(EN) The invention provides a group of sgRNAs specifically shearing a rice xal3 gene promoter by using a CRISPR/Cas9 system and an application thereof, which belong to the technical field of plant geneticengineering. The sgRNA of the present invention comprises g1 RNA and g2 RNA; a nucleotide sequence of the g1 RNA is shown as SEQ ID NO. 1; a nucleotide sequence of the g2RNA is shown as SEQ ID NO. 2.A recombinant expression vector constructed by the sgRNA combination provided is used for transfection of a rice plant, a 149nt promoter region of the xal3 gene can be specifically deleted, so that the xal3 gene in rice loses the ability to be induced and expressed by Xanthomonas oryzae, and the transgenic rice lacking the promoter fragment exhibits resistance to Xanthomonas oryzae. In addition, the method provided by the present invention does not affect other traits of transgenic rice, and the transgenic rice has good fertility.(ZH) 本发明提供了一组利用CRISPR/Cas9系统特异性剪切水稻xal3基因启动子的sgRNA及其应用，属于植物基因工程技术领域。本发明所述sgRNA包括g1RNA和g2RNA；所述g1RNA的核苷酸序列如SEQ ID NO.1所示；所述g2RNA的核苷酸序列如SEQ ID NO.2所示。利用本发明提供的sgRNA组合构建得到的重组表达载体转染水稻植株，能特异性地将xal3基因的启动子区域149nt进行缺失，从而使水稻体内xal3基因失去被白叶枯病菌诱导表达的能力，使缺失该启动子片段的转基因水稻对白叶枯病菌表现出抗性。另外，本发明提供的方法不影响转基因水稻的其他性状，转基因水稻育性良好。",,,,,,,,
CN306880563,202010522524,China,10.06.2020,111647620,11.09.2020,A,"C12N 15/82
					






C12N 15/84
					






C12N 15/53
					






A01H 5/00
					






A01H 6/20
					








C12N 15/82
					






C12N 15/84
					






C12N 15/53
					






A01H 5/00
					






A01H 6/20
					






View less classifications","C12N 9/001
					






C12N 15/8205
					






C12N 15/8213
					






C12N 15/825
					






C12Y 103/99029
					








C12N 9/001
					






C12N 15/8205
					






C12N 15/8213
					






C12N 15/825
					






C12Y 103/99029
					






View less classifications",BEIJING ACADEMY OF AGRICULTURE AND FORESTRY SCIENCES北京市农林科学院,WANG GUIXIANG王桂香ZONG MEI宗梅LIU FAN刘凡LIU DI刘迪TIAN SHOUWEI田守卫HAN SHUO韩硕GUO NING郭宁DUAN MENGMENG段蒙蒙MIAO LIMING缪黎明,北京纪凯知识产权代理有限公司 11245,"(EN) The invention discloses a creation method of a non-transgenic mutant strain of Chinese cabbage. The method for creating the non-transgenic mutant strain of the Chinese cabbage is realized by combininga CRISPR/ Cas9 technology with a Chinese cabbage in-situ transformation technology, and specifically comprises the following step: introducing a CRIPSR/ Cas9 gene editing vector carrying an sgRNA coding sequence of a target gene in a targeted Chinese cabbage genome into a receptor Chinese cabbage by a vacuum infiltration in-situ transformation method. According to the method, two PDS allele knockout seeds are obtained from 2032 seeds, and the non-transgenic editing mutant strain is obtained by the in-situ transformation technology independent of tissue culture for the first time. The editingefficiency is greatly improved compared with the in-situ transgenic efficiency reported before, and a good research idea is provided for transgenic safety and label-free gene editing.(ZH) 本发明公开了一种菜薹非转基因突变株的创制方法。本发明所提供的创制白菜非转基因突变株的方法，是通过将CRISPR/Cas9技术与白菜原位转化技术相结合实现的，具体包括如下步骤：将携带有靶向白菜基因组中目标基因的sgRNA编码序列的CRIPSR/Cas9基因编辑载体通过真空渗入原位转化的方法导入受体白菜。本发明在2032粒种子中获得了两粒PDS等位基因敲除，率先通过不依赖于组织培养的原位转化技术获得非转基因编辑突变株。编辑效率较之前报道的原位转基因效率大大提高，也为转基因安全和无标记基因编辑提供了一个很好的研究思路。",,,,,,,,
CN403530347,202310322418,China,29.03.2023,116445486,18.07.2023,B,"C12N 15/113
					






C12N 15/85
					






C12N 15/12
					






C12N 7/00
					






C12N 5/10
					






A61K 39/135
					






View more classifications
							






C12N 15/113
					






C12N 15/85
					






C12N 15/12
					






C12N 7/00
					






C12N 5/10
					






A61K 39/135
					






A61K 38/17
					






A61K 48/00
					






A61P 31/14
					






C12R 1/91
					






C12R 1/93
					






View less classifications","C12N 15/113
					






C12N 15/85
					






C07K 14/47
					






C12N 7/00
					






C12N 5/0686
					






A61K 38/1709
					






View more classifications
							






C12N 15/113
					






C12N 15/85
					






C07K 14/47
					






C12N 7/00
					






C12N 5/0686
					






A61K 38/1709
					






A61K 39/12
					






A61P 31/14
					






A61K 48/005
					






C12N 2310/20
					






C12N 2510/02
					






C12N 2770/32152
					






C12N 2770/32134
					






C12R 2001/91
					






A61K 2039/525
					






A61K 2039/552
					






Y02A 50/30
					






View less classifications","LANZHOU VETERINARY RESEARCH INSTITUTE, CHINESE ACADEMY OF AGRICULTURE SCIENCES中国农业科学院兰州兽医研究所",JEONG HAE-HAK郑海学RAN QIANDONG冉乾东YANG FAN杨帆ZHANG WEI张伟CAO WEIJUN曹伟军ZHU ZIXIANG朱紫祥FAN ZHONGXIN范仲鑫TIAN HONG田宏ZHANG KESHAN张克山HE JIJUN何继军GUO JIANHONG郭建宏,北京力量专利代理事务所(特殊普通合伙) 11504,(EN) Construction of KLHL34 knockout cell line and application of KLHL34 knockout cell line as small RNA viridae virus production cell line(ZH) KLHL34敲除细胞系的构建及作为小RNA病毒科病毒生产细胞系的应用,"(EN) The invention belongs to the field of gene engineering, and particularly relates to construction of a KLHL34 knockout cell line and application of the KLHL34 knockout cell line as a small RNA viridae virus vaccine production cell line. Firstly, it is found that replication of small RNA viridae virus FMDV can be promoted by inhibiting KLHL34 gene expression in host cells; secondly, the invention provides sgRNA specifically targeting KLHL34, the sgRNA can specifically target the KLHL34 gene, the knockout of the KLHL34 gene is realized by combining a CRISPR-Cas9 technology, and the obtained monoclonal cell line can significantly promote the replication of the small RNA viridae virus FMDV, improve the production quantity and antigen yield of the FMDV vaccine, and can be used for the preparation of the FMDV vaccine. The cell line can be used as a production cell line of picornaviridae virus vaccines, especially FMDV vaccines, and has a wide application prospect.(ZH) 本发明属于基因工程领域，具体涉及KLHL34敲除细胞系的构建及作为小RNA病毒科病毒疫苗生产细胞系的应用。本发明首先发现，抑制宿主细胞中KLHL34基因表达能促进小RNA病毒科病毒FMDV的复制；其次，本发明提供了一种特异性靶向KLHL34的sgRNA，所述sgRNA能够特异性靶向KLHL34基因，结合CRISPR‑Cas9技术实现了KLHL34基因的敲除，获得的单克隆细胞系能够显著促进小RNA病毒科病毒FMDV的复制，提高FMDV疫苗的生产量和抗原产量，可作为小核糖核酸病毒科病毒疫苗尤其是FMDV疫苗的生产细胞系，具有广阔的应用前景。",,,116445486,05.12.2023,,,
AR416012797,P220102344,Argentina,30.08.2022,126924,29.11.2023,A1,"C12N 9/16
					






C12N 9/22
					






C12N 9/63
					






C07K 14/415
					






A01H 1/06
					






A01H 5/10
					






View more classifications
							






C12N 9/16
					






C12N 9/22
					






C12N 9/63
					






C07K 14/415
					






A01H 1/06
					






A01H 5/10
					






A01H 6/542
					






View less classifications","A01H 1/06
					






A01H 5/10
					






C12N 9/22
					






A01H 6/542
					






Y02A 40/146
					






C12N 9/63
					






View more classifications
							






A01H 1/06
					






A01H 5/10
					






C12N 9/22
					






A01H 6/542
					






Y02A 40/146
					






C12N 9/63
					






C12N 2310/20
					






C12N 15/11
					






C12N 15/8213
					






C12N 15/8261
					






View less classifications","PAIRWISE PLANTS SERVICES, INC.",LOLITA GEORGE MATHEWXIAOYU ZHANG,(ES) MODIFICACIÓN DE GENES DE PEPTIDASA DE UNIÓN A UBIQUITINA EN PLANTAS PARA MEJORAR RASGOS DE RENDIMIENTO,"(ES) La invención está relacionada con composiciones y métodos para modificar genes de Peptidasa de Unión a Ubiquitina (DA1) en plantas, opcionalmente para mejorar rasgos de rendimiento. La invención además está relacionada con plantas con rasgos de rendimiento mejorados aumentados producidas con el uso de los métodos y las composiciones de la invención. Reivindicación 1: Una planta o una parte de esa planta que comprende al menos una mutación en un gen endógeno de Peptidasa de Unión a Ubiquitina (DA1) que codifica un polipéptido de peptidasa de unión a ubiquitina (DA1). Reivindicación 35: Una célula vegetal que comprende al menos una mutación dentro de un gen endógeno de Peptidasa de Unión a Ubiquitina (DA1), donde la al menos una mutación es una sustitución, inserción o deleción que se introduce usando un sistema de edición que comprende un dominio de unión a ácido nucleico que se une a un sitio diana en el gen endógeno DA1. Reivindicación 69: Un método para producir una planta, que comprende: a) contactar una población de células vegetales que comprende un gen endógeno de Peptidasa de Unión a Ubiquitina (DA1) con una nucleasa enlazada con un dominio de unión a ácido nucleico (por ejemplo, sistema de edición) que se une a una secuencia i) que tiene al menos 80% de identidad de secuencia con una secuencia de nucleótidos de cualquiera de SEQ ID Nº 69, 70, 109, o 110, ii) que comprende una región que tiene al menos 90% de identidad con cualquiera de SEQ ID Nº 72 - 101 o 112 - 139; iii) que codifica una secuencia de aminoácidos que tiene al menos 80% de identidad de secuencia con SEQ ID Nº 71 o SEQ ID Nº 111, y/o iv) que codifica una región que tiene al menos 90% de identidad de secuencia con cualquiera de SEQ ID Nº 102 - 108 o 140 - 146, y/o; b) seleccionar una célula vegetal de la población de células vegetales en las cuales se ha mutado un gen endógeno DA1, con lo cual se produce una célula vegetal que comprende una mutación en el gen endógeno DA1; y c) desarrollar la célula vegetal seleccionada en una planta. Reivindicación 90: Un ácido nucleico guía que se une a un sitio diana en un gen de Peptidasa de Unión a Ubiquitina (DA1), donde el sitio diana está en una región del gen DA1 que tiene al menos 90% de identidad de secuencia con cualquiera de SEQ ID Nº 72 - 101 o 112 - 139, opcionalmente una región del gen DA1 que tiene al menos 90% de identidad de secuencia con cualquiera de SEQ ID Nº 74 - 76, 78 - 80, 82 - 85, 89 - 96, 99 - 101, 114 - 116, 119, 120, 123 - 126, 128 - 131, 133 - 135, 138, o 139, opcionalmente al menos 90% de identidad de secuencia con cualquiera de SEQ ID Nº 82 - 85, 99 - 101, 123 - 126, 138, o 139. Reivindicación 91: El ácido nucleico guía de la reivindicación 90, donde el ácido nucleico guía comprende un espaciador que comprende una secuencia de nucleótidos de cualquiera de SEQ ID Nº 147 - 153. Reivindicación 93: El sistema de la reivindicación 92 [sic] que además comprende un ácido nucleico tracr que se asocia con el ácido nucleico guía y una proteína efectora CRISPR-Cas, opcionalmente donde el ácido nucleico tracr y el ácido nucleico guía están covalentemente enlazados. Reivindicación 94: Un sistema de edición génica que comprende una proteína efectora CRISPR-Cas en asociación con un ácido nucleico guía, donde el ácido nucleico guía comprende una secuencia espaciadora que se une a un gen endógeno de Peptidasa de Unión a Ubiquitina (DA1). Reivindicación 95: El sistema de edición génica de la reivindicación 94, donde el gen DA1: a) comprende una secuencia que tiene al menos 80% de identidad de secuencia con una secuencia de nucleótidos de cualquiera de SEQ ID Nº 69, 70, 109 o 110; b) comprende una región que tiene al menos 90% de identidad con cualquiera de SEQ ID Nº 72 - 101 o SEQ ID Nº 112 - 139; c) codifica una secuencia de aminoácidos que tiene al menos 80% de identidad de secuencia con SEQ ID Nº 71 o SEQ ID Nº 111; y/o d) codifica una secuencia de aminoácidos que comprende una región que tiene al menos 90% de identidad con cualquiera de SEQ ID Nº 102 - 108 o 140 - 146. Reivindicación 96: El sistema de edición génica de la reivindicación 94 o la reivindicación 95, donde el ácido nucleico guía comprende una secuencia espaciadora que comprende una secuencia de nucleótidos de cualquiera de SEQ ID Nº 147 - 153. Reivindicación 97: El sistema de edición génica de cualquiera de las reivindicaciones 94 - 96, que además comprende un ácido nucleico tracr que se asocia con el ácido nucleico guía y una proteína efectora CRISPR-Cas, opcionalmente donde el ácido nucleico tracr y el ácido nucleico guía están covalentemente enlazados. Reivindicación 98: Un complejo que comprende un ácido nucleico guía y una proteína efectora CRISPR-Cas que comprende un dominio de escisión, donde el ácido nucleico guía se une a un sitio diana en un gen endógeno de Peptidasa de Unión a Ubiquitina (DA1), donde el gen endógeno DA1: a) comprende una secuencia que tiene al menos 80% de identidad de secuencia con una secuencia de nucleótidos de cualquiera de SEQ ID Nº 69, 70, 109 o 110; b) comprende una región que tiene al menos 90% de identidad con cualquiera de SEQ ID Nº 72 - 101 o 112 - 139; c) codifica una secuencia de aminoácidos que tiene al menos 80% de identidad de secuencia con SEQ ID Nº 71 o SEQ ID Nº 111; y/o d) codifica una secuencia de aminoácidos que comprende una región que tiene al menos 90% de identidad con cualquiera de SEQ ID Nº 102 - 108 o 140 - 146, y el dominio de escisión escinde una hebra diana en el gen DA1.",,,"WO/2023/034731

CA3230167

EP4395531

CN118265446

MX2024002276

IN202447021651This application is not viewable in PATENTSCOPE because the national phase entry has not been published yet or the national entry is issued from a country that does not share data with WIPO or there is a formatting issue or an unavailability of the application.",,"63/238,394 30.08.2021 US",,,
CN253592423,201910652718,China,19.07.2019,110229848,13.09.2019,B,"C12N 15/82
					






A01H 1/02
					






A01H 5/00
					






A01H 5/10
					






A01H 6/46
					








C12N 15/82
					






A01H 1/02
					






A01H 5/00
					






A01H 5/10
					






A01H 6/46
					






View less classifications","A01H 1/02
					






C12N 15/8213
					






C12N 15/8261
					








A01H 1/02
					






C12N 15/8213
					






C12N 15/8261
					






View less classifications",SOUTH CHINA AGRICULTURAL UNIVERSITY华南农业大学,GUO TAO郭涛CHEN CHUN陈淳PENG ZI'AI彭子艾WANG JIAFENG王加峰HUANG CUIHONG黄翠红ZHOU DANHUA周丹华LI DANDAN李丹丹WANG HUI王慧CHEN ZHIQIANG陈志强,北京科亿知识产权代理事务所(普通合伙) 11350,(EN) Rice cell genome fragrance gene directed editing method(ZH) 一种水稻性细胞基因组香味基因定向编辑方法,"(EN) The invention discloses a rice cell genome fragrance gene directed editing method. The method specifically includes respectively designing an edit target spot T1 and T2 for a rice fragrance gene Fgr,and recombining the target fragments of the target spots to a CRISPR/Cas9 expression vector; combining magnetic PEI@Fe3O4 nanoparticles with the recombined vector, and constructing a gene-nano magnetic particle vector compound; and performing co-culture on the compound and rice in vitro pollen, transferring the compound into rice pollen under the driving of a magnetic field, and realizing the directed editing and genetics of the fragrance gene through pollination and fertilization processes. The method combines the nanoparticles with the gene directed editing vector and realizes the directed editing of the CRISPR/Cas9 on the rice cell genome fragrance gene by utilizing artificial pollination, so that the problems of difficult obtaining of transgenic plants through traditional methods can be solved, and new thinking can be provided for the cultivation of fine varieties of rice.(ZH) 本发明公开了一种水稻性细胞基因组香味基因定向编辑方法，具体包括：针对水稻香味基因Fgr分别设计编辑靶点T1和T2，将靶点目的片段重组至CRISPR/Cas9表达载体；将磁性PEI@Fe3O4纳米颗粒与重组后的载体相结合，构建出基因‑纳米磁性颗粒载体复合物；将该复合物与水稻离体花粉共培养，在磁场的驱动下，将该复合物转入水稻花粉中，通过授粉受精过程实现香味基因的定向编辑和遗传。本发明将纳米颗粒与基因定向编辑载体结合，利用人工授粉实现CRISPR/Cas9对水稻性细胞基因组香味基因的定向编辑，解决了传统方法转基因植株获得困难的问题，为水稻优良品种培育提供了新思路。",,,110229848,02.02.2021,,,
EP445581477,23713549,European Patent Office,28.02.2023,4486880,08.01.2025,A1,"C12N 9/22
					






C12N 15/52
					






C12N 15/62
					








C12N 9/22
					






C12N 15/52
					






C12N 15/62
					






View less classifications","C12N 9/22
					






C12N 15/52
					






C12N 15/62
					






C07K 2319/00
					






C12N 2310/20
					






C07K 14/415
					






View more classifications
							






C12N 9/22
					






C12N 15/52
					






C12N 15/62
					






C07K 2319/00
					






C12N 2310/20
					






C07K 14/415
					






C12N 15/102
					






View less classifications",PAIRWISE PLANTS SERVICES INC,GUFFY SHARON LEIGHWATTS JOSEPH MATTHEW,"View all
							



AL, AT, BA, BE, BG, CH, CY, CZ, DE, DK, EE, ES, FI, FR, GB, GR, HR, HU, IE, IS, IT, LI, LT, LU, LV, MC, ME, MK, MT, NL, NO, PL, PT, RO, RS, SE, SI, SK, SM, TR
				

Hide all",(DE) MANIPULIERTE CRISPR-CAS-EFFEKTORPROTEINE UND VERFAHREN ZUR VERWENDUNG DAVON(EN) ENGINEERED CRISPR-CAS EFFECTOR PROTEINS AND METHODS OF USE THEREOF(FR) PROTÉINES EFFECTRICES CRISPR-CAS MODIFIÉES ET LEURS PROCÉDÉS D'UTILISATION,"(EN) Described herein are engineered proteins and methods of use of such proteins. Also described herein are complexes, compositions, and systems including engineered proteins of the present invention, each of which may be used for modifying and/or editing a target nucleic acid. An engineered protein of the present invention may be an enzyme and/or may be an RNA-guided DNA-binding protein.(FR) L'invention concerne des protéines modifiées et des procédés d'utilisation de telles protéines. L'invention concerne également des complexes, des compositions et des systèmes comprenant des protéines modifiées de la présente invention, chacune desquelles peut être utilisée pour modifier et/ou éditer un acide nucléique cible. Une protéine modifiée de la présente invention peut être une enzyme et/ou peut être une protéine de liaison à l'ADN guidée par ARN.",202263314598 28.02.2022 US,,,,,,
CN370196641,202210551812,China,20.05.2022,114752611,15.07.2022,B,"C12N 15/54
					






C12N 9/10
					






C12N 15/84
					






A01H 5/00
					






A01H 6/46
					






A01H 6/20
					








C12N 15/54
					






C12N 9/10
					






C12N 15/84
					






A01H 5/00
					






A01H 6/46
					






A01H 6/20
					






View less classifications","C12N 9/1007
					






C12N 15/8218
					






C12N 15/8282
					






C12N 15/8281
					






C12Y 201/01007
					








C12N 9/1007
					






C12N 15/8218
					






C12N 15/8282
					






C12N 15/8281
					






C12Y 201/01007
					






View less classifications",SHANDONG UNIVERSITY山东大学,WANG GUANFENG王官锋LI YAJIE李雅洁,济南圣达知识产权代理有限公司 37221,(EN) Plant nicotinic acid methyltransferase gene NANMT and application thereof in plant broad-spectrum disease resistance(ZH) 植物烟酸甲基转移酶基因NANMT及其在植物广谱抗病性中的应用,"(EN) The invention discloses a plant nicotinic acid methyltransferase gene NANMT, which comprises a corn nicotinic acid methyltransferase gene ZmNANMT, or an arabidopsis nicotinic acid methyltransferase gene AtNANMT, or a plant nicotinic acid methyltransferase gene NANMT. Wherein the cDNA (complementary deoxyribonucleic acid) nucleotide sequence of the ZmNANMT is as shown in SEQ ID No. 1, and the cDNA nucleotide sequence of the AtNANMT is as shown in SEQ ID No. 7. The invention further discloses application of the plant nicotinic acid methyltransferase gene NANMT to improvement of the broad-spectrum disease resistance of the plant by reducing the expression of the plant nicotinic acid methyltransferase gene NANMT. Experiments prove that through inoculation identification of pathogenic fungi of a ZmNANMT transgenic overexpression positive strain, it is found that the ZmNANMT overexpression positive strain shows a susceptible phenotype to various corn diseases, and it is proved that ZmNANMT is a new susceptible gene. Two target spots are designed for ZmNANMT by further utilizing a CRISPR/CAS9 technology, pathogenic bacteria inoculation identification is carried out on a ZmNANMT edited strain, and the ZmNANMT edited strain is found to have broad-spectrum disease resistance to various corn fungal diseases. The invention provides a new gene, a new material and a new method for disease-resistant breeding of corn, and the application prospect is wide.(ZH) 本发明公开了一种植物烟酸甲基转移酶基因NANMT，包括玉米烟酸甲基转移酶基因ZmNANMT，或是拟南芥烟酸甲基转移酶基因AtNANMT；其中，所述ZmNANMT的cDNA核苷酸序列如SEQ ID No.1所示，所述AtNANMT的cDNA核苷酸序列如SEQ ID No.7所示。本发明还公开了通过降低植物烟酸甲基转移酶基因NANMT的表达以提高植物广谱抗病性的应用。实验证实，通过对ZmNANMT转基因过表达阳性株系的病原真菌接种鉴定，发现ZmNANMT过表达阳性株系对多种玉米病害表现出感病表型，证明了ZmNANMT是一个新的感病基因。进一步利用CRISPR/CAS9技术，针对ZmNANMT设计两个靶点，对ZmNANMT编辑株系进行病原菌接种鉴定，发现ZmNANMT编辑株系表现出对多种玉米真菌病害产生广谱抗病性。本发明为玉米的抗病育种提供了新基因、新材料和新方法，应用前景广阔。",,,114752611,22.03.2024,,,
CN398584930,202211265905,China,17.10.2022,116121296,16.05.2023,A,"C12N 15/84
					






C12N 9/22
					






C12N 15/29
					






C12N 15/113
					






C07K 14/415
					






A01H 5/10
					






View more classifications
							






C12N 15/84
					






C12N 9/22
					






C12N 15/29
					






C12N 15/113
					






C07K 14/415
					






A01H 5/10
					






A01H 6/46
					






View less classifications","C12N 15/8218
					






C12N 15/8205
					






C12N 15/8206
					






C12N 15/8261
					






C12N 9/22
					






C12N 15/113
					






View more classifications
							






C12N 15/8218
					






C12N 15/8205
					






C12N 15/8206
					






C12N 15/8261
					






C12N 9/22
					






C12N 15/113
					






C07K 14/415
					






C12N 2310/20
					






View less classifications",SHANXI UNIVERSITY山西大学,WANG JINGXUE王景雪LI XINYU李欣宇LI CHEN李晨,太原晋科知识产权代理事务所(特殊普通合伙) 14110,(EN) Target site editing sequence of targeted plant prolamin K2G gene and application of target site editing sequence(ZH) 一种靶向植物醇溶蛋白K2G基因的靶位点编辑序列及其应用,"(EN) The invention belongs to the technical field of cereal gene editing, and provides a target site editing sequence of a targeted plant alcohol-soluble protein K2G gene and application of the target site editing sequence in order to solve the problems of high sorghum alcohol-soluble protein content, low digestibility and the like at present. The target site editing sequence is inserted into the 5'end of the K2G gene to introduce mutation, and the vector is transferred into a sorghum plant through an ultrasonic wave-pollen mediation method to perform genetic transformation on sorghum. A CRISPR/Cas9 technology is used, a sorghum prolamin gene K2G gene is used as a target gene, a CRISPR/Cas9 gene editing carrier is constructed, genetic transformation is performed on sorghum through a pollen-mediated ultrasonic transformation method, a sorghum mutant strain with reduced prolamin content and improved digestibility and protein quality is obtained, and the sorghum mutant strain has the advantages of low prolamin content, high digestibility and high protein quality. And a new excellent germplasm resource is provided for sorghum breeding work.(ZH) 本发明属于禾谷类基因编辑技术领域，为了解决目前高粱醇溶蛋白含量高，消化率低等问题，提供了一种靶向植物醇溶蛋白K2G基因的靶位点编辑序列及其应用，所述靶位点编辑序列为SEQ ID No.1所示；在K2G基因5’端插入该靶位点编辑序列引入突变，通过超声波‑花粉介导法将载体转移到高粱植株中，对高粱进行遗传转化。本发明使用CRISPR/Cas9技术，以高粱醇溶蛋白基因K2G基因为靶标基因，构建一个CRISPR/Cas9基因编辑载体，通过花粉介导的超声波转化法对高粱进行遗传转化，获得醇溶蛋白含量降低、消化率和蛋白质质量提高的高粱突变体株系，为高粱育种工作提供了新的优良种质资源。",,,,,,,
EP293252363,18813973,European Patent Office,07.06.2018,3635119,15.04.2020,A4,"C12N 15/82
					






A01H 6/46
					








C12N 15/82
					






A01H 6/46
					






View less classifications","C12N 9/22
					






C12N 15/8213
					






C12N 2310/20
					








C12N 9/22
					






C12N 15/8213
					






C12N 2310/20
					






View less classifications",VILMORIN & CIE,LINDBO JOHN,"View all
							



AL, AT, BA, BE, BG, CH, CY, CZ, DE, DK, EE, ES, FI, FR, GB, GR, HR, HU, IE, IS, IT, LI, LT, LU, LV, MC, ME, MK, MT, NL, NO, PL, PT, RO, RS, SE, SI, SK, SM, TR
				

Hide all",(DE) ZUSAMMENSETZUNGEN UND VERFAHREN ZUR GENOMEDITIERUNG(EN) COMPOSITIONS AND METHODS FOR GENOME EDITING(FR) COMPOSITIONS ET PROCÉDÉS POUR L'ÉDITION GÉNOMIQUE,"(EN) The present disclosure provides compositions, methods, and systems for targeted plant genome editing. In some embodiments, the present disclosure provides recombinant self-replicating RNAs derived from a plant virus vector, such as those derived from Tobacco Mosaic Virus (TMV). In some embodiments, the recombinant self-replicating RNAs direct the expression of both a CRISPR endonuclease and a guide RNA capable of directing sequence-specific binding of the CRISPR endonuclease to a target DNA in the genome of plant cell.(FR) La présente invention concerne des compositions, des procédés et des systèmes pour l'édition génomique de plante ciblée. Dans certains modes de réalisation, la présente invention concerne des ARN autoréplicatifs recombinés dérivés d'un vecteur viral végétal, tels que ceux dérivés du virus de la mosaïque du tabac (VMT). Dans certains modes de réalisation, les ARN autoréplicatifs recombinés dirigent l'expression d'une endonucléase CRISPR et d'un ARN guide capable de diriger la liaison spécifique d'une séquence de l'endonucléase CRISPR à un ADN cible dans le génome d'une cellule végétale.",201762517360 09.06.2017 US,,,,,,
CN351921915,202111362595,China,17.11.2021,114045304,15.02.2022,B,"C12N 15/84
					






C12N 15/66
					






C12N 15/113
					






C12N 1/21
					






A01H 5/00
					






A01H 6/82
					






View more classifications
							






C12N 15/84
					






C12N 15/66
					






C12N 15/113
					






C12N 1/21
					






A01H 5/00
					






A01H 6/82
					






C12R 1/01
					






View less classifications","C12N 15/8205
					






C12N 15/8218
					






C12N 15/8283
					






C12N 15/66
					






C12N 15/113
					






C12N 2310/20
					






View more classifications
							






C12N 15/8205
					






C12N 15/8218
					






C12N 15/8283
					






C12N 15/66
					






C12N 15/113
					






C12N 2310/20
					






Y02A 50/30
					






View less classifications","INSTITUTE OF PLANT PROTECTION, CHINESE ACADEMY OF AGRICULTURAL SCIENCES中国农业科学院植物保护研究所",LI FANGFANG李方方ZHOU XUEPING周雪平ZHAO SIWEN赵斯文,北京东方尚禾专利代理事务所(特殊普通合伙) 11844,"(EN) Vector for editing nicotiana benthamiana gene based on CRISPR/Cas9 system, and construction method and application thereof(ZH) 基于CRISPR/Cas9体系编辑本氏烟基因的载体及构建方法和应用","(EN) The invention discloses a vector for editing a nicotiana benthamiana gene based on a CRISPR/Cas9 system, and a construction method and application thereof. The nicotiana benthamiana gene is an NbbZIP60 gene represented by SEQ ID NO: 4; and gRNA specifically targeting NbbZIP60 is designed by aiming at a PAM site, close to the 5' end, of the NbbZIP60 gene coding region sequence of nicotiana benthamiana, and a pCambia 1300-BKG-g1 vector is constructed. The vector provided by the invention is introduced into nicotiana benthamiana through a genetic transformation method, the growth state of the obtained edited offspring is normal, and compared with wild nicotiana benthamiana, the edited offspring has no obvious development defect, and the obtained gene knockout plant can effectively inhibit geminivirus infection.(ZH) 本发明公开了一种基于CRISPR/Cas9体系编辑本氏烟基因的载体及构建方法和应用，所述本氏烟基因为NbbZIP60基因，如SEQ ID NO:4所示；针对本氏烟NbbZIP60基因编码区序列靠近5’端的PAM位点设计特异性靶向NbbZIP60的gRNA，构建pCambia 1300‑BKG‑g1载体。将本发明的载体通过遗传转化的方法导入到本氏烟，获得的编辑后代生长状态正常，与野生型本氏烟相比没有明显的发育缺陷，获得基因敲除的植物能够有效抑制双生病毒的侵染。",,,114045304,30.06.2023,,,
CN318120308,202011260361,China,12.11.2020,112322633,05.02.2021,B,"C12N 15/29
					






C12N 15/82
					






C12N 1/21
					






A01H 5/00
					






A01H 6/46
					






C12R 1/01
					








C12N 15/29
					






C12N 15/82
					






C12N 1/21
					






A01H 5/00
					






A01H 6/46
					






C12R 1/01
					






View less classifications","C07K 14/415
					






C12N 15/8261
					






C12N 15/8285
					








C07K 14/415
					






C12N 15/8261
					






C12N 15/8285
					






View less classifications",SOUTH CHINA AGRICULTURAL UNIVERSITY华南农业大学,LIN BAIRONG林柏荣ZHUO KAN卓侃LI ZHIWEN李治文HUANG QIULING黄秋玲LIU PEIYAN刘培燕,广州粤高专利商标代理有限公司 44102,(EN) Oryza sativa root-knot nematode resistance gene OsBetvI and application thereof(ZH) 一种水稻根结线虫抗性基因OsBetvI及其应用,"(EN) The invention discloses an oryza sativa root-knot nematode resistance gene OsBetvI and application thereof According to the invention, by utilizing a CRISPR/Cas9 technology, a recombinant engineeringbacterium containing a CRISPR/Cas9 vector of the oryza sativa gene OsBetvI is constructed, and an oryza sativa explant is transformed to obtain a gene OsBetvI mutant plant, so that the root-knot nematode resistance gene OsBetvI in oryza sativa is verified. It is found for the first time that the oryza sativa gene OsBetvI has the effects of resisting root-knot nematode and regulating and controlling plant height, and the gene has a good application prospect for preventing and controlling the root-knot nematode of the oryza sativa.(ZH) 本发明公开了一种水稻根结线虫抗性基因OsBetvI及其应用。本发明利用CRISPR/Cas9技术，通过构建含水稻OsBetvI基因CRISPR/Cas9载体的重组工程菌，并转化水稻外植体获得OsBetvI基因突变体植株，验证了水稻中一个根结线虫抗性基因OsBetvI基因。本发明首次发现了水稻基因OsBetvI具有抗根结线虫和调控株高的作用，该基因对于防治水稻根结线虫有很好的应用前景。",,,112322633,24.06.2022,,,
CN370197089,202210579116,China,26.05.2022,114752710,15.07.2022,B,"C12Q 1/70
					






C12Q 1/6844
					






C12N 15/113
					






C12N 15/11
					






C12R 1/93
					








C12Q 1/70
					






C12Q 1/6844
					






C12N 15/113
					






C12N 15/11
					






C12R 1/93
					






View less classifications","C12Q 1/701
					






C12Q 1/6844
					






C12N 15/1131
					






C12N 2310/20
					






Y02A 50/30
					








C12Q 1/701
					






C12Q 1/6844
					






C12N 15/1131
					






C12N 2310/20
					






Y02A 50/30
					






View less classifications","INSTITUTE OF URBAN AGRICULTURE, CHINESE ACADEMY OF AGRICULTURAL SCIENCES中国农业科学院都市农业研究所",WANG QI王琦QI XIAOLAN齐晓兰ZHENG HAIXUE郑海学CAO LIYAN曹丽艳FENG TAO冯涛SHI LEI施磊YUAN CONG袁聪KONG XIANGYU孔祥雨,郑州大通专利商标代理有限公司 41111,"(EN) CrRNA, kit and method for rapidly and visually detecting SADS-CoV(ZH) 快速可视化检测SADS-CoV的crRNA、试剂盒及方法","(EN) The invention belongs to the technical field of pathogen detection, and discloses a method for rapidly and visually detecting SADS-CoV based on a CRISPR-Cas12a system, which comprises the following steps: taking SADS-CoV cDNA, PEDV cDNA, TGEV cDNA, PDCoV cDNA and H2O as templates, carrying out RPA reaction by using an RPA reaction primer pair, and carrying out Cas12a visual enzyme digestion reaction on an RPA reaction product by using specific guide RNA, crRNA and a fluorescence quenching reporter probe. The kit is designed for a relatively conserved region on an SADS-CoV N gene sequence, the specificity is good, SADS-CoV can be accurately detected from series of coronaviruses related to porcine diarrhea, the sensitivity is high and can reach a single copy level, the detection rate is high, and visualization can be realized.(ZH) 本发明属于病原检测技术领域，公开了基于CRISPR‑Cas12a系统快速可视化检测SADS‑CoV的方法，包括以下步骤：以SADS‑CoV cDNA、PEDV cDNA、TGEV cDNA、PDCoV cDNA、H2O为模板，用RPA反应引物对进行RPA反应，利用特异性引导RNA、crRNA和荧光淬灭报告探针对RPA反应产物进行Cas12a可视化酶切反应。本发明针对SADS‑CoV N基因序列上的相对保守区域设计，特异性好，可以从猪腹泻相关的系列冠状病毒中精准地检测出SADS‑CoV，灵敏度高可达到单个拷贝级别，检测速率高且能实现可视化。",,,114752710,06.12.2022,,,
CN367900544,202210276737,China,21.03.2022,114645008,21.06.2022,A,"C12N 1/21
					






C12N 15/70
					






C12N 15/64
					






C12N 15/90
					






C12N 15/113
					






C12N 15/31
					






View more classifications
							






C12N 1/21
					






C12N 15/70
					






C12N 15/64
					






C12N 15/90
					






C12N 15/113
					






C12N 15/31
					






C12P 21/02
					






C12R 1/19
					






View less classifications","C07K 14/245
					






C12N 15/70
					






C12N 15/902
					






C12N 15/113
					






C12N 2310/20
					








C07K 14/245
					






C12N 15/70
					






C12N 15/902
					






C12N 15/113
					






C12N 2310/20
					






View less classifications","SOUTH CHINA AGRICULTURE UNIVERSITY华南农业大学GUANGDONG YONGSHUN BIOPHARMACEUTICAL CO., LTD.广东永顺生物制药股份有限公司",DAI HUILIN代绘琳ZENG ZHIWEI曾知为QIN MIAOMIAO秦苗苗XU SIQI许斯祺XIE QIANMEI谢倩梅JIANG JINFEI江金飞CHEN AIHUA陈爱华FENG SAIXIANG冯赛祥TU YURONG涂玉蓉HAN FEI韩翡,佛山市君创知识产权代理事务所(普通合伙) 44675,(EN) Microrhin J25 recombinant integrated engineering bacterium as well as construction method and application thereof(ZH) 一种微菌素J25重组整合工程菌及其构建方法与应用,"(EN) The invention relates to the technical field of biology, in particular to a microrhin J25 recombinant integrated engineering bacterium as well as a construction method and application of the microrhin J25 recombinant integrated engineering bacterium. According to the invention, a CRISPR-Cas9 gene editing technology is utilized to recombine and integrate the whole gene of the microrhin J25 into the genome of escherichia coli MG1655 instead of plasmid integration, so that the microrhin J25 gene stably exists in the genome of the engineering bacterium, and the recombinant and integrated engineering bacterium of the microrhin J25 is constructed. Compared with the existing recombinant strain for expressing the microrhin J25, the microrhin J25 recombinant integrated engineering strain is a genome oriented recombinant strain, is not subjected to plasmid integration, has no risk and harm of plasmid transverse transfer, has no marker gene, does not pollute the environment when in use, does not need any inducer, and can be used for preparing a recombinant strain for expressing the microrhin J25. The microrhin J25 can be stably and continuously expressed, and an obvious prevention and control effect on salmonella is achieved.(ZH) 本发明涉及生物技术领域，特别涉及一种微菌素J25重组整合工程菌及其构建方法与应用。本发明利用CRISPR‑Cas9基因编辑技术，将微菌素J25的全基因重组整合进了大肠杆菌MG1655的基因组中，而非质粒整合，使微菌素J25基因稳定存在于工程菌基因组中，构建得到微菌素J25重组整合工程菌。与现有的表达微菌素J25的重组菌株相比，该微菌素J25重组整合工程菌为基因组定向重组菌，非质粒整合，没有质粒横向转移的风险和危害，无任何标记基因，使用时不会对环境产生污染，无需任何诱导剂的参与，可稳定持续地表达微菌素J25并对沙门氏菌有明显的防控效果。",,,,,,,
CN424218995,202311507317,China,13.11.2023,117568385,20.02.2024,A,"C12N 15/82
					






C07K 14/415
					






C12N 15/29
					






A01H 5/08
					






A01H 6/34
					








C12N 15/82
					






C07K 14/415
					






C12N 15/29
					






A01H 5/08
					






A01H 6/34
					






View less classifications","C12N 15/8261
					






C12N 15/8218
					






C07K 14/415
					








C12N 15/8261
					






C12N 15/8218
					






C07K 14/415
					






View less classifications",BEIJING ACADEMY OF AGRICULTURE AND FORESTRY SCIENCES北京市农林科学院,XIA CHANGXUAN夏昌选WEN CHANGLONG温常龙YIN SHANSHAN银珊珊MAO AIJUN毛爱军LI YING李颖ZHANG JIAN张建ZHAO HONG赵泓ZHANG XIAOFEI张晓飞YANG JINGJING杨静静,北京纪凯知识产权代理有限公司 11245,(EN) Method for creating white fruit thorn cucumber germplasm through site-directed mutagenesis(ZH) 一种定点突变创制白色果刺黄瓜种质的方法,"(EN) The invention discloses a method for creating a white fruit thorn cucumber germplasm through site-specific mutagenesis. The method comprises the following steps that recombinant agrobacterium tumefaciens containing a CsMYB60 gene editing carrier is adopted to convert Yutao 156, the CsMYB60 gene can be edited, after the CsMYB60 gene is edited through CRISPR/Cas9 endonuclease, the CsMYB60 gene mutation can be caused, and when the CsMYB60 genes of two homologous chromosomes are mutated, the activity of the protein CsMYB60 can be lost; the activity of the protein CsMYB60 is lost, so that white cucumbers with thorns are formed. The amino acid sequence of the protein CsMYB60 is as shown in SEQ ID NO: 3. Therefore, the cucumber with white fruit thorns can be obtained by editing the CsMYB60 gene of the cucumber. The method has an important application value.(ZH) 本发明公开了一种定点突变创制白色果刺黄瓜种质的方法。该方法包括如下步骤：采用含有CsMYB60基因编辑载体的重组农杆菌转化玉甜156，能够对CsMYB60基因进行编辑，CsMYB60基因通过CRISPR/Cas9核酸内切酶编辑之后，可造成CsMYB60基因突变，当两条同源染色体的CsMYB60基因均发生突变时，可以导致蛋白质CsMYB60活性丧失；蛋白质CsMYB60活性丧失形成白色果刺黄瓜。蛋白质CsMYB60的氨基酸序列如SEQ ID NO:3所示。由此可见，对黄瓜的CsMYB60基因编辑，可以获得白色果刺黄瓜。本发明具有重要的应用价值。",,,,,,,
CN440702213,202410980061,China,22.07.2024,118703529,27.09.2024,A,"C12N 15/29
					






C07K 14/415
					






C12N 15/84
					






A01H 5/00
					






A01H 6/46
					








C12N 15/29
					






C07K 14/415
					






C12N 15/84
					






A01H 5/00
					






A01H 6/46
					






View less classifications","C07K 14/415
					






C12N 15/8205
					






C12N 15/8218
					






C12N 15/8282
					






C12N 15/8261
					






Y02A 40/146
					








C07K 14/415
					






C12N 15/8205
					






C12N 15/8218
					






C12N 15/8282
					






C12N 15/8261
					






Y02A 40/146
					






View less classifications",FUJIAN AGRICULTURE AND FORESTRY UNIVERSITY福建农林大学,HE HUAQIN何华勤MA SHIWEI马世伟LIN SHOUKAI林授锴,福州元创专利商标代理有限公司 35100福州元创专利商标代理有限公司 35100,(EN) New rice susceptible gene OsBSG1 capable of efficiently utilizing resources(ZH) 一个资源高效利用的水稻感病新基因OsBSG1,"(EN) The invention discloses a novel rice susceptible gene OsBSG1, a function identification method thereof and application of the novel rice susceptible gene OsBSG1 in cultivation of a novel broad-spectrum disease-resistant, high-quality and high-yield rice variety. The OsBSG1 gene is cloned according to rice genome annotation information. The CDS sequence length of the gene is 2580bp, and the gene encodes a protein with the length of 859 amino acids. The CRISPR/Cas9 mutant of the OsBSG1 gene is subjected to rice blast resistance identification, and the broad-spectrum high rice blast resistance of the mutant is found; the thousand seed weight of the grains is increased, and the quality is better. Exploration of the new susceptible gene OsBSG1 provides precious gene resources and theoretical guidance for breeding of new varieties of broad-spectrum rice blast-resistant, high-yield and high-quality rice.(ZH) 本发明公开了水稻感病新基因OsBSG1及其功能鉴定方法和在培育广谱抗病且优质高产水稻新品种中的应用。根据水稻基因组注释信息，克隆OsBSG1基因。该基因CDS序列长2580bp，编码长859氨基酸的蛋白。对OsBSG1基因的CRISPR/Cas9突变体进行稻瘟病的抗性鉴定，发现其突变体广谱高抗稻瘟病；而且其籽粒千粒重增加、品质更优。感病新基因OsBSG1的发掘，为广谱抗稻瘟病且高产优质水稻新品种的选育提供珍贵的基因资源和理论指导。",,,,,,,
,,,,,,,,,,,,,,,,,,,,
CN407816720,202310649506,China,02.06.2023,116694679,05.09.2023,A,"C12N 15/84
					






C12N 15/29
					






A01H 5/00
					






A01H 6/82
					








C12N 15/84
					






C12N 15/29
					






A01H 5/00
					






A01H 6/82
					






View less classifications","C07K 14/415
					






C12N 15/8243
					






Y02A 50/30
					








C07K 14/415
					






C12N 15/8243
					






Y02A 50/30
					






View less classifications",INSTITUTE OF TOBACCO RESEARCH OF CAAS (QINGZHOU TOBACCO RESEARCH INSTITUTE OF CHINA NATIONAL TOBACCO COMPANY)中国农业科学院烟草研究所（中国烟草总公司青州烟草研究所）,YANG CHANGQING杨长青WU XIUMING武秀明CHANG HOON蒋勋YAO LU姚陆,西安铭泽知识产权代理事务所(普通合伙) 61223,(EN) Method for blocking metabolic pathway of endogenous cembrane trienediol compound in tobacco(ZH) 一种阻断烟草内源西柏烷三烯二醇化合物代谢途径的方法,"(EN) The invention belongs to the technical field of plant molecular biology and plant genetic engineering, and particularly relates to a method for blocking a metabolic pathway of a tobacco endogenous cembrane trienediol compound. According to the method, a tobacco cembrarienol synthase (CBTS) gene is knocked out through a CRISPR (clustered regularly interspaced short palindromic repeats)/Cas9 (CRISPR associated protein 9) technology, so that synthesis and accumulation of terpenoids such as cembratrienediol and cembratrienol are blocked. By means of the method, anabolism of terpenoids in tobacco can be blocked, interference of endogenous secondary metabolism on heterologous artificial metabolic pathways is reduced, and sufficient precursor substances can be provided for anabolism of heterologous terpenoids. The method and the created tobacco chassis material are suitable for heterologous production of high-value terpenoids, have important value for development of plant synthetic biology research, and lay a foundation for further development of new varieties and industrial application.(ZH) 本发明属于植物分子生物学和植物基因工程技术领域，具体涉及一种阻断烟草内源西柏烷三烯二醇化合物代谢途径的方法。所述方法通过CRISPR/Cas9技术敲除烟草cembratrienol synthase(CBTS)基因，从而阻断西柏烷三烯二醇和西柏烷三烯一醇等萜类化合物的合成与积累。利用该方法不仅可以阻断烟草中萜类化合物的合成代谢、减少内源次生代谢对异源人工代谢途径的干扰，还可以为异源萜类化合物的合成代谢提供充足的前体物质。本发明所述方法及所创制的烟草底盘材料适合异源生产高价值萜类化合物，对于开展植物合成生物学研究具有重要价值，为进一步开发新品种及产业化应用奠定基础。",,,,,,,
CN364575799,202210192351,China,28.02.2022,114540369,27.05.2022,B,"C12N 15/29
					






C12N 15/84
					






C12N 15/113
					






A01H 5/10
					






A01H 6/46
					








C12N 15/29
					






C12N 15/84
					






C12N 15/113
					






A01H 5/10
					






A01H 6/46
					






View less classifications","C07K 14/415
					






C12N 15/8261
					






C12N 15/8218
					






C12N 15/113
					






C12N 2310/20
					






Y02A 40/146
					








C07K 14/415
					






C12N 15/8261
					






C12N 15/8218
					






C12N 15/113
					






C12N 2310/20
					






Y02A 40/146
					






View less classifications",HENAN AGRICULTURAL UNIVERSITY河南农业大学,CHEN ZHEN陈震HAN YINGCHUN韩迎春LEE JUN-JU李俊周ZHAO QUANZHI赵全志DU YANXIU杜彦修SUN HONGZHENG孙红正ZHANG JING张静PENTIN彭廷,郑州大通专利商标代理有限公司 41111,(EN) Application of OsBEE1 gene in increasing rice yield(ZH) OsBEE1基因在提高水稻产量中的应用,"(EN) The invention belongs to the technical field of plant genetic engineering, and particularly relates to application of an OsBEE1 gene in increasing the yield of rice. According to the coding sequence of the OsBEE1 gene, directional editing is carried out according to the CRISPR/Cas9 technical principle, a mutation target of the OsBEE1 gene is selected, and a CRISPR/Cas9-gRNA expression vector is constructed. The method comprises the following steps: introducing OsBEE1 into rice by using an agrobacterium-mediated method, screening by using a herbicide resistance marker to obtain a positive transgenic plant, and analyzing and identifying a mutant single plant by using a sequencing method to obtain a new rice OsBEE1 mutant germplasm with a breeding application value. Compared with the wild type, the thousand seed weight of the seeds of the mutant offspring is obviously increased, and the amplification reaches 5.12-7.08%, which indicates that the OsBEE1 gene is related to the control of the rice grain weight, and can be applied to the high-yield breeding of rice.(ZH) 本发明属于植物基因工程技术领域，具体涉及OsBEE1基因在提高水稻产量中的应用。本发明根据OsBEE1基因的编码序列，依据CRISPR/Cas9技术原理进行定向编辑，选择OsBEE1基因的突变靶点，构建CRISPR/Cas9‑gRNA表达载体。利用农杆菌介导法导入水稻，以除草剂抗性标记筛选获得阳性转基因植株，利用测序法分析鉴定突变单株，获得具有育种应用价值的水稻OsBEE1突变新种质。与野生型相比，突变后代的籽粒千粒重显著增加，增幅达5.12～7.08%，表明OsBEE1基因与控制水稻粒重有关，可应用于水稻高产育种。",,,114540369,14.07.2023,,,
CN416048625,202311019879,China,14.08.2023,117126883,28.11.2023,A,"C12N 15/84
					






C12N 9/10
					






C12N 15/54
					






C12N 15/113
					






C12N 15/55
					






A01H 5/00
					






View more classifications
							






C12N 15/84
					






C12N 9/10
					






C12N 15/54
					






C12N 15/113
					






C12N 15/55
					






A01H 5/00
					






A01H 5/12
					






A01H 6/82
					






View less classifications","C12N 15/8243
					






C12N 15/8261
					






C12N 9/1096
					






C12N 15/1137
					






C12N 9/22
					






C12Y 206/01062
					






View more classifications
							






C12N 15/8243
					






C12N 15/8261
					






C12N 9/1096
					






C12N 15/1137
					






C12N 9/22
					






C12Y 206/01062
					






C12N 2310/20
					






View less classifications","CHINA TOBACCO YUNNAN INDUSTRIAL CO., LTD.云南中烟工业有限责任公司",GAO XI高茜XING JIAXIN邢佳鑫XIANG HAIYING向海英XU LI许力XU YONG许永HUANG HAITAO黄海涛JIANG JIARUI蒋佳芮LI JING李晶YANG WENWU杨文武LI XUEMEI李雪梅,北京维澳知识产权代理有限公司 11252,"(EN) Application of tobacco biotin synthase gene NtBIO3-BIO1 in regulation and control of tobacco waist leaf length, waist leaf width and polyphenol content(ZH) 一种烟草生物素合成酶基因NtBIO3-BIO1在调控烟草腰叶长、腰叶宽及多酚含量中的应用","(EN) The invention discloses an application of a tobacco biotin synthase gene NtBIO3-BIO1 in regulating and controlling the waist leaf length, the waist leaf width and the polyphenol content of tobacco. The nucleotide sequence of the NtBIO3-BIO1 gene is as shown in SEQ ID NO. 1, and the amino acid sequence of the NtBIO3-BIO1 encoding protein is as shown in SEQ ID NO. 3. According to the invention, a CRISPR/Cas9 editing carrier used for knocking out the NtBIO3-BIO1 gene is constructed through a CRISPR/Cas9 mediated gene editing technology, and a tobacco plant with the NtBIO3-BIO1 gene knocked out is obtained after creation of editing materials and molecular detection and identification. Compared with a control tobacco plant, the editing tobacco plant with the NtBIO3-BIO1 gene knocked out has the advantages that the waist leaf length and the waist leaf width in the mature period are remarkably increased, and the chlorogenic acid content and the total polyphenol content in the waist leaf are remarkably reduced.(ZH) 本发明公开了一种烟草生物素合成酶基因NtBIO3‑BIO1在调控烟草腰叶长、腰叶宽及多酚含量中的应用。NtBIO3‑BIO1基因的核苷酸序列如SEQ ID NO.1所示，NtBIO3‑BIO1编码蛋白的氨基酸序列如SEQ ID NO.3所示。本发明通过CRISPR/Cas9介导的基因编辑技术，构建了用于敲除NtBIO3‑BIO1基因的CRISPR/Cas9编辑载体，经编辑素材创制和分子检测鉴定后获得了NtBIO3‑BIO1基因敲除的烟草植株。本发明获得的，NtBIO3‑BIO1基因敲除的编辑烟草植株，相比于对照烟草植株，成熟期腰叶长和腰叶宽显著增大，腰叶中绿原酸和总多酚含量显著降低。",,,,,,,
CN397879501,202211267908.X,China,17.10.2022,116042646,02.05.2023,B,"C12N 15/29
					






C12N 9/12
					






C12N 15/82
					






A01H 5/06
					






A01H 6/20
					






C12N 15/11
					








C12N 15/29
					






C12N 9/12
					






C12N 15/82
					






A01H 5/06
					






A01H 6/20
					






C12N 15/11
					






View less classifications","C12N 9/12
					






C12N 15/8218
					






C12N 15/8261
					






C12Y 207/1103
					








C12N 9/12
					






C12N 15/8218
					






C12N 15/8261
					






C12Y 207/1103
					






View less classifications",HUIZHOU UNIVERSITY惠州学院,PENG XIAOQUN彭小群GUO XIANGYI郭湘怡XU JINGMEI许景美TAN HONGLIU谭红柳HU JUNJUN胡均钧PENG DANYI彭丹宜FAN MENGLI范梦丽WANG MENGLONG王梦龙,广东华专知识产权代理事务所(普通合伙) 44669,(EN) Application of AtLecRK-VI.1 gene and encoded protein thereof in regulation and control of plant root length(ZH) AtLecRK-VI.1基因及其编码蛋白在调控植物根长中的应用,"(EN) The invention discloses an application of an AtLecRK-VI.1 gene and an encoded protein thereof in regulation and control of plant root length, and relates to the technical field of biotechnology and breeding. According to the application, the function of the AtLecRK-VI.1 gene on regulating and controlling the plant root length is verified through a gene knockout experiment; a mutant plant is obtained by constructing a CRISPR/Cas9 gene knockout vector to transform arabidopsis thaliana, the root length of the mutant plant is remarkably reduced compared with that of a wild plant, it is indicated that the AtLecRK-VI.1 gene has the function of regulating and controlling the plant root length, the biological function of the AtLecRK-VI.1 gene on regulating and controlling the plant root length is disclosed for the first time, and the application of the AtLecRK-VI.1 gene in regulating and controlling the plant root length is provided for the first time. A new thought is provided for explaining a molecular mechanism related to the agronomic character of root length, a theoretical foundation is laid for further research on plant root character improvement, and meanwhile a potential new gene resource is provided for root character improvement.(ZH) 本申请公开一种AtLecRK‑VI.1基因及其编码蛋白在调控植物根长中的应用，涉及生物技术和育种技术领域；本申请通过基因敲除实验验证了AtLecRK‑VI.1基因的在调控上植物根长上的功能；通过构建CRISPR/Cas9基因敲除载体转化拟南芥，获得突变体植株，突变体植株根长与野生型植株相比显著性降低，表明AtLecRK‑VI.1基因具有调控植物根长的功能，本申请首次揭示了AtLecRK‑VI.1基因于调控植物根长上的生物学功能，为阐明根长这一农艺性状相关的分子机制提供了新的思路，为进一研究植物根系性状改良奠定理论基础，同时也为根系性状改良提供了潜在的新基因资源。",,,116042646,22.11.2024,,,
CN225133305,201810442597,China,10.05.2018,108374021,07.08.2018,A,"C12N 15/84
					






C12N 15/113
					






A01H 5/00
					






A01H 4/00
					






A01H 6/46
					








C12N 15/84
					






C12N 15/113
					






A01H 5/00
					






A01H 4/00
					






A01H 6/46
					






View less classifications","A01H 4/00
					






C12N 15/113
					






C12N 15/8213
					






C12N 15/8281
					






C07K 14/415
					






C12N 2310/10
					






View more classifications
							






A01H 4/00
					






C12N 15/113
					






C12N 15/8213
					






C12N 15/8281
					






C07K 14/415
					






C12N 2310/10
					






C12N 2310/20
					






View less classifications",SHANGHAI JIAO TONG UNIVERSITY上海交通大学,MA WENXIU马文秀CHEN GONGYOU陈功友ZOU LIFANG邹丽芳XU XIAMENG徐夏萌XU ZHENGYIN徐正银JI ZHIYUAN纪志远YANG YANGYANG杨阳阳,上海科盛知识产权代理有限公司 31225,(EN) Method used for modifying paddy rice OsTFIIAgamma1 gene and culturing wide spectrum bacterial leaf blight resistant paddy rice(ZH) 一种修饰水稻OsTFIIAγ1基因培育广谱抗白叶枯病水稻的方法,"(EN) The invention relates to a method used for modifying paddy rice OsTFIIAgamma1 gene and culturing wide spectrum bacterial leaf blight resistant paddy rice. According to the method, nucleotide sequenceGACCATGTCGTCCAGCGTGTCGG is constructed into a CRISPR-Cas9 system, and an agrobacterium mediated transgene system is adopted to realize site-specific mutagenesis of OsTFIIAgamma1 gene in paddy rice IRBB5, and obtain OsTFIIAgamma1 gene mutation paddy rice material TF1 with wide spectrum resistance on bacterial leaf blight. Mutation of IRBB5 paddy rice OsTFIIAgamma1 gene is realized using a CRISPR-Cas9 genome site-specific editing system, and paddy rice strains TF1-2 and TF1-5 are obtained. The paddy rice strains contain xa5 resistant genes, site-specific modifying mutation of disease susceptiblegene OsTFIIAgamma1 is realized at the same time, so that the bacterial leaf blight resistance is improved, and the resistance spectrum is wider. In practical applications, on one hand, mutation modification of OsTFIIAgamma1 gene in high quality paddy rice cultivated varieties containing xa5 resistance gene is carried out so as to obtain the paddy rice lines with wider resistance spectrum; and onthe other hand, hybridization of mutation TF1 plants with other paddy rice lines is carried out so as to culture disease resistant lines.(ZH) 本发明涉及一种修饰水稻OsTFIIAγ1基因培育广谱抗白叶枯病水稻的方法，将核苷酸序列GACCATGTCGTCCAGCGTGTCGG构建于CRISPR‑Cas9系统中，借助农杆菌介导的转基因体系，在水稻IRBB5中定点突变OsTFIIAγ1基因，获得了OsTFIIAγ1基因突变的水稻材料TF1，广谱抗水稻白叶枯病。本发明利用CRISPR‑Cas9基因组定点编辑系统突变了IRBB5水稻OsTFIIAγ1基因，获得水稻株系TF1‑2和TF1‑5。该株系含有xa5抗性基因，同时感病基因OsTFIIAγ1被定点修饰发生突变，抗白叶枯病能力提高且更广谱。在实际应用中一方面可以将含有xa5抗性基因的优良栽培水稻品种中OsTFIIAγ1基因进行突变修饰，以获得抗性谱更广的水稻品系；另一方面，也可通过突变的TF1植株与其它水稻品种杂交，培育抗病品系。",,,,,,,
,,,,,,,,,,,,,,,,,,,,
,,,,,,,,,,,,,,,,,,,,
,,,,,,,,,,,,,,,,,,,,
,,,,,,,,,,,,,,,,,,,,
,,,,,,,,,,,,,,,,,,,,
,,,,,,,,,,,,,,,,,,,,
,,,,,,,,,,,,,,,,,,,,
,,,,,,,,,,,,,,,,,,,,
,,,,,,,,,,,,,,,,,,,,
,,,,,,,,,,,,,,,,,,,,
,,,,,,,,,,,,,,,,,,,,
,,,,,,,,,,,,,,,,,,,,
,,,,,,,,,,,,,,,,,,,,
,,,,,,,,,,,,,,,,,,,,
,,,,,,,,,,,,,,,,,,,,
,,,,,,,,,,,,,,,,,,,,
,,,,,,,,,,,,,,,,,,,,
,,,,,,,,,,,,,,,,,,,,
,,,,,,,,,,,,,,,,,,,,
,,,,,,,,,,,,,,,,,,,,
US360588276,17520246,United States of America,05.11.2021,20220145334,12.05.2022,A1,"C12N 15/90
					






C12N 9/22
					






C12N 15/11
					






C12N 15/66
					






C07K 14/47
					






C12N 9/12
					








C12N 15/90
					






C12N 9/22
					






C12N 15/11
					






C12N 15/66
					






C07K 14/47
					






C12N 9/12
					






View less classifications","C12N 15/902
					






C12N 15/907
					






C12N 9/22
					






C12N 15/11
					






C12N 15/66
					






C07K 14/4702
					






View more classifications
							






C12N 15/902
					






C12N 15/907
					






C12N 9/22
					






C12N 15/11
					






C12N 15/66
					






C07K 14/4702
					






C07K 2319/00
					






C12Y 207/07049
					






C12N 15/905
					






C12N 2310/20
					






C12N 2800/80
					






C12N 2800/10
					






C12N 9/1276
					






View less classifications","Pairwise Plants Services, Inc.",Yongjoo KimJoseph Matthew WattsAaron HummelShai Joshua LawitDavid Schwark,(EN) COMPOSITIONS AND METHODS FOR RNA-ENCODED DNA-REPLACEMENT OF ALLELES,"(EN) 
This invention relates to recombinant nucleic constructs comprising CRISPR-Cas effector proteins, reverse transcriptases and extended guide nucleic acids and methods of use thereof for modifying nucleic acids in plants.",,,,,,,,
GB211848660,201613156,United Kingdom,29.07.2016,2552657,07.02.2018,A,"A01H 1/06
					






A01H 1/02
					






C12N 5/04
					






C12N 15/82
					








A01H 1/06
					






A01H 1/02
					






C12N 5/04
					






C12N 15/82
					






View less classifications","C07K 14/415
					






C12N 15/8218
					






A01H 1/02
					






A01H 1/06
					






A01H 5/00
					






C12N 5/04
					






View more classifications
							






C07K 14/415
					






C12N 15/8218
					






A01H 1/02
					






A01H 1/06
					






A01H 5/00
					






C12N 5/04
					






C12N 15/82
					






C12N 15/8289
					






C12N 2310/20
					






C12N 9/22
					






C12N 15/11
					






C12N 2800/80
					






View less classifications",ELSOMS DEV LTD,ANTHONY GORDON KEELINGMATTHEW JOHN MILNER,,(EN) Wheat,"(EN) A method of producing male-sterile wheat (Triticum) is disclosed comprising: analysing the RNA-transcriptome of wheat stamen cells and pistil cells during the development of the flower, identifying one or more male-fertility wheat (Mfw) genes that at the time of flowering are preferentially expressed in stamens rather than pistils, and inhibiting the expression of the at least one Mfw gene. Also disclosed are populations of wheat plants that are predominantly male-sterile as a result of deactivating one or more Mfw genes, processes of obtaining F1 hybrids comprising crossing male-sterile wheat plants with male-fertile wheat, and hybrids produced by these processes. Preferably, the RNA-transcriptome analysis is carried out during meiosis and between stages 41-49 of the Zadoks scale, and the wheat is T. aestivum. Preferably, the Mfw genes inhibited are Mfw1-A, Mfw1-B and/or Mfw1-D, which are homologous to Ruptured Pollen Grain 1 (RPG1, Sweet8), and/or Mfw2-A, Mfw2-B, Mfw2-D, which are homologous to Callose Synthase (CalS5, beta glucan synthase, less adherent pollen 1). The Mfw gene may be deactivated by site-directed mutagenesis using the CRISPR-Cas site-specific nuclease or by antisense RNA-interference (RNAi).",201613156 29.07.2016 GB,"CA3030889

EP3490365

CN109788738

WO/2018/022410

GB2568181

US20190284566",,,,,
CN328991743,201911291240,China,16.12.2019,112980891,18.06.2021,B,"C12N 15/90
					






C12N 15/70
					






C12N 9/22
					








C12N 15/90
					






C12N 15/70
					






C12N 9/22
					






View less classifications","C12N 15/902
					






C12N 15/70
					






C12N 9/22
					






C12N 2310/20
					






Y02A 50/30
					








C12N 15/902
					






C12N 15/70
					






C12N 9/22
					






C12N 2310/20
					






Y02A 50/30
					






View less classifications",CAS CENTER FOR EXCELLENCE IN MOLECULAR PLANT SCIENCES中国科学院分子植物科学卓越创新中心,YANG SHENG杨晟CHEN BIAO陈飚JIANG YU蒋宇SUN BINGBING孙兵兵YANG JUNJIE杨俊杰,,(EN) CRISPR-Cas-based Escherichia coli genome editing tool(ZH) 一种基于CRISPR-Cas的大肠杆菌基因组编辑工具,"(EN) The invention discloses a CRISPR-Cas-based Escherichia coli genome editing tool. The CRISPR-Cas-based Escherichia coli genome editing tool comprises a plasmid pEcCas for expressing endonuclease Cas9; and the plasmid pEcCas comprises a cas9 nuclease gene, a lambda-RED recombinase gene, an araC protein gene, an sacB gene, a replicon pSC101, a rhamnose regulatory protein RhaS/RhaR gene, and an sgRNA sequence for guiding Cas9 to an auxiliary plasmid DNA sequence. The genome editing tool can realize genome editing in B-line and K-12-line Escherichia coli; the editing period is shortened; and the host adaptability is relatively wide.(ZH) 本发明公开了一种基于CRISPR‑Cas的大肠杆菌基因组编辑工具，其包括用于表达核酸内切酶Cas9的质粒pEcCas，该质粒pEcCas包括cas9核酸酶基因、λ‑RED重组酶基因、araC蛋白基因、sacB基因、复制子pSC101、鼠李糖调节蛋白RhaS/RhaR基因、用于将Cas9导向辅助质粒DNA序列的sgRNA序列。该基因组编辑工具能够在B系、K‑12系大肠杆菌中实现基因组编辑，缩短了编辑周期，且宿主的适应性更广。",,,112980891,12.12.2023,,,
AR444955530,P230102596,Argentina,29.09.2023,130616,18.12.2024,A1,"C12N 15/82
					






A01H 4/00
					






A01H 6/14
					








C12N 15/82
					






A01H 4/00
					






A01H 6/14
					






View less classifications","A01H 4/005
					






A01H 6/1416
					






C12N 15/8205
					






C12N 15/8201
					






C12N 9/22
					








A01H 4/005
					






A01H 6/1416
					






C12N 15/8205
					






C12N 15/8201
					






C12N 9/22
					






View less classifications",AGRICULTURE VICTORIA SERVICES PTY LTD.,DANIEL ISENEGGERMATTHEW JAMES HAYDENGERMAN CARLOS SPANGENBERG,,(ES) MÉTODOS DE MANIPULACIÓN DE PLANTAS,"(ES) Reivindicación 1: Un método para generar una planta de cártamo genéticamente modificada, incluyendo dicho método: a. seleccionar una nucleasa que tenga eficacia de escisión en un gen diana en el genoma de la planta de cártamo e introducir un gen que codifica la nucleasa en material vegetal de cártamo; y/o b. introducir un transgén en material vegetal de cártamo; y c. establecer un microbrote genéticamente modificado a partir del material vegetal del cártamo; y d. someter el microbrote genéticamente modificado a enraizamiento ex vitro mediante: i) transferir el microbrote genéticamente modificado a un material en crecimiento; ii) retener el microbrote modificado genéticamente en una cámara de crecimiento con luz y temperatura controlada para establecer una planta de cártamo modificada genéticamente T0. Reivindicación 3: El método de acuerdo con cualquiera de las reivindicaciones 1 o 2, en el que el gen que codifica la nucleasa o el transgén se introduce en el material vegetal de cártamo mediante: a. generar una plántula axénica in vitro a partir de una semilla de la planta; y b. transformar la plántula con un constructo génico, en donde la el constructo génico incluye el transgén o el gen que codifica la nucleasa. Reivindicación 5: El método de acuerdo con cualquiera de las reivindicaciones 1 a 4, en donde la nucleasa es una nucleasa diseñada seleccionada del grupo que consta de: Nucleasa efectora similar a un activador de la transcripción (TALEN), nucleasa con dedos de zinc (ZFN) y repeticiones palindrómicas cortas agrupadas regularmente interespaciadas (CRISPR). Reivindicación 7: El método de acuerdo con cualquiera de las reivindicaciones 3 o 4, en donde la etapa de transformar la plántula es una transformación mediada por Agrobacterium que incluye: a. escindir un explante de cotiledón de la plántula; y b. inocular y cocultivar el cotiledón con una Agrobacterium sp.",2022902820 29.09.2022 AU,"AU2022902820

WO/2024/065009",,,,,
CN399169725,202111383529,China,22.11.2021,116144686,23.05.2023,A,"C12N 15/62
					






C12N 15/70
					






C12R 1/19
					








C12N 15/62
					






C12N 15/70
					






C12R 1/19
					






View less classifications","C12N 9/1025
					






C12N 9/22
					






C12N 15/70
					






C07K 2319/00
					






Y02A 50/30
					








C12N 9/1025
					






C12N 9/22
					






C12N 15/70
					






C07K 2319/00
					






Y02A 50/30
					






View less classifications",CAS CENTER FOR EXCELLENCE IN MOLECULAR PLANT SCIENCES中国科学院分子植物科学卓越创新中心,GU YANG顾阳LIU YANQIANG刘彦强JIANG WEIHONG姜卫红,上海申浩律师事务所 31280,(EN) Bacteria in-vivo targeting protein acylation modification method(ZH) 一种细菌体内靶向蛋白酰基化修饰方法,"(EN) The invention discloses a method for acylating and modifying a targeted protein in a bacterium, which comprises the following steps of: in a CRISPR (clustered regularly interspaced short palindromic repeats) system, constructing an acyltransferase-dCas12a fusion protein gene and a crRNA (Complementary Ribonucleic Acid) gene on plasmids, transferring the plasmids into the bacterium, and finishing acylating and modifying the targeted protein through the growth and proliferation of the bacterium. According to the method disclosed by the invention, the application range of the CRISPR technology is widened, and acylation modification of targeted protein is realized.(ZH) 本发明公开了一种细菌体内靶向蛋白酰基化修饰方法，包括下述步骤：在CRISPR系统中，将酰基转移酶‑dCas12a融合蛋白基因和crRNA基因构建在质粒上，并转入细菌内，通过细菌生长增殖，完成对靶向蛋白的酰基化修饰。本发明的方法拓宽了CRISPR技术的应用范围，实现了靶向蛋白的酰基化修饰。",,,,,,,
,,,,,,,,,,,,,,,,,,,,
CN314084706,201910534976.X,China,20.06.2019,112111526,22.12.2020,A,"C12N 15/90
					






C12N 9/22
					






C12N 15/89
					






C12N 15/113
					






C12N 15/11
					






A01K 67/027
					








C12N 15/90
					






C12N 9/22
					






C12N 15/89
					






C12N 15/113
					






C12N 15/11
					






A01K 67/027
					






View less classifications","C12N 15/902
					






C12N 9/22
					






C12N 15/89
					






C12N 15/113
					






C12N 2310/10
					






A01K 2217/07
					






View more classifications
							






C12N 15/902
					






C12N 9/22
					






C12N 15/89
					






C12N 15/113
					






C12N 2310/10
					






A01K 2217/07
					






A01K 2227/706
					






A01K 2267/02
					






A01K 67/68
					






View less classifications",CAS CENTER FOR EXCELLENCE IN MOLECULAR PLANT SCIENCES中国科学院分子植物科学卓越创新中心,HUANG YONGPING黄勇平ZHAN SHUAI詹帅WANG SIBAO王四宝KOU ZONGQING寇宗庆XU JUN许军,上海恒慧知识产权代理事务所(特殊普通合伙) 31317,(EN) Marker gene of CRISPR/Cas9 gene editing system applied to hermetia illucens(ZH) 一种应用于黑水虻的CRISPR/Cas9基因编辑系统的标记基因,"(EN) The invention discloses a method for screening CRISPR /Cas9 gene edited hermetia illucens. The method comprises the following steps: (1) respectively performing PCR on template primers sgRNA1-F and sgRNA2-F in which white genes are knocked out and universal reverse primers, and recovering and purifying a PCR product to obtain template sgRNA; (2) performing in-vitro mass amplification on the sgRNAtemplate to obtain sgRNA in a single-stranded state; (3) mixing the sgRNA in the single-stranded state with a cas9 protein, and performing microinjection into newly-produced fertilized eggs of the hermetia illucens; and (4) performing dark treatment on the injected eggs until the eggs are incubated, observing the eye color phenotype of the incubated hermetia illucens, and picking out the individuals with whitened eyes. According to a gene editing technology, eye color related genes are successfully knocked out, the obtained gene mutation hermetia illucens can be judged by observing whether whitened eyes appear or not, phenotype is easy to observe in the early stage, the gene mutation hermetia illucens has an excellent effect when being used as a marker gene, and convenience can be providedfor subsequent hermetia illucens gene function research.(ZH) 本发明公开了一种筛选CRISPR/Cas9基因编辑黑水虻的方法，其包括以下步骤：(1)将white基因敲除的模板引物sgRNA1‑F和sgRNA2‑F分别和通用的反向引物进行PCR，将PCR产物回收纯化，即得模板sgRNA；(2)将所述的sgRNA模板进行体外大量扩增，获得单链状态的sgRNA；(3)将所述的单链状态的sgRNA和cas9蛋白混合，显微注射入黑水虻新产受精卵中；(4)将所述注射后的卵黑暗处理，直到孵化，观察孵化出的黑水虻的眼色表型，挑出眼睛白化个体。本发明用基因编辑技术实现了眼色相关基因的成功敲除，获得的基因突变黑水虻可以通过观察是否出现白化眼睛来判断，表型早期易观察，作为标记基因具有优良效果，可以为后续黑水虻基因功能研究提供便捷。",,,,,,,
CN431385807,202410300135,China,15.03.2024,118147161,07.06.2024,A,"C12N 15/29
					






C12N 15/84
					






A01H 5/12
					






A01H 6/20
					








C12N 15/29
					






C12N 15/84
					






A01H 5/12
					






A01H 6/20
					






View less classifications","C07K 14/415
					






C12N 15/8241
					






C12N 15/8216
					






C12N 15/8205
					








C07K 14/415
					






C12N 15/8241
					






C12N 15/8216
					






C12N 15/8205
					






View less classifications",XINYANG NORMAL UNIVERSITY信阳师范学院,HENG SHUANGPING衡双平CUI MENGDI崔梦迪LI XIAOLIN李晓琳ZHANG MENGKE张梦珂ZHENG FENG郑凤MAO GUANGZHI毛光志XING FENG邢锋LIAN SHUAIBIN连帅彬ZHANG SHAOHENG张少恒,郑州大通专利商标代理有限公司 41111,(EN) CRISPR/Cas9-based leaf mustard BjRCO gene editing material(ZH) 一种基于CRISPR/Cas9的叶用芥菜BjRCO基因编辑材料,"(EN) The invention belongs to the technical field of plant genetic engineering and biology, and particularly relates to a leaf mustard BjRCO gene editing material based on CRISPR/Cas9. According to the invention, the mutation multi-copy BjRCO gene can change the leaf shape of leaf mustard; according to the invention, two specific targets capable of knocking out five copies (BjRCO1, BjRCO2, BjRCO3, BjRCO4 and BjRCO5) of the leaf mustard BjRCO gene at the same time are designed, and a leaf mustard BjRCO gene editing material of which the leaf shape is changed into a non-split leaf from a multi-return pinniform full-split leaf and the leaf splitting index is obviously reduced is obtained through gene editing carrier construction and agrobacterium-mediated genetic transformation. The gene editing material can be used as a brassica juncea material suitable for different environments, and valuable gene resources and germplasm resources are provided for leaf brassica juncea breeding and leaf shape variation research.(ZH) 本发明属于植物基因工程和生物技术领域，特别涉及一种基于CRISPR/Cas9的叶用芥菜BjRCO基因编辑材料。本发明发现突变多拷贝的BjRCO基因可改变叶用芥菜叶形；本发明设计了两个可以同时敲除叶用芥菜BjRCO基因5个拷贝(BjRCO1，BjRCO2，BjRCO3，BjRCO4，BjRCO5)的特异性靶点，通过基因编辑载体构建和农杆菌介导的遗传转化获得了叶片形状从多回羽状全裂叶变为非裂叶、叶裂指数明显降低的叶用芥菜BjRCO基因编辑材料。所述基因编辑材料可作为适应不同环境的芥菜材料，为叶用芥菜育种和研究叶形变异提供宝贵的基因资源和种质资源。",,,,,,,
CN439118527,202410872486,China,01.07.2024,118599899,06.09.2024,A,"C12N 15/82
					






C12N 15/113
					






C12N 9/22
					






C12N 15/53
					






A01H 6/20
					






A01H 5/12
					






View more classifications
							






C12N 15/82
					






C12N 15/113
					






C12N 9/22
					






C12N 15/53
					






A01H 6/20
					






A01H 5/12
					






A01H 5/02
					






A01H 5/04
					






View less classifications","C12N 15/825
					






C12N 15/8218
					






C12N 15/1137
					






C12N 9/22
					






C12N 9/0071
					






C12Y 114/14
					






View more classifications
							






C12N 15/825
					






C12N 15/8218
					






C12N 15/1137
					






C12N 9/22
					






C12N 9/0071
					






C12Y 114/14
					






C12N 2310/20
					






View less classifications","ZHEJIANG MEIZHIAO SEED CO., LTD.浙江美之奥种业股份有限公司",MA CUNFA马存发WU TING武婷ZHAO HUI赵辉WU SHUIQIN巫水钦XIAO JIANCHENG肖建成YU YONGHUI余永辉,北京超凡宏宇知识产权代理有限公司 11463,"(EN) Expression vector, application of broccoli gene in improvement of broccoli purple and improvement method(ZH) 一种表达载体、青花菜基因在改良青花菜发紫中的应用及改良方法","(EN) The invention discloses an expression vector, application of a broccoli gene in improvement of broccoli purple and an improvement method, and relates to the technical field of plant molecular biology. The invention discloses the influence of the function loss of the broccoli BoF3 'H gene and/or the broccoli BoDFR gene on the anthocyanin accumulation of the broccoli, and the endogenous BoF3' H gene and/or the BoDFR gene of the broccoli are/is lost in a gene editing mode, so that the anthocyanin synthesis of the broccoli is blocked, and the bad character of purple of the broccoli is improved. According to the broccoli CRISPR/Cas9 gene editing system and the expression vector, the bad character that broccoli is purple is rapidly improved by knocking out the BoF3 'H and BoDFR genes, and resources are provided for cultivating new broccoli varieties. The invention further provides the broccoli CRISPR/Cas9 gene editing system and the expression vector, and the broccoli CRISPR/Cas9 gene editing system and the expression vector have the advantage of being high in gene editing efficiency.(ZH) 本发明公开了一种表达载体、青花菜基因在改良青花菜发紫中的应用及改良方法，涉及植物分子生物学技术领域。本发明揭示了青花菜BoF3’H基因和/或青花菜BoDFR基因功能的丧失对于青花菜的花青素积累的影响，通过基因编辑的方式，使得青花菜内源BoF3’H基因和/或BoDFR基因功能丧失，使得青花菜的花青素合成受阻而改良青花菜发紫的不良性状。本发明通过敲除BoF3’H、BoDFR基因快速改良青花菜发紫的不良性状，为培育青花菜新品种提供了资源。本发明还提供了青花菜CRISPR/Cas9基因编辑系统和表达载体，其具有基因编辑效率高的特点。",,,,,,,
US306969677,16765553,United States of America,21.11.2018,20200308583,01.10.2020,B2,"C12N 15/113
					






C12N 9/22
					






C12N 15/82
					






C12N 15/85
					






C12N 9/96
					








C12N 15/113
					






C12N 9/22
					






C12N 15/82
					






C12N 15/85
					






C12N 9/96
					






View less classifications","C12N 9/22
					






C12N 15/113
					






C12N 9/96
					






C12N 15/8201
					






C12N 15/8509
					






C12N 2310/20
					






View more classifications
							






C12N 9/22
					






C12N 15/113
					






C12N 9/96
					






C12N 15/8201
					






C12N 15/8509
					






C12N 2310/20
					






C12N 2310/3519
					






View less classifications",Genkore Co. Ltd.,Yong Sam KimJeong Heon KoJeong Mi LeeSu Bin Moon,,(EN) Composition for genome editing using CRISPR/CPF1 system and use thereof,"(EN) 
The present invention relates to a composition for genome editing using a CRISPR/Cpf1 system and a use thereof and, more particularly, to a composition for genome editing comprising: a CRISPR RNA (crRNA) including a guide sequence capable of hybridizing with a target nucleotide sequence, and a uridine repeat sequence connected to the 3′-end of the guide sequence, or a DNA encoding the same; and a Cpf1 protein or a DNA encoding the same, a method for genome editing using the same, a method for construction of a genetically modified organism, and a genetically modified organism. The present invention can increase an indel efficiency and decrease off-target activity in genome editing of eukaryotic cells using the CRIPSPR/Cpf1 system and thus can easily construct a genetically modified cell or genetically modified animal or plant having a desired gene inserted thereinto (knock-in) or deleted therefrom (knock-out).",10-2017-0155927 21.11.2017 KR,"KR1020190058358

AU2018370588

EP3715461

WO/2019/103442

CN111836894",11667917,06.06.2023,,,
AU297188130,2018370588,Australia,21.11.2018,2018370588,31.05.2019,B2,"C12N 15/79
					






C12N 9/22
					






C12N 15/10
					






C12N 15/113
					






C12N 15/90
					








C12N 15/79
					






C12N 9/22
					






C12N 15/10
					






C12N 15/113
					






C12N 15/90
					






View less classifications","C12N 9/22
					






C12N 15/79
					






C12N 15/90
					






C12N 15/111
					






C12N 2310/20
					






C12N 2310/3519
					






View more classifications
							






C12N 9/22
					






C12N 15/79
					






C12N 15/90
					






C12N 15/111
					






C12N 2310/20
					






C12N 2310/3519
					






C12N 2320/52
					






C12N 2320/53
					






C12N 15/102
					






C12N 15/113
					






C12N 15/907
					






C12N 2310/10
					






C12N 15/8201
					






C12N 15/8509
					






C12N 9/96
					






View less classifications",Genkore Co. Ltd.,"KIM, Yong SamKO, Jeong HeonLEE, Jeong MiMOON, Su Bin",James & Wells Intellectual Property,(EN) Composition for Genome Editing Using Crispr/CPF1 System and Use Thereof,"(EN) The present invention relates to a genome editing composition using a CRISPR/Cpf1 system and a use thereof and, more particularly, to a genome editing composition comprising: a CRISPR RNA (crRNA) including a guide sequence capable of hybridizing with a target nucleotide sequence, and a uridine repeat sequence connected to the 3'-terminus of the guide sequence, or a DNA coding therefor; and a Cpf1 protein or a DNA coding therefor, a genome editing method using the same, a method for construction of a transgenic entity, and a transgenic entity. Utilizing the CRIPSPR/Cpf1 system, the present invention can increase an indel efficiency and decrease off-target activity in genome editing and thus can easily construct a transformed cell or transgenic animal or plant having a desired gene inserted thereinto (knock-in) or deleted therefrom (knock-out).",10-2017-0155927 21.11.2017 KR,"KR1020190058358

US20200308583

EP3715461

WO/2019/103442

CN111836894",,,,,
AU397751753,2021374974,Australia,05.11.2021,2021374974,12.05.2022,A1,"C12N 15/10
					






C12N 9/12
					






C12N 9/22
					






C12N 15/11
					






C12N 15/62
					








C12N 15/10
					






C12N 9/12
					






C12N 9/22
					






C12N 15/11
					






C12N 15/62
					






View less classifications","C12N 15/111
					






C12N 9/1276
					






C12N 9/22
					






C12N 2310/20
					






C12N 2310/3519
					






C12N 15/102
					






View more classifications
							






C12N 15/111
					






C12N 9/1276
					






C12N 9/22
					






C12N 2310/20
					






C12N 2310/3519
					






C12N 15/102
					






C12N 15/62
					






C12Y 207/07049
					






C07K 2319/80
					






C07K 2319/00
					






C07K 14/4702
					






C12N 15/11
					






C12Q 2521/107
					






C12N 2800/10
					






C12N 2800/80
					






C12N 15/905
					






C12N 15/907
					






C12N 15/66
					






C12N 15/902
					






C12N 15/113
					






View less classifications","PAIRWISE PLANTS SERVICES, INC.","HUMMEL, AaronKIM, YongjooLAWIT, Shai JoshuaSCHWARK, DavidWATTS, Joseph Matthew",RnB IP Pty Ltd,(EN) COMPOSITIONS AND METHODS FOR RNA-ENCODED DNA-REPLACEMENT OF ALLELES,"(EN) This invention relates to recombinant nucleic constructs comprising CRISPR-Cas effector proteins, reverse transcriptases and extended guide nucleic acids and methods of use thereof for modifying nucleic acids in plants.","63/110,386 06.11.2020 US","WO/2022/098993

CA3200521

BRUS2021058235

KR1020230106633

EP4240844

CN116745418

JP2023549339

NZ798968

IL302526

MX2023005150

CL2023001284

IN202347036333This application is not viewable in PATENTSCOPE because the national phase entry has not been published yet or the national entry is issued from a country that does not share data with WIPO or there is a formatting issue or an unavailability of the application.

SG11202302818VThis application is not viewable in PATENTSCOPE because the national phase entry has not been published yet or the national entry is issued from a country that does not share data with WIPO or there is a formatting issue or an unavailability of the application.",,,,,
,,,,,,,,,,,,,,,,,,,,
CN339912584,202110278014.X,China,15.03.2021,113512549,19.10.2021,B,"C12N 15/29
					






C12N 15/84
					






C12N 15/55
					






A01H 5/00
					






A01H 6/46
					








C12N 15/29
					






C12N 15/84
					






C12N 15/55
					






A01H 5/00
					






A01H 6/46
					






View less classifications","C07K 14/415
					






C12N 15/8218
					






C12N 15/8261
					






C12N 15/8205
					






C12N 9/22
					








C07K 14/415
					






C12N 15/8218
					






C12N 15/8261
					






C12N 15/8205
					






C12N 9/22
					






View less classifications",SOUTH CHINA AGRICULTURAL UNIVERSITY华南农业大学,ZHUANG CHUXIONG庄楚雄ZHENG SHAOYAN郑少燕YU DI于迪LU JINGQIN卢静沁YE SIMIAO叶思苗,,(EN) Method for advancing rice growth period and increasing yield by using mutant OsHsfC2a gene(ZH) 一种提前水稻生育期及提高产量的方法,"(EN) The invention belongs to the field of rice gene engineering, and relates to a method for advancing the growth period of rice or increasing the yield of rice by using a mutant OsHsfC2a gene. Researches show that after the OsHsfC2a gene is subjected to mutation reduction/blocking expression, the growth period of rice under long and short sunshine is obviously shortened, and the OsHsfC2a gene can be used as an effective target for rice genetic breeding. In addition, compared with mutants obtained through chemical and physical mutagenesis, the mutant obtained through a CRISPR/Cas9 system is higher in purposiveness, damage to genomes is small, and possible risks caused by transgenosis can be avoided. Compared with a wild type which is not mutated, the method has the advantages that the heading time of the mutated CasHsfC2a plant is shortened by 4-7 days under long and short sunshine, the total grain number of each spike is increased, the maturing rate is not reduced, and the growth state of the plant is not influenced.(ZH) 本发明属于水稻基因工程领域，本发明涉及一种提前水稻生育期及提高产量的方法。本发明研究显示对OsHsfC2a基因进行突变降低/阻断表达后，明显缩短了水稻长短日照下的生育期，可以将OsHsfC2a基因作为水稻遗传育种的一个有效的靶点。另外本发明利用CRISPR/Cas9系统获得的突变体与利用化学、物理诱变获得的突变体相比目的性更强，对基因组的损伤小，可规避转基因带来的可能风险；与未进行突变的野生型相比，突变CasHsfC2a植株抽穗时间在长短日照下减少4‑7天，每穗总粒数增加，结实率没有下降，植株生长状态没有影响。",,,113512549,03.06.2022,,,
,,,,,,,,,,,,,,,,,,,,
CN437342414,202410917432,China,10.07.2024,118460562,09.08.2024,B,"C12N 15/29
					






C07K 14/415
					






C12N 15/82
					






A01H 5/00
					






A01H 6/20
					








C12N 15/29
					






C07K 14/415
					






C12N 15/82
					






A01H 5/00
					






A01H 6/20
					






View less classifications","C07K 14/415
					






C12N 15/8261
					






C12N 15/827
					






Y02A 40/146
					








C07K 14/415
					






C12N 15/8261
					






C12N 15/827
					






Y02A 40/146
					






View less classifications","NATIONAL NANFAN RESEARCH INSTITUTE, SANYA CHINESE ACADEMY OF AGRICULTURAL SCIENCES三亚中国农业科学院国家南繁研究院",WANG ZHI王智ZHANG TIAN'EN张天恩ZHU JINGJUAN朱静娟LIU YANG刘杨LI FUGUANG李付广PENG JUN彭军,,(EN) Application of arabidopsis thaliana COP1 gene in regulation and control of root hair development(ZH) 拟南芥COP1基因在调控根毛发育中的应用,"(EN) The invention relates to an arabidopsis thaliana COP1 gene (AT2G32950), the gene sequence of the arabidopsis thaliana COP1 gene comprises 2028 nucleotide sequences, and 675 amino acid sequences are encoded. An arabidopsis thaliana mutant material of the COP1 gene is obtained through chemical mutagenesis and a CRISPR/Cas9 gene editing technology, genotype and phenotype analysis is carried out, it is found that in a mutant of the COP1 gene, the length and number of root hairs are remarkably increased, it is indicated that the COP1 gene regulates and controls the development process of the arabidopsis thaliana root hairs, the COP1 gene is an important negative regulation factor for development of the arabidopsis thaliana root hairs, and the COP1 gene can be used as a negative regulation factor for development of the arabidopsis thaliana root hairs. The knockout of the COP1 gene can effectively promote the growth and development of plant root hair, and meanwhile, the COP1 gene also has an important regulation effect on the aspects of plant growth, flowering and the like.(ZH) 本发明涉及拟南芥COP1基因（AT2G32950），其基因序列包括2028个核苷酸序列，编码了675个氨基酸序列。通过化学诱变以及CRISPR/Cas9基因编辑技术获得了COP1基因的拟南芥突变体材料，进行基因型及表型分析，发现COP1基因的突变体中，根毛长度和数量均显著增加，表明COP1基因调控了拟南芥根毛的发育过程，COP1基因是拟南芥根毛发育的重要负调控因子，COP1基因的敲除可以有效的促进植物根毛的生长发育，同时COP1基因还对植物生长以及开花等方面具有重要调控作用。",,,118460562,08.11.2024,,,
KR379164457,1020210056809,Republic of Korea,30.04.2021,1020220149325,08.11.2022,A,"A01H 1/00
					






A01H 6/54
					






C12N 15/10
					






C12N 15/113
					






C12N 15/82
					






C12N 9/22
					






View more classifications
							






A01H 1/00
					






A01H 6/54
					






C12N 15/10
					






C12N 15/113
					






C12N 15/82
					






C12N 9/22
					






C12Q 1/04
					






View less classifications","A01H 1/123
					






A01H 6/54
					






C12N 15/102
					






C12N 15/113
					






C12N 15/8274
					






C12N 9/22
					






View more classifications
							






A01H 1/123
					






A01H 6/54
					






C12N 15/102
					






C12N 15/113
					






C12N 15/8274
					






C12N 9/22
					






C12Q 1/04
					






C12N 2310/20
					






View less classifications","주식회사 엘지화학LG CHEM, LTD.",KIM EUNJIRYU JAHEEAHN CHANG SOOK김은지YANG JUNGIL류자희SUNG DONG YUL안창숙LEE GYEORAE양정일HONG SUJI성동렬이겨레홍수지,유미특허법인,(EN) HERBICIDE-RESISTANT PLANT AND METHOD FOR PRODUCING SAME(KO) 제초제 저항성 식물 및 이의 제조 방법,"(EN) The present invention provides a method for producing an herbicide-resistant plant without introduction of external genes by gene deletion that occurs in the process of cutting and binding a site targeted by sgRNA by using the CRISPR/Cas9 system, and herbicide-resistant soybeans produced by the method. COPYRIGHT KIPO 2023(KO) 본 발명은 CRISPR/Cas9 시스템을 이용하여 sgRNA에 의해 표적되는 부위를 절단 후 결합하는 과정에서 발생하는 유전자 결실에 의해 외부 유전자의 도입 없이 제초제 저항성 식물을 제조하는 방법 및 상기 방법으로 제조된 제초제 저항성 콩을 제공한다.",,유미특허법인,,,,,
CN350449498,202111075161,China,14.09.2021,113980964,28.01.2022,B,"C12N 15/113
					






C12N 15/55
					






C12N 9/22
					






C12N 15/82
					






C12N 1/21
					






C12N 15/29
					






View more classifications
							






C12N 15/113
					






C12N 15/55
					






C12N 9/22
					






C12N 15/82
					






C12N 1/21
					






C12N 15/29
					






C07K 14/415
					






A01H 5/00
					






A01H 5/02
					






A01H 6/20
					






View less classifications","C12N 15/113
					






C12N 9/22
					






C07K 14/415
					






C12N 15/8218
					






C12N 15/827
					






C12N 15/8261
					






View more classifications
							






C12N 15/113
					






C12N 9/22
					






C07K 14/415
					






C12N 15/8218
					






C12N 15/827
					






C12N 15/8261
					






C12N 15/8282
					






C12N 2800/22
					






C12N 2310/20
					






View less classifications",JIANGSU UNIVERSITY江苏大学,TAN XIAOLI谭小力GENG RUI耿瑞ZHU KEMING朱克明WANG ZHENG王政DING LINA丁丽娜CAO JUN曹军LI YULONG李玉龙XUE YIXUAN薛怡萱SHAN YUE单悦LI LEI李雷,,(EN) Brassica napus BnHBBD gene site-specific mutagenesis method and application(ZH) 一种甘蓝型油菜BnHBBD基因定点突变的方法及应用,"(EN) The invention provides a brassica napus BnHBBD gene site-specific mutagenesis method and application, and belongs to the technical field of plant gene editing and plant breeding. According to the invention, target spots Target1 and Target2 are designed and screened according to the BnHBBD gene in the brassica napus, sgRNA sequences are designed, then the two target spots are respectively connected with two same sgRNA sequences, a double-target-spot gene editing vector pKSE401-BnHBBD-CRISPR is constructed, the brassica napus is converted, site-directed mutagenesis of the BnHBBD gene of the brassica napus is realized, the exogenous gene carried by the vector is separated through selfing to obtain a new non-transgenic rape material which is long in flowering period, resistant to sclerotiniose and not easy to crack in silique. According to the invention, the gene editing technology is utilized to edit in the brassica napus, so that the obtaining period of new germplasm is greatly shortened, and innovative germplasm is provided for breeding of the brassica napus.(ZH) 本发明提供了一种甘蓝型油菜BnHBBD基因定点突变的方法及应用，属于植物基因编辑和植物育种技术领域；在本发明中，针对甘蓝型油菜中的BnHBBD基因设计筛选靶点Target1和Target2，并设计sgRNA序列，然后将2个靶点分别与2个相同的sgRNA序列连接，构建出双靶点基因编辑载体pKSE401‑BnHBBD‑CRISPR，转化甘蓝型油菜，实现对甘蓝型油菜BnHBBD基因的定点突变，通过自交来分离载体所携带的外源基因得到具有长开花期、抗菌核病和角果不易开裂的非转基因油菜新材料；本发明利用基因编辑技术在甘蓝型油菜中进行编辑，极大的缩短了新种质的获得周期，为油菜育种提供创新种质。","WO/2023/040623

CA3211382","WO/2023/040623

CA3211382",113980964,10.10.2023,,,
,,,,,,,,,,,,,,,,,,,,
CN428333581,202410100274,China,24.01.2024,117904174,19.04.2024,A,"C12N 15/82
					






C12N 15/29
					






A01H 6/54
					






A01H 5/00
					








C12N 15/82
					






C12N 15/29
					






A01H 6/54
					






A01H 5/00
					






View less classifications","C12N 15/8261
					






C12N 15/8271
					






C12N 15/8218
					






C12N 15/8205
					






C07K 14/415
					








C12N 15/8261
					






C12N 15/8271
					






C12N 15/8218
					






C12N 15/8205
					






C07K 14/415
					






View less classifications",GUANGZHOU UNIVERSITY广州大学,LIU BAOHUI刘宝辉FANG CHAO方超LU SIJIA芦思佳KONG FANJIANG孔凡江SU TONG苏彤,北京集佳知识产权代理有限公司 11227,(EN) Application of editing site of soybean SWEET homologous gene as target spot in regulation and control of hypocotyl length of soybean(ZH) 大豆SWEET同源基因的编辑位点作为靶点在调控大豆的下胚轴长度中的应用,"(EN) The invention relates to the field of plant breeding, in particular to application of an editing site of a soybean SWEET homologous gene as a target to regulation and control of the length of a hypocotyl of soybean. The invention provides application of an editing site of a soybean SWEET homologous gene as a target spot in regulation and control of the length of a hypocotyl of a soybean. And the editing sites are located at 2bp to 21bp and 658bp to 676bp of a coding region of the SWEET11 gene and/or the SWEET21 gene. According to the invention, soybean GmSWEET11/21 is knocked out simultaneously by using a CRISPR/Cas9 technology, a genetic material is provided for functional research of the soybean SWEET gene, and directional regulation and control of hypocotyl length, reduction of soybean plant height, improvement of lodging resistance and increase of yield are hopeful.(ZH) 本发明涉及植物育种领域，尤其涉及大豆SWEET同源基因的编辑位点作为靶点在调控大豆的下胚轴长度中的应用。本发明提供了大豆SWEET同源基因的编辑位点作为靶点在调控大豆的下胚轴长度中的应用；所述编辑位点位于：SWEET11基因和/或SWEET21基因的编码区的2bp～21bp和658bp～676bp。本发明利用CRISPR/Cas9技术对大豆GmSWEET11/21同时进行敲除，将为大豆SWEET基因的功能研究提供遗传材料，有望定向调控下胚轴长度，降低大豆株高，提高抗倒伏能力，提高产量。",,,,,,,
,,,,,,,,,,,,,,,,,,,,
,,,,,,,,,,,,,,,,,,,,
,,,,,,,,,,,,,,,,,,,,
,,,,,,,,,,,,,,,,,,,,
,,,,,,,,,,,,,,,,,,,,
,,,,,,,,,,,,,,,,,,,,
,,,,,,,,,,,,,,,,,,,,
,,,,,,,,,,,,,,,,,,,,
,,,,,,,,,,,,,,,,,,,,
,,,,,,,,,,,,,,,,,,,,
,,,,,,,,,,,,,,,,,,,,
,,,,,,,,,,,,,,,,,,,,
,,,,,,,,,,,,,,,,,,,,
,,,,,,,,,,,,,,,,,,,,
,,,,,,,,,,,,,,,,,,,,
,,,,,,,,,,,,,,,,,,,,
,,,,,,,,,,,,,,,,,,,,
,,,,,,,,,,,,,,,,,,,,
,,,,,,,,,,,,,,,,,,,,
CL450036414,2024002567,Chile,28.08.2024,2024002567,14.02.2025,A1,"C12N 15/62
					






C12N 15/52
					






C12N 9/22
					








C12N 15/62
					






C12N 15/52
					






C12N 9/22
					






View less classifications","C12N 9/22
					






C12N 15/52
					






C12N 15/62
					






C07K 2319/00
					






C12N 2310/20
					






C07K 14/415
					






View more classifications
							






C12N 9/22
					






C12N 15/52
					






C12N 15/62
					






C07K 2319/00
					






C12N 2310/20
					






C07K 14/415
					






C12N 15/102
					






View less classifications","PAIRWISE PLANTS SERVICES, INC.",Joseph Matthew WATTSSharon Leigh GUFFY,ARTURO COVARRUBIAS VARGAS,(ES) PROTEÍNAS EFECTORAS CRISPR-CAS GENÉTICAMENTE MODIFICADAS Y MÉTODOS DE USO DE LAS MISMAS,"(ES) Se describen proteínas genéticamente modificadas y métodos de uso de dichas proteínas. Además se describen complejos, composiciones y sistemas que incluyen proteínas genéticamente modificadas de la presente invención, cada uno de los cuales puede utilizarse para modificar o editar un ácido nucleico diana. Una proteína genéticamente modificada de la presente invención puede ser una enzima o puede ser una proteína de unión al ADN guiada por ARN.","63/314,598 28.02.2022 US",,,,,,
,,,,,,,,,,,,,,,,,,,,
AU201229392,2016239037,Australia,14.03.2016,2016239037,06.10.2016,B2,"C12N 15/01
					






A01H 1/06
					






A01H 5/00
					






C12N 15/55
					






C12N 15/87
					








C12N 15/01
					






A01H 1/06
					






A01H 5/00
					






C12N 15/55
					






C12N 15/87
					






View less classifications","A01H 1/06
					






C12N 15/01
					






C12N 15/87
					






C12N 15/8207
					






C12N 15/8213
					






C12N 9/22
					






View more classifications
							






A01H 1/06
					






C12N 15/01
					






C12N 15/87
					






C12N 15/8207
					






C12N 15/8213
					






C12N 9/22
					






C12N 9/96
					






C12N 15/102
					






C12N 15/113
					






C12N 15/82
					






C12N 2310/20
					






C12N 15/11
					






C12N 15/902
					






C12N 2800/80
					






View less classifications","Institute of Genetics and Developmental Biology, Chinese Academy of Sciences","Gao, CaixiaLiang, ZhenShan, QiweiSong, QiannaWang, Yanpeng",Spruson & Ferguson,(EN) Method of applying non-genetic substance to perform site-directed reform of plant genome,"(EN) A method of applying a non-genetic substance to perform site-directed reform of a plant genome. The method comprises the following steps: introducing a non-genetic substance into a cell or a tissue or a plant part of a target plant, the non-genetic substance being a nuclease specific to a target segment or an mRNA expressing the nuclease, the nuclease being a TALEN nuclease, a zinc finger nuclease (ZFN), clustered regularly interspaced short palindromic repeats (CRISPR/Cas9) nuclease, or all nucleases capable of realizing genome editing. The nuclease acts to cut the target segment, and then site-directed reform of the target segment is completed via a DNA repair of the plant.",201510114017.4 16.03.2015 CN,,,,,,
JP391872221,2022186467,Japan,22.11.2022,2023018066,07.02.2023,A,"A01H 1/00
					






C12N 15/09
					






C12N 15/87
					








A01H 1/00
					






C12N 15/09
					






C12N 15/87
					






View less classifications","A01H 1/06
					






C12N 15/01
					






C12N 15/87
					






C12N 15/8207
					






C12N 15/8213
					






C12N 9/22
					






View more classifications
							






A01H 1/06
					






C12N 15/01
					






C12N 15/87
					






C12N 15/8207
					






C12N 15/8213
					






C12N 9/22
					






C12N 9/96
					






C12N 15/102
					






C12N 15/113
					






C12N 15/82
					






C12N 2310/20
					






C12N 15/11
					






C12N 15/902
					






C12N 2800/80
					






View less classifications",INSTITUTE OF GENETICS & DEVELOPMENTAL BIOLOGY CHINESE ACADEMY OF SCIENCES中国科学院遺▲伝▼与▲発▼育生物学研究所,GAO CAIXIAツァイシア　ガオLIANG ZHENジェン　リアンWANG YANPENGヤンペン　ワンSHAN QIWEIチーウェイ　シャンSONG QIANNAチアンナ　ソン,アインゼル・フェリックス＝ラインハルト森田　拓前川　純一上島　類神谷　雪恵,(EN) METHOD FOR APPLYING NON-GENETIC MATERIAL TO PERFORM SITE-SPECIFIC MODIFICATION OF PLANT GENOME(JA) 植物ゲノムの部位特異的改変の実施に非遺伝物質を適用する方法,"(EN) PROBLEM TO BE SOLVED: To provide a method for applying non-genetic material to perform a site-specific modification of a plant genome.SOLUTION: A method comprises a step of introducing non-genetic material into a cell or tissue or plant part of a target plant, wherein the non-genetic material is a nuclease specific for a target portion or an mRNA expressing the nuclease, and the nuclease is a TALEN nuclease, a zinc finger nuclease (ZFN), a clustered regularly interspaced short palindromic repeats (CRISPR/Cas9) nuclease, or any nuclease capable of genome editing. The nuclease serves to cleave the target portion and then DNA repair of the plant completes the site-specific modification of the target portion.SELECTED DRAWING: NoneCOPYRIGHT: (C)2023,JPO&INPIT(JA) 【課題】植物ゲノムの部位特異的改変の実施に非遺伝物質を適用する方法を提供する。【解決手段】方法は、対象植物の細胞または組織または植物部分に非遺伝物質を導入するステップを含み、その際、前記非遺伝物質は標的部分に特異的なヌクレアーゼであるか、または前記ヌクレアーゼを発現するｍＲＮＡであり、前記ヌクレアーゼは、ＴＡＬＥＮヌクレアーゼ、ジンクフィンガーヌクレアーゼ（ＺＦＮ）、規則的な間隔をもってクラスター化された短鎖反復回文（Ｃｌｕｓｔｅｒｅｄ ｒｅｇｕｌａｒｌｙ ｉｎｔｅｒｓｐａｃｅｄ ｓｈｏｒｔ ｐａｌｉｎｄｒｏｍｉｃ ｒｅｐｅａｔｓ、ＣＲＩＳＰＲ／Ｃａｓ９）ヌクレアーゼ、またはゲノム編集を実現しうるあらゆるヌクレアーゼである。前記ヌクレアーゼは前記標的部分を切断する役割を果たし、次いで前記植物のＤＮＡ修復により該標的部分の部位特異的改変が完了される。【選択図】なし",201510114017.4 16.03.2015 CN,,,,"A01H 1/00A
C12N 15/09,100
C12N 15/87Z
A01H 1/00A
C12N 15/09,100
C12N 15/87Z
View less classifications","2B030CA11
2B030CA15
2B030CA11
2B030CA15
View less classifications",
US414435729,18245282,United States of America,14.09.2021,20230365634,16.11.2023,A1,"C07K 14/415
					






C12N 15/82
					






C12N 15/11
					






A01H 6/46
					








C07K 14/415
					






C12N 15/82
					






C12N 15/11
					






A01H 6/46
					






View less classifications","C12N 15/8261
					






C07K 14/415
					






C12N 15/8243
					






C12N 15/8218
					






C12N 15/11
					






A01H 6/46
					






View more classifications
							






C12N 15/8261
					






C07K 14/415
					






C12N 15/8243
					






C12N 15/8218
					






C12N 15/11
					






A01H 6/46
					






C12N 2310/20
					






View less classifications","INSTITUTE OF GENETICS AND DEVELOPMENTAL BIOLOGY, CHINESE ACADEMY OF SCIENCES",Chengcai CHUYongqiang LIUBin HUHongru WANG,,(EN) PROTEIN REGULATING NITROGEN-USE EFFICIENCY AND YIELD OF PLANT AND USE THEREOF,"(EN) 
The present invention discloses a protein regulating nitrogen-use efficiency and yield of a plant and the use thereof. The present invention obtains a transgenic OsTCP19 rice and a rice OsTCP19 mutant by means of a transgenic technique and a CRISPR-Cas9 technique, respectively. Experiments have shown that compared with wild-type rice, the transgenic OsTCP19 rice has a reduced tiller number and a decreased nitrogen response ability, whereas compared with the wild-type rice, the rice OsTCP19 mutant has an increased tiller number. This indicates that the OsTCP19 protein has the function of regulating the plant yield and nitrogen-use efficiency, thus laying the foundation for cultivating varieties with a high yield and a high nitrogen-use efficiency.",202010965332.9 15.09.2020 CN,,,,,,
CN236154302,201711302426,China,11.12.2017,109112150,01.01.2019,B,"C12N 15/61
					






C12N 15/82
					








C12N 15/61
					






C12N 15/82
					






View less classifications","C12N 9/90
					






C12N 15/8213
					






C12N 15/825
					






C12Y 505/01018
					








C12N 9/90
					






C12N 15/8213
					






C12N 15/825
					






C12Y 505/01018
					






View less classifications",HUAZHONG AGRICULTURAL UNIVERSITY华中农业大学,WANG GONGWEI王功伟LIU CHANG刘畅,武汉宇晨专利事务所 42001,(EN) Applications of OsLUT2 gene in rice photoprotection(ZH) OsLUT2基因在水稻光保护中的应用,"(EN) The invention belongs to the technical field of plant genetic engineering, and particularly relates to applications of an OsLUT2 gene in rice photoprotection, wherein the nucleotide sequence of the OsLUT2 gene is represented by SEQ ID NO:1 in the sequence list. According to the present invention, through the CRISPR technology, the phenotype of the mutant after the functional incapacitation of therice OsLUT2 gene is researched, the physiological function of the gene in rice are verified, it is proved that the OsLUT2 gene controls the NPQ phenotype in rice, and the OsLUT2 gene provides important effect on the photoprotection of rice.(ZH) 本发明属于植物基因工程技术领域，具体涉及OsLUT2基因在水稻光保护中的应用。OsLUT2基因的核苷酸序列如序列表SEQ ID NO:1所示。本发明通过CRISPR技术，研究了水稻OsLUT2基因功能丧失后突变体的表型，验证了该基因在水稻中的生理功能，证明了在水稻中OsLUT2基因控制中文名称NPQ表型，OsLUT2基因对水稻的光保护发挥了重要作用。",,,109112150,23.02.2021,,,
CN313345362,202010792574,China,09.08.2020,111996192,27.11.2020,A,"C12N 15/113
					






C12N 15/11
					






C12N 15/82
					






A01H 5/08
					






A01H 6/82
					








C12N 15/113
					






C12N 15/11
					






C12N 15/82
					






A01H 5/08
					






A01H 6/82
					






View less classifications","C12N 15/113
					






C12N 15/8218
					






C12N 15/8261
					






C12N 2310/20
					








C12N 15/113
					






C12N 15/8218
					






C12N 15/8261
					






C12N 2310/20
					






View less classifications",HUAZHONG AGRICULTURAL UNIVERSITY华中农业大学,ZHANG JUNHONG张俊红LI GUOBIN李国斌CAI LIANGYU蔡梁玉YE ZHIBIAO叶志彪WANG JIAFA王家发AI GUO艾国ZHANG DEDI张得迪,武汉蓝宝石专利代理事务所(特殊普通合伙) 42242,(EN) Method for creating fruit green-shoulder-free tomato material and application of green-shoulder-free tomato material(ZH) 创制果实无绿色青肩番茄材料的方法及其应用,"(EN) The invention relates to the technical field of plant gene editing, in particular to a method for creating a fruit green-shoulder-free tomato material through a gene editing technology and the application of the fruit green-shoulder-free tomato material, and more particularly relates to a target site, a primer and an expression vector for creating the fruit green-shoulder-free tomato material andthe application of the target site, the primer and the expression vector. The SlGLK2 gene is further studied, a CRISPR/Cas9 technology is used for rapidly creating a novel material and cultivating a novel variety, a transgenic vector can be separated and screened out, transgenic disputes are not involved, and certain commercial value is achieved.(ZH) 本发明涉及植物基因编辑技术领域，具体涉及一种通过基因编辑技术创制果实无绿色青肩番茄材料的方法及应用，更具体地涉及到创制果实无绿色青肩番茄材料的靶标位点、引物、表达载体及其应用。本发明针对SlGLK2基因进行进一步的研究，利用CRISPR/Cas9技术快速创制新材料、培育新品种，且可以分离筛选掉转基因载体，不涉及转基因争议，具有一定的商业价值。",,,,,,,
CN325374786,202110283860,China,17.03.2021,112813076,18.05.2021,B,"C12N 15/29
					






C12N 15/113
					






C12N 15/84
					






A01H 5/10
					






A01H 6/60
					








C12N 15/29
					






C12N 15/113
					






C12N 15/84
					






A01H 5/10
					






A01H 6/60
					






View less classifications","C07K 14/415
					






C12N 15/113
					






C12N 15/8218
					






C12N 15/8261
					






C12N 2310/20
					








C07K 14/415
					






C12N 15/113
					






C12N 15/8218
					






C12N 15/8261
					






C12N 2310/20
					






View less classifications",HUAZHONG AGRICULTURAL UNIVERSITY华中农业大学,YANG XIYAN杨细燕XIA LINJIE夏林杰DENG JINWU邓晋武SUN WEINAN孙伟男TU LILI涂礼莉ZHANG XIANLONG张献龙,北京方圆嘉禾知识产权代理有限公司 11385,(EN) sgRNA composition for knocking out anemone vitifolia Buch GhTSTs gene and application of sgRNA composition to creation of anemone vitifolia Buch non-short-fiber mutant(ZH) 敲除棉花GhTSTs基因的sgRNA组合物及其在创制棉花无短绒突变体中的应用,"(EN) The invention provides an sgRNA composition for knocking out anemone vitifolia Buch GhTSTs gene and an application of the sgRNA composition to creation of a anemone vitifolia Buch short-fiber-free mutant, and belongs to the technical field of plant genetic engineering. According to the invention, three sgRNAs for gene editing are designed for conserved fragments of 8 GhTSTs genes, two sets of CRISPR-Cas9 vectors are constructed, and agrobacterium tumefaciens-mediated genetic transformation is performed, so that the anemone vitifolia Buch short fiber-free mutant is obtained. Therefore, the invention provides the application of the GhTSTs gene to creation of the anemone vitifolia Buch non-linter mutant. Besidse, the invention also provides an application of a carrier of which the GhTSTs gene is knocked out to creaction of the anemone vitifolia Buch short-fiber-free mutant. According to the invention, the GhTSTs gene is determined as a target gene for creating the anemone vitifolia Buch non-short-fiber character, the anemone vitifolia Buch non-short-fiber mutant is successfully created, and a material basis is provided for subsequent research on short-fiber generation and non-short-fiber related breeding and screening.(ZH) 本发明提供了一种敲除棉花GhTSTs基因的sgRNA组合物及其在创制棉花无短绒突变体中的应用，属于植物基因工程技术领域。本发明针对8个GhTSTs基因的保守区段设计的3条基因编辑用sgRNA，构建二套CRISPR‑Cas9载体，进行农杆菌介导的遗传转化，获得棉花无短绒突变体。因此，本发明提供了GhTSTs基因在创制棉无短绒突变体中的应用。同时本发明还提供了敲除GhTSTs基因的载体在创制棉花无短绒突变体中的应用。本发明确定了GhTSTs基因为创制棉花无短绒性状的靶点基因，并成功创建棉花无短绒突变体，为后续研究短绒发生和无短绒相关育种及筛选提供材料基础。",,,112813076,09.09.2022,,,
CN322137600,202011530126,China,22.12.2020,112608938,06.04.2021,A,"C12N 15/84
					






A01H 5/00
					






A01H 6/46
					








C12N 15/84
					






A01H 5/00
					






A01H 6/46
					






View less classifications","C12N 15/8273
					






C12N 15/8218
					






C07K 14/415
					








C12N 15/8273
					






C12N 15/8218
					






C07K 14/415
					






View less classifications",HUAZHONG AGRICULTURAL UNIVERSITY华中农业大学,XIONG LIZHONG熊立仲PENG KAIQING彭楷卿XIAO BENZE肖本泽,武汉宇晨专利事务所 42001,(EN) The invention also discloses application of OsAO2 gene in controlling drought resistance of rice(ZH) OsAO2基因在控制水稻抗旱性中的应用,"(EN) The invention belongs to the field of rice gene engineering, and particularly discloses application of an OsAO2 gene in controlling drought resistance of rice. Drought stress phenotypic identification experiments of the CRISPR material in the seedling stage and the adult-plant stage prove that after the gene function is knocked out, the drought resistance of rice is improved, and the function and the application way of the gene are verified. Therefore, the OsAO2 gene is separated from the rice, and the function of the OsAO2 gene in the aspect of improving the stress resistance of the rice is identified, so the OsAO2 gene has very important significance in cultivating new stress-resistant rice varieties.(ZH) 本发明属于水稻基因工程领域，具体公开了OsAO2基因在控制水稻抗旱性中的应用。通过CRISPR材料的苗期及成株期干旱胁迫表型鉴定实验证明，该基因功能被敲除后，水稻耐旱能力升高，证实了该基因的功能及应用途径。因此，从水稻中分离出OsAO2基因，并鉴定它在提高水稻抗逆性方面所发挥的功能，对于培育抗逆水稻新品种将具有非常重要的意义。",,,,,,,
CN342337550,202110847091,China,27.07.2021,113604487,05.11.2021,B,"C12N 15/54
					






C12N 15/82
					






A01H 5/08
					






A01H 6/82
					








C12N 15/54
					






C12N 15/82
					






A01H 5/08
					






A01H 6/82
					






View less classifications","C12N 9/1051
					






C12N 15/8249
					






C12N 15/825
					






C12Y 204/01123
					








C12N 9/1051
					






C12N 15/8249
					






C12N 15/825
					






C12Y 204/01123
					






View less classifications",SHENYANG AGRICULTURAL UNIVERSITY沈阳农业大学,QI MINGFANG齐明芳ZHANG HUIDONG张汇东MENG SIDA孟思达XU TAO许涛WANG FENG王峰LIU YUFENG刘玉凤LI TIANLAI李天来,沈阳智龙专利事务所(普通合伙) 21115沈阳智龙专利事务所(普通合伙) 21115,(EN) Application of tomato inositol galactoside synthetase gene SlGolS2 in regulation and control of fruit coloring and ripening(ZH) 一种番茄肌醇半乳糖苷合成酶基因SlGolS2在调控果实着色与成熟中的应用,"(EN) The invention relates to application of a tomato inositol galactoside synthetase gene SlGolS2 in regulation and control of fruit coloring and ripening. The SlGolS2 gene belongs to a glycosyltransferase family 8, and participates in regulating plant growth and development and resisting adversity stress by regulating biosynthesis of raffinose series oligosaccharides at limited speed. Specific expression is performed in tomato ovaries, and slgols2 mutant tomatoes obtained by using a CRISPR-Cas9 gene editing technology do not have green neak, and fruits are colored and ripened in advance. Based on the research result, a new application basis can be provided for molecular mechanism research of formation of green neak of tomato fruits and fruit ripening and acceleration of breeding of tomato early-maturing varieties.(ZH) 本发明涉及番茄肌醇半乳糖苷合成酶基因SlGolS2在调控果实着色与成熟中的应用。所述SlGolS2基因属于糖基转移酶家族8，通过限速调节棉子糖系列寡糖的生物合成，参与调节植物生长发育，抵御逆境胁迫。在番茄子房中特异性表达，利用CRISPR‑Cas9基因编辑技术获得的slgols2突变番茄不具有绿果肩，并且果实提前转色成熟。基于此研究结果，可为番茄果实绿果肩形成和果实成熟的分子机制研究，加快番茄早熟品种的选育提供新的应用基础。",,,113604487,11.11.2022,,,
,,,,,,,,,,,,,,,,,,,,
CN401498794,202310055268,China,04.02.2023,116286893,23.06.2023,A,"C12N 15/54
					






C12N 9/10
					






C12N 15/84
					






C12N 15/113
					






A01H 5/00
					






A01H 6/46
					








C12N 15/54
					






C12N 9/10
					






C12N 15/84
					






C12N 15/113
					






A01H 5/00
					






A01H 6/46
					






View less classifications","C12N 9/104
					






C12N 15/8261
					






Y02A 40/146
					








C12N 9/104
					






C12N 15/8261
					






Y02A 40/146
					






View less classifications",HUAZHONG AGRICULTURAL UNIVERSITY华中农业大学,HU HONGHONG胡红红YUE ZHICHUANG岳志闯WANG ZHIPENG汪志鹏,武汉宇晨专利事务所(普通合伙) 42001,(EN) Application of rice gene OsNAL12 in regulation and control of rice grain shape and improvement of thousand grain weight(ZH) 水稻基因OsNAL12在调控水稻粒形和提高千粒重中的应用,"(EN) The invention belongs to the field of plant genetic engineering, and particularly relates to application of a rice gene in regulation and control of rice grain shape and improvement of thousand grain weight. According to the invention, a gene capable of increasing the width of rice flag leaves and promoting large deformation of rice grains is obtained through genome-wide association analysis, cloning and screening. CRISPR (clustered regularly interspaced short palindromic repeats) knockout identification is carried out on the candidate gene of the leaf width character to obtain the gene OsNAL12 capable of regulating and controlling the leaf shape and the grain shape of the rice, phenotype identification is carried out on a mutant and an over-expression material, and the results show that the deletion of the OsNAL12 can lead to narrowing of flag leaves, seed reduction and thousand grain weight reduction, and the over-expression of the OsNAL12 can lead to widening of flag leaves, seed enlargement and thousand grain weight increase of the rice; the function and application approach of the gene in regulation and control of rice grain shape and improvement of thousand grain weight are proved. The nucleotide sequence of the gene is as shown in SEQ ID NO: 1, the protein coded by the gene is as shown in SEQ ID NO: 2, and the promoter sequence is as shown in SEQ ID NO: 3.(ZH) 本发明属于植物基因工程领域，具体涉及一个水稻基因在调控水稻粒形和提高千粒重中的应用。本发明通过全基因组关联分析克隆筛选得到一个能增加水稻剑叶宽度和促进水稻粒形变大的基因。对叶宽性状候选基因进行CRISPR敲除鉴定,得到能调控水稻叶形和粒形的基因OsNAL12,对突变体和超表达材料进行表型鉴定，表明缺失OsNAL12可导致剑叶变窄、种子变小和千粒重减少，超表达OsNAL12可导致水稻剑叶变宽、种子变大和千粒重增加，证明该基因在调控水稻粒形和提高千粒重中的功能和应用途径。该基因的核苷酸序列如SEQ IDNO:1所示，该基因编码的蛋白质如SEQ ID NO:2所示，启动子序列如SEQ ID NO:3所示。",,,,,,,
CN405758650,202310798261,China,03.07.2023,116555301,08.08.2023,B,"C12N 15/54
					






C12N 15/82
					






A01H 5/00
					






A01H 6/82
					








C12N 15/54
					






C12N 15/82
					






A01H 5/00
					






A01H 6/82
					






View less classifications","C12N 9/1085
					






C12Y 205/01006
					






C12N 15/8261
					








C12N 9/1085
					






C12Y 205/01006
					






C12N 15/8261
					






View less classifications",CHINA AGRICULTURAL UNIVERSITY中国农业大学,ZHANG WENNA张文娜LIU ZIXI刘梓溪CHEN YING陈颖,北京卫平智业专利代理事务所(普通合伙) 11392,(EN) SlMETS1 gene and application thereof in regulation and control of tomato growth and development(ZH) 一种SlMETS1基因及其在调控番茄生长发育中的应用,"(EN) The invention provides an SlMETS1 gene and application of the SlMETS1 gene in regulation and control of tomato growth and development. The SlMETS1 gene provided by the invention has the function of regulating and controlling the growth and development of tomatoes. The SlMETS1 gene knockout tomato is obtained by using a CRISPR/Cas9 gene editing technology, the single seed weight of the tomato is remarkably increased, the germination potential is remarkably reduced, the cotyledon length is remarkably shortened, the fertility is remarkably reduced, the stylus length is remarkably shortened, and the pollen viability is remarkably reduced. The new function of SlMETS1 found in the invention has good application potential, and provides gene resources and new thoughts for researching plant growth and development; the obtained SlMETS1 gene knockout tomato (mets mutant) is beneficial to omission of an emasculation step during crossbreeding, and has wide application prospects and relatively high use values.(ZH) 本发明提供了一种SlMETS1基因及其在调控番茄生长发育中的应用。本发明提供的SlMETS1基因具有调控番茄生长发育的功能。使用CRISPR/Cas9基因编辑技术获得了SlMETS1基因敲除番茄，其种子单粒重显著上升、发芽势显著下降、子叶长度显著变短、育性显著下降、花柱长度显著缩短、花粉活力显著下降。本发明发现的SlMETS1的新功能具有较好的应用潜力，为研究植物生长发育提供了基因资源和新思路；得到的SlMETS1基因敲除番茄（mets突变体）有利于杂交育种时免去去雄步骤，具有广泛的应用前景和较高的使用价值。",,,116555301,22.09.2023,,,
CN312389439,202010876337,China,27.08.2020,111961679,20.11.2020,B,"C12N 15/53
					






C12N 15/10
					






C12N 9/02
					






C12N 15/82
					






A01H 5/00
					






A01H 6/64
					








C12N 15/53
					






C12N 15/10
					






C12N 9/02
					






C12N 15/82
					






A01H 5/00
					






A01H 6/64
					






View less classifications","C12N 9/001
					






C12N 15/10
					






C12N 15/8218
					






C12N 15/8213
					






C12N 15/825
					






C12Y 103/99029
					






View more classifications
							






C12N 9/001
					






C12N 15/10
					






C12N 15/8218
					






C12N 15/8213
					






C12N 15/825
					






C12Y 103/99029
					






Y02A 50/30
					






View less classifications",MICOLTA BIORESOURCE INC.湖南美可达生物资源股份有限公司,ZENG JIANGUO曾建国SUN MENGSHAN孙梦姗HUANG PENG黄鹏,长沙楚为知识产权代理事务所(普通合伙) 43217,(EN) Nucleotide sequence and application of macleaya cordata phytoene desaturase gene(ZH) 博落回八氢番茄红素脱氢酶基因的核苷酸序列及应用,"(EN) The invention provides a nucleotide sequence and application of a macleaya cordata phytoene desaturase gene. The nucleotide sequence of macleaya cordata phytoene desaturase is as shown in SEQ ID NO.1.The invention also provides an amino acid sequence of the macleaya cordata phytoene desaturase, and the amino acid sequence is as shown in SEQ ID NO.2. Through primer design and PCR amplification, the macleaya cordata phytoene desaturase gene is obtained method, the gene is applied to a macleaya cordata gene construction system based on CRISPR/Cas9, gene editing is achieved in macleaya cordata plant for the first time, and a powerful way is provided for functional gene mining, germplasm innovation and the like in macleaya cordata.(ZH) 本发明提供一种博落回八氢番茄红素脱氢酶基因的核苷酸序列及应用，所述博落回八氢番茄红素脱氢酶的核苷酸序列如SEQ ID NO.1所示，本发明还提供了一种博落回八氢番茄红素脱氢酶的氨基酸序列，所述氨基酸序列如SEQ ID NO.2所示。通过引物设计及PCR扩增的方法获得了博落回八氢番茄红素脱氢酶基因，并将其应用于基于CRISPR/Cas9的博落回基因的构建体系，为首次在博落回植物中实现基因编辑，为博落回中功能基因挖掘、种质创新等提供有力途径。",,,111961679,10.11.2023,,,
CN413692917,202311160993,China,11.09.2023,116970625,31.10.2023,A,"C12N 15/53
					






C12N 9/02
					






C12N 15/84
					






A01H 5/00
					






A01H 6/56
					








C12N 15/53
					






C12N 9/02
					






C12N 15/84
					






A01H 5/00
					






A01H 6/56
					






View less classifications","C12N 9/0073
					






C12N 15/8205
					






C12N 15/8251
					






C12Y 114/13008
					








C12N 9/0073
					






C12N 15/8205
					






C12N 15/8251
					






C12Y 114/13008
					






View less classifications",YANG CAIXIA杨彩霞,YANG CAIXIA杨彩霞,北京图亿天下专利代理有限公司 11974,(EN) Function identification and application of garlic AsFMO1 gene(ZH) 一种大蒜AsFMO1基因的功能鉴定与应用,"(EN) The invention discloses a key gene AsFMO1 participating in garlic alliin biosynthesis and functional identification and application thereof, and belongs to the technical field of plant biology. The invention provides a garlic genetic transformation method. AsFMO1 gene overexpression and CRISPR (clustered regularly interspaced short palindromic repeats)/Cas9 gene editing technologies are used for verifying that the AsFMO1 gene is a key gene for biosynthesis of garlic alliin. The obtained high-alliin transgenic garlic makes a certain contribution to garlic breeding work and application of alliin as a medical intermediate, and has a certain practical application value.(ZH) 本发明公开了参与大蒜蒜氨酸生物合成的关键基因AsFMO1及其功能鉴定和应用，属于植物生物技术领域。本发明提供一种大蒜遗传转化方法并通过AsFMO1基因过表达和CRISPR/Cas9基因编辑技术验证了AsFMO1基因为大蒜蒜氨酸生物合成的关键基因。获得的高蒜氨酸的转基因大蒜，为大蒜育种工作和蒜氨酸作为医药中间体的应用做出一定的贡献，具有一定的实际应用价值。",,,,,,,
CN413697852,202310810474,China,03.07.2023,116970638,31.10.2023,A,"C12N 15/82
					






C12N 15/29
					






C12N 15/113
					






C12N 15/55
					






A01H 5/08
					






A01H 6/82
					








C12N 15/82
					






C12N 15/29
					






C12N 15/113
					






C12N 15/55
					






A01H 5/08
					






A01H 6/82
					






View less classifications","C12N 15/8218
					






C12N 15/8261
					






C12N 15/113
					






C12N 9/22
					






C07K 14/415
					






C12N 2310/20
					








C12N 15/8218
					






C12N 15/8261
					






C12N 15/113
					






C12N 9/22
					






C07K 14/415
					






C12N 2310/20
					






View less classifications","HENAN AGRICULTURAL UNIVERSITY河南农业大学HENAN QIDU AGRICULTURAL TECHNOLOGY CO., LTD.河南七度农业科技有限公司",LI YING李营LI JISUO李纪锁LI LILI李丽丽JIA ZHIQI贾芝琪LI GUOWEN李国文GAO YANNA高艳娜ZHANG SHIWEN张世文AN GUANGHUI安光辉HU JIANBIN胡建斌ZHANG YONGXIN张泳鑫SUN SHOURU孙守如LI JIDE李继德,北京华际知识产权代理有限公司 11676,(EN) Application of knockout tomato SlZF3 gene in improvement of tomato yield(ZH) 敲除番茄SlZF3基因在提高番茄产量中的应用,"(EN) The invention discloses application of expression of knockout tomato SlZF3 gene in improvement of tomato yield. The nucleotide sequence of the SlZF3 gene is shown as SEQ ID NO. 1. A tomato SlZF3 gene knockout vector based on a CRISPR/Cas9 technology is constructed by taking a tomato as a research object, and phenotype identification on two mutant strains finds that the knockout of the gene can cause the increase of the number of tomato fruits and the increase of the yield of a single plant; the invention provides a gene resource for tomato high-yield molecular breeding.(ZH) 本发明公开了一种敲除番茄SlZF3基因的表达在提高番茄产量中的应用，所述SlZF3基因的核苷酸序列如SEQ ID NO.1所示。本发明以番茄为研究对象，构建了基于CRISPR/Cas9技术的番茄SlZF3基因敲除载体，通过对两个突变株系的表型鉴定，发现该基因的敲除会导致番茄果实的数量以及单株产量提高；该发明为番茄高产分子育种提供基因资源。",,,,,,,
,,,,,,,,,,,,,,,,,,,,
CN334788501,202010083920,China,10.02.2020,113249400,13.08.2021,B,"C12N 15/70
					






C12N 15/90
					






C12N 15/67
					






C12N 15/53
					








C12N 15/70
					






C12N 15/90
					






C12N 15/67
					






C12N 15/53
					






View less classifications","C12N 15/70
					






C12N 15/902
					






C12N 15/67
					






C12N 9/0006
					






C12Y 101/01047
					








C12N 15/70
					






C12N 15/902
					






C12N 15/67
					






C12N 9/0006
					






C12Y 101/01047
					






View less classifications",CAS CENTER FOR EXCELLENCE IN MOLECULAR PLANT SCIENCES中国科学院分子植物科学卓越创新中心,YANG SHENG杨晟ZHANG YIWEN张译文YANG JUNJIE杨俊杰JIANG YU蒋宇,上海申浩律师事务所 31280,(EN) Method for rapid multi-copy integration of target gene in bacterial chromosome(ZH) 一种在细菌染色体中快速多拷贝整合目的基因的方法,"(EN) The invention discloses a method for rapid multi-copy integration of a target gene in a bacterial chromosome, which comprises the following steps: for a CRISPR-Cas related transposition system INTEGRATE system or CAST system, modifying a crRNA sequence of a single site of a targeted genome in a crRNA expression plasmid, so that the modified crRNA or crRNA array targets a multi-copy sequence or a plurality of sites in the genome, a target gene is guided to be inserted into the sites, so that multi-copy insertion of the target gene on the bacterial chromosome is realized. According to the method, the target gene can be quickly and editably inserted into the expected site of the genome without residual resistance markers, multi-copy insertion of the target gene on the bacterial chromosome is realized, and the method has a wide industrial application prospect.(ZH) 本发明公开了一种在细菌染色体中快速多拷贝整合目的基因的方法，包括：对于CRISPR‑Cas相关的转座系统INTEGRATE系统或者CAST系统，改造其crRNA表达质粒中靶向基因组单一位点的crRNA序列，使改造后的crRNA或crRNA阵列靶向基因组中多拷贝序列或者多个位点，引导目的基因插入这些位点，实现目的基因在细菌染色体上多拷贝插入。该方法可以无残留抗性标记、快速、可编辑的将目的基因插入基因组预期位点，实现细菌染色体上的目的基因多拷贝插入，具有广阔工业应用前景。",,,113249400,06.12.2024,,,
CN430079182,202410285789,China,13.03.2024,118048391,17.05.2024,B,"C12N 15/82
					






C07K 14/415
					






C12N 15/29
					






A01H 6/46
					






A01H 5/00
					








C12N 15/82
					






C07K 14/415
					






C12N 15/29
					






A01H 6/46
					






A01H 5/00
					






View less classifications","C12N 15/8271
					






C12N 15/8218
					






C07K 14/415
					








C12N 15/8271
					






C12N 15/8218
					






C07K 14/415
					






View less classifications",ZHEJIANG UNIVERSITY浙江大学,LIU JIANXIANG刘建祥LU HAIPING芦海平LIU XUEHUAN刘学欢,杭州求是专利事务所有限公司 33200,(EN) Application of genes NAT1 and bHLH110 in improving high-temperature resistance of rice(ZH) 基因NAT1和bHLH110在提高水稻高温抗性中应用,"(EN) The invention discloses application of genes NAT1 and bHLH110 in improvement of high-temperature resistance of rice. A high-temperature resistance improved rice material is obtained through a gene editing technology. The base sequence of the rice gene NAT1 is as shown in SEQ ID NO. 1, and the base sequence of the gene bHLH110 is as shown in SEQ ID NO. 4. The method comprises the following steps: replacing, deleting or inserting a base of a rice gene NAT1 of rice through a gene editing technology to relieve inhibition on a rice gene bHLH110, and promoting the expression of wax synthesis genes CER1 and CER1L by the rice gene bHLH110 to enhance the high-temperature resistance of a plant, so as to prepare a rice material with enhanced high-temperature resistance. The NAT1 mutant rice material Nipponbare obtained by utilizing a CRISPR-Cas9 gene editing technology is remarkably enhanced in high-temperature resistance, and the survival rate in the seedling stage and the agronomic traits in the reproductive stage are improved.(ZH) 本发明公开了一种基因NAT1和bHLH110在提高水稻高温抗性中应用，通过基因编辑技术获得高温抗性提高水稻材料。水稻基因NAT1的碱基序列如SEQ ID NO.1所示，基因bHLH110的碱基序列如SEQ ID NO.4所示。通过基因编辑技术对水稻的水稻基因NAT1的碱基替换、缺失或插入碱基，解除对水稻的基因bHLH110的抑制，水稻的基因bHLH110促进蜡质合成基因CER1及CER1L表达使植株高温抗性增强，制备高温抗性增强的水稻材料。本发明利用CRISPR‑Cas9基因编辑技术获得的NAT1突变体水稻材料日本晴在高温抗性方面显著增强，包括幼苗期存活率及生殖期农艺性状提高。",,,118048391,07.02.2025,,,
CN440612936,202410628146,China,21.05.2024,118685419,24.09.2024,A,"C12N 15/29
					






C12N 15/82
					






A01H 5/00
					






A01H 6/82
					








C12N 15/29
					






C12N 15/82
					






A01H 5/00
					






A01H 6/82
					






View less classifications","C07K 14/415
					






C12N 15/8273
					






C12N 15/8283
					






C12N 15/8261
					








C07K 14/415
					






C12N 15/8273
					






C12N 15/8283
					






C12N 15/8261
					






View less classifications","SOUTHWEST UNIVERSITY西南大学GUANGXI TIANYANG JIADELE AGRICULTURAL DEVELOPMENT CO., LTD.广西田阳家得乐农业开发有限公司",LI JINHUA李金华LIANG YAN梁艳ZHAO HANLING赵汉玲SU NINI苏妮妮LEE WON-HO李源浩HOU HUIFANG候慧芳XI PENG习鹏HUANG SIYUAN黄思远PAN HUAZHI潘华志,北京智为时代知识产权代理事务所(普通合伙) 11498北京智为时代知识产权代理事务所(普通合伙) 11498,"(EN) Application of CMT3 gene knockout tomato rootstock in improvement of tomato biomass, drought resistance and TYLCV resistance(ZH) CMT3基因敲除的番茄砧木在提高番茄生物量、抗旱性和TYLCV抗性中的应用","(EN) The invention belongs to the field of plant molecular biology, and particularly relates to application of a CMT3 gene knockout tomato rootstock to improvement of tomato biomass, drought resistance and TYLCV resistance. According to the method, CRISPR/Cas9 gene editing CMT3 (CHROMOMETHYLASE3) is utilized to create an excellent gene editing stock, and then grafting is performed by using conventional tomato quality to obtain grafted offspring with improved growth vigor and enhanced stress resistance, so that reference is provided for tomato epigenetic improvement.(ZH) 本发明属于植物分子生物学领域，具体涉及CMT3基因敲除的番茄砧木在提高番茄生物量、抗旱性和TYLCV抗性中的应用。本发明利用CRISPR/Cas9基因编辑CMT3(CHROMOMETHYLASE3)创制优良的基因编辑砧木，随后用常规番茄品质进行嫁接得到生长势提高、抗逆性增强的嫁接后代，从而为番茄表观遗传改良提供参考。",,,,,,,
,,,,,,,,,,,,,,,,,,,,
,,,,,,,,,,,,,,,,,,,,
,,,,,,,,,,,,,,,,,,,,
,,,,,,,,,,,,,,,,,,,,
,,,,,,,,,,,,,,,,,,,,
,,,,,,,,,,,,,,,,,,,,
,,,,,,,,,,,,,,,,,,,,
AU378724233,2022100158,Australia,04.11.2022,2022100158,17.11.2022,A4,"C12N 9/22
					






C12N 15/90
					








C12N 9/22
					






C12N 15/90
					






View less classifications","C12N 15/102
					






C12N 15/111
					






C12N 15/902
					






C12N 15/905
					






C12N 15/907
					






C12N 2310/20
					






View more classifications
							






C12N 15/102
					






C12N 15/111
					






C12N 15/902
					






C12N 15/905
					






C12N 15/907
					






C12N 2310/20
					






C12N 15/113
					






C12N 9/22
					






C12N 15/11
					






C12N 15/70
					






C12N 15/75
					






C12N 15/81
					






C12N 15/8274
					






C12N 15/8509
					






View less classifications",BASF Plant Science Company GmbH,"De Pinho Barroco, RosaDe Wilde, ChrisFelle, Max FabianMcElver, John A.Neuteboom, Leendert W.",Griffith Hack,(EN) Improved methods for modification of target nucleic acids,"(EN) Methods for modification of target nucleic acids. The method involves a construct in which guide RNA is covalently linked to donor RNA (fusion NA) to be introduced into the target nucleic acid by homologous recombination and is based on the introduction of a nuclease, e.g. CRISPR or TALEN, into the cell containing the target nucleic acid. The fusion NA may be introduced as a DNA vector. Figure 1
Site directed nucleic acid
modifying polypeptide",16167773.7 29.04.2016 EP16167774.5 29.04.2016 EP17156018.8 14.02.2017 EP,,,,,,
CL250858856,2018003074,Chile,29.10.2018,2018003074,07.12.2018,A1,"C12N 9/22
					






C12N 15/90
					








C12N 9/22
					






C12N 15/90
					






View less classifications","C12N 15/102
					






C12N 15/111
					






C12N 15/902
					






C12N 15/905
					






C12N 15/907
					






C12N 2310/20
					






View more classifications
							






C12N 15/102
					






C12N 15/111
					






C12N 15/902
					






C12N 15/905
					






C12N 15/907
					






C12N 2310/20
					






C12N 15/113
					






C12N 9/22
					






C12N 15/11
					






C12N 15/70
					






C12N 15/75
					






C12N 15/81
					






C12N 15/8274
					






C12N 15/8509
					






View less classifications",BASF PLANT SCIENCE COMPANY GMBH,"NEUTEBOOM, Leendert WMCELVER, John ADE PINHO BARROCO, RosaDE WILDE, ChrisFELLE, Max Fabian",ESTUDIO CAREY LTDA.,"(ES) Métodos para la modificación de una molécula de ácido nucleico diana en una célula, molécula de fusión recombinante, vector que la comprende, y su uso para la modificación de un polinucleótido diana en células.","(ES) Métodos para la modificación de ácidos nucleicos diana. el método implica un constructo en donde el arn guía está ligado de manera covalente al arn donante (na de fusión) que se debe introducir en el ácido nucleico diana mediante recombinación homóloga y se basa en la introducción de una nucleasa, por ejemplo, crispr o talen, en la célula que contiene el ácido nucleico diana. el na de fusión se puede introducir como un vector de adn.",16167773.7 29.04.2016 EP16167774.5 29.04.2016 EP17156018.8 14.02.2017 EP,,,,,,
US231859068,15524672,United States of America,09.11.2015,20180298392,18.10.2018,B2,"C12N 15/64
					






C12N 15/10
					






C12N 9/12
					








C12N 15/64
					






C12N 15/10
					






C12N 9/12
					






View less classifications","C12N 9/1241
					






C12N 15/64
					






C12N 15/102
					






C12N 2310/122
					






C12N 2310/20
					








C12N 9/1241
					






C12N 15/64
					






C12N 15/102
					






C12N 2310/122
					






C12N 2310/20
					






View less classifications","Editas Medicine, Inc.",Cecilia Cotta-Ramusino,"McCarter & English, LLPMaria Laccotripe ZacharakisMarcie B. Clarke",(EN) Methods for improving CRISPR/Cas-mediated genome-editing,"(EN) 
This application provides improved methods of editing the genome of a target cell. Cas9 molecules can be used to create a break in a genomic region of interest. To increase the likelihood that the break is repaired by homology-directed repair (HDR), the cell can be contacted with an HDR-enhancer. The cell may be, e.g., a human cell, a non-human animal cell, a bacterial cell, or a plant cell.","AU2015342749

EP3215617

WO/2016/073990

EP4464338

CA2963820

AU2022202645

US20230365980",,11680268,20.06.2023,,,
US414436101,18138988,United States of America,25.04.2023,20230365980,16.11.2023,A1,"C12N 15/64
					






C12N 15/10
					






C12N 9/12
					








C12N 15/64
					






C12N 15/10
					






C12N 9/12
					






View less classifications","C12N 15/102
					






C12N 15/64
					






C12N 9/1241
					






C12N 2310/20
					






C12N 2310/122
					








C12N 15/102
					






C12N 15/64
					






C12N 9/1241
					






C12N 2310/20
					






C12N 2310/122
					






View less classifications","Editas Medicine, Inc.",Cecilia Cotta-Ramusino,,(EN) METHODS FOR IMPROVING CRISPR/CAS-MEDIATED GENOME-EDITING,"(EN) 
This application provides improved methods of editing the genome of a target cell. Cas9 molecules can be used to create a break in a genomic region of interest. To increase the likelihood that the break is repaired by homology-directed repair (HDR), the cell can be contacted with an HDR-enhancer. The cell may be, e.g., a human cell, a non-human animal cell, a bacterial cell, or a plant cell.","AU2015342749

EP3215617

US20180298392

WO/2016/073990

EP4464338

CA2963820

AU2022202645",,,,,,
AU198163511,2015342749,Australia,09.11.2015,2015342749,12.05.2016,B2,"C12N 15/10
					








C12N 15/10
					






View less classifications","C12N 15/102
					






C12N 9/1241
					






C12N 2310/20
					






C12N 15/64
					






C12N 2310/122
					








C12N 15/102
					






C12N 9/1241
					






C12N 2310/20
					






C12N 15/64
					






C12N 2310/122
					






View less classifications","Editas Medicine, Inc.","Cotta-Ramusino, Cecilia",Davies Collison Cave Pty Ltd,(EN) Methods for improving CRISPR/Cas-mediated genome-editing,"(EN) This application provides improved methods of editing the genome of a target cell. Cas9 molecules can be used to create a break in a genomic region of interest. To increase the likelihood that the break is repaired by homology-directed repair (HDR), the cell can be contacted with an HDR-enhancer. The cell may be, e.g., a human cell, a no n- human animal cell, a bacterial cell, or a plant cell.","62/077,084 07.11.2014 US62/232,683 25.09.2015 US",,,,,,
AU360627791,2022202645,Australia,21.04.2022,2022202645,12.05.2022,A1,"C12N 15/10
					








C12N 15/10
					






View less classifications","C12N 15/102
					






C12N 9/1241
					






C12N 2310/20
					






C12N 15/64
					






C12N 2310/122
					








C12N 15/102
					






C12N 9/1241
					






C12N 2310/20
					






C12N 15/64
					






C12N 2310/122
					






View less classifications","Editas Medicine,Inc.","COTTA-RAMUSINO, Cecilia",Davies Collison Cave Pty Ltd,(EN) Methods for improving crispr/cas-mediated genome-editing,"(EN) This application provides improved methods of editing the genome of a target cell. Cas9 molecules can be used to create a break in a genomic region of interest. To increase the likelihood that the break is repaired by homology-directed repair (HDR), the cell can be contacted with an HDR-enhancer. The cell may be, e.g., a human cell, a non-human animal cell, a bacterial cell, or a plant cell.","62/077,084 07.11.2014 US62/232,683 25.09.2015 US",,,,,,
,,,,,,,,,,,,,,,,,,,,
US375618627,17618926,United States of America,17.07.2020,20220307006,29.09.2022,A1,"C12N 15/10
					






C12N 15/82
					








C12N 15/10
					






C12N 15/82
					






View less classifications","C12N 15/8213
					






C12N 15/102
					






C12N 15/1096
					






C12N 2510/00
					








C12N 15/8213
					






C12N 15/102
					






C12N 15/1096
					






C12N 2510/00
					






View less classifications","PIONEER HI-BRED INTERNATIONAL, INC.",AMIT DASSATISH KANUGANTIAMITABH MOHANTYSERGEI SVITASHEVVENKATA S. TAVVA,,(EN) DONOR DESIGN STRATEGY FOR CRISPR-CAS9 GENOME EDITING,"(EN) 
Methods and compositions are provided for the improvement of homology-directed repair of a double strand break in a plant cell, using concatemers of heterologous polynucleotides that are flanked by sequences capable of sequence hybridization with a guide RNA. In some aspects, the double strand break is created by an RNA-guided Cas endonuclease. The homology-directed repair of the double-strand break may include incorporation of a heterologous polynucleotide, for example a gene encoding a trait of agronomic importance. The homology-directed repair of the double-strand break may occur as a result of template-directed repair using a heterologous polynucleotide as a repair template.","WO/2021/016098

CA3143016

CN114072498

BR112022001230

EP4004198

IN202217001543",,,,,,
US428686324,18487025,United States of America,13.10.2023,20240150740,09.05.2024,A1,"C12N 9/22
					






C12N 15/74
					






C12N 15/82
					






C12N 15/86
					








C12N 9/22
					






C12N 15/74
					






C12N 15/82
					






C12N 15/86
					






View less classifications","C12N 15/743
					






C12N 9/22
					






C12N 15/8229
					






C12N 15/86
					






C12N 2310/20
					






C12N 2770/00043
					








C12N 15/743
					






C12N 9/22
					






C12N 15/8229
					






C12N 15/86
					






C12N 2310/20
					






C12N 2770/00043
					






View less classifications",Keygene N.V.,Julia Johanna WINDBjorn Alexander KLOOSTERMANFranck Georges Paul LHUISSIER,,(EN) MOBILE ENDONUCLEASES FOR HERITABLE MUTATIONS,"(EN) 
The invention concerns the targeted genomic modification of a plant cell, preferably a meristem cell. More in particular, the invention pertains to a vector expressing a coding RNA, wherein the coding RNA comprises a sequence encoding a CRISPR-nuclease and a mobile element, wherein the mobile element enables intercellular translocation of the coding RNA, preferably intercellular translocation to a meristem cell. The invention further concerns an editing RNA comprising the coding RNA and further comprising a guide RNA.",21168638.1 15.04.2021 EP,,,,,,
US327114343,16981549,United States of America,17.04.2019,20210180080,17.06.2021,A1,"C12N 15/82
					






C12Q 1/6895
					






C12N 9/10
					








C12N 15/82
					






C12Q 1/6895
					






C12N 9/10
					






View less classifications","C12Q 1/6895
					






C12N 15/8274
					






C12Y 202/01006
					






C12N 2310/20
					






C12N 15/8213
					






C12Q 2600/13
					






View more classifications
							






C12Q 1/6895
					






C12N 15/8274
					






C12Y 202/01006
					






C12N 2310/20
					






C12N 15/8213
					






C12Q 2600/13
					






C12N 2800/80
					






C12N 9/1022
					






View less classifications",JIANGSU ACADEMY OF AGRICULTURAL SCIENCES,Jie YANGFangquan WANG,,(EN) USE OF ALS MUTANT PROTEIN AND THE GENE THEREOF IN PLANT BREEDING BASED ON GENE EDITING TECHNOLOGY,"(EN) 
It discloses a rice ALS mutant protein, a mutant gene, and uses thereof, wherein a mutation corresponding to an amino acid at position 628 of the amino acid sequence of the rice ALS is present in the amino acid sequence of the rice ALS protein. The present invention further discloses a breeding method for creating herbicide resistant rice using gene editing. The present invention uses CRISPR/Cas9 gene editing technology for the first time to edit ALS genes. Through the screening of offspring, a new T-DNA free variety having herbicide resistance stably inherited can be obtained in the T2 generation, and the basic agronomic characteristics of the new variety have no obvious change.",201811038025.5 06.09.2018 CN,,,,,,
CN431386229,202410423107,China,09.04.2024,118147212,07.06.2024,A,"C12N 15/82
					






C12N 15/29
					






A01H 6/46
					






A01H 5/00
					








C12N 15/82
					






C12N 15/29
					






A01H 6/46
					






A01H 5/00
					






View less classifications","C12N 15/8271
					






C12N 15/8218
					






C12N 15/8205
					






C07K 14/415
					






Y02A 40/146
					








C12N 15/8271
					






C12N 15/8218
					






C12N 15/8205
					






C07K 14/415
					






Y02A 40/146
					






View less classifications",YELLOW RIVER CONSERVANCY TECHNICAL INSTITUTE黄河水利职业技术学院,ZHU DAN朱丹LI CHENXI李辰曦CHANG YING常颖XIONG HAIBO熊海波,北京精翰专利代理有限公司 11921,"(EN) Application of inhibition of expression of ZmP5L1, ZmP5L2 and ZmP5L3 genes in regulation of heat resistance of corn(ZH) 抑制体内ZmP5L1、ZmP5L2和ZmP5L3基因表达在调节玉米耐热性中的应用","(EN) The invention belongs to the technical field of biology, and provides an application of inhibiting expression of ZmP5L1, ZmP5L2 and ZmP5L3 genes in vivo in regulation of heat resistance of corn, a CRISPR-Cas9 carrier is constructed, and a corn ZmP5L1, ZmP5L2 and ZmP5L3 three-knockout mutant strain (zmp5l 1/2/3) is obtained by an agrobacterium-mediated transformation method; the effects of the ZmP5L1 gene, the ZmP5L2 gene and the ZmP5L3 gene in the aspect of improving the temperature tolerance of the plant are disclosed by a simulation experiment for improving the culture temperature; through the method, gene resources are provided for corn high-temperature-resistant molecular breeding, corn can survive and grow within the temperature range exceeding the original adaptive temperature range, and gene resources are provided for corn molecular breeding and genetic improvement.(ZH) 本发明属于生物技术领域，提供了抑制体内ZmP5L1、ZmP5L2和ZmP5L3基因表达在调节玉米耐热性中的应用，通过构建CRI SPR‑Cas9载体，利用农杆菌介导转化的方法获得玉米ZmP5L1，ZmP5L2和ZmP5L3三敲除突变体株系(zmp5l 1/2/3)；通过提高培养温度模拟实验，揭示了ZmP5L1，ZmP5L2和ZmP5L3基因在提高植株温度耐受性方面的作用；通过该方法，为玉米耐高温分子育种提供基因资源，可使玉米能够在超出其原本适应温度范围内存活和生长，为玉米分子育种和遗传改良提供基因资源。",,,,,,,
US356967674,17427570,United States of America,21.01.2020,20220106605,07.04.2022,B2,"C12N 15/82
					








C12N 15/82
					






View less classifications","C12N 15/8213
					






C12N 15/8261
					






C12N 15/8282
					








C12N 15/8213
					






C12N 15/8261
					






C12N 15/8282
					






View less classifications",,,,(EN) Method for improving rice yield and/or rice blast resistance and protein used thereof,"(EN) 
The invention discloses a method for improving rice yield and a protein used thereof. The invention provides a method for cultivating the target rice, comprising the following steps of inhibiting the activity of RAY1 protein in original rice to obtain target rice; compared with the original rice, the target rice shows higher yield and/or larger grain size and/or stronger resistance to rice blast and/or higher plant height and/or longer stem internode length; the RAY1 protein is a protein composed of an amino acid sequence shown as SEQ ID No. 1 in a sequence list. The invention uses CRISPR/Cas9 technology to realize site-directed editing rice RAY1 gene, through knocking out rice RAY1 gene by frameshift mutation, the protein RAY1 is inactivated, and a new generation of rice germplasm with significantly improved yield is obtained.",201910107261.6 02.02.2019 CN201910107277.7 02.02.2019 CN,,11692200,04.07.2023,,,
US339381771,17229530,United States of America,13.04.2021,20210324397,21.10.2021,A1,"C12N 15/82
					






C12N 9/06
					








C12N 15/82
					






C12N 9/06
					






View less classifications","C12N 15/8216
					






C12N 15/8261
					






C12N 15/8213
					






C12N 9/0026
					






C12Y 105/99012
					








C12N 15/8216
					






C12N 15/8261
					






C12N 15/8213
					






C12N 9/0026
					






C12Y 105/99012
					






View less classifications",Zhejiang Normal University,Kewei ZHANGKaixuan PENGWei ZHANGFubin CUIJiangzhe ZHAO,,(EN) A GENE OSCKX11 FOR CONTROLLING RICE GRAIN NUMBER AND USE THEREOF,"(EN) 
The present disclosure belongs to the technical field of plant genetic engineering, and discloses a gene for controlling the rice grain number per panicle and its use. Nucleotide sequence of OsCKX11 is SEQ ID NO. 1, nucleotide sequence for coding protein region is SEQ ID NO. 2, amino acid sequence of the encoded protein is SEQ ID NO. 3. The disclosure constructs an OsCKX11-knocked-out vector using CRISPR/Cas9, and identifies multiple independent homozygous lines through PCR amplification and sequencing methods, and provides a mutant in which specific knockout of gene OsCKX11 of the rice leads to an increase in cytokinin levels and an increase in grain number per panicle. Based on the biological function of OsCKX11 to increase the rice grain number per panicle, methods such as gene editing, natural allele replacement, RNA interference, or molecular assisted breeding can be used to improve existing rice varieties.",202010296514.1 15.04.2020 CN,,,,,,
,,,,,,,,,,,,,,,,,,,,
,,,,,,,,,,,,,,,,,,,,
,,,,,,,,,,,,,,,,,,,,
,,,,,,,,,,,,,,,,,,,,
,,,,,,,,,,,,,,,,,,,,
,,,,,,,,,,,,,,,,,,,,
,,,,,,,,,,,,,,,,,,,,
,,,,,,,,,,,,,,,,,,,,
,,,,,,,,,,,,,,,,,,,,
,,,,,,,,,,,,,,,,,,,,
,,,,,,,,,,,,,,,,,,,,
,,,,,,,,,,,,,,,,,,,,
,,,,,,,,,,,,,,,,,,,,
,,,,,,,,,,,,,,,,,,,,
,,,,,,,,,,,,,,,,,,,,
,,,,,,,,,,,,,,,,,,,,
,,,,,,,,,,,,,,,,,,,,
,,,,,,,,,,,,,,,,,,,,
,,,,,,,,,,,,,,,,,,,,
,,,,,,,,,,,,,,,,,,,,
,,,,,,,,,,,,,,,,,,,,
,,,,,,,,,,,,,,,,,,,,
,,,,,,,,,,,,,,,,,,,,
,,,,,,,,,,,,,,,,,,,,
,,,,,,,,,,,,,,,,,,,,
,,,,,,,,,,,,,,,,,,,,
,,,,,,,,,,,,,,,,,,,,
,,,,,,,,,,,,,,,,,,,,
,,,,,,,,,,,,,,,,,,,,
,,,,,,,,,,,,,,,,,,,,
,,,,,,,,,,,,,,,,,,,,
,,,,,,,,,,,,,,,,,,,,
,,,,,,,,,,,,,,,,,,,,
,,,,,,,,,,,,,,,,,,,,
,,,,,,,,,,,,,,,,,,,,
,,,,,,,,,,,,,,,,,,,,
,,,,,,,,,,,,,,,,,,,,
,,,,,,,,,,,,,,,,,,,,
,,,,,,,,,,,,,,,,,,,,
,,,,,,,,,,,,,,,,,,,,
,,,,,,,,,,,,,,,,,,,,
,,,,,,,,,,,,,,,,,,,,
,,,,,,,,,,,,,,,,,,,,
,,,,,,,,,,,,,,,,,,,,
,,,,,,,,,,,,,,,,,,,,
,,,,,,,,,,,,,,,"CN109266646

WO/2020/063775",,201811137314.0 27.09.2018 CN,,,