Application Id,Application Number,Office,Application Date,Publication Number,Publication Date,Publication Kind,IPC,Applicants,Inventors,Agents,Title,Priority Data,Abstract,Grant Number,Grant Date,CPC,FI,F-term,Related Patent Documents
CN409231074,202310743827,China,23.06.2023,116769928,19.09.2023,A,"C12Q 1/6888
					






G01N 33/68
					






A61K 38/46
					






A61P 31/14
					






C12N 15/113
					






C12N 9/22
					






View more classifications
							






C12Q 1/6888
					






G01N 33/68
					






A61K 38/46
					






A61P 31/14
					






C12N 15/113
					






C12N 9/22
					






C12N 15/867
					






C12N 5/10
					






View less classifications","LANZHOU VETERINARY RESEARCH INSTITUTE, CHINESE ACADEMY OF AGRICULTURE SCIENCES中国农业科学院兰州兽医研究所",ZHENG HAIXUE郑海学WANG JIALI王家丽ZHANG WEI张伟YANG FAN杨帆SHAO WENHUA邵文华HUANG MENGYAO黄梦瑶CHEN ZHITONG陈治彤ZHAO XIAOYI赵晓义QI XIAOLAN齐晓兰CAO WEIJUN曹伟军ZHU ZIXIANG朱紫祥,北京力量专利代理事务所(特殊普通合伙) 11504,(EN) Application of LTA4H gene or protein as target spot in screening medicines for inhibiting foot-and-mouth disease virus replication(ZH) LTA4H基因或蛋白为靶点在筛选抑制口蹄疫病毒复制的药物中的应用,,"(EN) The invention belongs to the technical field of gene engineering, and particularly relates to application of LTA4H gene/protein serving as a target spot in screening of drugs for inhibiting foot and mouth disease virus replication. Specifically, firstly, it is found that inhibition or silencing of the LTA4H gene/protein can inhibit the replication of the foot-and-mouth disease virus, and the LTA4H gene/protein can serve as a target spot to be used for screening drugs for inhibiting the replication of the foot-and-mouth disease virus; (2) sgRNA targeting LTA4H is involved with LTA4H as a target spot, complete knockout of LTA4H is realized in PK-15 cells in combination with CRISPR-Cas9 technology, the obtained cell line has resistance phenotype to foot and mouth disease virus, certain theoretical basis is provided for prevention or inhibition of FMDV infection in the future, and the application prospect is wide.(ZH) 本发明属于基因工程技术领域，具体涉及一种LTA4H基因/蛋白为靶点在筛选抑制口蹄疫病毒复制的药物中的应用。具体为：①本发明首先发现抑制或沉默LTA4H基因/蛋白能够抑制口蹄疫病毒的复制，可作为靶点用于筛选抑制口蹄疫病毒复制的药物；②以LTA4H为靶点的涉及了靶向LTA4H的sgRNA，结合CRISPR‑Cas9技术在PK‑15细胞中实现了LTA4H的完全敲除，获得的细胞系对口蹄疫病毒具有抗性表型，对未来预防或抑制FMDV感染提供一些理论依据，具有广阔的应用前景。",,,,,,
CN329315626,202110272146,China,12.03.2021,113005128,22.06.2021,B,"C12N 15/29
					






C12N 15/82
					






A01H 5/00
					






A01H 6/46
					






C12Q 1/6895
					








C12N 15/29
					






C12N 15/82
					






A01H 5/00
					






A01H 6/46
					






C12Q 1/6895
					






View less classifications","UNIVERSITY OF SCIENCE & TECHNOLOGY BEIJING北京科技大学BEIJING ZHONGZHI BIO-AGRICULTURE INTERNATIONAL RESEARCH INSTITUTE北京中智生物农业国际研究院BEIJING SHOU JIA LI HUA SCI-TECH CO., LTD.北京首佳利华科技有限公司",WAN XIANGYUAN万向元YAN TINGWEI颜廷玮AN XUELI安学丽JIANG YILIN江易林LIU XINZE刘欣泽ZHU TAOTAO朱涛涛LI ZIWEN李紫文DONG ZHENYING董振营WU SUOWEI吴锁伟LI JINPING李金萍,,(EN) Male sterility gene ZmMYB84 and application of male sterility gene ZmMYB84 in creation of male sterility line of maize(ZH) 雄性不育基因ZmMYB84及其在创制玉米雄性不育系中的应用,,"(EN) The invention discloses a male sterility gene ZmMYB84 and application of male sterility gene ZmMYB84 in creation of a male sterility line of maize. The male sterility gene ZmMYB84 has a nucleotide sequence shown in SEQ ID NO.1, and the protein coded by the gene has an amino acid sequence shown in SEQ ID NO.2. Complete male sterility can be caused by site-directed mutagenesis of the gene in wild type corn through a CRISPR/Cas9 gene editing technology, and the regulation function of the ZmMYB84 gene on male reproductive development of the corn is found. Through offspring screening, a sterile line without transgenic components can be obtained, a stable maize male sterile line is created, and the gene has important significance on maize male fertility control and hybrid seed production. A functional molecular marker is designed for the obtained myb84 male sterile mutant, and has important application value in maize male sterile line cultivation, sterile hybrid seed production and molecular marker-assisted selection.(ZH) 本发明公开了雄性不育基因ZmMYB84及其在创制玉米雄性不育系中的应用，具有SEQ ID NO.1所示的核苷酸序列，该基因编码的蛋白质具有SEQ ID NO.2所示的氨基酸序列。本发明通过CRISPR/Cas9基因编辑技术在野生型玉米中定点突变该基因，可以导致完全的雄性不育，发现了ZmMYB84基因对玉米雄性生殖发育的调控功能。通过后代筛选，可以得到不含转基因成分的不育系，创制出稳定的玉米雄性不育系，对玉米雄性育性控制和杂交种子生产具有重要意义。本发明还针对获得的myb84雄性不育突变体设计了功能分子标记，在玉米雄性不育系培育、不育化杂交制种和分子标记辅助选择中具有重要的应用价值。",113005128,30.06.2023,"C07K 14/415
					






C12N 15/8289
					






C12Q 1/6895
					






C12Q 2600/158
					






C12Q 2600/13
					








C07K 14/415
					






C12N 15/8289
					






C12Q 1/6895
					






C12Q 2600/158
					






C12Q 2600/13
					






View less classifications",,,
CN428104751,202410054995,China,15.01.2024,117867010,12.04.2024,A,"C12N 15/82
					






C07K 14/415
					






C12N 15/29
					






A01H 6/54
					






A01H 5/10
					






A01H 5/06
					






View more classifications
							






C12N 15/82
					






C07K 14/415
					






C12N 15/29
					






A01H 6/54
					






A01H 5/10
					






A01H 5/06
					






A01H 5/04
					






A01H 5/12
					






View less classifications",FUJIAN AGRICULTURE AND FORESTRY UNIVERSITY福建农林大学,CHEN XU陈栩XU HUIFANG徐慧芳HUANG SHIYU黄诗宇HUANG LAIMEI黄来妹CHEN JIAOMEI陈娇梅,福州元创专利商标代理有限公司 35100福州元创专利商标代理有限公司 35100,(EN) Soybean auxin transport carrier GmPIN3 gene and application thereof(ZH) 大豆生长素运输载体GmPIN3基因及其应用,,"(EN) The invention discloses a soybean auxin transport carrier GmPIN3 gene and application thereof. The GmPIN3 gene is selected from a GmPIN3a gene, a GmPIN3b gene and a GmPIN3d gene; the nucleotide sequence of the GmPIN3a gene is as shown in SEQ ID NO. 1, and the amino acid sequence of the protein coded by the GmPIN3a gene is as shown in SEQ ID NO. 2; the nucleotide sequence of the GmPIN3b gene is as shown in SEQ ID NO.3, and the amino acid sequence of the protein coded by the GmPIN3b gene is as shown in SEQ ID NO.4; the nucleotide sequence of the GmPIN3d gene is as shown in SEQ ID NO.5, and the amino acid sequence of the protein coded by the GmPIN3d gene is as shown in SEQ ID NO.6. According to the invention, a GmPIN3 gene knockout homozygous mutant strain is obtained by utilizing a CRISPR/Cas9 gene editing technology, and the mutant strain is proved to be capable of effectively improving the chlorophyll content, nitrogen content and protein content of soybeans.(ZH) 本发明公开了大豆生长素运输载体GmPIN3基因及其应用。所述GmPIN3基因选自GmPIN3a基因、GmPIN3b基因、GmPIN3d基因；所述GmPIN3a基因的核苷酸序列如SEQ ID NO.1所示，其编码的蛋白的氨基酸序列如SEQ ID NO.2所示；所述GmPIN3b基因的核苷酸序列如SEQ ID NO.3所示，其编码的蛋白的氨基酸序列如SEQ ID NO.4所示；所述GmPIN3d基因的核苷酸序列如SEQ ID NO.5所示，其编码的蛋白的氨基酸序列如SEQ ID NO.6所示。本发明利用CRISPR/Cas9基因编辑技术获得了GmPIN3基因敲除纯合突变体株系，并证明该突变体株系能够有效提高大豆的叶绿素含量、氮含量和蛋白含量。",,,"C12N 15/8251
					






C12N 15/8218
					






C12N 15/825
					






C12N 15/8243
					






C07K 14/415
					








C12N 15/8251
					






C12N 15/8218
					






C12N 15/825
					






C12N 15/8243
					






C07K 14/415
					






View less classifications",,,
CN352785304,202111392731,China,19.11.2021,114058619,18.02.2022,B,"C12N 15/113
					






C12N 15/55
					






C12N 5/10
					






A61K 39/125
					






A61K 39/135
					






A61P 31/14
					








C12N 15/113
					






C12N 15/55
					






C12N 5/10
					






A61K 39/125
					






A61K 39/135
					






A61P 31/14
					






View less classifications","LANZHOU VETERINARY RESEARCH INSTITUTE, CHINESE ACADEMY OF AGRICULTURE SCIENCES中国农业科学院兰州兽医研究所",ZHENG HAIXUE郑海学ZHU ZIXIANG朱紫祥ZHANG XIANGLE张向乐CAO WEIJUN曹伟军YANG FAN杨帆TANG WENDA唐闻达LI PAN李攀QI XIAOLAN齐晓兰GU FENGXING顾峰幸CHEN WENZHE陈文哲ZHANG KESHAN张克山LIU XIANGTAO刘湘涛,北京力量专利代理事务所(特殊普通合伙) 11504,(EN) Construction of RIPLET knockout cell line and application of RIPLET knockout cell line as picornaviridae virus vaccine production cell line(ZH) RIPLET敲除细胞系的构建及作为小核糖核酸病毒科病毒疫苗生产细胞系的应用,,"(EN) The invention belongs to the field of gene engineering, and particularly relates to construction of an RIPLET knockout cell line and application of the RIPLET knockout cell line as a picornaviridae virus vaccine production cell line. Firstly, it is found that inhibition of RIPLET gene expression in host cells can promote replication of picornaviridae viruses, especially foot and mouth disease viruses and Seneca viruses. Secondly, the invention provides sgRNA specifically targeting RIPLET. The sgRNA can specifically target the RIPLET gene, the knockout of the RIPLET gene is realized by combining a CRISPR-Cas9 technology, and an obtained monoclonal cell line can significantly promote the replication of picornaviridae viruses, especially foot-and-mouth disease viruses and Seneca viruses. The production quantity and the antigen expression quantity of picornaviridae virus vaccines are improved, and the cell line can be used as a picornaviridae virus vaccine production cell line and has a wide application prospect.(ZH) 本发明属于基因工程领域，具体涉及RIPLET敲除细胞系的构建及作为小核糖核酸病毒科病毒疫苗生产细胞系的应用。本发明首先发现，抑制宿主细胞中RIPLET基因表达能促进小核糖核酸病毒科病毒，尤其是口蹄疫病毒和塞内卡病毒的复制；其次，本发明提供了一种特异性靶向RIPLET的sgRNA，所述sgRNA能够特异性靶向RIPLET基因，结合CRISPR‑Cas9技术实现了RIPLET基因的敲除，获得的单克隆细胞系能够显著促进小核糖核酸病毒科病毒，尤其是口蹄疫病毒和塞内卡病毒的复制，提高小核糖核酸病毒科病毒疫苗的生产量和抗原表达量，可作为小核糖核酸病毒科病毒疫苗的生产细胞系，具有广阔的应用前景。",114058619,14.11.2023,"C12N 15/1137
					






C12N 9/22
					






A61K 39/12
					






A61P 31/14
					






C12N 2310/20
					






C12N 2770/32134
					






View more classifications
							






C12N 15/1137
					






C12N 9/22
					






A61K 39/12
					






A61P 31/14
					






C12N 2310/20
					






C12N 2770/32134
					






C12N 2770/32152
					






C12N 2770/32034
					






C12N 2770/32052
					






View less classifications",,,
CN413601404,202311203234,China,19.09.2023,116949085,27.10.2023,B,"C12N 15/80
					






C12N 15/54
					






C12N 1/15
					






A01H 15/00
					






C12R 1/645
					








C12N 15/80
					






C12N 15/54
					






C12N 1/15
					






A01H 15/00
					






C12R 1/645
					






View less classifications",VEGETABLE RESEARCH INSTITUTE OF GUANGDONG ACADEMY OF AGRICULTURE SCIENCES广东省农业科学院蔬菜研究所,LIU MING刘明ZHOU HUI周慧XU JIANG徐江XIAO ZITIAN肖自添HE HUANQING何焕清PENG YANGYANG彭洋洋,广州市华学知识产权代理有限公司 44245,(EN) Application of volvariella volvacea Vvpks gene in regulation and control of umbrella opening character(ZH) 草菇Vvpks基因在调控开伞性状中的应用,,"(EN) The invention provides an application of a volvariella volvacea Vvpks gene in regulation and control of umbrella opening characters. According to the invention, a straw mushroom CRISPR/Cas9 pks gene editing vector is constructed and transformed into wild type straw mushroom, 283bp fragments of the pks gene are deleted, and the straw mushroom with the fragments deleted shows phenotypes of non-development and non-umbrella-opening of pleats. After the pks gene is knocked out, the volvariella volvacea shows the character of no umbrella opening after sporocarp maturation, the picking period and the preservation time of the volvariella volvacea are remarkably prolonged, and industrial application and popularization are facilitated.(ZH) 本发明提供了一种草菇Vvpks基因在调控开伞性状中的应用。本发明通过构建草菇CRISPR/Cas9 pks基因编辑载体，并转化进野生型草菇，删除了pks基因的283bp的片段，删除片段后的草菇表现出菌褶不发育，不开伞的表型。敲除pks基因后，草菇表现出子实体成熟后不开伞的性状，显著延长了草菇的采摘周期和保存时间，有利于在产业上的应用和推广。",116949085,22.12.2023,"C12N 15/80
					






C12N 9/1029
					






C12Y 203/01
					






A01H 15/00
					






C12R 2001/645
					








C12N 15/80
					






C12N 9/1029
					






C12Y 203/01
					






A01H 15/00
					






C12R 2001/645
					






View less classifications",,,
CN413586982,202310933867,China,27.07.2023,116948003,27.10.2023,A,"C07K 14/47
					






C12N 15/113
					






A61K 45/00
					






A61K 39/135
					






A61P 31/14
					






C12N 5/10
					






View more classifications
							






C07K 14/47
					






C12N 15/113
					






A61K 45/00
					






A61K 39/135
					






A61P 31/14
					






C12N 5/10
					






C12N 7/00
					






C12N 15/85
					






C12R 1/91
					






View less classifications","LANZHOU VETERINARY RESEARCH INSTITUTE, CHINESE ACADEMY OF AGRICULTURE SCIENCES中国农业科学院兰州兽医研究所",ZHENG HAIXUE郑海学ZHANG WEI张伟YANG FAN杨帆WANG JIALI王家丽SHAO WENHUA邵文华YANG YANG杨洋QI XIAOLAN齐晓兰HUANG MENGYAO黄梦瑶CHEN ZHITONG陈志彤ZHAO XIAOYI赵晓义CAO WEIJUN曹伟军ZHU ZIXIANG朱紫祥,北京力量专利代理事务所(特殊普通合伙) 11504,(EN) Construction of EIF2B4 knockout cell line and application of EIF2B4 knockout cell line as small RNA viridae virus vaccine production cell line(ZH) EIF2B4敲除细胞系的构建及作为小RNA病毒科病毒疫苗生产细胞系的应用,,"(EN) The invention belongs to the field of gene engineering, and particularly relates to construction of an EIF2B4 knockout cell line and application of the EIF2B4 knockout cell line as a small RNA viridae virus vaccine production cell line. Firstly, the overexpression host EIF2B4 gene is found to be capable of inhibiting the replication of the FMDV, and can be used as a target spot for designing and screening drugs for inhibiting the replication of the FMDV; secondly, the host cell obtained by inhibiting or silencing the host EIF2B4 gene can promote the replication of the FMDV virus, and can be used as a production cell line of the FMDV virus or a virus vaccine; on the basis, the sgRNA specifically targeting the EIF2B4 gene is designed, the knockout of the EIF2B4 gene is realized by combining a CRISPR/Cas9 technology, the obtained monoclonal cell line can remarkably promote the replication of FMDV in cells, a tool and a material are provided for researching the molecular mechanism of the EIF2B4 gene, and the method has a wide prospect.(ZH) 本发明属于基因工程领域，具体涉及EIF2B4敲除细胞系的构建及作为小RNA病毒科病毒疫苗生产细胞系的应用。首先，本发明发现过表达宿主EIF2B4基因，能够抑制FMDV的复制，可作为靶点用于设计和筛选抑制FMDV复制的药物；其次，抑制或沉默宿主EIF2B4基因获得的宿主细胞能够促进FMDV病毒的复制，可作为FMDV病毒或病毒疫苗的生产细胞系；基于此，本发明设计了一种特异性靶向EIF2B4基因基因的sgRNA，结合CRISPR/Cas9技术实现了EIF2B4基因的敲除，获得的单克隆细胞系能够显著促进FMDV在细胞内的复制，为研究EIF2B4基因的分子机制提供了工具和材料，具有广阔的前景。",,,"C07K 14/4702
					






C12N 15/113
					






A61K 45/00
					






A61K 39/12
					






A61P 31/14
					






C12N 5/0686
					






View more classifications
							






C07K 14/4702
					






C12N 15/113
					






A61K 45/00
					






A61K 39/12
					






A61P 31/14
					






C12N 5/0686
					






C12N 7/00
					






C12N 15/85
					






C12N 2310/20
					






C12N 2510/02
					






C12N 2770/32134
					






C12N 2770/32152
					






C12N 2800/107
					






A61K 2039/552
					






C12R 2001/91
					






Y02A 50/30
					






View less classifications",,,
CN396204885,202211575526,China,08.12.2022,115948375,11.04.2023,A,"C12N 9/88
					






C12N 15/60
					






C12N 15/84
					






A01H 6/82
					






A01H 5/12
					








C12N 9/88
					






C12N 15/60
					






C12N 15/84
					






A01H 6/82
					






A01H 5/12
					






View less classifications","CHINA TOBACCO YUNNAN INDUSTRIAL CO., LTD.云南中烟工业有限责任公司",ZENG WANLI曾婉俐LI XUEMEI李雪梅WANG MINGFENG王明锋KONG WEISONG孔维松XIANG HAIYING向海英LI JING李晶HU WEIYAO胡巍耀JIANG JIARUI蒋佳芮XU LI许力,北京维澳专利代理有限公司 11252,(EN) Related gene influencing tobacco plastid pigment synthesis and application(ZH) 一种影响烟草质体色素合成相关的基因及应用,,"(EN) The invention discloses a related gene influencing tobacco plastid pigment synthesis and application. The related gene influencing tobacco plastid pigment synthesis is derived from tobacco and is named as pectate-like lyase (SPL), and the nucleotide sequence of the gene is shown as SEQ ID NO.1. The CRISPR/Cas9-spl editing vector for knocking out the pectate-like lyase gene is constructed by virtue of a CRISPR/Cas9-spl mediated gene editing technology, a Honghua Dajinyuan plant in which the pectate-like lyase gene is subjected to insertion mutation is obtained after genetic transformation, and the contents of neoxanthine, xanthophyll, chlorophyll b and chlorophyll a in 423 leaves of the obtained editing plant are remarkably increased, so that the content of the CCRISPR/Cas9-spl editing vector is remarkably increased, and the content of the CCRISPR/Cas9-spl editing vector is remarkably increased. The knockout of the gene can influence the plastid pigment content of the plant leaf, so that a genetic material and a theoretical basis are provided for tobacco plastid pigment synthesis pathway research, tobacco leaf quality improvement and tobacco variety genetic improvement.(ZH) 本发明公开了一种影响烟草质体色素合成相关的基因及应用。该影响烟草质体色素合成相关的基因来源于烟草，命名为类果胶裂解酶(SPL)，其核苷酸序列如SEQ ID NO.1所示。本发明通过CRISPR/Cas9介导的基因编辑技术，构建了用于敲除类果胶裂解酶基因的CRISPR/Cas9‑spl编辑载体，经遗传转化后获得了类果胶裂解酶基因发生插入突变的红花大金元植株，所获编辑植株423叶片中的新黄质、叶黄素、叶绿素b、叶绿素a含量显著增加，表明该基因的敲除可影响植株叶片质体色素含量，这为烟草质体色素合成通路研究，烟叶品质改善、烟草品种遗传改良提供遗传材料和理论依据。",,,,,,
CN319683588,202011304418,China,19.11.2020,112391407,23.02.2021,A,"C12N 15/84
					






A01H 5/00
					






A01H 6/46
					






C12Q 1/6895
					








C12N 15/84
					






A01H 5/00
					






A01H 6/46
					






C12Q 1/6895
					






View less classifications",GUIZHOU RICE RESEARCH INSTITUTE贵州省水稻研究所,PENG QIANG彭强LI JIALI李佳丽ZHANG DASHUANG张大双WU XIAN吴娴ZHU SUSONG朱速松,贵阳易博皓专利代理事务所(普通合伙) 52116,(EN) Breeding method for improving disease resistance of rice against rice blast(ZH) 一种水稻稻瘟病抗性改良的育种方法,,"(EN) The invention discloses a breeding method for improvingdisease resistance of rice against rice blast. The method comprises the following steps: selecting broad-spectrum resistance genes Pi21 and Pid3that produce resistance due to function deletion; selecting gene editing sites of the genes Pi21 and Pid3, amplifying a U3 or U6 RNA promoter of the disease-resistant gene to construct a CRISPR/Cas9 vector; introducing the CRISPR/Cas9 vector into a callus, and carrying out resistance screening and differentiation culture to obtain a T0-generation transgenic plant; detecting whether a detected offspring plant of the T0-generation transgenic plant contains Cas9 exogenous DNA or not; screening a mutant strain with knockout of functional genes, amplifying target site DNA of the mutant strain, carrying out TA cloning sequencing to obtain DNA mutation information; and screening an improved strain that does not contain Cas9 exogenous DNA and has homozygous mutation on the disease-resistant gene Pi21 or Pid3 from offsprings. The breeding method of the present invention solves the problem that new varieties of rice obtained by a CRISPR/Cas9 gene editing technology in related technologies is still damaged by rice blast, and improves disease resistance of the rice against rice blast.(ZH) 本申请公开了一种水稻稻瘟病抗性改良的育种方法，该方法包括：选择功能缺失产生抗性的广谱抗性基因Pi21和Pid3；选择基因Pi21和Pid3的基因编辑位点，并扩增抗病基因的U3或U6 RNA启动子，构建CRISPR/Cas9载体；将CRISPR/Cas9载体导入愈伤组织，通过抗性筛选和分化培养得到T0代转基因植株；检测所述T0代转基因植株的检测子代植株是否含有Cas9外源DNA；筛选功能基因敲除的突变株系，并且扩增突变株系的靶位点DNA，TA克隆测序得到DNA突变信息；在后代中筛选不含Cas9外源DNA的，并且抗病基因Pi21或Pid3发生纯合突变的改良株系。通过本申请解决相关技术中通过CRISPR/Cas9基因编辑技术得到的新品种仍然会受到稻瘟病的侵害的问题，提高了水稻对稻瘟病的抗病性。",,,"C12N 15/8282
					






C12N 15/8218
					






C12Q 1/6895
					






C12Q 2600/13
					






C12Q 2600/156
					








C12N 15/8282
					






C12N 15/8218
					






C12Q 1/6895
					






C12Q 2600/13
					






C12Q 2600/156
					






View less classifications",,,
CN343412945,202110933585,China,14.08.2021,113637709,12.11.2021,B,"C12N 15/90
					






C12N 5/10
					






C12N 15/12
					






C12N 15/113
					






A61K 31/7105
					






A61P 31/14
					






View more classifications
							






C12N 15/90
					






C12N 5/10
					






C12N 15/12
					






C12N 15/113
					






A61K 31/7105
					






A61P 31/14
					






C12R 1/91
					






View less classifications","LANZHOU VETERINARY RESEARCH INSTITUTE, CHINESE ACADEMY OF AGRICULTURE SCIENCES中国农业科学院兰州兽医研究所",ZHENG HAIXUE郑海学ZHANG WEI张伟YANG FAN杨帆YANG YANG杨洋QI XIAOLAN齐晓兰ZHU ZIXIANG朱紫祥CAO WEIJUN曹伟军REN RUIFANG任蕊芳ZHENG MIN郑敏ZHANG KESHAN张克山,北京力量专利代理事务所(特殊普通合伙) 11504,(EN) Application of KIF5B gene as target spot in inhibition of replication of the foot-and-mouth disease virus(ZH) KIF5B基因作为靶点在抑制口蹄疫病毒复制中的应用,,"(EN) Firstly, the invention discovers that through inhibition or silencing a host KIF5B gene, the replication of a foot-and-mouth disease virus can be inhibited, and the host KIF5B gene can be used as a target spot for preparing or screening medicines for inhibiting the replication of the foot-and-mouth disease virus; and secondly, the KIF5B is taken as the target spot, siRNA is designed, and the siRNA can inhibit the replication of the foot and mouth disease virus and can be used for preparing the medicines for inhibiting the replication of the foot and mouth disease virus. Meanwhile, the invention provides sgRNA specifically targeting the KIF5B, the sgRNA can carry out targeting on the KIF5B gene, complete knockout of the KIF5B gene in a host cell is realized through combination with a CRISPR-Cas9 technology, an obtained monoclonal cell line has a resistance phenotype to the foot-and-mouth disease virus and can remarkably inhibit the replication of the foot-and-mouth disease virus in the cell, and a research tool and a material are provided for further researching of a molecular mechanism of the KIF5B gene in regulation and control of pathogenic microorganism replication in cells.(ZH) 首先，本发明发现通过抑制或沉默宿主KIF5B基因，能够抑制口蹄疫病毒的复制，可作为靶点用于制备或筛选抑制口蹄疫病毒复制的药物；其次，以KIF5B为靶点，本发明设计了siRNA，所述siRNA能够抑制口蹄疫病毒复制，可用于制备抑制口蹄疫病毒复制的药物；同时，本发明提供了特异性靶向KIF5B的sgRNA，所述sgRNA能够靶向KIF5B基因，并结合CRISPR‑Cas9技术，实现了宿主细胞中KIF5B基因的完全敲除，获得的单克隆细胞系对口蹄疫病毒具有抗性表型，能够显著抑制口蹄疫病毒在细胞内的复制，也为进一步研究KIF5B基因在细胞内调控病原微生物复制的分子机制提供研究工具和材料。",113637709,17.01.2023,"C12N 15/907
					






C12N 15/113
					






C12N 5/0686
					






C12N 5/0625
					






C07K 14/47
					






A61K 31/7105
					






View more classifications
							






C12N 15/907
					






C12N 15/113
					






C12N 5/0686
					






C12N 5/0625
					






C07K 14/47
					






A61K 31/7105
					






A61P 31/14
					






C12N 2510/00
					






C12N 2310/20
					






View less classifications",,,
CN316356913,202011309850,China,20.11.2020,112210566,12.01.2021,B,"C12N 15/54
					






C12N 15/82
					






A01H 5/00
					






A01H 6/46
					








C12N 15/54
					






C12N 15/82
					






A01H 5/00
					






A01H 6/46
					






View less classifications",ZHEJIANG UNIVERSITY浙江大学,DU HAO都浩YUAN YUE袁月CHEN WENZHEN陈文臻TU JUMIN凃巨民,杭州天勤知识产权代理有限公司 33224,(EN) Application of rice OsS6K1 gene or OsS6K2 gene in improving rice yield and/or drought resistance(ZH) 水稻OsS6K1基因或OsS6K2基因在提高水稻产量和/或抗旱性中的应用,,"(EN) The invention discloses application of a rice OsS6K1 gene or an OsS6K2 gene homologous with the rice OsS6K1 gene in improving rice yield and/or drought resistance, and belongs to the technical field of biology. The application comprises the following steps: reducing expression or activity of a rice OsS6K1 gene or OsS6K2 gene encoding protein by using an RNAi or CRISPR/CAS9 technique, and further obtaining a rice mutant with improved yield and/or drought resistance. A plant recombinant expression vector with target site specificity knockout of the rice OsS6K1 gene and the OsS6K2 gene homologouswith the rice OsS6K1 gene is constructed by using a CRISPR/Cas9 system, and a homozygous mutant plant with function defect type mutation of the OsS6K1 gene or the OsS6K2 gene is obtained through transgenosis. The invention provides a novel direction of the rice OsS6K1 gene or OsS6K2 gene mutant plant in rice drought resistance research, and has potential application values in agricultural development.(ZH) 本发明公开了水稻OsS6K1基因及其同源的OsS6K2基因在提高水稻产量和/或抗旱性中的应用，属于生物技术领域。所述应用包括：利用RNAi或CRISPR/CAS9技术降低水稻OsS6K1基因或OsS6K2基因编码蛋白的表达或活性，进而获得产量和/或抗干旱性能增强的水稻突变体。本发明通过利用CRISPR/Cas9系统构建水稻OsS6K1基因及其同源的OsS6K2基因靶位点特异性敲除的植物重组表达载体，转基因获得OsS6K1基因或OsS6K2基因功能缺陷型突变的纯合突变体植株。本发明提供了水稻OsS6K1基因或OsS6K2基因突变体植株在水稻抗旱性研究的新方向，在农业开发方面具有潜在的应用价值。",112210566,12.04.2022,"C12N 9/12
					






C12Y 207/11
					






C12N 15/8273
					






C12N 15/8261
					








C12N 9/12
					






C12Y 207/11
					






C12N 15/8273
					






C12N 15/8261
					






View less classifications",,,
JP436023750,2024068959,Japan,22.04.2024,2024099674,25.07.2024,A,"C12N 5/10
					






C12N 15/87
					






C12N 15/09
					






A01H 1/00
					








C12N 5/10
					






C12N 15/87
					






C12N 15/09
					






A01H 1/00
					






View less classifications",TOOLGEN INCツールゲン　インコーポレイテッド,KIM JIN-SOOキム，ジン－ソーCHO SEUNG WOOチョ，スン　ウーKIM SO JUNGキム，ソジュンKIM JONG MINキム，ジョン　ミンKIM SEOKJOONGキム，ソクジョーン,▲吉▼田　和彦須田　洋之山崎　一夫服部　博信松田　七重田代　玄,"(EN) COMPOSITION FOR CLEAVING TARGET DNA, COMPRISING GUIDE RNA SPECIFIC FOR THE TARGET DNA AND CAS PROTEIN-ENCODING NUCLEIC ACID OR CAS PROTEIN, AND USE THEREOF(JA) 標的ＤＮＡに特異的なガイドＲＮＡおよびＣＡＳタンパク質コード核酸またはＣＡＳタンパク質を含む、標的ＤＮＡを切断するための組成物、ならびにその使用","61/717,324 23.10.2012 US61/803,599 20.03.2013 US61/837,481 20.06.2013 US","(EN) PROBLEM TO BE SOLVED: To provide a method for targeted genome editing in eukaryotic cells or organisms.SOLUTION: Provided is a method for inducing modification of a target nucleic acid sequence in a plant cell, the method comprising: obtaining an artificial and/or non-naturally occurring type II CRISPR/Cas9 complex, the CRISPR/Cas9 complex being a combination of protein and RNA, the protein being a Cas9 protein, and the RNA being a guide RNA; and introducing the CRISPR/Cas9 complex into the plant cell by transfection using a transfection buffer comprising polyethylene glycol (PEG), the guide RNA, which comprises a crRNA portion and a tracrRNA portion, being transcribed in vitro or chemically synthesized, and the target nucleic acid sequence, which is endogenous DNA, comprising a portion complementary to the crRNA portion of the guide RNA.SELECTED DRAWING: Figure 1aCOPYRIGHT: (C)2024,JPO&INPIT(JA) 【課題】真核細胞または真核生物における標的化ゲノム編集の方法を提供する。【解決手段】植物細胞内の標的核酸配列の改変を誘発する方法であって、人工および/または非自然発生タイプII CRISPR/Cas9複合体を得ること、ここで、前記CRISPR/Cas9複合体はタンパク質とRNAの組合せであり、前記タンパク質はCas9タンパク質であり、前記RNAはガイドRNAである；およびポリエチレングリコール（PEG）を含むトランスフェクションバッファーを用いるトランスフェクションによって前記CRISPR/Cas9複合体を植物細胞内に導入すること、を含み、crRNA部分およびtracrRNA部分を含む前記ガイドRNAはin vitroで転写されるか化学的に合成され、内在性DNAである前記標的核酸配列はガイドRNAのcrRNA部分に相補的な部分を含む、前記方法である。【選択図】図１ａ",,,"C12N 2310/531
					






C12N 15/8216
					






C12Y 301/21
					






C12N 9/22
					






C12N 15/102
					






C12N 15/63
					






View more classifications
							






C12N 2310/531
					






C12N 15/8216
					






C12Y 301/21
					






C12N 9/22
					






C12N 15/102
					






C12N 15/63
					






C12N 9/16
					






C12N 15/52
					






C12N 15/111
					






C12N 2310/20
					






C12N 15/113
					






C12N 15/8509
					






C12Q 1/683
					






C12N 15/85
					






C12N 15/907
					






C12N 2310/10
					






View less classifications","A01H 1/00A
C12N 15/09,110
C12N 15/87Z
C12N 5/10
A01H 1/00A
C12N 15/09,110
C12N 15/87Z
C12N 5/10
View less classifications","4B065AA88X
4B065AB01
4B065BA10
4B065AA88X
4B065AB01
4B065BA10
View less classifications","CA3233048

SG11201503059X

ES2690386

JP2016500003

KR1020190137932

WO/2014/065596

CN110643600

CN110669746

CN110669758

EP4342987

KR1020230133390

CN116064533

KR1020210013288

DK2912175

SG10201809564Y

SG10201809566S

EP3372679

EP3733847

PL2912175

ES2886448

KR1020220057633

CN116064532

KR1020230064634

ES2926021

EP4180526

KR1020230066138

EP2912175

PL4357457

CN105441440

ES3005455

DK4357457

DE202013012597

DE202013012610

CN110066775

EP4397759

EP4397760

PT2912175

CN110592089

CA2888190

US20150284727

CN104968784

KR1020150101478

KR1020150101446

KR1020150101476

KR1020150101477

AU2013335451

BR112015008708

EP4357457

KR1020180029092

EP3346003

US20150344912

US20150322457

IN2854/CHENP/2015

AU2015218519

JP2016027807

JP2018019698

AU2017254854

JP2020078303

AU2020201485

US20210047647

US20210047648

JP2022095663

AU2022204902

US20230374525

US20230374524

JP2023166400

JP2023166401

US20240026367

US20240052356

JP2024178169

US20250066798"
CN304773776,202010321273,China,22.04.2020,111549041,18.08.2020,B,"C12N 15/54
					






C12N 15/82
					






A01H 5/06
					






A01H 6/20
					






C12Q 1/6895
					








C12N 15/54
					






C12N 15/82
					






A01H 5/06
					






A01H 6/20
					






C12Q 1/6895
					






View less classifications",QINGDAO AGRICULTURAL UNIVERSITY青岛农业大学,MA QIAN马倩JIN SHANGHUI金尚卉,青岛合创知识产权代理事务所(普通合伙) 37264,(EN) Ethylene-induced BAHD acyltransferase ERAT2 gene and application thereof(ZH) 一种乙烯诱导BAHD酰基转移酶ERAT2基因及其应用,,"(EN) The invention provides an ethylene-induced BAHD acyltransferase ERAT2 gene and an application of the ethylene-induced BAHD acyltransferase ERAT2 gene. The nucleotide sequence of the ethylene-induced BAHD acyltransferase ERAT2 gene is as shown in SEQ ID NO.1. The invention also discloses a preparation method of the ethylene-induced BAHD acyltransferase ERAT2 gene. According to the invention, a CRISPR-Cas9 gene knockout vector of the ERAT2 gene is constructed, a CRISPR-Cas9 gene knockout strain of the ERAT2 gene is obtained, and under the conditions of drought stress and salt stress, the germination rate of a wild strain is reduced and the root length of a seedling is shortened compared with that of a seed; and the RNAi gene knockout strain of the ERAT2 gene can participate in the synthesisof various lipid substances lysophosphatidylcholine. According to the technical scheme provided by the invention, a theoretical basis and an experimental basis are provided for the biosynthesis and osmotic stress resistance breeding of lysophosphatidylcholine in plants.(ZH) 本发明提供了一种乙烯诱导的BAHD酰基转移酶ERAT2基因及其应用。所述乙烯诱导的BAHD酰基转移酶ERAT2基因的核苷酸序列如SEQ ID NO.1所示。本发明构建了ERAT2基因的CRISPR‑Cas9基因敲除载体，并获得了ERAT2基因的CRISPR‑Cas9基因敲除株系，该株系在干旱胁迫和盐胁迫的条件下，野生型株系相比种子的发芽率降低，幼苗的根长变短；并且ERAT2基因的RNAi基因敲除株系能够参与合成多种脂质类物质溶血磷脂酰胆碱，本发明的技术方案为植物中对溶血磷脂酰胆碱的生物合成和抗渗透胁迫育种提供了理论依据和实验基础。",111549041,08.07.2022,"C12N 9/1025
					






C12N 15/8218
					






C12N 15/8271
					






C12N 15/8247
					






C12N 15/8273
					






C12N 15/8261
					






View more classifications
							






C12N 9/1025
					






C12N 15/8218
					






C12N 15/8271
					






C12N 15/8247
					






C12N 15/8273
					






C12N 15/8261
					






C12Q 1/6895
					






C12Q 2600/158
					






C12Q 2600/13
					






View less classifications",,,
CN399162062,202211473477,China,21.11.2022,116144698,23.05.2023,A,"C12N 15/84
					






C12N 9/04
					






C12N 15/53
					






A01H 5/12
					






A01H 6/82
					








C12N 15/84
					






C12N 9/04
					






C12N 15/53
					






A01H 5/12
					






A01H 6/82
					






View less classifications","CHINA TOBACCO YUNNAN INDUSTRIAL CO., LTD.云南中烟工业有限责任公司",XING JIAXIN邢佳鑫GAO QIAN高茜LIU WEI刘巍WANG ZHONG王中XU LI许力CHEN JIN陈锦LUO CHAOPENG罗朝鹏LI XUEMEI李雪梅ZHANG JIANDUO张建铎MI QILI米其利JIANG JIARUI蒋佳芮CHEN YUDONG陈钰栋,北京维澳专利代理有限公司 11252,(EN) Application of tobacco ethanol dehydrogenase related gene NtADH1 in regulation and control of width of waist leaf of tobacco(ZH) 一种烟草乙醇脱氢酶相关基因NtADH1在调控烟草腰叶宽度中的应用,,"(EN) The invention discloses an application of a tobacco ethanol dehydrogenase related gene NtADH1 in regulating and controlling the width of a waist leaf of tobacco. The nucleotide sequence of the NtADH1 gene is as shown in SEQ ID NO. 1, and the amino acid sequence of the NtADH1 encoding protein is as shown in SEQ ID NO. 3. According to the invention, a CRISPR/Cas9 editing carrier for knocking out the NtADH1 gene is constructed through a CRISPR/Cas9 mediated gene editing technology, and a tobacco plant with the NtADH1 gene knocked out is obtained after editing material creation and molecular detection and identification. Compared with a control tobacco plant, the average waist leaf width of the editing tobacco plant with the NtADH1 gene knocked out in the mature period is remarkably increased. A theoretical basis is provided for further clarification of a tobacco waist leaf width regulation mechanism, and a new genetic material is provided for cultivation of tobacco varieties with significantly changed waist leaf widths.(ZH) 本发明公开了一种烟草乙醇脱氢酶相关基因NtADH1在调控烟草腰叶宽度中的应用。NtADH1基因的核苷酸序列如SEQ ID NO.1所示，NtADH1编码蛋白的氨基酸序列如SEQ ID NO.3所示。本发明通过CRISPR/Cas9介导的基因编辑技术，构建了用于敲除NtADH1基因的CRISPR/Cas9编辑载体，经编辑素材创制和分子检测鉴定后获得了NtADH1基因敲除的烟草植株。本发明获得的，NtADH1基因敲除的编辑烟草植株，相比于对照烟草植株，成熟期的平均腰叶宽度显著增大。为进一步阐明烟草腰叶宽度调控机理提供了理论依据，为培育腰叶宽度显著改变的烟草品种提供了新的遗传材料。",,,"C12N 15/8261
					






C12N 9/0006
					






C12Y 101/01001
					






Y02E 50/10
					








C12N 15/8261
					






C12N 9/0006
					






C12Y 101/01001
					






Y02E 50/10
					






View less classifications",,,
CN335058341,202110275528.X,China,15.03.2021,113278646,20.08.2021,A,"C12N 15/82
					






C12N 15/55
					






A01H 5/00
					






A01H 6/46
					






C12Q 1/6869
					








C12N 15/82
					






C12N 15/55
					






A01H 5/00
					






A01H 6/46
					






C12Q 1/6869
					






View less classifications","HUBEI BIORUN SYNTHETIC BIOLOGICAL TECHNOLOGY CO., LTD.湖北伯远合成生物科技有限公司",WU LEI吴磊LI YANG李阳DONG MENGJIE董梦洁,上海精晟知识产权代理有限公司 31253,"(EN) Method for constructing polygene editing mutant library of Oryza sativa L., and application(ZH) 一种构建水稻多基因编辑突变体库的方法及应用",,"(EN) The invention discloses a method for constructing a polygene editing mutant library of Oryza sativa L., and application. The method comprises the following steps of: S1: designing a sgRNA library; S2: preparing a CRISPR/ Cas9 vector library; S3: carrying out genetic transformation; S4: carrying out sgRNA authentication; and S5: detecting a gene editing seedling. By use of a CRISPR/ Cas9 technology, a whole polygene editing mutant library of the Oryza sativa L. is obtained in one time, compared with existing one-by-one gene knockout, efficiency is improved, and meanwhile, a workload is obviously reduced. Meanwhile, the invention designs a complete, systematic and efficient plant poly-genome editing and detecting method, a great quantity of pathway genes or gene families can be efficiently subjected to accurate editing and detection analysis of the editing seedling at a low cost, and help and a reference meaning can be brought to application of the CRISPR/ Cas9 technology to plant signal pathway researching or gene family function researching and screening.(ZH) 本发明公开了一种构建水稻多基因编辑突变体库的方法及应用，该方法包括如下步骤：S1，sgRNA文库设计；S2，制备CRISPR/Cas9载体文库；S3，遗传转化；S4，sgRNA鉴定；S5，检测基因编辑苗；本发明采用CRISPR/Cas9技术，一次性获得整个水稻多基因编辑突变体库，相比于现有的逐个基因敲除，效率提高，同时显著的减少工作量；同时本发明设计了一个完整、系统、高效的植物多基因组编辑和检测方法，可以高效、低成本的对大量通路基因或基因家族进行精准编辑和编辑苗的检测分析，为CRISPR/Cas9技术在植物信号通路研究或基因家族功能研究和筛选带来了帮助和参考意义。",,,"C12N 15/8218
					






C12N 15/8205
					






C12N 15/102
					






C12N 9/22
					






C12Q 1/6869
					








C12N 15/8218
					






C12N 15/8205
					






C12N 15/102
					






C12N 9/22
					






C12Q 1/6869
					






View less classifications",,,
AR413639920,P220101666,Argentina,24.06.2022,126240,04.10.2023,A1,"C12N 9/22
					






C12N 15/82
					








C12N 9/22
					






C12N 15/82
					






View less classifications","PAIRWISE PLANTS SERVICES, INC.",PRADEEP REDDY MARRILOLITA GEORGE MATHEWHAEJIN KIM,,(ES) MODIFICACIÓN DE GENES DE UBIQUITINA LIGASA E3 HECT PARA MEJORAR LOS RASGOS DE RENDIMIENTO,"63/214,498 24.06.2021 US","(ES) Una planta o parte de ella que comprende al menos una mutación no natural en un gen endógeno de Proteína Ubiquitina Ligasa (UPL) E3 Homólogo a E6AP C-Terminal (HECT) que codifica un polipéptido HECT E3 UPL. Una célula vegetal que comprende un sistema de edición, donde el sistema de edición comprende: (a) una proteína efectora CRISPR-Cas; y (b) un ácido nucleico guía que comprende una secuencia espaciadora con complementariedad con un gen objetivo endógeno que codifica un polipéptido HECT E3 UPL. Una célula vegetal que comprende al menos una mutación no natural en un gen endógeno de Proteína Ubiquitina Ligasa (UPL) E3 Homólogo a E6AP C-Terminal (HECT), en donde la mutación es una sustitución, inserción, deleción o inversión que se introduce mediante un sistema de edición que comprende un dominio de unión de ácido nucleico que se une a un sitio objetivo en el gen endógeno HECT E3 UPL. Un método para generar variación en una región de un polipéptido de Proteína Ubiquitina Ligasa (UPL) E3 Homólogo a E6AP C-Terminal (HECT), que comprende: introducir un sistema de edición en una célula vegetal, en donde el sistema de edición está dirigido a una región de un gen HECT E3 UPL que codifica la región del polipéptido HECT E3 UPL. Un método para editar un sitio específico en el genoma de una célula vegetal, donde el método comprende: escindir, de manera específica del sitio, un sitio objetivo dentro de un gen endógeno de Proteína Ubiquitina Ligasa (UPL) E3 Homólogo a E6AP C-Terminal (HECT) en la célula vegetal. Un ácido nucleico guía que se une a un sitio objetivo en un gen de Proteína Ubiquitina Ligasa (UPL) E3 Homólogo a E6AP C-Terminal (HECT). Un sistema de edición de genes que comprende una proteína efectora CRISPR-Cas en asociación con un ácido nucleico guía, en donde el ácido nucleico guía comprende una secuencia espaciadora que se une a un gen endógeno de Proteína Ubiquitina Ligasa (UPL) E3 Homólogo a E6AP C-Terminal (HECT). Un complejo que comprende un ácido nucleico guía y una proteína efectora CRISPR-Cas que comprende un dominio de escisión, en donde el ácido nucleico guía se une a un sitio objetivo en un gen endógeno de Proteína Ubiquitina Ligasa (UPL) E3 Homólogo a E6AP C-Terminal (HECT). Un casete de expresión que comprende (a) un polinucleótido que codifica una proteína efectora CRISPR-Cas que comprende un dominio de escisión y (b) un ácido nucleico guía que se une a un sitio objetivo en un gen endógeno de Proteína Ubiquitina Ligasa (UPL) E3 Homólogo a E6AP C-Terminal (HECT). Un ácido nucleico que codifica una mutación negativa dominante o una mutación nula de un polipéptido de Proteína Ubiquitina Ligasa (UPL) E3 Homólogo a E6AP C-Terminal (HECT), opcionalmente en donde el ácido nucleico comprende una secuencia de nucleótidos que tiene al menos un 90% de identidad de secuencia con cualquiera de SEQ ID Nº 119 - 125. Un polipéptido modificado de Proteína Ubiquitina Ligasa (UPL) E3 Homólogo a E6AP C-Terminal (HECT) que comprende una mutación en un residuo de aminoácido ubicado en la posición 1839 con referencia a la numeración de posiciones de aminoácidos de SEQ ID Nº 78, en la posición 1844 con referencia a la numeración de posiciones de aminoácidos de SEQ ID Nº 79, en la posición 1862 con referencia a la numeración de posiciones de aminoácidos de SEQ ID Nº 80, en la posición 1858 con referencia a la numeración de posiciones de aminoácidos de SEQ ID Nº 81, en la posición 1807 con referencia a la numeración de posiciones de aminoácidos de SEQ ID Nº 82, y/o en la posición 1800 con referencia a la numeración de posiciones de aminoácidos de SEQ ID Nº 83. Un método para crear una mutación en un gen endógeno de Proteína Ubiquitina Ligasa (UPL) E3 Homólogo a E6AP C-Terminal (HECT) en una planta. Un ácido nucleico guía que se une a un ácido nucleico objetivo en un gen de Proteína Ubiquitina Ligasa (UPL) E3 Homólogo a E6AP C-Terminal (HECT) que tiene el número de identificación de gen (ID del gen) de Zm00001d014920, Zm00001d004139, Glyma.11G107500, Glyma.12G032500, Glyma.06G003600 y/o Glyma.04G004000.",,,"C12N 15/8242
					






C12N 9/22
					






C12N 15/8261
					






A01H 6/542
					






A01H 6/4684
					






Y02A 40/146
					






View more classifications
							






C12N 15/8242
					






C12N 9/22
					






C12N 15/8261
					






A01H 6/542
					






A01H 6/4684
					






Y02A 40/146
					






C12N 2310/20
					






C12N 9/93
					






C12N 15/8213
					






C12Q 1/25
					






C12Y 203/02
					






View less classifications",,,"UY0001039827

WO/2022/271892

CA3224730

BRUS2022034625

BR112023026845

CN117858945

EP4359516

MX2023014882

IN202447002808This application is not viewable in PATENTSCOPE because the national phase entry has not been published yet or the national entry is issued from a country that does not share data with WIPO or there is a formatting issue or an unavailability of the application."
CN407472909,202310889055,China,19.07.2023,116676333,01.09.2023,A,"C12N 15/84
					






C12N 9/04
					






C12N 15/53
					






C12N 15/29
					






C07K 14/415
					






A01H 5/02
					






View more classifications
							






C12N 15/84
					






C12N 9/04
					






C12N 15/53
					






C12N 15/29
					






C07K 14/415
					






A01H 5/02
					






A01H 6/82
					






A01H 1/02
					






C12Q 1/6895
					






C12N 15/11
					






View less classifications",BEIJING ACADEMY OF AGRICULTURE AND FORESTRY SCIENCES北京市农林科学院,ZHOU MING周明LI CHANGBAO李常保YUAN GUOLIANG苑国良,北京五洲洋和知识产权代理事务所(普通合伙) 11387,(EN) Creation method and breeding method of tomato green hypocotyl male sterile line(ZH) 一种番茄绿胚轴雄性不育系的创制方法以及繁育方法,,"(EN) The invention relates to a creation method and a breeding method of a tomato green hypocotyl male sterile line. According to the method, TM6 and DFR genes in tomatoes are knocked out at the same time through a CRISPR/Cas9 technology to obtain a novel green hypocotyl male sterile line mutant, and the mutant shows green stem sterility. In the male sterility line breeding process, the screening efficiency of screening tm6 sterility by dfr green stems reaches 98% or above, and then a tm6 dfr stable and efficient breeding strategy is provided. The main agronomic traits of the sterile line created by the method and the hybrid obtained by using the sterile line as the female parent have no significant difference compared with the main agronomic traits of wild tomatoes. Therefore, the tm6dfr sterile system and the breeding method can be applied to tomato hybrid seed production.(ZH) 本发明涉及一种番茄绿胚轴雄性不育系的创制方法以及繁育方法。本发明方法通过CRISPR/Cas9技术同时敲除番茄中TM6和DFR基因获得了一种新型绿胚轴雄性不育系突变体，突变体表现为绿茎不育。在雄性不育系繁育过程中，用dfr绿茎筛选tm6不育的筛选效率达到98％以上，进而提出tm6dfr稳定高效繁育策略。该方法创制的不育系本身以及用其作为母本得到的杂交种主要农艺性状相对于野生型番茄的主要农艺性状无显著差别。由此，tm6dfr不育系统以及繁育方法可应用于番茄杂交种制种。",,,"C12N 15/8289
					






C12N 15/8216
					






C12N 15/8205
					






C12N 9/0006
					






C07K 14/415
					






C12Y 101/01219
					






View more classifications
							






C12N 15/8289
					






C12N 15/8216
					






C12N 15/8205
					






C12N 9/0006
					






C07K 14/415
					






C12Y 101/01219
					






A01H 1/023
					






C12Q 1/6895
					






C12Q 2600/13
					






C12Q 2600/156
					






View less classifications",,,
US296504293,16607849,United States of America,24.04.2018,20200190492,18.06.2020,B2,"C12N 9/22
					






C07K 14/005
					






C07K 14/315
					






C12N 15/63
					








C12N 9/22
					






C07K 14/005
					






C07K 14/315
					






C12N 15/63
					






View less classifications",DUPONT NUTRITION BIOSCIENCES APSUNIVERSITE LAVAL (CANADA),Christophe FremauxPhilippe HorvathAlexander HynesMarie-Laurence LemaySylvain MoineauDennis A. RomeroGeneviève RousseauJoshua K Young,,(EN) Anti-CRISPR polynucleotides and polypeptides and methods of use,,"(EN) 
Methods and compositions are provided for the use of anti-CRISPR (ACR) proteins in plants, including modulation of Cas endonuclease activity, improvement of frequency of homologous recombination, control of Cas endonuclease activity during various cell cycles, spatial and/or temporal regulation of Cas endonuclease activity in plants, usage in gene activation or repression, as well as reduction of off-target polynucleotide cleavage.",11732251,22.08.2023,"C07K 14/005
					






C12N 9/22
					






C07K 14/315
					






C12N 15/63
					






C12N 2795/10322
					








C07K 14/005
					






C12N 9/22
					






C07K 14/315
					






C12N 15/63
					






C12N 2795/10322
					






View less classifications",,,"EP3615552

CN110891965

BR112019022201

WO/2018/197520

IN201917043473"
CN132735377,201310415047.X,China,12.09.2013,104450745,25.03.2015,A,"C12N 15/31
					






C12N 15/113
					






C12N 15/63
					






A01H 5/00
					








C12N 15/31
					






C12N 15/113
					






C12N 15/63
					






A01H 5/00
					






View less classifications",PEKING UNIVERSITY,QU LIJIAMIAO JINGUO DONGSHUZHANG JINZHEHUANG QINGPEIQIN GENJIGU HONGYAKANG DINGMING,yu changjiang,(EN) Method for acquiring specific rice gene mutant and application thereof(ZH) 一种获得水稻指定基因突变体的方法及其应用,,"(EN) The invention provides a method for acquiring specific rice gene mutants. Through optimization of a traditional CRISPR / Cas system, an optimized CAS9 gene expression vector, an optimized sgRNA expression vector and an optimized binary expression vector of crRNA:tracrRNA are constructed; the recognition sequences of the screened specific rice genes are cloned to the vectors to construct transformation vectors, so as to finally obtain the specific rice gene mutants. The method applies the CRISPR / Cas system to rice to generate the specific gene mutants, and has high mutation rate and wide application value in plant gene engineering.(ZH) 
本发明提供了一种获得水稻指定基因突变体的方法，通过对传统的CRISPR/Cas系统进行优化，分别构建了优化后的CAS9基因的表达载体、优化后的sgRNA的表达载体和优化后的双元crRNA:tracrRNA的表达载体，并将筛选出的水稻特定基因的识别序列克隆到上述载体中，构建转化载体，最终获得水稻指定基因的突变体。该方法把CRISPR/Cas系统应用到水稻中产生指定基因的突变体，且突变率高，在植物基因工程中有广泛的应用价值。",,,,,,
CN362097287,202210127510,China,11.02.2022,114480314,13.05.2022,B,"C12N 9/02
					






C12N 15/53
					






C12N 15/113
					






C12N 9/22
					






C12N 15/85
					






A01K 67/033
					








C12N 9/02
					






C12N 15/53
					






C12N 15/113
					






C12N 9/22
					






C12N 15/85
					






A01K 67/033
					






View less classifications",PLANT PROTECTION RESEARCH INSTITUTE OF CHINESE ACADEMY OF AGRICULTURAL SCIENCES中国农业科学院植物保护研究所,LYU ZHICHUANG吕志创JI SHUNXIA冀顺霞BI SIYAN毕思言WANG XIAODI王晓迪TANG YANHONG唐艳红LIU WANXUE刘万学ZHANG GUIFEN张桂芬WAN FANGHAO万方浩,北京法信智言知识产权代理事务所(特殊普通合伙) 11737,(EN) Application of CRISPR/cas9 system in obtaining tomato leaf miner kynurenine 3-hydroxylase mutant(ZH) CRISPR/cas9系统在获得番茄潜叶蛾犬尿氨酸3-羟化酶突变型方面的应用,,"(EN) The invention relates to the technical field of agricultural biology, in particular to application of a CRISPR/cas9 system in the aspect of obtaining a tomato leaf miner kynurenine 3-hydroxylase mutant. The invention provides the application of the kynurenine 3-hydroxylase gene cinnabar of the tomato leaf miner, and further provides the application of the kynurenine 3-hydroxylase gene cinnabar. The CRISPR/Cas9 induces the target gene mutation of the tomato leaf miner, and the result shows that after the CRISPR/Cas9 induces the target gene mutation, the color of the eyes of the tomato leaf miner becomes red or brown, which indicates that the cinnabar gene plays a key role in the biosynthesis of the ophthalmicin of the tomato leaf miner.(ZH) 本发明涉及农业生物技术领域，具体涉及CRISPR/cas9系统在获得番茄潜叶蛾犬尿氨酸3‑羟化酶突变型方面的应用。本发明提供了上述番茄潜叶蛾犬尿氨酸3‑羟化酶基因cinnabar的应用。对番茄潜叶蛾蛾靶基因突变，结果显示，CRISPR/Cas9诱导靶基因突变后，番茄潜叶蛾眼睛颜色变为红色或棕褐色，说明cinnabar基因在番茄潜叶蛾的眼黄素生物合成中起关键作用。",114480314,17.11.2023,"C12N 9/0073
					






C12N 15/1137
					






C12N 9/22
					






C12N 15/8509
					






C12Y 114/13009
					






C12N 2310/20
					






View more classifications
							






C12N 9/0073
					






C12N 15/1137
					






C12N 9/22
					






C12N 15/8509
					






C12Y 114/13009
					






C12N 2310/20
					






A01K 2207/15
					






A01K 2217/075
					






A01K 2227/706
					






A01K 67/68
					






Y02A 50/30
					






View less classifications",,,
CN237488249,201710604761,China,24.07.2017,109295024,01.02.2019,B,"C12N 9/10
					






C12N 15/54
					






C12N 9/22
					








C12N 9/10
					






C12N 15/54
					






C12N 9/22
					






View less classifications",PEKING UNIVERSITY北京大学,LI YI李毅ZHAO SHANSHAN赵珊珊HONG WEI洪薇WEI CHUNHONG魏春红,北京卓恒知识产权代理事务所(特殊普通合伙) 11394北京卓恒知识产权代理事务所(特殊普通合伙) 11394,(EN) Application of reducing expression of OsSAMS1 protein and encoding gene thereof in improving plant resistance to rice dwarf virus(ZH) 降低OsSAMS1蛋白及其编码基因表达在提高植物对水稻矮缩病毒抗性中的应用,,"(EN) The invention provides application of reducing expression of OsSAMS1 protein and an encoding gene thereof in improving plant resistance to rice dwarf virus. The amino acid sequence of the protein OsSAMS1 is a sequence 2 in a sequence table. The experiments prove that RDV coat protein Pns11 can interact with the rice OsSAMS1 protein, so that the OsSAMS1 enzyme activity is increased, the OsSAMS1 protein excessively-accumulated rice is more susceptible to diseases, and the transgenic rice with the OsSAMS1 eliminated by a CRISPR/Cas9 pathway has enhanced resistance to the RDV.(ZH) 本发明提供了降低OsSAMS1蛋白及其编码基因表达在提高植物对水稻矮缩病毒抗性中的应用。所述蛋白OsSAMS1的氨基酸序列为序列表中的序列2。本发明的实验证明，本发明发现RDV外壳蛋白Pns11能够与水稻OsSAMS1蛋白相互作用，使得OsSAMS1酶活性升高，OsSAMS1蛋白过量积累的水稻更容易感病，而通过CRISPR/Cas9途径将OsSAMS1敲除的转基水稻对RDV的抗性增强。",109295024,08.02.2022,"C12N 9/1085
					






C12N 9/22
					






C12N 15/8213
					






C12N 15/8283
					






C12Y 205/01006
					








C12N 9/1085
					






C12N 9/22
					






C12N 15/8213
					






C12N 15/8283
					






C12Y 205/01006
					






View less classifications",,,
CN412705041,202310859103,China,13.07.2023,116904503,20.10.2023,A,"C12N 15/84
					






C07K 14/415
					






C12N 15/29
					






C12N 1/21
					






A01H 5/00
					






A01H 6/46
					






View more classifications
							






C12N 15/84
					






C07K 14/415
					






C12N 15/29
					






C12N 1/21
					






A01H 5/00
					






A01H 6/46
					






C12R 1/01
					






View less classifications",HUAZHONG AGRICULTURAL UNIVERSITY华中农业大学,XIONG LIZHONG熊立仲YAO YILONG姚义龙,武汉宇晨专利事务所(普通合伙) 42001,(EN) Application of RRA3 gene in controlling rice regeneration capacity(ZH) RRA3基因在控制水稻再生力中的应用,,"(EN) The invention relates to the field of plant genetic engineering, and discloses application of an RRA3 gene in control of rice regeneration capacity, and a protein sequence coded by the RRA3 gene is shown as SEQ ID NO.2. The technology comprises the following steps: separating, cloning and transforming a target fragment, editing a rice genome in an agrobacterium infection manner, carrying out phenotype identification on a plant material obtained by transformation, and finding that an RRA3 mutant presents a phenotype for improving regeneration capacity after mutation is carried out on the gene through a CRISPR knockout technology. Field experiments prove that the gene has the function of regulating and controlling the rice regeneration capacity.(ZH) 本发明涉及植物基因工程领域，公开了RRA3基因在控制水稻再生力中的应用，所述的RRA3基因编码的蛋白质序列为SEQ ID NO.2所示。本技术包括目的片段的分离、克隆和转化，以及通过农杆菌侵染的方式对水稻基因组进行编辑，再将转化得到的植株材料进行表型鉴定，通过CRISPR敲除技术对该基因进行突变后发现RRA3突变体呈现提高再生力的表型，通过大田试验证实了该基因在调控水稻再生力方面的功能。",,,"C12N 15/8261
					






C07K 14/415
					






Y02A 40/146
					








C12N 15/8261
					






C07K 14/415
					






Y02A 40/146
					






View less classifications",,,
CN405759583,202310447472,China,24.04.2023,116555284,08.08.2023,B,"C12N 15/29
					






C07K 14/415
					






C12N 15/84
					






C12N 15/113
					






A01H 5/00
					






A01H 6/54
					








C12N 15/29
					






C07K 14/415
					






C12N 15/84
					






C12N 15/113
					






A01H 5/00
					






A01H 6/54
					






View less classifications",NANJING AGRICULTURAL UNIVERSITY南京农业大学,XU DONGQING许冬清SONG ZHAOQING宋昭庆LIN HUAN林欢FANG ZHENG方正,南京天华专利代理有限责任公司 32218南京天华专利代理有限责任公司 32218,(EN) Application of GmBBX4 gene in regulation and control of synthesis of soybean isoflavone(ZH) GmBBX4基因在调控大豆异黄酮合成中的应用,,"(EN) The invention discloses an application of a GmBBX4 gene in regulation and control of synthesis of soybean isoflavone. Wherein the nucleotide sequence of the soybean GmBBX4 gene is as shown in SEQ ID NO. 1 in a sequence table; the amino acid sequence of the protein coded by the soybean GmBBX4 gene is as shown in SEQ ID NO. 2 in the sequence table. According to the present invention, the GmBBX4 gene is subjected to the CRISPR-Cas9 gene editing technology to create the mutant and the overexpression transgenic soybean strain, such that the secondary metabolite content in the GmBBX4 gene editing mutant soybean is significantly improved; such as genistin, daidzein, malonyl genistin, malonyl daidzein and malonyl daidzein, so that the quality of soybeans is improved. The invention finds that the content of secondary metabolites in the soybean overexpressed by the GmBBX4 gene is obviously reduced, so that the function deletion of the GmBBX4 gene in the plant is an effective way for improving the plant quality, and the GmBBX4 gene has important production and theoretical research significance.(ZH) 本发明公开了GmBBX4基因在调控大豆异黄酮合成中的应用。其中GmBBX4基因的核苷酸序列如序列表中SEQ ID NO.1所示；GmBBX4基因编码的蛋白的氨基酸序列如序列表中SEQ ID NO.2所示。本发明通过对GmBBX4基因利用CRISPR‑Cas9基因编辑技术创制突变体和创制过量表达转基因大豆株系，发现GmBBX4基因编辑突变体大豆中的次生代谢产物含量显著提高，例如染料木苷、黄豆黄苷、丙二酰基染料木苷、丙二酰基黄豆黄苷和丙二酰基大豆苷进而提升大豆的品质。因此，在植物中进行GmBBX4基因的功能缺失是改进植物品质的有效方式，具有重要的生产和理论研究意义。",116555284,29.12.2023,"C07K 14/415
					






C12N 15/8243
					






C12N 15/113
					






C12N 2310/20
					








C07K 14/415
					






C12N 15/8243
					






C12N 15/113
					






C12N 2310/20
					






View less classifications",,,
CN376474760,202110299393,China,19.03.2021,115125252,30.09.2022,A,"C12N 15/29
					






C12N 15/113
					






C12N 15/84
					






C12N 15/55
					






A01H 5/00
					






A01H 5/04
					






View more classifications
							






C12N 15/29
					






C12N 15/113
					






C12N 15/84
					






C12N 15/55
					






A01H 5/00
					






A01H 5/04
					






A01H 5/12
					






A01H 6/34
					






View less classifications",NANJING AGRICULTURAL UNIVERSITY南京农业大学,LI JI李季CHEN JINGFENG陈劲枫WU RUOTONG伍若彤,,(EN) Application and method of CsSH1 gene in improving spindling resistance of cucumbers in seedling stage(ZH) CsSH1基因在提高黄瓜苗期耐徒长中的应用和方法,,"(EN) The invention relates to an application of a CsSH1 gene in improving the spindling resistance of cucumbers in the seedling stage, the CsSH1 gene is edited through a CRISPR/Cas9 system, and the function of the CsSH1 gene is inactivated to improve the spindling resistance of the cucumbers in the seedling stage. The method has the beneficial effects that (1) a spindling-resistant cucumber plant is obtained by utilizing a gene editing technology, so that the method is more economical and effective than a traditional breeding method, is a good method for creating a resistant material, and greatly shortens the breeding period; and (2) a spindling-resistant cucumber gene editing plant is provided, and a new breeding material is provided for breeding a spindling-resistant cucumber hybrid in the seedling stage.(ZH) 本发明涉及CsSH1基因在提高黄瓜苗期耐徒长中的应用，通过CRISPR/Cas9系统编辑CsSH1基因，使CsSH1基因功能失活来提高黄瓜苗期的耐徒长性。本发明的有益效果在于：(1)利用基因编辑技术获得耐徒长的黄瓜植株，较传统的育种方法更经济、有效，是一种创建抗性材料的好方法，大大缩短了育种年限；(2)提供了耐徒长的黄瓜基因编辑植株，为选育苗期耐徒长黄瓜杂交种提供了新的育种材料。",,,"C07K 14/415
					






C12N 15/8218
					






C12N 15/8261
					






C12N 9/22
					








C07K 14/415
					






C12N 15/8218
					






C12N 15/8261
					






C12N 9/22
					






View less classifications",,,
CN428100325,202311833786,China,28.12.2023,117866978,12.04.2024,A,"C12N 15/29
					






C07K 14/415
					






C12N 15/82
					






A01H 5/00
					






A01H 6/20
					








C12N 15/29
					






C07K 14/415
					






C12N 15/82
					






A01H 5/00
					






A01H 6/20
					






View less classifications",HANGZHOU NORMAL UNIVERSITY杭州师范大学,LIU XUNYAN刘训言SHA TONGYUN沙彤芸TENG YIBO滕一波LI XIAOFEI黎小飞QIAO WENGUANG乔文广ZHAI YU翟煜,杭州君度专利代理事务所(特殊普通合伙) 33240,(EN) Method for creating turnip mosaic virus disease resistant brassica napus new germplasm through gene editing technology and application(ZH) 一种通过基因编辑技术创制抗芜菁花叶病毒病甘蓝型油菜新种质的方法及应用,,"(EN) The invention discloses a method for creating a novel brassica napus germplasm resistant to turnip mosaic virus through a gene editing technology and application, and relates to the field of plant molecular biology and gene engineering. According to the invention, gene editing is carried out on an exon region of a BneIF2Bbeta gene through a CRISPR-Cas9 technology, and the incomplete conservative property of a DBS endogenous repair mechanism of an organism is utilized, so that the DNA sequence is subjected to frameshift mutation, protein translation is terminated in advance, and a function deletion type material is obtained. The resistance of the material to TuMV is obviously enhanced, and other important horticultural characters are not obviously changed. The new germplasm has great application value in fundamental research and population improvement of a plant anti-TuMV molecular mechanism and breeding work of new germplasm creation.(ZH) 本发明公开一种通过基因编辑技术创制抗芜菁花叶病毒病甘蓝型油菜新种质的方法及应用，涉及植物分子生物学和基因工程领域。本发明通过CRISPR‑Cas9技术对BneIF2Bβ基因外显子区域进行基因编辑，利用生物自身DBS内源修复机制的不完全保守性，造成其DNA序列移码突变，导致蛋白翻译提前终止，获得功能缺失型材料。该材料对TuMV的抗性显著增强，而其他重要园艺性状无明显改变。该新种质在植物抗TuMV分子机制的基础研究和群体改良、新种质创制的育种工作中均有极大应用价值。",,,"C07K 14/415
					






C12N 15/8216
					






C12N 15/8283
					






Y02A 50/30
					








C07K 14/415
					






C12N 15/8216
					






C12N 15/8283
					






Y02A 50/30
					






View less classifications",,,
CN439190999,202310224344.X,China,09.03.2023,118620046,10.09.2024,A,"C07K 14/415
					






C12N 15/29
					






C12N 15/84
					






A01H 5/06
					






A01H 5/10
					






A01H 5/00
					






View more classifications
							






C07K 14/415
					






C12N 15/29
					






C12N 15/84
					






A01H 5/06
					






A01H 5/10
					






A01H 5/00
					






A01H 6/46
					






View less classifications",NANJING UNIVERSITY南京大学,"SUN BO孙博AMANGULI, HAVAL阿曼古力•海瓦尔CHEN WEI陈炜WANG ZIJING汪梓静WANG JINGYI王静怡",,(EN) Gene for regulating drought tolerance of sorghum and application thereof(ZH) 一个调控高粱耐旱的基因及其应用,,"(EN) The invention discloses a gene for regulating drought tolerance of sorghum and application of the gene, and belongs to the field of plant genetic engineering. The cDNA (complementary deoxyribonucleic acid) sequence of the SbWRKY50 (Sobic.003G037400.1) is Seq ID (identity) No. 1, and the amino acid sequence coded by the SbWRKY50 (Sobic.003G037400.1) is Seq ID No. 2. The gene comes from sorghum, is an ethylene pathway gene, and regulates lateral root formation. The gene is knocked out through a CRISPR/Cas9 technology, the lateral root length of sorghum is remarkably shortened, and the sorghum wilt in advance under drought stress. Through overexpression of the gene, lateral roots of sorghum are increased, the yield of a single plant is increased, and the drought tolerance of sorghum is remarkably improved under drought stress. Therefore, the SbWRKY50 is a drought-resistant gene and is expected to be used for genetic engineering breeding.(ZH) 本发明公开了一个调控高粱耐旱的基因及其应用，属于植物基因工程领域。SbWRKY50(Sobic.003G037400.1)的cDNA序列为Seq ID No.1，其编码的氨基酸序列为Seq ID No.2。该基因来自于高粱，为乙烯通路基因，调控侧根形成。通过CRISPR/Cas9技术敲除该基因，高粱侧根长度显著缩短，在干旱胁迫下，高粱提前萎蔫。过表达该基因，高粱侧根增多，单株产量增加，在干旱胁迫下，高粱耐旱能力显著提高。因此，SbWRKY50是一个耐旱基因，可望用于基因工程育种。",,,"C07K 14/415
					






C12N 15/8273
					






C12N 15/8261
					






C12N 15/8218
					






C12N 15/8205
					








C07K 14/415
					






C12N 15/8273
					






C12N 15/8261
					






C12N 15/8218
					






C12N 15/8205
					






View less classifications",,,
US427161082,18367282,United States of America,12.09.2023,20240117375,11.04.2024,A1,"C12N 15/82
					






C12N 9/22
					






C12N 15/11
					








C12N 15/82
					






C12N 9/22
					






C12N 15/11
					






View less classifications",Board of Regents of the Nevada System of Higher Education on Behalf of the University of Nevada,Melinda Yerka,,(EN) GENETICALLY MODIFIED SORGHUM AND METHODS OF GENETICALLY ENGINEERING SORGHUM TO CONTROL CROSS-INCOMPATIBILITY,,"(EN) 
The present disclosure provides genetically edited or modified plants of the genus Sorghum and methods of producing genetically edited or modified plants of the genus Sorghum using, e.g., a CRISPR/Cas9 gene editing tool. In some embodiments, the genetic modifications are directed to genes of the Inhibition of Alien Pollen (IAP) locus to modulate cross-compatibility of the plants with other species of Sorghum.",,,"C12N 9/22
					






C12N 15/8287
					






C12N 15/111
					






C12N 15/8213
					






C12N 2310/20
					






C12N 2800/80
					








C12N 9/22
					






C12N 15/8287
					






C12N 15/111
					






C12N 15/8213
					






C12N 2310/20
					






C12N 2800/80
					






View less classifications",,,
CN321725540,202011444976,China,08.12.2020,112553246,26.03.2021,A,"C12N 15/84
					






C12N 9/22
					






C12N 15/113
					






C12N 5/10
					






A01H 5/00
					






A01H 6/46
					








C12N 15/84
					






C12N 9/22
					






C12N 15/113
					






C12N 5/10
					






A01H 5/00
					






A01H 6/46
					






View less classifications","RICE RESEARCH INSTITUTE, ANHUI ACADEMY OF AGRICULTURAL SCIENCES安徽省农业科学院水稻研究所",LI JUAN李娟XU RONGFANG许蓉芳QIN RUIYING秦瑞英LIU XIAOSHUANG刘小双SHAN DIAOFENG单调风WEI PENGCHENG魏鹏程,北京律谱知识产权代理事务所(普通合伙) 11457,(EN) Efficient genome editing vector based on CRISPR-SaCas9 system and application of efficient genome editing vector(ZH) 一种基于CRISPR-SaCas9系统的高效基因组编辑载体及其应用,,"(EN) The invention provides an efficient genome editing vector based on a CRISPR-SaCas9 system and application of the efficient genome editing vector, and belongs to the field of plant genetic engineering.The invention also provides a method for introducing the efficient genome editing vector into rice cells. The efficient genome editing vector comprises a first expression cassette and an optional second expression cassette, wherein the first expression cassette is an sgRNA expression cassette, and the second expression cassette is an SaCas9-NLS fusion protein expression cassette. By utilizing thegene editing vector disclosed by the invention, gene mutation can be simply, conveniently and efficiently carried out at a predetermined rice genome site.(ZH) 本发明提供了一种基于CRISPR‑SaCas9系统的高效基因组编辑载体及其应用，属于植物基因工程领域。本发明还提供了将其导入水稻细胞的方法。本发明的高效基因组编辑载体包括第一表达盒和任选的第二表达盒，所述的第一表达盒为sgRNA表达盒，第二表达盒为SaCas9‑NLS融合蛋白表达盒。利用本发明的基因编辑载体，可以在预定的水稻基因组位点，简便而高效地进行基因突变。",,,"C12N 15/8218
					






C12N 9/22
					






C07K 2319/09
					








C12N 15/8218
					






C12N 9/22
					






C07K 2319/09
					






View less classifications",,,
CN340392615,202110924679,China,12.08.2021,113528633,22.10.2021,B,"C12Q 1/6869
					








C12Q 1/6869
					






View less classifications","HUBEI BIORUN SYNTHETIC BIOLOGICAL TECHNOLOGY CO., LTD.湖北伯远合成生物科技有限公司",WU LEI吴磊,武汉天领众智专利代理事务所(普通合伙) 42300,(EN) Method for rapidly analyzing construction condition of CRISPR/Cas9 gene editing vector and application(ZH) 一种快速分析CRISPR/Cas9基因编辑载体构建情况的方法及应用,,"(EN) The invention discloses a method for rapidly analyzing the construction condition of a CRISPR/Cas9 gene editing vector, which comprises the following steps: S1, designing a vector universal primer based on a target interval, performing amplifying, constructing a library, and carrying out high-throughput sequencing to obtain sequencing data; S2, performing quality control on the sequencing data obtained in the step S1; S3, splicing reads at two ends of the quality-controlled data obtained in the step S2 to obtain long sequence data; and S4, analyzing the long sequence data obtained in the step S3 according to the characteristics that the carrier sequences before and after the target interval are known and are the same, then extracting the sequence of the target interval, and carrying out statistical analysis, so as to obtain the construction condition of the target. The method is rapid, accurate and low in cost, multi-sample mixed sequencing can be achieved, thousands of gene editing vectors can be identified, the analysis requirement can be met only through the data size of 1G, and therefore the method has good application prospects in the application field of plant, animal or microorganism vector construction.(ZH) 本发明公开了一种快速分析CRISPR/Cas9基因编辑载体构建情况的方法，包括如下步骤：S1、基于靶标区间设计载体通用引物，扩增，构建文库，送高通量测序，得到测序数据；S2、对步骤S1中得到的测序数据进行质控；S3、对步骤S2中得到的质控后的数据进行两端reads的拼接，获得长序列数据；S4、根据靶标区间前后的载体序列是已知、并且相同的特点，对步骤S3中获得的长序列数据进行分析，然后将靶标区间序列提取出来，进行统计分析，从而可以获得靶标的构建情况；该方法快速精准、成本低廉，可以多样品混合测序，鉴定成千上万个基因编辑载体，只需要1G的数据量即可以满足分析需求，因此，在植物、动物或微生物载体构建中的应用领域具有良好的应用前景。",113528633,11.06.2024,"C12Q 1/6869
					








C12Q 1/6869
					






View less classifications",,,
CN411745453,202310575551,China,22.05.2023,116875628,13.10.2023,A,"C12N 15/82
					






C12N 15/113
					






C12N 15/55
					






A01H 5/10
					






A01H 6/78
					








C12N 15/82
					






C12N 15/113
					






C12N 15/55
					






A01H 5/10
					






A01H 6/78
					






View less classifications",GANNAN NORMAL UNIVERSITY赣南师范大学,DAI WENSHAN戴文珊ZHANG DI张迪WANG MIN王敏,北京高沃律师事务所 11569,(EN) SgRNA and CRISPR/Cas9 vector for targeted knockout of CsWRKY42 gene and application of sgRNA and CRISPR/Cas9 vector(ZH) 一种靶向敲除CsWRKY42基因的sgRNA、CRISPR/Cas9载体及应用,,"(EN) The invention belongs to the technical field of plant genetic engineering, and relates to sgRNA and CRISPR/Cas9 vectors for targeted knockout of a CsWRKY42 gene as well as a method and application of the sgRNA and CRISPR/Cas9 vectors. The invention provides an application of a CsWRKY42 gene in regulation and control of a citrus phloem structure. The thickness of the phloem of the citrus can be narrowed through targeted knockout and knockout of the CsWRKY42 gene or reduction of expression of the CsWRKY42 gene.(ZH) 本发明属于植物基因工程技术领域，涉及一种靶向敲除CsWRKY42基因的sgRNA、CRISPR/Cas9载体及方法和应用。本发明提供了CsWRKY42基因在调控柑橘韧皮部结构中的应用。靶向敲除敲减CsWRKY42基因或降低CsWRKY42基因的表达能够使柑橘韧皮部厚度变窄。",,,"C12N 15/8205
					






C12N 15/8218
					






C12N 15/8261
					






C12N 9/22
					






C12N 15/113
					






C12N 2310/20
					








C12N 15/8205
					






C12N 15/8218
					






C12N 15/8261
					






C12N 9/22
					






C12N 15/113
					






C12N 2310/20
					






View less classifications",,,
CN441986191,202411126858,China,16.08.2024,118792348,18.10.2024,A,"C12N 15/82
					






C07K 14/415
					






C12N 15/29
					






A01H 6/46
					






A01H 5/00
					








C12N 15/82
					






C07K 14/415
					






C12N 15/29
					






A01H 6/46
					






A01H 5/00
					






View less classifications","HUAZHONG AGRICULTURAL UNIVERSITY华中农业大学HUBEI DAODAO HONGYE BIOTECHNOLOGY CO., LTD.湖北稻道鸿业生物科技有限公司HUBEI HONGSHAN LABORATORY湖北洪山实验室HUBEI SHUANGSHUI SHUANGLV BIOTECHNOLOGY CO., LTD.湖北双水双绿生物科技有限公司",XIONG HAIYAN熊海燕ZHANG SHUO张硕XIONG LIZHONG熊立仲LAI XUELEI赖雪雷,武汉宇晨专利事务所(普通合伙) 42001,(EN) Application of OsDOF23 gene in controlling drought resistance of rice(ZH) OsDOF23基因在控制水稻抗旱性中的应用,,"(EN) The invention belongs to the technical field of plant genetic engineering, and discloses application of an OsDOF23 gene in controlling drought resistance of rice. The OsDOF23 gene capable of improving the drought tolerance of rice is obtained through separation, cloning and functional verification, the nucleotide sequence of the OsDOF23 gene is as shown in SEQ ID NO.1, and the sequence of protein coded by the gene is as shown in SEQ ID NO.2. The rice drought response control gene OsDOF23 is cloned, CRISPR mutant phenotype identification is carried out on candidate genes, drought stress phenotype identification in the seedling stage and the adult-plant stage shows that when a gene segment is deleted, the drought stress resistance of rice is reduced, and the function and the application way of the gene are proved.(ZH) 本发明属于植物基因工程技术领域，公开了OsDOF23基因在控制水稻抗旱性中的应用。本发明通过分离、克隆和通过功能验证得到一种能够提高水稻对干旱耐受能力的OsDOF23基因，所述OsDOF23基因的核苷酸序列如SEQ ID NO.1所示，该基因编码的蛋白质序列如SEQ ID.2所示。本发明克隆到控制水稻干旱应答基因OsDOF23，并对候选基因进行CRISPR突变体表型鉴定，通过苗期及成株期干旱胁迫表型鉴定表明，缺失该基因片段时，水稻耐干旱胁迫能力降低，证实了该基因的功能及应用途径。",,,"C12N 15/8273
					






C12N 15/8218
					






C07K 14/415
					








C12N 15/8273
					






C12N 15/8218
					






C07K 14/415
					






View less classifications",,,
CN364577080,202210210127,China,04.03.2022,114540370,27.05.2022,B,"C12N 15/29
					






C12N 15/82
					






C07K 14/415
					






C12Q 1/6895
					






A01H 5/00
					






A01H 6/14
					








C12N 15/29
					






C12N 15/82
					






C07K 14/415
					






C12Q 1/6895
					






A01H 5/00
					






A01H 6/14
					






View less classifications",AGRICULTURAL UNIVERSITY IN CHINA华中农业大学,KUANG HANHUI匡汉晖AN GUANGHUI安光辉CHEN JIONGJIONG陈炯炯YU CHANGCHUN余长春YAN CHENGHUAN严承欢,武汉宇晨专利事务所(普通合伙) 42001,(EN) Application of lettuce LsSAW1 gene in controlling heading character of lettuce(ZH) 莴苣LsSAW1基因在控制莴苣结球性状中的应用,,"(EN) The invention belongs to the technical field of plant engineering, and discloses an application of a lettuce LsSAW1 gene in controlling the heading character of lettuce, and the gene is shown as SEQ ID NO.1. The result of knocking out the LsSAW1 gene in the non-heading lettuce by virtue of a CRISPR-Cas9 technology shows that the LsSAW1 gene with lost functions can enable the non-heading lettuce to be heading. The LsSAW1 gene is transformed into the heading lettuce through agrobacterium tumefaciens mediation, and the result shows that the LsSAW1 can convert the heading lettuce into the non-heading lettuce. Cloning of the LsSAW1 gene opens up a new direction for research on plant leaf development and leaf dorsal ventral property, and meanwhile gene resources and theoretical guidance are provided for variety breeding of heading vegetables.(ZH) 本发明属于植物工程技术领域，公开了莴苣LsSAW1基因在控制莴苣结球性状中的应用，所述基因为SEQ ID NO.1所示。通过CRISPR‑Cas9技术在不结球莴苣中敲除LsSAW1基因的结果表明，丢失功能的LsSAW1基因能够使不结球莴苣变为结球。通过农杆菌介导转化LsSAW1基因到结球莴苣，其结果表明，LsSAW1能够使结球莴苣转变为不结球莴苣。LsSAW1基因的克隆为植物叶发育和叶背腹性研究开辟了新的方向，同时也为结球蔬菜的品种选育提供了基因资源和理论指导。",114540370,12.12.2023,"C07K 14/415
					






C12N 15/8218
					






C12N 15/8261
					






C12Q 1/6895
					






C12Q 2600/13
					






Y02A 40/146
					








C07K 14/415
					






C12N 15/8218
					






C12N 15/8261
					






C12Q 1/6895
					






C12Q 2600/13
					






Y02A 40/146
					






View less classifications",,,
CN297065498,202010083042,China,07.02.2020,111235177,05.06.2020,B,"C12N 15/82
					






A01H 5/00
					






A01H 6/00
					






C12N 15/11
					






C12N 15/113
					








C12N 15/82
					






A01H 5/00
					






A01H 6/00
					






C12N 15/11
					






C12N 15/113
					






View less classifications",CHINESE ACADEMY OF FORESTRY中国林业科学研究院,ZENG QINGYIN曾庆银LIU YANJING刘妍婧JIANG PENGFEI姜鹏飞WANG XIAOXIA王晓霞HAN XUEMIN韩学敏,北京高沃律师事务所 11569,(EN) CRISPR (Clustered Regularly Interspaced Short Palindromic Repeats)/ Cas9 system knockout populus alba PDS (phytoene desaturase) gene and application thereof(ZH) CRISPR/Cas9系统敲除银白杨PDS基因及其应用,,"(EN) The invention relates to a CRISPR (Clustered Regularly Interspaced Short Palindromic Repeats)/ Cas9 system knockout populus alba PDS (phytoene desaturase) gene and application thereof, and belongs tothe technical field of molecular breeding. The nucleotide sequence of the populus alba PDS gene is disclosed in SEQ ID NO.1. A target site disclosed by the invention can realize the fixed point editing of the PDS gene, and the nucleotide sequence of the target site is disclosed in SEQ ID NO.2. The invention provides a new scheme for researching the gene function of a woody mode plant, a native tree variety populus alba molecular breeding platform in China is established, and technical support is provided for directionally culturing a forest new variety which adapts to Chinese economic development requirements.(ZH) 本发明涉及CRISPR/Cas9系统敲除银白杨PDS基因及其应用，属于分子育种技术领域。本发明所述银白杨八氢番茄红素脱氢酶(PDS)基因的核苷酸序列如SEQ ID NO.1所示。本发明所述靶位点能够实现对PDS基因的定点编辑，靶位点的核苷酸序列如SEQ ID NO.2所示。本发明为木本模式植物的基因功能研究提供了新的方案，建立了我国本土树种银白杨分子育种平台，为定向培育适应我国经济发展需求的林木新品种提供了技术支持。",111235177,29.03.2022,"C12N 15/8213
					






C12N 15/113
					






C12N 2310/00
					








C12N 15/8213
					






C12N 15/113
					






C12N 2310/00
					






View less classifications",,,
CN340397317,202010321784,China,22.04.2020,113528514,22.10.2021,B,"C12N 15/113
					






C12N 15/79
					






C12N 15/65
					






C12N 15/90
					






C12N 15/81
					








C12N 15/113
					






C12N 15/79
					






C12N 15/65
					






C12N 15/90
					






C12N 15/81
					






View less classifications",CAS CENTER FOR EXCELLENCE IN MOLECULAR PLANT SCIENCES中国科学院分子植物科学卓越创新中心,LI XUAN李轩ZHANG NIUBING张牛冰JING XINYUN荆新云,上海专利商标事务所有限公司 31100,(EN) Technology for intervening and blocking virus reverse transcription transposition based on CRISPR-Cas12a(ZH) 基于CRISPR-Cas12a干预阻断病毒逆转录转座的技术,,"(EN) The invention discloses a technology for intervening and blocking reverse transcription transposition of a reverse transcription organism based on CRISPR-Cas12a, a system for blocking reverse transcription transposition of the reverse transcription organism in eukaryotic cells and application of the system. The invention also discloses a test model and a test method for effectively detecting the transposition condition of the reverse transcription organism in cells, and research and demonstration are carried out by using a Tf1 retrovirus model system. According to the technical scheme, the Cas12a is used for inhibiting the reverse transcription transposition for the first time, and the efficiency of blocking the reverse transcription transposition is very high.(ZH) 本发明揭示了一种基于CRISPR‑Cas12a干预阻断逆转录生物体的逆转录转座的技术，以及用于阻断逆转录生物体在真核细胞内逆转录转座的体系及其应用。本发明还揭示了用于有效检测逆转录生物体在细胞内转座情况的测试模型及测试方法，以Tf1这一逆转录病毒的模型体系进行了研究和论证。本发明的技术方案不仅首次利用Cas12a实现对逆转录转座的抑制，而且其阻断逆转录转座的效率非常高。",113528514,05.05.2023,"C12N 15/113
					






C12N 15/79
					






C12N 15/65
					






C12N 15/815
					






C12N 15/902
					






C12N 2310/20
					






View more classifications
							






C12N 15/113
					






C12N 15/79
					






C12N 15/65
					






C12N 15/815
					






C12N 15/902
					






C12N 2310/20
					






Y02A 50/30
					






View less classifications",,,
CN393834649,202210259345,China,16.03.2022,115747350,07.03.2023,A,"C12Q 1/689
					






C12Q 1/6844
					






C12Q 1/04
					






C12N 15/11
					






C12N 9/22
					








C12Q 1/689
					






C12Q 1/6844
					






C12Q 1/04
					






C12N 15/11
					






C12N 9/22
					






View less classifications","SHANGHAI CUSTOMS ANIMAL, PLANT AND FOOD INSPECTION AND QUARANTINE TECHNOLOGY CENTER上海海关动植物与食品检验检疫技术中心",YANG JIELIN杨捷琳SHEN JINLING申进玲XUE JUNXIN薛俊欣JIANG YUAN蒋原LI JIAN李健,上海领誉知识产权代理有限公司 31383,(EN) Kit for cronobacter detection and detection method(ZH) 一种用于克罗诺杆菌检测的试剂盒及检测方法,,"(EN) The invention discloses a kit for cronobacter detection and a detection method. The kit comprises a CRISPR/Cas12a primer, a crDNA sequence, a crRNA transcription reagent, a nucleic acid amplification reagent, a probe and a Cas12a enzyme. Wherein the CRISPR/Cas12a primer comprises a sequence as shown in SEQ ID No. 1 and a sequence as shown in SEQ ID No. 2, and the crDNA sequence comprises a sequence as shown in SEQ ID No. 3 and a sequence as shown in SEQ ID No. 4. The kit and the detection method provided by the invention have the advantages of rapidness, strong specificity, high sensitivity and the like on the detection of cronobacter, do not need special instruments, and have important application values in the fields of disease monitoring, clinical diagnosis, food safety monitoring and the like.(ZH) 本发明公开了一种用于克罗诺杆菌检测的试剂盒及检测方法，所述试剂盒CRISPR/Cas12a引物、crDNA序列、crRNA转录试剂、核酸扩增试剂、探针和Cas12a酶；其中，所述CRISPR/Cas12a引物包括如SEQ ID No.1和SEQ ID No.2所示的序列，所述crDNA序列包括如SEQ ID No.3和SEQ ID No.4所示的序列。本发明的试剂盒及其检测方法对于克罗诺杆菌的检测具有快速、特异性强和灵敏度高等优点、不需要特殊仪器,在疾病监测、临床诊断和食品安全监测等领域具有重要的应用价值。",,,"Y02A 50/30
					








Y02A 50/30
					






View less classifications",,,
CN353424329,202111568998,China,21.12.2021,114085846,25.02.2022,B,"C12N 15/29
					






C07K 14/415
					






C12N 15/82
					






A01H 5/12
					






A01H 6/46
					








C12N 15/29
					






C07K 14/415
					






C12N 15/82
					






A01H 5/12
					






A01H 6/46
					






View less classifications",SOUTH CHINA AGRICULTURAL UNIVERSITY华南农业大学,JIANG DAGANG姜大刚LI LIUYU李流裕,北京东方盛凡知识产权代理事务所(普通合伙) 11562,(EN) Application of rice OsNAC2 gene in regulation and control of included angle of rice leaves(ZH) 水稻OsNAC2基因在调控水稻叶片夹角中的应用,,"(EN) The invention discloses application of a rice OsNAC2 gene in regulation and control of an included angle of rice leaves, and belongs to the field of plant genetic engineering. The invention provides an application of OsNAC2 protein or a related biological material thereof in regulation and control of an included angle of rice leaves, wherein the OsNAC2 protein is a protein with an amino acid sequence of SEQ ID No.2, and the related biological material is a nucleic acid molecule capable of expressing the OsNAC2 protein, or an expression cassette, a recombinant vector, a recombinant bacterium or a transgenic cell line containing the nucleic acid molecule. According to the invention, OsNAC2 is applied to regulation of the leaf included angle of the rice for the first time, the leaf included angle of a plant can be remarkably reduced after the OsNAC2 is knocked out through a CRISPR/Cas9 technology, the regulation and control mechanism of the leaf included angle can be known easily, and a foundation is laid for development and improvement of ideal rice plant types.(ZH) 本发明公开了一种水稻OsNAC2基因在调控水稻叶片夹角中的应用，属于植物基因工程领域。本发明提供了OsNAC2蛋白或其相关生物材料在调控水稻叶片夹角中的应用，所述OsNAC2蛋白为氨基酸序列为SEQ ID No.2的蛋白质；所述相关生物材料为能够表达所述OsNAC2蛋白的核酸分子，或含有所述核酸分子的表达盒、重组载体、重组菌或转基因细胞系。本发明首次将OsNAC2应用到水稻的叶夹角调节，通过CRISPR/Cas9技术敲除OsNAC2后能使植株的叶夹角显著变小，有助于了解叶夹角的调控机理，为水稻理想株型的开发和改良奠定基础。",114085846,04.10.2022,"C07K 14/415
					






C12N 15/8261
					








C07K 14/415
					






C12N 15/8261
					






View less classifications",,,
US297156569,16620614,United States of America,07.06.2018,20200199605,25.06.2020,B2,"C12N 15/82
					






C12N 9/22
					








C12N 15/82
					






C12N 9/22
					






View less classifications",Vilmorin & Cie,John Lindbo,Cooley LLP,(EN) Compositions and methods for genome editing,,"(EN) 
The present disclosure provides compositions, methods, and systems for targeted plant genome editing. In some embodiments, the present disclosure provides recombinant self-replicating RNAs derived from a plant virus vector, such as those derived from Tobacco Mosaic Virus (TMV). In some embodiments, the recombinant self-replicating RNAs direct the expression of both a CRISPR endonuclease and a guide RNA capable of directing sequence-specific binding of the CRISPR endonuclease to a target DNA in the genome of plant cell.",11845942,19.12.2023,"C12N 9/22
					






C12N 15/8213
					






C12N 2310/20
					








C12N 9/22
					






C12N 15/8213
					






C12N 2310/20
					






View less classifications",,,"EP3635119

WO/2018/226972

IL271232"
CN413597033,202310963647,China,01.08.2023,116949089,27.10.2023,A,"C12N 15/82
					






C12N 15/29
					






A01H 5/00
					






A01H 5/02
					






A01H 6/46
					








C12N 15/82
					






C12N 15/29
					






A01H 5/00
					






A01H 5/02
					






A01H 6/46
					






View less classifications",GUANGZHOU ACADEMY OF AGRICULTURAL SCIENCES广州市农业科学研究院,XU ZHAN徐展CHEN WEIXIONG陈伟雄LI XIANGYANG李向阳,北京超凡宏宇知识产权代理有限公司 11463,(EN) Application of DGP1DGP1B gene in regulation and control of sensitivity of rice to red light(ZH) DGP1DGP1B基因在调控水稻对红光敏感性中的应用,,"(EN) The invention discloses an application of a DGP1/DGP1B gene in regulation and control of sensitivity of rice carbon metabolism to red light. The rice DGP1 and DGP1B genes are subjected to gene editing by using a CRISPR/Cas9 transgenic technology, and an obtained dgp1dgp1b double mutant plant can relieve the inhibition of a red light signal on photosynthetic carbon metabolism and yield. The flowering time of dgp1 and dgp1b is delayed under a normal illumination condition, but the saturated photosynthetic parameters and the yield of a single plant are improved. The dgp1dgp1b double mutant plant disclosed by the invention does not have the phenomena of leaf yellowing, reduction of photosynthetic parameters, reduction of yield and the like. Therefore, the rice DGP1 and DGP1B genes are modified, red light desensitization of photosynthetic carbon metabolism is achieved, and rice yield increase can be promoted under the normal illumination condition. The transformation mode of the mutant is suitable for any rice germplasm and has a wide application prospect.(ZH) 本发明公开了DGP1/DGP1B基因在调控水稻碳代谢对红光敏感性中的应用。利用CRISPR/Cas9转基因技术对水稻DGP1和DGP1B基因进行了基因编辑，获得的dgp1dgp1b双突变体植株可以解除红光信号对光合碳代谢及产量的抑制。在正常光照条件下dgp1dgp1b开花时间延迟，但饱和光合参数及单株产量都提高。本发明的dgp1dgp1b双突变体植株不会出现叶片黄化、光合参数降低、产量降低等现象。因此通过对水稻DGP1和DGP1B基因进行本发明的改造，不仅实现光合碳代谢的红光脱敏，还能在正常光照条件下促进水稻增产。该突变体的改造方式适用于任何水稻种质，具有广阔的应用前景。",,,"C12N 15/827
					






C12N 15/8261
					






C12N 15/8218
					






C12N 15/8269
					






C07K 14/415
					








C12N 15/827
					






C12N 15/8261
					






C12N 15/8218
					






C12N 15/8269
					






C07K 14/415
					






View less classifications",,,
IN211746396,6312/CHENP/2015,India,13.10.2015,6312/CHENP/2015,01.07.2016,A,"C12N 15/82
					






C12N 15/86
					






A01H 5/00
					








C12N 15/82
					






C12N 15/86
					






A01H 5/00
					






View less classifications",REGENTS OF THE UNIVERSITY OF MINNESOTA,VOYTAS Daniel F. ATKINS Paul BALTES Nicholas J.,,(EN) ENGINEERING PLANT GENOMES USING CRISPR/CAS SYSTEMS,61/790694 15.03.2013 US,(EN) Materials and methods for gene targeting using Clustered Regularly Interspersed Short Palindromic Repeats/CRISPR associated (CRISPR/Cas) systems are provided herein.,,,,,,"US20140273235

EP2970997

AU2014227831

BR112015022522

JP2016512048

WO/2014/144155

BRUS2014028445

US20150167000

MX2015011985

MX2020011620

CA2906747

JP2019205470

AU2020202823

US20210380983"
US344363889,17405577,United States of America,18.08.2021,20210380983,09.12.2021,A1,"C12N 15/113
					






C12N 15/82
					






C12N 9/16
					






C12N 15/52
					








C12N 15/113
					






C12N 15/82
					






C12N 9/16
					






C12N 15/52
					






View less classifications",Regents of the University of Minnesota,Daniel F. VoytasPaul AtkinsNicholas J. Baltes,,(EN) ENGINEERING PLANT GENOMES USING CRISPR/Cas SYSTEMS,,"(EN) 
Materials and methods for gene targeting using Clustered Regularly Interspersed Short Palindromic Repeats/CRISPR-associated (CRISPR/Cas) systems are provided herein.",,,"C12N 15/8203
					






C12N 15/1131
					






C12N 15/8205
					






C12N 15/8213
					






C12Y 301/21
					






C12N 15/52
					






View more classifications
							






C12N 15/8203
					






C12N 15/1131
					






C12N 15/8205
					






C12N 15/8213
					






C12Y 301/21
					






C12N 15/52
					






C12N 15/8207
					






C12N 2750/00043
					






C12N 9/16
					






View less classifications",,,"US20140273235

EP2970997

AU2014227831

BR112015022522

JP2016512048

WO/2014/144155

BRUS2014028445

US20150167000

MX2015011985

MX2020011620

CA2906747

IN6312/CHENP/2015

JP2019205470

AU2020202823"
CN396317308,202211578416,China,09.12.2022,115960855,14.04.2023,B,"C12N 9/10
					






C12N 15/54
					






C12N 15/84
					






A01H 5/08
					






A01H 6/82
					








C12N 9/10
					






C12N 15/54
					






C12N 15/84
					






A01H 5/08
					






A01H 6/82
					






View less classifications","SOUTH CHINA BOTANICAL GARDEN, CHINESE ACADEMY OF SCIENCES中国科学院华南植物园",DUAN XUEWU段学武YANG HAN-JI梁韩枝JIANG GUOXIANG蒋国祥LI ZHIWEI李志伟ZENG JING曾睛JIANG YUEMING蒋跃明,广州科粤专利商标代理有限公司 44001广州科粤专利商标代理有限公司 44001,(EN) Application of SlPRMT5 gene and protein thereof in regulation and control of tomato fruit maturation(ZH) SlPRMT5基因及其蛋白在调控番茄果实成熟中的应用,,"(EN) The invention discloses an application of an SlPRMT5 gene and a protein of the SlPRMT5 gene in regulation and control of tomato fruit maturity. The open reading frame DNA sequence is shown as SEQ ID No. 1, and the amino acid sequence of the protein coded by the open reading frame DNA sequence is shown as SEQ ID No. 2. The tomato SlPRMT5 gene is cloned from a tomato genome for the first time, and the function of the tomato SlPRMT5 gene is verified. The tomato SlPRMT5 gene disclosed by the invention is overexpressed in a tomato body by utilizing a plant transgenic vector, so that tomato SlPRMT5 overexpressed strains SlPRMT5-OE1 and SlPRMT5-OE10 are obtained. According to the invention, the SlPRMT5 gene is edited by using a CRISPR/Cas9 (clustered regularly interspaced short palindromic repeats/CRISPR associated protein 9) technology, so that a mutant slprmt5 of which the SlPRMT5 gene function is deleted in a tomato body is obtained. The result shows that compared with the wild type, the maturation time of the tomato fruit overexpressed by the SlPRMT5 gene is advanced, and along with higher ethylene release rate and carotenoid and lycopene content, the phenotype of the slprmt5 fruit is opposite to that of the wild type. Therefore, the tomato SlPRMT5 gene plays an important role in tomato fruit ripening, and has great economic effect, breeding application prospect and economic value.(ZH) 本发明公开了SlPRMT5基因及其蛋白在调控番茄果实成熟中的应用。本发明的开放阅读框DNA序列如SEQ ID No.1所示，其编码的蛋白质的氨基酸序列如SEQ ID No.2所示。本发明首次从番茄基因组中克隆到番茄SlPRMT5基因，并验证了其功能。利用植物转基因载体，将本发明番茄SlPRMT5基因过表达于番茄本体中，获得了番茄SlPRMT5过表达株系SlPRMT5‑OE1与SlPRMT5‑OE10。利用CRISPR/Cas9技术对SlPRMT5基因进行编辑，获得了在番茄本体内SlPRMT5基因功能缺失的突变体slprmt5。结果表明，与野生型相比，SlPRMT5基因过表达的番茄果实成熟时间提前，伴随着更高的乙烯释放速率、类胡萝卜素和番茄红素含量，而slprmt5果实的表型与之相反。可见，本发明番茄SlPRMT5基因在番茄果实成熟方面起着重要的作用，具有极大的经济作用育种应用前景和经济价值。",115960855,15.09.2023,,,,
MX175573184,2015011985,Mexico,09.09.2015,2015011985,07.04.2016,A,"C12N 15/82
					








C12N 15/82
					






View less classifications",REGENTS OF THE UNIVERSITY OF MINNESOTA,Daniel F. VOYTASPaul ATKINSNicholas J. BALTES,,(EN) ENGINEERING PLANT GENOMES USING CRISPR/CAS SYSTEMS.,"61/790,694 15.03.2013 US",(ES) En la presente invención se proporcionan los materiales y métodos para la identificación de genes usando sistemas de Palindromos Cortos Repetidos Aglomerados Regularmente Interespaciados/CRISPR-a sociados (CRISPR/Cas).,,,"C12N 15/8205
					






C12N 15/8213
					






C12N 2750/00043
					






C12N 15/8203
					






C12N 9/16
					






C12N 15/1131
					






View more classifications
							






C12N 15/8205
					






C12N 15/8213
					






C12N 2750/00043
					






C12N 15/8203
					






C12N 9/16
					






C12N 15/1131
					






C12N 15/52
					






C12N 15/8207
					






C12Y 301/21
					






View less classifications",,,"US20140273235

EP2970997

AU2014227831

BR112015022522

JP2016512048

WO/2014/144155

BRUS2014028445

US20150167000

MX2020011620

CA2906747

IN6312/CHENP/2015

JP2019205470

AU2020202823

US20210380983"
US107417207,14211712,United States of America,14.03.2014,20140273235,18.09.2014,A1,"C12N 15/82
					








C12N 15/82
					






View less classifications",Regents of the University of Minnesota,Voytas Daniel F.Atkins PaulBaltes Nicholas J.,,(EN) ENGINEERING PLANT GENOMES USING CRISPR/Cas SYSTEMS,,"(EN) 
Materials and methods for gene targeting using Clustered Regularly Interspersed Short Palindromic Repeats/CRISPR-associated (CRISPR/Cas) systems are provided herein.",,,"C12N 15/8203
					








C12N 15/8203
					






View less classifications",,,"EP2970997

AU2014227831

BR112015022522

JP2016512048

WO/2014/144155

BRUS2014028445

US20150167000

MX2015011985

MX2020011620

CA2906747

IN6312/CHENP/2015

JP2019205470

AU2020202823

US20210380983"
US137592146,14629859,United States of America,24.02.2015,20150167000,18.06.2015,A1,"C12N 15/113
					






C12N 15/52
					






C12N 9/16
					






C12N 15/82
					








C12N 15/113
					






C12N 15/52
					






C12N 9/16
					






C12N 15/82
					






View less classifications",Regents of the University of Minnesota,Daniel F. VoytasPaul AtkinsNicholas J. Baltes,,(EN) ENGINEERING PLANT GENOMES USING CRISPR/Cas SYSTEMS,,"(EN) 
Materials and methods for gene targeting using Clustered Regularly Interspersed Short Palindromic Repeats/CRISPR-associated (CRISPR/Cas) systems are provided herein.",,,"C12N 15/1131
					






C12N 15/8203
					






C12N 15/8205
					






C12N 15/8207
					






C12N 15/52
					






C12N 9/16
					






View more classifications
							






C12N 15/1131
					






C12N 15/8203
					






C12N 15/8205
					






C12N 15/8207
					






C12N 15/52
					






C12N 9/16
					






C12Y 301/21
					






View less classifications",,,"US20140273235

EP2970997

AU2014227831

BR112015022522

JP2016512048

WO/2014/144155

BRUS2014028445

MX2015011985

MX2020011620

CA2906747

IN6312/CHENP/2015

JP2019205470

AU2020202823

US20210380983"
AU181648586,2014227831,Australia,14.03.2014,2014227831,24.09.2015,B2,"C12N 15/82
					






A01H 5/00
					






C12N 15/86
					








C12N 15/82
					






A01H 5/00
					






C12N 15/86
					






View less classifications",Regents of the University of Minnesota,"Atkins, PaulBaltes, Nicholas J.Voytas, Daniel F.",Pizzeys Patent and Trade Mark Attorneys Pty Ltd,(EN) Engineering plant genomes using CRISPR/Cas systems,"61/790,694 15.03.2013 US",(EN) Materials and methods for gene targeting using Clustered Regularly Interspersed Short Palindromic Repeats/CRISPR-associated (CRISPR/Cas) systems are provided herein.,,,"C12N 15/8205
					






C12N 15/8213
					






C12N 2750/00043
					






C12N 15/8203
					






C12N 9/16
					






C12N 15/1131
					






View more classifications
							






C12N 15/8205
					






C12N 15/8213
					






C12N 2750/00043
					






C12N 15/8203
					






C12N 9/16
					






C12N 15/1131
					






C12N 15/52
					






C12N 15/8207
					






C12Y 301/21
					






View less classifications",,,"US20140273235

EP2970997

BR112015022522

JP2016512048

WO/2014/144155

BRUS2014028445

US20150167000

MX2015011985

MX2020011620

CA2906747

IN6312/CHENP/2015

JP2019205470

AU2020202823

US20210380983"
AU294794230,2020202823,Australia,29.04.2020,2020202823,14.05.2020,B2,"C12N 15/82
					






A01H 5/00
					






C12N 15/86
					








C12N 15/82
					






A01H 5/00
					






C12N 15/86
					






View less classifications",Regents of the University of Minnesota,"Atkins, PaulBaltes, Nicholas J.Voytas, Daniel F.",Pizzeys Patent and Trade Mark Attorneys Pty Ltd,(EN) Engineering plant genomes using CRISPR/Cas systems,"61/790,694 15.03.2013 US",(EN) Materials and methods for gene targeting using Clustered Regularly Interspersed Short Palindromic Repeats/CRISPR-associated (CRISPR/Cas) systems are provided herein.,,,"C12N 15/8205
					






C12N 15/8213
					






C12N 2750/00043
					






C12N 15/8203
					






C12N 9/16
					






C12N 15/1131
					






View more classifications
							






C12N 15/8205
					






C12N 15/8213
					






C12N 2750/00043
					






C12N 15/8203
					






C12N 9/16
					






C12N 15/1131
					






C12N 15/52
					






C12N 15/8207
					






C12Y 301/21
					






View less classifications",,,"US20140273235

EP2970997

AU2014227831

BR112015022522

JP2016512048

WO/2014/144155

BRUS2014028445

US20150167000

MX2015011985

MX2020011620

CA2906747

IN6312/CHENP/2015

JP2019205470

US20210380983"
CN206675929,201710734042,China,24.08.2017,107312795,03.11.2017,A,"C12N 15/82
					






C12N 15/113
					






A01H 5/00
					






A01H 4/00
					








C12N 15/82
					






C12N 15/113
					






A01H 5/00
					






A01H 4/00
					






View less classifications",ZHEJIANG ACADEMY OF AGRICULTURAL SCIENCES,CHENG YUANWAN HONGJIANZHOU GUOZHIYAO ZHUPINGWANG RONGQINGRUAN MEIYINGLI ZHIMIAOYE QINGJINGYANG YUEJIAN,,(EN) Gene editing method using CRISPR/Cas9 system to create pink fruit tomato(ZH) 运用CRISPR/Cas9系统创制粉色果实番茄的基因编辑方法,,"(EN) The invention relates to construction of a tomato transgenic material, and aims to provide a gene editing method using a CRISPR/Cas9 system to mutate a tomato SlMYB12 gene in order to transform red fruit tomato into pink fruit tomato. The method includes the following steps: designing an oligo primer corresponding to the gRNA target site of the SlMYB12 gene, and recombining and connecting an oligo dimer with a Cas9/gRNA vector; transforming Escherichia Coli competent cells, transforming a plasmid with a correct sequencing result into Agrobacterium tumefaciens, and mediating and transforming tomato calluses to obtain a transgenic plant in order to obtain a transgenic positive strain; and carrying out gene sequencing and phenotype observation to determine a pure mutant strain which is an SlMYB12 function completely lost tomato mutant for pink fruits. The method can effectively knock out the transcriptional translation of the SlMYB12 gene, and is an ideal gene editing system for successfully transforming the tomato red fruits into the pink fruits.(ZH) 本发明涉及番茄转基因材料的构建，旨在提供一种运用CRISPR/Cas9系统对番茄SlMYB12基因造成突变，将红色果实番茄转变为粉色果实番茄的基因编辑方法。包括：设计SlMYB12基因的gRNA靶位点对应oligo引物，重组连接oligo二聚体和Cas9/gRNA载体。然后转化大肠杆菌感受态细胞，将测序结果正确的质粒转化农杆菌，并介导转化番茄愈伤组织获得转基因植株，获得转基因阳性株系；经基因测序和表型观察确定的纯合突变株系，即为完全丧失SlMYB12功能，果实粉红色的番茄突变体。本发明能有效敲除阻断SlMYB12基因的转录翻译，是成功实现番茄红色果实向粉色果实转变的理想基因编辑体系。",,,"A01H 4/00
					






C12N 15/113
					






C12N 15/8213
					






C12N 2310/10
					








A01H 4/00
					






C12N 15/113
					






C12N 15/8213
					






C12N 2310/10
					






View less classifications",,,
CN314493475,202010987094,China,18.09.2020,112126652,25.12.2020,B,"C12N 15/29
					






C07K 14/415
					






C12N 15/82
					






A01H 5/10
					






A01H 6/46
					








C12N 15/29
					






C07K 14/415
					






C12N 15/82
					






A01H 5/10
					






A01H 6/46
					






View less classifications",INNER MONGOLIA UNIVERSITY内蒙古大学CHINA NATIONAL RICE RESEARCH INSTITUTE中国水稻研究所,QI YANHUA齐艳华QIAO JIYUE乔继月GAO ZHENYU高振宇LIN YUQING林雨晴WANG MEI王梅,杭州天勤知识产权代理有限公司 33224,(EN) Application of rice OsAUX3 gene in regulating and controlling grain length of rice seed(ZH) 水稻OsAUX3基因在调控水稻种子粒长中的应用,,"(EN) The invention discloses an application of a rice OsAUX3 gene in regulating and controlling the grain length of a rice seed, and belongs to the technical field of biochemistry. The invention provides abreeding method of long-grain type seed rice, and the method comprises the following steps of editing target sites of the rice OsAUX3 gene with a nucleotide sequence as shown in SEQ ID NO.1 at a fixed point by using a CRISPR/Cas9 technology, wherein the sequences of the target sites are ACGAGCCTCCTGTGGCACGG and CCTCTCGCTCACATTTCGTT. A CRISPR/Cas9 system is utilized to construct a plant recombinant expression vector for specifically knocking out the target sites of the rice OsAUX3 gene, gene editing is utilized to obtain a homozygous and stable mutant, the mutant can be used for analyzing thebiological function of the OsAUX3 gene in the rice, a new direction is provided for rice grain shape research, and the OsAUX3 gene has potential application value in the aspect of increasing rice yield.(ZH) 本发明公开了水稻OsAUX3基因在调控水稻种子粒长中的应用，属于生物化学技术领域。本发明提供了一种长粒型种子水稻的育种方法，包括：利用CRISPR/Cas9技术定点编辑核苷酸序列如SEQ ID NO.1所示的水稻OsAUX3基因的靶位点，所述靶位点的序列分别为：ACGAGCCTCCTGTGGCACGG，CCTCTCGCTCACATTTCGTT。利用CRISPR/Cas9系统构建水稻OsAUX3基因靶位点特异性敲除的植物重组表达载体，利用基因编辑获得纯合稳定的突变体，可用于分析OsAUX3基因在水稻中的生物学功能，为水稻粒型研究提供新方向，在提高水稻产量方面具有潜在的应用价值。",112126652,10.05.2022,C07K 14/415 C12N 15/8218 C12N 15/8261,,,
US323259944,17090334,United States of America,05.11.2020,20210130835,06.05.2021,B2,"C12N 15/82
					






C12N 9/22
					






C12N 15/11
					






C12N 15/113
					








C12N 15/82
					






C12N 9/22
					






C12N 15/11
					






C12N 15/113
					






View less classifications","Pairwise Plants Services, Inc.",Joseph Matthew WattsAaron HummelYongjoo KimShai Joshua LawitDavid Schwark,"Myers Bigel, P.A.",(EN) Compositions and methods for RNA-encoded DNA-replacement of alleles,,"(EN) 
This invention relates to recombinant nucleic constructs comprising Type V CRISPR-Cas effector proteins, reverse transcriptases and extended guide nucleic acids and methods of use thereof for modifying nucleic acids in plants.",11926834,12.03.2024,"C12N 9/22
					






C12N 15/82
					






C12N 15/113
					






C12N 2310/20
					








C12N 9/22
					






C12N 15/82
					






C12N 15/113
					






C12N 2310/20
					






View less classifications",,,"WO/2021/092130

JP2023505600

EP4054621

BR112022008415

CN114901302

KR1020220110748

CA3160186

SG11202204171Q

AU2020380319

NZ787446

IL292434

BR112022008415This application is not viewable in PATENTSCOPE because the national phase entry has not been published yet or the national entry is issued from a country that does not share data with WIPO or there is a formatting issue or an unavailability of the application.

CL2022001145

MX2022005328

US20240158804

US20240167045"
US429374553,18423374,United States of America,26.01.2024,20240167045,23.05.2024,A1,"C12N 15/82
					






C12N 9/22
					






C12N 15/113
					








C12N 15/82
					






C12N 9/22
					






C12N 15/113
					






View less classifications","Pairwise Plants Services, Inc.",Joseph Matthew WattsAaron HummelYongjoo KimShai Joshua LawitDavid Schwark,,(EN) COMPOSITIONS AND METHODS FOR RNA-ENCODED DNA-REPLACEMENT OF ALLELES,,"(EN) 
This invention relates to recombinant nucleic constructs comprising Type V CRISPR-Cas effector proteins, reverse transcriptases and extended guide nucleic acids and methods of use thereof for modifying nucleic acids in plants.",,,"C12N 9/22
					






C12N 15/82
					






C12N 15/113
					






C12N 2310/20
					








C12N 9/22
					






C12N 15/82
					






C12N 15/113
					






C12N 2310/20
					






View less classifications",,,"WO/2021/092130

JP2023505600

EP4054621

BR112022008415

CN114901302

KR1020220110748

CA3160186

SG11202204171Q

AU2020380319

US20210130835

NZ787446

IL292434

BR112022008415This application is not viewable in PATENTSCOPE because the national phase entry has not been published yet or the national entry is issued from a country that does not share data with WIPO or there is a formatting issue or an unavailability of the application.

CL2022001145

MX2022005328

US20240158804"
US429026426,18423378,United States of America,26.01.2024,20240158804,16.05.2024,A1,"C12N 15/82
					






C12N 9/22
					






C12N 15/113
					








C12N 15/82
					






C12N 9/22
					






C12N 15/113
					






View less classifications","Pairwise Plants Services, Inc.",Joseph Matthew WattsAaron HummelYongjoo KimShai Joshua LawitDavid Schwark,,(EN) COMPOSITIONS AND METHODS FOR RNA-ENCODED DNA-REPLACEMENT OF ALLELES,,"(EN) 
This invention relates to recombinant nucleic constructs comprising Type V CRISPR-Cas effector proteins, reverse transcriptases and extended guide nucleic acids and methods of use thereof for modifying nucleic acids in plants.",,,"C12N 9/22
					






C12N 15/82
					






C12N 15/113
					






C12N 2310/20
					








C12N 9/22
					






C12N 15/82
					






C12N 15/113
					






C12N 2310/20
					






View less classifications",,,"WO/2021/092130

JP2023505600

EP4054621

BR112022008415

CN114901302

KR1020220110748

CA3160186

SG11202204171Q

AU2020380319

US20210130835

NZ787446

IL292434

BR112022008415This application is not viewable in PATENTSCOPE because the national phase entry has not been published yet or the national entry is issued from a country that does not share data with WIPO or there is a formatting issue or an unavailability of the application.

CL2022001145

MX2022005328

US20240167045"
CN301623275,202010459528,China,26.05.2020,111440805,24.07.2020,B,"C12N 15/29
					






C07K 14/415
					






C12N 15/84
					






A01H 5/10
					






A01H 6/46
					






C12Q 1/6895
					






View more classifications
							






C12N 15/29
					






C07K 14/415
					






C12N 15/84
					






A01H 5/10
					






A01H 6/46
					






C12Q 1/6895
					






G01N 33/68
					






View less classifications",YANGZHOU UNIVERSITY扬州大学,NIU BAIXIAO牛百晓ZHANG ZHENYU张真雨ZHANG JUAN张娟WEI XUEFENG魏雪枫CHEN CHEN陈忱,南京苏高专利商标事务所(普通合伙) 32204,"(EN) NF-YB9 mutant gene, and protein and application thereof(ZH) NF-YB9突变型基因及其蛋白和应用",,"(EN) The invention relates to the technical field of plant genetic engineering, and in particular relates to a rice NF-Y transcription factor family mutant gene NF-YB9, and functions and application of coded protein thereof. If the rice gene NF-YB9 and the coded protein thereof participate in adjustment and control of rice grain development, the rice grain length can be obviously increased by destroying the biological function of the NF-YB9 gene coded protein. According to the invention, high-efficiency NF-YB9 gene site editing is realized by utilization of a CRISPR/Cas9 technology; and, after theNF-YB9 function is deficiency, the rice grain length is obviously increased. The new function of the rice NF-Y transcription factor family gene NF-YB9 provided by the invention provides a candidate gene for plant breeding; and thus, the gene has very important application value in agricultural production.(ZH) 本发明涉及植物基因工程技术领域，具体涉及水稻NF‑Y转录因子家族突变型基因NF‑YB9及其编码蛋白的功能和应用。本发明发现水稻基因NF‑YB9及其编码蛋白参与调控水稻籽粒发育，通过破坏NF‑YB9基因编码蛋白的生物学功能能够显著增加水稻籽粒长度。本发明利用CRISPR/Cas9技术实现了高效的NF‑YB9基因定点编辑，NF‑YB9功能缺失后，水稻籽粒长度显著增长。本发明提供的水稻NF‑Y转录因子家族基因NF‑YB9的新功能为植物育种提供了候选基因，在农业生产上具有十分重要的应用价值。",111440805,13.08.2021,"C07K 14/415
					






C12N 15/8218
					






C12N 15/8261
					






C12Q 1/6895
					






C12Q 2600/13
					






G01N 33/68
					








C07K 14/415
					






C12N 15/8218
					






C12N 15/8261
					






C12Q 1/6895
					






C12Q 2600/13
					






G01N 33/68
					






View less classifications",,,
CN364307539,202011310759,China,20.11.2020,114525302,24.05.2022,B,"C12N 15/84
					






C12N 15/54
					






A01H 5/00
					






A01H 6/46
					








C12N 15/84
					






C12N 15/54
					






A01H 5/00
					






A01H 6/46
					






View less classifications",AGRICULTURAL UNIVERSITY IN CHINA华中农业大学,XIONG LIZHONG熊立仲YE TIANTIAN叶田田XIAO BENZE肖本泽,武汉宇晨专利事务所(普通合伙) 42001,(EN) Application of OsCRKD1 gene in controlling drought resistance of rice(ZH) OsCRKD1基因在控制水稻抗旱性中的应用,,"(EN) The invention belongs to the technical field of plant genetic engineering. The invention particularly relates to application of the OsCRKD1 gene in controlling drought resistance of rice. According to the invention, the OsCRKD1 gene capable of improving the drought tolerance of rice is obtained through separation, cloning and functional verification. The nucleotide sequence of the OsCRKD1 gene is as shown in SEQ ID NO: 1, and the sequence of protein coded by the gene is as shown in SEQ ID NO: 2. The rice drought response control gene OsCRKD1 is cloned, CRISPR mutant phenotype identification is carried out on candidate genes, drought stress phenotype identification in the seedling stage and the adult-plant stage shows that when a gene segment is deleted, the drought stress resistance of rice is reduced, and the function and the application way of the gene are proved.(ZH) 本发明属于植物基因工程技术领域。具体涉及OsCRKD1基因在控制水稻抗旱性中的应用。本发明通过分离、克隆和通过功能验证得到一种能够提高水稻对干旱耐受能力的OsCRKD1基因。所述OsCRKD1基因的核苷酸序列如SEQ ID NO:1所示，该基因编码的蛋白质序列如SEQ ID NO:2所示。本发明克隆到控制水稻干旱应答基因OsCRKD1，并对候选基因进行CRISPR突变体表型鉴定，通过苗期及成株期干旱胁迫表型鉴定表明，缺失该基因片段时，水稻耐干旱胁迫能力降低，证实了该基因的功能及应用途径。",114525302,17.10.2023,"C12N 15/8273
					






C12N 15/8218
					






C12N 9/12
					








C12N 15/8273
					






C12N 15/8218
					






C12N 9/12
					






View less classifications",,,
CN398575006,202211500747,China,28.11.2022,116121292,16.05.2023,B,"C12N 15/82
					






C12N 15/29
					






C07K 14/415
					






A01H 5/00
					






A01H 6/46
					






C12Q 1/6895
					






View more classifications
							






C12N 15/82
					






C12N 15/29
					






C07K 14/415
					






A01H 5/00
					






A01H 6/46
					






C12Q 1/6895
					






C12N 15/11
					






View less classifications",NANJING AGRICULTURAL UNIVERSITY南京农业大学,XU GUOHUA徐国华WANG TINGTING王婷婷JIN YI金毅,南京天华专利代理有限责任公司 32218南京天华专利代理有限责任公司 32218,(EN) Rice MYB transcription factor and application of encoding protein thereof(ZH) 一种水稻MYB转录因子及其编码蛋白的应用,,"(EN) The invention belongs to the technical field of gene engineering, and discloses a rice MYB transcription factor and application of an encoding protein thereof. The sequence number of the rice MYB transcription factor gene OsREPLY is LOCOs10g33810 (Os10g0478300), and the rice MYB transcription factor gene OsREPLY can be applied to the aspects of regulating and controlling the plant height, the lodging resistance, the flowering phase and the yield of rice. According to the invention, the biological functions of the OsREPLY transcription factor gene and the encoded protein thereof are provided for the first time through systematic research. According to the osreply mutant material obtained by CRISPR (clustered regularly interspaced short palindromic repeats) technical means, compared with a wild type, transgenic rice has the advantages that the plant height is increased, stalks are thickened and resistant to lodging, the flowering phase is changed, and the yield is increased.(ZH) 本发明属于基因工程技术领域，公开了一种水稻MYB类转录因子及其编码蛋白的应用。水稻MYB类转录因子基因OsREPLY的序列号为LOC_Os10g33810(Os10g0478300),可在调控水稻株高、倒伏抗性、花期和产量方面应用。本发明通过系统研究，首次提供了OsREPLY转录因子基因及其编码蛋白的生物学功能。本发明通过CRISPR技术手段获得的osreply突变体材料，导致转基因水稻与野生型对照相比发生株高增加、茎秆变粗抗倒伏、花期改变、产量提高。",116121292,13.02.2024,"C12N 15/8261
					






C12N 15/8271
					






C12N 15/8218
					






C07K 14/415
					






C12Q 1/6895
					






C12Q 2600/156
					






View more classifications
							






C12N 15/8261
					






C12N 15/8271
					






C12N 15/8218
					






C07K 14/415
					






C12Q 1/6895
					






C12Q 2600/156
					






C12Q 2600/13
					






C12Q 2600/172
					






View less classifications",,,
CN428331870,202410083486,China,19.01.2024,117904070,19.04.2024,A,"C12N 9/12
					






C12N 15/82
					






C12N 15/54
					






A01H 5/00
					






A01H 6/46
					








C12N 9/12
					






C12N 15/82
					






C12N 15/54
					






A01H 5/00
					






A01H 6/46
					






View less classifications","HUAZHONG AGRICULTURAL UNIVERSITY华中农业大学HUBEI DAODAO HONGYE BIOTECHNOLOGY CO., LTD.湖北稻道鸿业生物科技有限公司HUBEI HONGSHAN LABORATORY湖北洪山实验室HUBEI SHUANGSHUI SHUANGLV BIOTECHNOLOGY CO., LTD.湖北双水双绿生物科技有限公司",XIONG LIZHONG熊立仲YE TIANTIAN叶田田XIONG HAIYAN熊海燕WANG HUAIJUN王怀军LAI XUELEI赖雪雷,武汉宇晨专利事务所(普通合伙) 42001,(EN) Application of OsCRK31 gene in controlling drought resistance of rice(ZH) OsCRK31基因在控制水稻抗旱性中的应用,,"(EN) The invention belongs to the technical field of plant genetic engineering, and discloses application of an OsCRK31 gene in controlling drought resistance of rice. The OsCRK31 gene capable of improving the drought tolerance of rice is obtained through separation, cloning and functional verification, the nucleotide sequence of the OsCRK31 gene is as shown in SEQ ID NO.1, and the sequence of protein coded by the gene is as shown in SEQ ID NO.2. The rice drought response control gene OsCRK31 is cloned, CRISPR mutant phenotype identification is carried out on candidate genes, drought stress phenotype identification in the seedling stage and the adult-plant stage shows that when a gene segment is deleted, the drought stress resistance of rice is reduced, and the function and the application way of the gene are proved.(ZH) 本发明属于植物基因工程技术领域，公开了OsCRK31基因在控制水稻抗旱性中的应用。本发明通过分离、克隆和通过功能验证得到一种能够提高水稻对干旱耐受能力的OsCRK31基因，所述OsCRK31基因的核苷酸序列如SEQ ID NO.1所示，该基因编码的蛋白质序列如SEQ ID.2所示。本发明克隆到控制水稻干旱应答基因OsCRK31，并对候选基因进行CRISPR突变体表型鉴定，通过苗期及成株期干旱胁迫表型鉴定表明，缺失该基因片段时，水稻耐干旱胁迫能力降低，证实了该基因的功能及应用途径。",,,"C12N 9/12
					






C12Y 207/11
					






C12N 15/8273
					






C12N 15/8218
					








C12N 9/12
					






C12Y 207/11
					






C12N 15/8273
					






C12N 15/8218
					






View less classifications",,,
GB249993847,201801692,United Kingdom,01.02.2018,2570680,07.08.2019,A,"A01H 1/06
					






A01H 1/02
					






A01H 5/10
					






A01H 6/46
					






C12N 5/04
					






C12N 15/82
					








A01H 1/06
					






A01H 1/02
					






A01H 5/10
					






A01H 6/46
					






C12N 5/04
					






C12N 15/82
					






View less classifications",ELSOMS DEV LTD,ANTHONY GORDON KEELINGMATTHEW JOHN MILNER,,(EN) Wheat,201801692 01.02.2018 GB,"(EN) A method of producing male-sterile wheat (Triticum) is disclosed comprising: analysing the RNA-transcriptome of wheat stamen cells and pistil cells during the development of the flower, identifying one or more male-fertility wheat (Mfw) genes that at the time of flowering are preferentially expressed in stamens rather than pistils, and inhibiting the expression of the at least one Mfw gene over 50 examples of which are listed at tables 1 and 2. Also disclosed are populations of wheat plants that are predominantly male-sterile as a result of deactivating one or more Mfw genes, processes of obtaining F1 hybrids comprising crossing male-sterile wheat plants with male-fertile wheat, and hybrids produced by these processes. Preferably, the RNA-transcriptome analysis is carried out during meiosis and between stages 41-49 of the Zadoks scale, and the wheat is T. aestivum. Preferably, at least two Mfw genes are inhibited or disrupted, for instance Mfw genes may be deactivated by site-directed mutagenesis using the CRISPR-Cas site-specific nuclease or by antisense RNA-interference (RNAi).",,,"A01H 5/10
					






A01H 6/4678
					






C12N 15/8289
					






C12N 15/8218
					






C12N 15/8287
					






A01H 1/023
					






View more classifications
							






A01H 5/10
					






A01H 6/4678
					






C12N 15/8289
					






C12N 15/8218
					






C12N 15/8287
					






A01H 1/023
					






A01H 1/06
					






A01H 5/02
					






C12N 5/04
					






C12N 15/82
					






View less classifications",,,
CN403528696,202310415761,China,18.04.2023,116445507,18.07.2023,A,"C12N 15/29
					






C07K 14/415
					






C12N 15/84
					






A01H 5/00
					






A01H 6/46
					






C12Q 1/6895
					






View more classifications
							






C12N 15/29
					






C07K 14/415
					






C12N 15/84
					






A01H 5/00
					






A01H 6/46
					






C12Q 1/6895
					






C12N 15/11
					






View less classifications",HENAN AGRICULTURAL UNIVERSITY河南农业大学,TANG JIHUA汤继华FU ZHIYUAN付志远WANG YAFEI王雅菲ZHANG ZHANHUI张战辉ZHOU QINGQIAN周清倩LI GUOFANG李国防LI HAOCHUAN李浩川,郑州盈派知识产权代理事务所(普通合伙) 41196郑州盈派知识产权代理事务所(普通合伙) 41196,"(EN) Wheat effective tiller number and yield regulation and control gene TraesCS2A02G577100 as well as encoding protein, expression vector and application of wheat effective tiller number and yield regulation and control gene TraesCS2A02G577100(ZH) 小麦有效分蘖数及产量调控基因TraesCS2A02G577100、其编码蛋白、表达载体及其应用",,"(EN) The invention discloses a wheat effective tiller number and yield regulation and control gene TraesCS2A02G577100 as well as an encoding protein, an expression vector and application of the wheat effective tiller number and yield regulation and control gene TraesCS2A02G577100. According to the application, CRISPR/Cas9 (clustered regularly interspaced short palindromic repeats/CRISPR associated protein 9) knockout is carried out on the wheat gene Traes CS2A02G577100, and the influence of the Traes CS2A02G577100 gene on the performance of the tiller number, the plant height and the like of wheat is determined; the effect of improving the wheat grain yield and the biological yield is verified; therefore, a powerful technical support is provided for improving the yield of the wheat by utilizing the TraesCS2A02G577100 gene.(ZH) 本申请公开了一种小麦有效分蘖数及产量调控基因TraesCS2A02G577100、其编码蛋白、表达载体及其应用；本申请对小麦基因TraesCS2A02G577100进行CRISPR/Cas9敲除，明确了TraesCS2A02G577100基因对小麦分蘖数、株高等性状表现的影响；验证了其对小麦籽粒产量及生物产量的提高作用；从而为利用TraesCS2A02G577100基因提高小麦产量提供了有力的技术支撑。",,,"C07K 14/415
					






C12N 15/8218
					






C12N 15/8261
					






C12Q 1/6895
					






Y02A 40/146
					








C07K 14/415
					






C12N 15/8218
					






C12N 15/8261
					






C12Q 1/6895
					






Y02A 40/146
					






View less classifications",,,
IN211827348,201737029075,India,16.08.2017,201737029075,13.10.2017,A,"C12N 15/82
					






A01H 5/00
					








C12N 15/82
					






A01H 5/00
					






View less classifications",INSTITUTE OF GENETICS AND DEVELOPMENTAL BIOLOGY CHINESE ACADEMY OF SCIENCES,GAO Caixia JI Xiang ZHANG Huawei,,(EN) METHOD FOR INCREASING ABILITY OF PLANT TO RESIST INVADING DNA VIRUS,,(EN) XXProvided is a method for increasing the ability of a plant to resist a DNA virus said method comprising the following steps: 1) selecting a sequence from the genome sequence of a DNA virus to be a target sequence said sequence conforming to a 5 N NGG 3 or 5 CCN N 3 arrangement rule and synthesising a DNA fragment which is reversely complementary to the target sequence; 2) constructing the DNA fragment into a vector used for expressing the CRISPR/Cas9 nuclease and obtaining a recombinant vector capable of transcribing a guide RNA and expressing the Cas9 protein; 3) introducing the recombinant vector to a recipient plant. The method of the present invention may be widely applied to double stranded DNA viruses and single stranded DNA viruses using double stranded DNA as an intermediate wherein the sequences of the DNA viruses are known.,,,,,,"CN105969792

AR103927

AU2016228599

CA2979292

KR1020170126495

EP3309255

BR112017016423

US20180195084

EA201791991

JP2018507705

WO/2016/141893

UAa201709464This application is not viewable in PATENTSCOPE because the national phase entry has not been published yet or the national entry is issued from a country that does not share data with WIPO or there is a formatting issue or an unavailability of the application."
BR402579023,112023007640,Brazil,05.11.2021,US2021058235,05.11.2021,A2,"C12N 15/00
					






C12N 15/00
					






C12N 15/00
					






C12N 9/00
					






C12N 9/00
					








C12N 15/00
					






C12N 15/00
					






C12N 15/00
					






C12N 9/00
					






C12N 9/00
					






View less classifications","PAIRWISE PLANTS SERVICES, INC.",YONGJOO KIMJOSEPH MATTHEW WATTSAARON HUMMELSHAI JOSHUA LAWITDAVID SCHWARK,"DANNEMANN, SIEMSEN, BIGLER & IPANEMA MOREIRA",(PT) COMPOSIÇÕES E MÉTODOS PARA SUBSTITUIÇÃO DO DNA CODIFICADO PELO RNA DOS ALELOS,"63/110,386 06.11.2020","(PT) COMPOSIÇÕES E MÉTODOS PARA SUBSTITUIÇÃO DO DNA CODIFICADO PELO RNA DOS ALELOS. Esta invenção refere-se a construtos nucleicos recombinantes compreendendo proteínas efetoras CRISPR-Cas, transcriptases reversas e ácidos nucleicos guia estendidos e métodos de uso dos mesmos para modificar ácidos nucleicos em plantas.",,,,,,"WO/2022/098993

AU2021374974

CA3200521

KR1020230106633

EP4240844

CN116745418

JP2023549339

NZ798968

IL302526

MX2023005150

CL2023001284

IN202347036333This application is not viewable in PATENTSCOPE because the national phase entry has not been published yet or the national entry is issued from a country that does not share data with WIPO or there is a formatting issue or an unavailability of the application.

SG11202302818VThis application is not viewable in PATENTSCOPE because the national phase entry has not been published yet or the national entry is issued from a country that does not share data with WIPO or there is a formatting issue or an unavailability of the application."
CL419507959,2023001284,Chile,03.05.2023,2023001284,22.12.2023,A1,"C12N 15/10
					








C12N 15/10
					






View less classifications","Pairwise Plants Services, Inc.",Yongjoo KIMJoseph Matthew WATTSAaron HUMMELShai Joshua LAWITDavid SCHWARK,Arturo Covarrubias Vargas,(ES) COMPOSICIONES Y MÉTODOS PARA EL REEMPLAZO DE ALELOS CON ADN CODIFICADO POR ARN,63/110386 06.11.2020 US,"(ES) Esta invención se refiere a construcciones nucleicas recombinantes que comprenden proteínas efectoras CRISPR-Cas, transcriptasas inversas y ácidos nucleicos guía extendidos y métodos de uso de los mismos para modificar ácidos nucleicos en plantas.",,,"C12N 15/111
					






C12N 9/1276
					






C12N 9/22
					






C12N 2310/20
					






C12N 2310/3519
					






C12N 15/102
					






View more classifications
							






C12N 15/111
					






C12N 9/1276
					






C12N 9/22
					






C12N 2310/20
					






C12N 2310/3519
					






C12N 15/102
					






C12N 15/62
					






C12Y 207/07049
					






C07K 2319/80
					






C07K 2319/00
					






C07K 14/4702
					






C12N 15/11
					






C12Q 2521/107
					






C12N 2800/10
					






C12N 2800/80
					






C12N 15/905
					






C12N 15/907
					






C12N 15/66
					






C12N 15/902
					






C12N 15/113
					






View less classifications",,,"WO/2022/098993

AU2021374974

CA3200521

BRUS2021058235

KR1020230106633

EP4240844

CN116745418

JP2023549339

NZ798968

IL302526

MX2023005150

IN202347036333This application is not viewable in PATENTSCOPE because the national phase entry has not been published yet or the national entry is issued from a country that does not share data with WIPO or there is a formatting issue or an unavailability of the application.

SG11202302818VThis application is not viewable in PATENTSCOPE because the national phase entry has not been published yet or the national entry is issued from a country that does not share data with WIPO or there is a formatting issue or an unavailability of the application."
US202587505,15376569,United States of America,12.12.2016,20170233703,17.08.2017,A1,"C12N 9/22
					






C12N 15/86
					






A61K 48/00
					






C12N 7/00
					






C12N 15/82
					








C12N 9/22
					






C12N 15/86
					






A61K 48/00
					






C12N 7/00
					






C12N 15/82
					






View less classifications",Tsinghua University,Zhen XieShuguang PengDacheng Ma,,(EN) Genetic indicator and control system and method utilizing split Cas9/CRISPR domains for transcriptional control in eukaryotic cell lines,20151263106 21.05.2015 CN201610341363.0 20.05.2016 CN,"(EN) 
While genetic engineering has undergone rapid advancement with the discovery of CRISPR/Cas9, there is room for improvement for genetic circuit control, precision (reducing circuit ‘leakiness’) and delivery into living systems. The claimed invention offers programmable and precise regulation of dCas9 functions in response to multiple molecular signals by using synthetic gene circuits, greatly expanding applications. Moreover, using the system to greatest therapeutic potential has been greatly limited by the restrictive cargo size of existing viral delivery systems. By splitting dCas9 into multiple sections, the delivery size of synthetic gene circuits is greatly reduced. By exchanging split dCas9 domains, differential regulation on one gene, or activating two different genes in response to cell-type specific microRNAs is illustrated. Practical applications of the illustrative examples include engineered sensory switches including indicators for bladder cancer as well as enhanced systems for adenovirus delivery, cellular regulation, plant cell modification and potential therapeutic applications.",,,"C12N 9/22
					






C12N 7/00
					






C12N 15/8213
					






A61K 48/0075
					






A61K 48/005
					






C12N 15/86
					






View more classifications
							






C12N 9/22
					






C12N 7/00
					






C12N 15/8213
					






A61K 48/0075
					






A61K 48/005
					






C12N 15/86
					






C12N 271/10343
					






View less classifications",,,CN106011104
US324126190,17141354,United States of America,05.01.2021,20210147844,20.05.2021,A1,"C12N 15/113
					






C12N 9/22
					








C12N 15/113
					






C12N 9/22
					






View less classifications","Guangdong Sanjie Forage Biotechnology Co., Ltd",Haitao ChenWen WangXiongping XieQiang QiuZhanhuan ShangKexian SuHui He,,(EN) Method for Site-Specific Mutagenesis of Medicago Sativa Genes by Using CRISPR/Cas9 System,201810724589.8 04.07.2018 CN,"(EN) 
A method for site-specific mutagenesis of Medicago sativa genes by using a CRISPR/Cas9 system. The method comprises: first constructing a binary expression vector MsCRISPR/Cas9 that can be used for transforming Medicago sativa by Agrobacterium tumefaciens; then designing a target site for a target gene, and ligating the DNA fragment containing the guide sequence of the target site into MsCRISPR/Cas9 to construct a vector MsCRISPR/Cas9::target; and then transforming the Medicago sativa by Agrobacterium tumefaciens, and generating, by screening, a mutant transformed plant with the target gene mutated. According to the method, an MtU6 promoter is used for driving sgRNA transcription in the Medicago sativa.",,,"C12N 2310/20
					






C12N 15/113
					






C12N 9/22
					








C12N 2310/20
					






C12N 15/113
					






C12N 9/22
					






View less classifications",,,"CN108866093

WO/2020/007331

AU2019299296

EP3848464

US20210292777

CA3105396"
US336567719,17257617,United States of America,03.07.2019,20210292777,23.09.2021,A1,"C12N 15/82
					






C12N 9/22
					






C12N 15/11
					








C12N 15/82
					






C12N 9/22
					






C12N 15/11
					






View less classifications","Guangdong Sanjie Forage Biotechnology Co., Ltd",Haitao ChenWen WangXiongping XieQiang QiuZhanhuan ShangKexian SuHui He,,(EN) Method for Site-Specific Mutagenesis of Medicago Sativa Genes by Using CRISPR/Cas9 System,201810724589.8 04.07.2018 CN,"(EN) 
A method for site-specific mutagenesis of Medicago sativa genes by using a CRISPR/Cas9 system. The method comprises: first constructing a binary expression vector MsCRISPR/Cas9 that can be used for transforming Medicago sativa by Agrobacterium tumefaciens; then designing a target site for a target gene, and ligating the DNA fragment containing the guide sequence of the target site into MsCRISPR/Cas9 to construct a vector MsCRISPR/Cas9::target; and then transforming the Medicago sativa by Agrobacterium tumefaciens, and generating, by screening, a mutant transformed plant with the target gene mutated. According to the method, an MtU6 promoter is used for driving sgRNA transcription in the Medicago sativa.",,,"C12N 9/22
					






C12N 15/8213
					






C12N 2310/20
					






C12N 15/8205
					






C12N 2800/80
					






C12N 15/11
					








C12N 9/22
					






C12N 15/8213
					






C12N 2310/20
					






C12N 15/8205
					






C12N 2800/80
					






C12N 15/11
					






View less classifications",,,"CN108866093

WO/2020/007331

AU2019299296

EP3848464

CA3105396

US20210147844"
AR399334678,P220100278,Argentina,11.02.2022,124859,10.05.2023,A1,"C12N 15/82
					






C12N 9/22
					








C12N 15/82
					






C12N 9/22
					






View less classifications","PAIRWISE PLANTS SERVICES, INC.MONSANTO TECHNOLOGY LLC",KIM HAEJINGEORGE MATHEW LOLITADAI SHUNHONGLARUE HUACHUNJULIUS BENJAMINDELBERT BROWER BRENTTHOMAS L. TOLAND - SLEWINSKI,,(ES) MÉTODOS Y COMPOSICIONES PARA MODIFICAR LOS NIVELES DE CITOQUININA OXIDASA EN PLANTAS,"63/148,439 11.02.2021 US","(ES) La presente invención se refiere a composiciones y métodos para mejorar / potenciar características de rendimiento modificando los niveles de citoquinina oxidasa (CKX) en una planta. La invención se refiere además a plantas producidas usando los métodos y composiciones de la invención. Reivindicación 1: Una planta o parte de la misma que comprende al menos una mutación no natural en al menos un gen endógeno de citoquinina oxidasa / deshidrogenasa (CKX) que codifica una proteína CKX. Reivindicación 20: Una célula vegetal, que comprende un sistema de edición que comprende: (a) una proteína efectora asociada a CRISPR; y (b) un ácido nucleico guía (gARN, gADN, crARN, crADN, sgARN, sgADN) que comprende una secuencia espaciadora con complementariedad con un gen diana endógeno que codifica una proteína CKX en la célula vegetal. Reivindicación 30: Una célula vegetal que comprende al menos una mutación no natural dentro de un gen endógeno de citoquinina oxidasa / deshidrogenasa (CKX) que da como resultado un alelo nulo o inactivación del gen CKX, en donde al menos una mutación no natural es una sustitución de base, inserción de base o una deleción de base que se introduce mediante un sistema de edición que comprende un dominio de unión de ácido nucleico que se une a un sitio diana en el gen CKX. Reivindicación 67: Un método para producir una planta o parte de la misma que comprende al menos una célula que tiene una mutación en un gen de citoquinina oxidasa / deshidrogenasa (CKX) endógeno, el método que comprende poner en contacto un sitio diana en el gen CKX endógeno en la planta o parte de la planta con una nucleasa que comprende un dominio de escisión y un dominio de unión de ácido nucleico, en donde el dominio de unión de ácido nucleico de la nucleasa se une a un sitio diana en el gen CKX endógeno, en donde el gen CKX endógeno: (a) comprende una secuencia que tiene al menos un 80% de identidad de secuencia con cualquiera de las secuencias de nucleótidos de SEQ ID Nº 72, 73, 75, 76, 78, 79, 81, 82, 84, 87, 88 ó 91; (b) comprende una región que tiene al menos un 80% de identidad de secuencia con cualquiera de las secuencias de nucleótidos de SEQ ID Nº 93 - 98; y/o (c) codifica un polipéptido que tiene al menos un 80% de identidad con cualquiera de las secuencias de aminoácidos de SEQ ID Nº 74, 77, 80, 83, 89 ó 92, produciendo así la planta o parte de la misma que comprende al menos una célula tener una mutación en el gen CKX endógeno. Reivindicación 68: Un método para producir una planta o parte de la misma que comprende una mutación en un gen endógeno de citoquinina oxidasa / deshidrogenasa (CKX) y rasgos de rendimiento mejorados, el método que comprende poner en contacto un sitio diana en un gen CKX endógeno en la planta o parte de la planta con un nucleasa que comprende un dominio de escisión y un dominio de unión a ADN, en donde el dominio de unión de ácido nucleico se une a un sitio diana en el gen CKX endógeno, en donde el gen CKX endógeno: (a) comprende una secuencia que tiene al menos un 80% de identidad de secuencia con cualquiera de las secuencias de nucleótidos de SEQ ID Nº 72, 73, 75, 76, 78, 79, 81, 82, 84, 87, 88 ó 91; (b) comprende una región que tiene al menos un 80% de identidad de secuencia con cualquiera de las secuencias de nucleótidos de SEQ ID Nº 93 - 98; y/o (c) codifica un polipéptido que tiene al menos un 80% de identidad con cualquiera de las secuencias de aminoácidos de SEQ ID Nº 74, 77, 80, 83, 89 ó 92, produciendo así la planta o parte de la misma que comprende una mutación en la gen CKX endógeno y exhibiendo rasgos de rendimiento mejorados. Reivindicación 102: Un ácido nucleico que comprende un gen de citoquinina oxidasa / deshidrogenasa (CKX) mutado, en donde el gen CKX mutado produce una proteína CKX truncada o ninguna proteína. Reivindicación 107: Una planta de soja que comprende al menos una mutación no natural en un gen endógeno de citoquinina oxidasa / deshidrogenasa (CKX) que tiene el número de identificación del gen (ID del gen) de Glyma15g18560, Glyma09g07360, Glyma17g06220, Glyma04g03130, Glyma09g35950 y/o Glyma09g07190. Reivindicación 108: Un ácido nucleico guía que se une a un ácido nucleico diana en un gen endógeno de citoquinina oxidasa / deshidrogenasa (CKX) que tiene el número de identificación del gen (ID del gen) de Glyma15g18560, Glyma09g07360, Glyma17g06220, Glyma04g03130, Glyma09g35950 y/o Glyma09g07190.",,,"C12N 15/8261
					






C12N 9/22
					






A01H 6/542
					






C12N 2310/20
					






C07K 14/415
					






C12N 15/113
					






View more classifications
							






C12N 15/8261
					






C12N 9/22
					






A01H 6/542
					






C12N 2310/20
					






C07K 14/415
					






C12N 15/113
					






C12N 15/8213
					






C12Y 105/99012
					






View less classifications",,,"WO/2022/173885

BRUS2022015893

BR112023015909

EP4291641

CN117441015

UY0001039631

CA3210785

MX2023009468

IN202347059511This application is not viewable in PATENTSCOPE because the national phase entry has not been published yet or the national entry is issued from a country that does not share data with WIPO or there is a formatting issue or an unavailability of the application."