Application Id,Application Number,Office,Application Date,Publication Number,Publication Date,Publication Kind,IPC,CPC,Applicants,Inventors,Publication Language,Title,Designated States,Abstract,Grant Number,Grant Date,Agents,Priority Data,Related Patent Documents,,,,,,
CN212146150,201711165424,China,21.11.2017,107653256,02.02.2018,A,"C12N 15/53
					






C12N 9/02
					






C12N 15/82
					






C12N 9/22
					






A01H 5/12
					






A01H 6/82
					








C12N 15/53
					






C12N 9/02
					






C12N 15/82
					






C12N 9/22
					






A01H 5/12
					






A01H 6/82
					






View less classifications","C12N 9/0059
					






C12N 9/22
					






C12N 15/8213
					






C12N 15/8261
					






C12Y 110/03001
					








C12N 9/0059
					






C12N 9/22
					






C12N 15/8213
					






C12N 15/8261
					






C12Y 110/03001
					






View less classifications",YUNNAN INSTITUTE OF TOBACCO AGRICULTURE SCIENCE,YAO HENGYANG DAHAIBAI GEXIE HEXIAO BINGGUANGLI YONGPING,,(EN) Tobacco polyphenol oxidase gene NtPPO1 and site-directed mutagenesis method and application thereof(ZH) 一种烟草多酚氧化酶基因NtPPO1及其定点突变方法与应用,,"(EN) The invention discloses a tobacco polyphenol oxidase gene NtPPO1 and a site-directed mutagenesis method and application thereof. The nucleotide sequence of the tobacco polyphenol oxidase gene NtPPO1 is shown in SEQ ID:No.1, the coded amino acid sequence is shown in SEQ ID:No.2. The invention further discloses a clone method of the tobacco polyphenol oxidase gene NtPPO1. The clone method comprisesthe specific steps that firstly, cDNAs of tobacco leaves are synthesized; secondly, PCR amplification of the NtPPO1 gene is conducted; thirdly, a CRISPR/Cas9 carrier of the NtPPO1 gene is constructed;fourthly, sequencing detection of the NtPPO1 gene mutation is conducted. The NtPPO1 gene has a wide application prospect in preventing tobacco browning. The tobacco polyphenol oxidase gene and the encoded protein thereof provide the gene and technology support for crops especially for anti-browning breeding of tobaccos.(ZH) 本发明公开了一种烟草多酚氧化酶基因NtPPO1及其定点突变方法与应用，烟草多酚氧化酶基因NtPPO1核苷酸序列如SEQ ID：No.1所示，编码的氨基酸序列如SEQ ID：No.2所示。本发明还公开了烟草多酚氧化酶基因NtPPO1的克隆方法，具体步骤包括：A、烟草叶片cDNA合成：B、NtPPO1基因的PCR扩增；C、NtPPO1基因的CRISPR/Cas9载体的构建；D、NtPPO1基因突变测序检测。NtPPO1基因在防止烟草褐变方面具有广阔的应用前景。本发明的多酚氧化酶基因及其编码蛋白为农作物尤其是烟草抗褐变育种提供基因与技术的支持。",,,,,,,,,,,
CN412733465,202310424413,China,20.04.2023,116926109,24.10.2023,B,"C12N 15/82
					






C12N 15/56
					






A01H 6/46
					






A01H 5/00
					








C12N 15/82
					






C12N 15/56
					






A01H 6/46
					






A01H 5/00
					






View less classifications","C12N 15/8218
					






C12N 15/8231
					






C12N 15/8205
					






C12N 9/2422
					






C12N 15/8265
					






C12Y 302/01001
					






View more classifications
							






C12N 15/8218
					






C12N 15/8231
					






C12N 15/8205
					






C12N 9/2422
					






C12N 15/8265
					






C12Y 302/01001
					






Y02A 40/146
					






View less classifications","INSTITUTE OF CROP SCIENCE, CHINESE ACADEMY OF AGRICULTURAL SCIENCES中国农业科学院作物科学研究所",XIE CHUANXIAO谢传晓WANG HONGLIN王虹麟QI XIANTAO祁显涛LIU CHANGLIN刘昌林ZHU JINJIE朱金洁YANG QIN杨琴XU XIAOJIE徐孝洁HUANG JING黄晶,,(EN) Plant programmed pollen self-cleaning CRISPR/Cas gene editing method(ZH) 一种植物程序化花粉自清除CRISPR/Cas基因编辑方法,,"(EN) The invention discloses a plant programmed pollen self-cleaning CRISPR/Cas gene editing method, and relates to the technical field of gene engineering. The method comprises the following steps: introducing a corn alpha-amylase gene ZmAA1 driven by a pollen specific promoter into a CRISPR/Cas9 system to obtain a programmed pollen self-cleaning CRISPR/Cas (PSEC) system; when the PSEC exists and is semi-zygote, the derived single copy PSEC line can cause pollen suicide, the PSEC is inherited to the next generation through female gamete, and CRISPR/Cas gene editing activity can still be exerted in a living body to create receptor target mutation.(ZH) 本发明公开了一种植物程序化花粉自清除CRISPR/Cas基因编辑方法，涉及基因工程技术领域。本发明将花粉特异性启动子驱动的玉米α‑淀粉酶基因ZmAA1引入CRISPR/Cas9系统，得到程序化花粉自清除CRISPR/Cas(PSEC)系统；当PSEC存在且为半合子的情况下，衍生的单拷贝PSEC系会导致花粉“自杀”，并通过雌配子将PSEC遗传给下一代，且在活体中仍能发挥CRISPR/Cas基因编辑活性以创制受体目标突变。",116926109,14.05.2024,北京慕达星云知识产权代理事务所(特殊普通合伙) 11465,,,,,,,,
CN217719128,201810010123,China,05.01.2018,107988229,04.05.2018,B,"C12N 15/113
					






C12N 15/82
					






A01H 5/00
					






A01H 6/46
					








C12N 15/113
					






C12N 15/82
					






A01H 5/00
					






A01H 6/46
					






View less classifications","C12N 15/113
					






C12N 15/8213
					






C12N 15/8261
					






C12N 2310/10
					








C12N 15/113
					






C12N 15/8213
					






C12N 15/8261
					






C12N 2310/10
					






View less classifications","INSTITUTE OF CROP SCIENCE, CHINESE ACADEMY OF AGRICULTURAL SCIENCES中国农业科学院作物科学研究所",SUI YI隋毅YIN TAO阴涛SUN YAO孙尧WU CHUANYIN吴传银CHENG ZIXIANG程子祥ZHANG HAOSHAN张皓珊,,(EN) Method for obtaining rice changed in tillering by utilizing CRISPR-Cas to modify an OsTAC1 gene(ZH) 一种利用CRISPR-Cas修饰OsTAC1基因获得分蘖改变的水稻的方法,,"(EN) The invention provides a method for cultivating a transgenic plant of which a tillering angle is reduced, i.e., edits a protein for regulating and controlling the tillering angle of rice, which is from oryza rice (Oryza sativa var.93-11) and has a name of OsTAC1. Particularly, the coding gene is subjected to knock-out of the OsTAC1 by utilizing a CRISPR/Cas9 gene editing technology so as to obtainthe transgenic plant. Compared to a tillering angle of a contrast wild type plant, the tillering angle of the transgenic plant is reduced. In addition, the invention illustrates a relationship between function weakening type mutation and function loss type mutation and the tillering angle of the plant. SgRNA provided by the invention has high editing efficiency and has wide application prospect.(ZH) 本发明提供的培育减小分蘖角度转基因植物的方法，即编辑了一种调控水稻分蘖角度的的蛋白质，来源于稻属水稻(Oryza sativa var.93‑11)，名称为OsTAC1。具体是将上述的编码基因利用CRISPR/Cas9基因编辑技术对OsTAC1进行敲除从而得到转基因植物，所述转基因植物的分蘖角度相比于对照野生型植株变小。另外本发明阐释了功能弱化型突变和功能丧失型突变与植株分蘖角度之间的关系，本发明提供的sgRNA具有较高的编辑效率，具有较好的应用前景。",107988229,07.01.2020,北京天奇智新知识产权代理有限公司 11340,,,,,,,,
CN204789403,201710423992,China,07.06.2017,107119071,01.09.2017,A,"C12N 15/82
					






A01H 5/00
					








C12N 15/82
					






A01H 5/00
					






View less classifications","C12N 15/8213
					






C12N 9/1051
					






C12N 15/8245
					






C12N 2810/10
					






C12Y 204/01021
					








C12N 15/8213
					






C12N 9/1051
					






C12N 15/8245
					






C12N 2810/10
					






C12Y 204/01021
					






View less classifications","JIANGSU SANSHU BIOTECHNOLOGY CO., LTD.",ZHANG PENGWU YINLIANGZHOU WENZHI,,(EN) Method for reducing content of amylose in plants and application(ZH) 一种降低植物直链淀粉含量的方法及应用,,"(EN) The invention relates to the technical field of biotechnologies and plant transgenosis, in particular to a method for reducing the content of amylose in plants and application. The method comprises the steps that firstly, a CRISPR/Cas9 system of a multielement sgRNA is used for editing GBSSI gene sequences of potato plants; secondly, the CRISPR/Cas9 multielement system in the first step comprises two or more sgRNA sequences; and thirdly, sgRNA nucleotide sequences of the CRISPT/Cas9 multielement system in the second step are selected from the following groups: (a) nucleotide sequences in SEQ ID NO: 1 nucleotide sequences; and (b) nucleotide sequences which are formed by enabling the SEQ ID NO: 1 nucleotide sequences to be subjected to substitution or deletion or addition of one or a plurality of nucleotides, have functions of nucleotides described in (a) and are derived from the nucleotide sequences in (a). According to the method for reducing the content of the amylose in the plants and application, the developmental character of storage roots of the potato plants can be remarkably adjusted, the content of the amylose in the potato plants can be remarkably adjusted, and the method has good application prospects in genetic improvement of the quality of plant starch.(ZH) 本发明涉及生物技术和植物转基因技术领域，具体涉及一种降低植物直链淀粉含量的方法及应用，步骤一：利用多元sgRNA的CRISPR/Cas9系统编辑薯类植物GBSSI基因序列；步骤二：步骤一中所述的CRISPR/Cas9多元系统包括：系统中含有两个及两个以上的sgRNA序列的CRISPR/Cas9系统；步骤三：步骤二中的CRISPR/Cas9多元系统的sgRNA核苷酸序列选自下组；(a)如SEQ ID NO:1核苷酸序列中的核酸序列；(b)将SEQ ID NO:1核苷酸序序列经过一个或多个核苷酸的取代、缺失或添加而形成的，且具有(a)核苷酸功能的由(a)衍生的核酸序列；它可以显著调节薯类植物的储藏根的发育性状，可以显著调节薯类植物的直链淀粉含量，在植物淀粉品质的遗传改良上具有良好的应用前景。",,,,,,,,,,,
,,,,,,,,,,,,,,,,,,,,,,,,,
CN313584580,202010943333,China,09.09.2020,112011558,01.12.2020,A,"C12N 15/53
					






C12N 9/02
					






C12N 15/82
					






A01H 5/00
					






A01H 6/46
					








C12N 15/53
					






C12N 9/02
					






C12N 15/82
					






A01H 5/00
					






A01H 6/46
					






View less classifications","C12N 9/0073
					






C12N 15/8218
					






C12N 15/8281
					






C12N 15/8243
					






C12Y 114/13001
					








C12N 9/0073
					






C12N 15/8218
					






C12N 15/8281
					






C12N 15/8243
					






C12Y 114/13001
					






View less classifications",ZHEJIANG NORMAL UNIVERSITY浙江师范大学,ZHANG KEWEI张可伟YU NINGNING俞宁宁ZHANG YANJUN张艳军ZHAO LI赵利YU QILU俞启璐ZHAO JIANGZHE赵江哲,,(EN) Method and gene for enhancing crop disease resistance by increasing SA content(ZH) 一种通过提高SA含量增强作物抗病性的方法及基因,,"(EN) The invention belongs to the technical field of gene engineering, and discloses a method and gene for enhancing crop disease resistance by improving SA content. The nucleotide sequences of a rice SA hydroxylase gene are as shown in Seq ID No. 1 and Seq ID No. 2, and the amino acid sequences of the encoded protein are as shown in Seq ID No. 3 and Seq ID No. 4. The coding gene of the rice SA hydroxylase protein is identified, a CRISPR/Cas9 gene editing system is used for screening a mutant strain with function loss, and the SA content of the strain with function loss in different periods is detected; a bacterial leaf-blight resistance test and statistical analysis of yield traits prove that the function loss of the OsS5H1 and the OsS5H2 can reduce the degradation of the rice SA to a certainextent and improve the contents of free SA and total SA, so that the disease resistance of plants is improved.(ZH) 本发明属于基因工程技术领域，公开了一种通过提高SA含量增强作物抗病性的方法及基因，水稻SA羟基化酶基因核苷酸序列如Seq ID No.1、Seq ID No.2所示，编码蛋白的氨基酸序列如Seq ID No.3、Seq ID No.4所示。本发明通过鉴定水稻SA羟基化酶蛋白的编码基因，利用CRISPR/Cas9基因编辑系统筛选功能缺失的突变株系，检测功能缺失株系在不同时期的SA含量；通过白叶枯菌抗病试验和产量性状的统计分析，证明OsS5H1和OsS5H2的功能缺失可以一定程度上减少水稻SA降解，提高游离SA和总SA含量，进而提高植物抗病性。",,,成都佳划信知识产权代理有限公司 51266,,,,,,,,
CN324363002,202110347668,China,31.03.2021,112779271,11.05.2021,B,"C12N 15/29
					






C12N 15/84
					






C07K 14/415
					






A01H 4/00
					






A01H 5/00
					






A01H 6/46
					








C12N 15/29
					






C12N 15/84
					






C07K 14/415
					






A01H 4/00
					






A01H 5/00
					






A01H 6/46
					






View less classifications","C07K 14/415
					






C12N 15/8218
					






C12N 15/8282
					






A01H 4/005
					








C07K 14/415
					






C12N 15/8218
					






C12N 15/8282
					






A01H 4/005
					






View less classifications",FUJIAN AGRICULTURE AND FORESTRY UNIVERSITY福建农林大学,WANG MO王莫LU MINFENG陆民锋SHI HUA时华,,(EN) Rice gene OsFd2 and applications of rice gene OsFd2 in rice resistance to rice blast(ZH) 水稻基因OsFd2及其在水稻抗稻瘟病中的应用,,"(EN) The invention provides a rice gene OsFd2 and applications of the rice gene OsFd2 in rice resistance to rice blast. A CRISPR/Cas9 method is adopted to knock out the rice gene OsFd2, and the phenotypic complementation of mutant plants can be performed through an overexpression vector genetic transformation method. Magnaporthe oryzae inoculation experiments are respectively carried out on wild type, knocked-out mutant and overexpression complemented plants. Results show that the knocked-out OsFd2 significantly enhances the resistance of rice plants to magnaporthe oryzae, but lethal phenotype at seedling stages is generated; and compared with mutants, the OsFd2 overexpression complemented plants is normal in growth and recovery and more susceptible to rice blast then wild types. Thus, the above results show that the OsFd2 is the gene that negatively regulates rice immunity against the rice blast and the key gene required by the normal growth of rice. The content of the invention is to provide an endogenous gene target for enhancing rice resistance through an induced silencing method when field rice blast occurs.(ZH) 本发明提供了一种水稻基因OsFd2及其抗稻瘟病的应用，本发明采用CRISPR/Cas9的方法对水稻基因OsFd2进行敲除，并通过过表达载体遗传转化方法进行突变体植株表型回补。分别对野生型、敲除突变体与过表达回补植株进行稻瘟病菌接种实验。结果显示，敲除OsFd2明显提高了水稻植株对稻瘟病菌的抗性，但产生苗期致死表型；而OsFd2过表达回补植株与突变体相比，生长恢复正常，表现为比野生型更感稻瘟病。上述结果表明，OsFd2为负调控水稻抗稻瘟病免疫的基因，也是水稻正常生长所必需的关键基因。本发明内容为田间稻瘟病发生时通过诱导沉默方式提高水稻抗性提供一种内源基因靶标。",112779271,13.05.2022,福州元创专利商标代理有限公司 35100福州元创专利商标代理有限公司 35100,,,,,,,,
,,,,,,,,,,,,,,,,,,,,,,,,,
CN442609968,202411076249,China,07.08.2024,118834906,25.10.2024,A,"C12N 15/82
					






C12N 15/113
					






A01H 5/00
					






A01H 6/46
					








C12N 15/82
					






C12N 15/113
					






A01H 5/00
					






A01H 6/46
					






View less classifications","C12N 15/8286
					






C12N 15/8218
					






C12N 15/8205
					






C12N 15/113
					






C12N 2310/141
					








C12N 15/8286
					






C12N 15/8218
					






C12N 15/8205
					






C12N 15/113
					






C12N 2310/141
					






View less classifications","WUHAN UNIVERSITY武汉大学YUAN LONGPING HIGH-TECH AGRICULTURE CO., LTD.袁隆平农业高科技股份有限公司WUHAN HETAIQING BIOTECHNOLOGY CO., LTD.武汉禾泰青生物科技有限公司",DU BO杜波HE GUANGCUN何光存YANG YUANZHU杨远柱CHEN RONGZHI陈荣智QIN PENG秦鹏ZHU LILI祝莉莉WANG KAI王凯DENG ZHAO邓钊,,(EN) Application of rice miR5513 in brown planthopper resistance of rice(ZH) 水稻miR5513在水稻抗褐飞虱中的应用,,"(EN) The invention belongs to the technical field of botany and genetic engineering, and particularly relates to application of rice miR5513 to brown planthopper resistance of rice. According to the invention, the expression of miR5513 or a precursor thereof in insect-infected rice is reduced or knocked out on the basis of target mimic and CRISPR/Csa9 technologies, so that the resistance of rice to brown planthoppers is enhanced; compared with traditional chemical prevention and control, improvement of crop resistance through genetic engineering means is a more environment-friendly and sustainable solution. According to the method, the use amount and frequency of pesticides are reduced, the pollution to the environment and the damage to an ecological system are reduced, and a research result of the method has reference significance for researching gene molecule functions and breeding.(ZH) 本发明属于植物学和基因工程技术领域，更具体地，本发明涉及水稻miR5513在水稻抗褐飞虱中的应用；本发明基于target mimicry和CRISPR/Csa9技术下调或敲除感虫水稻中miR5513或其前体的表达，增强了水稻对褐飞虱的抗性；与传统的化学防治相比，通过遗传工程手段改良作物的抗性是一种更为环保和可持续的解决方案。它减少了农药的使用量和频率，降低了对环境的污染和对生态系统的破坏，并且本发明的研究成果对于研究基因分子功能和育种具有借鉴意义。",,,武汉科湖知识产权代理事务所(普通合伙) 42313,,,,,,,,
CN373556840,202210705079,China,21.06.2022,114958879,30.08.2022,A,"C12N 15/54
					






C12N 15/82
					






A01H 5/00
					






A01H 6/46
					






C12N 15/11
					






C12Q 1/6895
					








C12N 15/54
					






C12N 15/82
					






A01H 5/00
					






A01H 6/46
					






C12N 15/11
					






C12Q 1/6895
					






View less classifications","C12N 9/1051
					






C12N 15/1137
					






C12N 15/8218
					






C12N 15/8245
					






C12Q 1/6895
					






C12Y 204/01242
					






View more classifications
							






C12N 9/1051
					






C12N 15/1137
					






C12N 15/8218
					






C12N 15/8245
					






C12Q 1/6895
					






C12Y 204/01242
					






C12N 2310/20
					






C12Q 2600/13
					






View less classifications","QINGDAO HAIPI RICE RESEARCH AND DEVELOPMENT CENTER CO., LTD.青岛海水稻研究发展中心有限公司",LIU JIAYIN刘佳音LI RUJIAN李儒剑WAN JILI万吉丽YIN XIAOJIA尹晓佳LI XIA李霞YU MENG于萌YIN HUIDE殷会德GU XIAOZHEN顾晓振MI TIEZHU米铁柱LUAN YIFANG栾一方WANG PING王平,,(EN) Method for breeding waxy rice mutant through site-directed gene knockout(ZH) 通过定点基因敲除选育糯性水稻突变体的方法,,"(EN) The invention discloses a method for breeding a waxy rice mutant through site-directed gene knockout, and belongs to the technical field of crop genetic breeding. According to the method for breeding the waxy rice mutant through site-directed gene knockout, a recombinant vector of the waxy rice based on CRISPR/Cas9 site-directed gene knockout breeding is transformed into rice, positive transformation plants are identified, gene knockout plants are further screened, transgenic ingredients are removed, and the waxy rice mutant is obtained. The method disclosed by the invention is efficient, the improved rice material shows waxy property, and a new planting resource is provided for rice breeding.(ZH) 本发明公开了一种通过定点基因敲除选育糯性水稻突变体的方法，属于作物遗传育种技术领域。本发明通过定点基因敲除选育糯性水稻突变体的方法是将基于CRISPR/Cas9的定点基因敲除选育糯性水稻的重组载体转化到水稻中，鉴定阳性转化植株，进一步筛选基因敲除植株，并剔除转基因成分，即得糯性水稻突变体。本发明的方法高效，经过改良的水稻材料均表现糯性，为水稻育种提供了新的种植资源。",,,山东三邦知识产权代理事务所(普通合伙) 37308,,,,,,,,
CN327305336,202110135854,China,01.02.2021,112899299,04.06.2021,A,"C12N 15/82
					






C12N 15/53
					






C12N 9/02
					






C12N 15/113
					






A01H 5/02
					






A01H 6/54
					








C12N 15/82
					






C12N 15/53
					






C12N 9/02
					






C12N 15/113
					






A01H 5/02
					






A01H 6/54
					






View less classifications","C12N 15/8218
					






C12N 15/827
					






C12N 9/0073
					






C12N 15/113
					






C12Y 114/13088
					






C12N 2310/20
					








C12N 15/8218
					






C12N 15/827
					






C12N 9/0073
					






C12N 15/113
					






C12Y 114/13088
					






C12N 2310/20
					






View less classifications","INSTITUTE OF CROP SCIENCE, CHINESE ACADEMY OF AGRICULTURAL SCIENCES中国农业科学院作物科学研究所",HOU WENSHENG侯文胜CHEN LI陈莉YUAN SHAN袁珊SUN SHI孙石,,(EN) Method for changing soybean flower color by using CRISPR-Cas9 modified GmW1 gene(ZH) 一种利用CRISPR-Cas9修饰GmW1基因改变大豆花色的方法,,"(EN) The invention discloses a method for changing soybean flower color by using a CRISPR-Cas9 modified GmW1 gene. The invention provides an application of a substance for reducing the activity or content of protein W1 in changing the plant flower color, or an application of a substance for inhibiting expression of a nucleic acid molecule for encoding the protein W1 in changing the plant flower color; and the protein W1 is obtained by encoding a DNA molecule shown in a sequence 1 in a sequence table. Experiments prove that the W1 gene of daidzein 3' 5'-hydroxylase is related to the flower color, and the gene is edited to terminate expression, so that purple flowers can be changed into white flowers, and the plant flower color is changed.(ZH) 本发明公开了一种利用CRISPR‑Cas9修饰GmW1基因改变大豆花色的方法。本发明提供了降低蛋白W1活性或含量的物质在改变植物花色中的应用；或，抑制编码所述蛋白W1的核酸分子表达的物质在改变植物花色中的应用；所述蛋白W1由序列表中序列1所示的DNA分子编码得到。本发明的实验证明了，大豆黄酮3’5’‑羟化酶的W1基因与花色相关，基因编辑该基因使其终止表达，可以实现紫色花变成白色花，改变植物花色。",,,北京纪凯知识产权代理有限公司 11245,,,,,,,,
,,,,,,,,,,,,,,,,,,,,,,,,,
CN351926035,202210029979.X,China,12.01.2022,114045356,15.02.2022,B,"C12Q 1/689
					






C12Q 1/6844
					






C12N 15/11
					






C12R 1/01
					








C12Q 1/689
					






C12Q 1/6844
					






C12N 15/11
					






C12R 1/01
					






View less classifications","C12Q 1/689
					






C12Q 1/6844
					








C12Q 1/689
					






C12Q 1/6844
					






View less classifications",ZHONGKAI UNIVERSITY OF AGRICULTURE AND ENGINEERING仲恺农业工程学院,LIN JINTIAN林进添LIANG FANG梁芳WU ZHONGZHEN吴仲真SHU BENSHUI舒本水BIN SHUYING宾淑英YANG QING杨清,,(EN) Kit and method for visual detection of citrus huanglongbing based on RPA-CRISPR-Cas12a system(ZH) 一种基于RPA-CRISPR-Cas12a体系可视化检测柑橘黄龙病的试剂盒及方法,,"(EN) The invention discloses a kit and a method for visual detection of citrus huanglongbing on the basis of an RPA-CRISPR-Cas12a system. The kit comprises an RPA primer and a crRNA guide sequence. The method comprises the following steps: carrying out RPA amplification on a to-be-detected sample, guiding a CRISPR-Cas12a system to carry out recognition combination on an RPA amplification product under the mediation of a crRNA sequence, cutting target double-stranded DNA to activate a non-specific nuclease function, randomly cutting an ssDNA fluorescent probe in the system to obtain a split product, and finally carrying out judgment through color development detection of the split product. The citrus huanglongbing can be duplexly and specifically detected through RPA amplification and crRNA recognition, high specificity is realized, sensitivity can be as low as 2 copies/[mu]L, plants infected with the citrus huanglongbing can be found earlier, and the citrus huanglongbing can be prevented and treated.(ZH) 本发明公开了一种基于RPA‑CRISPR‑Cas12a体系可视化检测柑橘黄龙病的试剂盒及方法。所述试剂盒包含RPA引物和crRNA引导序列；通过先对待测样品进行RPA扩增，再在crRNA序列介导下，引导CRISPR‑Cas12a体系对RPA扩增产物进行识别结合并切割目标双链DNA激活非特异性核酸酶功能，然后任意切割体系中的ssDNA荧光探针得到裂解产物，最后通过裂解产物的显色检测进行判断。本发明通过RPA扩增及crRNA识别可双重特异地对检测柑橘黄龙病进行检测，特异性强，且在灵敏度上可低至2拷贝/μL，可以更早发现感染柑橘黄龙病的植株，对柑橘黄龙病进行防治。",114045356,26.04.2022,广州粤高专利商标代理有限公司 44102,,,,,,,,
CN402732621,202210996308,China,19.08.2022,116376966,04.07.2023,A,"C12N 15/84
					






C12N 15/66
					






C12N 15/54
					






A01H 6/58
					






A01H 5/00
					








C12N 15/84
					






C12N 15/66
					






C12N 15/54
					






A01H 6/58
					






A01H 5/00
					






View less classifications","C12N 15/8218
					






C12N 15/8246
					






C12N 15/66
					






C12N 9/1059
					






C12Y 204/01012
					






Y02E 50/10
					








C12N 15/8218
					






C12N 15/8246
					






C12N 15/66
					






C12N 9/1059
					






C12Y 204/01012
					






Y02E 50/10
					






View less classifications","INSTITUTE OF BAST FIBER CROPS, CHINESE ACADEMY OF AGRICULTURAL SCIENCES中国农业科学院麻类研究所",GUO YUAN郭媛XIAO QINGMEI肖青梅WEN LAN温岚,,(EN) Flax cellulose synthetase gene knockout vector as well as construction method and application thereof(ZH) 亚麻纤维素合成酶基因敲除载体及其构建方法和应用,,"(EN) The invention discloses a flax cellulose synthetase gene knockout vector as well as a construction method and application thereof, and belongs to the technical field of gene engineering. According to the invention, flax cellulose synthetase genes LuusCESA4 and LuusCESA8 are taken as target genes, single knockout vectors of the LuusCESA4 and LuusCESA8 are respectively constructed by utilizing a CRISPR/Cas9 editing system, and a CESA8 gene editing transgenic plant is successfully obtained through genetic transformation. The CRISPR/Cas9 gene editing technology is utilized for the first time to perform gene editing on CESA4 and CESA8 genes of flax, a CESA8 gene edited transgenic plant is successfully obtained, the CRISPR/Cas9 gene editing technology is successfully applied to molecular breeding of flax, a foundation is laid for further research on the cellulose synthesis mechanism of flax, and the method has the advantages of being high in application value and wide in application prospect. The method has important guiding significance on flax breeding and variety improvement.(ZH) 本发明公开了亚麻纤维素合成酶基因敲除载体及其构建方法和应用，属于基因工程技术领域。本发明以亚麻纤维素合成酶基因LusCESA4和LusCESA8为目标基因，利用CRISPR/Cas9编辑系统，分别构建了LusCESA4和LusCESA8的单敲除载体，并通过遗传转化成功获得CESA8基因编辑转基因植株。本发明首次利用CRISPR/Cas9基因编辑技术，对亚麻的CESA4与CESA8基因进行基因编辑，成功获得CESA8基因编辑转基因植株，本发明将CRISPR/Cas9基因编辑技术成功应用在亚麻的分子育种中，为进一步研究亚麻的纤维素合成机理奠定了基础，对亚麻育种和品种改良具有重要的指导意义。",,,北京世誉鑫诚专利代理有限公司 11368,,,,,,,,
KR358034521,1020200128828,Republic of Korea,06.10.2020,1020220045784,13.04.2022,B1,"C12N 9/22
					






A01H 1/06
					






C12N 15/10
					






C12N 15/113
					






C12N 15/82
					








C12N 9/22
					






A01H 1/06
					






C12N 15/10
					






C12N 15/113
					






C12N 15/82
					






View less classifications","C12N 9/22
					






A01H 1/06
					






C12N 15/102
					






C12N 15/113
					






C12N 15/8216
					






C12N 15/8289
					






View more classifications
							






C12N 9/22
					






A01H 1/06
					






C12N 15/102
					






C12N 15/113
					






C12N 15/8216
					






C12N 15/8289
					






C12N 2310/20
					






View less classifications","한경대학교 산학협력단주식회사클론HANKYONG INDUSTRY ACADEMIC COOPERATION CENTERCLONE CO., LTD.",KANG KWON KYOOJUNG YU JINKYUNG JUNG HO강권규정유진경정호,,(EN) METHOD FOR MANUFACTURING SIMS10 GENE KNOCKOUT TOMATO PLANT USING CRISPR/Cas9 SYSTEM AND MALE-STERILE TOMATO PLANT PREPARED BY METHOD(KO) CRISPR/Cas9 시스템을 이용한 SlMS10 유전자 녹아웃 토마토 식물체의 제조방법 및 상기 방법에 의해 제조된 웅성 불임 토마토 식물체,,"(EN) The present invention relates to a method for producing Solanum lycopersicum male sterile 10 (SlMS10) gene knockout tomato plant using a CRISPR/Cas9 system and a male sterile tomato plant produced by the method. The male-sterile tomato plants through the CRISPR/Cas9 system are produced, the SlMS10 gene can be rapidly introduced into elite lines, and the time required to remove linkage drag is reduced compared to conventional breeding methods. A composition for genome correction for inducing male sterility in tomato plants comprises: a complex (ribonucleoprotein) of guide RNA and endonuclease protein specific for a target sequence of the tomato-derived SlMS10 gene; or a recombinant vector containing DNA encoding a guide RNA specific to the target sequence of the tomato-derived SlMS10 gene and a nucleic acid sequence encoding an endonuclease protein. COPYRIGHT KIPO 2023(KO) 본 발명은 CRISPR/Cas9 시스템을 이용한  ( male sterile 10) 유전자 녹아웃 토마토 식물체의 제조방법 및 상기 방법에 의해 제조된 웅성 불임 토마토 식물체에 관한 것으로, 본 발명은 CRISPR/Cas9 시스템을 통해 웅성 불임 토마토 식물체를 제조하였으며, 이는 엘리트 계통에 신속하게 도입될 수 있고, 기존 육종 방법에 비해 linkage drag를 제거하기 위해 필요한 시간을 단축할 수 있는 장점이 있다.
        SlMS10
        Solanum lycopersicum",102453800,12.10.2022,최규환,,,,,,,,
CN226031897,201810146654,China,12.02.2018,108486145,04.09.2018,A,"C12N 15/82
					






C12N 15/66
					






A01H 5/00
					






A01H 6/46
					






A01H 6/20
					








C12N 15/82
					






C12N 15/66
					






A01H 5/00
					






A01H 6/46
					






A01H 6/20
					






View less classifications","C12N 15/8213
					






C12N 2800/80
					






C12N 2810/10
					








C12N 15/8213
					






C12N 2800/80
					






C12N 2810/10
					






View less classifications","INSTITUTE OF GENETICS AND DEVELOPMENTAL BIOLOGY, CHINESE ACADEMY OF SCIENCES中国科学院遗传与发育生物学研究所",HU ZANMIN胡赞民FAN CHENGMING范成明LI DONGDONG李冬冬WANG XIAOBO王晓波CHEN YUHONG陈宇红YUAN JING袁静HAN FANGPU韩方普ZHANG YANFENG张彦峰,,(EN) Plant high-efficiency homologous recombination method based on CRISPR/Cas9(ZH) 基于CRISPR/Cas9的植物高效同源重组方法,,"(EN) The invention provides a plant high-efficiency homologous recombination method based on CRISPR/Cas9. According to the plant high-efficiency homologous recombination method based on CRISPR/Cas9, a geneediting carrier and a gene homologous recombination carrier are constructed based on plant target genes for editing, the two carriers are adopted for conversion of plants at the same time so as to obtain transgenic plants; wherein the gene editing carrier at least comprises a Cas9 expression cassette and a gRNA expression cassette; the gene homologous recombination carrier at least comprises a copying sub-element, a homologous left arm, a gene for knocking in, and a homologous right arm which come from bean yellow dwarf virus. According to the plant high-efficiency homologous recombination method, a target donor fragment and a gene editing element are constructed onto the two carriers respectively, so that the load of replicors is reduced, the copy number of the target homologous segmentis increased, the copy number of a target sequence is increased on the base of effective editing on chromosome, and homologous recombination efficiency is increased greatly.(ZH) 本发明提供一种基于CRISPR/Cas9的植物高效同源重组方法，根据待编辑的植物靶基因，分别构建基因编辑载体和基因同源重组载体，然后，用两种载体共同转化植物，获得转基因植株。其中，所述基因编辑载体至少包含Cas9表达框和gRNA表达元件，所述基因同源重组载体至少包含来源于菜豆黄矮病毒的复制子元件、同源左臂、待敲入基因和同源右臂。本发明将靶标供体片段和基因编辑元件分别构建在两个载体上，减少了复制子的负荷，有效增加了靶标同源片段的拷贝数，在有效地对染色体进行编辑的基础上，增加了靶标序列的拷贝数，将极大地提高同源重组的效率。",,,北京路浩知识产权代理有限公司 11002北京路浩知识产权代理有限公司 11002,,,,,,,,
CN321129228,202011507748,China,18.12.2020,112501187,16.03.2021,A,"C12N 15/53
					






C12N 15/82
					






A01H 5/00
					






A01H 6/54
					








C12N 15/53
					






C12N 15/82
					






A01H 5/00
					






A01H 6/54
					






View less classifications","C12N 9/0071
					






C12Y 114/19004
					






C12Y 114/19005
					






C12Y 114/19006
					






C12N 15/8247
					






C12N 15/8216
					








C12N 9/0071
					






C12Y 114/19004
					






C12Y 114/19005
					






C12Y 114/19006
					






C12N 15/8247
					






C12N 15/8216
					






View less classifications","INSTITUTE OF CROP SCIENCE, CHINESE ACADEMY OF AGRICULTURAL SCIENCES中国农业科学院作物科学研究所",CHEN LI陈莉HOU WENSHENG侯文胜CAI YUPENG蔡宇鹏FU MINGXUE付明雪WU CUNXIANG吴存祥HAN TIANFU韩天富SUN SHI孙石,,(EN) Method for obtaining high-oleic-acid-content soybeans by simultaneously editing and modifying genes GmFAD2-1A and GmFAD2-1B(ZH) 利用同时基因编辑修饰GmFAD2-1A和GmFAD2-1B获得高油酸大豆的方法,,"(EN) The invention discloses a method for obtaining high-oleic-acid-content soybeans by simultaneously editing and modifying genes GmFAD2-1A and GmFAD2-1B. The method for carrying out gene editing on the gene GmFAD2-1B in a starting plant comprises the following steps of carrying out gene editing on the gene GmFAD2-1B in the starting plant by using a CRISPR/Cas9 system, and enabling the gene GmFAD2-1Bto mutate to cause early termination of translation protein, thereby obtaining a transgenic plant; and realizing gene editing of the gene GmFAD2-1B in the starting plant. According to the invention, the soybean fatty acid desaturase coding gene GmFAD2-1B is subjected to specific target fixed-point knockout by utilizing the CRISPR/Cas9 mediated gene editing technology to obtain a soybean mutant material with high oleic acid content of about 50%, so that a new material is provided for breeding of high-oleic-acid-content soybean varieties.(ZH) 本发明公开了利用同时基因编辑修饰GmFAD2‑1A和GmFAD2‑1B获得高油酸大豆的方法。本发明提供一种对出发植物中GmFAD2‑1B基因进行基因编辑的方法，包括如下步骤：用CRISPR/Cas9系统对出发植物中的GmFAD2‑1B基因进行基因编辑，且使所述GmFAD2‑1B基因发生突变导致翻译蛋白提前终止，得到转基因植物；实现出发植物中GmFAD2‑1B基因的基因编辑；本发明利用CRISPR/Cas9介导的基因编辑技术对大豆脂肪酸去饱和酶编码基因GmFAD2‑1B进行特定靶点的定点敲除，获得油酸含量达50％左右的高油酸含量的大豆突变体材料，为高油酸大豆品种选育提供新材料。",,,北京纪凯知识产权代理有限公司 11245,,,,,,,,
CN321128961,202011500864,China,18.12.2020,112501198,16.03.2021,A,"C12N 15/82
					






C12N 15/53
					






A01H 5/10
					






A01H 6/54
					








C12N 15/82
					






C12N 15/53
					






A01H 5/10
					






A01H 6/54
					






View less classifications","C12N 9/0071
					






C12Y 114/19004
					






C12Y 114/19005
					






C12Y 114/19006
					






C12N 15/8247
					






C12N 15/8216
					








C12N 9/0071
					






C12Y 114/19004
					






C12Y 114/19005
					






C12Y 114/19006
					






C12N 15/8247
					






C12N 15/8216
					






View less classifications","INSTITUTE OF CROP SCIENCE, CHINESE ACADEMY OF AGRICULTURAL SCIENCES中国农业科学院作物科学研究所",CHEN LI陈莉HOU WENSHENG侯文胜FU MINGXUE付明雪SUN SHI孙石HAN TIANFU韩天富CAI YUPENG蔡宇鹏WU CUNXIANG吴存祥,,(EN) Method for preparing soybeans with high oleic acid content(ZH) 一种制备高油酸的大豆的方法,,"(EN) The invention discloses a method for preparing soybeans with high oleic acid content. The method for carrying out gene editing on a GmFAD2-1B gene in a starting plant is provided and comprises the following steps: carrying out gene editing on the GmFAD2-1B gene in the starting plant by using a CRISPR/Cas9 system, and enabling the GmFAD2-1B gene to mutate to cause early termination of translation protein to obtain a transgenic plant; and realizing gene editing of the GmFAD2-1B gene in the starting plant. The soybean fatty acid desaturase coding gene GmFAD2-1B is subjected to specific target spot fixed-point knockout by utilizing a CRISPR/Cas9 mediated gene editing technology, and a soybean mutant material with high oleic acid content of about 50% is obtained, so that a new material is provided for breeding of soybean varieties with high oleic acid content.(ZH) 本发明公开了一种制备高油酸的大豆的方法。本发明提供一种对出发植物中GmFAD2‑1B基因进行基因编辑的方法，包括如下步骤：用CRISPR/Cas9系统对出发植物中的GmFAD2‑1B基因进行基因编辑，且使所述GmFAD2‑1B基因发生突变导致翻译蛋白提前终止，得到转基因植物；实现出发植物中GmFAD2‑1B基因的基因编辑；本发明利用CRISPR/Cas9介导的基因编辑技术对大豆脂肪酸去饱和酶编码基因GmFAD2‑1B进行特定靶点的定点敲除，获得油酸含量达50％左右的高油酸含量的大豆突变体材料，为高油酸大豆品种选育提供新材料。",,,北京纪凯知识产权代理有限公司 11245,,,,,,,,
US335023216,17257595,United States of America,03.07.2019,20210269816,02.09.2021,A1,"C12N 15/82
					








C12N 15/82
					






View less classifications","C12N 15/8216
					






C12N 15/8261
					








C12N 15/8216
					






C12N 15/8261
					






View less classifications","Guangdong Sanjie Forage Biotechnology Co., Ltd",Haitao ChenWen WangXiongping XieQiang QiuZhanhuan ShangKexian SuHui He,,(EN) Method of Obtaining Multileaflet Medicago Sativa Materials by Means of MsPALM1 Artificial Site-Directed Mutants,,"(EN) 
Disclosed is a method for obtaining multileaflet Medicago sativa materials by means of MsPALM1 artificial site-directed mutants. The method comprises: selecting a target site from an exon region of a compound leaf developmental regulatory gene MsPALM1 of Medicago sativa and constructing a plant CRISPR/Cas9 editing recombinant vector MsCRISPR/Cas9::PALM1 and introducing the vector into Medicago sativa cells and regenerating into plants, cutting and repairing to cause a loss-of-function mutation in the MsPALM1 gene of Medicago sativa cells, and then screening the mutant plants by restriction endonuclease digestion and/or targeted deep sequencing of the target sites of the regenerated plants to obtain lines carrying four MsPALM1 allelic genes with simultaneous loss of function mutation. After phenotypic identification, it was confirmed that the compound leaves of the regenerated plants changed from three leaflets to five leaflets. The method can quickly obtain multileaflet Medicago sativa materials with a short breeding period and stable trait.",,,,201810724563.3 04.07.2018 CN,"CN108949774

WO/2020/007332

AU2019297209

CA3105397

EP3816292

US20210171973",,,,,,
,,,,,,,,,,,,,,,,,,,,,,,,,
CN316327743,201880090027,China,21.12.2018,112204147,08.01.2021,A,"C12N 15/82
					






C12N 15/63
					






A01H 4/00
					






A01H 1/08
					








C12N 15/82
					






C12N 15/63
					






A01H 4/00
					






A01H 1/08
					






View less classifications","A01H 1/08
					






A01H 4/00
					






C12N 15/63
					






C12N 15/8201
					






C12N 15/8207
					






C12N 15/8213
					






View more classifications
							






A01H 1/08
					






A01H 4/00
					






C12N 15/63
					






C12N 15/8201
					






C12N 15/8207
					






C12N 15/8213
					






C12N 15/8216
					






C12N 15/8217
					






C12N 2310/20
					






View less classifications",KWS SAAT SE科沃施种子欧洲股份两合公司,LABS MATHIASM·拉布斯HUMMEL AARONA·赫梅尔MEI YU梅钰,,(EN) CPF1 BASED TRANSCRIPTION REGULATION SYSTEMS IN PLANTS(ZH) 基于Cpf1的植物转录调控系统,,"(EN) The present invention relates to the targeted regulation of gene expression and more specifically to synthetic transcription factors (STFs) comprising at least one highly target specific engineered recognition domain based on a CRISPR/Cpf1 system and further comprising at least one activation or silencing domain to modulate the expression of a gene of interest, preferably to modulate the transcription of a morphogenic gene of a eukaryote, in particular a plant. Further disclosed are methods using the STFs to enhance transformation frequencies, to optimize successful genome editing approaches,to provide haploid or double haploid organisms, and/or to provide compositions suitable for general transformation, but also for breeding purposes.(ZH) 本发明涉及基因表达的靶向调控，更具体地涉及合成转录因子(STF)，其包含至少一个基于CRISPR/Cpf1系统的高靶向特异性工程化识别结构域，还包含至少一个激活或沉默结构域以调控目的基因的表达，优选地调控真核生物特别是植物的形态发生基因的转录。本发明还公开了使用STF以提高转化频率，优化成功的基因组编辑方法，提供单倍体或双单倍体生物，以及/或者提供适于一般转化但也适于育种目的的组合物的方法。",,,,"62/609,508 22.12.2017 US62/758,068 09.11.2018 US","AU2018390965

CA3086619

WO/2019/122394

EP3728605

BR112020012327

US20210071189",,,,,,
CA300120963,3086619,Canada,21.12.2018,3086619,27.06.2019,A1,"C12N 15/82
					






A01H 1/08
					






A01H 4/00
					






C12N 15/63
					








C12N 15/82
					






A01H 1/08
					






A01H 4/00
					






C12N 15/63
					






View less classifications","A01H 1/08
					






A01H 4/00
					






C12N 15/63
					






C12N 15/8201
					






C12N 15/8207
					






C12N 15/8213
					






View more classifications
							






A01H 1/08
					






A01H 4/00
					






C12N 15/63
					






C12N 15/8201
					






C12N 15/8207
					






C12N 15/8213
					






C12N 15/8216
					






C12N 15/8217
					






C12N 2310/20
					






View less classifications",KWS SAAT SE & CO. KGAA,"LABS, MATHIASHUMMEL, AARONMEI, YU",,(EN) CPF1 BASED TRANSCRIPTION REGULATION SYSTEMS IN PLANTS(FR) SYSTEMES DE REGULATION DE LA TRANSCRIPTION BASES SUR CPF1 DANS DES PLANTES,,"(EN) The present invention relates to the targeted regulation of gene expression and more specifically to synthetic transcription factors (STFs) comprising at least one highly target specific engineered recognition domain based on a CRISPR/Cpf1 system and further comprising at least one activation or silencing domain to modulate the expression of a gene of interest, preferably to modulate the transcription of a morphogenic gene of a eukaryote, in particular a plant. Further disclosed are methods using the STFs to enhance transformation frequencies, to optimize successful genome editing approaches, to provide haploid or double haploid organisms, and/or to provide compositions suitable for general transformation, but also for breeding purposes.(FR) La présente invention concerne la régulation ciblée de l'expression génique et plus spécifiquement des facteurs de transcription synthétiques (STFs) comprenant au moins un domaine de reconnaissance génétiquement modifié cible extrêmement spécifique basé sur un système CRISPR/Cpf1 et comprenant en outre au moins un domaine d'activation ou de silençage pour moduler l'expression d'un gène d'intérêt, de préférence pour moduler la transcription d'un gène morphogénique d'un eucaryote, en particulier d'une plante. L'invention concerne en outre des procédés utilisant les STF pour améliorer des fréquences de transformation, pour optimiser des approches d'édition de génome réussies, pour fournir des organismes haploïdes ou haploïdes doubles, et/ou pour fournir des compositions appropriées à une transformation générale, mais également à des fins de reproduction.",,,,"62/609,508 22.12.2017 US62/758,068 09.11.2018 US","AU2018390965

WO/2019/122394

EP3728605

BR112020012327

CN112204147

US20210071189",,,,,,
,,,,,,,,,,,,,,,,,,,,,,,,,
EP309786263,18830278,European Patent Office,21.12.2018,3728605,28.10.2020,A2,"C12N 15/82
					






A01H 1/08
					






A01H 4/00
					






C12N 15/63
					








C12N 15/82
					






A01H 1/08
					






A01H 4/00
					






C12N 15/63
					






View less classifications","A01H 1/08
					






A01H 4/00
					






C12N 15/63
					






C12N 15/8201
					






C12N 15/8207
					






C12N 15/8213
					






View more classifications
							






A01H 1/08
					






A01H 4/00
					






C12N 15/63
					






C12N 15/8201
					






C12N 15/8207
					






C12N 15/8213
					






C12N 15/8216
					






C12N 15/8217
					






C12N 2310/20
					






View less classifications",KWS SAAT SE & CO KGAA,LABS MATHIASHUMMEL AARONMEI YU,,(DE) TRANSKRIPTIONSREGULATIONSSYSTEME AUF CPF1-BASIS BEI PFLANZEN(EN) CPF1 BASED TRANSCRIPTION REGULATION SYSTEMS IN PLANTS(FR) SYSTÈMES DE RÉGULATION DE LA TRANSCRIPTION BASÉS SUR CPF1 DANS DES PLANTES,,"(EN) The present invention relates to the targeted regulation of gene expression and more specifically to synthetic transcription factors (STFs) comprising at least one highly target specific engineered recognition domain based on a CRISPR/Cpf1 system and further comprising at least one activation or silencing domain to modulate the expression of a gene of interest, preferably to modulate the transcription of a morphogenic gene of a eukaryote, in particular a plant. Further disclosed are methods using the STFs to enhance transformation frequencies, to optimize successful genome editing approaches, to provide haploid or double haploid organisms, and/or to provide compositions suitable for general transformation, but also for breeding purposes.(FR) La présente invention concerne la régulation ciblée de l'expression génique et plus spécifiquement des facteurs de transcription synthétiques (STFs) comprenant au moins un domaine de reconnaissance génétiquement modifié cible extrêmement spécifique basé sur un système CRISPR/Cpf1 et comprenant en outre au moins un domaine d'activation ou de silençage pour moduler l'expression d'un gène d'intérêt, de préférence pour moduler la transcription d'un gène morphogénique d'un eucaryote, en particulier d'une plante. L'invention concerne en outre des procédés utilisant les STF pour améliorer des fréquences de transformation, pour optimiser des approches d'édition de génome réussies, pour fournir des organismes haploïdes ou haploïdes doubles, et/ou pour fournir des compositions appropriées à une transformation générale, mais également à des fins de reproduction.",,,,201762609508 22.12.2017 US201862758068 09.11.2018 US,"AU2018390965

CA3086619

WO/2019/122394

BR112020012327

CN112204147

US20210071189",,,,,"View all
							



AL, AT, BA, BE, BG, CH, CY, CZ, DE, DK, EE, ES, FI, FR, GB, GR, HR, HU, IE, IS, IT, LI, LT, LU, LV, MC, ME, MK, MT, NL, NO, PL, PT, RO, RS, SE, SI, SK, SM, TR
				

Hide all",
,,,,,,,,,,,,,,,,,,,,,,,,,
CN425356613,202311421553,China,19.10.2023,117625603,01.03.2024,A,"C12N 15/113
					






C12N 15/84
					






C12N 15/11
					






C12Q 1/6895
					






A01H 5/00
					






A01H 6/82
					








C12N 15/113
					






C12N 15/84
					






C12N 15/11
					






C12Q 1/6895
					






A01H 5/00
					






A01H 6/82
					






View less classifications","C12N 15/113
					






C12N 15/8273
					






C12N 15/8218
					






C12N 15/8269
					






C12N 15/8261
					






C12N 15/8205
					






View more classifications
							






C12N 15/113
					






C12N 15/8273
					






C12N 15/8218
					






C12N 15/8269
					






C12N 15/8261
					






C12N 15/8205
					






C12Q 1/6895
					






C07K 14/415
					






C12N 2310/20
					






C12Q 2600/156
					






C12Q 2600/13
					






View less classifications",JIANGSU ACADEMY OF AGRICULTURAL SCIENCES江苏省农业科学院,YANG YAN杨艳ZHOU XIAOHUI周晓慧ZHUANG YONG庄勇LIU JUN刘军LIU SONGYU刘松瑜,,(EN) Method for creating cold-resistant eggplant germplasm and application thereof(ZH) 一种创制耐冷茄子种质的方法及其应用,,"(EN) The invention relates to the field of plant genetic engineering, in particular to a method for creating cold-resistant eggplant germplasm and application of the cold-resistant eggplant germplasm. The invention firstly provides sgRNA for creating cold-resistant eggplant germplasm, and the sgRNA can specifically target an eggplant gene SmWRKY4. The CRISPR/Cas9 knockout vector constructed aiming at the sgRNA can perform gene editing on the eggplant gene SmWRKY4, effectively promote photosynthesis of eggplant leaves, reduce relative conductivity of the eggplant leaves and enhance cold resistance of eggplant plants, so that cold-resistant eggplant germplasm can be rapidly created.(ZH) 本发明涉及植物基因工程领域，具体涉及一种创制耐冷茄子种质的方法及其应用。本发明首先提供了用于创制耐冷茄子种质的sgRNA，能够特异性靶向茄子基因SmWRKY4。针对这个sgRNA构建的CRISPR/Cas9敲除载体可以对茄子基因SmWRKY4进行基因编辑，有效促进茄子叶片光合作用，降低茄子叶片的相对电导率，增强茄子植株的耐冷性，从而能快速创制耐冷茄子种质。",,,,,,,,,,,
,,,,,,,,,,,,,,,,,,,,,,,,,
,,,,,,,,,,,,,,,,,,,,,,,,,
,,,,,,,,,,,,,,,,,,,,,,,,,
CN439122164,202410807675,China,21.06.2024,118599895,06.09.2024,A,"C12N 15/82
					






C12N 15/84
					






C12N 15/70
					






C07K 14/415
					






C12N 15/29
					






A01H 5/10
					






View more classifications
							






C12N 15/82
					






C12N 15/84
					






C12N 15/70
					






C07K 14/415
					






C12N 15/29
					






A01H 5/10
					






A01H 5/08
					






A01H 6/46
					






C12R 1/19
					






View less classifications","C12N 15/8261
					






C12N 15/8222
					






C12N 15/8205
					






C12N 15/70
					






C07K 14/415
					






C12R 2001/19
					






View more classifications
							






C12N 15/8261
					






C12N 15/8222
					






C12N 15/8205
					






C12N 15/70
					






C07K 14/415
					






C12R 2001/19
					






Y02A 40/146
					






View less classifications","RICE RESEARCH INSTITUTE, ANHUI ACADEMY OF AGRICULTURAL SCIENCES安徽省农业科学院水稻研究所",DANG XIAOJING党小景JIANG JIANHUA江建华JING CHUNYU景春雨HU CHANGMIN胡长敏XU QING徐庆,,(EN) LOCOs11g10170 gene for regulating and controlling chalkiness of rice as well as encoding protein and application of LOCOs11g10170 gene(ZH) 一种调控水稻垩白的LOC_Os11g10170基因及其编码蛋白和应用,,"(EN) The invention relates to the technical field of plant genetic engineering, in particular to a LOCOs11g10170 gene for regulating and controlling chalkiness of rice as well as an encoding protein and application of the LOCOs11g10170 gene. The nucleotide sequence of the LOCOs11g10170 gene disclosed by the invention is as shown in SEQ ID NO. 1 or as shown in SEQ ID NO. 2. Compared with a negative control, the rice created by utilizing CRISPR/Cas9 has the advantages that the knockout of the LOCOs11g10170 gene in the rice can cause the increase of chalky grain rate and chalkiness degree of the rice, and no significant difference exists in the aspects of growth and development and basic agronomic traits of plants. The gene and the encoded protein thereof participate in rice chalkiness regulation, so that the rice quality is influenced.(ZH) 本发明涉及植物基因工程技术领域，具体涉及一种调控水稻垩白的LOC_Os11g10170基因及其编码蛋白和应用。本发明公开LOC_Os11g10170基因的核苷酸序列如SEQ ID NO.1所示或如SEQ ID NO.2所示。本发明利用CRISPR/Cas9创制的水稻与阴性对照相比，发现敲除水稻中的LOC_Os11g10170基因，会导致水稻垩白粒率和垩白度的增加，而植株的生长发育和基本农艺性状方面则没有显著性差异。说明该基因及其编码蛋白参与稻米垩白调控，从而影响稻米品质。",,,长沙和雅知识产权代理事务所(普通合伙) 43238,,,,,,,,
CN408077341,202180088340,China,05.11.2021,116745418,12.09.2023,A,"C12N 15/10
					








C12N 15/10
					






View less classifications","C12N 15/111
					






C12N 9/1276
					






C12N 9/22
					






C12N 2310/20
					






C12N 2310/3519
					






C12N 15/102
					






View more classifications
							






C12N 15/111
					






C12N 9/1276
					






C12N 9/22
					






C12N 2310/20
					






C12N 2310/3519
					






C12N 15/102
					






C12N 15/62
					






C12Y 207/07049
					






C07K 2319/80
					






C07K 2319/00
					






C07K 14/4702
					






C12N 15/11
					






C12Q 2521/107
					






C12N 2800/10
					






C12N 2800/80
					






C12N 15/905
					






C12N 15/907
					






C12N 15/66
					






C12N 15/902
					






C12N 15/113
					






View less classifications","CHENGDUI PLANT SERVICE CO., LTD.成对植物服务股份有限公司","KIM YOUHANY·金WATERS, JAMES, M.J·M·瓦特斯HAMMERL ANDREASA·哈默尔LAWIT, SHAI, J.S·J·拉维特SCHWAK DIETERD·施瓦克",,(EN) Compositions and methods for RNA-encoded DNA substitution of alleles(ZH) 用于等位基因的RNA编码的DNA替换的组合物和方法,,"(EN) The present invention relates to recombinant nucleic acid constructs comprising a CRISPR-Cas effector protein, a reverse transcriptase and an extended guiding nucleic acid, and methods of using the same to modify nucleic acids in plants.(ZH) 本发明涉及包含CRISPR‑Cas效应蛋白、逆转录酶和延伸型指导核酸的重组核酸构建体，以及使用其来在植物中修饰核酸的方法。",,,中国贸促会专利商标事务所有限公司 11038,"63/110,386 06.11.2020 US","WO/2022/098993

AU2021374974

CA3200521

BRUS2021058235

KR1020230106633

EP4240844

JP2023549339

NZ798968

IL302526

MX2023005150

CL2023001284

IN202347036333This application is not viewable in PATENTSCOPE because the national phase entry has not been published yet or the national entry is issued from a country that does not share data with WIPO or there is a formatting issue or an unavailability of the application.

SG11202302818VThis application is not viewable in PATENTSCOPE because the national phase entry has not been published yet or the national entry is issued from a country that does not share data with WIPO or there is a formatting issue or an unavailability of the application.",,,,,,
US403483441,17934089,United States of America,21.09.2022,20230242926,03.08.2023,A1,"C12N 15/82
					






C12N 15/113
					






A01H 5/04
					






A01H 5/12
					








C12N 15/82
					






C12N 15/113
					






A01H 5/04
					






A01H 5/12
					






View less classifications","A01H 5/04
					






C12N 15/8213
					






A01H 5/12
					






C12N 15/113
					






C12N 15/8201
					






C12N 15/8203
					






View more classifications
							






A01H 5/04
					






C12N 15/8213
					






A01H 5/12
					






C12N 15/113
					






C12N 15/8201
					






C12N 15/8203
					






C12N 15/8205
					






C12N 15/8207
					






C12N 2310/20
					






View less classifications",KWS SAAT SE & Co. KGaA,Hinrich HARLINGSusana MARTIN-ORTIGOSAMarkus NIESSENCorinna STREITNERNadine SCHUMANNErik JONGEDIJK,,(EN) METHODS AND HYBRIDS FOR TARGETED NUCLEIC ACID EDITING IN PLANTS USING CRISPR/CAS SYSTEMS,,"(EN) 
The present invention relates to methods and hybrids for the targeted modification of a nucleic acid-target region in a plant target structure. The invention specifically relates to methods and hybrids for directly obtaining a plant or plant material which comprises an editing of a nucleic acid introduced in a targeted manner into a meristematic cell. The hybrids can be introduced in a transient and/or stable manner. The invention also relates to novel plant-optimized introduction strategies. The invention further relates to a method for carrying out an in vitro screening assay in order to first check the suitable gRNA candidates in vitro with respect to their efficiency.",,,,102015006335.9 19.05.2015 DE102015014252.6 05.11.2015 DE,"EP3095870

AU2016265197

CA2989368

EP3298148

US20180223295

BR112017024754

CN107849581

EA201792542

WO/2016/184955

DK3298148

ES2953919

UAa201712091This application is not viewable in PATENTSCOPE because the national phase entry has not been published yet or the national entry is issued from a country that does not share data with WIPO or there is a formatting issue or an unavailability of the application.",,,,,,
EP145109802,13835965,European Patent Office,06.09.2013,2893025,15.07.2015,B1,"C12N 5/10
					








C12N 5/10
					






View less classifications","C07K 14/415
					






C12N 15/8213
					






C12N 15/8241
					








C07K 14/415
					






C12N 15/8213
					






C12N 15/8241
					






View less classifications",DOW AGROSCIENCES LLC,COGAN NOELFORSTER JOHNHAYDEN MATTHEWSAWBRIDGE TIMSPANGENBERG GERMANWEBB STEVEN RGUPTA MANJUAINLEY W MIKEHENRY MATTHEW JMASON JOHNKUMAR SANDEEPNOVAK STEPHEN,,(DE) MANIPULIERTE TRANSGENE INTEGRATIONSPLATTFORM (ETIP) FÜR GEN-TARGETING UND MERKMALSBÜNDELUNG(EN) ENGINEERED TRANSGENE INTEGRATION PLATFORM (ETIP) FOR GENE TARGETING AND TRAIT STACKING(FR) PLATEFORME D'INTÉGRATION DE TRANSGÈNE GÉNÉTIQUEMENT MODIFIÉ (ETIP) POUR LE CIBLAGE GÉNIQUE ET L'EMPILEMENT DE CARACTÈRES,,"(EN) An Engineered Transgene Integration Platform (ETIP) is described that can be inserted randomly or at targeted locations in plant genomes to facilitate rapid selection and detection of a GOI that is perfectly targeted (both the 5' and 3' ends) at the ETIP genomic location. One element in the subject disclosure is the introduction of specific double stranded breaks within the ETIP. In some embodiments, an ETIP is described using zinc finger nuclease binding sites, but may utilize other targeting technologies such as meganucleases, CRISPRs, TALs, or leucine zippers. Also described are compositions of, and methods for producing, transgenic plants wherein the donor or payload DNA expresses one or more products of an exogenous nucleic acid sequence (e.g. protein or RNA) that has been stably-integrated into an ETIP in a plant cell. In embodiments, the ETIP facilitates testing of gene candidates and plant expression vectors from ideation through Development phases.(FR) L'invention concerne une plateforme d'intégration de transgène génétiquement modifié (ETIP) qui peut être insérée aléatoirement ou à des emplacements ciblés dans des génomes de plantes pour faciliter la sélection rapide et la détection rapide d'un GOI qui est parfaitement ciblé (à la fois les extrémités 5' et 3') à l'emplacement génomique de l'ETIP. Un élément de la présente invention est l'introduction de coupures spécifiques double brin à l'intérieur de l'ETIP. Dans certains modes de réalisation, une ETIP est décrite à l'aide de sites de liaison à une nucléase à doigt de zinc mais peut utiliser d'autres technologies de ciblage telles que des méganucléases, CRISPR, TAL, ou des fermetures éclair à leucine. L'invention concerne également des compositions et des procédés de production de plantes transgéniques, l'ADN de donneur ou de charge utile exprimant un ou plusieurs produits d'une séquence d'acide nucléique exogène (par ex une protéine ou un ARN) qui a été intégrée de façon stable à l'intérieur d'une ETIP dans une cellule végétale. Dans des modes de réalisation, l'ETIP facilite le test de candidats de gène et des vecteurs d'expression de plantes à partir de l'idéation à travers des phases de développement.",,,,201261697882 07.09.2012 US,"JP2015531598

US20140090113

WO/2014/039872

RU0002666916

CN107267524

CN104838001

BR112015004848

AU2013312352

RU0002666916

AR092479

KR1020150046345

CA2883792

IL237534

NZ705675

CL2015000565

IN2249/DELNP/2015

UAa201503063This application is not viewable in PATENTSCOPE because the national phase entry has not been published yet or the national entry is issued from a country that does not share data with WIPO or there is a formatting issue or an unavailability of the application.",,,,,"View all
							



AL, AT, BA, BE, BG, CH, CY, CZ, DE, DK, EE, ES, FI, FR, GB, GR, HR, HU, IE, IS, IT, LI, LT, LU, LV, MC, ME, MK, MT, NL, NO, PL, PT, RO, RS, SE, SI, SK, SM, TR
				

Hide all",
,,,,,,,,,,,,,,,,,,,,,,,,,
,,,,,,,,,,,,,,,,,,,,,,,,,
CN396410152,202211452218,China,21.11.2022,115896332,04.04.2023,A,"C12Q 1/6895
					






C12Q 1/6844
					






C12Q 1/6806
					






C12R 1/77
					








C12Q 1/6895
					






C12Q 1/6844
					






C12Q 1/6806
					






C12R 1/77
					






View less classifications","Y02A 50/30
					








Y02A 50/30
					






View less classifications",JILIN UNIVERSITY吉林大学,WANG DI王迪LI YINGCHUN李迎春HU QINGZHI胡青织ZHANG YAQIN张雅琴GUO HANGYU郭航宇WANG JIASI王佳思LU JIAHUI逯家辉YANG JIAQI杨家奇HUANG SHIQI黄诗琪,,(EN) Visual detection method of fusarium solanum based on CRISPR/Cas12 and LAMP(ZH) 一种基于CRISPR/Cas12和LAMP的温和镰孢菌可视化检测方法,,"(EN) The invention discloses a fusarium solanum visual detection method based on CRISPR/Cas12 and LAMP, the detection speed is improved by optimizing enzyme digestion reaction conditions, the LAMP and CRISPR/Cas12 are combined to improve the specificity and sensitivity, the detection result is visualized based on AuNP, the method is simpler, more convenient and quicker, and the specificity is stronger; the detection limit of plasmids containing target genes is 10 < 2 > copies/microliter, the detection limit of target bacteria is 10 <-8> ng/microliter, and the method has the characteristic of visualization, solves the problems of complexity, long time consumption, high requirements on instruments and equipment and the like of a traditional detection method, and has huge potential in field detection application of crop pathogenic bacteria.(ZH) 本发明公开了一种基于CRISPR/Cas12和LAMP的温和镰孢菌可视化检测方法，通过优化酶切反应条件提高检测速度，并结合LAMP与CRISPR/Cas以提高特异性和灵敏度，基于AuNP使检测结果可视化，且更为简便快速，特异性更强：利用多条引物扩增目的基因组的特异区域，确保扩增的准确性，检测限较低：含有目的基因的质粒检测限为10<supgt;2</supgt;copies/μL、目标菌的检测限为10<supgt;‑8</supgt;ng/μL，且具有可视化的特点，解决了传统检测方法复杂、耗时长、仪器设备要求高等问题，在农作物病原菌现场检测应用中具有巨大潜力。",,,沈阳一诺君科知识产权代理事务所(普通合伙) 21266,,,,,,,,
CN231672513,201810384373,China,26.04.2018,108588128,28.09.2018,A,"C12N 15/90
					






A01H 5/00
					






A01H 6/54
					








C12N 15/90
					






A01H 5/00
					






A01H 6/54
					






View less classifications","C12N 15/90
					






C12N 2800/80
					






C12N 2810/10
					








C12N 15/90
					






C12N 2800/80
					






C12N 2810/10
					






View less classifications",NANCHANG UNIVERSITY南昌大学,WANG DONG王东TANG YAJUN唐雅君HE REQING贺热情ZHU YOULIN朱友林,,(EN) Construction method and application of high-efficiency soybean CRISPR/Cas9 system(ZH) 一种高效率大豆CRISPR/Cas9系统的构建方法及应用,,"(EN) The invention discloses a construction method and an application of the high-efficiency soybean CRISPR/Cas9 system. Staphylococus aureus Cas9 protein undergoes split expression; and in order to improve editing efficiency and broad spectrum, a soybean SaCas9 editing system is constructed. According to the construction method provided by the invention, a low-efficiency editing system is transformedinto the high-efficiency editing system, so that the application scope of editing soybean genome is widened, and meanwhile, a new thought is provided for solving a problem on crop genome editing efficiency in the future.(ZH) 本发明公开了一种高效率大豆CRISPR/Cas9系统的构建方法及应用，将Staphylococcus aureus Cas9蛋白进行拆分表达，为了提高对大豆基因组的编辑效率及广谱性，构建了大豆SaCas9编辑系统。本发明将一个低效率的编辑系统转变为高效率编辑系统，不仅拓展了编辑大豆基因组的应用广度，也为今后解决农作物基因组编辑效率的问题上提供新思路。",,,江苏圣典律师事务所 32237,,,,,,,,
CN403180578,202310275730,China,16.03.2023,116426565,14.07.2023,A,"C12N 15/84
					






C12N 15/113
					






C12N 15/53
					






A01H 5/00
					






A01H 6/34
					








C12N 15/84
					






C12N 15/113
					






C12N 15/53
					






A01H 5/00
					






A01H 6/34
					






View less classifications","C12N 15/8205
					






C12N 15/8218
					






C12N 15/1137
					






C12N 9/001
					






C12Y 103/99
					






Y02A 50/30
					








C12N 15/8205
					






C12N 15/8218
					






C12N 15/1137
					






C12N 9/001
					






C12Y 103/99
					






Y02A 50/30
					






View less classifications","WUHAN ACADEMY OF AGRICULTURAL SCIENCES武汉市农业科学院HAINAN SANYA CROP BREEDING EXPERIMENTAL CENTER, XINJIANG ACADEMY OF AGRICULTURAL SCIENCES新疆农业科学院海南三亚农作物育种试验中心HAMIMELON RESEARCH CENTER, XINJIANG ACADEMY OF AGRICULTURAL SCIENCES新疆农业科学院哈密瓜研究中心",WANG ZHUANRONG王转茸WAN LILI万丽丽TANG MI汤谧ZHANG XUEJUN张学军REN JIAN任俭ZHANG NA张娜ZENG HONGXIA曾红霞SUN YUHONG孙玉宏XIONG JIANSHUN熊建顺,,(EN) Vector suitable for muskmelon CRISPR/Cas9 gene editing system and application thereof(ZH) 一种适用于甜瓜CRISPR/Cas9基因编辑系统的载体及其应用,,"(EN) The invention relates to the technical field of gene editing, in particular to a vector suitable for muskmelon CRISPR/Cas9 gene editing and application of the vector. A pYLCas9PubiB vector promoter is modified into'pAtUBQ10 + SV40NLS ', 'Cas9 + SV40NLS + NOS (t)' elements are replaced by'AtCas9 + SV40NLS + HSP (t) 'on a pMODA0501 vector, then a pAtU6-26 promoter, a BsaI restriction enzyme cutting site of 2X, gRNA-sc and an AtU6-1 (t) terminator are sequentially added to an Asc restriction enzyme cutting site, so that the vector can be suitable for a vector for CRISPR/Cas9 gene editing of the muskmelon, and when a visual element is not added, the editing efficiency in the muskmelon can reach 3.23%, so that the vector can be applied to the CRISPR/ After the visual element is added, the editing efficiency can reach 2.08%, and the research lays a foundation for perfectly optimizing the application of the pYLCas9PubiB vector in the muskmelon and further improving the gene editing efficiency of the muskmelon.(ZH) 本发明涉及基因编辑技术领域，具体涉及一种适用于甜瓜CRISPR/Cas9基因编辑的载体及其应用。本发明通过将pYL_Cas9Pubi_B载体启动子修改为“pAtUBQ10+SV40NLS”，“Cas9+SV40NLS+NOS(t)”元件替换为pMOD_A0501载体上的“AtCas9+SV40NLS+HSP(t)”，之后在Asc酶切位点处按顺序加入pAtU6‑26启动子、2X的BsaI酶切位点、gRNA‑sc和AtU6‑1(t)终止子，使其能够适用于甜瓜CRISPR/Cas9基因编辑的载体，且当其不添加可视化元件时，在甜瓜中的编辑效率可达到3.23％，添加可视化元件后，其编辑效率可达到2.08％，该研究对于完善优化pYL_Cas9Pubi_B载体在甜瓜中的应用并为进一步提高甜瓜的基因编辑效率奠定了基础。",,,武汉河山金堂专利事务所(普通合伙) 42212,,,,,,,,
CN425949417,202311663304,China,06.12.2023,117660524,08.03.2024,A,"C12N 15/84
					






C12N 15/113
					






C12N 15/29
					






C07K 14/415
					






A01H 5/10
					






A01H 6/46
					






View more classifications
							






C12N 15/84
					






C12N 15/113
					






C12N 15/29
					






C07K 14/415
					






A01H 5/10
					






A01H 6/46
					






C12N 1/21
					






C12R 1/01
					






View less classifications","C12N 15/8245
					






C12N 15/8261
					






C12N 15/113
					






C07K 14/415
					






C12N 2310/20
					








C12N 15/8245
					






C12N 15/8261
					






C12N 15/113
					






C07K 14/415
					






C12N 2310/20
					






View less classifications","INSTITUTE OF CROP SCIENCE, CHINESE ACADEMY OF AGRICULTURAL SCIENCES中国农业科学院作物科学研究所",LIU CHANGLIN刘昌林XIE CHUANXIAO谢传晓MA MINGZHENG马铭政ZHU JINJIE朱金洁QI XIANTAO祁显涛XU XIAOJIE徐孝洁HUANG JING黄晶,,(EN) Method for creating sweet corn germplasm by using gene editing technology(ZH) 利用基因编辑技术创制甜玉米种质的方法,,"(EN) The invention discloses a method for creating sweet corn germplasm by using a gene editing technology. Specifically, the invention discloses an application of a protein with an amino acid sequence of SEQ ID No.2 in preparation of corn with a corn grain shape changed to a sweet corn grain shape. According to the invention, the ZmBT1 gene is knocked out by designing sgRNA (SEQ ID No.4) and a CRISPR/Cas9 gene editing carrier of the sgRNA according to the characteristic that the ZmBT1 gene regulates and controls the corn grain morphology and genome targeted editing of a CRISPR/Cas9 system. Experiments prove that by reducing the expression quantity of the ZmBT1 gene, the taste sweetness of the corn kernels can be remarkably increased, the yellow strength of the corn kernels can be reduced, the endosperm shrinkage degree of the corn kernels can be increased, the corn kernel form is changed to the sweet corn kernel form, and then the sweet corn germplasm is created. The method is of great significance to cultivation of new sweet corn varieties and promotion of commercial sweet corn breeding process.(ZH) 本发明公开了利用基因编辑技术创制甜玉米种质的方法。具体地公开了氨基酸序列为SEQ ID No.2的蛋白质在制备玉米籽粒形态向甜玉米籽粒形态改变的玉米中的应用。本发明利用ZmBT1基因调控玉米籽粒形态的特点及CRISPR/Cas9系统的基因组靶向编辑，通过设计sgRNA(SEQ ID No.4)及其CRISPR/Cas9基因编辑载体来敲除ZmBT1基因。实验证明，通过降低ZmBT1基因的表达量，可显著增加玉米籽粒的口感甜度，降低玉米籽粒黄色强度，增加玉米籽粒胚乳皱缩程度，使玉米籽粒形态向甜玉米籽粒形态改变，进而创制甜玉米种质。本发明对于培育甜玉米新品种、促进商业化甜玉米育种进程、具有重要意义。",,,北京纪凯知识产权代理有限公司 11245,,,,,,,,
CN436471015,202410656891.X,China,24.05.2024,118360297,19.07.2024,A,"C12N 15/29
					






C12N 15/84
					






C12N 15/113
					






A01H 5/10
					






A01H 6/20
					








C12N 15/29
					






C12N 15/84
					






C12N 15/113
					






A01H 5/10
					






A01H 6/20
					






View less classifications","C07K 14/415
					






C12N 15/8261
					






C12N 15/113
					






C12N 2310/20
					








C07K 14/415
					






C12N 15/8261
					






C12N 15/113
					






C12N 2310/20
					






View less classifications",HUAZHONG AGRICULTURAL UNIVERSITY华中农业大学,DAI CHENG戴成ZHU TIANYU朱天宇MA CHAOZHI马朝芝,,(EN) Method for creating high-yield rape germplasm by editing BnaIAA10 by using CRISPR/Cas9(ZH) 利用CRISPR/Cas9编辑BnaIAA10创制高产油菜种质的方法,,"(EN) The invention relates to a method for creating a high-yield rape germplasm by editing BnaIAA10 by using CRISPR/Cas9. The BnaIAA10 gene is specifically knocked out from the brassica napus, different BnaIAA10 editing type single plants are obtained, and the seed size of the BnaIAA10 editing type single plants is remarkably increased compared with that of wild type single plants; according to the method, a new germplasm resource is provided for high-yield breeding of the brassica napus, meanwhile, the breeding efficiency is greatly improved, and the breeding process is greatly accelerated. The BnaIAA10 is directionally mutated by using a CRISPR/Cas9 system to obtain the brassica napus with improved yield and stable inheritance. The method lays a foundation for expanding cultivation and basic research of new rape varieties, and has important theoretical and practical significance.(ZH) 本发明涉及利用CRISPR/Cas9编辑BnaIAA10创制高产油菜种质的方法。本发明在甘蓝型油菜中特异性敲除BnaIAA10基因，获得不同的BnaIAA10编辑类型单株，其种子大小比野生型显著增加；即利用CRISPR/Cas9系统定向突变BnaIAA10获得产量提高且稳定遗传的甘蓝型油菜的方法为甘蓝型油菜高产育种提供了新的种质资源，同时极大提高育种效率，大大加快育种进程；为扩大油菜新品种的培育和基础研究奠定基础，具有重要的理论和实践意义。",,,武汉集源知识产权代理事务所(普通合伙) 42316,,,,,,,,
CN405925555,202310197438,China,04.03.2021,116514934,01.08.2023,B,"C07K 14/31
					






C12N 9/22
					








C07K 14/31
					






C12N 9/22
					






View less classifications","C07K 14/31
					






C12N 9/22
					






Y02A 50/30
					








C07K 14/31
					






C12N 9/22
					






Y02A 50/30
					






View less classifications",WEST (CHONGQING) SCIENCE CITY GERMPLASM CREATION AND SYSTEM BIG SCIENCE CENTER西部（重庆）科学城种质创制大科学中心CHINESE PEOPLE'S LIBERATION ARMY ARMY SPECIALIZED MEDICAL CENTER中国人民解放军陆军特色医学中心,LIN PING林平JIANG JIANXIN蒋建新WU MIN吴敏,,(EN) Anti-CRISPR-Cas protein AcrIIIA1IME1367 and application thereof(ZH) 抗CRISPR-Cas蛋白AcrIIIA1IME1367及其应用,,"(EN) The invention belongs to the technical field of RNA (Ribonucleic Acid) editing, and in particular relates to a CRISPR (Clustered Regularly Interspaced Short Palindromic Repeats)-Cas (Clustered Regularly Interspaced Short Palindromic Repeats) system inhibitor AcrIII1IME1367 from Staphylocccus phage IME1367 and application of the CRISPR-Cas system inhibitor AcrIII1IME1367. The homologous protein AcrIII1IME1367 of the AcrIIIA1 is obtained by screening, the fact that the AcrIII1IME1367 inhibits the editing activity of III-A type CRISPR-Cas genes is identified, the fact that the AcrIII1IME1367 in bacteria controls'closing 'of the editing ability of the The AcrIIIA1IME1367 inhibitor can control the editing efficiency of the III-A type CRISPR-CasRNA in time or space, and the safety and practicability of the III-A type CRISPR-CasRNA editing technology in the fields of biological treatment, biotechnology, agriculture and the like are improved.(ZH) 本发明属于RNA编辑技术领域，具体为一种来自于StaphylococcusphageIME1367的CRISPR‑Cas系统抑制剂AcrIIIA1<subgt;IME1367</subgt;及其应用，本发明筛选得到了AcrIIIA1的同源性蛋白AcrIIIA1<subgt;IME1367</subgt;，并鉴定了AcrIIIA1<subgt;IME1367</subgt;抑制III‑A型CRISPR‑Cas基因编辑活性，在细菌中AcrIIIA1<subgt;IME1367</subgt;控制III‑A型CRISPR‑Cas基因编辑能力的“关闭”，丰富了III‑A型CRISPR‑Cas系统抑制剂的种类。AcrIIIA1<subgt;IME1367</subgt;抑制剂可以在时间或空间上控制III‑A型CRISPR‑CasRNA编辑效率，提高III‑A型CRISPR‑Cas编辑技术在生物治疗、生物技术和农业等领域的安全性和实用性。",116514934,30.04.2024,北京同恒源知识产权代理有限公司 11275,,,,,,,,
CN329006380,202110240048.X,China,04.03.2021,112979771,18.06.2021,B,"C07K 14/31
					






C12N 9/22
					






C12N 15/113
					








C07K 14/31
					






C12N 9/22
					






C12N 15/113
					






View less classifications","C07K 14/31
					






C12N 9/22
					






Y02A 50/30
					








C07K 14/31
					






C12N 9/22
					






Y02A 50/30
					






View less classifications",CHINESE PEOPLE'S LIBERATION ARMY ARMY SPECIALIZED MEDICAL CENTER西部（重庆）科学城种质创制大科学中心中国人民解放军陆军特色医学中心,LIN PING林平JIANG JIANXIN蒋建新WU MIN吴敏,,(EN) III-A type CRISPR-Cas system inhibitor AcrIIIA2 and application thereof(ZH) III-A型CRISPR-Cas系统抑制剂AcrIIIA2及其应用,,"(EN) The invention belongs to the technical field of RNA editing, and particularly relates to a III-A type CRISPR-Cas system inhibitor AcrIIIA2 and application thereof. According to the invention, the III-A type CRISPR-Cas system inhibitor AcrIIIA2 for inhibiting the editing activity of a III-A type CRISPR-Cas gene is screened from a Staphyloccus argenteus 3688STDY6125118 bacterial gene sequence, and in bacteria andmammalian cells, the AcrIIIA2 controls ""closing"" of the III-A type CRISPR-Cas gene editing ability. In addition, the invention further provides a homologous protein of the AcrIIIA2. The homologous protein has the same inhibition effect, and the variety of III-A type CRISPR-Cas system inhibitors is enriched. The AcrIIIA2 inhibitor and the homologous protein thereof can control the III-A type CRISPR-Cas RNA editing efficiency in time or space, and the safety and practicability of the III-A type CRISPR-Cas editing technology in the fields of biological treatment, biotechnology, agriculture and the like are improved.(ZH) 本发明属于RNA编辑技术领域，具体为一种III‑A型CRISPR‑Cas系统抑制剂AcrIIIA2及其应用，本发明从Staphylococcus argenteus 3688STDY6125118细菌基因序列中筛选出抑制III‑A型CRISPR‑Cas基因编辑活性的III型抗CRISPR抑制剂AcrIIIA2，在细菌和哺乳细胞中AcrIIIA2控制III‑A型CRISPR‑Cas基因编辑能力的“关闭”。此外，本发明还提供了AcrIIIA2的同源性蛋白，并具有相同抑制效果，丰富了III‑A型CRISPR‑Cas系统抑制剂的种类。AcrIIIA2抑制剂及其同源蛋白可以在时间或空间上控制III‑A型CRISPR‑Cas RNA编辑效率，提高III‑A型CRISPR‑Cas编辑技术在生物治疗、生物技术和农业等领域的安全性和实用性。",112979771,02.05.2023,北京同恒源知识产权代理有限公司 11275,,,,,,,,
CN355398691,202110871825,China,30.07.2021,114164208,11.03.2022,A,"C12N 15/113
					






C12N 15/84
					






A01H 5/02
					






A01H 6/54
					








C12N 15/113
					






C12N 15/84
					






A01H 5/02
					






A01H 6/54
					






View less classifications","C12Q 1/6895
					






C12Q 1/686
					






C12Q 2600/156
					






C12Q 2600/13
					






C07K 14/415
					






C12N 15/113
					






View more classifications
							






C12Q 1/6895
					






C12Q 1/686
					






C12Q 2600/156
					






C12Q 2600/13
					






C07K 14/415
					






C12N 15/113
					






C12N 15/8218
					






C12N 15/8289
					






C12N 2310/20
					






View less classifications",ANHUI AGRICULTURAL UNIVERSITY安徽农业大学CROP SCIENCE RESEARCH INSTITUTE OF CHINESE ACADEMY OF AGRICULTURAL SCIENCES中国农业科学院作物科学研究所,WANG XIAOBO王晓波QIU LIJUAN邱丽娟CHENG ANDONG程安东LI JIAJIA李佳佳ZHAO DUO赵夺ZHANG WENMING张文明,,(EN) Gene editing sequence and method for creating soybean nuclear male sterile line(ZH) 一种创制大豆细胞核雄性不育系的基因编辑序列及方法,,"(EN) The invention relates to the technical field of genetic breeding, in particular to a gene editing sequence for creating a soybean nuclear male sterile line by using a CRISPR/Cas9 gene editing technology and a creation method using the sequence. A CRISPR-Cas9 gene editing technology is utilized to edit GmNACK2 through a specific target spot, a nuclear male sterile line is created, and the major breeding problems that soybean hybridization is difficult, the natural outcrossing rate is increased and the like are effectively solved. The method plays an important role in soybean genetic improvement and soybean yield increase.(ZH) 本发明涉及遗传育种技术领域，尤其涉及一种利用CRISPR/Cas9基因编辑技术创制大豆细胞核雄性不育系的基因编辑序列及利用该序列的创制方法。利用CRISPR‑Cas9基因编辑技术通过特定靶点对GmNACK2进行编辑，创制细胞核雄性不育系，有效解决了大豆杂交困难，增加天然异交率等育种重大难题。在大豆遗传改良和提高大豆产量中具有重要的作用。",,,合肥和瑞知识产权代理事务所(普通合伙) 34118,,,2021104269816 20.04.2021 CN,,,,CN114164289,
CN438240768,202410753434,China,12.06.2024,118531031,23.08.2024,A,"C12N 15/70
					






C12N 15/90
					






C07K 14/195
					






C12N 9/22
					






C12N 15/113
					






C12N 15/31
					






View more classifications
							






C12N 15/70
					






C12N 15/90
					






C07K 14/195
					






C12N 9/22
					






C12N 15/113
					






C12N 15/31
					






C12R 1/19
					






View less classifications","C12N 15/70
					






C12N 15/902
					






C07K 14/195
					






C12N 9/22
					






C12N 15/113
					






C12N 2310/20
					






View more classifications
							






C12N 15/70
					






C12N 15/902
					






C07K 14/195
					






C12N 9/22
					






C12N 15/113
					






C12N 2310/20
					






C12R 2001/19
					






View less classifications",HENAN VOCATIONAL COLLEGE OF AGRICULTURE河南农业职业学院HENAN AGRICULTURAL UNIVERSITY河南农业大学HENAN INSTITUTE OF SCIENCE & TECHNOLOGY河南科技学院,CHEN SHICHANG陈世昌YANG YANQING杨艳青QIU LIYOU邱立友ZHANG CHAOHUI张朝辉HUA JUN化军SUN WENYING孙文英,,(EN) Single-stranded DNA binding protein mediated in-vitro CRISPR/Cas9 gene editing method and application thereof(ZH) 单链DNA结合蛋白介导的体外CRISPR/Cas9基因编辑方法及其应用,,"(EN) The invention belongs to the technical field of biology, and relates to an in-vitro gene editing method, in particular to an in-vitro CRISPR/Cas9 gene editing method mediated by single-stranded DNA binding protein and application of the in-vitro CRISPR/Cas9 gene editing method. According to the application, CRISPR-Cas9 nucleoprotein (RNP) of an escherichia coli lacZ gene in a targeted plasmid and escherichia coli SSB are incubated together with the plasmid, homologous recombination fragments are added or not added, quantitative PCR is adopted to detect the number of plasmids subjected to homologous recombination and non-homologous recombination gene editing, whether the escherichia coli SSB can catalyze homologous recombination and non-homologous recombination in vitro to repair RNP-mediated DSB or not is detected, and whether the RNP-mediated DSB is repaired or not is judged. And in-vitro gene editing is realized.(ZH) 本发明属于生物技术领域，涉及体外基因编辑的方法，特别是指单链DNA结合蛋白介导的体外CRISPR/Cas9基因编辑方法及其应用。本申请将靶向质粒中大肠杆菌lacZ基因的CRISPR‑Cas9核蛋白（Ribonucleoproteins，RNP）和大肠杆菌SSB与质粒一起孵育，添加或不添加同源重组片段，采用定量PCR检测发生同源重组和非同源重组基因编辑的质粒数量，检测大肠杆菌SSB能否在体外催化同源重组和非同源重组修复RNP介导的DSB，实现体外基因编辑。",,,郑州优盾知识产权代理有限公司 41125,,,,,,,,
CA363160727,3160186,Canada,05.11.2020,3160186,14.05.2021,A1,"A61K 38/46
					






C12N 15/113
					






C12N 9/22
					






C12N 15/11
					






C12N 15/63
					






C12N 15/90
					








A61K 38/46
					






C12N 15/113
					






C12N 9/22
					






C12N 15/11
					






C12N 15/63
					






C12N 15/90
					






View less classifications","C12N 9/22
					






C12N 2310/20
					






C12N 15/11
					






C12N 15/82
					






C12N 15/113
					






C12N 15/102
					






View more classifications
							






C12N 9/22
					






C12N 2310/20
					






C12N 15/11
					






C12N 15/82
					






C12N 15/113
					






C12N 15/102
					






C12N 9/1276
					






C12Y 207/07049
					






C07K 2319/40
					






C07K 2319/70
					






C07K 2319/80
					






C07K 2319/85
					






View less classifications","PAIRWISE PLANTS SERVICES, INC.","WATTS, JOSEPH MATTHEWHUMMEL, AARONKIM, YONGJOOLAWIT, SHAI JOSHUASCHWARK, DAVID",,(EN) COMPOSITIONS AND METHODS FOR RNA-ENCODED DNA-REPLACEMENT OF ALLELES(FR) COMPOSITIONS ET PROCEDES DE REMPLACEMENT D'ALLELES D'ADN CODE PAR L'ARN,,"(EN) This invention relates to recombinant nucleic constructs comprising Type V CRISPR-Cas effector proteins, reverse transcriptases and extended guide nucleic acids and methods of use thereof for modifying nucleic acids in plants. In a first aspect, a method of modifying a target nucleic acid is provided, the method comprising: contacting the target nucleic acid with (a) a Type V CRISPR-Cas effector protein or a Type II CRISPR-Cas effector protein; (b) a reverse transcriptase, and (c) an extended guide nucleic acid (e.g., extended Type II or Type V CRISPR RNA, extended Type II or Type V CRISPR DNA, extended Type II or Type V crRNA, extended Type II or Type V crDNA), thereby modifying the target nucleic acid.(FR) La présente invention concerne des constructions d'acides nucléiques recombinants comprenant des protéines effectrices CRISPR-Cas de type V, des transcriptases inverses et des acides nucléiques guides étendus et des procédés d'utilisation de ceux-ci pour modifier des acides nucléiques dans des plantes. Selon un premier aspect, l'invention concerne un procédé de modification d'un acide nucléique cible, le procédé comprenant : la mise en contact de l'acide nucléique cible avec (a) une protéine effectrice CRISPR-Cas de type V ou une protéine effectrice CRISPR-Cas de type II ; (b) une transcriptase inverse, et (c) un acide nucléique guide étendu (par exemple, ARN CRISPR de type II ou de type V étendu, ADN CRISPR de type II ou de type V étendu, ARNcr de type II ou de type V étendu, ADNcr de type II ou de type V étendu), ce qui permet de modifier l'acide nucléique cible.",,,,"62/930,836 05.11.2019 US",,,,,,"WO/2021/092130

JP2023505600

EP4054621

BR112022008415

CN114901302

KR1020220110748

SG11202204171Q

AU2020380319

US20210130835

NZ787446

IL292434

BR112022008415This application is not viewable in PATENTSCOPE because the national phase entry has not been published yet or the national entry is issued from a country that does not share data with WIPO or there is a formatting issue or an unavailability of the application.

CL2022001145

MX2022005328

US20240158804

US20240167045",
EP374021588,20884787,European Patent Office,05.11.2020,4054621,14.09.2022,A4,"A61K 38/46
					






C12N 9/22
					






C12N 15/11
					






C12N 15/113
					






C12N 15/63
					






C12N 15/90
					








A61K 38/46
					






C12N 9/22
					






C12N 15/11
					






C12N 15/113
					






C12N 15/63
					






C12N 15/90
					






View less classifications","C12N 9/22
					






C12N 2310/20
					






C12N 15/11
					






C12N 15/82
					






C12N 15/113
					






C12N 15/102
					






View more classifications
							






C12N 9/22
					






C12N 2310/20
					






C12N 15/11
					






C12N 15/82
					






C12N 15/113
					






C12N 15/102
					






C12N 9/1276
					






C12Y 207/07049
					






C07K 2319/40
					






C07K 2319/70
					






C07K 2319/80
					






C07K 2319/85
					






View less classifications",PAIRWISE PLANTS SERVICES INC,WATTS JOSEPH MATTHEWHUMMEL AARONKIM YONGJOOLAWIT SHAI JOSHUASCHWARK DAVID,,(DE) ZUSAMMENSETZUNGEN UND VERFAHREN ZUR RNA-CODIERTEN DNA-ERSETZUNG VON ALLELEN(EN) COMPOSITIONS AND METHODS FOR RNA-ENCODED DNA-REPLACEMENT OF ALLELES(FR) COMPOSITIONS ET PROCÉDÉS DE REMPLACEMENT D'ALLÈLES D'ADN CODÉ PAR L'ARN,"View all
							



AL, AT, BA, BE, BG, CH, CY, CZ, DE, DK, EE, ES, FI, FR, GB, GR, HR, HU, IE, IS, IT, LI, LT, LU, LV, MC, ME, MK, MT, NL, NO, PL, PT, RO, RS, SE, SI, SK, SM, TR
				

Hide all","(EN) This invention relates to recombinant nucleic constructs comprising Type V CRISPR-Cas effector proteins, reverse transcriptases and extended guide nucleic acids and methods of use thereof for modifying nucleic acids in plants. In a first aspect, a method of modifying a target nucleic acid is provided, the method comprising: contacting the target nucleic acid with (a) a Type V CRISPR-Cas effector protein or a Type II CRISPR-Cas effector protein; (b) a reverse transcriptase, and (c) an extended guide nucleic acid (e.g., extended Type II or Type V CRISPR RNA, extended Type II or Type V CRISPR DNA, extended Type II or Type V crRNA, extended Type II or Type V crDNA), thereby modifying the target nucleic acid.(FR) La présente invention concerne des constructions d'acides nucléiques recombinants comprenant des protéines effectrices CRISPR-Cas de type V, des transcriptases inverses et des acides nucléiques guides étendus et des procédés d'utilisation de ceux-ci pour modifier des acides nucléiques dans des plantes. Selon un premier aspect, l'invention concerne un procédé de modification d'un acide nucléique cible, le procédé comprenant : la mise en contact de l'acide nucléique cible avec (a) une protéine effectrice CRISPR-Cas de type V ou une protéine effectrice CRISPR-Cas de type II; (b) une transcriptase inverse, et (c) un acide nucléique guide étendu (par exemple, ARN CRISPR de type II ou de type V étendu, ADN CRISPR de type II ou de type V étendu, ARNcr de type II ou de type V étendu, ADNcr de type II ou de type V étendu), ce qui permet de modifier l'acide nucléique cible.",,,,201962930836 05.11.2019 US,"WO/2021/092130

JP2023505600

BR112022008415

CN114901302

KR1020220110748

CA3160186

SG11202204171Q

AU2020380319

US20210130835

NZ787446

IL292434

BR112022008415This application is not viewable in PATENTSCOPE because the national phase entry has not been published yet or the national entry is issued from a country that does not share data with WIPO or there is a formatting issue or an unavailability of the application.

CL2022001145

MX2022005328

US20240158804

US20240167045",,,,,,
CN349228450,202111238330,China,25.10.2021,113943780,18.01.2022,A,"C12Q 1/6844
					






C12Q 1/6888
					








C12Q 1/6844
					






C12Q 1/6888
					






View less classifications","C12Q 1/6844
					






C12Q 1/6888
					






C12Q 2600/178
					








C12Q 1/6844
					






C12Q 1/6888
					






C12Q 2600/178
					






View less classifications","LANZHOU VETERINARY RESEARCH INSTITUTE, CHINESE ACADEMY OF AGRICULTURE SCIENCES中国农业科学院兰州兽医研究所",LUO XUENONG骆学农WANG LIQUN王立群LI YANPING李艳萍CHEN GUOLIANG陈国梁BAI XUE白雪TANG BIN唐斌LIU XIAOLEI刘晓雷LIU TINGLI刘婷丽ZHANG SHAOHUA张少华,,(EN) RCA-assisted CRISPR/Cas9 detection method based on let-7 and application of RCA-assisted CRISPR/Cas9 detection method(ZH) 一种基于let-7的RCA辅助CRISPR/Cas9检测方法及其应用,,"(EN) The invention discloses a let-7-based RCA-assisted CRISPR/Cas9 detection method, which comprises the following steps: 1) RCA reaction: designing a lock-type probe complementary to the sequence of let-7 according to the sequence of let-7, and establishing a let-7-based RCA amplification method; 2) shearing reaction of an amplification product: designing and synthesizing a CRISPR/Cas9 guide RNA (sg-RNA) sequence and a TaqMan probe according to the sequence of let-7, and carrying out shearing reaction on the RCA product by using Cas9 protein; and 3) fluorescence detection of the reaction product: detecting the fluorescence value of the RCA-CRISPR/Cas9 reaction product of the rabbit serum by using a fluorescence spectrometer. The RCA-assisted CRISPR/Cas9 detection method can be used for manufacturing a kit for detecting the infection of tapeworm larva. According to the invention, let-7 in serum is amplified through RCA; the method also comprises the following steps: carrying out enzyme digestion on an RCA amplification product of let-7 from a polypide body by utilizing the specificity of CRISPR/Cas9; and determining whether the animal is infected with the tapeworm larva or not according to the fluorescence value of the RCA enzyme digestion product.(ZH) 本发明公开了一种基于let‑7的RCA辅助CRISPR/Cas9检测方法，包括以下步骤：1)RCA反应：根据绦虫蚴let‑7的序列，设计与其序列互补的锁式探针，建立了基于let‑7的RCA扩增方法；2)扩增产物的剪切反应：根据let‑7的序列，设计并合成CRISPR/Cas9向导RNA(sg‑RNA)序列和TaqMan探针，利用Cas9蛋白将RCA产物进行剪切反应；3)反应产物的荧光检测：用荧光光谱仪检测家兔的血清RCA‑CRISPR/Cas9反应产物的荧光值。上述RCA辅助的CRISPR/Cas9检测方法可应用于制作检测绦虫蚴感染的试剂盒。本发明通过RCA使血清中的let‑7得以扩增；利用CRISPR/Cas9的特异性酶切虫体来源的let‑7的RCA扩增产物；根据RCA酶切产物的荧光值确定动物是否感染了绦虫蚴。",,,北京兴智翔达知识产权代理有限公司 11768,,,,,,,,
CN405937557,202310197452,China,04.03.2021,116514935,01.08.2023,B,"C07K 14/31
					






C12N 9/22
					








C07K 14/31
					






C12N 9/22
					






View less classifications","C07K 14/31
					






C12N 9/22
					






Y02A 50/30
					








C07K 14/31
					






C12N 9/22
					






Y02A 50/30
					






View less classifications",WEST (CHONGQING) SCIENCE CITY GERMPLASM CREATION AND SYSTEM BIG SCIENCE CENTER西部（重庆）科学城种质创制大科学中心CHINESE PEOPLE'S LIBERATION ARMY ARMY SPECIALIZED MEDICAL CENTER中国人民解放军陆军特色医学中心,LIN PING林平JIANG JIANXIN蒋建新WU MIN吴敏,,(EN) Inhibitor AcrIIIA1IPLA35 of RNA editing system and application of inhibitor AcrIIIA1IPLA35(ZH) RNA编辑系统的抑制剂AcrIIIA1IPLA35及其应用,,"(EN) The invention belongs to the technical field of RNA editing, and particularly relates to a III-A type CRISPR-Cas system inhibitor AcrIII1IPLA35 and application of the III-A type CRISPR-Cas system inhibitor AcrIII1IPLA35. The homologous protein AcrIII1IPLA35 of the screened AcrIIIA1 is from Staphyloccusvirus IPLA35, it is identified that the AcrIII1IPLA35 inhibits the gene editing activity of the III-A type CRISPR-Cas, the AcrIII1IPLA35 controls closing of the gene editing ability of the III-A type CRISPR-Cas in bacteria, and the variety of the III-A type CRISPR-Cas system inhibitor is enriched. The AcrIIIA1IPLA35 inhibitor can control the editing efficiency of the III-A type CRISPR-CasRNA in time or space, and the safety and practicability of the III-A type CRISPR-CasRNA editing technology in the fields of biological treatment, biotechnology, agriculture and the like are improved.(ZH) 本发明属于RNA编辑技术领域，具体为一种III‑A型CRISPR‑Cas系统抑制剂AcrIIIA1<subgt;IPLA35</subgt;及其应用，本发明筛选的AcrIIIA1的同源性蛋白AcrIIIA1<subgt;IPLA35</subgt;来自于StaphylococcusvirusIPLA35噬菌体病毒，本发明鉴定了AcrIIIA1<subgt;IPLA35</subgt;抑制III‑A型CRISPR‑Cas基因编辑活性，在细菌中AcrIIIA1<subgt;IPLA35</subgt;控制III‑A型CRISPR‑Cas基因编辑能力的“关闭”，丰富了III‑A型CRISPR‑Cas系统抑制剂的种类。AcrIIIA1<subgt;IPLA35</subgt;抑制剂可以在时间或空间上控制III‑A型CRISPR‑CasRNA编辑效率，提高III‑A型CRISPR‑Cas编辑技术在生物治疗、生物技术和农业等领域的安全性和实用性。",116514935,30.04.2024,北京同恒源知识产权代理有限公司 11275,,,,,,,,
CN333878095,202110510546,China,11.05.2021,113215156,06.08.2021,B,"C12N 15/113
					






C12N 9/22
					






C12N 15/82
					






C12N 15/29
					






A01H 5/10
					






A01H 6/46
					








C12N 15/113
					






C12N 9/22
					






C12N 15/82
					






C12N 15/29
					






A01H 5/10
					






A01H 6/46
					






View less classifications","C12N 15/113
					






C12N 9/22
					






C12N 15/8261
					






C07K 14/415
					






C12N 2310/20
					








C12N 15/113
					






C12N 9/22
					






C12N 15/8261
					






C07K 14/415
					






C12N 2310/20
					






View less classifications",BEIJING ACADEMY OF AGRICULTURE AND FORESTRY SCIENCES北京市农林科学院,ZHAO JIURAN赵久然YANG JINXIAO杨进孝ZHANG XIANG张翔SHI YAXING史亚兴LU BAISHAN卢柏山WU YING武莹LIU YA刘亚WANG YUANDONG王元东,,(EN) Method for efficiently creating fragrant corn by using CRISPR/Cas9 technology(ZH) 一种利用CRISPR/Cas9技术高效创制香味玉米的方法,,"(EN) The invention discloses a method for efficiently creating fragrant corn by utilizing a CRISPR/Cas9 technology. According to the method, targets are designed for exon regions of a corn ZmBADH2-1 gene and a ZmBADH2-2 gene and a CRISPR/Cas9 gene editing carrier is constructed, and a double-gene knockout mutant is obtained through genetic transformation. Experiments prove that in grains of four T1-generation double-gene knockout mutants, the highest content of 2-AP is 438.29 [mu]g.kg <-1>, the lowest content of the 2-AP is 161.82 [mu]g.kg <-1>, and the 2-AP is not detected in Jing 724 which is not edited. According to the method, the aroma trait of the corn is directionally improved efficiently from a molecular genetics level by using a CRISPR/Cas9 technology, new germplasms of backbone parents of corn with different aroma gradients is efficiently created, and a new breeding material is provided for development of an aromatic corn variety and improvement of the taste quality of the corn.(ZH) 本发明公开了一种利用CRISPR/Cas9技术高效创制香味玉米的方法。本发明对玉米ZmBADH2‑1基因和ZmBADH2‑2基因的外显子区域设计靶点并构建CRISPR/Cas9基因编辑载体，通过遗传转化获得双基因敲除突变体。通过实验证明：4个T1代双基因敲除突变体的籽粒中，2‑AP含量最高为438.29μg·kg‑1、最低为161.82μg·kg‑1，而未经过编辑的京724中未检测到2‑AP。本发明利用CRISPR/Cas9技术从分子遗传学层面定向、高效地改良玉米香味性状，高效创制出不同香味梯度的玉米骨干亲本新种质，为香型玉米品种的开发和玉米食味品质的提升提供了新的育种材料。",113215156,22.07.2022,北京纪凯知识产权代理有限公司 11245,,,,,,,,
EP289342224,18721982,European Patent Office,24.04.2018,3615552,04.03.2020,A1,"C07K 14/005
					






C07K 14/315
					






C12N 5/10
					






C12N 15/63
					








C07K 14/005
					






C07K 14/315
					






C12N 5/10
					






C12N 15/63
					






View less classifications","C07K 14/005
					






C07K 14/315
					






C12N 15/63
					






C12N 2795/10322
					






C12N 9/22
					








C07K 14/005
					






C07K 14/315
					






C12N 15/63
					






C12N 2795/10322
					






C12N 9/22
					






View less classifications",DUPONT NUTRITION BIOSCI APSUNIV LAVAL CANADA,FREMAUX CHRISTOPHEHORVATH PHILIPPEROMERO DENNIS AHYNES ALEXANDERMOINEAU SYLVAINROUSSEAU GENEVIÈVEYOUNG JOSHUALEMAY MARIE-LAURENCE,,(DE) VERFAHREN UND ZUSAMMENSETZUNGEN VON ANTI-CRISPR-PROTEINEN ZUR VERWENDUNG BEI PFLANZEN(EN) METHODS AND COMPOSITIONS OF ANTI-CRISPR PROTEINS FOR USE IN PLANTS(FR) PROCÉDÉS ET COMPOSITIONS DE PROTÉINES ANTI-CRISPR DESTINÉS À ÊTRE UTILISÉS DANS DES PLANTES,"View all
							



AL, AT, BA, BE, BG, CH, CY, CZ, DE, DK, EE, ES, FI, FR, GB, GR, HR, HU, IE, IS, IT, LI, LT, LU, LV, MC, ME, MK, MT, NL, NO, PL, PT, RO, RS, SE, SI, SK, SM, TR
				

Hide all","(EN) Methods and compositions are provided for the use of anti-CRISPR (ACR) proteins in plants, including modulation of Cas endonuclease activity, improvement of frequency of homologous recombination, control of Cas endonuclease activity during various cell cycles, spatial and/or temporal regulation of Cas endonuclease activity in plants, usage in gene activation or repression, as well as reduction of off-target polynucleotide cleavage.(FR) L'invention concerne des procédés et des compositions destinées à l'utilisation de protéines anti-CRISPR (ACR) dans des plantes, comprenant une modulation de l'activité endonucléase Cas, une amélioration de la fréquence de recombinaison homologue, une régulation de l'activité endonucléase Cas pendant divers cycles cellulaires, une régulation spatiale et/ou temporelle de l'activité endonucléase Cas dans les plantes, une utilisation dans l'activation ou la répression génique, ainsi que la réduction du clivage polynucléotidique hors cible.",,,,201762488969 24.04.2017 US201762488981 24.04.2017 US201762510896 25.05.2017 US201762510914 25.05.2017 US,"CN110891965

BR112019022201

US20200190492

WO/2018/197520

IN201917043473",,,,,,
CN200890915,201710194581,China,29.03.2017,106906240,30.06.2017,A,"C12N 15/82
					






A01H 4/00
					






A01H 5/00
					








C12N 15/82
					






A01H 4/00
					






A01H 5/00
					






View less classifications","A01H 4/00
					






C12N 9/1085
					






C12N 15/8213
					






C12Y 205/01
					








A01H 4/00
					






C12N 9/1085
					






C12N 15/8213
					






C12Y 205/01
					






View less classifications",ZHEJIANG UNIVERSITY,BIAN HONGWUZENG ZHANGHUILIU CUICUIHAN NINGZHU MUYUAN,,(EN) Method for applying CRISPR-Cas9 system to knockout of key gene HPT in VE synthesis pathway of barley(ZH) 运用CRISPR‑Cas9系统敲除大麦VE合成通路中的关键基因HPT的方法,,"(EN) The invention relates to construction of a barley transgenic material and provides a method for applying a CRISPR-Cas9 system to knockout of the key gene HPT in the VE synthesis pathway of barley. The method comprises the following steps: selection of a gRNA target site; cloning of gRNA fragments; connection of GG(gRNA-gRNA) fragments; PCR amplification of a connection product; enzyme digestion of a purified product and a target vector; a ligation reaction between the purified product and the target vector; transformation of competent Escherichia coli cells with a ligation product; preparation of Agrobacterium-mediated transgenic barley plants; screening of positive transgenic plants; and sequencing of mutants. According to the invention, the advanced gene editing technology, i.e., the CRISPR-Cas9 system, is employed for target gene editing of the key gene (HPT) in the VE synthesis pathway of barley, and effective loss-of-function mutants are obtained, so conditions are created for research on biologically-active substances in barley.(ZH) 本发明涉及大麦转基因材料的构建，旨在提供一种运用CRISPR‑Cas9系统敲除大麦VE合成通路中的关键基因HPT的方法。该方法包括下述步骤：gRNA靶位点的选择、gRNA片段的克隆、GG(gRNA‑gRNA)片段的连接、连接产物的PCR扩增、纯化产物和目标载体的酶切、纯化产物和目标载体的连接反应、连接产物转化大肠杆菌感受态、农杆菌介导的大麦转基因、阳性转基因植株的筛选、突变体测序。本发明利用先进的基因编辑技术‑CRISPR‑Cas9系统对大麦VE合成通路中的关键基因(HPT)进行靶向基因编辑，获得有效的功能缺失突变体，为大麦中生物活性物质的研究创造条件。",,,,,,,,,,,
CN401503390,202310255653,China,16.03.2023,116286966,23.06.2023,A,"C12N 15/84
					






C12N 15/113
					






A01H 5/10
					






A01H 5/00
					






A01H 6/54
					






C12Q 1/6895
					






View more classifications
							






C12N 15/84
					






C12N 15/113
					






A01H 5/10
					






A01H 5/00
					






A01H 6/54
					






C12Q 1/6895
					






C12N 15/11
					






View less classifications","C12N 15/8273
					






C12N 15/8261
					






C12N 15/8216
					






C12N 15/8205
					






C12Q 1/6895
					






C12Q 2600/13
					






View more classifications
							






C12N 15/8273
					






C12N 15/8261
					






C12N 15/8216
					






C12N 15/8205
					






C12Q 1/6895
					






C12Q 2600/13
					






C12Q 2600/158
					






C12Q 2600/178
					






C12Q 2600/156
					






Y02A 40/146
					






View less classifications","INSTITUTE OF CROP SCIENCE, CHINESE ACADEMY OF AGRICULTURAL SCIENCES中国农业科学院作物科学研究所",JIANG QIYAN姜奇彦CHEN XIANGQIAN陈向前HU ZHENG胡正SUN XIANJUN孙现军JIANG XUEMIN姜雪敏ZHANG HUI张辉,,(EN) Application of Gma-MIR396a gene editing in regulating and improving weight and stress resistance of soybean seeds(ZH) Gma-MIR396a基因编辑在调控提高大豆籽粒重量、抗逆能力中的应用,,"(EN) The invention discloses application of a Gma-MIR396a gene in regulation and control of soybean growth and development related characters/improvement of soybean grain size and weight/forward regulation and control of soybean drought resistance/salt stress response. According to the invention, miR396a precursor overexpressed (MIR396a-OEs) transgenic soybeans and gma-MIR396a edited (MIR396a-GEs) transgenic soybeans based on CRISPR-Cas9 (clustered regularly interspaced short palindromic repeats and CRISPR-Cas9 (clustered regularly interspaced short palindromic repeats) are created. Gma-MIR396a is edited by utilizing a CRISPR-Cas9 technology, so that the grain size, the weight and the stress resistance of the transgenic soybean are improved, and an important gene and material basis is provided for the cultivation of a new variety of high-yield stress-resistant soybean.(ZH) 本发明公开Gma‑MIR396a基因在调控大豆生长发育相关性状/提高大豆籽粒大小和重量/正向调控大豆抗旱/盐胁迫应答中的应用。本发明创制了miR396a前体过表达(MIR396a‑OEs)和基于CRISPR‑Cas9的gma‑MIR396a编辑(MIR396a‑GEs)转基因大豆。利用CRISPR‑Cas9技术对gma‑MIR396a进行编辑，提高了转基因大豆的籽粒大小、重量和抗逆能力，为高产抗逆大豆新品种培育提供重要的基因和材料基础。",,,北京和信华成知识产权代理事务所(普通合伙) 11390,,,,,,,,
CN397428055,202210839276,China,18.07.2022,115992177,21.04.2023,B,"C12N 15/85
					






C12N 15/113
					






C12N 15/53
					






C12N 9/02
					






C12N 5/10
					






A61K 48/00
					






View more classifications
							






C12N 15/85
					






C12N 15/113
					






C12N 15/53
					






C12N 9/02
					






C12N 5/10
					






A61K 48/00
					






A61K 38/46
					






A61P 39/02
					






View less classifications","Y02A 50/30
					






C12N 9/0008
					






C12Y 102/04001
					






C12N 15/902
					






C12N 2310/20
					






C12N 9/22
					






View more classifications
							






Y02A 50/30
					






C12N 9/0008
					






C12Y 102/04001
					






C12N 15/902
					






C12N 2310/20
					






C12N 9/22
					






C12N 15/8282
					






C12N 15/1137
					






C12N 5/10
					






C12N 9/0004
					






C12N 15/85
					






View less classifications","VEGETABLE RESEARCH INSTITUTE OF GUANGDONG ACADEMY OF AGRICULTURE SCIENCES广东省农业科学院蔬菜研究所FACILITY AGRICULTURE RESEARCH INSTITUTE, GUANGDONG ACADEMY OF AGRICULTURAL SCIENCES广东省农业科学院设施农业研究所",YAO CHUNPENG姚春鹏SHI WEITAO施炜涛ZHANG CHANGYUAN张长远ZHANG XIAOAI张晓爱GUO JINJU郭金菊ZHONG YUJUAN钟玉娟DU HU杜虎XUE SHUDAN薛舒丹XU YINGCHAO徐颖超KIM KYUNG-MIN金庆敏,,(EN) Application of PDHB gene in fusaric acid resistance(ZH) PDHB基因在抗镰刀菌酸中的应用,,"(EN) The invention discloses application of a PDHB gene in fusaric acid resistance, and relates to the technical field of biology. The invention claims to protect application of a reagent for knocking out or inhibiting PDHB gene expression in preparation of a product for improving the tolerance of an organism to fusaric acid. The invention also claims to protect an anti-fusaric acid product which comprises a reagent for knocking out or inhibiting PDHB gene expression. According to the invention, a CRISPR/Cas9 gene editing system is utilized to establish a target gene knockout IPEC-J2 cell line, and the result shows that the tolerance of cells to fusaric acid can be improved by inhibiting the expression of the PDHB gene. The invention provides a potential solution for preventing adverse reaction caused by fusaric acid.(ZH) 本发明公开了PDHB基因在抗镰刀菌酸中的应用，涉及生物技术领域。本发明要求保护敲除或抑制PDHB基因表达的试剂在制备提高生物体对镰刀菌酸的耐受性的产品中的应用。本发明还要求保护一种抗镰刀菌酸的产品，包括敲除或抑制PDHB基因表达的试剂。本发明利用CRISPR/Cas9基因编辑系统，建立目的基因敲除的IPEC‑J2细胞系，结果发现，抑制PDHB基因的表达，可以提高细胞对镰刀菌酸的耐受性。本发明为预防镰刀菌酸造成的不良反应提供了一个潜在的解决途径。",,,北京东方盛凡知识产权代理有限公司 11562,,,,,GB2622673,115992177,19.09.2023,
CN432073458,202410512720.X,China,26.04.2024,118186116,14.06.2024,A,"C12Q 1/689
					






C12Q 1/6844
					






C12N 15/11
					






C12R 1/01
					








C12Q 1/689
					






C12Q 1/6844
					






C12N 15/11
					






C12R 1/01
					






View less classifications","C12Q 1/689
					






C12Q 1/6844
					






C12R 2001/01
					








C12Q 1/689
					






C12Q 1/6844
					






C12R 2001/01
					






View less classifications",BEIJING ACADEMY OF AGRICULTURE AND FORESTRY SCIENCES北京市农林科学院,CHEN DEFENG陈得峰QIN JIAOJIAO秦娇娇WEI ZUNZHENG卫尊征ZHONG XIONGHUI钟雄辉YUAN MENG袁梦ZHANG YUEYANG张月阳,,(EN) CRISPR-Cas12a-based pectobacterium carotovorum visual rapid detection method(ZH) 一种基于CRISPR-Cas12a的胡萝卜软腐果胶杆菌可视化快速检测方法,,"(EN) The invention discloses a visual rapid detection method for pectobacterium carotovorum based on CRISPR-Cas12a (clustered regularly interspaced short palindromic repeats-associated 12a). The invention belongs to the field of microbiological detection, and relates to a visual rapid detection method for pectobacterium carotovorum based on CRISPR-Cas12a (Clustered Regularly Interspaced Short Palindromic Repeats-Cas12a). The invention provides a composition for identification or auxiliary identification of pectobacterium carotovorum, which is composed of single-stranded DNA (deoxyribonucleic acid) of Pcc-F (nucleotide sequence is SEQ ID No.1), single-stranded DNA (single-stranded DNA of Pcc-R (nucleotide sequence is SEQ ID No.2), CrRNA (ribose nucleic acid) specific to a to-be-detected organism (nucleotide sequence is SEQ ID No.3), a CrRNA buffer solution, LbaCas12a protein, a Cas12a reaction buffer solution and a fluorescent reporter probe. The detection method disclosed by the invention has the characteristics of high sensitivity, strong specificity, portability, rapidness and the like, and can meet field detection requirements.(ZH) 本发明公开了一种基于CRISPR‑Cas12a的胡萝卜软腐果胶杆菌可视化快速检测方法。本发明属于微生物检测领域，涉及一种基于CRISPR‑Cas12a的胡萝卜软腐果胶杆菌可视化快速检测方法。本发明提供鉴定或辅助鉴定胡萝卜软腐果胶杆菌的组合物，由Pcc‑F的单链DNA(核苷酸序列是SEQ ID No.1)、Pcc‑R的单链DNA(核苷酸序列是SEQ ID No.2)、特异于待检测生物的CrRNA(核苷酸序列是SEQ ID No.3)、CrRNA缓冲液、LbaCas12a蛋白、Cas12a反应缓冲液和荧光报告探针组成，本发明的检测方法具有灵敏度高、特异性强、便携、快速等特点，能够满足现场检测需求。",,,北京纪凯知识产权代理有限公司 11245,,,,,,,,
,,,,,,,,,,,,,,,,,,,,,,,,,
CN401631967,202310197447,China,04.03.2021,116355062,30.06.2023,B,"C07K 14/31
					






C12N 9/22
					








C07K 14/31
					






C12N 9/22
					






View less classifications","C07K 14/31
					






C12N 9/22
					






Y02A 50/30
					








C07K 14/31
					






C12N 9/22
					






Y02A 50/30
					






View less classifications",WESTERN (CHONGQING) SCIENCE CITY GERMPLASM CREATION SCIENCE CENTER西部（重庆）科学城种质创制大科学中心CHINESE PEOPLE'S LIBERATION ARMY ARMY SPECIALIZED MEDICAL CENTER中国人民解放军陆军特色医学中心,LIN PING林平JIANG JIANXIN蒋建新WU MIN吴敏,,(EN) Anti-CRISPR protein AcrIIIA2SAP26 and application thereof(ZH) 抗CRISPR蛋白AcrIIIA2SAP26及其应用,,"(EN) The invention belongs to the technical field of RNA (Ribonucleic Acid) editing, and particularly relates to a CRISPR (Clustered Regularly Interspaced Short Palindromic Repeats)-Cas system inhibitor AcrIIIA2SAP26 from a Staphyloccusvirus SAP26 phage virus and application of the CRISPR-Cas system inhibitor AcrIIIA2SAP26. According to the CRISPR-Cas system inhibitor AcrIIIA2SAP26, the fact that the AcrIIIA2SAP26 inhibits the gene editing activity of III-A type CRISPR-Cas and the fact that the AcrIIIA2SAP26 in bacteria controls'closing 'of the gene editing ability of the III-A type CRISPR-Cas are identified, and the variety of the III-A type The AcrIIIA2SAP26 inhibitor can control the editing efficiency of the III-A type CRISPR-CasRNA in time or space, and the safety and practicability of the III-A type CRISPR-CasRNA editing technology in the fields of biological treatment, biotechnology, agriculture and the like are improved.(ZH) 本发明属于RNA编辑技术领域，具体为来自于StaphylococcusvirusSAP26噬菌体病毒的CRISPR‑Cas系统抑制剂AcrIIIA2<subgt;SAP26</subgt;及其应用，本发明鉴定了AcrIIIA2<subgt;SAP26</subgt;抑制III‑A型CRISPR‑Cas基因编辑活性，在细菌中AcrIIIA2<subgt;SAP26</subgt;控制III‑A型CRISPR‑Cas基因编辑能力的“关闭”，丰富了III‑A型CRISPR‑Cas系统抑制剂的种类。AcrIIIA2<subgt;SAP26</subgt;抑制剂可以在时间或空间上控制III‑A型CRISPR‑CasRNA编辑效率，提高III‑A型CRISPR‑Cas编辑技术在生物治疗、生物技术和农业等领域的安全性和实用性。",,,北京同恒源知识产权代理有限公司 11275,,,,,,116355062,26.03.2024,
CN241720562,201811613265,China,27.12.2018,109652439,19.04.2019,A,"C12N 15/82
					






A01H 5/00
					






A01H 6/46
					








C12N 15/82
					






A01H 5/00
					






A01H 6/46
					






View less classifications","C12N 15/8213
					






C12N 15/8282
					








C12N 15/8213
					






C12N 15/8282
					






View less classifications",YICHUN UNIVERSITY宜春学院,SHEN CHUNXIU沈春修,,(EN) Method for improving broad-spectrum resistance of rice blast by using CRISPR/Cas9 mediated adenine base editing system(ZH) 利用CRISPR/Cas9介导的腺嘌呤碱基编辑系统改良水稻稻瘟病广谱抗性的方法,,"(EN) The invention discloses a method for improving the broad-spectrum resistance of rice blast by using a CRISPR/Cas9 mediated adenine base editing system, which uses Nipponbare rice as an acceptor material and is characterized in that a CRISPR/Cas9 mediated adenine base editing system is used for carrying out appointed replacement on a single base (A-G) which is -618 sites from the initiation codon of a promoter region of a rice Bsr-d1 gene through agrobacterium mediated transformation, after obtaining transgenic regenerated plants, identifying and screening are carried out to obtain double-allelic mutant plants of the site; and after selfing and fruiting, transgenic negative offspring, namely the improved rice planting material with broad-spectrum rice blast resistance, is carried out.(ZH) 本发明公开一种利用CRISPR/Cas9介导的腺嘌呤碱基编辑系统改良水稻稻瘟病广谱抗性的方法，以日本晴水稻品种为受体材料，其特征是利用CRISPR/Cas9介导的腺嘌呤碱基编辑系统通过农杆菌介导转化进行水稻Bsr‑d1基因的启动子区域距离起始密码子‑618位点的单碱基定点替换（A→G），获得转基因再生植株后鉴定筛选获得该位点的双等位突变植株，自交结实后筛选出转基因阴性后代，即为改良的具有稻瘟病广谱抗性水稻种质材料。",,,南昌赣西专利代理事务所(普通合伙) 36121,,,,,,,,
,,,,,,,,,,,,,,,,,,,,,,,,,
CN260334458,201910646780,China,17.07.2019,110305910,08.10.2019,A,"C12N 15/90
					






C12N 15/12
					






A01K 67/027
					






C12N 15/113
					






C12N 15/63
					








C12N 15/90
					






C12N 15/12
					






A01K 67/027
					






C12N 15/113
					






C12N 15/63
					






View less classifications","A01K 67/0276
					






A01K 2217/075
					






A01K 2227/103
					






A01K 2267/02
					






C07K 14/475
					






C12N 15/1136
					






View more classifications
							






A01K 67/0276
					






A01K 2217/075
					






A01K 2227/103
					






A01K 2267/02
					






C07K 14/475
					






C12N 15/1136
					






C12N 15/63
					






C12N 15/907
					






C12N 2310/10
					






C12N 2310/20
					






View less classifications","WUZHONG CITY HONGSIBAO DISTRICT TIANYUAN AGRICULTURE AND ANIMAL HUSBANDRY TECHNOLOGY DEVELOPMENT CO., LTD.吴忠市红寺堡区天源农牧业科技开发有限公司",KOU QIFANG寇启芳NIU WENZHI牛文智WANG XIAOLONG王小龙MA HU马虎NIU XIAOLIAN牛晓莲ZHOU YING周颖LIU WEIPING刘卫平,,(EN) Method for knocking out sheep MSTN gene by using large fragment of CRISPR/Cas9 system(ZH) 利用CRISPR/Cas9系统大片段敲除绵羊MSTN基因的方法,,"(EN) The invention discloses a method for knocking out the sheep MSTN gene by using a large fragment of a CRISPR/Cas9 system. The method for knocking out the sheep MSTN gene by using the large fragment ofthe CRISPR/Cas9 system comprises the steps that first a DNA sequence of an sgRNA recognition region for a first exon, a second exon and a third exon of the sheep MSTN gene is obtained; sgRNA in-vitrotranscription vectors aiming at the first exon, the second exon and the third exon of the sheep MSTN and containing a T7 promoter are separately constructed; and the in-vitro transcription vectors using Cas9 and sgRNA obtain Cas9 mRNA and sgRNAby in-vitro transcription, and fertilized egg injection can be used for producing transgenic sheep with large fragments knocking out the MSTN gene.(ZH) 本发明公开了一种利用CRISPR/Cas9系统大片段敲除绵羊MSTN基因的方法，本发明首先获得针对绵羊MSTN基因第一外显子,第二外显子和第三外显子的sgRNA识别区的DNA序列；接着分别构建针对绵羊MSTN第一外显子，第二外显子和第三外显子且含T7启动子的sgRNA体外转录载体；利用Cas9和sgRNA的体外转录载体通过体外转录获得Cas9mRNA和sgRNA，通过受精卵注射可用于生产大片段敲除MSTN基因的转基因绵羊。",,,北京弘权知识产权代理事务所(普通合伙) 11363北京弘权知识产权代理事务所(普通合伙) 11363,,,,,,,,
,,,,,,,,,,,,,,,,,,,,,,,,,
,,,,,,,,,,,,,,,,,,,,,,,,,
CN442630231,202411330604,China,24.09.2024,118853924,29.10.2024,B,"C12Q 1/689
					






C12Q 1/6844
					






C12N 15/11
					






C12R 1/38
					








C12Q 1/689
					






C12Q 1/6844
					






C12N 15/11
					






C12R 1/38
					






View less classifications","C12Q 1/689
					






C12Q 1/6844
					






C12R 2001/38
					






Y02A 50/30
					








C12Q 1/689
					






C12Q 1/6844
					






C12R 2001/38
					






Y02A 50/30
					






View less classifications","YUNNAN NORMAL UNIVERSITY云南师范大学YUNNAN YINGMAO MODERN AGRICULTURE CO., LTD.云南英茂现代农业有限公司",TANG WEI唐唯ZHOU JIAN周健HAI YANG海洋SI LIPING司立平LUO ZHANHONG罗展宏ZHANG FAYING张法应FU AIHUA付爱华CHEN JIE陈洁,,"(EN) Primer group, kit and method for detecting potato bacterial wilt based on RPA/CRISPR-Cas12a system(ZH) 一种基于RPA/CRISPR-Cas12a体系检测马铃薯青枯病的引物组、试剂盒及方法",,"(EN) The invention relates to the technical field of molecular biology, in particular to a primer group, a kit and a method for detecting potato bacterial wilt based on an RPA/CRISPR-Cas12a system. The primer group comprises an RPA primer pair and a crRNA primer, a specific recombinase polymerase amplification RPA primer and the crRNA primer of a CRISPR-Cas12a system are designed aiming at the potato bacterial wilt pathogenic bacteria, an isothermal amplification method combining RPA and CRISPR-Cas12a is established, the detection specificity is improved, the result is judged through two visual methods of fluorescence and a lateral flow chromatography test strip, and the detection result is accurate. The method can be used for rapidly, accurately and sensitively detecting the potato bacterial wilt in the field, the reaction effect is good after verification, the method can be perfected by further optimizing experimental operation and conditions, a foundation is laid for subsequent large-scale application, and reliable technical support is provided for prevention and treatment of the potato bacterial wilt.(ZH) 本发明涉及分子生物技术领域，特别涉及一种基于RPA/CRISPR‑Cas12a体系检测马铃薯青枯病的引物组、试剂盒及方法。引物组包括RPA引物对及crRNA引物，本发明针对马铃薯青枯病病原菌，设计特异性重组酶聚合酶扩增RPA引物和CRISPR‑Cas12a体系的crRNA引物，建立了RPA与CRISPR‑Cas12a相结合的等温扩增方法，提高了检测特异性，并通过荧光和侧向流层析试纸条两种可视化方法对结果进行判定，以实现在田间快速、准确和灵敏检测马铃薯青枯病的目的，经验证后反应效果良好，可通过进一步优化实验操作及条件完善该方法并为后续大规模应用奠定基础，为马铃薯青枯病菌防治提供可靠的技术支持。",,,成都九鼎天元知识产权代理有限公司 51214,,,,,,118853924,06.12.2024,
CN198383332,102016000918480,China,21.10.2016,106636182,10.05.2017,B,"C12N 15/82
					






C12N 15/113
					






A01H 5/00
					






A01H 6/82
					








C12N 15/82
					






C12N 15/113
					






A01H 5/00
					






A01H 6/82
					






View less classifications","C12N 15/113
					








C12N 15/113
					






View less classifications",VEGETABLE RESEARCH INSTITUTE OF SHANXI ACADEMY OF AGRICULTURE SCIENCES山西省农业科学院蔬菜研究所,CHENG YAN成妍MA RONGLI马蓉丽JIAO YANSHENG焦彦生QIAO NING乔宁LEI YANG雷阳,,(EN) Construction of CRISPR-Cas9 system of tomato PSY 1 gene and application thereof(ZH) 一种番茄PSY 1基因的CRISPR-Cas9体系构建及其应用,,"(EN) The invention belongs to the field of gene engineering and genetic modification and relates to construction of a CRISPR-Cas9 system of a tomato PSY 1 gene and an application thereof. The construction includes the following steps: (1) according to a cDNA conserved sequence of the tomato PSY 1 gene, designing a DNA sequence of sgRNA, which is represented as the SEQ ID No.1; (2) designing a primer combination used for amplifying a tomato PSY 1 gene target zone in the sgRNA; and (3) performing sgRNA amplification with the primer and purifying an amplified product to obtain a CRISPR-Cas9 Level-1 carrier and a CRISPR-Cas9 Level-2 carrier, which contain the sgRNA of the specific targeted tomato PSY-1 gene. The construction is beneficial to researching on effect that the gene participates in fruit maturity of tomatoes, so that the molecular mechanism of the fruit maturity of tomatoes can be known furthermore. The system can be used for producing PSY 1 gene deleted transgenic tomatoes, and has important effect of culturing a new tomato variety which is tolerant to storage and transportation in future.(ZH) 本发明属于基因工程和基因遗传修饰领域，涉及一种番茄PSY 1基因的CRISPR‑Cas9体系构建及其应用，包括以下步骤：根据番茄PSY 1基因的cDNA保守序列设计sgRNA的DNA序列，如SEQ ID NO.1所示；设计用于扩增sgRNA的番茄PSY 1基因目标区的引物组合；利用引物进行sgRNA扩增，并纯化扩增产物；得到含有特异性靶向番茄PSY 1基因sgRNA的CRISPR‑Cas9 Level 1载体和CRISPR‑Cas9 Level 2载体。有助于研究该基因参与番茄果实成熟过程中的作用，进一步了解番茄果实成熟的分子机理，可用于制备PSY 1基因缺失的转基因番茄，对未来培育耐贮运番茄新品种有重要作用。",,,太原晋科知识产权代理事务所(特殊普通合伙) 14110,,,,,,106636182,08.11.2019,
KR365503323,1020200165707,Republic of Korea,01.12.2020,1020220076827,08.06.2022,B1,"C12N 15/82
					






C07K 14/415
					






C12N 15/113
					








C12N 15/82
					






C07K 14/415
					






C12N 15/113
					






View less classifications","C12N 15/8242
					






C07K 14/415
					






C12N 15/113
					






C12N 15/8205
					






C12N 2310/20
					








C12N 15/8242
					






C07K 14/415
					






C12N 15/113
					






C12N 15/8205
					






C12N 2310/20
					






View less classifications",명지대학교 산학협력단MYONGJI UNIVERSITY INDUSTRY AND ACADEMIA COOPERATION FOUNDATION가톨릭대학교 산학협력단THE CATHOLIC UNIVERSITY OF KOREA INDUSTRY-ACADEMIC COOPERATION FOUNDATION,KIM GOON BOMUN JEONG HWANYU HEE JU김군보문정환유희주,,(EN) NOVEL U6 PROMOTER SEPARATED FROM VITIS PLANTS AND USE THEREOF(KO) 포도에서 분리된 신규 U6 프로모터 및 이의 용도,,"(EN) The present invention relates to a novel U6 promoter isolated from Vitis plants and having high guide RNA (gRNA) transcriptional activity. According to the present invention, the novel U6 promoter isolated from Vitis plants has significantly superior target gRNA transcriptional activity in Vitis plants in comparison with an AtU6-26 promoter isolated from Arabidopsis. Accordingly, the novel U6 promoter isolated from Vitis plants can increase efficiency and ease of genome editing of Vitis plants using a clustered regularly interspaced short palindromic repeats (CRISPR) system. In addition, when the novel U6 promoter isolated from Vitis plants and a recombinant vector system containing the same are used, it is possible to easily perform gene function research or development of new varieties of grapes, which are hybrid varieties. COPYRIGHT KIPO 2023(KO) 본 발명은 포도속 식물에서 분리되고 가이드 RNA(gRNA)의 전사 활성이 높은 신규 U6 프로모터를 제공한다. 본 발명에서 제공하는 포도속 식물에서 분리된 신규한 U6 프로모터는 애기장대에서 분리된 AtU6-26 프로모터에 비해 포도 식물체에서 표적 가이드 RNA(gRNA) 전사 활성이 현저하게 우수하다. 따라서, 본 발명에서 제공하는 포도속 식물에서 분리된 신규한 U6 프로모터는 CRISPR 체계를 이용한 포도속 식물 유전체 편집의 효율성과 용이성을 높일 수 있다. 나아가, 본 발명에서 제공하는 포도속 식물에서 분리된 신규한 U6 프로모터 및 이를 포함하는 재조합 벡터 시스템을 사용하면 잡종 품종인 포도의 유전자 기능 연구나 신품종 개발을 용이하게 수행할 수 있다.",102551063,05.07.2023,임상엽권정기,,,,,,,,
CN283217400,201911135748,China,19.11.2019,110724689,24.01.2020,B,"C12N 15/113
					






C12N 15/82
					






A01H 4/00
					






A01H 5/00
					






A01H 6/46
					








C12N 15/113
					






C12N 15/82
					






A01H 4/00
					






A01H 5/00
					






A01H 6/46
					






View less classifications","A01H 4/00
					






C12N 9/1085
					






C12N 15/113
					






C12N 15/8218
					






C12N 2310/20
					








A01H 4/00
					






C12N 9/1085
					






C12N 15/113
					






C12N 15/8218
					






C12N 2310/20
					






View less classifications",FUJIAN AGRICULTURE AND FORESTRY UNIVERSITY福建农林大学,ZHU QIANG朱强YE SHANWEN叶善汶CHEN GANG陈刚,,(EN) Cas9-mediated dendrocalamus latiflorus gene editing vector and application thereof(ZH) Cas9介导的麻竹基因编辑载体和应用,,"(EN) The present invention discloses a Cas9-mediated dendrocalamus latiflorus gene editing vector and an application thereof. A Crispr/Cas9 dendrocalamus latiflorus expression vector is constructed, a Cas9gene is introduced into dendrocalamus latiflorus through an agrobacterium (EHA105) transformation method, a dendrocalamus latiflorus PSY1 gene is subjected to directional editing, and the method capable of editing the own gene of the dendrocalamus latiflorus to obtain a dendrocalamus latiflorus mutant is provided for the first time. Applicability of CRISPR/Cas9 in bamboo is proved, thereby promoting research and breeding of the bamboo in the future.(ZH) 本发明公开了Cas9介导的麻竹基因编辑载体及其应用。发明通过构建Crispr/Cas9麻竹表达载体，通过农杆菌（EHA105）转化的方式，将Cas9基因导入麻竹中，对麻竹PSY1基因进行定向编辑，首次提供一种能够定向编辑麻竹自身基因从而获得麻竹突变体的方法。证明了CRISPR/Cas9在竹子中的适用性，从而促进了未来竹子的研究和育种。",,,福州元创专利商标代理有限公司 35100福州元创专利商标代理有限公司 35100,,,,,,110724689,26.03.2021,
CN276925711,201910178919,China,11.03.2019,110423775,08.11.2019,B,"C12N 15/82
					






C12N 15/90
					






C12N 15/66
					






A01H 5/00
					






A01H 6/46
					








C12N 15/82
					






C12N 15/90
					






C12N 15/66
					






A01H 5/00
					






A01H 6/46
					






View less classifications","C07K 14/415
					






C12N 15/8282
					






C12N 15/902
					






C12N 2800/80
					






C12N 2810/10
					








C07K 14/415
					






C12N 15/8282
					






C12N 15/902
					






C12N 2800/80
					






C12N 2810/10
					






View less classifications","SAAS BIOTECHNOLOGY AND NUCLEAR TECHNOLOGY RESEARCH INSTITUTE四川省农业科学院生物技术核技术研究所CHENGDU YINONG AGRICULTURE TECHNOLOGY CO., LTD.成都亿农农业科技有限公司",CHEN KEGUI陈克贵PENG MEIFANG彭梅芳PAN CHUNMEI潘春梅LI SHAOYI李邵怡WANG JING王静FAN XIAOLI范晓丽,,(EN) Editing modification method of piricularia oryzae resistance locus DNA in rice genome and editing vector(ZH) 一种水稻基因组中稻瘟病抗性位点DNA的编辑修饰方法、编辑载体,,"(EN) The invention discloses a method for editing modification of DNA of a piricularia oryzae resistance locus in a rice genome by using a CRISPR/Cas9 gene editing vector. The piricularia oryzae resistancelocus in the rice genome is located on a chromosome 6, and the DNA sequence is shown as Seq No.1. The CRISPR/Cas9 gene editing vector implementing the editing modification method comprises an sgRNA expression cassette and a recombinant DNA fragment RHR; the target sequence of the sgRNA expression cassette is determined according to the DNA sequence of the piricularia oryzae resistance locus in the rice genome; and the recombinant DNA fragment RHR is constructed by a method combining DNA synthesis and PCR amplification according to the DNA sequence of a piricularia oryzae resistance gene. According to the method, the DNA of the piricularia oryzae resistance gene locus is accurately modified and edited, so that the purpose of changing the genetic information is achieved, and the method is used for cultivating rice varieties resistant to piricularia oryzae.(ZH) 本发明公开了一种利用CRISPR/Cas9基因编辑载体对水稻基因组中稻瘟病抗性位点DNA编辑修饰的方法，所述水稻基因组中稻瘟病抗性位点位于第6染色体，其DNA序列如Seq No.1所示。实现上述编辑修饰方法的CRISPR/Cas9基因编辑载体包括sgRNA表达盒和重组DNA片段RHR；所述sgRNA表达盒的靶序列是依据水稻基因组中稻瘟病抗性位点DNA序列确定；所述重组DNA片段RHR是依据水稻稻瘟病抗性基因DNA序列，采用DNA合成和PCR扩增相结合的方法构建获得。本发明对稻瘟病抗性基因位点的DNA进行精确的修饰编辑，从而达到改变其遗传信息的目的，用于培育抗稻瘟病的水稻品种。",,,成都行之专利代理事务所(普通合伙) 51220,,,,,,110423775,11.08.2020,
CN400361523,202111525534,China,14.12.2021,116262922,16.06.2023,A,"C12N 15/29
					






C07K 14/415
					






C12N 15/84
					






A01H 5/00
					






A01H 6/82
					








C12N 15/29
					






C07K 14/415
					






C12N 15/84
					






A01H 5/00
					






A01H 6/82
					






View less classifications","C07K 14/415
					






C12N 15/8251
					






C12N 15/8243
					






C12N 15/8218
					






Y02A 40/146
					








C07K 14/415
					






C12N 15/8251
					






C12N 15/8243
					






C12N 15/8218
					






Y02A 40/146
					






View less classifications",SHANDONG AGRICULTURAL UNIVERSITY山东农业大学,MENG ZAN孟赞LI QINGQING李清清WANG QINGGUO王庆国LI GUANGCUN李广存LIU SHIYANG刘士扬ZHANG MIAOMIAO张苗苗,,(EN) Application of potato auxin response gene StSAUR30231 in inhibition of enzymatic browning of fresh-cut potatoes(ZH) 马铃薯生长素响应基因StSAUR30231在抑制鲜切马铃薯酶促褐变中的应用,,"(EN) The invention discloses application of a potato auxin response gene StSAUR30231 in inhibition of enzymatic browning of fresh-cut potatoes, and belongs to the technical field of molecular genetics. The nucleotide sequence of the StSAUR30231 gene is as shown in SEQ ID NO. 1, and the amino acid sequence coded by the StSAUR30231 gene is as shown in SEQ ID NO. 2. According to the invention, the StSAUR30231 gene is connected to an expression vector, agrobacterium is utilized to infect and transform potatoes, and data shows that the anti-browning capability of the potatoes can be obviously improved by overexpression of the StSAUR30231 gene. Meanwhile, a homozygous mutant of the gene is obtained through a CRISPR-Cas9 technology, the result shows that browning of fresh-cut potatoes is remarkably reduced through overexpression of StSAUR30231, and the browning resistance of the mutant is remarkably lower than that of a wild type. The StSAUR30231 gene disclosed by the invention can provide a theoretical basis for cultivating new varieties of excellent crops, and has great significance in production practice.(ZH) 本发明公开了一种马铃薯生长素响应基因StSAUR30231在抑制鲜切马铃薯酶促褐变中的应用，属于分子遗传学技术领域。StSAUR30231基因的核苷酸序列如SEQ ID NO.1所示，其编码的氨基酸序列如SEQ ID NO.2所示。本发明将StSAUR30231基因连接于表达载体上，并利用农杆菌侵染转化马铃薯，数据显示过表达StSAUR30231基因能够显著提高马铃薯的抗褐变能力。同时通过CRISPR‑Cas9技术获得该基因的纯合突变体，结果显示超表达StSAUR30231显著减低鲜切马铃薯褐变，而突变体的抗褐变能力显著低于野生型。本发明所述的StSAUR30231基因可为培育优良农作物新品种提供理论依据，在生产实践上具有重大意义。",,,济南誉丰专利代理事务所(普通合伙企业) 37240,,,,,,,,
KR390079858,1020210084294,Republic of Korea,28.06.2021,1020230001450,04.01.2023,A,"A01H 1/00
					






A01H 1/06
					






A01H 5/10
					






A01H 6/20
					






C12N 15/10
					






C12N 15/113
					






View more classifications
							






A01H 1/00
					






A01H 1/06
					






A01H 5/10
					






A01H 6/20
					






C12N 15/10
					






C12N 15/113
					






C12N 15/82
					






C12N 9/22
					






View less classifications","A01H 1/1215
					






A01H 1/06
					






A01H 5/10
					






A01H 6/203
					






C12N 15/102
					






C12N 15/113
					






View more classifications
							






A01H 1/1215
					






A01H 1/06
					






A01H 5/10
					






A01H 6/203
					






C12N 15/102
					






C12N 15/113
					






C12N 15/827
					






C12N 9/22
					






C12N 2310/20
					






View less classifications","(주)이지템EASYTEM CO., LTD.",GEUNG JOO LEEJU YOUNG AHN이긍주안주영,,(EN) MANUFACTURING METHOD OF FLOWERING-DELAYED CABBAGE PLANTS USING CRISPR/CAS COMPLEX(KO) CRISPR/Cas 복합체를 이용한 개화지연 양배추 식물체의 제조방법,,(EN) The present invention relates to a manufacturing method of flowering-delayed cabbage plants using a CRISPR/Cas complex targeting flowering control genes of cabbage. COPYRIGHT KIPO 2023(KO) 본 발명은 양배추의 개화조절 유전자를 표적으로 CRISPR/Cas 복합체를 이용한 개화지연 양배추 식물체의 제조방법에 관한 것이다.,,,정승훈,,,,,,,,
CN439115859,202410766645,China,14.06.2024,118599837,06.09.2024,A,"C12N 15/113
					






C12Q 1/6895
					






C12Q 1/686
					






G01N 33/543
					






G01N 33/569
					






G01N 33/58
					






View more classifications
							






C12N 15/113
					






C12Q 1/6895
					






C12Q 1/686
					






G01N 33/543
					






G01N 33/569
					






G01N 33/58
					






C12N 15/11
					






C12R 1/645
					






View less classifications","C12N 15/113
					






C12Q 1/6895
					






C12Q 1/686
					






G01N 33/54387
					






G01N 33/56961
					






G01N 33/587
					






View more classifications
							






C12N 15/113
					






C12Q 1/6895
					






C12Q 1/686
					






G01N 33/54387
					






G01N 33/56961
					






G01N 33/587
					






G01N 2333/37
					






C12R 2001/645
					






C12N 2310/20
					






View less classifications",BEIJING ACADEMY OF AGRICULTURE AND FORESTRY SCIENCES北京市农林科学院,YU SHUANCANG于拴仓WANG WEIHONG汪维红LIU XIAOJING刘肖静SU TONGBING苏同兵XIN XIAOYUN辛晓云LI PEIRONG李佩荣ZHAO XIUYUN赵岫云ZHANG DESHUANG张德双YU YANGJUN余阳俊ZHANG FENGLAN张凤兰WANG JIAO王姣,,(EN) CRISPR/Cas12a-based Chinese cabbage verticillium wilt detection method and related material and application thereof(ZH) 基于CRISPR/Cas12a的大白菜黄萎病检测方法及其相关材料和应用,,"(EN) The invention discloses a Chinese cabbage verticillium wilt detection method based on CRISPR/Cas12a as well as a related material and application of the Chinese cabbage verticillium wilt detection method. In particular discloses a Cas12a guide RNA molecule for cutting verticillium wilt rDNA-ITS, the guide RNA molecule comprises a targeting sequence and a structural sequence, the nucleotide sequence of the targeting sequence is from the 4th site to the 24th site of a sequence 1, and the nucleotide sequence of the structural sequence is from the 25th site to the 44th site of the sequence 1. A guide RNA molecule and a detection primer designed for a target are used for performing cas12a-RPA detection on a to-be-detected sample, and a result shows that whether the sample contains the target genome or not can be quickly and intuitively detected, so that the method can be used for industrial and agricultural production.(ZH) 本发明公开了基于CRISPR/Cas12a的大白菜黄萎病检测方法及其相关材料和应用。具体公开了一种用于切割黄萎病rDNA‑ITS的Cas12a向导RNA分子，所述向导RNA分子包括靶向序列和结构序列，所述靶向序列的核酸序列为序列1的第4位‑第24位，所述结构的核酸序列为序列1的第25位‑第44位。使用向导RNA分子和及针对靶标设计的检测引物对待测样本进行cas12a‑RPA检测，结果表明可快速、直观的检测到样本中是否含有目标基因组，可用于工农业生产。",,,北京纪凯知识产权代理有限公司 11245,,,,,,,,
CN362208620,202210358122,China,06.04.2022,114507688,17.05.2022,A,"C12N 15/84
					






C12N 15/29
					






A01H 6/82
					






A01H 5/00
					






A01H 5/12
					








C12N 15/84
					






C12N 15/29
					






A01H 6/82
					






A01H 5/00
					






A01H 5/12
					






View less classifications","C12N 15/8251
					






C12N 15/8261
					






C12N 15/8218
					






C07K 14/415
					








C12N 15/8251
					






C12N 15/8261
					






C12N 15/8218
					






C07K 14/415
					






View less classifications",LIMITED RESPONSIBILITY COMPANY OF YUNNAN CHINESE TOBACCO INDUSTRY云南中烟工业有限责任公司,MI QILI米其利YANG WENWU杨文武XU LI许力GAO XI高茜ZHU HAIBIN朱海滨LI XUEMEI李雪梅DENG LELE邓乐乐XIANG HAIYING向海英YANG GUANGYU杨光宇,,(EN) Application of tobacco NtCNGC4 gene in preparation of tobacco mutant material for regulating plant height and leaf amino acid content(ZH) 一种烟草NtCNGC4基因在制备调控株高和叶片氨基酸含量的烟草突变体材料中的应用,,"(EN) The invention discloses an application of a tobacco NtCNGC4 gene in preparation of a tobacco mutant material for regulating plant height and leaf amino acid content, a creation method of the mutant material comprises the following steps: (1) selecting a specific 23nt nucleotide sequence in the NtCNGC4 gene as a guide sequence of CRISPR/Cas9, and carrying out connection, conversion and PCR amplification detection on a sequence segment and a CRISPR/Cas9 carrier to obtain a nucleotide sequence; carrying out PCR (Polymerase Chain Reaction) positive cloning to obtain a CRISPR/Cas9-NtCNGC4 editing vector; and (2) carrying out genetic transformation and tissue culture by using the constructed CRISPR/Cas9-NtCNGC4 editing vector, so as to obtain a plant of which the tobacco NtCNGC4 is subjected to knockout editing. The NtCNGC4 gene knockout tobacco gene editing plant obtained by the invention is relatively short and small, and the amino acid content of leaves is remarkably reduced.(ZH) 本发明公开了一种烟草NtCNGC4基因在制备调控株高和叶片氨基酸含量的烟草突变体材料中的应用，突变体材料的创制方法包括以下步骤：(1)选择NtCNGC4基因中较特异的23nt核苷酸序列为CRISPR/Cas9的引导序列，并将该序列片段与CRISPR/Cas9载体进行连接、转化和PCR扩增检测，PCR阳性克隆，获得CRISPR/Cas9‑NtCNGC4编辑载体；(2)利用所构建的CRISPR/Cas9‑NtCNGC4编辑载体，进行遗传转化和组培，获得烟草NtCNGC4发生敲除编辑的植株。本发明获得的NtCNGC4基因敲除的烟草基因编辑植株较为矮小，叶片氨基酸含量显著降低。",,,北京维澳专利代理有限公司 11252,,,,,,,,
CN326420260,202110155151,China,04.02.2021,112852745,28.05.2021,B,"C12N 5/10
					






C12N 15/113
					






C12N 15/85
					






C12Q 1/70
					






C12Q 1/6851
					






G01N 33/569
					






View more classifications
							






C12N 5/10
					






C12N 15/113
					






C12N 15/85
					






C12Q 1/70
					






C12Q 1/6851
					






G01N 33/569
					






G01N 21/31
					






C12R 1/91
					






View less classifications","C12N 15/1137
					






C12N 15/85
					






C12N 9/80
					






C12Q 1/701
					






C12Q 1/6851
					






G01N 33/56983
					






View more classifications
							






C12N 15/1137
					






C12N 15/85
					






C12N 9/80
					






C12Q 1/701
					






C12Q 1/6851
					






G01N 33/56983
					






G01N 21/31
					






C12Y 305/01098
					






C12N 2310/20
					






C12Q 2600/166
					






G01N 2333/09
					






Y02A 50/30
					






View less classifications","LANZHOU VETERINARY RESEARCH INSTITUTE, CHINESE ACADEMY OF AGRICULTURE SCIENCES中国农业科学院兰州兽医研究所",HOU SHITONG侯石桐SUN YUEFENG孙跃峰WANG XIANGWEI王相伟YIN XIANGPING殷相平MAO RUOQING毛箬青ZHAO SHUAIYANG赵帅阳,,(EN) HDAC3 gene knockout BHK-21 cell line as well as construction method and application thereof(ZH) HDAC3基因敲除的BHK-21细胞系及其构建方法和应用,,"(EN) The invention discloses a construction method of an HDAC3 gene knockout BHK-21 cell line, which comprises the following steps: carrying out gene knockout on HDAC3 in a cell line BHK-21 for foot-and-mouth disease vaccine production by utilizing a CRISPR/Cas9 technology, transfecting BHK-21 cells by utilizing CRISPR plasmids for knocking out the HDAC3, and separating the cells to obtain a plurality of cell clones by utilizing antibiotic screening in combination with gradient dilution and a cloning ring method; extracting the genome DNA, performing PCR amplification and sequencing, and successfully identifying the cell clones of which two HDAC3 genes are subjected to homozygous frameshift mutation. In the HDAC3 knockout BHK-21 cell line, the replication rate of foot-and-mouth disease virus is obviously accelerated, the final virus titer is obviously improved, and the HDAC3 knockout has no obvious influence on the cell growth rate, so that the HDAC3 knockout BHK-21 cell line has the prospect of being used for foot-and-mouth disease vaccine production. Therefore, the foundation is laid for further knocking out HDAC3 from suspension culture type BHK-21 cells and directly applying HDAC3 to foot-and-mouth disease vaccine production.(ZH) 本发明公开了HDAC3基因敲除的BHK‑21细胞系的构建方法，利用CRISPR/Cas9技术对口蹄疫疫苗生产用细胞系BHK‑21中的HDAC3进行基因敲除，将用于敲除HDAC3的CRISPR质粒转染BHK‑21细胞后，利用抗生素筛选结合梯度稀释，用克隆环法分离到了多个细胞克隆。提取基因组DNA后进行PCR扩增、测序，成功鉴定到了2个HDAC3基因发生纯合移码突变的细胞克隆。HDAC3敲除的BHK‑21细胞系中口蹄病毒复制速率明显加快，最终病毒滴度有显著提高，且HDAC3敲除后对细胞生长速率无显著影响，说明其有用于口蹄疫疫苗生产的前景。为进一步在悬浮培养型BHK‑21细胞中敲除HDAC3，直接用于口蹄疫疫苗生产奠定了基础。",112852745,23.05.2023,北京兴智翔达知识产权代理有限公司 11768,,,,,,,,
CN396314321,202310126996,China,17.02.2023,115960192,14.04.2023,A,"C07K 14/415
					






C12N 15/29
					






C12N 15/82
					






A01H 5/02
					






A01H 6/54
					








C07K 14/415
					






C12N 15/29
					






C12N 15/82
					






A01H 5/02
					






A01H 6/54
					






View less classifications","Y02A 40/146
					








Y02A 40/146
					






View less classifications",HUNAN INSTITUTE OF CROPS湖南省作物研究所,JIANG LING姜玲YANG XIAOFENG阳小凤HUANG SHAN黄山ZHOU HONG周虹GU XIAOYAN顾小燕,,(EN) Application of GmASHH2a/b protein and coding gene thereof in regulation and control of late flowering of soybean(ZH) GmASHH2a/b蛋白及其编码基因在调控大豆晚花中的应用,,"(EN) The invention belongs to the technical field of biotechnology, and particularly relates to application of ASHH2a/b protein and a coding gene thereof in regulation and control of late flowering of soybeans. According to the invention, sgRNA is used for editing two genes designed for conservative segments of two soybean ASHH2s genes, a set of CRISPR-Cas9 vector is constructed, and agrobacterium-mediated genetic transformation is carried out, so that the soybean late blossom mutant is obtained. Therefore, the invention provides the application of the ASHH2s gene in the creation of the soybean late blossom mutant. Meanwhile, the invention also provides an application of the vector with the ASHH2s gene knocked out in the creation of the soybean late blossom mutant. According to the invention, the ASHH2 gene is determined as the target gene for creating the late flowering character of the soybean, the late flowering mutant of the soybean is successfully created, and a material basis is provided for subsequent research on regulation and control of the flowering phase of the soybean and related breeding and screening of the late flowering.(ZH) 本发明属于生物技术技术领域，具体涉及一种ASHH2a/b蛋白及其编码基因在调控大豆晚花中的应用。本发明针对2个大豆ASHH2s基因的保守区段设计的2条基因编辑用是sgRNA，构建一套CRISPR‑Cas9载体，进行农杆菌介导的遗传转化，获得大豆晚花突变体。因此，本发明提供了ASHH2s基因在创制大豆晚花突变体中的应用。同时，本发明还提供了敲除ASHH2s基因的载体在创制大豆晚花突变体中的应用。本发明确定了ASHH2基因为创制大豆晚花性状的靶点基因，并成功创建大豆晚花突变体，为后续研究大豆花期调控和晚花相关育种及筛选提供材料基础。",,,长沙和雅知识产权代理事务所(普通合伙) 43238,,,,,,,,
CN438706466,202410788422,China,18.06.2024,118581126,03.09.2024,A,"C12N 15/75
					






C12N 15/113
					






C12N 15/55
					








C12N 15/75
					






C12N 15/113
					






C12N 15/55
					






View less classifications","C12N 15/75
					






C12N 15/113
					






C12N 9/22
					






C12N 2800/101
					






C12N 2310/20
					








C12N 15/75
					






C12N 15/113
					






C12N 9/22
					






C12N 2800/101
					






C12N 2310/20
					






View less classifications",FUJIAN AGRICULTURE AND FORESTRY UNIVERSITY福建农林大学JIMEI UNIVERSITY集美大学,ZHANG ZIPING张子平WANG YILEI王艺磊ZHANG WENXIN张文欣JIN YAQI靳雅琦,,(EN) High expression system of CRISPR/Cas9 component in bacillus subtilis(ZH) 一种枯草芽孢杆菌中CRISPR/Cas9组件的高表达系统,,"(EN) The invention discloses a high expression system of a CRISPR (clustered regularly interspaced short palindromic repeats)/Cas9 (clustered regularly interspaced short palindromic repeats) component, which is established on the basis of bacillus subtilis. According to the invention, an integrated plasmid containing an rRNA promoter (P1 promoter), an sgRNA fragment and a Cas9 fragment is constructed by virtue of the characteristic of high expression of a ribosome RNA (rRNA) promoter. According to the method, the integration plasmid is transformed into the bacillus subtilis SCK6 through the integration vector pDGIEF, the expression efficiency of a CRISPR/Cas9 system in the bacillus subtilis is improved by utilizing the advantages of a bacillus subtilis expression system and the characteristic of high expression of an rRNA promoter, and the problem of resistance gene pollution possibly generated in the actual production and application process is avoided through nonreactive screening.(ZH) 本发明公开一种基于枯草芽孢杆菌（Bacillus subtilis）中建立的CRISPR/Cas9组件的高表达系统。本发明借助核糖体RNA（rRNA）启动子高表达的特性，构建含有rRNA启动子（P1启动子）、sgRNA片段、Cas9片段的整合质粒。将整合质粒通过整合载体pDGIEF转化至枯草芽孢杆菌SCK6中，利用枯草芽孢杆菌表达系统的优点和rRNA启动子高表达的特性，提高了CRISPR/Cas9系统在枯草芽孢杆菌中的表达效率，并通过无抗筛选避免了在实际生产应用过程中可能产生的抗性基因污染的问题。",,,福州元创专利商标代理有限公司 35100福州元创专利商标代理有限公司 35100,,,,,,,,
CN441991338,202410796360,China,20.06.2024,118792300,18.10.2024,A,"C12N 15/113
					






C12N 15/82
					






C12N 15/63
					






A01H 5/02
					






A01H 6/46
					








C12N 15/113
					






C12N 15/82
					






C12N 15/63
					






A01H 5/02
					






A01H 6/46
					






View less classifications","C07K 14/415
					






C12N 15/827
					






C12N 15/8218
					






C12N 15/8205
					






C12N 15/63
					








C07K 14/415
					






C12N 15/827
					






C12N 15/8218
					






C12N 15/8205
					






C12N 15/63
					






View less classifications",HUBEI ACADEMY OF AGRICULTURAL SCIENCES INSTITUTE OF FOOD CROPS湖北省农业科学院粮食作物研究所,LI CHANGYAN李昌焱LI CHUANHONG李传红MA ZENGFENG马增凤YOU AIQING游艾青ZHOU LEI周雷ZHA WENJUN闸雯俊LI SANHE李三和WU BIAN吴边WU YAN吴艳,,"(EN) Promoter, gene editing method and application thereof(ZH) 一种启动子、基因编辑方法及其应用",,"(EN) The invention belongs to the field of gene engineering, and particularly relates to a promoter, a gene editing method and application thereof. According to the invention, a rice Ehd1 gene promoter region is mutated by using a CRISPR/Cas9 gene editing technology, so that a promoter for promoting rice to bloom in advance is obtained, and a method for promoting rice to bloom in advance by using the gene editing technology is also obtained.(ZH) 本发明属于基因工程领域，具体涉及一种启动子、基因编辑方法及其应用。本发明通过使用CRISPR/Cas9基因编辑技术对水稻Ehd1基因启动子区域进行突变，获得一种促进水稻提前开花的启动子，以及使用基因编辑技术提早水稻开花的方法。",,,咸宁鸿信专利代理事务所(普通合伙) 42249,,,,,,,,
CN349499155,202111388007,China,22.11.2021,113957087,21.01.2022,B,"C12N 15/57
					






C12N 9/50
					






C12N 15/113
					






C12N 15/82
					






A01H 5/00
					






A01H 6/46
					








C12N 15/57
					






C12N 9/50
					






C12N 15/113
					






C12N 15/82
					






A01H 5/00
					






A01H 6/46
					






View less classifications","C12N 9/63
					






C12N 15/1137
					






C12N 15/8218
					






C12N 15/8273
					






C12Y 304/21062
					






C12N 2800/22
					






View more classifications
							






C12N 9/63
					






C12N 15/1137
					






C12N 15/8218
					






C12N 15/8273
					






C12Y 304/21062
					






C12N 2800/22
					






C12N 2310/20
					






View less classifications",TIANJIN ACADEMY OF AGRICULTURAL SCIENCES天津市农业科学院,LIU JINGYAN刘静妍LIU XUEJUN刘学军CHEN ZHICAI陈志材ZHANG RONGXUE张融雪GUO YANLI郭彦丽LU XIN路信TONG HUI佟卉LIU YANQING刘燕清YAN SHUANGYONG闫双勇PAN YANG潘洋CAI YUMENG蔡昱萌HE FEI何飞WANG YING汪颖LI JUNLING李军玲SUN YUE孙玥,,(EN) Application of Sub gene in regulation and control of cold resistance of rice(ZH) Sub基因在调控水稻耐寒性中的应用,,"(EN) The invention provides an application of a Sub gene in regulation and control of cold resistance of plants. A nucleotide sequence of the Sub gene is shown as SEQ ID No.1. According to the invention, cold-resistant transgenic plants are obtained by knocking out the Sub gene in the plants with CRISPR technology. The Sub gene is applied to improve cold resistance of rice, and has very important significance on the cultivation of a new variety of stress-resistant rice and even the genetic improvement of the stress resistance of the plants.(ZH) 本发明提供了Sub基因在调控植物耐寒性中的应用，Sub基因的核苷酸序列SEQ ID No.1所示。本发明通过在植物中利用CRISPR技术敲除Sub基因，获得耐寒的转基因植物，并将Sub基因应用于水稻耐寒性的提高，对于培育抗逆境水稻新品种乃至植物抵抗逆境的遗传改良都将具有非常重要的意义。",113957087,28.04.2023,天津心知意达知识产权代理事务所(普通合伙) 12260,,,,,,,,
CN318550213,202011151685,China,23.10.2020,112359057,12.02.2021,B,"C12N 15/84
					






A01H 5/00
					






A01H 6/00
					








C12N 15/84
					






A01H 5/00
					






A01H 6/00
					






View less classifications","C12N 15/8216
					






C12N 15/825
					






C12N 9/001
					






C12Y 103/99
					








C12N 15/8216
					






C12N 15/825
					






C12N 9/001
					






C12Y 103/99
					






View less classifications",ZHEJIANG UNIVERSITY浙江大学,DU JUAN杜娟WANG YAO王瑶AN YI安轶LU MENGZHU卢孟柱,,(EN) Application of CRISPR/Cas12a gene editing system in 84K poplar gene editing(ZH) CRISPR/Cas12a基因编辑系统在84K杨树基因编辑中的应用,,"(EN) The invention relates to application of a CRISPR/Cas12a gene editing system in 84K poplar gene editing, and belongs to the technical field of plant gene engineering. The application comprises the following steps: selecting a PagPDS gene target site; constructing a vector; carrying out genetic transformation of poplars; obtaining a transgenic plant; and analyzing the directional editing condition of the poplar gene by the CRISPR system. According to the application of the CRISPR/Cas12a gene editing system in 84K poplar gene editing, hybrid poplar 84K is used for evaluating targeted mutation ofthe CRISPR/Cas12a system; and three kinds of Cas12a nuclease AsCas12a, LbCas12a and FnCas12a are used, and finally a simple and effective tool capable of editing a plurality of woody plant genes is provided.(ZH) 本发明涉及一种CRISPR/Cas12a基因编辑系统在84K杨树基因编辑中的应用，属于植物基因工程技术领域。包括PagPDS基因靶位点的选择；载体的构建；杨树的遗传转化；转基因植株的获得；CRISPR系统对杨树基因的定向编辑情况分析。本发明的CRISPR/Cas12a基因编辑系统在84K杨树基因编辑中的应用，使用杂种杨‘84K’来评估CRISPR/Cas12a系统的靶向突变；本发明使用了三种Cas12a核酸酶AsCas12a、LbCas12a和FnCas12a，最终提供了一种简单、有效的可编辑多个木本植物基因的工具。",112359057,22.11.2022,北京市广友专利事务所有限责任公司 11237,,,,,,,,
CN198413651,201710014871,China,09.01.2017,106701818,24.05.2017,B,"C12N 15/82
					






A01H 5/00
					






A01H 1/02
					






A01H 6/46
					








C12N 15/82
					






A01H 5/00
					






A01H 1/02
					






A01H 6/46
					






View less classifications","A01H 1/02
					






C07K 14/415
					






C12N 15/8205
					






C12N 15/8287
					






C12N 2800/80
					








A01H 1/02
					






C07K 14/415
					






C12N 15/8205
					






C12N 15/8287
					






C12N 2800/80
					






View less classifications",HUNAN HYBRID RICE RESEARCH CENTER湖南杂交水稻研究中心,YUAN DINGYANG袁定阳DUAN MEIJUAN段美娟YU DONG余东SUN ZHIZHONG孙志忠TAN YANNING谭炎宁SUN XUEWU孙学武YUAN GUANGJIE袁光杰YUAN GUILONG袁贵龙ZHAO BINGRAN赵炳然MAO BIGANG毛毕刚SHAO YE韶也LI XINQI李新奇YUAN LONGPING袁隆平,,(EN) Method for cultivating rice common nuclear sterile lines(ZH) 一种培育水稻普通核不育系的方法,,"(EN) The invention discloses a method for cultivating rice common nuclear sterile lines, wherein the method comprises the following steps: using a CRISPR/Cas9 system, designing a target site sequence according to a rice common nuclear sterile gene; constructing a pCRISPR/Cas9 recombinant vector containing a target site sequence fragment; introducing the obtained pCRISPR/Cas9 recombinant vector into an embryonic callus of a maintainer line, to obtain transgenic seedlings; screening transgenic positive plants in the transgenic seedlings; and screening mutant plants in the transgenic positive plants; breeding the mutant plants, and separating common nuclear sterile lines containing no transgenic ingredients in later generation plants. The purpose of rapid culture of the common nuclear sterile lines is realized by editing the common nuclear sterile gene, and the method has the advantages of short breeding cycle, low cost and high practicability.(ZH) 本发明公开了一种培育水稻普通核不育系的方法，包括以下步骤：利用CRISPR/Cas9系统，根据水稻普通核不育基因设计靶位点序列；构建含靶位点序列片段的pCRISPR/Cas9重组载体；将所获得的pCRISPR/Cas9重组载体导入保持系的胚性愈伤组织中得到转基因苗；筛选转基因苗中的转基因阳性植株；筛选转基因阳性植株中的突变植株；将突变植株进行繁种，于后代植株中分离不含转基因成分的普通核不育系。本发明通过编辑普通核不育基因，实现快速培育普通核不育系的目标，育种周期短、成本低且实用性强。",106701818,24.04.2020,湖南兆弘专利事务所(普通合伙) 43008湖南兆弘专利事务所(普通合伙) 43008,,,,,,,,
CN398440715,202211382050,China,07.11.2022,116083442,09.05.2023,B,"C12N 15/29
					






C07K 14/415
					






C12N 15/84
					






C12N 15/113
					






A01H 5/00
					






A01H 6/46
					








C12N 15/29
					






C07K 14/415
					






C12N 15/84
					






C12N 15/113
					






A01H 5/00
					






A01H 6/46
					






View less classifications","C07K 14/415
					






C12N 15/8218
					






C12N 15/8287
					






C12N 15/113
					






C12N 2310/20
					








C07K 14/415
					






C12N 15/8218
					






C12N 15/8287
					






C12N 15/113
					






C12N 2310/20
					






View less classifications","NANFAN SEED INSTITUTE, GUANGDONG ACADEMY OF SCIENCES广东省科学院南繁种业研究所",GUO YUQIANG郭育强WANG QINNAN王勤南LIU ZHUANG刘壮ZHANG WEI张伟CHANG HAILONG常海龙QIN YUANXIA秦元霞,,(EN) Sugarcane parthenogenesis haploid induction gene SaMTL and application thereof(ZH) 甘蔗孤雌生殖单倍体诱导基因SaMTL及其应用,,"(EN) The invention belongs to the technical field of crop genetic engineering, and particularly relates to a sugarcane parthenogenesis haploid induction gene SaMTL and application thereof. In order to obtain a homologous gene of a corn MTL/ZmPLA1/NLD gene through cloning in sugarcane, CRISPR-Cas9 is utilized for mediating sugarcane SaMTL gene mutation for the first time, and it is successfully proved that after mutation occurs in a coding region, the sugarcane SaMTL gene can generate parthenogenesis haploid induction capacity in the process of hybridization with other sugarcane materials as a male parent. The haploid induction gene SaMTL has important significance for cultivating a sugarcane high-frequency parthenogenesis haploid induction system and promoting the application of a haploid technology in sugarcane breeding.(ZH) 本发明属于作物基因工程技术领域，具体涉及甘蔗孤雌生殖单倍体诱导基因SaMTL及其应用。为了在甘蔗中克隆得到玉米MTL/ZmPLA1/NLD基因的同源基因，本发明首次利用CRISPR‑Cas9介导甘蔗SaMTL基因突变，成功证明甘蔗SaMTL基因在编码区发生突变后，在作为父本与其他甘蔗材料杂交过程中能够产生孤雌生殖单倍体诱导能力。本发明的单倍体诱导基因SaMTL对于培育甘蔗高频孤雌生殖单倍体诱导系及促进单倍体技术在甘蔗育种中的应用具有重要意义。",116083442,29.10.2024,广东南北知识产权代理事务所(普通合伙) 44918,,,,,,,,
KR394570161,1020230023709,Republic of Korea,22.02.2023,1020230041978,27.03.2023,B1,"C12N 15/82
					






C12N 15/10
					






C12N 15/113
					






C12N 9/22
					








C12N 15/82
					






C12N 15/10
					






C12N 15/113
					






C12N 9/22
					






View less classifications","C12N 15/8205
					






C12N 15/102
					






C12N 15/113
					






C12N 9/22
					






C12N 2310/20
					








C12N 15/8205
					






C12N 15/102
					






C12N 15/113
					






C12N 9/22
					






C12N 2310/20
					






View less classifications",명지대학교 산학협력단MYONGJI UNIVERSITY INDUSTRY AND ACADEMIA COOPERATION FOUNDATION가톨릭대학교 산학협력단THE CATHOLIC UNIVERSITY OF KOREA INDUSTRY-ACADEMIC COOPERATION FOUNDATION,KIM GOON BOMUN JEONG HWANYU HEE JU김군보문정환유희주,,(EN) NOVEL U6 PROMOTER SEPARATED FROM VITIS PLANTS AND USE THEREOF(KO) 포도에서 분리된 신규 U6 프로모터 및 이의 용도,,"(EN) The present invention relates to a novel U6 promoter isolated from Vitis plants and having high guide RNA (gRNA) transcriptional activity. According to the present invention, the novel U6 promoter isolated from Vitis plants has significantly superior target gRNA transcriptional activity in Vitis plants in comparison with an AtU6-26 promoter isolated from Arabidopsis. Accordingly, the novel U6 promoter isolated from Vitis plants can increase efficiency and ease of genome editing of Vitis plants using a clustered regularly interspaced short palindromic repeats (CRISPR) system. In addition, when the novel U6 promoter isolated from Vitis plants provided in the present invention and a recombinant vector system containing the same are used, it is possible to easily perform gene function research or development of new varieties of grapes, which are hybrid varieties. The U6 promoter consists of a base sequence of SEQ ID NO: 5. COPYRIGHT KIPO 2024(KO) 본 발명은 포도속 식물에서 분리되고 가이드 RNA(gRNA)의 전사 활성이 높은 신규 U6 프로모터를 제공한다. 본 발명에서 제공하는 포도속 식물에서 분리된 신규한 U6 프로모터는 애기장대에서 분리된 AtU6-26 프로모터에 비해 포도 식물체에서 표적 가이드 RNA(gRNA) 전사 활성이 현저하게 우수하다. 따라서, 본 발명에서 제공하는 포도속 식물에서 분리된 신규한 U6 프로모터는 CRISPR 체계를 이용한 포도속 식물 유전체 편집의 효율성과 용이성을 높일 수 있다. 나아가, 본 발명에서 제공하는 포도속 식물에서 분리된 신규한 U6 프로모터 및 이를 포함하는 재조합 벡터 시스템을 사용하면 잡종 품종인 포도의 유전자 기능 연구나 신품종 개발을 용이하게 수행할 수 있다.",102551064,05.07.2023,임상엽권정기,,,,,,,,
CN398578420,202310296448,China,24.03.2023,116120417,16.05.2023,A,"C07K 14/415
					






C12N 15/29
					






C12N 15/82
					






A01H 5/00
					






A01H 6/82
					








C07K 14/415
					






C12N 15/29
					






C12N 15/82
					






A01H 5/00
					






A01H 6/82
					






View less classifications","C07K 14/415
					






C12N 15/8218
					






C12N 15/8241
					








C07K 14/415
					






C12N 15/8218
					






C12N 15/8241
					






View less classifications","CHINA TOBACCO YUNNAN INDUSTRIAL CO., LTD.云南中烟工业有限责任公司",XU LI许力XU YONG许永JIANG JIARUI蒋佳芮GAO QIAN高茜LEE HO-BIN李浩斌ZENG WANLI曾婉俐XIANG HAIYING向海英MI QILI米其利YANG WENWU杨文武LI XUEMEI李雪梅HUANG HAITAO黄海涛LI JING李晶KONG WEISONG孔维松DENG LELE邓乐乐,,(EN) Tobacco chloroplast related protein gene NtTHF1 and application thereof(ZH) 一种烟草叶绿体相关蛋白基因NtTHF1及其应用,,"(EN) The invention discloses a tobacco chloroplast related protein gene NtTHF1 and application thereof, the tobacco chloroplast related protein gene NtTHF1 is derived from tobacco, the nucleotide sequence of the tobacco chloroplast related protein gene NtTHF1 is shown as SEQ ID NO.1, and the tobacco chloroplast related protein gene NtTHF1 comprises 894bp basic groups. The CRISPR/Cas9 editing vector for knocking out the NtTHF1 gene is constructed through a CRISPR/Cas9 mediated gene editing technology, and a gene editing mutant plant is obtained after genetic transformation. The agronomic traits of the NtTHF1 gene edited plant and the control plant are investigated in the squaring stage and the mature stage under normal conditions, the plant height, the waist leaf length and the waist leaf width of the NtTHF1 gene edited plant are all lower than those of the control plant, and the arginine content, the lysine content and the proline content in the mature stage are all lower than those of the control plant. In conclusion, the NtTHF1 gene is knocked out by utilizing a CRISPR/Cas9 mediated gene editing technology to obtain a gene editing plant which affects the growth and development of the plant, so that a genetic material and a theoretical basis are provided for research on tobacco chloroplast related proteins and tobacco growth and development.(ZH) 本发明公开了一种烟草叶绿体相关蛋白基因NtTHF1及其应用,该烟草叶绿体相关蛋白基因NtTHF1来源于烟草，其核苷酸序列如SEQ ID NO.1所示，包括894bp个碱基。本申请通过CRISPR/Cas9介导的基因编辑技术，构建了用于敲除NtTHF1基因的CRISPR/Cas9编辑载体，经遗传转化后获得了基因编辑突变体植株。本发明通过在正常条件下，现蕾期、成熟期进行NtTHF1基因编辑植株与对照植株农艺性状调查，NtTHF1基因编辑植株中株高、腰叶长及腰叶宽均低于对照植株中的，成熟期精氨酸、赖氨酸及脯氨酸含量均低于对照。综上所述，利用CRISPR/Cas9介导的基因编辑技术敲除NtTHF1基因获得影响植株生长发育的基因编辑植株，这为烟草叶绿体相关蛋白研究及烟草生长发育研究提供遗传材料和理论依据。",,,北京维澳专利代理有限公司 11252,,,,,,,,
CN214579669,201711153431,China,20.11.2017,107880099,06.04.2018,B,"C07K 14/415
					






C12N 15/29
					






C12N 15/84
					






A01H 5/10
					






A01H 6/46
					








C07K 14/415
					






C12N 15/29
					






C12N 15/84
					






A01H 5/10
					






A01H 6/46
					






View less classifications","C07K 14/415
					






C12N 15/8267
					








C07K 14/415
					






C12N 15/8267
					






View less classifications",RICE RESEARCH INSTITUTE OF GUANGDONG ACADEMY OF AGRICULTURAL SCIENCES广东省农业科学院水稻研究所,MAO XINGXUE毛兴学LIU BIN刘斌WANG FENG王丰ZHANG JIANJUN张建军LIU WUGE柳武革,,(EN) Paddy rice seed dormancy controlling gene OsMPK7 and applications thereof(ZH) 水稻种子休眠性调控基因OsMPK7及其应用,,"(EN) The invention discloses a paddy rice seed dormancy controlling gene OsMPK7 and applications thereof, and belongs to the technical fields of biological technology and crop gene engineering. The disclosed paddy rice seed dormancy controlling gene OsMPK7 plays an important role in improving the paddy rice seed dormancy. The sequence of the gene OsMPK7 is represented by SEQ ID No.2. The coding amino acid sequence is represented by SEQ ID No.1. By editing, interfering, or knocking out OsMPK7 gene by a CRISPR/Cas9 system, the biological function of OsMPK7 gene is destroyed, and a pre-harvest sprouting resistant paddy rice line is obtained. The provided gene OsMPK7 editing method can knock out OsMPK7 gene of a conventional material, the knock-out offspring is screened, paddy rice lines with enhanced dormancy are obtained, and the pre-harvest sprouting resistance is effectively improved.(ZH) 本发明公开了一种水稻种子休眠性调控基因OsMPK7及其应用，属于生物技术和作物基因工程技术领域。本发明所公开的水稻种子休眠性调控基因OsMPK7在提高水稻种子休眠性中起到重要作用，其序列如SEQ ID NO.2所示，编码氨基酸序列如SEQ ID NO.1所示的蛋白质。该应用具体是通过CRISPR/Cas9系统编辑、干扰或敲除OsMPK7基因，破坏OsMPK7基因的生物学功能，获得抗穗发芽水稻株系。通过本发明提供的基因OsMPK7编辑方法可敲除现有材料的OsMPK7基因，筛选敲除后代，可获得休眠性增强的水稻株系，能够有效改良其穗发芽抗性。",107880099,06.04.2021,广州容大知识产权代理事务所(普通合伙) 44326,,,,,,,,
CN311252861,202010619562.X,China,01.07.2020,111876394,03.11.2020,A,"C12N 9/02
					






C12N 15/53
					






C12N 15/82
					






A01H 5/00
					






A01H 6/46
					








C12N 9/02
					






C12N 15/53
					






C12N 15/82
					






A01H 5/00
					






A01H 6/46
					






View less classifications","C12N 9/0063
					






C12N 15/8273
					






C12Y 110/03003
					








C12N 9/0063
					






C12N 15/8273
					






C12Y 110/03003
					






View less classifications",SOUTH CHINA AGRICULTURAL UNIVERSITY华南农业大学,ZHANG ZEMIN张泽民ZHANG JINGJING张晶晶HE YAN何焱LIANG JIAYAN梁嘉燕,,(EN) Application of ascorbic acid oxidase RIP5 to regulating and controlling of drought resistance of rice(ZH) 抗坏血酸氧化酶RIP5在调控水稻抗旱性中的应用,,"(EN) The invention discloses an application of ascorbic acid oxidase RIP5 to regulating and controlling of drought resistance of rice. An RIP5 gene knockout mutant is constructed by targeted mutation of anRIP5 gene through a GRISPR/Cas9 system, and the inventor finds that the drought resistance of plants can be effectively improved by inhibiting the expression quantity and/or activity of the RIP5 protein, that is, the ascorbic acid oxidase gene RIP5 of rice can negatively regulate and control the drought resistance of the plants. The invention also provides a gRNA target sequence for editing the ascorbic acid oxidase gene RIP5 of the rice, and the gRNA target sequence cooperates with a CRISPR/Cas9 gene editing system to realize targeted mutation of the coding gene of the RIP5 protein, so thatthe drought resistance of the rice can be regulated and controlled. The research of the invention provides new gene targets and resources for drought resistance genetic breeding of the plants, and knockout mutant plants obtained by editing the gene have important application value.(ZH) 本发明公开了抗坏血酸氧化酶RIP5在调控水稻抗旱性中的应用。本发明通过GRISPR/Cas9系统靶向突变RIP5基因构建RIP5基因敲除突变体，发现抑制RIP5蛋白的表达量和/或活性能够有效提高植物抗旱性，即水稻抗坏血酸氧化酶基因RIP5能够负调控植物抗旱性。本发明还提供了一种用于编辑水稻抗坏血酸氧化酶基因RIP5的gRNA靶序列，该gRNA靶序列与CRISPR/Cas9基因编辑系统配合作用，可以实现RIP5蛋白的编码基因的靶向突变，进而可以调控水稻的抗旱能力。本发明的研究为植物抗旱性遗传育种提供了新的基因靶点和资源，利用该基因编辑得到的敲除突变植株具有重要的应用价值。",,,广州市华学知识产权代理有限公司 44245,,,,,,,,
CN288662756,201911253430,China,09.12.2019,110777163,11.02.2020,A,"C12N 15/82
					






C12N 15/113
					






A01H 5/00
					






A01H 6/82
					








C12N 15/82
					






C12N 15/113
					






A01H 5/00
					






A01H 6/82
					






View less classifications","C12N 15/113
					






C12N 15/8218
					






C12N 15/825
					






C12N 2310/20
					








C12N 15/113
					






C12N 15/8218
					






C12N 15/825
					






C12N 2310/20
					






View less classifications",HORTICULTURE INSTITUTE OF XINJIANG ACADEMY OF AGRICULTURAL SCIENCE新疆农业科学院园艺作物研究所,WANG JUAN王娟WANG BAIKE王柏柯LI NING李宁YU QINGHUI余庆辉HUANG SHAOYONG黄少勇,,(EN) Method for making solanum lycopersicum materials having high fruit lycopene content(ZH) 一种创制果实高番茄红素含量的番茄材料的方法,,"(EN) The invention belongs to the field of a solanum lycopersicum biotechnology and a transgenic technology, and discloses a method for making solanum lycopersicum materials having high fruit lycopene content through gene editing. According to the method disclosed by the invention, through designing an editing target site of an SISGR1 gene, a pCGR1301-CRISPR/Cas9-gRNA expression vector is constructed,through an agrobacterium tumefaciens mediating method, the pCGR1301-CRISPR/Cas9-gRNA expression vector is transformed into a solanum lycopersicum material having low fruit lycopene content, and through antibiotic screening, obtaining positive T0 generation transgenic solanum lycopersicum plants; and performing self cross on the T0 generations to obtain T1 generation plants, screening plants whichdo not contain exogenous transgenic component, but of which SISGR1 genes are subjected to homozygosis mutation and of which fruit lycopene content is high from the T1 generations so that the high lycopene materials are obtained. Through the adoption of the method, the lycopene content in solanum lycopersicum fruits can be markedly increased, and the method has favorable application prospects in solanum lycopersicum high-quality molecular breeding.(ZH) 本发明属于番茄生物技术和转基因技术领域，公开一种通过基因编辑创制果实高番茄红素含量的番茄材料的方法。本发明通过设计SISGR1基因的编辑靶位点，构建pCGR1301‑CRISPR/Cas9‑gRNA表达载体，利用农杆菌介导法转化到果实低番茄红素含量的番茄材料中，通过抗生素筛选获得阳性T0代转基因番茄植株；T0代自交获得T1代植株，从T1代中筛选不含有外源转基因成份但SISGR1基因发生纯合突变且果实番茄红素含量高的植株，即为高番茄红素材料。本方法可以显著地提高番茄果实中番茄红素的含量，在番茄高品质分子育种中具有良好的应用前景。",,,乌鲁木齐博亚思知识产权代理事务所(普通合伙) 65110,,,,,,,,
CN432783798,202311859759,China,30.12.2023,118207238,18.06.2024,A,"C12N 15/82
					






C12N 15/55
					






C12N 15/113
					






A01H 5/06
					






A01H 6/54
					








C12N 15/82
					






C12N 15/55
					






C12N 15/113
					






A01H 5/06
					






A01H 6/54
					






View less classifications","C12N 15/8216
					






C12N 15/8205
					






C12N 9/22
					






C07K 14/415
					








C12N 15/8216
					






C12N 15/8205
					






C12N 9/22
					






C07K 14/415
					






View less classifications","BIOTECHNOLOGY RESEARCH INSTITUTE, CAAS中国农业科学院生物技术研究所",NIU LIFANG牛丽芳XIA XIUZHI夏秀芝SUN SHIXU孙轼絮LIN HAO林浩ZHANG PENGCHENG张鹏程ZHU BUTUO祝步拓,,(EN) CRISPR/Cas9 plant genome multi-target editing vector and application thereof(ZH) CRISPR/Cas9植物基因组多靶点编辑载体及其应用,,"(EN) The invention discloses a CRISPR (clustered regularly interspaced short palindromic repeats)/Cas9 plant genome multi-target editing vector and application thereof. The number of the sgRNA expression cassettes of the editing vector is two or more than two, and the sgRNA expression cassettes are connected in series; the sgRNA expression cassette is driven to express by a plant endogenous U6 promoter; in combination with a tRNA system, each sgRNA expression cassette can be connected in series with two or more than two target sequence sgRNAs targeting plant genes. The invention further provides a CRISPR/Cas9 multi-target editing vector for editing the medicago sativa MsTFL1s gene, the CRISPR/Cas9 multi-target editing vector comprises three sgRNA expression cassettes which are connected in series, three high-expression medicago sativa endogenous U6 promoters drive and express nine sgRNA target sequences targeting the medicago sativa MsTFL1s gene which are connected in series based on a tRNA-sgRNA system, a vector construction method is improved and optimized at the same time, and the vector is used for editing the medicago sativa MsTFL1s gene. The efficient and multi-target gene editing on the alfalfa genome is realized.(ZH) 本发明公开了CRISPR/Cas9植物基因组多靶点编辑载体及其应用。所述编辑载体的sgRNA表达盒为2个或2个以上串联在一起；sgRNA表达盒由植物内源U6启动子驱动表达；结合tRNA系统，每个sgRNA表达盒可串联2个或2个以上靶向植物基因的靶标序列sgRNA。本发明进一步提供了对紫花苜蓿MsTFL1s基因进行编辑的CRISPR/Cas9多靶点编辑载体，包括3个串联的sgRNA表达盒，由3个高表达的紫花苜蓿内源U6启动子驱动表达了基于tRNA‑sgRNA系统串联的9个靶向紫花苜蓿MsTFL1s基因的sgRNA靶标序列，同时改进优化了载体构建方法，实现对紫花苜蓿基因组高效、多靶点的基因编辑。",,,北京思元知识产权代理事务所(普通合伙) 11598北京思元知识产权代理事务所(普通合伙) 11598,,,,,,,,
,,,,,,,,,,,,,,,,,,,,,,,,,
CN312390784,202010895148,China,31.08.2020,111961126,20.11.2020,B,"C07K 14/415
					






C12N 15/29
					






C12N 15/82
					






A01H 5/00
					






A01H 5/10
					






A01H 6/46
					








C07K 14/415
					






C12N 15/29
					






C12N 15/82
					






A01H 5/00
					






A01H 5/10
					






A01H 6/46
					






View less classifications","C07K 14/415
					






C12N 15/8218
					






C12N 15/8282
					








C07K 14/415
					






C12N 15/8218
					






C12N 15/8282
					






View less classifications","INSTITUTE OF CROP SCIENCE, CHINESE ACADEMY OF AGRICULTURAL SCIENCES中国农业科学院作物科学研究所",XIA LANQIN夏兰琴TIAN JINFU田金福LI SHAOYA李少雅,,(EN) Application of TaVQ25 gene to regulation of resistance of wheat to powdery mildew and sheath blight disease(ZH) TaVQ25基因在调控小麦对白粉病和纹枯病抗性中的应用,,"(EN) The invention discloses application of a TaVQ25 gene to regulation of resistance of wheat to powdery mildew and a sheath blight disease. The gene is the gene TaVQ25 related to jasmonic acid signal transduction, and the gene encodes TaVQ25 protein. According to the invention, a CRISPR/Cas9 technology is employed to knock out a wheat TaVQ25 gene to obtain a new wheat germplasm with significantly improved resistance to the powdery mildew and the sheath blight disease. The invention improves the ability of the wheat to resist the powdery mildew and sheath blight disease, innovates wheat disease-resistant germplasm resources, has important significance for new cultivar cultivation, environmental sanitation and food safety, and has great application and promotion value.(ZH) 本发明公开了TaVQ25基因在调控小麦对白粉病和纹枯病抗性中的应用，所述基因为茉莉酸信号传导相关的基因TaVQ25，编码TaVQ25蛋白。本发明采用CRISPR/Cas9技术敲除了小麦TaVQ25基因，获得了白粉病和纹枯病抗性明显提高的小麦新种质。本发明提高了小麦抗白粉病和纹枯病的能力，创新了小麦抗病种质资源，对新品种培育、环境卫生和粮食安全具有重要意义，具有重大的应用推广价值。",111961126,08.04.2022,北京纪凯知识产权代理有限公司 11245,,,,,,,,
CN415868306,202311273440,China,28.09.2023,117069816,17.11.2023,A,"C07K 14/415
					






C12N 15/29
					






C12N 15/82
					






A01H 5/00
					






A01H 6/46
					








C07K 14/415
					






C12N 15/29
					






C12N 15/82
					






A01H 5/00
					






A01H 6/46
					






View less classifications","Y02A 40/146
					








Y02A 40/146
					






View less classifications","CROP RESEARCH INSTITUTE, GUANGDONG ACADEMY OF AGRICULTURAL SCIENCES广东省农业科学院作物研究所",ZHANG NAN张楠LI XIAOFENG李小凤LI GAOKE李高科LI YULIANG李余良LU WENJIA卢文佳,,(EN) Corn ZmBAG1 gene and application thereof(ZH) 一种玉米ZmBAG1基因及其应用,,"(EN) The invention relates to the technical field of gene engineering, in particular to a corn ZmBAG1 gene and application thereof. The invention discloses a corn head smut resistance related gene ZmBAG1 and application thereof. According to the corn ZmBAG1 gene, ZmBAG1 is over-expressed in an anti-black ear selfing line 'Huangzao four R', and the resistance is weakened. After gene editing is carried out on the ZmBAG1 in the susceptible inbred line 'Huangzao 4' by utilizing CRISPR-Cas9, the resistance is obviously enhanced. The invention provides an important theoretical support for the research on the resistance mechanism of the corn head smut, provides a new gene for the breeding of the corn head smut, and has a wide application prospect.(ZH) 本发明涉及基因工程技术领域，尤其涉及一种玉米ZmBAG1基因及其应用。本发明公开了一个玉米抗丝黑穗病相关基因ZmBAG1及其应用。本发明将玉米ZmBAG1基因在抗丝黑穗自交系‘黄早四R’中将ZmBAG1过表达，抗性减弱。利用CRISPR‑Cas9将感病自交系‘黄早四’中的ZmBAG1进行基因编辑后，抗性明显增强。本发明为玉米丝黑穗病抗性机制研究提供了重要的理论支持，同时为玉米抗丝黑穗病育种提供了新基因，具有广阔的应用前景。",,,北京名拓专利代理有限公司 16151,,,,,,,,
CN431079657,202410267438.X,China,08.03.2024,118108820,31.05.2024,A,"C07K 14/415
					






C12N 15/82
					






C12N 15/29
					






A01H 5/10
					






A01H 6/46
					








C07K 14/415
					






C12N 15/82
					






C12N 15/29
					






A01H 5/10
					






A01H 6/46
					






View less classifications","C07K 14/415
					






C12N 15/8261
					






C12N 15/8245
					






C12N 15/8218
					








C07K 14/415
					






C12N 15/8261
					






C12N 15/8245
					






C12N 15/8218
					






View less classifications",CROP RESEARCH INSTITUTE OF THE SICHUAN ACADEMY OF AGRICULTURAL SCIENCES四川省农业科学院作物研究所,LIU SONG刘松REN GUANGJUN任光俊GAO FANGYUAN高方远TANG SHAOQING唐绍清HU PEISONG胡培松,,(EN) Transcription factor Osmyb4 for regulating and controlling rice yield quality character and application of transcription factor Osmyb4(ZH) 一种调控水稻产量品质性状的转录因子Osmyb4及其应用,,"(EN) The invention discloses a transcription factor Osmyb4 for regulating and controlling rice yield quality traits and application thereof. The amino acid sequence of the transcription factor Osmyb4 is as shown in SEQ ID NO.3, and the nucleotide sequence of a coding gene of the transcription factor Osmyb4 is as shown in SEQ ID NO.2. A rice endosperm high expression transcription factor Osmyb4 is knocked out by using a CRISPR/Cas9 gene editing technology, the rice abdominal endosperm of the homozygous mutant myb4-18 shows an obvious opaque chalky character, and the seed length and the thousand seed weight are remarkably increased. The Osmyb4 protein disclosed by the invention has an obvious yeast self-activation phenomenon. The molecular regulation mechanism of rice grain shape, grain weight and endosperm starch biosynthesis is clarified, new important gene reserve, germplasm resources and theoretical basis are provided for rice yield and quality genetic improvement, and meanwhile, the biological function of a rice MYB structural domain transcription factor family is expanded.(ZH) 本发明公开了一种调控水稻产量品质性状的转录因子Osmyb4及其应用，该转录因子Osmyb4的氨基酸序列如SEQ ID NO.3所示，其编码基因的核苷酸序列如SEQ ID NO.2所示。本发明利用CRISPR/Cas9基因编辑技术敲除水稻胚乳高度表达转录因子Osmyb4，纯合突变体myb4‑18稻米腹部胚乳呈现明显不透明垩白性状，种子粒长和千粒重都极显著增加。本发明的Osmyb4蛋白质具有明显的酵母自激活现象。本发明有助于阐明水稻粒形及粒重、胚乳淀粉生物合成的分子调控机理，为水稻产量及品质遗传改良提供新的重要基因储备、种质资源和理论基础，同时拓展水稻MYB结构域转录因子家族生物学功能。",,,北京众合诚成知识产权代理有限公司 11246,,,,,,,,
CN436060898,202410629579,China,21.05.2024,118324887,12.07.2024,A,"C07K 14/415
					






C12N 15/29
					






C12N 15/84
					






A01H 5/10
					






A01H 6/46
					








C07K 14/415
					






C12N 15/29
					






C12N 15/84
					






A01H 5/10
					






A01H 6/46
					






View less classifications","C07K 14/415
					






C12N 15/8261
					








C07K 14/415
					






C12N 15/8261
					






View less classifications",CROP RESEARCH INSTITUTE OF SICHUAN ACADEMY OF AGRICULTURAL SCIENCES (SICHUAN GERMPLASM RESOURCE CENTER)四川省农业科学院作物研究所（四川省种质资源中心）,LIU SONG刘松GAO FANGYUAN高方远REN GUANGJUN任光俊REN JUANSHENG任鄄胜LYU JIANQUN吕建群GUO HONGMING郭鸿鸣MOU CHANGLING牟昌龄LIU LIPING刘利平SU XIANGWEN苏相文REN MINGXIN任明鑫DAI MINGLI代明笠XIANG FUBIN向富彬DENG SHIJIAN邓世健,,(EN) Rice transcription factor Osmyb5 for regulating and controlling seed shape and application of rice transcription factor Osmyb5(ZH) 一种调控种子粒形的水稻转录因子Osmyb5及其应用,,"(EN) The invention discloses a rice transcription factor Osmyb5 for regulating and controlling the grain shape of a seed and application of the rice transcription factor Osmyb5. The amino acid sequence of the transcription factor Osmyb5 is as shown in SEQ ID NO.3, and the nucleotide sequence of an encoding gene of the transcription factor Osmyb5 is as shown in SEQ ID NO.2. A transcription factor Osmyb5 of a wild japonica rice variety Zhonghua 11 is knocked out by utilizing a CRISPR/Cas9 gene editing technology, a homozygous mutant myb5-1 is inserted into a T basic group, the grain length and thousand grain weight of a mature seed are remarkably increased, and the grain width is remarkably reduced. The molecular regulation mechanism of rice grain shape and grain weight can be clarified, new important gene reserve, germplasm resources and theoretical basis are provided for rice yield and quality genetic improvement, and meanwhile, the biological function of a rice MYB structural domain transcription factor family is expanded.(ZH) 本发明公开了一种调控种子粒形的水稻转录因子Osmyb5及其应用，该转录因子Osmyb5的氨基酸序列如SEQ ID NO.3所示，其编码基因的核苷酸序列如SEQ ID NO.2所示。本发明利用CRISPR/Cas9基因编辑技术敲除野生型粳稻品种中花11转录因子Osmyb5，纯合突变体myb5‑1插入T碱基，其成熟种子粒长和千粒重都极显著增加，粒宽极显著降低。本发明有助于阐明水稻粒形及粒重的分子调控机理，为水稻产量及品质遗传改良提供新的重要基因储备、种质资源和理论基础，同时拓展水稻MYB结构域转录因子家族生物学功能。",,,北京众合诚成知识产权代理有限公司 11246,,,,,,,,
CN422922214,202311463066,China,06.11.2023,117511942,06.02.2024,A,"C12N 15/113
					






C12N 15/82
					






A01H 5/00
					






A01H 6/46
					








C12N 15/113
					






C12N 15/82
					






A01H 5/00
					






A01H 6/46
					






View less classifications","C12N 15/113
					






C12N 15/8216
					






C12N 15/8261
					






C12N 2310/532
					








C12N 15/113
					






C12N 15/8216
					






C12N 15/8261
					






C12N 2310/532
					






View less classifications",SHANGHAI JIAO TONG UNIVERSITY上海交通大学,ZHU BO朱勃LIU XIAOHUI刘晓慧WANG PEIHONG王沛鸿WANG SAI王赛LIAO WEIXUE廖维雪OUYANG MINGYAN欧阳明艳LIN SISI林思思LIN RONGPENG林戎鹏,,(EN) Method for specifically knocking down circRNA of plant based on CRISPR/RfxCas13d system(ZH) 一种基于CRISPR/RfxCas13d系统的特异性敲低植物circRNA的方法,,"(EN) The invention discloses a method for specifically knocking down circRNA (Ribonucleic Acid) of a plant based on a CRISPR (Clustered Regularly Interspaced Short Palindromic Repeats)/RfxCas13d system, which comprises the following steps: S1, designing and synthesizing a target gene sequence for coding RfxCas13d with plant codon preference, and constructing a pCAMBIA1300-RfxCas13d recombinant vector; s2, an AtU6-crRNA gene segment is synthesized, the AtU6-crRNA gene segment comprises two BsaI restriction enzyme cutting sites, and a pENTR4: gRNA4-AtU6-crRNA recombinant vector is constructed; s3, synthesizing and constructing a pCAMBIA1300-RfxCas13d-BSJ-crRNA (Ribonucleic Acid) vector of a specific target plant circRNA BSJ (Bacterial Sequence Junction) site, and carrying out synthesis and construction on the vector; s4, transferring the constructed pCAMBIA1300-RfxCas13d-BSJ-crRNA expression vector into a plant callus in a mediated manner, and carrying out tissue culture, so as to obtain a transgenic plant of which the circRNA of the plant is specifically knocked down; according to the invention, the function research of the circRNA of the plant is greatly accelerated, so that the development of circRNA function gain mutants and new germplasm in plant breeding is realized.(ZH) 本发明公开了一种基于CRISPR/RfxCas13d系统的特异性敲低植物circRNA的方法，包括以下步骤：S1、设计并合成植物密码子偏好性的编码RfxCas13d的目的基因序列，构建pCAMBIA1300‑RfxCas13d重组载体；S2、合成AtU6‑crRNA基因片段，所述AtU6‑crRNA基因片段包含两个BsaI酶切位点，构建pENTR4:gRNA4‑AtU6‑crRNA重组载体；S3、合成构建特异性靶向植物circRNA BSJ位点的pCAMBIA1300‑RfxCas13d‑BSJ‑crRNA载体；S4、将构建好的pCAMBIA1300‑RfxCas13d‑BSJ‑crRNA表达载体介导转入植物愈伤组织，通过组织培养获得特异性敲低植物circRNA的转基因植株；本发明极大的加快植物circRNA的功能研究，进而实现植物育种中circRNA功能增益突变体和新种质的开发。",,,上海诺衣知识产权代理事务所(普通合伙) 31298,,,,,,,,
CN405893770,202211175660,China,26.09.2022,116536327,04.08.2023,A,"C12N 15/29
					






C07K 14/415
					






C12N 15/82
					






C12Q 1/6895
					






C12N 15/11
					






A01H 5/00
					






View more classifications
							






C12N 15/29
					






C07K 14/415
					






C12N 15/82
					






C12Q 1/6895
					






C12N 15/11
					






A01H 5/00
					






A01H 6/46
					






View less classifications","C07K 14/415
					






C12N 15/8218
					






C12N 15/8282
					






C12Q 1/6895
					








C07K 14/415
					






C12N 15/8218
					






C12N 15/8282
					






C12Q 1/6895
					






View less classifications","INSTITUTE OF CROP SCIENCE, CHINESE ACADEMY OF AGRICULTURAL SCIENCES中国农业科学院作物科学研究所",YANG PING杨平KAN JINHONG阚金红CAI YU蔡羽CHENG CHUNYUAN程春园JIANG CONGCONG蒋枞璁,,(EN) Wheat yellow mosaic disease susceptible gene TaEIF4E and application thereof(ZH) 一种小麦黄花叶病感病基因TaEIF4E及其应用,,"(EN) The invention discloses a novel wheat yellow mosaic disease susceptible gene TaEIF4E. Nucleotide sequences of the novel wheat yellow mosaic disease susceptible gene TaEIF4E on three subgenomes of wheat A, B and D are respectively shown as SEQ ID NO.20, SEQ ID NO.21 and SEQ ID NO.22. The invention further discloses a method for preparing the wheat yellow mosaic disease susceptible gene TaEIF4E. A homozygous strain which edits three copies on three subgenomes A, B and D of the TaEIF4E gene at the same time is obtained through molecular marker-assisted selection by utilizing a CRISPR/Cas9 gene editing means, the strain is completely resistant to the wheat yellow mosaic disease, the homozygous strain which edits one or two copies is still susceptible to the wheat yellow mosaic disease, and it is proved that TaEIF4E is the susceptible gene of the wheat yellow mosaic disease, so that the TaEIF4E gene has a good application prospect. The method is necessary for successful infection of wheat by the wheat yellow mosaic virus. Therefore, three copies of the TaEIF4E gene are simultaneously knocked out from an excellent wheat variety by utilizing a gene editing means, an excellent wheat germplasm resource capable of resisting the wheat yellow mosaic disease can be created, and a feasible scheme is provided for biological breeding of wheat.(ZH) 本发明公开了一个新的小麦黄花叶病感病基因TaEIF4E，其在小麦A、B、D三个亚基因组上的核苷酸序列分别如SEQ ID NO.20、SEQ ID NO.21和SEQ ID NO.22所示。利用CRISPR/Cas9基因编辑手段，通过分子标记辅助选择，获得了同时编辑TaEIF4E基因A、B、D三个亚基因组上3个拷贝的纯合株系，该株系对小麦黄花叶病完全抗病，而编辑1个或者2个拷贝的纯合株系对小麦黄花叶病依然感病，证实TaEIF4E是小麦黄花叶病的感病基因，是小麦黄花叶病毒成功侵染小麦所必须的。因此，利用基因编辑手段在优异小麦品种中同时敲除TaEIF4E基因的三个拷贝，可创制抗小麦黄花叶病的优异小麦种质资源，为小麦生物育种提供了可行的方案。",,,北京众合诚成知识产权代理有限公司 11246,,,,,,,,
AR440322764,P230101611,Argentina,23.06.2023,129696,18.09.2024,A1,"C07K 19/00
					






C12N 9/16
					






C12N 9/22
					






C12N 15/90
					






C12N 15/55
					






C12N 15/62
					








C07K 19/00
					






C12N 9/16
					






C12N 9/22
					






C12N 15/90
					






C12N 15/55
					






C12N 15/62
					






View less classifications","C12N 9/22
					






C12N 2310/20
					






C07K 2319/00
					






C12N 15/82
					






C12N 15/8201
					






C07K 2319/09
					








C12N 9/22
					






C12N 2310/20
					






C07K 2319/00
					






C12N 15/82
					






C12N 15/8201
					






C07K 2319/09
					






View less classifications",SYNGENTA CROP PROTECTION AG,JIANPING XUWAN SHI,,"(ES) PROTEÍNAS DE FUSIÓN DE EXONUCLEASA CAS Y MÉTODOS ASOCIADOS PARA LA ESCISIÓN, INVERSIÓN E INTEGRACIÓN ESPECÍFICA DEL SITIO",,"(ES) En el presente documento se proporcionan proteínas de fusión y métodos asociados y sistemas para aumentar la eficiencia de la edición del genoma usando nucleasas dirigidas al sitio. Las proteínas, los sistemas y los métodos de fusión pueden aumentar selectivamente los resultados de edición deseados (por ejemplo, inversión, escisión, y reparación dirigida por homología). También se proporcionan diversas composiciones útiles para la producción y el uso de las proteínas de fusión y la práctica de los métodos. Reivindicación 1: Una proteína de fusión que comprende una nucleasa dirigida al sitio unida a una enzima de procesamiento final no específica. Reivindicación 2: La proteína de fusión según la reivindicación 1, en donde la nucleasa dirigida al sitio comprende una nucleasa asociada a CRISPR. Reivindicación 3: La proteína de fusión según la reivindicación 2, en donde la nucleasa asociada a CRISPR se selecciona del grupo que consiste en Cas5, Cas6, Cas7, Cas8, Cas9, Cas12a, Cas12b, Cas12i, Cas12j, Cas12L, Cas12e, Cas12c, Cas12d, Cas12g, Cas12h, TnpB, Cas13a, Cas13b, Cas14, y nickasa o versiones desactivadas de los mismos. Reivindicación 6: La proteína de fusión según una cualquiera de las reivindicaciones 1 a 5, en donde la enzima de procesamiento final no específica es una exonucleasa no específica. Reivindicación 7: La proteína de fusión según la reivindicación 6, en donde la exonucleasa no específica es T5Exo, Trex2, E. coli exonucleasa I, exonucleasa III, exonucleasa T, exonucleasa IX, exonucleasa X, RecJ, Pol II, Pol III e; WRN, MRE11, APE1, VDJP, RAD1, RAD9, p53, o Trex1. Reivindicación 8: La proteína de fusión según una cualquiera de las reivindicaciones 1 a 7, en donde la enzima de procesamiento final no específica comprende una secuencia de aminoácidos que tiene al menos el 90% de identidad con una cualquiera de las SEQ ID Nº 4, 5, 18, 19, 20, 22, o 58 - 74. Reivindicación 10: La proteína de fusión según una cualquiera de las reivindicaciones 1 a 9, en donde la proteína de fusión comprende un enlazador ubicado entre la nucleasa dirigida al sitio y la enzima de procesamiento final no específica.",,,,2022 1 0718723.X 23.06.2022 CN,"WO/2023/250475

AU2023288540

KR1020250028392

MXMX/a/2024/016033This application is not viewable in PATENTSCOPE because the national phase entry has not been published yet or the national entry is issued from a country that does not share data with WIPO or there is a formatting issue or an unavailability of the application.

PH12024553107This application is not viewable in PATENTSCOPE because the national phase entry has not been published yet or the national entry is issued from a country that does not share data with WIPO or there is a formatting issue or an unavailability of the application.

AUAU2023288540This application is not viewable in PATENTSCOPE because the national phase entry has not been published yet or the national entry is issued from a country that does not share data with WIPO or there is a formatting issue or an unavailability of the application.

EA202590113This application is not viewable in PATENTSCOPE because the national phase entry has not been published yet or the national entry is issued from a country that does not share data with WIPO or there is a formatting issue or an unavailability of the application.

EP2023828081This application is not viewable in PATENTSCOPE because the national phase entry has not been published yet or the national entry is issued from a country that does not share data with WIPO or there is a formatting issue or an unavailability of the application.",,,,,,
,,,,,,,,,,,,,,,,,,,,,,,,,
CN422811964,202311355506,China,19.10.2023,117481029,02.02.2024,A,"A01H 1/02
					






A01H 1/04
					






A01H 3/04
					






A01G 22/20
					






A01G 25/16
					






A01C 21/00
					






View more classifications
							






A01H 1/02
					






A01H 1/04
					






A01H 3/04
					






A01G 22/20
					






A01G 25/16
					






A01C 21/00
					






A01C 1/00
					






View less classifications","A01H 1/02
					






A01H 1/04
					






A01H 3/04
					






A01H 1/1245
					






A01H 1/122
					






A01H 1/12
					






View more classifications
							






A01H 1/02
					






A01H 1/04
					






A01H 3/04
					






A01H 1/1245
					






A01H 1/122
					






A01H 1/12
					






A01G 22/20
					






A01G 25/167
					






A01C 21/00
					






A01C 1/00
					






View less classifications",HENAN SUPER WHEAT SCIENCE AND TECHNOLOGY RESEARCH INSTITUTE河南超级小麦科学技术研究院,WANG CHANGGUO王长国,,(EN) High wheat new strain breeding technology(ZH) 一种高麦新品系育种技术,,"(EN) The invention discloses a high wheat new strain breeding technology, which comprises the following steps: selecting high-quality parents: selecting high wheat varieties with high yield, high quality, disease and insect pest resistance, strong stress resistance and the like as parents, hybridizing: hybridizing the selected parents to obtain hybrid seeds, planting: planting the treated seeds in proper soil, and carrying out field management such as irrigation and fertilization to obtain high wheat new strains. Planting: planting the treated seeds in proper soil, and performing field management such as irrigation, fertilization and weeding, and intelligent planting: realizing automation and intelligence of the planting process by utilizing technologies such as Internet of Things, cloud computing and artificial intelligence, and selecting excellent strains; and an excellent new high wheat strain is selected. Wheat crops with high yield and strong stress resistance are cultivated through genetic improvement and selection, soil humidity, temperature, pH value and other parameters are monitored by utilizing an Internet of Things sensor, and characters of wheat are changed by utilizing CRISPR/Cas9 and other gene editing tools.(ZH) 本发明公开了一种高麦新品系育种技术，选取优质亲本：选择具有高产、优质、抗病虫害、抗逆性强等性状的高麦品种作为亲本，杂交：将选定的亲本进行杂交，得到杂交种子，种植：将处理后的种子种植在适宜的土壤中，并进行灌溉、施肥等田间管理，种植：将处理后的种子种植在适宜的土壤中，并进行灌溉、施肥、除草等田间管理，智能化种植：利用物联网、云计算、人工智能等技术实现种植过程的自动化和智能化，选择优良品系：根据产量、品质、抗病虫害性和抗逆性等指标，选择出优良的高麦新品系。本发明通过遗传改良和选择培育出高产、抗逆性强的麦类作物，利用物联网传感器监测土壤湿度、温度和pH值等参数，通过利用CRISPR/Cas9等基因编辑工具改变高麦的性状。",,,北京仟方秉知识产权代理事务所(普通合伙) 16241,,,,,,,,
,,,,,,,,,,,,,,,,,,,,,,,,,
CN424851403,202311478130,China,08.11.2023,117587033,23.02.2024,A,"C12N 15/29
					






C07K 14/415
					






C12N 15/84
					






A01H 5/10
					






A01H 6/46
					






A01H 5/00
					








C12N 15/29
					






C07K 14/415
					






C12N 15/84
					






A01H 5/10
					






A01H 6/46
					






A01H 5/00
					






View less classifications","C07K 14/415
					






C12N 15/8261
					






C12N 15/8245
					






C12N 15/8247
					






C12N 15/8243
					








C07K 14/415
					






C12N 15/8261
					






C12N 15/8245
					






C12N 15/8247
					






C12N 15/8243
					






View less classifications",CROP RESEARCH INSTITUTE OF THE SICHUAN ACADEMY OF AGRICULTURAL SCIENCES四川省农业科学院作物研究所,LIU SONG刘松REN GUANGJUN任光俊GAO FANGYUAN高方远TANG SHAOQING唐绍清HU PEISONG胡培松SHAO GAONENG邵高能WEI XIANGJIN魏祥进JIAO GUI'AI焦桂爱BAO JINGSONG包劲松HUANG QINA黄奇娜REN JUANSHENG任鄄胜LYU JIANQUN吕建群CAO RUIJIE操瑞节CHUN YAN淳雁,,"(EN) Gene DUF630/632 for controlling rice yield quality traits, protein and application(ZH) 控制水稻产量品质性状的基因DUF630/632及蛋白和应用",,"(EN) The invention discloses a gene DUF630/632 for controlling rice yield quality traits, a protein and application of the gene DUF630/632 and the protein. The nucleotide sequence of the gene is shown as SEQ ID NO.1, and the CDS sequence of the gene is shown as SEQ ID NO.2. A rice endosperm specific expression gene is knocked out by utilizing a CRISPR/Cas9 gene editing technology, two different mutation types of homozygous mutant rice endosperms show obvious opaque and chalky phenotypic characters, the grain length and thousand grain weight of mutant seeds are remarkably increased, the total starch content is remarkably reduced, and the rice endosperm specific expression gene has a good application prospect. The total protein content is obviously increased, the fat content and the soluble sugar content are extremely obviously increased, and the physicochemical property of starch is obviously changed. The invention is beneficial to clarification of a rice seed development molecular regulation mechanism, enriches the biological functions of the DUF630/632 structural domain gene, and provides new important gene reserve, germplasm resources and theoretical basis for rice yield and quality genetic improvement.(ZH) 本发明公开了一种控制水稻产量品质性状的基因DUF630/632及蛋白和应用，该基因的核苷酸序列如SEQ ID NO.1所示，其CDS序列如SEQ ID NO.2所示。本发明利用CRISPR/Cas9基因编辑技术敲除水稻胚乳特异性表达基因，两个不同突变类型纯合突变体稻米胚乳呈现明显不透明垩白表型性状，突变体种子粒长和千粒重都极显著增加，总淀粉含量极显著下降，总蛋白质含量显著升高、脂肪含量和可溶性糖含量极显著升高，淀粉理化性质发生明显改变。本发明有助于阐明水稻种子发育分子调控机理，丰富DUF630/632结构域基因生物学功能，为水稻产量及品质遗传改良提供新的重要基因储备、种质资源和理论基础。",,,北京众合诚成知识产权代理有限公司 11246,,,,,,,,
CN432990932,202410299735,China,15.03.2024,118240864,25.06.2024,A,"C12N 15/82
					






C12N 15/113
					






C12N 15/29
					






A01H 5/00
					






A01H 6/46
					








C12N 15/82
					






C12N 15/113
					






C12N 15/29
					






A01H 5/00
					






A01H 6/46
					






View less classifications","C12N 15/8261
					






C12N 15/8218
					






C12N 15/113
					






C07K 14/415
					






C12N 2310/20
					






Y02A 40/146
					








C12N 15/8261
					






C12N 15/8218
					






C12N 15/113
					






C07K 14/415
					






C12N 2310/20
					






Y02A 40/146
					






View less classifications",SOUTH CHINA AGRICULTURAL UNIVERSITY华南农业大学,"XIE XIANRONG谢先荣TSENG, WAN-YUNG曾婉泳TAN XIYU谭习羽LIN ZHANSHENG林展生LIU YAOGUANG刘耀光GUO JINGXIN郭晶心CHU ZHIZHAN初志战",,(EN) Application of STR of rice OsFD1 gene promoter region or method for targeted deletion of STR in rice molecular breeding(ZH) 水稻OsFD1基因启动子区的STR或靶向删除该STR的方法在水稻分子育种中的应用,,"(EN) The invention belongs to the technical field of gene editing, and particularly relates to application of an STR of a rice OsFD1 gene promoter region or a method for targeted deletion of the STR in rice molecular breeding. Based on a deletion experiment of a CRISPR/Cas9 system and analysis on agronomic characters such as the heading period and the yield of gene edited rice, it is found that short tandem repeat of a promoter region affects expression of the OsFD1 gene, and by deleting the sequence of the region, the heading period of the rice can be properly delayed, and the yield of the rice can be increased. The T1-generation homozygous mutant obtained by the invention can be used for screening out materials with excellent heading period and yield to be applied to subsequent breeding, so that the breeding period is greatly shortened, the adaptability of excellent rice varieties to different regions and seasons is improved, and the T1-generation homozygous mutant has important significance in expanding the planting range of the excellent varieties and increasing the yield and has a wide application prospect. And a new strategy is provided for crop breeding improvement.(ZH) 本发明属于基因编辑技术领域，具体涉及一种水稻OsFD1基因启动子区的STR或靶向删除该STR的方法在水稻分子育种中的应用。本发明基于CRISPR/Cas9系统的删除实验以及对基因编辑水稻的抽穗期和产量等农艺性状的分析，发现启动子区的短串联重复影响OsFD1基因的表达，通过对该区域的序列删除，可以适当延迟水稻抽穗期，提升水稻的产量。本发明获得的T1代纯合突变体即可筛选出抽穗期和产量优良的材料应用于后续育种，极大地缩短了育种年限，提高了优良水稻品种对不同地区和季节的适应能力，对扩大优良品种的种植范围和提高产量有重要意义，为作物育种改良提供一种新策略。",,,佛山市君创知识产权代理事务所(普通合伙) 44675,,,,,,,,
CN441690668,202411113506,China,14.08.2024,118773159,15.10.2024,A,"C12N 9/10
					






C12N 15/54
					






C12N 15/84
					






A01H 5/10
					






A01H 6/46
					








C12N 9/10
					






C12N 15/54
					






C12N 15/84
					






A01H 5/10
					






A01H 6/46
					






View less classifications","C12N 9/1051
					






C12N 15/8245
					






C12N 15/8216
					






C12N 15/8205
					






C12Y 204/01021
					








C12N 9/1051
					






C12N 15/8245
					






C12N 15/8216
					






C12N 15/8205
					






C12Y 204/01021
					






View less classifications","INSTITUTE OF CROP SCIENCE, CHINESE ACADEMY OF AGRICULTURAL SCIENCES中国农业科学院作物科学研究所",LIU CHANGLIN刘昌林XIE CHUANXIAO谢传晓MA MINGZHENG马铭政ZHU JINJIE朱金洁QI XIANTAO祁显涛XU XIAOJIE徐孝洁HUANG JING黄晶,,(EN) Method for creating corn germplasm with high starch freeze-thaw stability and related biological material thereof(ZH) 创制淀粉冻融稳定性强的玉米种质的方法及其相关生物材料,,"(EN) The invention discloses a method for creating a corn germplasm with high starch freeze-thaw stability and a related biological material of the corn germplasm. Specifically, the invention discloses application of proteins with amino acid sequences of SEQ ID No.2 and SEQ ID No.5 in regulation and control of the freeze-thaw stability of corn. According to the invention, the Zmsu2 gene and the Zmwx gene are knocked out by using a CRISPR/Cas9 gene editing technology to obtain the corn mutant, and the result shows that the Zmsu2 gene and the Zmwx gene are knocked out to change the straight chain proportion and structure of starch, so that the freeze-thaw stability of corn can be remarkably improved. According to the method, the corn germplasm with high starch freeze-thaw stability is successfully created, material accumulation is provided for corn breeding, an accurate, efficient and safe technical method is provided for corn freeze-thaw stability breeding or germplasm resource improvement of freeze-thaw stable type corn, and accurate improvement of the corn starch freeze-thaw stability is achieved.(ZH) 本发明公开了创制淀粉冻融稳定性强的玉米种质的方法及其相关生物材料。具体地公开了氨基酸序列分别为SEQ ID No.2和SEQ ID No.5的蛋白质在调控玉米的冻融稳定性中的应用。本发明利用CRISPR/Cas9基因编辑技术对Zmsu2基因和Zmwx基因进行敲除，得到了玉米突变体，结果表明，通过对Zmsu2基因和Zmwx基因进行敲除，改变淀粉的支直链比例和结构，可以显著提高玉米的冻融稳定性。本发明成功创制出淀粉冻融稳定性强的玉米种质，为玉米育种提供材料积累，为玉米的冻融稳定性育种或冻融稳定型玉米的种质资源改良提供了精准、高效、安全的技术方法，实现了对玉米淀粉冻融稳定性的精准改良。",,,北京纪凯知识产权代理有限公司 11245,,,,,,,,
CN422255217,202311390312,China,25.10.2023,117448369,26.01.2024,A,"C12N 15/82
					






C12N 15/64
					






C12N 15/55
					






A01H 5/00
					






A01H 6/46
					








C12N 15/82
					






C12N 15/64
					






C12N 15/55
					






A01H 5/00
					






A01H 6/46
					






View less classifications","C12N 15/8216
					






C12N 15/8222
					






C12N 9/22
					








C12N 15/8216
					






C12N 15/8222
					






C12N 9/22
					






View less classifications",SHANGHAI UNIVERSITY上海大学,SONG RENTAO宋任涛QI WEIWEI祁巍巍ISHIZONO石园WANG JING王静,,(EN) Callus-specific CRISPR/Cas9 gene editing system for improving genetic editing rate and application of callus-specific CRISPR/Cas9 gene editing system(ZH) 一种提高遗传编辑率的愈伤组织特异CRISPR/Cas9基因编辑系统及其应用,,"(EN) The invention relates to a callus-specific CRISPR/Cas9 gene editing system for improving genetic editing rate and application thereof, the callus-specific CRISPR/Cas9 gene editing system comprises an sgRNA transcription unit and a Cas9 transcription unit, the sgRNA transcription unit is composed of a promoter, a gRNA gene of a target gene and a terminator which are connected in sequence, the Cas9 transcription unit is composed of a plant callus specific expression promoter and a Cas9 gene which are connected in sequence, the plant callus specific expression promoter comprises a ZmCTA1 promoter or a ZmPLTP promoter, the nucleotide sequence of the ZmCTA1 promoter is as shown in SEQ ID NO.1, and the nucleotide sequence of the ZmPLTP promoter is as shown in SEQ ID NO.2. The Cas9 transcription unit comprises a plant callus specific expression promoter and a Cas9 gene which are connected in sequence. Compared with the prior art, the callus specific CRISPR/Cas9 gene editing system disclosed by the invention can be efficiently expressed in the plant callus and can be subjected to genetic editing.(ZH) 本发明涉及一种提高遗传编辑率的愈伤组织特异CRISPR/Cas9基因编辑系统及其应用，包括sgRNA转录单元和Cas9转录单元，所述sgRNA转录单元由顺次连接的启动子、靶向目标基因的gRNA基因和终止子组成，所述Cas9转录单元由顺次连接的植物愈伤组织特异表达启动子和Cas9基因组成，所述植物愈伤组织特异表达启动子包括ZmCTA1启动子或ZmPLTP启动子，所述ZmCTA1启动子的核苷酸序列如SEQ ID NO.1所示，所述ZmPLTP启动子的核苷酸序列如SEQ ID NO.2所示。与现有技术相比，本发明愈伤组织特异CRISPR/Cas9基因编辑系统能在植物愈伤组织中高效表达并能遗传编辑。",,,上海科盛知识产权代理有限公司 31225,,,,,,,,
CN185364502,201610197563,China,31.03.2016,106167810,30.11.2016,A,"C12N 15/82
					






A01H 5/00
					








C12N 15/82
					






A01H 5/00
					






View less classifications","C12N 15/8216
					






C07K 14/415
					






C12N 2800/80
					






C12N 2810/10
					








C12N 15/8216
					






C07K 14/415
					






C12N 2800/80
					






C12N 2810/10
					






View less classifications","INNER MONGOLIA ZHONGKE ZHENGBIAO BIOTECHNOLOGY CO., LTD.",ZHANG YESHENGZHANG RUHAO ZHIQIANGLI ZHEN,,"(EN) Monocotyledon plant gene knockout vector based on CRISPR/Cas9 technology, and applications thereof(ZH) 基于CRISPR/Cas9技术的单子叶植物基因敲除载体及其应用",,"(EN) The invention discloses a plant gene knockout vector based on a CRISPR/Cas9 technology. The monocotyledon plant gene knockout vector is characterized in that the plant gene knockout vector is a monocotyledon plant CRISPR/Cas9 knockout vector pCambin1300-OsU3-Cas9, and contains the AarI insertion site. According to the present invention, with the CRISPR/Cas9 plant knockout double-component vector pCambin1300-OsU3-2x35s-Cas9 formed from a sgRNA-OsU3 structure sequence comprising the AarI insertion site and a 2x35s-Cas9-ter sequence, the purpose of the efficient and rapid construction of the monocotyledon plant gene knockout vector can be achieved through the one-step digestion linkage method; and the provided CRISPR/Cas9 knockout vector pCambin1300-OsU3-2x35s-Cas9 has characteristics of high targeting efficiency and extremely low undershoot efficiency, and can be used for plant target gene knockout or can be used for plant gene editing in a kit form.(ZH) 本发明公开了一种基于CRISPR/Cas9技术的植物基因敲除载体，其特征在于该植物基因敲除载体为单子叶植物CRISPR/Cas9敲除载体pCambin1300‑OsU3‑Cas9，含有Aar I插入位点。本发明的有益效果在于：由Aar I插入位点组成的sgRNA‑OsU3结构序列与2x35s‑Cas9‑ter序列共同构建的CRISPR/Cas9植物敲除的双元载体pCambin1300‑OsU3‑2x35s‑Cas9，能够通过一步酶切连接的方法来实现高效、快速构建单子叶植物基因敲除载体的目的；本发明提供的CRISPR/Cas9敲除载体pCambin1300‑OsU3‑2x35s‑Cas9，具有打靶效率高、脱靶效率极低的特点，能够应用于植物靶基因的敲除或者以试剂盒的形式应用于植物基因编辑。",,,,2015101560575 03.04.2015 CN,CN106434737,,,,,,
,,,,,,,,,,,,,,,,,,,,,,,,,
CN438265198,202410766641,China,14.06.2024,118546930,27.08.2024,A,"C12N 15/113
					






C12Q 1/6895
					






C12Q 1/686
					






G01N 33/543
					






G01N 33/569
					






G01N 33/58
					






View more classifications
							






C12N 15/113
					






C12Q 1/6895
					






C12Q 1/686
					






G01N 33/543
					






G01N 33/569
					






G01N 33/58
					






C12N 15/11
					






C12R 1/645
					






View less classifications","C12N 15/113
					






C12Q 1/6895
					






C12Q 1/686
					






G01N 33/54387
					






G01N 33/56961
					






G01N 33/587
					






View more classifications
							






C12N 15/113
					






C12Q 1/6895
					






C12Q 1/686
					






G01N 33/54387
					






G01N 33/56961
					






G01N 33/587
					






G01N 2333/37
					






C12R 2001/645
					






C12N 2310/20
					






View less classifications",BEIJING ACADEMY OF AGRICULTURE AND FORESTRY SCIENCES北京市农林科学院,YU SHUANCANG于拴仓LIU XIAOJING刘肖静LI PEIRONG李佩荣WANG WEIHONG汪维红SU TONGBING苏同兵XIN XIAOYUN辛晓云ZHANG FENGLAN张凤兰ZHAO XIUYUN赵岫云ZHANG DESHUANG张德双YU YANGJUN余阳俊MA TAO马涛,,(EN) CRISPR/Cas12a-based Chinese cabbage clubroot detection method and related material and application thereof(ZH) 基于CRISPR/Cas12a的大白菜根肿病检测方法及其相关材料和应用,,"(EN) The invention discloses a Chinese cabbage clubroot detection method based on CRISPR (clustered regularly interspaced short palindromic repeats)/Cas12a as well as related materials and application thereof. In particular discloses a Cas12a guide RNA molecule for cutting a clubroot rDNA-ITS sequence, the guide RNA molecule comprises a targeting sequence and a structural sequence, the nucleotide sequence of the targeting sequence is from the 4th site to the 24th site of the sequence 1, and the nucleotide sequence of the structural sequence is from the 25th site to the 44th site of the sequence 1. A guide RNA molecule and a detection primer designed for a target are used for performing cas12a-RPA detection on a to-be-detected sample, and a result shows that whether the sample contains the target genome or not can be quickly and intuitively detected, so that the method can be used for industrial and agricultural production.(ZH) 本发明公开了基于CRISPR/Cas12a的大白菜根肿病检测方法及其相关材料和应用。具体公开了一种用于切割根肿病rDNA‑ITS序列的Cas12a向导RNA分子，所述向导RNA分子包括靶向序列和结构序列，所述靶向序列的核酸序列为序列1的第4位‑第24位，所述结构的核酸序列为序列1的第25位‑第44位。使用向导RNA分子和及针对靶标设计的检测引物对待测样本进行cas12a‑RPA检测，结果表明可快速、直观的检测到样本中是否含有目标基因组，可用于工农业生产。",,,北京纪凯知识产权代理有限公司 11245,,,,,,,,
CN438257230,202410766646,China,14.06.2024,118546931,27.08.2024,A,"C12N 15/113
					






C12Q 1/6895
					






C12Q 1/686
					






G01N 33/543
					






G01N 33/569
					






G01N 33/58
					






View more classifications
							






C12N 15/113
					






C12Q 1/6895
					






C12Q 1/686
					






G01N 33/543
					






G01N 33/569
					






G01N 33/58
					






C12N 15/11
					






C12R 1/645
					






View less classifications","C12N 15/113
					






C12Q 1/6895
					






C12Q 1/686
					






G01N 33/54387
					






G01N 33/56961
					






G01N 33/587
					






View more classifications
							






C12N 15/113
					






C12Q 1/6895
					






C12Q 1/686
					






G01N 33/54387
					






G01N 33/56961
					






G01N 33/587
					






G01N 2333/37
					






C12R 2001/645
					






C12N 2310/20
					






View less classifications",BEIJING ACADEMY OF AGRICULTURE AND FORESTRY SCIENCES北京市农林科学院,YU SHUANCANG于拴仓LIU XIAOJING刘肖静SU TONGBING苏同兵XIN XIAOYUN辛晓云WANG WEIHONG汪维红LI PEIRONG李佩荣ZHAO XIUYUN赵岫云ZHANG DESHUANG张德双YU YANGJUN余阳俊ZHANG FENGLAN张凤兰,,(EN) CRISPR/Cas12a-based Chinese cabbage downy mildew detection method and related materials and application thereof(ZH) 基于CRISPR/Cas12a的大白菜霜霉病检测方法及其相关材料和应用,,"(EN) The invention discloses a Chinese cabbage downy mildew detection method based on CRISPR/Cas12a as well as related materials and application thereof. In particular discloses a Cas12a guide RNA molecule for cutting a peronospora rDNA-ITS sequence, the guide RNA molecule comprises a targeting sequence and a structural sequence, the nucleotide sequence of the targeting sequence is from the 4th site to the 24th site of the sequence 1, and the nucleotide sequence of the structural sequence is from the 25th site to the 44th site of the sequence 1. A guide RNA molecule and a detection primer designed for a target are used for performing cas12a-RPA detection on a to-be-detected sample, and a result shows that whether the sample contains the target genome or not can be quickly and intuitively detected, so that the method can be used for industrial and agricultural production.(ZH) 本发明公开了基于CRISPR/Cas12a的大白菜霜霉病检测方法及其相关材料和应用。具体公开了一种用于切割霜霉菌rDNA‑ITS序列的Cas12a向导RNA分子，所述向导RNA分子包括靶向序列和结构序列，所述靶向序列的核酸序列为序列1的第4位‑第24位，所述结构的核酸序列为序列1的第25位‑第44位。使用向导RNA分子和及针对靶标设计的检测引物对待测样本进行cas12a‑RPA检测，结果表明可快速、直观的检测到样本中是否含有目标基因组，可用于工农业生产。",,,北京纪凯知识产权代理有限公司 11245,,,,,,,,
CN405878758,202310732069,China,20.06.2023,116574848,11.08.2023,A,"C12Q 1/70
					






C12Q 1/6844
					






C12Q 1/6806
					






C12N 15/11
					






C12R 1/93
					








C12Q 1/70
					






C12Q 1/6844
					






C12Q 1/6806
					






C12N 15/11
					






C12R 1/93
					






View less classifications","C12Q 1/701
					






C12Q 1/6844
					






C12Q 1/6806
					






Y02A 50/30
					








C12Q 1/701
					






C12Q 1/6844
					






C12Q 1/6806
					






Y02A 50/30
					






View less classifications","LANZHOU VETERINARY RESEARCH INSTITUTE, CHINESE ACADEMY OF AGRICULTURE SCIENCES中国农业科学院兰州兽医研究所",LIU YONGJIE刘永杰MAO SHOUHUI毛首会LAN XI兰喜MA WEIMIN马维民YANG YAMIN杨亚民LYU LYU吕律WU JINYAN吴锦艳ZHANG WEI张伟HE JIJUN何继军SHANG YOUJUN尚佑军JEONG HAE-HAK郑海学,,(EN) LAMP-CRISPRCas12a-based primer for detecting porcine circovirus type 2 and detection method(ZH) 一种基于LAMP-CRISPRCas12a检测猪圆环2型病毒的引物及检测方法,,"(EN) The invention discloses LAMP-CRISPRCas12a-based primers and a LAMP-CRISPRCas12a-based detection method for detecting a porcine circovirus type 2. The LAMP-CRISPRCas12a-based detection method comprises the following operation steps: (1) treating a tissue sample; (2) extracting virus DNA (Deoxyribose Nucleic Acid); (3) primer design; (4) recovering and purifying a PCR product; (5) constructing a standard plasmid; (6) identifying recombinant plasmids; (7) extracting a small amount of plasmid DNA; (8) LAMP primer screening and amplification; (9) establishment of a LAMP-CRISPR-Cas12a detection system for the porcine circovirus type 2 (PCV2); on the basis of the CRISPR technology, the LAMP technology is combined, the rapid PCV2 detection method is established, and the method is high in sensitivity, high in specificity, easy to operate, short in detection time, simple in result analysis, high in anti-interference performance and free of complex instruments and equipment. The portable and visual method which is low in price, high in sensitivity and high in specificity will be an alternative method for on-site PCV2 detection, and timely monitoring and rapid making of PCV2 control strategies may be facilitated.(ZH) 本发明公开了一种基于LAMP‑CRISPRCas12a检测猪圆环2型病毒的引物及检测方法，包括以下操作步骤：(1)组织样品的处理；(2)病毒DNA的提取；(3)引物设计；(4)PCR产物回收及纯化；(5)标准质粒的构建；(6)重组质粒鉴定；(7)质粒DNA小量抽提；(8)LAMP引物筛选及扩增；(9)猪圆环病毒2型LAMP‑CRISPR‑Cas12a检测体系建立；本发明在CRISPR技术的基础上与LAMP技术相结合，建立了PCV2的快速检测方法，该方法敏感性高、特异性高、操作简单、检测时间短、结果分析简单、抗干扰性强、不需要复杂仪器设备。这种低价、高度敏感和特异性强、便携式和可视化的方法将是现场PCV2检测的替代方法，这可能有助于及时监测和快速制定控制PCV2的策略。",,,北京和联顺知识产权代理有限公司 11621,,,,,,,,
CN235360010,201810794443,China,18.07.2018,108977459,11.12.2018,A,"C12N 15/82
					






A01H 5/00
					






A01H 6/46
					








C12N 15/82
					






A01H 5/00
					






A01H 6/46
					






View less classifications","C12N 15/8213
					






C07K 14/415
					






C12N 15/8289
					






C12N 2810/10
					








C12N 15/8213
					






C07K 14/415
					






C12N 15/8289
					






C12N 2810/10
					






View less classifications","QINGDAO YUANCE GROUP CO., LTD.青岛袁策集团有限公司",MI TIEZHU米铁柱ZHANG GUODONG张国栋LIU JIAYIN刘佳音WAN JILI万吉丽WANG KEXIANG王克响LUO BI罗碧,,(EN) Preparation method for plant mutant(ZH) 一种植株突变体的制备方法,,"(EN) The invention discloses a preparation method for a plant mutant. The preparation method comprises the following steps that T1, a CRISPR/cas9 gene knockout vector is constructed, and a CYP78A13 gene isknocked out; T2, agrobacterium is transformed; T3, gene knockout detection is carried out; and T4, phenotype identification is carried out on a transgenic plant. According to the preparation method for the plant mutant, a rice cell nucleus fertility gene serves as a target gene, gene knockout is carried out by using CRISPR/cas9 gene silencing, the function is lost after gene silencing, a cell isdeveloped into a complete plant, but the complete plant does not have pollen which is developed to have normal functions, and the plant mutant can be taken as a research object and used for creating asterile line.(ZH) 本申请公开了一种植株突变体的制备方法，包括以下步骤：T1.构建CRISPR/cas9基因敲除载体，敲除CYP78A13基因；T2.农杆菌转化；T3.基因敲除检测；T4.转基因植株表型鉴定。本发明植株突变体的制备方法方法，以水稻细胞核育性基因作为目标基因，利用CRISPR/cas9基因沉默进行基因敲除，基因沉默后丧失功能，细胞发育长成完整植株，但不具备发育成正常功能的花粉，并能够以此为研究对象，用于创制不育系。",,,北京华仁联合知识产权代理有限公司 11588,,,,,,,,
CN337665974,202110703245,China,24.06.2021,113403412,17.09.2021,A,"C12Q 1/6893
					






C12Q 1/6844
					






C12N 15/113
					








C12Q 1/6893
					






C12Q 1/6844
					






C12N 15/113
					






View less classifications","C12Q 1/6893
					






C12Q 1/6844
					








C12Q 1/6893
					






C12Q 1/6844
					






View less classifications","LANZHOU VETERINARY RESEARCH INSTITUTE, CHINESE ACADEMY OF AGRICULTURE SCIENCES中国农业科学院兰州兽医研究所",WANG MENG王萌MA QIAONI马巧妮ZHU XINGQUAN朱兴全,,(EN) Kit for detecting toxoplasma gondii based on isothermal amplification-CRISPR/Cas12a technology and application thereof(ZH) 一种基于等温扩增-CRISPR/Cas12a技术检测弓形虫的试剂盒及其应用,,"(EN) The invention provides a kit for detecting toxoplasma gondii DNA based on an isothermal amplification-CRISPR/Cas12a technology and application thereof, and belongs to the technical field of parasite detection. The invention provides crRNA for specifically detecting toxoplasma gondii DNA. The nucleotide sequence of the crRNA is shown as SEQ ID NO: 1. Meanwhile, the provided kit for detecting the toxoplasma gondii DNA comprises the crRNA, Cas12a protein and ssDNA marked by a fluorescence reporter group. The Cas12a activity is activated by targeting the toxoplasma gondii DNA sequence through the crRNA by using the characteristics of target sequence targeted cutting and arbitrary single-stranded DNA sequence cutting of the Cas12a, such that the FQ-ssDNA sequence is subjected to enzyme digestion through the Cas12a, and an emitted fluorescence signal indicates whether the toxoplasma gondii DNA is contained in a detection sample. The kit has the characteristics of simplicity and convenience in operation and rapidness in detection, and has relatively high application value.(ZH) 本发明提供了一种基于等温扩增‑CRISPR/Cas12a技术检测弓形虫DNA的试剂盒及其应用，属于寄生虫检测技术领域。本发明提供了一种用于特异性检测弓形虫DNA的crRNA，核苷酸序列如SEQIDNO:1所示。同时本发明还提供了检测弓形虫DNA的试剂盒，包括所述crRNA、Cas12a蛋白和荧光报告基团标记的ssDNA。利用Cas12a靶向切割靶标序列和切割任意单链DNA序列的特性，通过crRNA靶向弓形虫DNA序列，激活Cas12a活性，从而Cas12a对FQ‑ssDNA序列进行酶切，发出的荧光信号来指示检测样品中是否含有弓形虫DNA。所述试剂盒具有操作简便，检测快速的特点，具有较高的应用价值。",,,北京高沃律师事务所 11569,,,,,,,,
CN254016789,201811511143,China,11.12.2018,110272915,24.09.2019,B,"C12N 15/82
					






A01H 5/00
					






A01H 6/46
					








C12N 15/82
					






A01H 5/00
					






A01H 6/46
					






View less classifications","C12N 15/8213
					






C12N 2310/20
					








C12N 15/8213
					






C12N 2310/20
					






View less classifications","INSTITUTE OF CROP SCIENCE, CHINESE ACADEMY OF AGRICULTURAL SCIENCES中国农业科学院作物科学研究所",ZHAO KAIJUN赵开军WEI ZHENG卫正WANG CHUNLIAN王春连GAO YING高英JI ZHIYUAN纪志远,,(EN) Method for cultivating bacterial blight-resistant rice through gene editing technology(ZH) 一种通过基因编辑技术培育抗白叶枯病水稻的方法,,"(EN) The invention discloses a method for cultivating bacterial blight-resistant rice through gene editing. Gene editing technologies of CRISPR, Cas9 and the like are utilized to introduce an EBE sequence of a bacterial blight-resistant gene Xa23 promoter into an upstream promoter region of a rice xa23 locus, so that the xa23 obtains the ability of inducing expression of xanthomonas oryzae, and the bacterial blight resistance of the rice is improved. The xa23 locus is an allele of Xa23, contains the Xa23 coding region, but cannot be transcribed and expressed due to the absence of the EBE sequence in the promoter region. The method can be widely applied to rice disease-resistant breeding and has great application prospect in rice genetic breeding and production.(ZH) 本发明公开一种通过基因编辑培育抗白叶枯病水稻的方法。其是利用CRISPR/Cas9等基因编辑技术，将抗白叶枯病基因Xa23启动子的EBEAvrXa23序列引入水稻xa23位点的上游启动子区，使xa23获得白叶枯病菌诱导表达的能力，从而提高水稻的白叶枯病抗性。所述xa23位点是Xa23的等位基因，其含有Xa23编码区但因其启动子区缺乏EBEAvrXa23序列而不能转录表达。所述方法可以广泛应用于水稻抗病育种，对水稻遗传育种和生产具有重大应用前景。",110272915,30.10.2020,北京知本村知识产权代理事务所(普通合伙) 11039,,,,,,,,
CN297246081,202010098740,China,18.02.2020,111154764,15.05.2020,B,"C12N 15/113
					






C12N 15/82
					






A01H 5/00
					






A01H 6/46
					






A01H 1/02
					








C12N 15/113
					






C12N 15/82
					






A01H 5/00
					






A01H 6/46
					






A01H 1/02
					






View less classifications","A01H 1/02
					






C12N 15/113
					






C12N 15/8218
					






C12N 15/8281
					






C12N 15/8282
					






C12N 2310/20
					








A01H 1/02
					






C12N 15/113
					






C12N 15/8218
					






C12N 15/8281
					






C12N 15/8282
					






C12N 2310/20
					






View less classifications","INSTITUTE OF CROP SCIENCE, CHINESE ACADEMY OF AGRICULTURAL SCIENCES中国农业科学院作物科学研究所",XIA LANQIN夏兰琴TIAN JINFU田金福HAO ZEYUN郝泽芸NING YUESE宁约瑟WANG GUOLIANG,,(EN) Method for improving disease resistance of rice through genome editing and sgRNA used in method(ZH) 一种通过基因组编辑提高水稻抗病性的方法及其使用的sgRNA,,"(EN) The invention discloses a method for improving the disease resistance of rice through genome editing and sgRNA used in the method. The method for improving the disease resistance of rice through genome editing aims at reducing the activity and/or expression quantity of OsVQ25 protein in rice. 'Reducing the activity and/or expression quantity of OsVQ25 protein in rice' can be realized by gene editing on the OsVQ25. Designated edition of the OsVQ25 gene is achieved by utilizing the CRISPR/Cas9 technology, and the OsVQ25 gene in rice is knocked out by causing frameshift mutation to obtain a ricenew germplasm with remarkably improved resistance for rice blast and xanthomonas oryzae. The method has a great application and popularization value for rice breeding.(ZH) 本发明公开了一种通过基因组编辑提高水稻抗病性的方法及其使用的sgRNA。本发明提供了一种通过基因编辑技术提高水稻抗病性的方法，为降低水稻中OsVQ25蛋白活性和/或表达量。“降低水稻中OsVQ25蛋白活性和/或表达量”具体可通过对OsVQ25基因进行基因编辑实现。本发明的发明人利用CRISPR/Cas9技术，定点编辑OsVQ25基因，通过造成移码突变，敲除了水稻OsVQ25基因，获得了稻瘟病和白叶枯病抗性明显提高的水稻新种质。本发明对于水稻育种具有重大的应用推广价值。",111154764,20.08.2021,北京纪凯知识产权代理有限公司 11245,,,,,,,,
CN350474495,202111321460,China,09.11.2021,113999856,01.02.2022,B,"C12N 15/29
					






C12N 15/113
					






C12N 15/82
					






A01H 5/10
					






A01H 6/54
					








C12N 15/29
					






C12N 15/113
					






C12N 15/82
					






A01H 5/10
					






A01H 6/54
					






View less classifications","C07K 14/415
					






C12N 15/113
					






C12N 15/8267
					






C12N 15/8218
					






C12N 2310/20
					








C07K 14/415
					






C12N 15/113
					






C12N 15/8267
					






C12N 15/8218
					






C12N 2310/20
					






View less classifications",JIANGSU ACADEMY OF AGRICULTURAL SCIENCES江苏省农业科学院,ZHANG WEI张威CHEN HUATAO陈华涛XU WENJING许文静ZHANG HONGMEI张红梅CUI XIAOYAN崔晓艳LIU XIAOQING刘晓庆WANG QIONG王琼CHEN XIN陈新,,(EN) Soybean seed vigor regulation gene GmSV1 and application thereof(ZH) 大豆种子活力调控基因GmSV1及其应用,,"(EN) The invention discloses a soybean seed vigor regulation gene GmSV1 and application thereof, and belongs to the field of biotechnology and crop genetic engineering. The soybean seed vigor regulation gene GmSV1 disclosed by the invention plays an important role in improving the vigor of soybean seeds. Specifically, GmSV1 genes are edited and knocked out through a CRISPR/Cas9 system, the biological function of the GmSV1 genes is destroyed, GmSV1 soybean mutants are obtained, compared with receptor Kefeng No.1, gmsv1-1 and gmsv1-2 mutants are remarkably increased in progeny germination rate, on the second day of germination, the germination rates of the gmsv1-1 and the gmsv1-2 are increased by 54.84% (p < 0.01) and 61.29% (p < 0.01) respectively, and the seed activity of the mutants is remarkably improved. The invention plays an important role in understanding a soybean seed germination mechanism and promoting a soybean breeding process with high seed vigor.(ZH) 本发明公开了一种大豆种子活力调控基因GmSV1及其应用，属于生物技术和作物基因工程领域。本发明所公开的大豆种子活力调控基因GmSV1在提高大豆种子活力中起到重要作用。具体是通过CRISPR/Cas9系统编辑敲除GmSV1基因，破坏GmSV1基因的生物学功能，获得GmSV1大豆突变体，相对于受体科丰1号，gmsv1‑1和gmsv1‑2突变体后代发芽速率得到显著提高，在萌发第2天，gmsv1‑1和gmsv1‑2发芽率分别提高54.84％(p<0.01)和61.29％(p<0.01)，突变体表现为种子活力显著提高。本发明对于理解大豆种子萌发机制，促进高种子活力的大豆育种进程具有重要作用。",113999856,16.04.2024,南京经纬专利商标代理有限公司 32200,,,,,,,,
CN345741374,202111177080,China,09.10.2021,113801870,17.12.2021,A,"C12N 9/90
					






C12N 15/61
					






C12N 15/84
					






C12N 5/10
					






A01H 5/10
					






A01H 6/46
					








C12N 9/90
					






C12N 15/61
					






C12N 15/84
					






C12N 5/10
					






A01H 5/10
					






A01H 6/46
					






View less classifications","C12N 9/90
					






C12Y 505/01019
					






C12N 15/8218
					






C12N 15/825
					








C12N 9/90
					






C12Y 505/01019
					






C12N 15/8218
					






C12N 15/825
					






View less classifications","INSTITUTE OF CROP SCIENCE, CHINESE ACADEMY OF AGRICULTURAL SCIENCES中国农业科学院作物科学研究所BIOTECHNOLOGY RESEARCH INSTITUTE, CAAS中国农业科学院生物技术研究所",LIU JUN刘君GAO YING高英WANG HUAN王欢SHI TIANTIAN石添添WANG RUI王芮WANG JINGXIN王竞馨CHENG XILIU程溪柳ZHU MENGYUAN朱梦圆WEI YU魏钰LI SHA李莎LIU YUANHANG刘远航,,(EN) Function and application of SiLCYB in regulating and controlling anabolism of millet carotenoids such as lycopene(ZH) SiLCYB调控番茄红素等谷子类胡萝卜素合成代谢的功能及应用,,"(EN) The invention discloses application of protein or a substance for regulating and controlling expression of a gene or a substance for regulating and controlling the activity or content of the protein in regulation and control of millet carotenoids. The gene encodes the protein, and the protein is SiLCYB; and the SiLCYB is the protein with an amino acid sequence as shown in a sequence 1 of a sequence table. An edited strain is obtained through a CRISPR-Cas9 gene editing technology, the regulation and control effect of the SiLCYB gene in the metabolic reaction of the millet carotenoids is determined through metabonomics analysis, and an experimental basis and gene resources are provided for revealing a metabolic pathway regulation and control mechanism of the millet carotenoids and cultivating new germplasm of the millet rich in carotenoid and high in nutritional quality.(ZH) 本发明公开了。本发明公开了蛋白质或调控基因的表达的物质或调控所述蛋白质活性或含量的物质在调控谷子类胡萝卜素中的应用，所述基因编码所述蛋白质，所述蛋白质为SiLCYB；所述SiLCYB是氨基酸序列如序列表中序列1所示的蛋白质。通过CRISPR‑Cas9基因编辑技术获得编辑株系，通过代谢组学分析明确了SiLCYB基因在谷子类胡萝卜素代谢反应中的调控作用，为揭示谷子类胡萝卜素代谢途径调控机制及培育富含类胡萝卜素高营养品质的谷子新种质提供了实验基础和基因资源。",,,北京纪凯知识产权代理有限公司 11245,,,,,,,,
CN403514769,202310414666,China,18.04.2023,116445536,18.07.2023,A,"C12N 15/82
					






C12N 15/66
					






C12N 9/02
					






C12N 15/53
					






A01H 5/10
					






A01H 6/46
					








C12N 15/82
					






C12N 15/66
					






C12N 9/02
					






C12N 15/53
					






A01H 5/10
					






A01H 6/46
					






View less classifications","C12N 15/8261
					






C12N 15/8218
					






C12N 15/66
					






C12N 9/0071
					






C12Y 114/11
					








C12N 15/8261
					






C12N 15/8218
					






C12N 15/66
					






C12N 9/0071
					






C12Y 114/11
					






View less classifications",JIANGSU LIXIAHE REGION AGRICULTURAL RESEARCH INSTITUTE江苏里下河地区农业科学研究所,JIANG ZHENGNING蒋正宁GAO DERONG高德荣ZHANG YONG张勇BIE TONGDE别同德LIU DATONG刘大同WU XUJIANG吴旭江ZHANG XIAO张晓JIANG WEI江伟,,(EN) Wheat DNA demethylase gene TaROS1 gene editing vector and application thereof(ZH) 小麦DNA去甲基化酶基因TaROS1基因编辑载体及其应用,,"(EN) The invention provides a wheat DNA demethylase gene TaROS1 gene editing vector and application thereof, and belongs to the field of crop molecular biology, primers are designed to clone a coding region sequence of TaROS1 from Yangmai 18 young ear cDNA, and the sequences of the coding region sequence of the TaROS1 gene in A, B and D homologous chromosomes are shown as SEQ ID NO.1-3 respectively. A CRISPR/Cas9 vector is used for constructing a gene editing vector containing two TaROS1 target sites and transforming Yangmai 18, and the expression level of the TaROS1 gene is reduced by knocking out the TaROS1 gene, so that the new wheat germplasm with thickened wheat grain aleurone layer cells is obtained. The gene engineering technology is used for improving wheat, and the gene engineering technology has important application value for improving the nutritional quality of wheat.(ZH) 本发明提供了小麦DNA去甲基化酶基因TaROS1基因编辑载体及其应用，属于作物分子生物学领域，本发明设计引物从扬麦18幼穗cDNA中克隆TaROS1的编码区序列，TaROS1基因编码区序列在A、B、D同源染色体中的序列分别如SEQ ID NO.1‑3所示。本发明使用CRISPR/Cas9载体构建包含TaROS1两个靶位点的基因编辑载体并转化扬麦18，通过敲除TaROS1基因，降低TaROS1基因的表达的水平，从而获得小麦籽粒糊粉层细胞增厚的小麦新种质。本发明利用基因工程技术改良小麦，对提高小麦营养品质具有重要的应用价值。",,,南京天华专利代理有限责任公司 32218南京天华专利代理有限责任公司 32218,,,,,,,,
CN405750188,202310504666,China,06.05.2023,116555263,08.08.2023,A,"C12N 15/113
					






C12N 15/84
					






C12N 15/11
					






C12Q 1/6895
					






A01H 5/00
					






A01H 6/54
					








C12N 15/113
					






C12N 15/84
					






C12N 15/11
					






C12Q 1/6895
					






A01H 5/00
					






A01H 6/54
					






View less classifications","C12N 15/1137
					






C12N 15/8205
					






C12N 15/8218
					






C12N 15/8247
					






C12N 15/8261
					






C12Q 1/6895
					






View more classifications
							






C12N 15/1137
					






C12N 15/8205
					






C12N 15/8218
					






C12N 15/8247
					






C12N 15/8261
					






C12Q 1/6895
					






C12N 2310/20
					






View less classifications","INSTITUTE OF CROP SCIENCE, CHINESE ACADEMY OF AGRICULTURAL SCIENCES中国农业科学院作物科学研究所",QIU LIJUAN邱丽娟HE ZIYING何梓莹YU LILI于莉莉QIU HONGMEI邱红梅HONG HUILONG洪慧龙GAO HUAWEI高华伟,,"(EN) Method for constructing sgRNA combination of new soybean variety, method for cultivating new soybean variety and application of sgRNA combination(ZH) 一种用于构建大豆新品种的sgRNA组合及培育大豆新品种的方法和应用",,"(EN) The invention relates to the technical field of gene engineering, and provides an sgRNA combination for constructing a new soybean variety, a method for cultivating the new soybean variety and application. And the sgRNA combination comprises sgRNA-GmLOX1, sgRNA-GmLOX2, sgRNA-GmLOX3, and sgRNA-GmFAD2-1A/B. The invention further discloses a method for preparing the sgRNA combination. According to the invention, soybean GmLOX1, GmLOX2, GmLOX3, GmFAD2-1A and GmFAD2-1B genes are knocked out by using a CRISPR/Cas9 gene editing technology, so that the soybean editing material with high content of oleic acid and low content of lipoxygenase is obtained. And developing a molecular marker according to variation site information to quickly and accurately identify the variation material. The edited material can be used as a soybean material or variety suitable for mechanical harvesting, and valuable gene resources, germplasm resources and a resource identification method are provided for soybean breeding.(ZH) 本发明涉及基因工程技术领域，提供了一种用于构建大豆新品种的sgRNA组合及培育大豆新品种的方法和应用。所述sgRNA组合包括sgRNA‑GmLOX1、sgRNA‑GmLOX2、sgRNA‑GmLOX3和sgRNA‑GmFAD2‑1A/B。本发明利用CRISPR/Cas9基因编辑技术敲除大豆GmLOX1、GmLOX2、GmLOX3、GmFAD2‑1A和GmFAD2‑1B基因，即获得具有高含量油酸和低含量脂氧合酶的大豆编辑材料。并根据变异位点信息开发分子标记对该变异材料进行快速精准鉴定。该编辑材料可作为适合机械化收割的大豆材料或品种，为大豆育种提供了宝贵的基因资源、种质资源和资源鉴定方法。",,,北京睿智保诚专利代理事务所(普通合伙) 11732,,,,,,,,
,,,,,,,,,,,,,,,,,,,,,,,,,
CN280387332,201911017260,China,24.10.2019,110627888,31.12.2019,B,"C07K 14/415
					






C12N 15/29
					






C12N 15/82
					






C12N 15/113
					






C12N 9/22
					






A01H 5/04
					






View more classifications
							






C07K 14/415
					






C12N 15/29
					






C12N 15/82
					






C12N 15/113
					






C12N 9/22
					






A01H 5/04
					






A01H 6/46
					






View less classifications","C07K 14/415
					






C12N 15/113
					






C12N 9/22
					






C12N 15/8261
					






C12N 15/8255
					






C12N 15/8243
					






View more classifications
							






C07K 14/415
					






C12N 15/113
					






C12N 9/22
					






C12N 15/8261
					






C12N 15/8255
					






C12N 15/8243
					






C12N 15/8218
					






C12N 2310/20
					






View less classifications",CHINA AGRICULTURAL UNIVERSITY中国农业大学,LIN ZHONGWEI林中伟ZHANG ZHIHAI张志海ZHANG XUAN张旋,,(EN) Stiff1 gene for regulating maize stalk strength and application of encoded protein of Stiff1 gene(ZH) 一种调控玉米茎秆强度的Stiff1基因及其编码蛋白的应用,,"(EN) The invention discloses a Stiff1 gene for regulating maize stalk strength and application of encoded protein of the Stiff1 gene. The invention provides protein shown in a sequence 2 or a sequence 4 ina sequence listing. Experiments prove that the protein Stiff1 can regulate the stalk bending strength, stalk cellulose content and/or stalk lignin content of plants so as to influence lodging resistance of plants. The Stiff1 gene for regulating maize stalk strength and application of encoded protein of Stiff1 gene can be improved through mutation of the gene in maize by a CRISPR system, so that the lodging resistance of plants can be improved.(ZH) 本发明公开了一种调控玉米茎秆强度的Stiff1基因及其编码蛋白的应用。本发明提供了一种蛋白质，为序列表中序列2所示的蛋白质或序列表中序列4所示的蛋白质。本发明的实验证明，蛋白Stiff1可以调控植物的茎秆弯曲强度、茎秆纤维素含量和/或茎秆木质素含量，从而影响植物的抗倒伏性。用CRISPR系统突变玉米中该基因，可以提高植物茎秆弯曲强度、茎秆纤维素含量和/或茎秆木质素含量，从而提高植物的抗倒伏性。",110627888,16.04.2021,北京纪凯知识产权代理有限公司 11245,,,,,,,,
CN401510636,202310237362,China,13.03.2023,116286742,23.06.2023,B,"C12N 9/22
					






C12N 15/55
					






C07K 19/00
					






C12N 15/62
					






C12N 15/84
					






C12N 15/29
					






View more classifications
							






C12N 9/22
					






C12N 15/55
					






C07K 19/00
					






C12N 15/62
					






C12N 15/84
					






C12N 15/29
					






A01H 5/00
					






A01H 6/20
					






A01H 6/46
					






View less classifications","C12N 9/22
					






C12N 15/8216
					






C12N 15/8243
					






C12N 15/8205
					






C07K 14/415
					






C07K 2319/09
					








C12N 9/22
					






C12N 15/8216
					






C12N 15/8243
					






C12N 15/8205
					






C07K 14/415
					






C07K 2319/09
					






View less classifications","LONGPING BIOTECHNOLOGY (HAINAN) CO., LTD.隆平生物技术（海南）有限公司",LYU YUPING吕玉平LIN MIN林敏ZUO KAIJING左开井JIA ZHIWEI贾志伟ZHANG NIAN张念LI XIAOJIAO李晓娇WANG JIN王劲YAN YONGLIANG燕永亮,,"(EN) CasD protein, CRISPR/CasD gene editing system and application of CRISPR/CasD gene editing system in plant gene editing(ZH) CasD蛋白、CRISPR/CasD基因编辑系统及其在植物基因编辑中的应用",,"(EN) The invention belongs to the technical field of plant gene editing, and particularly relates to CasD protein, a CRISPR/CasD gene editing system and application of the CRISPR/CasD gene editing system. The Cas gene of the gene editing system comes from deinococcus radiodurans and extreme archaea, the Cas gene is artificially modified to form a nucleic acid nucleoprotein complex formed by encoding CasD protein and gRNA, a target gene sequence can be accurately targeted and cut, so that double-strand breakage (DSB) of the target gene DNA sequence occurs, and the DSB activates an endogenous repair pathway of plant cells, so that the gene editing efficiency is improved. The change of a target gene sequence is caused, so that gene editing is caused. The CasD protein provided by the invention has a specific amino acid sequence, and the CRISPR/CasD gene editing system provided by the invention can identify a wider PAM sequence, is high in cutting efficiency and low in off-target property, and has a wide application prospect in the field of gene editing.(ZH) 本发明属于植物基因编辑技术领域，具体涉及CasD蛋白、CRISPR/CasD基因编辑系统及其应用。本发明基因编辑系统的Cas基因来自耐辐射奇球菌与极端古菌，经过人工改造形成编码CasD蛋白，与gRNA形成的核酸核蛋白复合体，能精确靶向目标基因序列并产生切割，使所述靶基因DNA序列发生双链断裂(DSB)，DSB激活植物细胞的内源修复途径，造成靶标基因序列的改变，从而造成基因编辑。本发明的CasD蛋白具有特定的氨基酸序列，并且本发明的CRISPR/CasD基因编辑系统能够识别更广泛的PAM序列，且切割效率高、脱靶性低，在基因编辑领域中具有广泛的应用前景。",116286742,17.11.2023,北京知汇林知识产权代理事务所(普通合伙) 11794,,,,2022112017563 29.09.2022 CN,,,,
CN376170672,202210650148,China,10.06.2022,115109796,27.09.2022,B,"C12N 15/82
					






C12N 15/29
					






A01H 1/02
					






A01H 1/04
					






A01H 5/00
					






A01H 6/46
					








C12N 15/82
					






C12N 15/29
					






A01H 1/02
					






A01H 1/04
					






A01H 5/00
					






A01H 6/46
					






View less classifications","C07K 14/415
					






C12N 15/8216
					






C12N 15/8287
					






A01H 1/02
					






A01H 1/045
					






A01H 1/12
					








C07K 14/415
					






C12N 15/8216
					






C12N 15/8287
					






A01H 1/02
					






A01H 1/045
					






A01H 1/12
					






View less classifications",ANHUI ACADEMY OF AGRICULTURAL SCIENCES安徽省农业科学院水稻研究所NANJING AGRICULTURAL UNIVERSITY南京农业大学,ZHOU KUNNENG周坤能LI ZEFU李泽福LIU FENG刘峰XIA JIAFA夏加发YANG HUITING杨慧婷YUN PENG云鹏WANG YUANLEI王元垒MA TINGCHEN马廷臣ZHANG CAIJUAN张彩娟,,(EN) Construction method and application of recessive genic male sterility rice germplasm(ZH) 一种隐性核不育水稻种质的构建方法及其应用,,"(EN) The invention discloses a construction method and application of recessive genic male sterility rice germplasm, and relates to the technical field of rice breeding. A rice OsTKPR1 gene sequence shown in SEQ ID NO.3 is used as a template, the 3434th site of the sequence is used as a target site according to CRISPR-Cas9 technical requirements, and an sgRNA sequence is designed according to the target site and upstream and downstream sequences of the target site; and connecting a DNA (Deoxyribose Nucleic Acid) fragment containing the encoded sgRNA sequence to a CRISPR-Cas9 (Clustered Regularly Interspaced Short Palindromic Repeats-CRISPR-Cas9) gene According to the invention, a conventional CRISPR-Cas9 gene site-directed mutagenesis technology is utilized to carry out directed transformation on the rice OsTKPR1 gene, an obtained mutant plant is used as a rice recessive genic male sterility plant, and the rice recessive genic male sterility plant can be utilized to complete rapid breeding of a high-coordination rice three-line sterile line and rapid creation of excellent rice germplasm; the construction period of excellent rice varieties is greatly accelerated, and the method has important application value in the aspect of breeding.(ZH) 本发明公开了一种隐性核不育水稻种质的构建方法及其应用，涉及水稻育种技术领域，以如SEQIDNO.3所示的水稻OsTKPR1基因序列为模板，根据CRISPR‑Cas9技术要求，以所述序列的第3434位点为靶位点，根据该靶位点及其上下游序列设计sgRNA序列，将含有编码所述sgRNA序列的DNA片段连接至CRISPR‑Cas9基因编辑载体上，获得重组载体。本发明利用常规CRISPR‑Cas9基因定点突变技术对水稻OsTKPR1基因进行定向改造，获得突变体植株作为水稻隐性核不育植株，利用该水稻隐性核不育植株可以完成高配合水稻三系不育系的快速选育和优异水稻种质的快速创制，大大加速优异水稻品种的构建周期，在育种方面具有重要应用价值。",115109796,16.01.2024,合肥中谷知识产权代理事务所(普通合伙) 34146,,,,,,,,
CN425348422,202311347930.X,China,17.10.2023,117625602,01.03.2024,A,"C12N 15/113
					






C12N 15/82
					






A01H 5/00
					






A01H 6/46
					








C12N 15/113
					






C12N 15/82
					






A01H 5/00
					






A01H 6/46
					






View less classifications","C07K 14/415
					






C12N 15/113
					






C12N 15/8261
					






C12N 2310/20
					






C12N 2830/34
					








C07K 14/415
					






C12N 15/113
					






C12N 15/8261
					






C12N 2310/20
					






C12N 2830/34
					






View less classifications",SOUTH CHINA AGRICULTURAL UNIVERSITY华南农业大学,GUO JINGXIN郭晶心LUO YANQIU罗燕秋LI SHENGTING李盛婷ZONG WUBEI宗伍辈XIE XIANRONG谢先荣,,(EN) Method for delaying heading period of rice and improving yield based on editing rice Ehd1 gene promoter region(ZH) 一种基于编辑水稻Ehd1基因启动子区的延迟水稻抽穗期和提高产量的方法,,"(EN) The invention discloses application of an Ehd1 gene promoter core sequence in delaying the heading stage of rice and improving agronomic traits. Through epigenetic multiomics and cis-element analysis of the Ehd1 promoter, a large number of deletion experiments based on a CRISPR/Cas9 system and analysis of agronomic traits such as heading period and yield of gene editing rice, a key core promoter region influencing Ehd1 gene expression is found, and through sequence deletion of the region, the expression of the Ehd1 gene is optimized. The rice heading period can be properly delayed, and the yield and other agronomic characters of rice can be improved. According to the technical scheme, materials with excellent heading stage and agronomic traits can be screened from the T2 generation and applied to subsequent breeding, so that the breeding period is greatly shortened, the adaptability of excellent rice varieties to different regions and seasons is improved, and the method has important significance in expanding the planting range of the excellent varieties and increasing the yield and has wide application prospects. And a new strategy is provided for crop breeding improvement.(ZH) 本发明公开了Ehd1基因启动子核心序列在延迟水稻抽穗期和提升农艺性状中的应用。本发明通过对Ehd1启动子的表观遗传多组学和顺式元件分析，和大量基于CRISPR/Cas9系统的删除实验，以及对基因编辑水稻的抽穗期和产量等农艺性状的分析，发现了影响Ehd1基因表达的关键核心启动子区域，通过对该区域的序列删除，可以适当延迟水稻抽穗期，提升水稻的产量等农艺性状。本发明的技术方案在T<subgt;2</subgt;代即可筛选出抽穗期和农艺性状优良的材料应用于后续育种，极大地缩短了育种年限，提高了优良水稻品种对不同地区和季节的适应能力，对扩大优良品种的种植范围和提高产量有重要意义，为作物育种改良提供一种新策略。",,,广州粤高专利商标代理有限公司 44102,,,,,,,,
,,,,,,,,,,,,,,,,,,,,,,,,,
CN334871680,202110508398,China,10.05.2021,113265418,17.08.2021,B,"C12N 15/82
					






C12N 15/55
					






C12N 15/29
					






A01H 5/02
					






A01H 5/04
					






A01H 5/00
					






View more classifications
							






C12N 15/82
					






C12N 15/55
					






C12N 15/29
					






A01H 5/02
					






A01H 5/04
					






A01H 5/00
					






A01H 6/54
					






C12Q 1/6895
					






C12N 15/11
					






View less classifications","C12N 15/8218
					






C12N 15/827
					






C12N 15/8261
					






C12N 15/8205
					






C12N 9/22
					






C07K 14/415
					






View more classifications
							






C12N 15/8218
					






C12N 15/827
					






C12N 15/8261
					






C12N 15/8205
					






C12N 9/22
					






C07K 14/415
					






C12Q 1/6895
					






C12Q 2600/156
					






C12Q 2600/13
					






View less classifications",GUANGZHOU UNIVERSITY广州大学,KONG FANJIANG孔凡江YANG HUI杨慧KOU KUN寇坤,,(EN) Method for specifically knocking out soybean SOC1 gene by CRISPR/Cas9 and application of method(ZH) 一种CRISPR/Cas9特异性敲除大豆SOC1基因的方法及其应用,,"(EN) The invention belongs to the field of plant genetic engineering, and particularly relates to a method for specifically knocking out a soybean SOC1 gene through CRISPR/Cas9 and application of the method. The CRISPR/Cas9 knockout vector capable of simultaneously performing targeted editing on coding regions of homologous genes SOC1a and SOC1b in the soybean is obtained through construction, and the knockout vector is subjected to stable genetic transformation by utilizing an agrobacterium-mediated method to obtain a homozygous soc1a1b double-mutant soybean plant. Compared with a control soybean plant, the soc1a1b double mutant plant shows obvious phenotypes of delayed flowering period and mature period and increased node number, and the soybean yield and the regional adaptability of varieties are remarkably improved.(ZH) 本发明属于植物基因工程领域，具体涉及一种CRISPR/Cas9特异性敲除大豆SOC1基因的方法及其应用。通过构建得到同时靶向编辑大豆中同源基因SOC1a和SOC1b编码区的CRISPR/Cas9敲除载体，将该敲除载体利用农杆菌介导法进行稳定遗传转化，获得纯合soc1a1b双突变体大豆植株。与对照大豆植株相比，soc1a1b双突变体植株表现出明显的开花期和成熟期延迟、节数增加的表型，显著提高了大豆产量和品种的区域适应性。",113265418,07.03.2023,广州三环专利商标代理有限公司 44202,,,,,,,,
,,,,,,,,,,,,,,,,,,,,,,,,,
CN346893609,202110885203,China,03.08.2021,113832180,24.12.2021,B,"C12N 15/84
					






C12N 15/29
					






A01H 5/00
					






A01H 6/60
					








C12N 15/84
					






C12N 15/29
					






A01H 5/00
					






A01H 6/60
					






View less classifications","C12N 15/8216
					






C12N 15/8203
					






C07K 14/415
					








C12N 15/8216
					






C12N 15/8203
					






C07K 14/415
					






View less classifications",HUAZHONG AGRICULTURAL UNIVERSITY华中农业大学,JIN SHUANGXIA金双侠ZHANG XIANLONG张献龙ZOU JIAWEI邹佳威,,(EN) CRISPR/Cas13b-mediated cotton RNA transcription regulation method(ZH) CRISPR/Cas13b介导的棉花RNA转录调控方法,,"(EN) The invention belongs to the technical field of plant genetic engineering, and discloses a CRISPR/Cas13b-mediated cotton RNA transcription regulation method. The method comprises the following steps: modifying a carrier containing a cotton endogenous promoter, replacing original nCas9+Tad protein with a PbuCas13b protein, and constructing a carrier CRISPR/PbuCas13b with RNA editing ability in cotton; selecting ghCLA and GhPGF as target genes to verify the application of the CRISPR/PbuCas13b to the cotton; and designing a target, introducing a single base editing system into a cotton genome by utilizing agrobacterium-mediated genetic transformation, performing qRT-PCR on a transgenic plant, and detecting the editing efficiency of CRISPR/PbuCas13b in an allotetraploid cotton genome by taking jin668 as a contrast. The transformation carrier can be applied to upland cotton genome editing.(ZH) 本发明属于植物基因工程技术领域，公开了一种CRISPR/Cas13b介导的棉花RNA转录调控方法，对含有棉花内源启动子载体进行改造，以PbuCas13b蛋白取代原有的nCas9+Tad蛋白，构建在棉花中具有RNA编辑能力的载体CRISPR/PbuCas13b；选取GhCLA和GhPGF为目标基因验证CRISPR/PbuCas13b在棉花中的应用；设计靶标，利用农杆菌介导的遗传转化将单碱基编辑系统导入棉花基因组，对转基因植株进行qRT‑PCR，以jin668为对照，检测CRISPR/PbuCas13b在异源四倍体棉花基因组中的编辑效率。本发明的转化载体可在陆地棉基因组编辑中应用。",113832180,28.06.2024,北京国坤专利代理事务所(普通合伙) 11491,,,,,,,,
CN431136860,202410468499,China,18.04.2024,118126981,04.06.2024,B,"C12N 9/12
					






C12N 15/82
					






A01H 5/00
					






A01H 6/78
					






C12Q 1/6895
					






C12Q 1/6869
					






View more classifications
							






C12N 9/12
					






C12N 15/82
					






A01H 5/00
					






A01H 6/78
					






C12Q 1/6895
					






C12Q 1/6869
					






C12N 15/113
					






View less classifications","C12N 9/1205
					






C12Y 207/01
					






C12N 15/8281
					






C12N 15/8218
					






C12Q 1/6895
					






C12Q 1/6869
					






View more classifications
							






C12N 9/1205
					






C12Y 207/01
					






C12N 15/8281
					






C12N 15/8218
					






C12Q 1/6895
					






C12Q 1/6869
					






C12N 15/113
					






C12Q 2600/13
					






View less classifications",WEST (CHONGQING) SCIENCE CITY GERMPLASM CREATION AND SYSTEM BIG SCIENCE CENTER西部（重庆）科学城种质创制大科学中心,ZOU XIUPING邹修平DONG LITING董丽婷SHANG LANYUE商兰月MO KAIQIN莫凯琴DU MEIXIA杜美霞XU LANZHEN许兰珍LONG QIN龙琴LI QIANG李强HE YONGRUI何永睿,,(EN) Method for improving citrus liberobacter asiaticum resistance by using CsMEKK1-2 gene(ZH) 一种利用CsMEKK1-2基因提高柑橘耐黄龙病的方法,,"(EN) The invention discloses a method for improving citrus liberobacter asiaticum resistance by using a CsMEKK1-2 gene, which comprises the following steps: down-regulating the expression level of the CsMEKK1-2 gene in citrus cells by using an RNAi interference vector or carrying out site-directed mutagenesis on the CsMEKK1-2 gene by using a CRISPR/Cas9 technology so as to lose the function of protein encoded by the CsMEKK1-2 gene, and comprises the following specific steps: cloning a citrus CsMEKK1-2 gene sequence; the method comprises the following steps: constructing an RNAi interference vector and a CRISPR/Cas9 mutation vector; the plant expression vector transforms citrus to obtain a transgenic plant. The citrus CsMEKK1-2 gene coding sequence is cloned, an RNAi interference vector or a CRISPR/Cas9 mutant vector is constructed, and then citrus is transformed, so that the attack degree of the obtained transgenic plant hairy root huanglongbing is remarkably reduced, the resistance of the citrus to the huanglongbing can be remarkably improved, the phenotype of the transgenic plant is not influenced, and the application of the citrus CsMEKK1-2 gene to the field of genetic engineering is facilitated. The gene has a great application value in citrus liberobacter asiaticum-resistant breeding, and can be used as a candidate gene for liberobacter asiaticum-resistant breeding with a plurality of liberobacter asiaticum-resistant and susceptible genes.(ZH) 本发明公开了一种利用CsMEKK1‑2基因提高柑橘耐黄龙病的方法，包括采用RNAi干扰载体下调CsMEKK1‑2基因在柑橘细胞中的表达水平或者利用CRISPR/Cas9技术定点突变CsMEKK1‑2基因，使由CsMEKK1‑2基因编码的蛋白功能丧失，具体步骤为：克隆柑橘CsMEKK1‑2基因序列；构建RNAi干扰载体和CRISPR/Cas9突变载体；植物表达载体转化柑橘，得到转基因植株。本发明通过克隆柑橘CsMEKK1‑2基因编码序列，构建RNAi干扰载体或者CRISPR/Cas9突变载体，然后转化柑橘，得到的转基因植株毛状根黄龙病的发病程度显著减轻，能够显著提高柑橘对黄龙病的抗性，并且不影响转基因植株的表型，在柑橘抗黄龙病育种中具有重大的应用价值，可以作为候选基因同多个黄龙病抗、感病基因进行黄龙病抗性育种。",118126981,12.11.2024,成都行之专利代理有限公司 51220,,,,,,,,
CN232511154,201810495827,China,22.05.2018,108660150,16.10.2018,A,"C12N 15/82
					






A01H 5/00
					






A01H 6/46
					








C12N 15/82
					






A01H 5/00
					






A01H 6/46
					






View less classifications","C12N 15/8218
					






C12N 15/8273
					








C12N 15/8218
					






C12N 15/8273
					






View less classifications",SHANDONG RICE RESEARCH INSTITUTE山东省水稻研究所,XIE XIANZHI谢先芝ZHENG CHONGKE郑崇珂XIE LIXIA解丽霞ZHOU JINJUN周晋军SUN WEI孙伟CUI LIXIN崔立新JU PEINA鞠培娜,,(EN) Method for improving rice salt resistance(ZH) 一种提高水稻耐盐能力的方法,,"(EN) The invention discloses a method for improving rice salt resistance. The method comprises the following steps: by using a CRISPR/Cas9 (Clustered Regularly Interspaced Short Palindromic Repeat/Cas9) technique, designing and synthesizing a spacer DNA (Deoxyribonucleic Acid) sequence with a highly specific rice PHYB (Phytochrome B) gene, cloning on a pOs-sgRNA vector, carrying out homologous exchangecloning on a pOs-Cas9 vector, transforming into a Yanfeng 47 cultured rice variety, carrying out backcross and selfing on obtained plants, and screening transgenic homozygous strains without vector sequence but only PHYB gene target sequence variants. Under treatment conditions of 200mM NaCl, the survival rate of a PHYB-CRISPR strain is 80-85%, the survival rate of a reference acceptor rice variety is about 5%, and the result shows that the PHYB-CRISPR strain has remarkably improved salt resistance.(ZH) 本发明公开了一种提高水稻耐盐能力的方法。本发明利用CRISPR/Cas9技术，设计合成水稻PHYB基因高度特异的spacerDNA序列，克隆在pOs‑sgRNA载体上，再通过同源交换克隆至pOs‑Cas9载体上，然后转化至盐丰47栽培水稻品种中，得到的株系通过回交和自交，筛选没有载体序列、只有PHYB基因靶序列变异的转基因纯合株系。在200mM NaCl处理条件下，PHYB‑CRISPR株系的存活率为80～85％，而对照受体水稻品种的存活率约5％。说明PHYB‑CRISPR株系的耐盐性显著提高。",,,济南诚智商标专利事务所有限公司 37105,,,,,,,,
CN276929866,201910659379.X,China,22.07.2019,110423751,08.11.2019,B,"C12N 15/113
					






C12N 15/82
					






A01H 5/02
					






A01H 6/46
					








C12N 15/113
					






C12N 15/82
					






A01H 5/02
					






A01H 6/46
					






View less classifications","C07K 14/415
					






C12N 15/113
					






C12N 15/8213
					






C12N 15/827
					






C12N 2310/10
					






C12N 2310/20
					








C07K 14/415
					






C12N 15/113
					






C12N 15/8213
					






C12N 15/827
					






C12N 2310/10
					






C12N 2310/20
					






View less classifications",JIANGHAN UNIVERSITY江汉大学,LI TIANTIAN李甜甜HUA MENGTING花梦婷GAO LIFEN高利芬CHEN LIHONG陈利红PENG HAI彭海ZHOU JUNFEI周俊飞LI LUN李论FANG ZHIWEI方治伟,,(EN) Method and kit for promoting flowering time of rice and mutation genotypes(ZH) 用于提早水稻开花时间的方法、试剂盒、突变基因型,,"(EN) The invention discloses a method and a kit for promoting flowering time of rice and mutation genotypes. The invention provides a method for achieving early flowering of rice by editing OsFBO14 gene sequences with CRISPR-Cas9 method and discloses genotype sequences having early flowering traits of rice after editing. The method of the invention mutates F-box protein-encoding genes OsFBO14 of rice with CRISPR/Cas9 method and discovers the regulation effect of the OsFBO14 genes on flowering time of rice. By CRISPR/Cas9 gene editing method, the rice can flower in advance, thereby shortening growthperiod of rice, reducing planting cost and improving ecological adaptability of rice. The invention also provides the OsFBO14 mutation genotypes of gene-edited plants with early flowering time, and these mutation genotype sequences can promote rice to flower in advance, and be used to improve flowering traits of rice.(ZH) 本发明公开了一种提早水稻开花时间的方法、试剂盒、突变基因型。本发明提供了利用CRISPR‑Cas9方法编辑OsFBO14基因序列，实现水稻提早开花的方法，同时公开了编辑后具有水稻早花性状的基因型序列。本发明通过利用CRISPR/Cas9方法突变水稻F‑box蛋白编码基因OsFBO14，发现了OsFBO14基因对水稻开花时间的调控作用。利用CRISPR/Cas9基因编辑的方法，可以提早水稻的开花时间，从而可以缩短水稻生育期，减少种植成本，提高水稻的生态适应性。本发明还提供了开花时间提早的基因编辑植株的OsFBO14突变基因型，这些突变基因型序列能够造成水稻开花时间的提早，可以用来改良水稻开花期性状。",110423751,18.05.2021,武汉科皓知识产权代理事务所(特殊普通合伙) 42222,,,,,,,,
CN344455101,202110996362,China,27.08.2021,113717960,30.11.2021,B,"C12N 9/22
					






C12N 15/55
					






C12N 15/84
					






A01H 5/00
					






A01H 6/46
					








C12N 9/22
					






C12N 15/55
					






C12N 15/84
					






A01H 5/00
					






A01H 6/46
					






View less classifications","C12N 9/22
					






C12N 15/8216
					






Y02A 50/30
					








C12N 9/22
					






C12N 15/8216
					






Y02A 50/30
					






View less classifications",UNIVERSITY OF ELECTRONIC SCIENCE AND TECHNOLOGY OF CHINA电子科技大学,ZHANG YONG张勇ZHONG ZHAOHUI仲昭辉ZHOU JIANPING周建平ZHENG XUELIAN郑雪莲TANG XU唐旭,,"(EN) Novel Cas9 protein, CRISPR-Cas9 genome directed editing vector and genome editing method(ZH) 一种新Cas9蛋白、CRISPR-Cas9基因组定向编辑载体及基因组编辑方法",,"(EN) The invention belongs to the field of gene engineering and particularly relates to a novel Cas9 protein, a CRISPR-Cas9 genome directed editing vector and a genome editing method. The technical problem to be solved by the invention is that the number of developed CRISPR-Cas systems is still small at present. The technical scheme for solving the technical problem is to provide a novel Cas9 nuclease protein which has the capability of recognizing a 5'-NGAA-3' PAM site. Simple, rapid and efficient genome directed modification can be carried out on plants, even genome editing, directed modification and expression regulation and control on various positions (particularly non-coding sequences) in a genome can be achieved, and thus, the application prospect is relatively good.(ZH) 本发明属于基因工程领域，具体涉及一种新的Cas9蛋白、CRISPR‑Cas9基因组定向编辑载体和基因组编辑方法。本发明要解决的技术问题是目前已经开发的CRISPR‑Cas系统仍然较少。本发明解决上述技术问题的技术方案是提供一种新的Cas9核酸酶蛋白，其具有识别5’‑NGAAA‑3’PAM位点的能力。可以针对植物进行简单、快捷、高效的基因组定向修饰，甚至可以实现针对基因组中的多样位置(特别是非编码序列)实现基因组编辑、定向修饰及表达调控，具有较好的应用前景。",113717960,18.07.2023,成都极纬知识产权代理有限公司 51320成都极纬知识产权代理有限公司 51320,,,,,,,,
,,,,,,,,,,,,,,,,,,,,,,,,,
CN374856635,202210631019,China,06.06.2022,115011609,06.09.2022,B,"C12N 15/29
					






C12N 1/21
					






C07K 14/415
					






C12N 15/84
					






A01H 5/00
					






A01H 6/20
					






View more classifications
							






C12N 15/29
					






C12N 1/21
					






C07K 14/415
					






C12N 15/84
					






A01H 5/00
					






A01H 6/20
					






C12R 1/01
					






View less classifications","C12N 15/8289
					






C12N 15/8218
					






C12N 15/8205
					






C07K 14/415
					








C12N 15/8289
					






C12N 15/8218
					






C12N 15/8205
					






C07K 14/415
					






View less classifications",JIANGSU UNIVERSITY江苏大学,ZHU KEMING朱克明DING PENG丁鹏GAO YUE高月JIANG TING姜婷TAN XIAOLI谭小力,,"(EN) BnaFANCM gene, application and method for obtaining rape male sterility mutant(ZH) BnaFANCM基因、应用及获得油菜雄性不育突变体的方法",,"(EN) The invention provides a BnaFANCM gene, application and a method for obtaining a rape male sterility mutant, and relates to the technical field of plant gene editing and plant breeding. The method comprises the following steps: firstly, obtaining two homologous sequences BnaFANCM-C05 and BnaFANCM-A05 of the FANCM; the method comprises the following steps: designing target spots Target1 and Target2 of CRISPR (Clustered Regularly Interspaced Short Palindromic Repeats)/Cas9 according to a sequence of a BnaFANCM-C05 gene; then, a recombinant vector pKSE401-BnaFANCM-CRISPR obtained by fusing the Target1 and the sgRNA and a recombinant vector pKSE401-BnaFANCM-CRISPR obtained by fusing the Target2 and the sgRNA respectively are constructed; and infecting the rape with the GV3101 containing the pKSE401-BnaFANCM-CRISPR vector, so as to obtain a transgenic plant. According to the invention, the brassica napus BnaFANCM gene is edited by utilizing a CRISPR/Cas9 system, so that a new male sterile rape germplasm resource is created, and the method not only has a wide application prospect in the utilization of hybrid vigor of the rape, but also has a wide application prospect in the creation of new germplasm.(ZH) 本发明提供BnaFANCM基因、应用及获得油菜雄性不育突变体的方法，涉及植物基因编辑和植物育种技术领域；本发明首先获得2个FANCM的同源序列BnaFANCM‑C05和BnaFANCM‑A05；根据BnaFANCM‑C05基因的序列设计CRISSPR/Cas9的靶点Target1和Target2；然后构建Target1和Target2分别与sgRNA融合的重组载体pKSE401‑BnaFANCM‑CRISPR；含有pKSE401‑BnaFANCM‑CRISPR载体的GV3101侵染油菜，获得转基因植株。本发明利用CRISPR/Cas9系统对甘蓝型油菜BnaFANCM基因进行编辑，进而创制新的雄性不育的油菜种质资源，其不仅在油菜杂种优势利用中具有广阔的应用前景，而且在新种质创制方面也有广阔的应用前景。",115011609,19.03.2024,南京智造力知识产权代理有限公司 32382,,,,,,,,
,,,,,,,,,,,,,,,,,,,,,,,,,
CN370167585,202011535209.X,China,23.12.2020,114736919,12.07.2022,B,"C12N 15/84
					






C12N 9/88
					






C12N 15/60
					






A01H 5/00
					






A01H 5/12
					






A01H 6/46
					








C12N 15/84
					






C12N 9/88
					






C12N 15/60
					






A01H 5/00
					






A01H 5/12
					






A01H 6/46
					






View less classifications","C12N 15/8273
					






C12N 15/8218
					






C12N 9/88
					






C12Y 402/01001
					








C12N 15/8273
					






C12N 15/8218
					






C12N 9/88
					






C12Y 402/01001
					






View less classifications",CHINA AGRICULTURAL UNIVERSITY中国农业大学,WANG YU王瑜GONG ZHIZHONG巩志忠YANG XINXIN杨欣欣,,(EN) Method for cultivating drought-resistant corn by editing carbonic anhydrase gene and application thereof(ZH) 通过编辑碳酸酐酶基因培育抗旱玉米的方法及其应用,,"(EN) The invention discloses a method for cultivating drought-resistant corn, which comprises the step of knocking out carbonic anhydrase genes in target corn to obtain the drought-resistant corn of which the drought resistance is higher than that of the target corn. After the carbonic anhydrase gene provided by the invention is mutated by a CRISPR-Cas9 gene editing technology, the growth of a mutant plant under a drought treatment condition is obviously superior to that of a control plant, which shows that the carbonic anhydrase gene mutation can obviously improve the drought resistance of the plant. In the embodiment of the invention, a drought-resistant plant is obtained by adopting a CRISPR-Cas9 gene editing technology, compared with a traditional breeding mode, the time is short, the purposiveness is strong, a gene resource is provided for cultivating and improving a new variety of the drought-resistant plant, and a theoretical basis is provided for illuminating a molecular mechanism of the carbonic anhydrase gene in plant drought stress signal response.(ZH) 本发明公开了一种培育抗旱玉米的方法，包括敲除目的玉米中碳酸酐酶基因，得到抗旱能力高于所述目的玉米的抗旱玉米。本发明提供的碳酸酐酶基因经CRISPR‑Cas9基因编辑技术突变后，干旱处理条件下突变体植株生长明显优于对照植株，说明碳酸酐酶基因突变能够显著提高植物抗旱性。本发明实例中采用CRISPR‑Cas9基因编辑技术获得了抗旱的植株，与传统育种方式相比时间短，目的性强，为培育和改良抗旱植物新品种提供了基因资源，为阐明碳酸酐酶基因在植物干旱逆境信号应答中的分子机制提供了理论依据。",114736919,11.08.2023,北京纪凯知识产权代理有限公司 11245,,,,,,,,
CN406241633,202310549093,China,16.05.2023,116622726,22.08.2023,A,"C12N 15/29
					






C07K 14/415
					






C12N 15/82
					






A01H 5/00
					






A01H 6/82
					








C12N 15/29
					






C07K 14/415
					






C12N 15/82
					






A01H 5/00
					






A01H 6/82
					






View less classifications","C07K 14/415
					






C12N 15/8261
					






C12N 15/8243
					






C12N 15/8216
					








C07K 14/415
					






C12N 15/8261
					






C12N 15/8243
					






C12N 15/8216
					






View less classifications","CHINA TOBACCO YUNNAN INDUSTRIAL CO., LTD.云南中烟工业有限责任公司",XU LI许力XU YONG许永LI XUEMEI李雪梅GAO XI高茜CHENG CHANGXIN程昌新JIANG JIARUI蒋佳芮MI QILI米其利XIANG HAIYING向海英ZENG WANLI曾婉俐KONG WEISONG孔维松YANG YEKUN杨叶昆,,(EN) Tobacco potassium ion channel gene NtKAT3 and application thereof(ZH) 一种烟草钾离子通道基因NtKAT3及其应用,,"(EN) The invention relates to a tobacco potassium ion channel gene NtKAT3. The nucleotide sequence of the tobacco potassium ion channel gene NtKAT3 is as shown in SEQ ID NO. 1. According to the tobacco potassium ion channel gene NtKAT3 provided by the invention, a CRISPR/Cas9 editing vector for knocking out the NtKAT3 gene is constructed by virtue of a CRISPR/Cas9 mediated gene editing technology, and a tobacco plant with the NtKAT3 gene edited is obtained after genetic transformation. Under the MS culture condition, the topping plant height, the waist leaf length, the waist leaf width and the natural plant height of the mature tobacco plant with the gene edited are all lower than those of the tobacco plant with the gene not edited. Meanwhile, the potassium content in the NtKAT3 gene editing plant is determined, and it is found that the potassium content in the gene editing plant in the squaring stage, the topping stage and the mature stage is lower than that of the tobacco plant with the gene not edited. A genetic material and a theoretical basis are provided for researching tobacco growth and development and yield quality related gene functions.(ZH) 本发明涉及一种烟草钾离子通道基因NtKAT3，其核苷酸序列如SEQ ID NO.1所示。本发明提供的一种烟草钾离子通道基因NtKAT3，通过CRISPR/Cas9介导的基因编辑技术，构建了用于敲除NtKAT3基因的CRISPR/Cas9编辑载体，经遗传转化后获得了NtKAT3基因发生编辑的烟草植株。在MS培养条件下，所述基因发生编辑的成熟期烟草植株的打顶株高、腰叶长、腰叶宽及自然株高均低于基因未发生编辑的烟草植株。同时对NtKAT3基因编辑植株中钾含量进行测定，发现在现蕾期、打顶期、成熟期基因编辑植株中钾含量均低于基因未发生编辑的烟草植株。这为研究烟草生长发育与产量品质相关基因功能提供了遗传材料和理论依据。",,,北京市领专知识产权代理有限公司 11590,,,,,,,,
CN314067486,201911304476,China,17.12.2019,112094862,18.12.2020,B,"C12N 15/82
					






A01H 5/00
					






A01H 6/60
					






A01H 1/02
					








C12N 15/82
					






A01H 5/00
					






A01H 6/60
					






A01H 1/02
					






View less classifications","C12N 15/8213
					






C12N 15/8289
					






A01H 1/02
					








C12N 15/8213
					






C12N 15/8289
					






A01H 1/02
					






View less classifications",HUAZHONG AGRICULTURAL UNIVERSITY华中农业大学,MIN LING闵玲ZHANG JUN张军XU XIAOLAN徐孝兰LI NING李宁ZHANG XIANLONG张献龙GUO XIAOPING郭小平,,(EN) Method for creating marked male sterile line of cotton(ZH) 一种带有标记的棉花雄性不育系的创制方法,,"(EN) The invention belongs to the technical field of botanical genetic engineering and particularly relates to a method for creating a marked male sterile line of cotton. According to the method provided by the invention, the male sterile line of cotton with novel marks is created by utilizing a system CRISPR-Cas9. The method is characterized in that target loci sgRNA1 and sgRNA2 specifically aimed ata gene GhEMS1 are selected and are stably expressed in the cotton with a protein Cas9, thereby obtaining the male sterile line of cotton with the novel marks. Surfaces of anthers of transgenic regenerated plants are accompanied with black spot phenotypes which can be stably inherited to next generation, and sterility is stable. The method has the advantages that the defect of the traditional hybridizing by an artificial castration method that time and labor are consumed is overcome, and sterile plants are accompanied with black spot marks, so that early determining of the sterile plants is facilitated.(ZH) 本发明属于植物基因工程技术领域，具体涉及一种带有标记的棉花雄性不育系的创制方法。本发明提供利用CRISPR‑Cas9系统创造带有新型标记的棉花雄性不育系。本发明的特征在于，选取特异针对GhEMS1基因的靶位点sgRNA1、sgRNA2，与Cas9蛋白在棉花内稳定表达，获得带有新型标记的棉花雄性不育系。转基因再生植株的花药表面带有黑斑表型可稳定地遗传至下一代，且不育性稳定。本发明的优点在于克服了传统人工去雄方法做杂交费时费力的缺陷，并且不育株带有黑斑标记，便于早期确定不育株。",112094862,19.04.2022,深圳泛航知识产权代理事务所(普通合伙) 44867,,,,,,,,
CN370574256,202210226451,China,16.05.2022,114774426,22.07.2022,A,"C12N 15/29
					






C07K 14/415
					






C12N 15/84
					






A01H 5/00
					






A01H 6/82
					








C12N 15/29
					






C07K 14/415
					






C12N 15/84
					






A01H 5/00
					






A01H 6/82
					






View less classifications","C07K 14/415
					






C12N 15/8273
					






C12N 15/8251
					






C12N 15/825
					






C12N 15/8245
					






C12N 15/8243
					






View more classifications
							






C07K 14/415
					






C12N 15/8273
					






C12N 15/8251
					






C12N 15/825
					






C12N 15/8245
					






C12N 15/8243
					






C12N 15/8218
					






View less classifications","CHINA TOBACCO YUNNAN INDUSTRIAL CO., LTD.云南中烟工业有限责任公司",XU LI许力XU YONG许永LI XUEMEI李雪梅KONG WEILING孔维玲GAO XI高茜MI QILI米其利LIU XIN刘欣YANG WENWU杨文武JIANG JIARUI蒋佳芮XIANG HAIYING向海英ZENG WANLI曾婉俐ZHANG JIANDUO张建铎DENG LELE邓乐乐YANG GUANGYU杨光宇,,(EN) Application and method of tobacco osmomodulin related gene(ZH) 一种烟草渗调蛋白相关基因的应用及方法,,"(EN) The invention relates to an application and a method of a tobacco osmomodulin related gene, and belongs to the technical field of plant genetic engineering. According to the invention, a CRISPR/Cas9 mediated gene editing technology is adopted to construct a CRISPR/Cas9 editing vector for knocking out an osmomodulating protein gene, and after genetic transformation, a Honghua Dajinyuan plant for osmomodulating protein gene editing is obtained. According to the invention, a CRISPR/Cas9 mediated gene editing technology is utilized to knock out the osmoprotein gene, and a gene editing plant which plays an important role in influencing the proline content and the stress resistance is obtained, so that a genetic material and a theoretical basis are provided for researching the influence of the tobacco osmoprotein on the change of the proline content and the stress resistance of tobacco.(ZH) 本发明涉及一种烟草渗调蛋白相关基因的应用及方法，属于植物基因工程技术领域。本发明通过CRISPR/Cas9介导的基因编辑技术，构建了用于敲除渗调蛋白基因的CRISPR/Cas9编辑载体，经遗传转化后获得了渗调蛋白基因发生编辑的红花大金元植株。本发明利用CRISPR/Cas9介导的基因编辑技术敲除渗透蛋白基因，获得在影响脯氨酸含量及抗逆方面具有重要作用的基因编辑植株，这为烟草渗透蛋白影响脯氨酸含量变化及烟草抗逆性研究提供遗传材料和理论依据。",,,浙江千克知识产权代理有限公司 33246,,,,,,,,
,,,,,,,,,,,,,,,,,,,,,,,,,
CN238918594,201811406322,China,23.11.2018,109371040,22.02.2019,B,"C12N 15/29
					






C12N 15/82
					






A01H 5/10
					






A01H 6/46
					








C12N 15/29
					






C12N 15/82
					






A01H 5/10
					






A01H 6/46
					






View less classifications","C12N 9/22
					






C12N 15/8213
					






C12N 15/8261
					






C07K 14/415
					








C12N 9/22
					






C12N 15/8213
					






C12N 15/8261
					






C07K 14/415
					






View less classifications",ZHEJIANG UNIVERSITY浙江大学,QI YANHUA齐艳华WANG MEI王梅QIAO JIYUE乔继月,,(EN) Application of rice OsARF6 gene to regulation of rice seed grain shapes(ZH) 水稻OsARF6基因在调控水稻种子粒型中的应用,,"(EN) The invention discloses an application of a rice OsARF6 gene to regulation of rice seed grain shapes, and belongs to the technical field of biological chemistry. The invention further provides a breeding method of long-grain seed rice. The method includes the step: editing target sites of the rice OsARF6 gene by the aid of a CRISPR/Cas9 technique in a fixed site manner. Sequences of the target sites are GACGCTGCAGCCACTCAGCC and ACCACTGGCTAAATATGTAA. By the aid of a CRISPR/Cas9 system, a plant recombinant expression vector knocked out by specificities of the target sites of the rice OsARF6 geneis built, and an OsARF6 homozygous and stable mutant plant is acquired by the aid of transgenosis and can be used for analyzing a biological function of the OsARF6 gene in rice. The invention furtherprovides a novel direction of the rice OsARF6 mutant plant to research of the rice seed grain shapes. The rice OsARF6 mutant plant has a potential application value in agricultural development.(ZH) 本发明公开了水稻OsARF6基因在调控水稻种子粒型中的应用，属于生物化学技术领域。本发明还提供了一种长粒型种子水稻的育种方法，包括：利用CRISPR/Cas9技术定点编辑所述水稻OsARF6基因的靶位点，所述靶位点的序列分别为：GACGCTGCAGCCACTCAGCC，ACCACTGGCTAAATATGTAA。本发明利用CRISPR/Cas9系统构建水稻OsARF6基因靶位点特异性敲除的植物重组表达载体，利用转基因获得OsARF6纯合稳定的突变体植株，可用于分析OsARF6基因在水稻中的生物学功能；本发明还提供了水稻OsARF6突变体植株在水稻粒型研究的新方向，在农业开发方面具有潜在的应用价值。",109371040,27.04.2021,杭州天勤知识产权代理有限公司 33224,,,,,,,,
CN419379188,202311616319,China,30.11.2023,117305512,29.12.2023,B,"C12Q 1/6895
					






C12Q 1/6844
					






C12N 15/11
					








C12Q 1/6895
					






C12Q 1/6844
					






C12N 15/11
					






View less classifications","Y02A 50/30
					








Y02A 50/30
					






View less classifications",CHINA AGRICULTURAL UNIVERSITY中国农业大学,CHENG NAN程楠HE XIAOYUN贺晓云YANG ZHANSEN杨湛森WANG XIN王鑫WANG SU王素ZHANG CHEN张宸PANG XIAOXU庞晓旭HUANG KUNLUN黄昆仑,,(EN) Nucleic acid detection method for detecting soybean plant MON87705(ZH) 一种用于检测大豆植物MON87705的核酸检测方法,,"(EN) The invention relates to a nucleic acid detection method for detecting soybean plant MON87705, which comprises the following steps of: constructing a lateral flow chromatography sensor by using a dual loop-mediated isothermal amplification technology, a strand displacement reaction and CRISPR/Cas12a, designing an SD reaction sequence according to an LAMP product of a soybean reference gene Lectin, designing crRNA according to an LAMP product of a specific sequence of a transformant of transgenic soybean MON87705, and detecting the transgenic soybean MON87705. The logic detection of the specific sequences of the soybean reference gene Lectin and the transgenic soybean MON87705 transformant can be realized only by respectively reading the detection results of the LFB twice in one detection process by utilizing the trans-cleavage activity of the reaction of the base complementation principle and CRISPR/Cas12a (Clustered Regularly Interspaced Short Palindromic Repeats/CRISPR/CRISPR/CRISPR/CRISPR/CRISPR/CRISPR/CRISPR/Cas12a).(ZH) 本发明涉及一种用于检测大豆植物MON87705的核酸检测方法，以双重环介导等温扩增技术、链置换反应、CRISPR/Cas12a构建侧流层析传感器，根据大豆内参基因Lectin的LAMP产物设计SD反应序列，根据转基因大豆MON87705转化体特异性序列的LAMP产物设计crRNA，利用碱基互补原理与CRISPR/Cas12a反应的反式切割活性，只需在一次检测流程中分别读取两次LFB的检测结果，即可实现大豆内参基因Lectin与转基因大豆MON87705转化体特异性序列的逻辑化检测。",117305512,05.03.2024,北京领科知识产权代理事务所(特殊普通合伙) 11690,,,,,,,,
,,,,,,,,,,,,,,,,,,,,,,,,,
,,,,,,,,,,,,,,,,,,,,,,,,,
,,,,,,,,,,,,,,,,,,,,,,,,,
CN219499720,201711153389,China,20.11.2017,108047319,18.05.2018,B,"C07K 14/415
					






C12N 15/29
					






C12N 15/82
					






A01H 5/10
					






A01H 6/46
					








C07K 14/415
					






C12N 15/29
					






C12N 15/82
					






A01H 5/10
					






A01H 6/46
					






View less classifications","C07K 14/415
					






C12N 15/8267
					








C07K 14/415
					






C12N 15/8267
					






View less classifications",RICE RESEARCH INSTITUTE OF GUANGDONG ACADEMY OF AGRICULTURAL SCIENCES广东省农业科学院水稻研究所,MAO XINGXUE毛兴学LIU BIN刘斌WANG FENG王丰ZHANG JIANJUN张建军LIU WUGE柳武革,,(EN) Rice seed dormancy regulation gene OsMPK14 and application thereof(ZH) 水稻种子休眠性调控基因OsMPK14及其应用,,"(EN) Belonging to the field of biotechnology and crop genetic engineering technology, the invention discloses a rice seed dormancy regulation gene OsMPK14 and application thereof. The rice seed dormancy regulation gene OsMPK14 disclosed by the invention plays an important role in improving rice seed dormancy, has a sequence shown as SEQ ID NO.2, and encodes a protein with amino acid sequence shown as SEQ ID NO.1. The application specifically includes CRISPR/Cas9 systematic editing, interference or knockout of OsMPK14 gene and destruction of the biological functions of OsMPK14 gene so as to obtain apreharvest sprouting resistant rice strain. The gene OsMPK14 knockout method provided by the invention can knock out the OsMPK14 gene of the existing material, by screening the knockout offspring, adormancy enhanced rice strain can be obtained, and the preharvest sprouting resistance can be effectively improved.(ZH) 本发明公开了一种水稻种子休眠性调控基因OsMPK14及其应用，属于生物技术和作物基因工程技术领域。本发明所公开的水稻种子休眠性调控基因OsMPK14在提高水稻种子休眠性中起到重要作用，其序列如SEQ ID NO.2所示，编码氨基酸序列如SEQ ID NO.1所示的蛋白质。该应用具体是通过CRISPR/Cas9系统编辑、干扰或敲除OsMPK14基因，破坏OsMPK14基因的生物学功能，获得抗穗发芽水稻株系。通过本发明提供的基因OsMPK14敲除方法可敲除现有材料的OsMPK14基因，筛选敲除后代，可获得休眠性增强的水稻株系，能够有效改良其穗发芽抗性。",108047319,06.04.2021,广州容大知识产权代理事务所(普通合伙) 44326,,,,,,,,
CN396319107,202211432982,China,16.11.2022,115960899,14.04.2023,A,"C12N 15/113
					






C12N 15/10
					






C12N 15/11
					






C12Q 1/6897
					






C12N 15/82
					








C12N 15/113
					






C12N 15/10
					






C12N 15/11
					






C12Q 1/6897
					






C12N 15/82
					






View less classifications","Y02A 50/30
					








Y02A 50/30
					






View less classifications","TEA RESEARCH INSTITUTE, CHINESE ACADEMY OF AGRICULTURAL SCIENCES中国农业科学院茶叶研究所",HUANG JIANYAN黄建燕FU QIANYUAN傅前媛LEI LEI雷蕾HAO XINYUAN郝心愿WANG XINCHAO王新超YANG YAJUN杨亚军,,(EN) Tea tree CsU6 gene promoter and cloning and application thereof(ZH) 茶树CsU6基因启动子及其克隆与应用,,"(EN) The invention discloses a tea tree CsU6 gene promoter as well as cloning and application thereof. The endogenous CsU6 gene promoter of the tea tree is successfully cloned for the first time, the transcriptional activity detection vector of the CsU6 gene promoter of the tea tree is successfully constructed, the transcriptional activities of the eight CsU6 promoters are compared through instantaneous transformation of tobacco leaves, GUS dyeing and GUS enzyme activity determination, the CsU6i and CsU6j promoters with the strongest transcriptional activity are selected for construction of the gene editing vector of the tea tree, and the CsU6i and CsU6j promoters with the strongest transcriptional activity are selected for construction of the gene editing vector of the tea tree. The feasibility of the two promoters applied to a tea tree CRISPR/Cas9 gene editing system is verified in the tea tree protoplast, and CRISPR/Cas9 mediated tea tree genome targeted editing is realized. Therefore, cloning of the tea tree U6 gene promoter and expression analysis of the promoter activity provide an efficient promoter sequence for research on transformation of tea trees and related plants, and efficient and accurate germplasm innovation and variety genetic improvement of the tea trees can also be realized.(ZH) 本发明公开了茶树CsU6基因启动子及其克隆与应用。本发明首次成功克隆了茶树内源CsU6基因启动子，并成功构建了茶树CsU6基因启动子转录活性检测载体，通过瞬时转化烟草叶片、GUS染色和GUS酶活测定，比较了八种CsU6启动子的转录活性，选择转录活性最强的CsU6i和CsU6j启动子用于茶树基因编辑载体构建，在茶树原生质体中验证了这两种启动子应用于茶树CRISPR/Cas9基因编辑系统的可行性，并实现了CRISPR/Cas9介导的茶树基因组靶向编辑。因此，茶树U6基因启动子克隆及启动子活性的表达分析，为研究与茶树及近缘植物的转化研究提供了高效的启动子序列，也可以实现对茶树高效精准的种质创新与品种遗传改良。",,,杭州浙科专利事务所(普通合伙) 33213,,,,,,,,
,,,,,,,,,,,,,,,,,,,,,,,,,
CN430695943,202410212457,China,27.02.2024,118086296,28.05.2024,B,"C12N 15/113
					






C12N 15/82
					






C12N 9/22
					








C12N 15/113
					






C12N 15/82
					






C12N 9/22
					






View less classifications","C07K 14/415
					






C12N 15/8216
					






C12N 15/113
					






C12N 9/22
					






C12N 2800/80
					






Y02A 50/30
					








C07K 14/415
					






C12N 15/8216
					






C12N 15/113
					






C12N 9/22
					






C12N 2800/80
					






Y02A 50/30
					






View less classifications","INSTITUTE OF CHINESE MATERIA MEDICA, CHINA ACADEMY OF CHINESE MEDICAL SCIENCES中国中医科学院中药研究所",HUANG LUQI黄璐琦ZHENG HAN郑汉LI CHENYI李辰意GAO XIAOKAI高晓凯YU MUYAO虞慕瑶,,"(EN) Promoter for improving gene editing efficiency of CRISPR/Cas9 system, gene editing vector and application(ZH) 一种用于提高CRISPR/Cas9系统基因编辑效率的启动子、基因编辑载体与应用",,"(EN) The invention provides a promoter for improving gene editing efficiency of a CRISPR/Cas9 system, a gene editing vector and application, and belongs to the technical field of gene engineering, the promoter is a salvia miltiorrhiza SmRPS5A, SmEF1 alpha or SmUBi promoter, the nucleotide sequence of the salvia miltiorrhiza SmRPS5A promoter is as shown in SEQ ID No.1, the nucleotide sequence of the salvia miltiorrhiza SmEF1 alpha promoter is as shown in SEQ ID No.2, and the nucleotide sequence of the salvia miltiorrhiza SmEF1 alpha promoter is as shown in SEQ ID No.2. The nucleotide sequence of the SmUBi promoter of the radix salviae miltiorrhizae is as shown in SEQ ID No. 3. Researches show that the gene editing efficiency of the salvia miltiorrhiza SmRPS5A promoter on three sgRNA targets reaches 91% or above, the gene editing efficiency of the SmEF1 alpha and the SmUBi on the sgRNA3 target also reaches 87.50% or above, and an important basis can be provided for screening gene editing positive plants in the later period.(ZH) 本发明提供了一种用于提高CRISPR/Cas9系统基因编辑效率的启动子、基因编辑载体与应用，属于基因工程技术领域，所述启动子为丹参SmRPS5A、SmEF1α或SmUBi启动子，所述丹参SmRPS5A启动子的核苷酸序列如SEQ IDNo.1所示，所述丹参SmEF1α启动子的核苷酸序列如SEQ ID No.2所示，所述丹参SmUBi启动子的核苷酸序列如SEQ ID No.3所示。研究表明，丹参SmRPS5A启动子对3个sgRNA靶点的基因编辑效率均达到了91％以上，SmEF1α和SmUBi对sgRNA3靶点的基因编辑效率也达到了87.50％以上，能够为后期筛选基因编辑阳性植株提供重要依据。",118086296,21.01.2025,北京睿智保诚专利代理事务所(普通合伙) 11732,,,,,,,,
CN368366138,202011572744,China,24.12.2020,114672493,28.06.2022,B,"C12N 15/29
					






C12N 15/84
					






C12N 15/113
					






C07K 14/415
					






A01H 4/00
					






A01H 5/00
					






View more classifications
							






C12N 15/29
					






C12N 15/84
					






C12N 15/113
					






C07K 14/415
					






A01H 4/00
					






A01H 5/00
					






A01H 6/56
					






View less classifications","C07K 14/415
					






C12N 15/113
					






C12N 15/8218
					






C12N 15/8273
					






C12N 2310/20
					








C07K 14/415
					






C12N 15/113
					






C12N 15/8218
					






C12N 15/8273
					






C12N 2310/20
					






View less classifications",CHINESE AGRICULTURAL UNIVERSITY中国农业大学,GONG ZHIZHONG巩志忠WANG YU王瑜HU XIAOYING胡晓莹,,(EN) The invention relates to a method using ZmPHT1; method for cultivating drought-resistant plant by using 7 protein or coding gene thereof(ZH) 一种用ZmPHT1;7蛋白或其编码基因培育抗旱植物的方法,,"(EN) The invention discloses a preparation method of a ZmPHT1; 7 protein or a coding gene thereof is used for cultivating a drought-resistant plant. The invention provides a method for cultivating a drought-resistant transgenic plant. The method comprises the following steps: identifying ZmPHT1 in a target plant; carrying out gene editing on the target plant 7 gene to terminate the protein translation in advance to obtain a transgenic plant with drought resistance higher than that of the target plant; in the embodiment of the invention, the drought-sensitive plant is obtained by adopting a CRISPR-Cas9 gene editing technology, compared with a traditional breeding mode, the time is short, the purposiveness is strong, a gene resource is provided for cultivating and improving a new variety of the drought-resistant plant, and a theoretical basis is provided for illuminating a molecular mechanism of a WRKY transcription factor in plant drought stress signal response.(ZH) 本发明公开了一种用ZmPHT1；7蛋白或其编码基因培育抗旱植物的方法。本发明提供一种培育抗旱转基因植物的方法，对目的植物中ZmPHT1；7基因进行基因编辑，使所述蛋白质翻译提前终止，得到抗旱性高于所述目的植物的转基因植物；本发明实例中采用CRISPR‑Cas9基因编辑技术获得了旱敏感的植株，与传统育种方式相比时间短，目的性强，为培育和改良抗旱植物新品种提供了基因资源，为阐明WRKY转录因子在植物干旱逆境信号应答中的分子机制提供了理论依据。",114672493,21.07.2023,北京纪凯知识产权代理有限公司 11245,,,,,,,,
CN436449858,202410126892,China,30.01.2024,118345100,16.07.2024,B,"C12N 15/61
					






C12N 9/90
					






C12N 15/82
					






A01H 5/00
					






A01H 6/46
					






C12N 15/11
					






View more classifications
							






C12N 15/61
					






C12N 9/90
					






C12N 15/82
					






A01H 5/00
					






A01H 6/46
					






C12N 15/11
					






C12Q 1/6895
					






View less classifications","C12N 9/90
					






C12N 15/8261
					






C12N 15/8218
					






C12Q 1/6895
					






C12Y 503/01008
					






Y02A 40/146
					








C12N 9/90
					






C12N 15/8261
					






C12N 15/8218
					






C12Q 1/6895
					






C12Y 503/01008
					






Y02A 40/146
					






View less classifications",GUIZHOU DROUGHT GRAIN SORGHUM RESEARCH INSTITUTE贵州省旱粮研究所,JIANG YULIN蒋喻林WU XUN吴迅TU LIANG涂亮LIU PENGFEI刘鹏飞GUO XIANGYANG郭向阳WANG ANGUI王安贵ZHU YUNFANG祝云芳CHEN ZEHUI陈泽辉LU XUEFENG陆雪峰,,(EN) Application of ZmPMI1L gene or encoded protein thereof in regulation and control of corn plant height(ZH) ZmPMI1L基因或其编码蛋白在调控玉米株高中的应用,,"(EN) The invention discloses an application of a ZmPMI1L gene or an encoded protein thereof in regulating and controlling the plant height of corn, and provides the ZmPMI1L gene for regulating and controlling the plant height of the corn and the encoded protein thereof, which can provide a new target gene resource for the cultivation of dwarf corn varieties. According to the application of the ZmPMI1L gene and the encoded protein thereof in regulation and control of the plant height of the corn, specifically, the plant height of the corn can be reduced by interfering expression and translation of the PMI1L gene in the corn or knocking out the PMI1L gene by using a gene editing technology, and through verification, the plant height of a corn strain obtained by targeted knockout of the PMI1L gene through a CRISPR/Cas9 method is remarkably reduced, so that the plant height of the corn strain is remarkably reduced, and the application of the ZmPMI1L gene and the encoded protein thereof in regulation and control of the plant height of the corn is improved. However, the method has little influence on other characters related to yield, such as ear length, ear thickness and the like, is beneficial to yield increase, and provides a new direction for genetic improvement of plant height and dwarf corn cultivation.(ZH) 本发明公开ZmPMI1L基因或其编码蛋白在调控玉米株高中的应用，本发明提供了一种调控玉米株高的ZmPMI1L基因及其编码蛋白，可为矮杆玉米品种的培育提供新的目标基因资源；并且通过将ZmPMI1L基因及其编码蛋白在调控玉米株高的应用，具体可通过利用基因编辑技术干扰PMI1L基因在玉米中的表达与翻译或敲除PMI1L基因来实现降低玉米株高，并且通过验证，通过CRISPR/Cas9方法靶向敲除PMI1L基因获得的玉米株系，株高显著降低，但是对其他与产量相关的性状，例如穗长、穗粗等，影响不大，有利于产量的提升，为株高的遗传改良及矮化玉米培育提供新的方向。",118345100,13.09.2024,北京博识智信专利代理事务所(普通合伙) 16067,,,,,,,,
CN220635484,201710380845,China,25.05.2017,107164401,15.09.2017,A,"C12N 15/82
					






C12N 9/22
					






A01H 5/00
					








C12N 15/82
					






C12N 9/22
					






A01H 5/00
					






View less classifications","C12N 9/22
					






C12N 15/8213
					






C12N 15/8261
					








C12N 9/22
					






C12N 15/8213
					






C12N 15/8261
					






View less classifications",HENAN AGRICULTURAL UNIVERSITY,DU YANXIUJI XINZHAO QUANZHIYAN YUNSUN HONGZHENGZHANG JINGLI JUNZHOUPENG TING,,(EN) Method for preparing rice mutant OsPIL15 based on CRISPR/Cas9 technology and application,,"(EN) The invention relates to a method for preparing a rice mutant OsPIL15 based on a CRISPR/Cas9 technology and an application and belongs to the technical field of plant genetic engineering. A rice photosensitive pigment interacting factor OsPIL15 is directionally edited according to a CRISPR/Cas9 technology principle; an OsPIL15 mutation target is designed; an expression vector CRISPR/Cas9-gRNA(pBUN411-gRNA) is built; a japonica rice variety nipponbare is introduced by using an agrobacterium-mediated method; a positive transgenic plant is obtained through screening herbicide resistance markers; a mutant single strain is analyzed and authenticated by using an enzyme digestion method and a sequencing method. A set of new germplasm of the rice mutant ospil15 with important application value is obtained, the grain lengths of offspring grains of the mutant are significantly increased, the average growth reaches 4.79% and the method can be applied to high-yield and stable-yield breeding of rice.",,,,,,,,,,,
DK429311641,17739336,Denmark,20.06.2017,3472325,21.05.2024,T3,"C12N 15/82
					






A01H 4/00
					






C12N 5/14
					






C12N 9/22
					








C12N 15/82
					






A01H 4/00
					






C12N 5/14
					






C12N 9/22
					






View less classifications","A01H 4/00
					






C12N 9/22
					






C12N 15/8213
					






C12N 15/113
					






C12N 2310/20
					






C12N 15/11
					






View more classifications
							






A01H 4/00
					






C12N 9/22
					






C12N 15/8213
					






C12N 15/113
					






C12N 2310/20
					






C12N 15/11
					






C12N 15/102
					






C12N 2800/80
					






View less classifications",Keygene N.V.,"Bundock, PaulKETELAARS-BONNÉ, Anita",,(DA) Fremgangsmåde til målrettet DNA-ændring i planteceller,,"(EN) Disclosed is a new method of providing plant cells with a targeted alteration in a DNA molecule. The method comprises contacting a population of plant cells comprising a DNA molecule, the DNA molecule having a target sequence, with an aqueous medium, wherein the aqueous medium comprises a CRISPR associated protein (CAS protein) or a CAS-like protein, and a CRISPR-Cas system guide RNA that hybridizes with the target sequence, and wherein the aqueous medium comprises polyethylene glycol (PEG), but needs to be substantially free of glycerol.(FR) L'invention concerne un nouveau procédé de production de cellules végétales présentant une modification ciblée dans une molécule d'ADN. Le procédé comprend la mise en contact d'une population de cellules végétales comprenant une molécule d'ADN, la molécule d'ADN ayant une séquence cible, avec un milieu aqueux, le milieu aqueux comprenant une protéine associée à CRISPR (protéine CAS) ou une protéine de type CAS, et un ARN de guidage de système CRISPR-Cas qui s'hybride avec la séquence cible. Le milieu aqueux comprend du polyéthylène glycol (PEG), mais doit être sensiblement exempt de glycérol.",3472325,21.05.2024,,2016998 20.06.2016 NL,"AU2017282623

CA3027869

KR1020190020035

EP3472325

WO/2017/222370

JP2019517805

US20190367933

FIEP3472325

ES2981548

IL263595",,,,,,
CN288644961,201911128275,China,18.11.2019,110760538,07.02.2020,B,"C12N 15/82
					






C12N 15/29
					






A01H 5/00
					






A01H 5/10
					






A01H 6/34
					








C12N 15/82
					






C12N 15/29
					






A01H 5/00
					






A01H 5/10
					






A01H 6/34
					






View less classifications","C12N 15/8213
					






C12N 15/8282
					






C07K 14/415
					








C12N 15/8213
					






C12N 15/8282
					






C07K 14/415
					






View less classifications",JIANGSU ACADEMY OF AGRICULTURAL SCIENCES江苏省农业科学院,ZHANG MAN张曼YANG XINGPING羊杏平XU JINHUA徐锦华LIU GUANG刘广YAO XIEFENG姚协丰REN RUNSHENG任润生XU JIAN徐建LOU LINA娄丽娜,,(EN) Method for creating blight resistant citrullus lanatus germplasm material(ZH) 一种创制枯萎病抗性西瓜种质材料的方法,,"(EN) The invention relates to a method for creating a blight resistant citrullus lanatus germplasm material, and belongs to the technical field of molecular breeding. Firstly, in accordance with the firstexon of a Clpsk1 gene of citrullus lanatus, an sgRNA sequence based on CRISPR/Cas9 is designed, and a pRGEB32 CAS9 gRNA Clpsk1 carrier containing a DNA fragment coding the sgRNA sequence is constructed. An agrobacterium-mediated method is utilized to enable a gene editing carrier to be transmitted into acceptor citrullus lanatus variety namely Sumi No.1, and transformation plants are obtained. A transformant is used for performing Clpsk1 gene editing detection and blight resistance identification, the obtained positive plants are the citrullus lanatus germplasm material having blight resistance. The method can quickly and efficiently obtain a new citrullus lanatus germplasm for resisting disease, the breeding period can be greatly shortened, the breeding efficiency is improved, the obtained material is free from any exogenous gene, and other economical characters are not influenced except the capacity for resisting blight of the citrullus lanatus.(ZH) 本发明涉及一种创制枯萎病抗性西瓜种质材料的方法，属于分子育种技术领域，首先针对西瓜的Clpsk1基因的第一个外显子，设计基于CRISPR/Cas9的sgRNA序列，然后构建含有编码所述sgRNA序列的DNA片段的pRGEB32‑CAS9‑gRNA‑Clpsk1载体；利用农杆菌介导法将基因编辑载体导入受体西瓜品种苏蜜1号，获得转化植株；对转化植株进行Clpsk1基因编辑检测和枯萎病抗性鉴定，所得阳性植株即为具有枯萎病抗性的西瓜种质材料。本发明方法可快速高效地获得西瓜抗病新种质，极大地缩短了育种周期，提高了育种效率，获得的材料不含有任何外源基因，除提高了西瓜抗枯萎病的能力，其他农艺性状不受影响。",110760538,02.12.2022,北京惠科金知识产权代理有限公司 11981,,,,,,,,
,,,,,,,,,,,,,,,,,,,,,,,,,
CN361389236,202210211936,China,04.03.2022,114438087,06.05.2022,A,"C12N 15/113
					






C12N 15/867
					






C12N 15/66
					






C12N 5/10
					






C12N 7/00
					






C12N 7/02
					






View more classifications
							






C12N 15/113
					






C12N 15/867
					






C12N 15/66
					






C12N 5/10
					






C12N 7/00
					






C12N 7/02
					






C12R 1/91
					






View less classifications","C12N 15/113
					






C12N 15/86
					






C12N 15/66
					






C07K 14/47
					






C12N 5/0682
					






C12N 7/00
					






View more classifications
							






C12N 15/113
					






C12N 15/86
					






C12N 15/66
					






C07K 14/47
					






C12N 5/0682
					






C12N 7/00
					






C12N 2310/20
					






C12N 2510/00
					






C12N 2740/15043
					






C12N 2770/24151
					






View less classifications",SOUTH CHINA AGRICULTURE UNIVERSITY华南农业大学,QI WENBAO亓文宝YIN YOUQIN尹有勤LIAO MING廖明LIU LELE刘乐乐XING JINCHAO邢金超JIANG YUTING蒋誉婷DING SHIPING丁仕萍,,(EN) Cell strain with human SLC25A12 gene knocked out and application of cell strain(ZH) 一种敲除人SLC25A12基因的细胞株及其应用,,"(EN) The invention discloses a cell strain with a human SLC25A12 gene knocked out and application of the cell strain, and belongs to the technical field of molecular biology and cell biology. The invention provides a gRNA (guide Ribonucleic Acid) sequence for targeted knockout of a human SLC25A12 gene. The nucleotide sequence of the gRNA sequence is shown as SEQ ID NO. 1. An SLC25A12 gene is knocked out on a human Hela cell genome for the first time by utilizing a CRISPR-Cas9 technology, an SLC25A12 knocked-out Hela cell strain is obtained, the activity, growth speed and other aspects of the knocked-out cell strain are not obviously different from those of a control cell, and the SLC25A12 knocked-out cell model is an ideal SLC25A12 knocked-out cell model; the method is simple and convenient to operate, short in period, low in cost and stable in cell strain after modification, and can be used for researching the specific action mechanism of the SLC25A12 protein in the aspects of glycosaminoglycan metabolism, protein metabolism and the like. The cell strain obtained by the invention can obviously improve the replication level of the Japanese encephalitis virus strain.(ZH) 本发明公开一种敲除人SLC25A12基因的细胞株及其应用，属于分子生物学和细胞生物学技术领域。本发明提供一种靶向敲除人SLC25A12基因的gRNA序列，其核苷酸序列如SEQID NO.1所示。利用CRISPR‑Cas9技术首次在人Hela细胞基因组上敲除SLC25A12基因，获得SLC25A12敲除的Hela细胞株，且敲除细胞株活性、生长速度等方面均与对照细胞无明显差异，是较为理想的SLC25A12敲除的细胞模型；且操作简便，周期短，成本低，改造后细胞株稳定，可用于研究SLC25A12蛋白在糖胺聚糖代谢和蛋白质代谢等方面的具体作用机制。本发明获得的细胞株能够显著提高乙型脑炎病毒毒株的复制水平。",,,广州市华学知识产权代理有限公司 44245,,,,,,,,
KR393118857,1020210104894,Republic of Korea,09.08.2021,1020230022748,16.02.2023,B1,"C12N 15/10
					






A01H 1/06
					






A01H 5/10
					






C07K 14/415
					






C12N 15/113
					






C12N 15/82
					






View more classifications
							






C12N 15/10
					






A01H 1/06
					






A01H 5/10
					






C07K 14/415
					






C12N 15/113
					






C12N 15/82
					






C12N 9/22
					






View less classifications","C12N 15/102
					






A01H 1/06
					






A01H 5/10
					






C07K 14/415
					






C12N 15/113
					






C12N 15/8242
					






View more classifications
							






C12N 15/102
					






A01H 1/06
					






A01H 5/10
					






C07K 14/415
					






C12N 15/113
					






C12N 15/8242
					






C12N 9/22
					






C12N 2310/20
					






View less classifications",경상국립대학교산학협력단INDUSTRY-ACADEMIC COOPERATION FOUNDATION GYEONGSANG NATIONAL UNIVERSITY,KIM MIN CHULCHUN HYUN JINLEE SUHYEON김민철PARK MI SUK전현진CHUNG CHUN HEE이수현박미숙정춘희,,"(EN) SYSTEM FOR SIMULTANEOUS TARGET GENE EDITING OF E2 AND HOMOLOGOUS CHROMOSOME THEREOF, AND USE THEREOF(KO) E2와 이의 상동체 동시 타겟 유전자교정 시스템 및 이의 용도",,"(EN) According to the present invention, a CRISPR/Cas system for simultaneously editing E2 genes (GmGI2) and a homologous chromosome thereof (GmGI3), delaying the flowering and ripening periods of soybeans is established, and soybean transformants with the accelerated flowering and ripening periods are developed by gene editing-based technology using the CRISPR/Cas system. The CRISPR/Cas-based soybean gene-editing system or a vector, or a composition including the same for editing soybean genes according to the present invention simultaneously inhibits the expression of E2 protein present in soybeans and homologous chromosome protein having high homology with the E2 protein (97.4 % of an amino acid homology). According to the present invention, the E2 (GmGI2) gene and the GmGI3 gene, the homolog of the E2 gene, in the soybean plant are simultaneously edited, thereby providing a new plant with the promoted flowering and ripening periods. The soybean with improved flowering and ripening periods is grown to enhance the availability and value of soybeans for food and feed. Accordingly, the safety and availability of soybeans, an important resource as food, can be greatly enhanced and the composition can be variously utilized as raw materials for food, feed, and processed food of which raw materials are soybeans. Therefore, the business feasibility and marketability of the present invention are quite large. COPYRIGHT KIPO 2023(KO) 본 발명은 콩에서 개화 및 등숙기간을 지연시키는 (2) 유전자 및 이의 상동체(homolog) 3 유전자를 동시에 교정시키는 CRISPR/Cas 시스템을 구축하였고, 이를 이용한 유전자교정 기반 기술을 통해 개화기 및 등숙기가 촉진된 콩 형질전환체를 개발하였다. 본 발명에 따른 CRISPR/Cas 기반의 콩 유전자교정 시스템 또는 벡터, 이를 포함하는 콩 유전자교정용 조성물은 콩에 존재하는 E2 단백질과 이와 상동성이 높은 상동체 단백질(97.4% 아미노산 상동성)의 발현을 동시에 억제하는 효과를 가진다.  
본 발명은 콩 식물체에서 (2) 유전자 및 이의 상동체(homolog) 3 유전자를 동시에 교정함으로써 개화기 및 등숙기가 촉진된 새로운 식물체를 제공할 수 있으며, 개화기 및 등숙기가 촉진된 콩을 육성함으로써 식용 및 사료용으로써의 콩의 이용성 및 가치를 증진시킬 수 있다. 이는 식품으로써 중요한 자원인 콩의 안전성 및 이용성을 증진시키는데 크게 기여할 뿐만 아니라, 콩을 원료로 하는 식품, 사료, 가공식품의 원료로 다양하게 활용가능하므로, 이로 인한 사업성 및 시장성은 상당히 크다.
        E2
        GmGI
        GmGI
        E2
        GmGI
        GmGI",102573952,01.09.2023,최규환,,,,,,,,
CN206674365,201710674531,China,09.08.2017,107312785,03.11.2017,B,"C12N 15/55
					






C12N 15/113
					






C12N 15/82
					






A01H 5/00
					






A01H 6/46
					








C12N 15/55
					






C12N 15/113
					






C12N 15/82
					






A01H 5/00
					






A01H 6/46
					






View less classifications","C12N 9/14
					






C12N 15/113
					






C12N 15/8213
					






C12N 15/8261
					






C12N 2310/10
					








C12N 9/14
					






C12N 15/113
					






C12N 15/8213
					






C12N 15/8261
					






C12N 2310/10
					






View less classifications",SICHUAN AGRICULTURAL UNIVERSITY四川农业大学,QIN PENG钦鹏HU BINHUA胡彬华LI SHIGUI李仕贵ZHANG GUOHUA张国华CHEN WEILAN陈微兰TU BIN涂斌WANG YUPING王玉平MA BINGTIAN马炳田,,(EN) Application of OsKTN80b gene in terms of reducing rice plant height(ZH) OsKTN80b基因在降低水稻株高方面的应用,,"(EN) The invention discloses application of an OsKTN80b gene in terms of reducing rice plant height, belonging to the field of rice gene engineering. A plant with reduced plant height is finally obtained mainly by performing gene editing on the OsKTN80b gene through a CRISPR/Cas9 system, so as to obtain a transgenic plant subjected to OsKTN80b gene knockout, and selecting a homozygous mutant. The invention further discloses two target spot sequences SG1 or SG2 used for the OsKTN80b gene knockout; the target spot sequences are respectively formed by nucleotide sequences shown as SEQ ID No. 4 and SEQ ID No. 5. Compared with wild type rice, the plant height of the transgenic plant subjected to the OsKTN80b gene knockout is reduced by 13.56 to 16.33 percent, and the effect of reducing the rice plant height is good; secondly, a method provided by the invention is not limited to a genetic background, and the problems linked with mal-characters do not exist.(ZH) 本发明公开了OsKTN80b基因在降低水稻株高方面的应用，属于水稻基因工程领域。本发明主要是通过CRISPR/Cas9系统对OsKTN80b基因进行基因编辑，获得OsKTN80b基因敲除的转基因植株，从中选择纯合突变体，最终获得株高降低的植株。本发明还公开了用于OsKTN80b基因敲除的2个靶点序列SG1或SG2，分别由SEQ ID No.4和SEQ ID No.5所示的核苷酸序列组成。与野生型水稻相比，本发明OskTN80b基因敲除的转基因植株的株高降低了13.56％‑16.33％，其降低水稻株高的效果好；其次，本发明方法不受遗传背景限制，也不存在与不良性状连锁的问题。",107312785,06.12.2019,北京修典盛世知识产权代理事务所(特殊普通合伙) 11424,,,,,,,,
KR356034458,1020200114891,Republic of Korea,08.09.2020,1020220032937,15.03.2022,B1,"A01H 1/06
					






A01H 6/82
					






C12N 15/10
					






C12N 15/82
					






C12N 9/10
					






C12N 9/22
					








A01H 1/06
					






A01H 6/82
					






C12N 15/10
					






C12N 15/82
					






C12N 9/10
					






C12N 9/22
					






View less classifications","A01H 1/06
					






A01H 6/823
					






C12N 15/102
					






C12N 15/8205
					






C12N 15/8271
					






C12N 9/104
					






View more classifications
							






A01H 1/06
					






A01H 6/823
					






C12N 15/102
					






C12N 15/8205
					






C12N 15/8271
					






C12N 9/104
					






C12N 9/22
					






C12Y 203/02015
					






C12N 2310/20
					






View less classifications",주식회사 케이티앤지KT & G CORPORATION,SEO HYO SEOKLEE YOUNG GILEE JEONG HEON서효석KIM KWANG CHUL이영기NA WOONG HYUN이정헌OH KYOUNG HWAN김광철JEON EUN YOUNG나웅현오경환전은영,,(EN) PLANT WITH REDUCED HEAVY METALS AND MANUFACTURING METHOD THEREOF(KO) 중금속 저감된 식물체 및 이의 제조방법,,"(EN) The present invention relates to plant cells which reduce expression or activity of phytochelatin synthase (PCS) gene or protein coded by the PCS gene compared to mother cells; a plant with a reduce absorption amount of heavy metals including the plant cells; a method for reducing the heavy metals in the plant which includes a step of reducing the expression or the activity of the phytochelatin synthase (PCS) gene or the protein coded by the PCS gene compared to the mother cells of the plant; a CRISPR-Cas9 recombinant vector containing a single guide RNA targeting the PCS gene; and a method for manufacturing the plant with reduced heavy metals which includes a step of transforming the plant cells with the recombinant vector. COPYRIGHT KIPO 2023(KO) 모세포에 비하여 PCS (Phytochelatin synthase) 유전자 또는 상기 PCS 유전자에 의해 코딩되는 단백질의 발현 또는 활성이 감소된 식물 세포, 상기 식물 세포를 포함하는 중금속 흡수량이 저감된 식물, 식물체의 모세포에 비하여 PCS 유전자 또는 상기 PCS 유전자에 의해 코딩되는 단백질의 발현 또는 활성을 감소시키는 단계를 포함하는 식물체 내 중금속을 저감시키는 방법, PCS 유전자를 표적으로 하는 단일 가이드 RNA를 포함하는 크리스퍼-카스9 (CRISPR-Cas9) 재조합 벡터, 및 상기 재조합 벡터로 식물 세포를 형질전환시키는 단계를 포함하는 중금속이 저감된 식물체를 제조하는 방법에 관한 것이다.",102522125,14.04.2023,리앤목특허법인,,"WO/2022/055144

US20240052360",,,,,,
CN440611313,202410693945,China,31.05.2024,118685422,24.09.2024,A,"C12N 15/29
					






C07K 14/415
					






C12N 15/82
					






A01H 5/00
					






A01H 6/60
					








C12N 15/29
					






C07K 14/415
					






C12N 15/82
					






A01H 5/00
					






A01H 6/60
					






View less classifications","C07K 14/415
					






C12N 15/8261
					








C07K 14/415
					






C12N 15/8261
					






View less classifications","COTTON RESEARCH INSTITUTE, SHANXI AGRICULTURAL UNIVERSITY山西农业大学棉花研究所",SHANGGUAN XIAOXIA上官小霞YANG QINLI杨琴莉ZHANG XIAOLING张晓玲ZHANG HUANYANG张换样,,(EN) Method for creating compact plant type material of cotton by using gene editing technology(ZH) 一种利用基因编辑技术创制棉花紧凑株型材料的方法,,"(EN) The invention discloses a method for creating a compact plant type material of cotton by using a gene editing technology. The method comprises the following steps: cloning a GhGRF2 gene from upland cotton, designing a gene editing site, constructing a gene editing carrier, carrying out genetic transformation by using a cotton agrobacterium tumefaciens-mediated method to obtain a transgenic regenerated strain, and carrying out positive identification, editing site mutation condition analysis and gene editing mutant plant phenotype observation on the transgenic strain to obtain the transgenic regenerated strain. And further obtaining a compact germplasm material capable of being used for cotton plant type breeding. The invention belongs to the technical field of plant biology, and particularly relates to a method for creating a cotton compact plant type material by using a gene editing technology, a cotton GhGRF2 gene is knocked out and mutated by using a CRISPR-Cas9 gene editing technology to obtain the cotton compact plant type material, and the problem that the cotton plant type is difficult to improve by using a traditional breeding method is solved.(ZH) 本发明公开了一种利用基因编辑技术创制棉花紧凑株型材料的方法。即从陆地棉中克隆GhGRF2基因，设计基因编辑位点，构建基因编辑载体，运用棉花农杆菌介导法进行遗传转化，获得转基因再生株，通过对转基因株系进行阳性鉴定，编辑位点突变情况分析，基因编辑突变体植株表型观察，进而获得可用于棉花株型育种的紧凑种质材料。本发明属于植物生物技术领域，具体是一种利用基因编辑技术创制棉花紧凑株型材料的方法，通过CRISPR‑Cas9基因编辑技术对棉花GhGRF2基因进行敲除突变，获得棉花紧凑株型材料，解决了运用传统的育种方法改良棉花株型难度较大的问题。",,,北京奇眸智达知识产权代理有限公司 11861,,,,,,,,
AR409883138,P220101598,Argentina,16.06.2022,126172,27.09.2023,A1,"C12N 15/82
					






A01H 6/46
					








C12N 15/82
					






A01H 6/46
					






View less classifications","A01H 6/4636
					






C12N 15/8261
					






Y02A 40/146
					






C07K 14/415
					






C12N 15/8279
					








A01H 6/4636
					






C12N 15/8261
					






Y02A 40/146
					






C07K 14/415
					






C12N 15/8279
					






View less classifications","PAIRWISE PLANTS SERVICES, INC.",MARISA  MATHEW LOLITA GEORGE  CRAWFORD BRIAN CHARLES WILDING  MILLER,,(ES) MODIFICACIÓN DE FACTORES DE TRANSCRIPCIÓN DE LA FAMILIA DE FACTORES REGULADORES DEL CRECIMIENTO EN SOJA,,"(ES) Esta invención está relacionada con composiciones y métodos para modificar factores de transcripción de la familia de Factores Reguladores del Crecimiento (GRF) en plantas de soja para producir plantas de soja que tienen resistencia a patógenos mejorada, opcionalmente con rasgos de rendimiento mejorados o conservados, y/o plantas de soja que tienen rasgos de rendimiento mejorados sin pérdida de resistencia a patógenos. La invención además está relacionada con plantas de soja producidas con el empleo de los métodos y las composiciones de la invención. Reivindicación 1: Una planta de soja o parte de planta de esta que comprende al menos una mutación no natural en un gen endógeno que codifica un factor de transcripción del Factor Regulador del Crecimiento (GRF), donde el gen endógeno que codifica un factor de transcripción GRF a) comprende una secuencia que tiene al menos 80% de identidad de secuencia con la secuencia de nucleótidos de cualquiera de SEQ ID Nº 72, 73, 75, 76, 78, 79, 81, 82, 84, 85, 87, 88, 90, 91, 93 o 94; b) comprende una región que tiene al menos 80% de identidad de secuencia con la secuencia de nucleótidos de cualquiera de SEQ ID Nº 96 - 103 o SEQ ID Nº 122 - 129; c) codifica una secuencia que tiene al menos 80% de identidad de secuencia con la secuencia de aminoácidos de cualquiera de SEQ ID Nº 74, 77, 80, 83, 86, 89, 92, o 95; y/o d) codifica una región que tiene al menos 80% de identidad de secuencia con la secuencia de aminoácidos de cualquiera de SEQ ID Nº 104 - 108. Reivindicación 13: Una célula de planta de soja que comprende un sistema de edición de bases, el sistema de edición de bases comprende: a) una proteína efectora CRISPR-Cas; y b) un ácido nucleico guía (por ejemplo, ARNg, ADNg, ARNcr, ADNcr, ARNgs, ADNgs) que tiene una secuencia espaciadora con complementariedad con un gen diana endógeno que codifica un factor de transcripción GRF, donde el gen diana endógeno i) comprende una secuencia que tiene al menos 80% de identidad de secuencia con la secuencia de nucleótidos de cualquiera de SEQ ID Nº 72, 73, 75, 76, 78, 79, 81, 82, 84, 85, 87, 88, 90, 91, 93 o 94; ii) comprende una región que tiene al menos 80% de identidad de secuencia con la secuencia de nucleótidos de cualquiera de SEQ ID Nº 96 - 103 o SEQ ID Nº 122 - 129, opcionalmente, que tiene al menos 90% de identidad de secuencia con la secuencia de nucleótidos de SEQ ID Nº109; iii) codifica una secuencia que tiene al menos 80% de identidad de secuencia con la secuencia de aminoácidos de cualquiera de SEQ ID Nº 74, 77, 80, 83, 86, 89, 92, o 95; y/o iv) comprende una región que codifica una secuencia que tiene al menos 80% de identidad de secuencia con la secuencia de aminoácidos de cualquiera de SEQ ID Nº 104 - 108, opcionalmente que tiene al menos 90% de identidad de secuencia con la secuencia de aminoácidos de SEQ ID Nº 110, opcionalmente donde el sistema de edición de bases además comprende una citidina desaminasa o una adenosina desaminasa. Reivindicación 17: Una planta de soja o una parte de esta que comprende al menos una mutación no natural dentro de o adyacente a un sitio de unión a miR396 de un gen endógeno del factor de transcripción GRF, donde la al menos una mutación no natural evita o reduce la unión de miR396 a un ARNm producido por el gen endógeno del factor de transcripción GRF obteniéndose un incremento en el nivel de ARNm producido por el gen endógeno del factor de transcripción GRF, donde además la al menos una mutación no natural es una sustitución, inserción o una deleción que es introducida usando un sistema de edición que comprende un dominio de unión a ácido nucleico que se une a un sitio diana en el gen endógeno del factor de transcripción GRF, el sitio diana que comprende al menos 80% de identidad de secuencia con la secuencia de nucleótidos de cualquiera de SEQ ID Nº 96 - 103 o SEQ ID Nº 122 - 129 y/o que codifica una secuencia que tiene al menos 80% de identidad de secuencia con la secuencia de aminoácidos de cualquiera de SEQ ID Nº 104 - 108. Reivindicación 24: Una planta de soja que comprende un gen del factor de transcripción del Factor de Regulación del Crecimiento (GRF) que comprende una mutación en la secuencia de nucleótidos de cualquiera de SEQ ID Nº 72, 73, 75, 76, 78, 79, 81, 82, 84, 85, 87, 88, 90, 91, 93, 94, 96- 103, 109 o 122 - 129, opcionalmente donde la mutación resulta en un gen del factor de transcripción GRF que tiene al menos 90% de identidad de secuencia con la secuencia de nucleótidos de cualquiera de SEQ ID Nº 133  147. Reivindicación 50: Un ácido nucleico guía que se une a un sitio de unión en un gen del factor de transcripción GRF, el sitio diana comprende una secuencia que tiene al menos 80% de identidad de secuencia con la secuencia de nucleótidos de cualquiera de SEQ ID Nº 96 - 103 o SEQ ID Nº 122 - 129, o que codifica una secuencia que tiene al menos 80% de identidad de secuencia con la secuencia de aminoácidos de cualquiera de SEQ ID Nº 104  108. Reivindicación 57: Un complejo que comprende una proteína efectora CRISPR-Cas que comprende un dominio de escisión (por ejemplo, nucleasa) y un ácido nucleico guía (por ejemplo, ARNg), donde el ácido nucleico guía se une a un sitio diana en un gen del factor de transcripción GRF, el gen del factor de transcripción GRF a) comprende una secuencia que tiene al menos 80% de identidad de secuencia con la secuencia de nucleótidos de cualquiera de SEQ ID Nº 72, 73, 75, 76, 78, 79, 81, 82, 84, 85, 87, 88, 90, 91, 93 o 94; b) comprende una región que tiene al menos 80% de identidad de secuencia con la secuencia de nucleótidos de cualquiera de SEQ ID Nº 96 - 103 o SEQ ID Nº 122 - 129; c) codifica una secuencia que tiene al menos 80% de identidad de secuencia con la secuencia de aminoácidos de cualquiera de SEQ ID Nº 74, 77, 80, 83, 86, 89, 92, o 95; y/o d) comprende una región que codifica una secuencia que tiene al menos 80% de identidad de secuencia con la secuencia de aminoácidos de cualquiera de SEQ ID Nº 104 - 108, donde el dominio de escisión escinde una hebra diana en el gen del factor de transcripción GRF. Reivindicación 58: Un casete de expresión que comprende a) un polinucleótido que codifica una proteína efectora CRISPR-Cas que comprende un dominio de escisión y b) un ácido nucleico guía que se une a un sitio diana en un gen del factor de transcripción GRF, donde el ácido nucleico guía comprende una secuencia espaciadora que es complementaria y se une a una porción de una secuencia i) que tiene al menos 80% de identidad de secuencia con la secuencia de nucleótidos de cualquiera de SEQ ID Nº 72, 73, 75, 76, 78, 79, 81, 82, 84, 85, 87, 88, 90, 91, 93, 94, 96 - 103 o 122 - 129; y/o ii) que codifica una secuencia que tiene al menos 80% de identidad de secuencia 20 con la secuencia de aminoácidos de cualquiera de SEQ ID Nº 74, 77, 80, 83, 86, 89, 92, 95, o 104 - 108, opcionalmente donde una porción de una secuencia es de aproximadamente 2 a aproximadamente 22 nucleótidos consecutivos. Reivindicación 59: Un ácido nucleico que codifica un ARNm del factor de transcripción GRF que comprende una mutación en o adyacente a un sitio de unión de miR396 que interrumpe la unión de miR396 con el ARNm del factor de transcripción GRF lo cual resulta en niveles aumentados de ARNm del factor de transcripción GRF producido por el ácido nucleico. Reivindicación 64: Una planta de soja o una parte de planta de esta que comprende al menos una mutación no natural en al menos un gen endógeno del Factor de Regulación del Crecimiento (GRF) que tiene un número de identificación (ID del gen) que es GLYMA_11g008500, GLYMA_01g234400, GLYMA_12g014700, GLYMA_11g110700, GLYMA_07g038400, GLYMA_16g007600, GLYMA_04g230600 y/o GLYMA_06g134600. Reivindicación 66: Un ácido nucleico guía que se une a un ácido nucleico diana en un Factor de Regulación del Crecimiento (GRF) que tiene el número de identificación de gen (ID del gen) que es GLYMA_11g008500, GLYMA_01g234400, GLYMA_12g014700, GLYMA_11g110700, GLYMA_07g038400, GLYMA_16g007600, GLYMA_04g230600 y/o GLYMA_06g134600.",,,,"63/211,860 17.06.2021 US","WO/2022/266271

UY0001039822

CA3223995

EP4355083

CN117897050

MX2023014775

IN202447002329This application is not viewable in PATENTSCOPE because the national phase entry has not been published yet or the national entry is issued from a country that does not share data with WIPO or there is a formatting issue or an unavailability of the application.",,,,,,
CN369011258,202210336609,China,31.03.2022,114703187,05.07.2022,B,"C12N 15/113
					






C12N 15/82
					






C12N 15/10
					






A01H 5/00
					






A01H 6/00
					








C12N 15/113
					






C12N 15/82
					






C12N 15/10
					






A01H 5/00
					






A01H 6/00
					






View less classifications","C07K 14/415
					






C12N 15/8216
					






C12N 2830/34
					






Y02A 50/30
					








C07K 14/415
					






C12N 15/8216
					






C12N 2830/34
					






Y02A 50/30
					






View less classifications",NORTHEAST FORESTRY UNIVERSITY东北林业大学,ZENG FANSUO曾凡锁GAO SHANGZHU高尚珠CHEN XIAOHUI陈晓慧QI FENGHUI齐凤慧WANG XIGANG王希刚LIU HAITAO刘海涛ZHANG ZHENFENG张振峰HAN SHIJUN韩士君MA MINGHAO马铭浩,,(EN) Fraxinus mandshurica U6 gene promoter proFmU6.7 and cloning and application thereof(ZH) 一种水曲柳U6基因启动子proFmU6.7及其克隆与应用,,"(EN) The invention relates to a fraxinus mandshurica U6 gene promoter proFmU6.7 as well as cloning and application thereof. According to the invention, the fraxinus mandshurica RNA polymerase III type promoter, namely the fraxinus mandshurica endogenous U6 gene promoter proFmU6.7, is successfully cloned for the first time, an activity detection carrier of the fraxinus mandshurica U6 gene promoter is successfully constructed, and through instantaneous transformation of fraxinus mandshurica seedlings and GUS dyeing verification, the promoter is proved to have efficient transcriptional activity. Experiments prove that the fraxinus mandshurica U6 gene truncated promoter proFmU6.7.4 has starting activity and is successfully applied to a CRISPR/Cas9 (clustered regularly interspaced short palindromic repeats/CRISPR associated protein 9) system. According to cloning of the fraxinus mandshurica U6 gene promoter proFmU6.7 and expression analysis of promoter activity, an efficient promoter sequence is provided for research on transformation of fraxinus mandshurica and related plants, and efficient and accurate germplasm innovation and variety genetic improvement of fraxinus mandshurica can be achieved.(ZH) 本发明涉及一种水曲柳U6基因启动子proFmU6.7及其克隆与应用。本发明首次成功克隆了水曲柳RNA聚合酶Ⅲ型启动子——水曲柳内源U6基因启动子proFmU6.7，并成功构建了水曲柳U6基因启动子活性检测载体，通过瞬时转化水曲柳幼苗、GUS染色验证，证明该启动子具有高效转录活性。实验证明一种水曲柳U6基因截短启动子proFmU6.7.4具有启动活性，并成功在CRISPR/Cas9系统中应用。水曲柳U6基因启动子proFmU6.7克隆及启动子活性的表达分析，为研究与水曲柳及近缘植物的转化研究提供了高效的启动子序列，也可以实现对水曲柳高效精准的种质创新与品种遗传改良。",114703187,30.06.2023,,,,,,,,,
CN431134476,202410335035,China,22.03.2024,118127052,04.06.2024,A,"C12N 15/60
					






C12N 9/88
					






C12N 15/82
					






A01H 5/00
					






A01H 6/82
					








C12N 15/60
					






C12N 9/88
					






C12N 15/82
					






A01H 5/00
					






A01H 6/82
					






View less classifications","C12N 9/88
					






C12Y 403/01024
					






C12N 15/8218
					






C12N 15/8243
					






C12N 15/8283
					








C12N 9/88
					






C12Y 403/01024
					






C12N 15/8218
					






C12N 15/8243
					






C12N 15/8283
					






View less classifications","CHINA TOBACCO YUNNAN INDUSTRIAL CO., LTD.云南中烟工业有限责任公司",XU LI许力XU YONG许永GAO XI高茜HUANG HAITAO黄海涛JIANG JIARUI蒋佳芮MI QILI米其利YANG WENWU杨文武LI JING李晶LI XUEMEI李雪梅,,(EN) Application of tobacco phenylalanine ammonialyase gene NtPAL in regulation and control of polyphenol content and disease resistance(ZH) 一种烟草苯丙氨酸解氨酶基因NtPAL调控多酚含量及抗病性的应用,,"(EN) The invention discloses an application of a tobacco phenylalanine ammonialyase gene NtPAL in regulation and control of polyphenol content and disease resistance, the nucleotide sequence of the gene is as shown in SEQ ID NO.1, and the gene comprises 2016bp basic groups. Under normal conditions, the mosaic disease resistance of the NtPAL gene edited plant is compared with that of a control plant in the growth process, and the NtPAL gene edited plant is more susceptible to the tobacco mosaic disease compared with the control plant. The main polyphenol content in the mature period is higher than that of a contrast. The activity of the phenylalanine ammonialyase in an edited plant is obviously lower than that in a control plant in a mature period. In conclusion, the NtPAL gene is knocked out by utilizing a CRISPR/Cas9 mediated gene editing technology to obtain a gene editing plant influencing the mosaic disease resistance of the plant, and the gene plays an important role in tobacco polyphenol content regulation and tobacco mosaic disease resistance, so that a theoretical basis is provided for tobacco phenylalanine ammonialyase research and tobacco disease resistance research.(ZH) 本发明公开了一种烟草苯丙氨酸解氨酶基因NtPAL调控多酚含量及抗病性的应用，该基因核苷酸序列如SEQ ID NO.1所示，包括2016bp个碱基。本发明通过在正常条件下，生长过程中进行NtPAL基因编辑植株与对照植株花叶病抗性比较，NtPAL基因编辑植株较对照植株更易感烟草花叶病。成熟期主要多酚含量测定高于对照。成熟期苯丙氨酸解氨酶活性在编辑植株中显著低于对照植株中的活性。综上所述，利用CRISPR/Cas9介导的基因编辑技术敲除NtPAL基因获得影响植株花叶病抗性基因编辑植株，该基因对于烟草多酚含量调控及烟草花叶病抗性具有重要作用，这为烟草苯丙氨酸解氨酶研究及烟草抗病性研究提供理论基础。",,,北京维澳知识产权代理有限公司 11252,,,,,,,,
CN425951423,202311656062,China,05.12.2023,117660485,08.03.2024,A,"C12N 15/29
					






C07K 14/415
					






C12N 15/84
					






A01H 5/10
					






A01H 6/20
					








C12N 15/29
					






C07K 14/415
					






C12N 15/84
					






A01H 5/10
					






A01H 6/20
					






View less classifications","C07K 14/415
					






C12N 15/8267
					






C12N 15/8218
					






C12N 15/8205
					








C07K 14/415
					






C12N 15/8267
					






C12N 15/8218
					






C12N 15/8205
					






View less classifications",HENAN UNIVERSITY河南大学,TANG NING唐宁HUANG YUPU黄榆普ZHOU QIAOLING周巧玲YU AOFEI于澳飞PENG HUIMIN彭会敏,,(EN) Application of arabidopsis thaliana ERF012 gene in regulation and control of seed germination(ZH) 拟南芥ERF012基因在调控种子萌发中的应用,,"(EN) The invention belongs to the technical field of plant genetic engineering, and particularly relates to application of an arabidopsis thaliana ERF012 gene in regulation and control of seed germination. Wild arabidopsis thaliana is transformed through a gene engineering technology and an agrobacterium tumefaciens inflorescence infection method, an overexpression strain and a mutant strain of the ERF012 gene are obtained, and the function of regulating seed germination of the ERF012 gene is verified and disclosed for the first time. The CRISPR vector for inhibiting the ERF012 gene is introduced into a target plant to obtain a mutant transgenic plant, and the mutant transgenic plant has higher ABA tolerance than a wild strain in a seed germination stage, so that the ABA tolerance of the plant in the seed germination stage can be improved by inhibiting the expression of the ERF012 gene, and a gene resource can be provided for molecular breeding for regulating and controlling the ABA tolerance of the plant.(ZH) 本发明属于植物基因工程技术领域，具体涉及拟南芥ERF012基因在调控种子萌发中的应用。本发明通过基因工程技术、农杆菌花序侵染法转化野生型拟南芥，获得了ERF012基因的超表达和突变体株系，首次验证并公开了ERF012基因调控种子萌发的功能。本发明通过将抑制ERF012基因的CRISPR载体导入目的植物，得到其突变体转基因植物，其在种子萌发阶段对ABA耐受性较野生型株系较高，说明抑制ERF012基因表达能够提高植物种子萌发阶段对于ABA的耐受性，这能够为调控植物ABA耐受性分子育种提供基因资源。",,,郑州芝麻知识产权代理事务所(普通合伙) 41173,,,,,,,,
CN340512517,202110618335,China,03.06.2021,113549617,26.10.2021,B,"C12N 15/113
					






C12N 15/82
					






C12N 15/55
					






C12N 15/29
					






A01H 5/02
					






A01H 5/00
					






View more classifications
							






C12N 15/113
					






C12N 15/82
					






C12N 15/55
					






C12N 15/29
					






A01H 5/02
					






A01H 5/00
					






A01H 6/20
					






View less classifications","C12N 15/8218
					






C12N 15/8207
					






C12N 15/8287
					






C07K 14/415
					






C12N 9/22
					








C12N 15/8218
					






C12N 15/8207
					






C12N 15/8287
					






C07K 14/415
					






C12N 9/22
					






View less classifications",NANJING AGRICULTURAL UNIVERSITY南京农业大学,ZHANG CHANGWEI张昌伟PAN YAOHUA潘尧铧XIAO DONG肖栋REN YIMING任一鸣LIU TONGKUN刘同坤HOU XILIN侯喜林LI YING李英HU CHUNMEI胡春梅WANG JIANJUN王建军,,(EN) SgRNA for editing non-heading Chinese cabbage CENH3 gene and CRISPR/Cas9 vector and application thereof(ZH) 编辑不结球白菜CENH3基因的sgRNA及其CRISPR/Cas9载体和应用,,"(EN) The invention discloses sgRNA for editing a non-heading Chinese cabbage CENH3 gene and a CRISPR/Cas9 vector and application thereof. According to the invention, the sgRNA of the non-heading Chinese cabbage CENH3 gene is designed, the CRISPR/Cas9 gene editing vector is constructed, the CRISPR/Cas9 vector connected with a target DNA fragment is transferred into a non-heading Chinese cabbage genome, and site-directed mutation of the non-heading Chinese cabbage CENH3 gene is achieved through gene editing. According to the invention, the endogenous gene CENH3 of the non-heading Chinese cabbage is edited by combining a pollen nano magnetic transformation technology with a CRISPR/Cas9 technology, a CENH3 haploid induction system is obtained through plant resistance screening, PCR detection and gene sequencing screening, and a foundation is laid for obtaining haploids by utilizing a CENH3-mediated chromosome elimination mechanism in non-heading Chinese cabbage double haploid breeding.(ZH) 本发明公开编辑不结球白菜CENH3基因的sgRNA及其CRISPR/Cas9载体和应用，本发明设计了不结球白菜CENH3基因的sg RNA，构建CRISPR/Cas9基因编辑载体，将连接了目的DNA片段的CRISPR/Cas9载体转入不结球白菜基因组中，通过基因编辑实现对不结球白菜CENH3基因的定点突变。本发明使用花粉纳米磁转化技术结合CRISPR/Cas9技术对不结球白菜内源基因CENH3进行编辑，通过植株抗性筛选、PCR检测、基因测序筛选得到CENH3单倍体诱导系，为在不结球白菜双单倍体育种中利用CENH3介导的染色体消除机制获得单倍体奠定基础。",113549617,30.06.2023,南京天华专利代理有限责任公司 32218南京天华专利代理有限责任公司 32218,,,,,,,,
CN431146863,202410429950.X,China,10.04.2024,118126150,04.06.2024,A,"C07K 14/415
					






C12N 15/29
					






C12N 15/84
					






A01H 5/12
					






A01H 5/04
					






A01H 6/54
					








C07K 14/415
					






C12N 15/29
					






C12N 15/84
					






A01H 5/12
					






A01H 5/04
					






A01H 6/54
					






View less classifications","C07K 14/415
					






C12N 15/8261
					






C12N 15/8216
					






C12N 15/8205
					








C07K 14/415
					






C12N 15/8261
					






C12N 15/8216
					






C12N 15/8205
					






View less classifications",NANJING AGRICULTURAL UNIVERSITY南京农业大学,XU DONGQING许冬清SONG ZHAOQING宋昭庆LIN HUAN林欢,,(EN) Application of GmSIG1 gene in regulation and control of soybean plant type(ZH) GmSIG1基因在调控大豆株型中的应用,,"(EN) The invention discloses application of a GmSIG1 gene in regulation and control of a soybean plant type. A nucleotide sequence of the GmSIG1 gene is shown as SEQ ID NO. 1; the amino acid sequence of the soybean GmSIG1 protein is as shown in SEQ ID NO. 2. A mutant and an overexpression transgenic soybean strain are created for the GmSIG1 gene by utilizing a CRISPR-Cas9 gene editing technology, and compared with a wild type, the plant height of the GmSIG1 gene editing mutant soybean is reduced, and the plant height of the GmSIG1 transgenic soybean is increased; and the petiole included angle of the GmSIG1 gene editing mutant soybean is reduced, and the petiole angle of the GmSIG1 transgenic soybean is increased. Therefore, function deletion editing or overexpression of the GmSIG1 gene in the soybean is an effective way for changing the plant type of the plant, and the method has important production and theoretical significance on breeding of soybean dominant varieties and development of germplasm resources.(ZH) 本发明公开了GmSIG1基因在调控大豆株型中的应用，GmSIG1基因的核苷酸序列如SEQ ID NO.1所示；大豆GmSIG1蛋白的氨基酸序列如SEQ ID NO.2所示。本发明通过对GmSIG1基因利用CRISPR‑Cas9基因编辑技术创制突变体和创制过量表达转基因大豆株系，与野生型相比，GmSIG1基因编辑突变体大豆株高降低、GmSIG1转基因大豆的株高增加；而GmSIG1基因编辑突变体大豆叶柄夹角减小、GmSIG1转基因大豆的叶柄角度增大。因此，在大豆中进行GmSIG1基因的功能缺失编辑或者过量表达是改变植物株型的有效方式，对大豆优势品种的选育及种质资源的开发具有重要的生产和理论意义。",,,南京天华专利代理有限责任公司 32218南京天华专利代理有限责任公司 32218,,,,,,,,
CN415089875,202310785469,China,29.06.2023,117025627,10.11.2023,B,"C12N 15/29
					






C07K 14/415
					






C12N 15/84
					






A01H 5/00
					






A01H 6/82
					








C12N 15/29
					






C07K 14/415
					






C12N 15/84
					






A01H 5/00
					






A01H 6/82
					






View less classifications","C07K 14/415
					






C12N 15/8243
					






Y02A 50/30
					








C07K 14/415
					






C12N 15/8243
					






Y02A 50/30
					






View less classifications",ZHENGZHOU TOBACCO RESEARCH INSTITUTE OF CNTC中国烟草总公司郑州烟草研究院,ZHANG HUI张慧XU GUOYUN徐国云LIU PINGPING刘萍萍ZHAI NIU翟妞ZHENG QINGXIA郑庆霞JIN LIFENG金立锋ZHOU HUINA周会娜,,(EN) Tobacco chloride channel protein NtCLC13 as well as coding gene and application thereof(ZH) 烟草氯离子通道蛋白NtCLC13及其编码基因和应用,,"(EN) The invention discloses a tobacco chloride channel protein NtCLC13 as well as a coding gene and application thereof, and belongs to the technical field of plant genetic engineering. According to the invention, the coding gene NtCLC13 of the tobacco chloride channel protein NtCLC13 is obtained through cloning, and subcellular localization analysis finds that the tobacco chloride channel protein NtCLC13 is localized in cytoplasm. By utilizing a CRISPR/Cas9 technology, the constructed gene editing vector is transferred into a tobacco plant through an agrobacterium transformation method, and the NtCLC13 gene knockout tobacco plant is successfully constructed. The chlorine ion content of the knockout plant leaves is obviously reduced, so that the cultivation of a new variety of low-chlorine tobacco becomes possible, and a new direction is provided for improving the situation that the chlorine content of flue-cured tobacco in part of tobacco areas in China is high. Meanwhile, a gene network for regulating and controlling the chloride ions in the tobacco is enriched, and important significance is achieved for regulating and controlling the content of the chloride ions in the tobacco and further understanding molecular regulation and control of chloride ion transport.(ZH) 本发明公开了烟草氯离子通道蛋白NtCLC13及其编码基因和应用，属于植物基因工程技术领域。本发明克隆获得烟草氯离子通道蛋白NtCLC13的编码基因NtCLC13基因，而且利用亚细胞定位分析发现，烟草氯离子通道蛋白NtCLC13定位在细胞质中。利用CRISPR/Cas9技术，通过农杆菌转化法将构建的基因编辑载体转入烟草植株中，成功构建了NtCLC13基因敲除烟草植株。敲除株叶片氯离子含量显著降低，这使培育低氯烟草新品种成为可能，为改善我国部分烟区烤烟氯含量偏高的情况提供一个新的方向。同时丰富了烟草中氯离子调控的基因网络，对调控烟草中氯离子含量、进一步了解氯离子转运的分子调控有重要意义。",117025627,01.11.2024,郑州睿信知识产权代理有限公司 41119,,,,,,,,
CN409115559,202310699899,China,14.06.2023,116751272,15.09.2023,B,"C07K 14/415
					






C12N 15/29
					






C12N 15/113
					






C12N 15/84
					






A01H 5/00
					






A01H 6/46
					








C07K 14/415
					






C12N 15/29
					






C12N 15/113
					






C12N 15/84
					






A01H 5/00
					






A01H 6/46
					






View less classifications","C07K 14/415
					






C12N 15/8282
					






C12N 15/8216
					






C12N 15/8205
					








C07K 14/415
					






C12N 15/8282
					






C12N 15/8216
					






C12N 15/8205
					






View less classifications",NANKAI UNIVERSITY南开大学,BIAN QIANG边强LI ZHUO李卓YUAN DEPENG苑德鹏XUAN YUANHU玄元虎YU SHUJING于淑晶,,(EN) Application of NAC079 gene in regulation and control of rice sheath blight resistance(ZH) NAC079基因在调控水稻抗纹枯病中的应用,,"(EN) The invention relates to the technical field of gene engineering, in particular to application of an NAC079 gene in regulation and control of rice sheath blight resistance. According to the invention, an NAC079 gene in receptor rice is edited by virtue of a CRISPR/Cas9 gene editing technology, so that a transgenic plant nac079 of which the NAC079 is knocked out is obtained. Meanwhile, an overexpression transgenic plant NAC079OX of the NAC079 is obtained through an overexpression transgenic technology. According to the technical regulations for identifying the resistance of the rice sheath blight disease, resistance identification is carried out by inoculating rhizoctonia solani AG1-IA, and it is found that compared with wild rice, a nac079 plant is more resistant to diseases, and an NAC079OX plant is more susceptible to diseases. It is proved that the NAC079 gene is related to the resistance of rice to the sheath blight disease and can be used for creating new germplasm resistant to the rice sheath blight disease.(ZH) 本发明涉及基因工程技术领域，特别是涉及NAC079基因在调控水稻抗纹枯病中的应用。本发明通过CRISPR/Cas9基因编辑技术，对受体水稻中的NAC079基因进行编辑，获得NAC079敲除的转基因植株nac079。同时通过过表达转基因技术获得NAC079过表达转基因植株NAC079OX。按照水稻纹枯病抗性活体叶鞘鉴定技术规程，通过接种纹枯病菌(Rhizoctoniasolani)AG1‑IA进行抗性鉴定发现，与野生型水稻相比，nac079植株更加抗病，NAC079OX植株则更加感病。证实了NAC079基因与水稻对纹枯病的抗性相关，可用于创制水稻纹枯病抗性新种质。",116751272,06.02.2024,北京高沃律师事务所 11569,,,,,,,,
CN217719882,201810059521,China,22.01.2018,107988252,04.05.2018,B,"C12N 15/82
					






C12N 15/29
					






C07K 14/415
					






A01H 5/00
					






A01H 6/46
					








C12N 15/82
					






C12N 15/29
					






C07K 14/415
					






A01H 5/00
					






A01H 6/46
					






View less classifications","C07K 14/415
					






C12N 15/8213
					






C12N 15/8218
					






C12N 15/8261
					








C07K 14/415
					






C12N 15/8213
					






C12N 15/8218
					






C12N 15/8261
					






View less classifications","INSTITUTE OF GENETICS AND DEVELOPMENTAL BIOLOGY, CHINESE ACADEMY OF SCIENCES中国科学院遗传与发育生物学研究所",ZHOU YIHUA周奕华ZHANG BAOCAI张保才WANG SHAOGAN王少干,,(EN) Application of bHLH73 protein to regulation and control of plant height(ZH) bHLH73蛋白在调控植物株高中的应用,,"(EN) The invention discloses a method for culturing plant with height reduction. The method comprises the following step of inhibiting the expression of a bHLH73 gene in a starting plant so as to reduce the plant height, wherein the bHLH73 gene is nucleic acid for coding bHLH73 protein, and the bHLH73 protein is protein shown by a sequence 1 in a sequence table. The condition that after the partial fragments of the bHLH73 gene is knocked out by a CRISPR/Cas9 technology, the rice adult plant height is obviously reduced is discovered and proved, so that the method provided by the invention can be used for enhancing the rice lodging-resistant performance and culturing the short-stalk rice variety; important effects can be achieved in the rice breeding work; the yield and the quality of the rice can be favorably improved; important economic values are realized.(ZH) 本发明公开了一种培育株高降低的植物的方法，包括如下步骤：抑制出发植物中bHLH73基因的表达，从而使植物的株高降低；所述bHLH73基因为编码bHLH73蛋白的核酸；所述bHLH73蛋白为序列表的序列1所示的蛋白质。本发明中发现并证实了，通过CRISPR/Cas9技术敲除bHLH73基因的部分区段后，水稻成株株高显著降低，因此本发明可用于增加水稻抗倒伏性，培育矮杆水稻品种，将在水稻育种工作中发挥重大作用，有助于提高稻米产量和品质，具有重要经济价值。",107988252,26.05.2020,北京纪凯知识产权代理有限公司 11245北京纪凯知识产权代理有限公司 11245,,,,,,,,
CN441690782,202411169010,China,23.08.2024,118773248,15.10.2024,A,"C12N 15/82
					






C12N 15/29
					






A01H 5/00
					






A01H 6/82
					








C12N 15/82
					






C12N 15/29
					






A01H 5/00
					






A01H 6/82
					






View less classifications","C12N 15/8283
					






C12N 15/8218
					






C07K 14/415
					








C12N 15/8283
					






C12N 15/8218
					






C07K 14/415
					






View less classifications","INSTITUTE OF PLANT PROTECTION, CHINESE ACADEMY OF AGRICULTURAL SCIENCES中国农业科学院植物保护研究所",LI FANGFANG李方方CHEN YALIN陈雅琳ZHOU XUEPING周雪平,,(EN) Application of PEX16 gene in regulation and control of plant virus resistance and transgenic plant cultivation method(ZH) PEX16基因在调控植物抗病毒中的应用及转基因植物培育方法,,"(EN) The invention discloses an application of a PEX16 gene in regulation and control of plant virus resistance and a transgenic plant cultivation method, the virus is cucumber green mottle mosaic virus, and a transcript sequence of the PEX16 gene is shown as SEQ ID NO: 1; the plant is nicotiana benthamiana. According to the invention, a nicotiana benthamiana pex16 gene mutant plant obtained by mutation of the PEX16 gene through a CRISPR/Cas9 technology can significantly inhibit infection of the cucumber green mottle mosaic virus.(ZH) 本发明公开了一种PEX16基因在调控植物抗病毒中的应用及转基因植物培育方法，所述病毒为黄瓜绿斑驳花叶病毒，PEX16基因的转录本序列如SEQ ID NO:1所示；所述植物为本氏烟。本发明通过CRISPR/Cas9技术将PEX16基因进行突变获得的本氏烟pex16基因突变体植株能够显著抑制黄瓜绿斑驳花叶病毒的侵染。",,,北京东方尚禾专利代理事务所(特殊普通合伙) 11844北京东方尚禾专利代理事务所(特殊普通合伙) 11844,,,,,,,,
CN420582339,202311209620,China,18.09.2023,117385076,12.01.2024,B,"C12Q 1/6895
					






C12Q 1/6844
					






C12N 15/11
					






C12R 1/77
					








C12Q 1/6895
					






C12Q 1/6844
					






C12N 15/11
					






C12R 1/77
					






View less classifications","C12Q 1/6895
					






C12Q 1/6844
					






C12R 2001/77
					








C12Q 1/6895
					






C12Q 1/6844
					






C12R 2001/77
					






View less classifications",INSTITUTE OF PLANT PROTECTION OF XINJIANG ACADEMY OF AGRICULTURAL SCIENCES新疆农业科学院植物保护研究所CHINESE ACADEMY OF INSPECTION AND QUARANTINE中国检验检疫科学研究院,DING XINHUA丁新华JIANG FAN姜帆FU KAIYUN付开赟WANG XIAOWU王小武JIA ZUNZUN贾尊尊GUO WENCHAO郭文超YANG JIE杨杰,,(EN) Kit and detection method for detecting fusarium verticillium based on RPA-CRISPR/Cas system(ZH) 基于RPA-CRISPR/Cas系统检测拟轮枝镰孢菌的试剂盒和检测方法,,"(EN) The invention discloses a kit for detecting fusarium verticillioides based on an RPA-CRISPR/Cas system and application of the kit, Cas protein is Cas12, the kit comprises an RPA primer and crRNA, the fusarium verticillioides comprises the fusarium verticillioides, and the RPA primer and the crRNA of the fusarium verticillioides are respectively a primer combination FverF1/FverR1 and Fv-crRNA. Aiming at the corn stalk rot pathogenic bacteria with wide distribution, high separation frequency and strong pathogenicity, the invention develops a corn stalk rot pathogenic bacteria on-site visual rapid detection technology based on combination of a recombinase polymerase amplification technology and CRISPR/Cas12a (Clustered Regularly Interspaced Short Palindromic Repeats/CRISPR/CRISPR/CRISPR/Cas12a). According to the technology, reaction can be carried out under the constant temperature condition of 37-42 DEG C, complex instruments and equipment are not needed, and CRISPR/Cas12a can recognize and cut a specific nucleic acid sequence, so that the detection specificity and sensitivity are further improved on the basis of RPA.(ZH) 本发明公开了一种基于RPA‑CRISPR/Cas系统检测拟轮枝镰孢菌的试剂盒及其应用，其中Cas蛋白为Cas12，所述试剂盒包括RPA引物和crRNA，所述镰孢菌包括拟轮枝镰孢菌，拟轮枝镰孢菌的RPA引物和crRNA分别为引物组合FverF1/FverR1、Fv‑crRNA。本发明针对分布广、分离频率高、致病性强的玉米茎腐病病原菌，开发基于重组酶聚合酶扩增技术结合CRISPR/Cas12a的玉米茎腐病病原菌现场可视化快速检测技术。该技术可在37‑42℃恒温条件下进行反应，无需复杂的仪器设备，CRISPR/Cas12a可识别并切割特定核酸序列，从而在RPA基础上进一步增加了检测的特异性和灵敏度。",117385076,21.02.2025,北京百欧知识产权代理事务所(普通合伙) 11930北京百欧知识产权代理事务所(普通合伙) 11930,,,,,,,,
CN223068417,201711351623,China,15.12.2017,108220328,29.06.2018,A,"C12N 15/82
					






C12N 9/22
					






A01H 5/00
					






A01H 6/82
					






C12Q 1/686
					








C12N 15/82
					






C12N 9/22
					






A01H 5/00
					






A01H 6/82
					






C12Q 1/686
					






View less classifications","C12N 9/22
					






C12N 15/8213
					






C12Q 1/686
					








C12N 9/22
					






C12N 15/8213
					






C12Q 1/686
					






View less classifications",ZHENGZHOU TOBACCO RESEARCH INSTITUTE OF CNTC中国烟草总公司郑州烟草研究院HENAN UNIVERSITY河南大学,WANG RAN王燃MIAO YUCHEN苗雨晨GUO JINGGONG郭敬功LI KUN李坤JIN LIFENG金立锋WEI PAN魏攀WANG ZHONG王中QI CHAOYA祁超亚ZHANG LIN张林LI FENG李锋,,(EN) Method for identifying homozygous mutant edited by genome(ZH) 一种鉴定基因组编辑纯合突变体的方法,,"(EN) The invention belongs to the technical field of molecular biology, particularly relates to a simple, convenient and rapid method for screening and identifying a homozygous mutant built by utilizing agenome editing technique. The method is used for screening and identifying the homozygous mutant built by utilizing a CRISPR(clustered regularly inter-spaced palindromic repeats and its associated proteins) /Cas9 system, and comprises the steps of building a CRISPR/Cas9 system carrier, conversion of a plant material, screening the homozygous mutant by utilizing MSBSP(mutation sites based specificprimers)-PCR (polymerase chain reaction) and the like. According to the main technical thoughts of the method, in the mutants built by utilizing the CRISPR/Cas9 system, a less amount of products or even no product is obtained in the PRC compared with a wild type of DNA. On the other hand, two rounds of PCR are adopted in the method, the product obtained in the first round of PCR serves as a template of the second round of PCR, the influence of genome DNA complexity on the product can be avoided, and the efficiency by using the PCR method to identify the mutant created by the CRISPR/Cas9 systemis improved.(ZH) 本发明属于分子生物学技术领域，具体涉及一种简便、快速的筛选、鉴定利用基因组编辑技术创建的纯合突变体的方法。该方法用于筛选与鉴定利用CRISPR/Cas9系统创建的纯合突变体，包括构建CRISPR/Cas9系统载体、转化植物体、利用MSBSP‑PCR筛选纯合突变体等步骤。本申请主要技术思路为：CRISPR/Cas9系统创制的突变体中，相比较于野生型的DNA，PCR反应获得少量的产物或者不能得到产物。另一方面，本申请采用的是两轮PCR，第一轮PCR的产物作为第二轮PCR的模板，可以避免基因组DNA复杂性对产物的影响，提高了PCR方法鉴定CRISPR/Cas9系统创制突变体的效率。",,,郑州联科专利事务所(普通合伙) 41104,,,,,,,,
CN428115147,202410218614,China,28.02.2024,117887901,16.04.2024,A,"C12Q 1/70
					






C12Q 1/6844
					






C12N 15/11
					






C12R 1/93
					








C12Q 1/70
					






C12Q 1/6844
					






C12N 15/11
					






C12R 1/93
					






View less classifications","C12Q 1/707
					






C12Q 1/6844
					






Y02A 50/30
					








C12Q 1/707
					






C12Q 1/6844
					






Y02A 50/30
					






View less classifications","SHANGHAI NORMAL UNIVERSITY上海师范大学SHANGHAI TOLO BIOTECHNOLOGY CO., LTD.上海吐露港生物科技有限公司SHANGHAI CUSTOMS ANIMAL, PLANT AND FOOD INSPECTION AND QUARANTINE TECHNOLOGY CENTER上海海关动植物与食品检验检疫技术中心",ZHAO YU赵渝LI QIANQIAN李倩倩WANG JIN王金GUO DEHUA郭德华XUE JUNXIN薛俊欣YANG JIELIN杨捷琳,,(EN) One-tube method for detecting food-borne hepatitis A virus by combining CRISPR/Cas12a and RT-LAMP(ZH) 结合CRISPR/Cas12a和RT-LAMP的用于检测食源性甲肝病毒的一管式方法,,"(EN) The invention relates to a one-tube method for detecting food-borne hepatitis A virus by combining CRISPR/Cas12a and RT-LAMP, which comprises the following specific steps: S1, configuring an RT-LAMP reaction system in a reaction tube, adding a sample to be detected into the reaction tube, additionally arranging an oil seal in the reaction tube, and configuring a CRISPR/Cas12a system comprising an ssDNA fluorescent probe with an FAM fluorophore on a tube cover of the reaction tube; s2, performing isothermal amplification on the tube bottom of the reaction tube to obtain an amplified gene segment; s3, mixing the RT-LAMP reaction system of which the tube bottom amplification is finished with the CRISPR/Cas12a system of the tube cover; and S4, collecting the intensity of the fluorescence signal in the mixed reaction tube, when the intensity of the fluorescence signal in the reaction tube is increased, determining that the to-be-detected sample contains the hepatitis A virus, and when the intensity of the fluorescence signal in the reaction tube is unchanged, determining that the to-be-detected sample does not contain the hepatitis A virus.(ZH) 本发明涉及一种结合CRISPR/Cas12a和RT‑LAMP的用于检测食源性甲肝病毒的一管式方法，具体步骤如下：S1、于反应管管内配置RT‑LAMP反应体系，将待测样本加入反应管管内，并于反应管内加装油封，于反应管管盖配置CRISPR/Cas12a体系，包括带有FAM荧光基团的ssDNA荧光探针；S2、反应管管底进行恒温扩增，得到扩增后的基因片段；S3、将管底扩增结束的RT‑LAMP反应体系与管盖的CRISPR/Cas12a体系混合；S4、采集混合后的反应管内的荧光信号强度，当反应管内荧光信号强度增加时，待测样本内含有甲肝病毒，当反应管内荧光信号强度未变时，待测样本内不含有甲肝病毒。",,,上海科盛知识产权代理有限公司 31225,,,,,,,,
CN425359198,202311645972,China,04.12.2023,117625682,01.03.2024,A,"C12N 15/84
					






C12N 15/113
					






C12N 15/40
					






A01H 5/00
					






A01H 6/82
					








C12N 15/84
					






C12N 15/113
					






C12N 15/40
					






A01H 5/00
					






A01H 6/82
					






View less classifications","C12N 15/8283
					






C12N 15/8205
					






C12N 15/1131
					






C07K 14/005
					






C12N 2310/20
					








C12N 15/8283
					






C12N 15/8205
					






C12N 15/1131
					






C07K 14/005
					






C12N 2310/20
					






View less classifications",WEST (CHONGQING) SCIENCE CITY GERMPLASM CREATION AND SYSTEM BIG SCIENCE CENTER西部（重庆）科学城种质创制大科学中心SOUTHWEST UNIVERSITY西南大学,LYU DIANQIU吕典秋JU XISAN琚熙三ZHANG HANYUE张瀚月ZHOU YONGHONG周永洪,,(EN) Method for improving potato PSTVd resistance based on CRISPR-RfxCas13d system and product and application thereof(ZH) 基于CRISPR-RfxCas13d系统提高马铃薯PSTVd抗性的方法及其产品和应用,,"(EN) The invention discloses a method for improving potato PSTVd resistance based on a CRISPR-RfxCas13d system as well as a product and application thereof, and belongs to the technical field of plant biology.A crRNA sequence targeting a PSTVd sequence shown in SEQ ID No.2 or SEQ ID No.5 or targeting a PSTVd sequence shown in SEQ ID No.6-9 at the same time is designed, then a CRISPR-RfxCas13d editing system carrier is constructed, the CRISPR-RfxCas13d editing system can directionally shear RNA of potato spindle tuber viroid PSTVd under mediation of crRNA, and the CRISPR-RfxCas13d editing system can be used for improving the PSTVd resistance of potatoes. The accumulation amount of PSTVd mature bodies and vd-sRNA in the potatoes is reduced, so that the pathogenicity of the PSTVd is reduced, the symptoms of the potatoes caused by the PSTVd are relieved, and the PSTVd resistance of the potatoes is improved.(ZH) 本发明公开了一种基于CRISPR‑RfxCas13d系统提高马铃薯PSTVd抗性的方法及其产品和应用，属于植物生物技术领域，本发明设计了靶向SEQ ID No.2或SEQ ID No.5或同时靶向SEQ ID No.6～9所示的PSTVd序列的crRNA序列，然后构建CRISPR‑RfxCas13d编辑系统载体，CRISPR‑RfxCas13d编辑系统在crRNA介导下可以定向剪切马铃薯纺锤块茎类病毒PSTVd的RNA，降低了马铃薯内PSTVd成熟体和vd‑sRNA的积累量，从而降低了PSTVd的致病力，减轻了马铃薯由于PSTVd产生的病征，提高了马铃薯PSTVd抗性。",,,重庆航图知识产权代理事务所(普通合伙) 50247,,,,,,,,
CN418694201,202210662170,China,13.06.2022,117264947,22.12.2023,A,"C12N 15/113
					






C12N 9/22
					






C12N 15/66
					






C12N 15/29
					






C12N 15/82
					






C12N 15/84
					






View more classifications
							






C12N 15/113
					






C12N 9/22
					






C12N 15/66
					






C12N 15/29
					






C12N 15/82
					






C12N 15/84
					






A01H 5/00
					






A01H 6/74
					






View less classifications","C12N 15/113
					






C12N 9/22
					






C12N 15/66
					






C07K 14/415
					






C12N 15/8218
					






C12N 15/8205
					






View more classifications
							






C12N 15/113
					






C12N 9/22
					






C12N 15/66
					






C07K 14/415
					






C12N 15/8218
					






C12N 15/8205
					






C12N 15/8255
					






C12N 15/825
					






C12N 2310/20
					






C12N 2800/22
					






View less classifications",NANJING AGRICULTURAL UNIVERSITY南京农业大学,WU JUN吴俊MING MEILING明美玲LONG HONGJUN龙虹郡YE ZHICHENG叶志成CHEN JIALI陈佳丽TIAN RONG田荣SUN CONGRUI孙聪睿XUE YONGSONG薛雍松LI JIAMING李甲明ZHAO KEJIAO赵渴娇,,(EN) Pear CRISPR/Cas9 gene editing system and application thereof(ZH) 一种梨CRISPR/Cas9基因编辑系统及其应用,,"(EN) The invention discloses a pear CRISPR/Cas9 gene editing system and application thereof, and belongs to the technical field of plant genetic engineering. Comprising the following steps: selecting target genes; sgRNA (small guide Ribonucleic Acid) is designed; construction of a CRISPR/Cas9 gene editing carrier is carried out; genetic transformation of pear calluses; identifying and counting the editing efficiency of the CRISPR/Cas9 gene in the callus; and observing and analyzing the phenotype of the callus subjected to gene directional editing. According to the method, firstly, the editing efficiency of four different CRISPR/Cas9 expression systems in pear calluses is compared, so that a system with the editing efficiency up to 100% is screened out to carry out directional editing and functional verification on anthocyanin and lignin biosynthesis related genes in pears; and a more efficient, simple and convenient way is provided for gene function research and molecular genetic breeding in pears.(ZH) 本发明公开了一种梨CRISPR/Cas9基因编辑系统及其应用，属于植物基因工程技术领域。包括靶基因的选择；sgRNA的设计；CRISPR/Cas9基因编辑载体的构建；梨愈伤组织的遗传转化；愈伤组织中CRISPR/Cas9基因编辑效率的鉴定与统计；基因定向编辑的愈伤组织表型观察与分析。本发明首先比较了四种不同的CRISPR/Cas9表达系统在梨愈伤组织中的编辑效率，从而筛选出编辑效率高达100％的一个系统对梨中花青苷和木质素生物合成相关基因进行定向编辑和功能验证，为梨中基因功能研究和分子遗传育种提供了更高效简便的途径。",,,南京天华专利代理有限责任公司 32218南京天华专利代理有限责任公司 32218,,,,,,,,
CN326427672,202110442352,China,23.04.2021,112852980,28.05.2021,B,"C12Q 1/6888
					






C12Q 1/6844
					






C12N 15/113
					








C12Q 1/6888
					






C12Q 1/6844
					






C12N 15/113
					






View less classifications","C12N 15/113
					






C12Q 1/6844
					






C12Q 1/6888
					






C12N 2310/20
					








C12N 15/113
					






C12Q 1/6844
					






C12Q 1/6888
					






C12N 2310/20
					






View less classifications","SHANGHAI CUSTOMS ANIMAL, PLANT AND FOOD INSPECTION AND QUARANTINE TECHNOLOGY CENTER上海海关动植物与食品检验检疫技术中心上海科技大学",CAI YICUN蔡一村WANG XINJIE王鑫杰PAN LIANGWEN潘良文XIONG WEI熊炜WANG QIANG王强LIN YINGZHENG林颖铮,,(EN) Detection method for detecting nucleic acid of Atlantic salmon based on CRISPR fluorescence method and detection kit(ZH) 基于CRISPR荧光法检测大西洋鲑核酸的检测方法及其检测试剂盒,,"(EN) The invention discloses a detection kit for detecting nucleic acid of Atlantic salmon based on a CRISPR fluorescence method. The detection kit comprises a CRISPR fluorescence detection system suitable for rapid nucleic acid detection of Atlantic salmon, wherein the CRISPR fluorescence detection system comprises specific crRNA aiming at a mitochondrial target sequence of Atlantic salmon, an efficient isothermal amplification primer combination, CRISPR protein and an ssDNA report system. The invention further discloses a rapid detection method for detecting the nucleic acid of the Atlantic salmon based on the CRISPR fluorescence method, and the detection kit for detecting the nucleic acid of the Atlantic salmon based on the CRISPR fluorescence method is adopted for detection. The detection kit disclosed by the invention not only can be used for fluorescence detection by using a microplate reader, but also can be used for naked eye detection by using fluorescence, and has good sensitivity and specificity.(ZH) 本发明公开了一种基于CRISPR荧光法检测大西洋鲑核酸的检测试剂盒，包括适用于大西洋鲑快速核酸检测的CRISPR的荧光检测体系，所述CRISPR的荧光检测体系包括：针对大西洋鲑线粒体靶序列的特异性crRNA、高效等温扩增引物组合、CRISPR蛋白和ssDNA报告系统。本发明还公开一种基于CRISPR荧光法检测大西洋鲑核酸的快速检测方法，其是采用所述的基于CRISPR荧光法检测大西洋鲑核酸的检测试剂盒进行检测。本发明的检测试剂盒，既可利用酶标仪荧光检测，也可以利用荧光肉眼检测，具有良好的灵敏性和特异性。",112852980,26.11.2021,上海华工专利事务所(普通合伙) 31104上海华工专利事务所(普通合伙) 31104,,,,,,,,
CN346614684,202111068942,China,13.09.2021,113817768,21.12.2021,A,"C12N 15/84
					






C12N 15/29
					






C12N 15/65
					






A01H 5/00
					






A01H 6/82
					








C12N 15/84
					






C12N 15/29
					






C12N 15/65
					






A01H 5/00
					






A01H 6/82
					






View less classifications","C12N 15/8289
					






C12N 15/8218
					






C12N 15/8212
					






C12N 15/8205
					






C12N 15/65
					






C07K 14/415
					








C12N 15/8289
					






C12N 15/8218
					






C12N 15/8212
					






C12N 15/8205
					






C12N 15/65
					






C07K 14/415
					






View less classifications",HUNAN HYBRID RICE RESEARCH CENTER湖南杂交水稻研究中心,SONG SHUFENG宋书锋LI LI李莉ZHANG LONGHUI张龙辉QIU MUDAN邱牡丹LI YIXING李懿星WANG TIANKANG王天抗DONG HAO董皓LI LEI李磊,,"(EN) Method for improving thermo-sensitive sterile rice line, application and recombinant vector(ZH) 改良水稻温敏不育系的方法及应用和重组载体",,"(EN) The invention discloses a method for improving a thermo-sensitive sterile rice line. The method comprises the following steps of obtaining a completely sterile rice plant with homozygous mutation of a fertility regulation gene by combining with a CRISPR/Cas9 method; constructing a wild type fertility regulation gene, an exogenous reporter gene, a pollen lethal gene and a thermo-sensitive sterile restorer gene into an expression vector to obtain a quaternary complementary vector; transforming the quaternary complementary vector into the completely sterile rice plant to obtain a transgenic complementary plant with restored fertility; and carrying out selfing on the transgenic complementary plant to obtain seeds, taking the seeds showing the exogenous reporter gene characters as reproductive line seeds, and taking the seeds not showing the characters as sterile line seeds. The invention discloses an application of the improved thermo-sensitive sterile rice line in rice hybrid seed production. The invention also discloses a recombinant vector. According to the invention, the problem that the fertility of two sterile lines is influenced by the environment and rice lodging is caused can be fundamentally solved, and the transition from two-line hybrid rice to third-generation hybrid rice is realized.(ZH) 本发明公开了改良水稻温敏不育系的方法，包括：结合CRISPR/Cas9方法，获取到育性调控基因纯合突变的完全不育水稻植株；将野生型育性调控基因、外源报告基因、花粉致死基因和温敏不育恢复基因构建入一个表达载体中，得到四元互补载体；将四元互补载体转化入完全不育水稻植株中，得到育性恢复的转基因互补植株；转基因互补植株自交获取种子，表现外源报告基因性状的种子作为繁殖系种子，未表现出性状的种子作为不育系种子。本发明公开了改良的水稻温敏不育系在水稻杂交制种中的应用。本发明还公开了重组载体。本发明可从根本上解决两系不育系育性受环境影响而打摆子的问题，实现两系杂交水稻到第三代杂交水稻的过渡。",,,北京汇智胜知识产权代理事务所(普通合伙) 11346,,,,,,,,
CN429513314,202410178459,China,09.02.2024,118028363,14.05.2024,A,"C12N 15/84
					






C12N 15/29
					






A01H 5/00
					






A01H 5/04
					






A01H 6/00
					








C12N 15/84
					






C12N 15/29
					






A01H 5/00
					






A01H 5/04
					






A01H 6/00
					






View less classifications","C12N 15/8261
					






C07K 14/415
					






Y02A 40/146
					








C12N 15/8261
					






C07K 14/415
					






Y02A 40/146
					






View less classifications",WEST (CHONGQING) SCIENCE CITY GERMPLASM CREATION AND SYSTEM BIG SCIENCE CENTER西部（重庆）科学城种质创制大科学中心SOUTHWEST UNIVERSITY西南大学,WEI HONGBIN魏洪彬CHENG HONGLI程泓莉WU FEI'ER吴菲儿LU JUN卢君XU JINYI徐锦怡LUO KEMING罗克明,,(EN) Application of PtoPIF3.2 gene of populus tomentosa in promoting plant growth and xylem development(ZH) 毛白杨PtoPIF3.2基因在促进植株生长和木质部发育中的应用,,"(EN) The invention discloses application of a populus tomentosa PtoPIF3.2 gene in promoting plant growth and xylem development. The nucleotide sequence of the PtoPIF3.2 gene is shown as SEQ ID No.2. Compared with a wild type, transgenic populus tomentosa with over-expression of PtoPIF3.2 has the advantages that the plant height and stem diameter are increased, and the xylem is obviously increased; ptoPIF3.2 or a homologous gene PtoPIF3.1 of the PtoPIF3.2 is knocked out through CRISPR/Cas9, and compared with a wild type, the mutant poplar has the advantages that the plant height is reduced, the stem diameter is reduced, and the xylem is also remarkably reduced. The result shows that the PtoPIF3.1 and the PtoPIF3.2 are important positive regulatory factors for promoting the growth of the poplar and the development of the xylem. The invention provides a new gene source for regulating and controlling tree height and wood development, and has important application value in the field of forest tree gene engineering.(ZH) 本发明公开了毛白杨PtoPIF3.2基因在促进植株生长和木质部发育中的应用，PtoPIF3.2基因的核酸序列如SEQ ID No.2所示，过量表达PtoPIF3.2的转基因毛白杨与野生型比较，株高和茎粗增加，木质部显著增加；通过CRISPR/Cas9敲除PtoPIF3.2或其同源基因PtoPIF3.1，突变体杨树与野生型比较，株高降低，茎粗减少，木质部也显著减少。上述结果说明PtoPIF3.1和PtoPIF3.2是促进杨树生长及木质部发育的重要正调节因子。本发明为调控树木株高和木材发育提供了新的基因源，在林木基因工程领域有重要应用价值。",,,重庆航图知识产权代理事务所(普通合伙) 50247,,,,,,,,
CN438248373,202410643856,China,23.05.2024,118531048,23.08.2024,A,"C12N 15/82
					






C12N 15/54
					






A01H 6/54
					






A01H 5/00
					








C12N 15/82
					






C12N 15/54
					






A01H 6/54
					






A01H 5/00
					






View less classifications","C12N 15/8261
					






C12N 15/8218
					






C12N 9/1007
					






C12Y 201/01037
					






Y02A 40/146
					








C12N 15/8261
					






C12N 15/8218
					






C12N 9/1007
					






C12Y 201/01037
					






Y02A 40/146
					






View less classifications",NORTHEAST AGRICULTURAL UNIVERSITY东北农业大学,YANG MINGLIANG杨明亮WANG JINHUI王锦辉XIN DAWEI辛大伟XU CHANG徐畅CHEN QINGSHAN陈庆山LIU CHUNYAN刘春燕WANG YUE王悦MA SHENGNAN马胜男MA CHAO马超,,(EN) Application of knockout soybean GmDMEb gene in increasing soybean plant branch number and increasing soybean yield(ZH) 敲除大豆GmDMEb基因在增加大豆植株分枝数及提高大豆产量中的应用,,"(EN) The invention discloses application of a knockout soybean GmDMEb gene in increasing the number of soybean plant branches and increasing the soybean yield, and belongs to the technical field of gene engineering. In order to excavate a gene capable of regulating and controlling the branching number of a soybean plant, construct an ideal soybean plant type and increase the yield of the soybean, a soybean GmDMEb gene knockout vector is constructed by utilizing a CRISPR-Cas9 system, the vector is utilized to convert agrobacterium and infect the soybean to obtain a transgenic soybean with the GmDMEb gene knockout, and the GmDMEb gene knockout can increase the branching number of the soybean plant and improve the yield of the soybean. And the soybean yield can be improved. The invention provides a theoretical basis for creating dominant soybeans and breeding high-yield soybean varieties, and has important theoretical significance and application value.(ZH) 敲除大豆GmDMEb基因在增加大豆植株分枝数及提高大豆产量中的应用，属于基因工程技术领域。为了挖掘能够调控大豆植株分枝数的基因，构建大豆理想株型、提高大豆产量，本发明利用CRISPR‑Cas9系统构建了大豆GmDMEb基因敲除载体，利用该载体转化农杆菌，然后侵染大豆获得了GmDMEb基因敲除的转基因大豆，证实了敲除GmDMEb基因能够增加大豆植株分枝数，并且能够提高大豆产量。本发明为创制优势大豆和大豆高产品种选育提供理论依据，具有重要理论意义和应用价值。",,,哈尔滨市阳光惠远知识产权代理有限公司 23211,,,,,,,,
KR393118858,1020210104895,Republic of Korea,09.08.2021,1020230022749,16.02.2023,B1,"C12N 15/10
					






A01H 1/06
					






A01H 5/10
					






C07K 14/415
					






C12N 15/113
					






C12N 15/82
					






View more classifications
							






C12N 15/10
					






A01H 1/06
					






A01H 5/10
					






C07K 14/415
					






C12N 15/113
					






C12N 15/82
					






C12N 9/22
					






View less classifications","C12N 15/102
					






A01H 1/06
					






A01H 5/10
					






C07K 14/415
					






C12N 15/113
					






C12N 15/8242
					






View more classifications
							






C12N 15/102
					






A01H 1/06
					






A01H 5/10
					






C07K 14/415
					






C12N 15/113
					






C12N 15/8242
					






C12N 9/22
					






C12N 2310/20
					






View less classifications",경상국립대학교산학협력단INDUSTRY-ACADEMIC COOPERATION FOUNDATION GYEONGSANG NATIONAL UNIVERSITY,KIM MIN CHULCHUN HYUN JINCHO HYUN MIN김민철PARK MI SUK전현진CHUNG CHUN HEE조현민박미숙정춘희,,(EN) GMIKP1 GENE EDITING SYSTEM AND USE THEREOF(KO) GmIPK1 유전자교정 시스템 및 이의 용도,,"(EN) According to the present invention, a CRISPR/Cas system for simultaneously editing GmIPK1, which regulates phytic acid biosynthesis in soybeans, and homolog genes thereof is constructed and a gene-corrected soybean transformant with low phytic acid content is developed through gene editing-based technology using the same. A CRISPR/Cas-based soybean gene editing system or vector according to the present invention and a soybean gene editing composition containing the same have the effect of simultaneously suppressing the expression of the IPK1 protein present in soybeans. The present invention may provide a new plant that produces soybeans with reduced content of phytic acid, which is an anti-nutritional factor, by specifically editing a GmIPK1 gene in a soybean plant and may increase the usability and value of soybeans and at the same time, contribute to preserving a clean agricultural ecosystem by cultivating soybeans with reduced phytic acid content from soybean seeds. COPYRIGHT KIPO 2023(KO) 본 발명은 콩에서 피틴산 생합성을 조절하는  및 이의 상동체 유전자를 동시에 교정시키는 CRISPR/Cas 시스템을 구축하였고, 이를 이용한 유전자교정 기반 기술을 통해 피틴산 함량이 낮은 유전자교정 콩 형질전환체 개발하였다. 본 발명에 따른 CRISPR/Cas 기반의 콩 유전자교정 시스템 또는 벡터, 이를 포함하는 콩 유전자교정용 조성물은 콩에 존재하는 IPK1 단백질의 발현을 동시에 억제하는 효과를 가진다. 
본 발명은 콩 식물체에서  유전자를 특이적으로 교정함으로써, 항영양인자인 피틴산 함량이 감소된 콩을 생산하는 새로운 식물체를 제공할 수 있으며, 콩 종자에서 피틴산 함량이 감소된 콩을 육성함으로써 식용 및 사료용으로써의 콩의 이용성 및 가치를 증진시키고, 동시에 깨끗한 농업생태계를 보존하는데 기여할 수 있을 것이다.
        GmIPK1
        GmIPK1",102584891,04.10.2023,최규환,,,,,,,,
,,,,,,,,,,,,,,,,,,,,,,,,,
CN425953501,202311665548,China,06.12.2023,117660520,08.03.2024,A,"C12N 15/82
					






C12N 15/113
					






C12N 15/29
					






A01H 5/00
					






A01H 5/02
					






A01H 6/20
					








C12N 15/82
					






C12N 15/113
					






C12N 15/29
					






A01H 5/00
					






A01H 5/02
					






A01H 6/20
					






View less classifications","C12N 15/8261
					






C12N 15/827
					






C12N 15/8216
					






C12N 15/113
					






C07K 14/415
					






C12N 2310/20
					








C12N 15/8261
					






C12N 15/827
					






C12N 15/8216
					






C12N 15/113
					






C07K 14/415
					






C12N 2310/20
					






View less classifications",HUAZHONG AGRICULTURAL UNIVERSITY华中农业大学,GUO LIANG郭亮PENG YAN彭妍DAI CHENG戴成LIU RUIFAN刘瑞帆,,(EN) Application of BnaSPL14 gene in cultivation of multi-branch high-yield transgenic plant(ZH) BnaSPL14基因在培育多分枝高产转基因植物中的应用,,"(EN) The invention relates to an application of a BnaSPL14 gene in cultivation of a multi-branch high-yield transgenic plant, which specifically comprises the following steps: editing the BnaSPL14 gene of brassica napus by using a CRISPR/Cas9 system to obtain a high-yield rape germplasm resource with advanced flowering phase, increased one-time branch number and obviously increased single plant yield. It is proved that the BnaSPL14 can regulate and control the number of branches at a time, the basic agronomic traits of the plant height are not obviously changed, however, the flowering phase is advanced by 4-6 days, the number of branches is increased by 6-10, and the yield of a single plant is obviously increased compared with that of an acceptor material. The yield of a single plant of a selfed progeny is still obviously higher than that of an unedited acceptor material, the number of branches is increased, the basic agronomic character is excellent, a new germplasm resource is provided for high-yield breeding of the brassica napus, and meanwhile, the method has a wide application prospect in molecular design breeding of the brassica napus.(ZH) 本发明涉及BnaSPL14基因在培育多分枝高产转基因植物中的应用，具体包括利用CRISPR/Cas9系统对甘蓝型油菜BnaSPL14基因进行编辑，获得花期提前、一次分枝数增加、单株产量显著增加的高产油菜种质资源。证明BnaSPL14能够调控一次分枝数目，其株高等基本农艺性状无明显改变，但花期提前4‑6天，分枝数增加6‑10个，单株产量相比受体材料显著增加。其自交后代单株产量仍显著高于未编辑的受体材料且分枝数增加，基本农艺性状优良，为甘蓝型油菜高产育种提供了新的种质资源，同时在油菜分子设计育种中具有广阔的应用前景。",,,武汉集源知识产权代理事务所(普通合伙) 42316,,,,,,,,
CN314570137,201910582527,China,28.06.2019,112143730,29.12.2020,B,"C12N 15/113
					






C12N 15/82
					






A01H 6/54
					








C12N 15/113
					






C12N 15/82
					






A01H 6/54
					






View less classifications","C12N 15/113
					






C12N 15/8213
					






C07K 14/415
					






C12N 2310/10
					






C12N 2310/20
					








C12N 15/113
					






C12N 15/8213
					






C07K 14/415
					






C12N 2310/10
					






C12N 2310/20
					






View less classifications",NORTHEAST AGRICULTURAL UNIVERSITY东北农业大学,ZOU JIANAN邹佳男,,(EN) Soybean GmEF1B gene mutant plant as well as preparation method and application thereof(ZH) 一种大豆GmEF1B基因突变体植株及其制备方法及应用,,"(EN) The invention discloses a soybean GmEF1B gene mutant plant as well as a preparation method and application thereof, and belongs to the technical field of plant biology. The soybean GmEF1B gene mutantplant is provided to clarify the disease-resistant function of soybean genes resistant to sclerotinia sclerotiorum and accelerate the breeding process of soybean varieties resistant to sclerotinia sclerotiorum, and contains a mutant soybean GmEF1B gene. The mutation means base substitution or deletion occurring to a 5'-GCTTCCCCGGCAATGCTCAA-3' nucleotide sequence in a GmEF1B gene coding region so as to change the coded amino acid sequence, and the mutant plant is prepared by a CRISPR/Cas9 gene editing method, and can be used for breeding soybean varieties resistant to sclerotinia sclerotiorum.(ZH) 一种大豆GmEF1B基因突变体植株及其制备方法及应用,属于植物生物技术领域。为了明确大豆抗核盘菌相关基因的抗病功能，加快大豆抗菌核病品种选育的进程，本发明提供了一种大豆GmEF1B基因突变体植株，所述突变体植株含有突变的大豆GmEF1B基因，所述突变是指GmEF1B基因编码区中5’‑GCTTCCCCGGCAATGCTCAA‑3’核苷酸序列发生碱基取代或缺失，使其编码的氨基酸序列发生改变。所述突变体植株通过CRISPR/Cas9基因编辑方法制备获得。本发明可用于大豆抗菌核病品种的选育。",112143730,30.09.2022,哈尔滨市阳光惠远知识产权代理有限公司 23211,,,,,,,,
CN321339029,202011490419,China,16.12.2020,112538486,23.03.2021,B,"C12N 15/29
					






C12N 15/113
					






C12N 15/82
					






C07K 14/415
					






A01H 5/00
					






A01H 6/46
					








C12N 15/29
					






C12N 15/113
					






C12N 15/82
					






C07K 14/415
					






A01H 5/00
					






A01H 6/46
					






View less classifications","C07K 14/415
					






C12N 15/113
					






C12N 15/8218
					






C12N 15/8261
					






C12N 2310/20
					








C07K 14/415
					






C12N 15/113
					






C12N 15/8218
					






C12N 15/8261
					






C12N 2310/20
					






View less classifications",HENAN AGRICULTURAL UNIVERSITY河南农业大学,GOU MINGYUE苟明月JING TENG荆腾WU YUYING武玉莹FAN TIANYUAN范田源LI JIANKUN李见坤,,"(EN) Gene for controlling maize plant height, protein encoded by gene and application of gene(ZH) 控制玉米株高的基因、其编码的蛋白质以及应用",,"(EN) The invention relates to the field of biotechnology and genetic breeding, in particular to a gene for controlling the maize plant height, protein encoded by the gene and application of the gene. The gene is ZmBON1, and the nucleotide sequence of the gene is as shown in SEQ ID NO.1; the application refers to application in maize dwarf material breeding, and a CRISPR/Cas9 gene editing means is utilized to perform site-specific mutagenesis on the maize ZmBON1 gene, so that the function of the maize ZmBON1 gene is lost, and the genetic improvement of the maize plant height is realized. The research provides a new dwarf breeding gene resource, the plant type of an important maize inbred line can be improved through the gene in the future, and the gene is popularized and applied in production.(ZH) 本发明涉及生物技术和遗传育种领域，具体地说，涉及控制玉米株高的基因、其编码的蛋白质以及应用。所述基因为ZmBON1，其核苷酸序列如SEQ ID NO.1所示，所述应用是指在玉米矮化材料育种的应用，其是利用CRISPR/Cas9基因编辑手段，对玉米ZmBON1基因进行定点突变，使得玉米ZmBON1基因功能缺失，来实现对玉米株高的遗传改良。研究提供了新的矮化育种基因资源，未来可通过该基因改良重要玉米自交系的株型，在生产上得以推广应用。",112538486,5.02.2022,西安铭泽知识产权代理事务所(普通合伙) 61223,,,,,,,,
CN350464637,202010731015,China,27.07.2020,113999871,01.02.2022,B,"C12N 15/82
					






C12N 15/113
					






A01H 5/10
					






A01H 6/46
					








C12N 15/82
					






C12N 15/113
					






A01H 5/10
					






A01H 6/46
					






View less classifications","C12N 15/8218
					






C12N 15/8261
					






C12N 15/113
					






C07K 14/415
					






C12N 2310/20
					








C12N 15/8218
					






C12N 15/8261
					






C12N 15/113
					






C07K 14/415
					






C12N 2310/20
					






View less classifications","CHINA NATIONAL SEED GROUP CO., LTD.中国种子集团有限公司",LI HONGJING李弘婧CHEN YA陈雅CHENG XIONGFENG成雄峰WANG WENSHU王文舒TAN CHAO谭超XU NIAN徐念ZHANG ZIQI张子琦DING QI丁琦MA CHONGLIE马崇烈,,(EN) Method for creating dwarf upright plant type rice germplasm and application of dwarf upright plant type rice germplasm(ZH) 创制矮杆直立株型的水稻种质的方法及其应用,,"(EN) The invention discloses a method for creating dwarf upright plant type rice germplasm, which comprises the step of modifying an OsSMG1 (OsMKK4) gene in rice to weaken or lose the function of the OsSMG1 (OsMKK4) gene. The invention further discloses an application of the rice created by the method to breeding or germplasm resource improvement, sgRNA capable of targeting the rice OsSMG1 (OsMKK4) gene, and a CRISPR/Cas9 editing vector capable of targeting the rice OsSMG1 (OsMKK4) gene. The invention provides a new method for rice breeding improvement, and particularly provides a convenient and efficient improvement strategy for other varieties which have good characters and need to be improved in plant type and grain type yield. According to the OsSMG1 (OsMKK4) gene and the method for targeting the OsMKK4 gene, an available gene resource and an improvement strategy are provided for rice seed production.(ZH) 本申请公开了创制矮杆直立株型的水稻种质的方法，其包括修饰水稻中的OsSMG1(OsMKK4)基因，使其功能减弱或丧失。本申请还公开了通过所述方法创制的水稻用于育种或改良种质资源的用途，能够靶向水稻OsSMG1(OsMKK4)基因的sgRNA，以及能够靶向水稻OsSMG1(OsMKK4)基因的CRISPR/Cas9编辑载体。本申请为水稻育种改良提供了一种新的方法，特别是对于一些其它性状良好，株型和粒型产量尚需改良的品种，提供了一种便捷高效的改良策略。本申请所述的OsSMG1(OsMKK4)基因及靶向该基因的方法为水稻制种提供了一个可利用的基因资源和改良策略。",113999871,19.01.2024,北京英赛嘉华知识产权代理有限责任公司 11204北京英赛嘉华知识产权代理有限责任公司 11204,,,,,,,,
CN321339794,202011538862,China,23.12.2020,112538496,23.03.2021,A,"C12N 15/80
					






C12N 15/113
					






C12N 1/15
					






C12R 1/645
					








C12N 15/80
					






C12N 15/113
					






C12N 1/15
					






C12R 1/645
					






View less classifications","C12N 15/80
					






C12N 15/1137
					






C12N 9/00
					






C12N 2310/20
					








C12N 15/80
					






C12N 15/1137
					






C12N 9/00
					






C12N 2310/20
					






View less classifications",GUANGDONG INSTITUTE OF MICROBIOLOGY (GUANGDONG DETECTION CENTER OF MICROBIOLOGY )广东省微生物研究所（广东省微生物分析检测中心）,YE WEI叶伟ZHANG WEIMIN章卫民ZHU MUZI朱牧孜CEN YOUFEI岑由飞LI SAINI李赛妮LIU HONGXIN刘洪新LI HAOHUA李浩华,,(EN) CRISPR/Cas9 vector suitable for myrothecium roridum A553 as well as construction method and application of CRISPR/Cas9 vector(ZH) 一种适用于露湿漆斑菌A553的CRISPR/Cas9载体及其构建方法和应用,,"(EN) The invention discloses a CRISPR (Clustered Regularly Interspaced Short Palindromic Repeats)/Cas9 vector suitable for myrothecium roridum A553 as well as a construction method and application of the CRISPR/Cas9 vector. The CRISPR/Cas9 vector suitable for the plant endophytic fungus myrothecium roridum A553 is constructed, the key biosynthetic gene Tri18 of the novel trichothecene is knocked out, the function of the target gene is further verified through metabolite contrastive analysis, a molecular biological foundation is laid for later analysis of trichothecenes biomachine synthesis in the myrothecium roridum A553, and the development and utilization of the trichothecenes compounds in the aspect of lead compounds of antitumor drugs are promoted.(ZH) 本发明公开了一种适用于露湿漆斑菌A553的CRISPR/Cas9载体及其构建方法和应用。本发明构建了适用于植物内生真菌露湿漆斑菌A553的CRISPR/Cas9载体，并对新型单端孢霉烯的关键生物合成基因Tri18进行敲除，并通过代谢产物对比分析进一步验证目的基因的功能，为后期解析露湿漆斑菌A553中单端孢霉烯trichothecenes生物机合成制奠定分子生物学基础，促进trichothecenes类化合物在抗肿瘤药物先导化合物方面的开发利用。",,,广州科粤专利商标代理有限公司 44001广州科粤专利商标代理有限公司 44001,,,,,,,,
CN428735721,202311784843,China,24.12.2023,117925448,26.04.2024,A,"C12N 1/20
					






C12Q 1/689
					






C12Q 1/6844
					






C12N 15/11
					






C12R 1/01
					








C12N 1/20
					






C12Q 1/689
					






C12Q 1/6844
					






C12N 15/11
					






C12R 1/01
					






View less classifications","C12N 1/205
					






C12Q 1/689
					






C12Q 1/6844
					






C12R 2001/01
					








C12N 1/205
					






C12Q 1/689
					






C12Q 1/6844
					






C12R 2001/01
					






View less classifications","HUBEI BIOPESTICIDE ENGINEERING RESEARCH CENTER湖北省生物农药工程研究中心INSTITUTE OF PLANT PROTECTION, CHINESE ACADEMY OF AGRICULTURAL SCIENCES中国农业科学院植物保护研究所",HU HONGTAO胡洪涛XU JINGXIA许婧霞GONG YAN龚艳WANG QI王麒WANG QIUXIA王秋霞ZHANG XINGZHONG张兴中LI KUI李奎YAN DONGDONG颜冬冬YI JUPING易菊平,,"(EN) Low-temperature specific ralstonia solanacearum, specific fragment and application(ZH) 低温特异性生姜青枯菌、特异性片段及应用",,"(EN) The invention belongs to the technical field of agricultural microbiology, and discloses low-temperature specific ralstonia solanacearum, a specific fragment and application. The bacterial strain is obtained by identifying Laifeng ginger, and has intraspecific specificity and genome difference with the bacterial strain of ralstonia solanacearum reported at present. The invention further provides an RPA (recombinase polymerase amplification) amplification system and a CRISPR/Cas12a (clustered regularly interspaced short palindromic repeats/CRISPR associated 12a) detection system for rapidly detecting the strain. According to the method, an RPA (recombinase polymerase amplification) technology and a CRISPR/Cas12a (clustered regularly interspaced short palindromic repeats/CRISPR/Cas12a) system are combined for use to develop a novel RPA-CRISPR/Cas12a molecular diagnosis mode, a target fragment is amplified at the constant temperature of 39 DEG C, a detection site is designed aiming at the ralstonia solanacearum, and a detection result is presented in a test strip mode. According to the method, the disease is rapidly and effectively detected on a base layer through simple experimental equipment and operation, rapid distinguishing between susceptible ginger and healthy ginger is achieved, and the loss of the ginger industry is reduced.(ZH) 本发属于农业微生物学技术领域，公开了低温特异性生姜青枯菌、特异性片段及应用。该菌株为来凤生姜鉴定所得，与现有报道的青枯菌的菌株存在种内特异性和基因组差异。本发明进一步提供过了用于对该菌株快速检测的RPA扩增体系和CRISPR/Cas12a检测体系。该方法将RPA技术与CRISPR/Cas12a系统联合使用开发RPA‑CRISPR/Cas12a新型分子诊断方式，通过39℃恒温扩增目的片段，针对该青枯菌设计检测位点，将检测结果通过试纸条的方式呈现。该方法通过简单的实验器材和操作实现在基层快速、有效的对该病均进行检测，实现感病和健康生姜的快速区分，减少生姜产业的损失。",,,武汉宇晨专利事务所(普通合伙) 42001,,,,,,,,
CN340397319,202010321801,China,22.04.2020,113528515,22.10.2021,B,"C12N 15/113
					






C12N 15/79
					






C12N 15/65
					






C12N 15/90
					






C12N 15/81
					








C12N 15/113
					






C12N 15/79
					






C12N 15/65
					






C12N 15/90
					






C12N 15/81
					






View less classifications","C12N 15/113
					






C12N 15/79
					






C12N 15/65
					






C12N 15/815
					






C12N 15/902
					






C12N 2310/20
					








C12N 15/113
					






C12N 15/79
					






C12N 15/65
					






C12N 15/815
					






C12N 15/902
					






C12N 2310/20
					






View less classifications",CAS CENTER FOR EXCELLENCE IN MOLECULAR PLANT SCIENCES中国科学院分子植物科学卓越创新中心,LI XUAN李轩JING XINYUN荆新云ZHANG NIUBING张牛冰ZHU YAN朱艳,,(EN) Technology for intervening and blocking virus reverse transcription transposition based on CRISPR-Cas13a(ZH) 基于CRISPR-Cas13a干预阻断病毒逆转录转座的技术,,"(EN) The invention provides a technology for intervening and blocking reverse transcription transposition of a reverse transcription organism based on CRISPR-Cas13a. The invention discloses a technology for intervening and blocking reverse transcription transposition of the reverse transcription organism based on CRISPR-Cas13a, a system for blocking reverse transcription transposition of the reverse transcription organism in eukaryotic cells and application of the system. In the invention, research and demonstration are carried out on the basis of the model system of the retrovirus Tf1. According to the technical scheme, Cas13a is used for inhibiting reverse transcription transposition for the first time, and the reverse transcription transposition blocking efficiency of Cas13a is ideal.(ZH) 本发明提供了一种基于CRISPR‑Cas13a干预阻断逆转录生物体的逆转录转座的技术。本发明揭示了一种基于CRISPR‑Cas13a干预阻断逆转录生物体逆转录转座的技术，以及用于阻断逆转录生物体在真核细胞内逆转录转座的体系及其应用。本发明中以Tf1这一逆转录病毒的模型体系进行了研究和论证。本发明的技术方案不仅首次利用Cas13a实现对逆转录转座的抑制，而且其阻断逆转录转座的效率较为理想。",113528515,05.05.2023,上海专利商标事务所有限公司 31100,,,,,,,,
CN361405908,202210151250,China,16.02.2022,114438119,06.05.2022,B,"C12N 15/82
					






C12N 15/65
					






C12N 15/29
					






A01H 5/00
					






A01H 6/46
					








C12N 15/82
					






C12N 15/65
					






C12N 15/29
					






A01H 5/00
					






A01H 6/46
					






View less classifications","C12N 15/8218
					






C12N 15/8212
					






C07K 14/415
					






Y02A 40/146
					








C12N 15/8218
					






C12N 15/8212
					






C07K 14/415
					






Y02A 40/146
					






View less classifications",GUANGXI UNIVERSITY广西大学,XIA JIXING夏继星WANG ZHIGANG王志刚ZHANG BAOLEI张宝磊PENG LIYUN彭丽云XIN YAFENG辛亚峰,,(EN) Preparation method and application of polygene mutant rice plant carrying marker(ZH) 一种携带标记的多基因突变体水稻植株的制备方法及其应用,,"(EN) The invention discloses a preparation method of a polygene mutant rice plant carrying a marker, which comprises the following steps: combining a CRISPR/Cas9 gene editing technology with other tag genes for use, respectively constructing OsMYB36a/b/c-sgRNA expression cassettes, and connecting the OsMYB36a/b/c-sgRNA expression cassettes with a tagged target gene segment through an enzyme digestion-connection reaction to obtain the polygene mutant rice plant carrying the marker. The OsMYB36a/b/c three-gene knockout three-knockout vector carries a gene to be researched and an expression tag, and a polygene mutant rice plant carrying the tag is obtained through transformation. According to the invention, the mutation of a knockout target gene can be caused, and the expression of a tagged gene can be started, so that the research on the influence of polygene mutation on other genes is visualized. In addition, the method is simple and convenient to operate and high in universality. The research time can be saved, and the research progress can be accelerated.(ZH) 本发明公开了一种携带标记的多基因突变体水稻植株的制备方法，将CRISPR/Cas9基因编辑技术和其它标签基因联合使用，分别构建OsMYB36a/b/c‑sgRNA表达盒，再通过酶切‑连接反应将它们与带标签的目的基因片段连接起来，得到OsMYB36a/b/c三基因敲除且携带待研究基因和表达标签的三敲载体，转化得到携带标记的多基因突变体水稻植株。本发明既能造成敲除靶点基因的突变又能启动带标签基因的表达，使多基因突变对其它基因影响的研究可视化。并且，该方法操作简单方便，通用性强。有助于节省研究时间、加快研究进度。",114438119,13.10.2023,广西汇佳知识产权代理事务所(普通合伙) 45125,,,,,,,,
CN398216770,202211496128,China,25.11.2022,116064963,05.05.2023,B,"C12Q 1/70
					






C12Q 1/6844
					






C12N 15/11
					






C12R 1/93
					








C12Q 1/70
					






C12Q 1/6844
					






C12N 15/11
					






C12R 1/93
					






View less classifications","C12Q 1/701
					






C12Q 1/6844
					






Y02A 50/30
					








C12Q 1/701
					






C12Q 1/6844
					






Y02A 50/30
					






View less classifications",SHENZHEN CUSTOMS ANIMAL AND PLANT INSPECTION AND QUARANTINE TECHNOLOGY CENTER深圳海关动植物检验检疫技术中心,HUANG CHAOHUA黄超华HUA QUNYI花群义CAO CHENFU曹琛福ZHOU HUALIANG周华亮RUAN ZHOUXI阮周曦LIN YANXING林彦星SHI WEIJUN史卫军WU JIANG吴江,,(EN) CRISPR-Cas12a-based African horse pestivirus visual rapid detection method and kit thereof(ZH) 一种基于CRISPR-Cas12a的非洲马瘟病毒可视化快速检测方法及其试剂盒,,"(EN) The invention belongs to the technical field of biological detection, and particularly relates to a CRISPR-Cas12a (clustered regularly interspaced short palindromic repeats-CRISPR-Cas12a)-based African horse pestivirus visual rapid detection method and a kit. According to the application, a multi-enzyme constant-temperature rapid amplification technology is combined with a CRISPR-Cas12a system, so that the nucleic acid of the African horse pestivirus can be visually and rapidly detected in a reaction tube. Compared with a fluorescent PCR (Polymerase Chain Reaction) method and other constant-temperature expansion methods, the method provided by the invention has the advantages of rapid reaction, high sensitivity, high specificity, convenience in use and important clinical application value.(ZH) 本申请属于生物检测技术领域，具体涉及一种基于CRISPR‑Cas12a的非洲马瘟病毒可视化快速检测方法及试剂盒。本申请将多酶恒温快速扩增技术与CRISPR‑Cas12a系统相结合，实现一个反应管中可视化快速检测非洲马瘟病毒核酸。与荧光PCR方法和其他恒温扩展方法相比，本申请反应快速，且具有高灵敏性和高特异性，使用方便，具有重要临床应用价值。",116064963,19.09.2023,北京蕙识同联专利代理事务所(特殊普通合伙) 11966,,,,,,,,
CN205470769,201710316379,China,08.05.2017,107254485,17.10.2017,A,"C12N 15/82
					






C12N 9/22
					






A01H 5/00
					








C12N 15/82
					






C12N 9/22
					






A01H 5/00
					






View less classifications","C12N 9/22
					






C12N 15/8213
					








C12N 9/22
					






C12N 15/8213
					






View less classifications",NANJING AGRICULTURAL UNIVERSITY,WAN JIANMINCHEN SAIHUAJIANG LINGWANG YIHUAWANG DIZHENG TIANHUILI JINGFANGZHAO ZHIGANGLIU YUQIANG,,(EN) Novel reaction system for rapidly constructing plant gene site-directed knockout carrier(ZH) 一种能够快速构建植物基因定点敲除载体的新反应体系,,"(EN) The invention discloses a novel reaction system for rapidly constructing a plant gene site-directed knockout carrier. The system comprises 1) based on a CRISPR-Cas system carrier, the carrier comprises the DNA molecules having the following characteristics: an agrobacterium infection method is used for carrier conversion to the plant, a carrier capable of simultaneously realizing driving of SgRNA by an OsU3 promoter for transcription and driving of Cas9 protein by an Ubiquitin promoter for expression; 2) restriction enzyme AarI; 3) buffer and Oligo required by a reaction of the restriction enzyme AarI; 4) target gene site specific DNA double chain; and 5) T4DNA ligase and ATP required by an enzyme reaction. The system only requires 5-10 reaction cycles for rapidly and efficiently completing a construction process of plasmid, greatly simplify the operation flow, and satisfies the requirement of rapid construction with high flux for plant gene site-directed knockout plasmid.(ZH) 本发明公开一种能够快速构建植物基因定点敲除载体的新反应体系，包括：(1)基于CRISPR‑Cas系统的载体，所述载体具有如下特征的DNA分子：在农杆菌侵染法转化到植物后，能够同时实现OsU3启动子驱动SgRNA的转录和Ubiquitin启动子驱动Cas9蛋白表达的载体；(2)限制性内切酶AarⅠ；(3)限制性内切酶AarⅠ反应所需的buffer和Oligo；(4)靶基因位点特异性的DNA双链；(5)T4DNA连接酶及该酶反应所需的ATP。本发明所述体系只需5‑10个反应循环就能快速高效完成质粒的构建过程，极大简化了操作流程，满足快速、高通量构建植物基因定点敲除质粒的需求。",,,,,,,,,,,
CN438250681,202410697791,China,31.05.2024,118531053,23.08.2024,A,"C12N 15/82
					






C07K 14/415
					






C12N 15/29
					






A01H 5/00
					






A01H 6/46
					








C12N 15/82
					






C07K 14/415
					






C12N 15/29
					






A01H 5/00
					






A01H 6/46
					






View less classifications","C12N 15/8261
					






C12N 15/8218
					






C07K 14/415
					






Y02A 40/146
					








C12N 15/8261
					






C12N 15/8218
					






C07K 14/415
					






Y02A 40/146
					






View less classifications",CHINA AGRICULTURAL UNIVERSITY中国农业大学,ZHU ZUOFENG朱作峰HE WEI何苇CHANG LEQIN常乐钦WU WENGUANG吴问广NING JING宁静SUN CHUANQING孙传清,,"(EN) Application of OsCCT22 and coding gene thereof in regulation and control of heading period, plant height and yield of rice(ZH) OsCCT22及其编码基因在调控水稻的抽穗期、株高与产量中的应用",,"(EN) The invention discloses application of OsCCT22 and a coding gene thereof in regulation and control of heading period, plant height and yield of rice. The OsCCT22 disclosed by the invention is a protein of which the amino acid sequence is SEQ ID No. 1. A CRISPR/cas9 gene editing method is utilized to edit the OsCCT22 gene in the rice to obtain an OsCCT22 gene editing strain, the heading period of a rice mutant obtained after the OsCCT22 gene is edited is shortened, the plant height is reduced, and the yield is improved, which shows that the OsCCT22 gene and the OsCCT22 protein thereof can simultaneously regulate and control the heading period, the plant height and the yield of the rice, and the application prospect is very good.(ZH) 本发明公开了OsCCT22及其编码基因在调控水稻的抽穗期、株高与产量中的应用。本发明公开的OsCCT22为氨基酸序列是SEQ ID No.1的蛋白质。本发明利用CRISPR/cas9基因编辑方法对水稻中OsCCT22基因进行编辑，获得OsCCT22基因编辑株系，OsCCT22基因被编辑后所得水稻突变体的抽穗期缩短、株高降低、产量提高，说明OsCCT22基因及其OsCCT22蛋白质可以同时调控水稻的抽穗期、株高与产量，本发明具有很好的应用前景。",,,北京纪凯知识产权代理有限公司 11245,,,,,,,,
CN393834652,202210260018,China,16.03.2022,115747352,07.03.2023,A,"C12Q 1/689
					






C12Q 1/6844
					






C12Q 1/04
					






C12N 15/11
					








C12Q 1/689
					






C12Q 1/6844
					






C12Q 1/04
					






C12N 15/11
					






View less classifications","Y02A 50/30
					








Y02A 50/30
					






View less classifications","SHANGHAI CUSTOMS ANIMAL, PLANT AND FOOD INSPECTION AND QUARANTINE TECHNOLOGY CENTER上海海关动植物与食品检验检疫技术中心",JIANG YUAN蒋原YANG JIELIN杨捷琳SHEN JINLING申进玲XUE JUNXIN薛俊欣LI JIAN李健,,(EN) CRISPR/Cas12a primer and kit for detecting campylobacter jejuni and use method of CRISPR/Cas12a primer and kit(ZH) 一种用于空肠弯曲杆菌检测的CRISPR/Cas12a引物、试剂盒及其使用方法,,"(EN) The invention discloses a CRISPR (clustered regularly interspaced short palindromic repeats)/Cas12a (CRISPR/Cas12a) primer for detecting campylobacter jejuni, a kit and a use method of the CRISPR/Cas12a primer. The CRISPR/Cas12a primer comprises sequences as shown in SEQ ID NO.1 and SEQ ID NO.2, and the kit comprises the CRISPR/Cas12a primer, crRNA or a crRNA preparation reagent, a nucleic acid amplification reagent, a probe and Cas12a enzyme. The kit and the use method thereof have the advantages of rapidness, strong specificity, high sensitivity and the like in detection of Shigella, no special instrument is needed in the detection process, and the kit and the use method have important application value in the fields of disease monitoring, clinical diagnosis, food safety monitoring and the like.(ZH) 本发明公开了一种用于空肠弯曲杆菌检测的CRISPR/Cas12a引物、试剂盒及其使用方法，所述CRISPR/Cas12a引物包括如SEQ ID NO.1和SEQ ID NO.2所示的序列，所述试剂盒包括CRISPR/Cas12a引物、crRNA或crRNA制备试剂、核酸扩增试剂、探针和Cas12a酶。本发明的试剂盒及其使用方法对于志贺氏菌的检测具有快速、特异性强和灵敏度高等优点，其检测过程不需要特殊仪器,在疾病监测、临床诊断和食品安全监测等领域具有重要的应用价值。",,,上海领誉知识产权代理有限公司 31383,,,,,,,,
CN398503042,202211406558,China,10.11.2022,116103443,12.05.2023,A,"C12Q 1/70
					






C12Q 1/6844
					






C12N 15/11
					






C12R 1/93
					








C12Q 1/70
					






C12Q 1/6844
					






C12N 15/11
					






C12R 1/93
					






View less classifications","C12Q 1/701
					






C12Q 1/6844
					






Y02A 50/30
					








C12Q 1/701
					






C12Q 1/6844
					






Y02A 50/30
					






View less classifications","SHANGHAI CUSTOMS ANIMAL, PLANT AND FOOD INSPECTION AND QUARANTINE TECHNOLOGY CENTER上海海关动植物与食品检验检疫技术中心",XUE JUNXIN薛俊欣HAN WEI韩伟FAN YANLI樊彦莉FENG ZHIHANG冯之航LIN YINGZHENG林颖峥LI JIAN李健XIONG WEI熊炜CAI YICUN蔡一村ZHANG QIANG张强,,"(EN) Primer group, kit and detection method for CRISPR (clustered regularly interspaced short palindromic repeats) detection of PRRSV (porcine reproductive and respiratory syndrome virus) pedigree 1C variant(ZH) 用于PRRSV谱系1C变异株CRISPR检测的引物组、试剂盒及其检测方法",,"(EN) The invention relates to a primer group, a kit and a detection method for CRISPR (clustered regularly interspaced short palindromic repeats) detection of a PRRSV (porcine reproductive and respiratory syndrome virus) pedigree 1C variant. Specifically, the invention provides a primer group for CRISPR (clustered regularly interspaced short palindromic repeats) detection of a PRRSV (porcine reproductive and respiratory syndrome virus) pedigree 1C variant. The primer group comprises nucleic acid amplification primer pairs with sequences shown as SEQ ID NO.1 and SEQ ID NO.2. The invention further provides a method for detecting CRISPR of the PRRSV pedigree 1C variant. The primer group disclosed by the invention can be used for CRISPR detection of the PRRSV pedigree 1C variant, and the PRRSV pedigree 1C variant can be efficiently, sensitively and specifically detected by using a CRISPR/Cas12a detection method.(ZH) 本发明涉及用于PRRSV谱系1C变异株CRISPR检测的引物组、试剂盒及其检测方法。具体地，本发明提供用于PRRSV谱系1C变异株CRISPR检测的引物组所述引物组包括：如SEQ ID NO.1和SEQ ID NO.2所示序列的核酸扩增引物对。本发明所述的引物组能够用于PRRSV谱系1C变异株CRISPR检测，使用CRISPR/Cas12a检测方法，能够高效、灵敏、特异性地检测PRRSV谱系1C变异株。",,,上海领誉知识产权代理有限公司 31383,,,,,,,,
CN437268318,202410661836.X,China,27.05.2024,118440980,06.08.2024,B,"C12N 15/82
					






C12N 15/113
					






A01H 5/00
					






A01H 6/46
					






C12Q 1/6895
					








C12N 15/82
					






C12N 15/113
					






A01H 5/00
					






A01H 6/46
					






C12Q 1/6895
					






View less classifications","C12N 15/8261
					






C12N 15/8218
					






C12N 15/113
					






C12Q 1/6895
					






C12Q 2600/13
					






C12Q 2600/158
					






View more classifications
							






C12N 15/8261
					






C12N 15/8218
					






C12N 15/113
					






C12Q 1/6895
					






C12Q 2600/13
					






C12Q 2600/158
					






C12Q 2600/178
					






Y02A 40/146
					






View less classifications","INSTITUTE OF BOTANY, THE CHINESE ACADEMY OF SCIENCES中国科学院植物研究所",ZHANG CUI张翠WANG TAO王涛HU BINBIN胡滨滨LI XIANCHONG李先冲JIANG QING姜庆,,(EN) Application of corn miRNA172 and precursor sequence Zma-MIR172c thereof in change of corn plant height(ZH) 玉米miRNA172及其前体序列Zma-MIR172c在改变玉米株高中的应用,,"(EN) The invention relates to the technical field of molecular biology and molecular breeding, and particularly discloses application of corn miRNA172 and a precursor sequence Zma-MIR172c of the corn miRNA172 in changing the height of a corn plant. The invention discovers that after Zma-MIR172c or miRNA172 is knocked out through a CRISPR (clustered regularly interspaced short palindromic repeats) technology and an STTM (short time transverse motif) technology in corn, the plant height of the corn can be reduced, and the plant height of the corn can be increased through overexpression of the Zma-MIR172c gene. The invention further provides application of the corn miRNA172, a precursor sequence Zma-MIR172c of the corn miRNA172 or a biological material containing the encoding gene of the corn miRNA172 in changing the plant height of the corn, and the sequence of the Zma-MIR172c is shown as SEQ ID NO. 1. The Zma-MIR172c or miRNA172 disclosed by the invention can be used for culturing short-stalk/high-stalk corn varieties, and has a good market application prospect.(ZH) 本发明涉及分子生物学和分子育种技术领域，具体公开了玉米miRNA172及其前体序列Zma‑MIR172c在改变玉米株高中的应用。本发明发现在玉米中通过CRISPR技术和STTM技术敲除Zma‑MIR172c或miRNA172后能够降低玉米的株高，而过表达Zma‑MIR172c基因能够增加玉米的株高。进而提出玉米miRNA172、玉米miRNA172的前体序列Zma‑MIR172c或含有其编码基因的生物材料在改变玉米株高中的应用，所述Zma‑MIR172c的序列如SEQ ID NO.1所示。本发明的Zma‑MIR172c或miRNA172可用于培育矮杆/高杆玉米品种，具有良好的市场应用前景。",118440980,10.01.2025,北京路浩知识产权代理有限公司 11002,,,,,,,,
CN422931410,202311790309,China,25.12.2023,117511913,06.02.2024,A,"C12N 9/22
					






C12N 15/55
					






C12N 15/113
					






C12Q 1/6816
					






A61K 48/00
					








C12N 9/22
					






C12N 15/55
					






C12N 15/113
					






C12Q 1/6816
					






A61K 48/00
					






View less classifications","C12N 9/22
					






C12N 15/113
					






C12Q 1/6816
					






A61K 48/005
					






C12N 2310/20
					








C12N 9/22
					






C12N 15/113
					






C12Q 1/6816
					






A61K 48/005
					






C12N 2310/20
					






View less classifications","INSTITUTE OF MEDICINAL PLANT DEVELOPMENT, CHINESE ACADEMY OF MEDICAL SCIENCES中国医学科学院药用植物研究所",WU QING吴青HU KEPING胡克平,,(EN) Cas12a mutant and application thereof(ZH) Cas12a突变体及其应用,,"(EN) The invention provides a Cas12a mutant and application thereof, the Cas12a mutant mainly comprises three point mutation proteins which are respectively H759A, K768A and K785A amino acid site mutations on wild type Cas12a, a CRISPR-Cas12a system (containing mutated Cas12a protein) can be applied to in-vivo and in-vitro gene editing to reduce the non-specific off-target effect on RNA in cells, can also be applied to molecular detection, and can be applied to the field of in-vivo and in-vitro gene editing to reduce the non-specific off-target effect of RNA in cells. According to the present invention, the mutation of the Cas12a protein is avoided, the occurrence of the error result in the detection is avoided, the CRISPR-Cas12a system (containing the mutation Cas12a protein) can be used in combination with the CRISPR-Cas13a without interfering with the CRISPR-Cas13a, and the CRISPR-Cas12a system is used for detecting two different target nucleic acids.(ZH) 本发明提供一种Cas12a突变体及其应用，主要包括三种点突变蛋白，分别为在野生型Cas12a上发生H759A、K768A、K785A氨基酸位点突变，本发明中的CRISPR‑Cas12a系统(含有突变的Cas12a蛋白)可应用于体内外基因编辑中，降低对细胞内RNA的非特异性脱靶效应，也可应用于分子检测中，避免检测中错误结果的出现，发明中的CRISPR‑Cas12a系统(含有突变的Cas12a蛋白)可实现与CRISPR‑Cas13a联合使用，互不干扰，用于检测两种不同的靶核酸。",,,重庆阿尔法专利代理事务所(普通合伙) 50317,,,,,,,,
CN323175816,201910989836,China,17.10.2019,112680472,20.04.2021,B,"C12N 15/82
					






C12N 15/29
					






A01H 5/06
					






A01H 6/46
					








C12N 15/82
					






C12N 15/29
					






A01H 5/06
					






A01H 6/46
					






View less classifications","Y02A 40/146
					








Y02A 40/146
					






View less classifications",SOUTH CHINA AGRICULTURAL UNIVERSITY华南农业大学,WANG HAIYANG王海洋WEI HONGBIN魏洪彬KONG DEXIN孔德鑫XIE YURONG谢钰容GOU YAJUN苟亚军ZHAO YONGPING赵永平WANG BAOBAO王宝宝LIU YANG刘扬ZHAO BINBIN赵斌斌JING YIFENG景艺峰SHEN RONGXIN沈荣鑫,,(EN) Application of ZmSPL gene to regulation and control of development of crown roots or aerial roots of corn(ZH) ZmSPL基因在调控玉米冠根或气生根发育中的应用,,"(EN) The invention discloses an application of a ZmSPL gene to regulation and control of development of crown roots or aerial roots of corn. A corn Zmsbp20Zmsbp25Zmsbp27 three-mutant plant is obtained after a ZmSBP20 gene, a ZmSBP25 gene and a ZmSBP27 gene in corn are knocked out by utilizing a CRISPR/Cas9 transgenic technology, and phenotypic investigation shows that development of the crown roots of a three-mutant seedling plant is advanced and the number of layers of the aerial roots is increased, and indicates that after the ZmSBP20 gene, the ZmSBP25 gene and the ZmSBP27 gene are knocked out, the corn plant can generate more aerial roots. The method has application prospects in the aspects of promoting development of the crown roots of the corn or increasing the number or the layers of the aerial roots of the corn, cultivating lodging-resistant new corn varieties and the like.(ZH) 本发明公开了ZmSPL基因在调控玉米冠根或气生根发育中的应用。本发明利用CRISPR/Cas9转基因技术将玉米中ZmSBP20基因，ZmSBP25基因和ZmSBP27基因敲除后，获得玉米Zmsbp20Zmsbp25Zmsbp27三突变体突变体植株，表型调查显示，三突变体幼苗植株的冠根发育提早并且气生根层数增加，表明敲除ZmSBP20基因，ZmSBP25基因和ZmSBP27基因后可使玉米植株产生更多的气生根。本发明在促进玉米冠根发育或增加玉米气生根数量或层数以及在培育抗倒伏玉米新品种等方面有应用前景。",112680472,01.08.2023,北京思元知识产权代理事务所(普通合伙) 11598北京思元知识产权代理事务所(普通合伙) 11598,,,,,,,,
CN405747948,202310413087,China,18.04.2023,116555332,08.08.2023,A,"C12N 15/84
					






C12N 15/29
					






A01H 5/04
					






A01H 6/60
					






A01H 1/02
					








C12N 15/84
					






C12N 15/29
					






A01H 5/04
					






A01H 6/60
					






A01H 1/02
					






View less classifications","C12N 15/8261
					






C12N 15/8205
					






C07K 14/415
					






A01H 1/02
					






A01H 5/04
					






A01H 6/604
					






View more classifications
							






C12N 15/8261
					






C12N 15/8205
					






C07K 14/415
					






A01H 1/02
					






A01H 5/04
					






A01H 6/604
					






Y02A 40/146
					






View less classifications",ZHEJIANG UNIVERSITY浙江大学,ZHANG TIANZHEN张天真ZHANG JUN张军SI ZHANFENG司占峰HU YAN胡艳FANG LEI方磊,,(EN) Creation method of topping-free cotton germplasm(ZH) 一种免打顶棉花种质的创制方法,,"(EN) The invention belongs to the technical field of plant genetic engineering, and particularly relates to a method for creating a topping-free cotton germplasm. The invention provides a method for creating a topping-free cotton material by using a CRISPR-Cas9 system. According to the method, a target site sgRNA specifically aiming at an early flowering and plant type gene GoDG is selected and stably expressed with Cas9 protein in cotton to obtain short cotton (small brocade) which terminates growth in advance. And hybridizing the small brocade with receptor cotton (wild type, WT) to obtain a new plant type of short fruit branches, short fruit branches and self-capping, and long fruit branches and self-capping. The method has the advantage that the topping-free cotton is created.(ZH) 本发明属于植物基因工程技术领域，具体涉及一种免打顶棉花种质的创制方法；本发明提供利用CRISPR‑Cas9系统创造免打顶棉花材料的方法。本发明的方法选取特异针对早花、株型基因GoDG的靶位点sgRNA，与Cas9蛋白在棉花内稳定表达，获得提前终止生长、矮小的棉花(小锦)。再利用小锦与受体棉花(野生型，WT)进行杂交后，获得短果枝、短果枝+自封顶、长果枝+自封顶新株型。该发明的优点在于创造免打顶棉花。",,,杭州求是专利事务所有限公司 33200,,,,,,,,
CN415205200,202311182619,China,13.09.2023,117050160,14.11.2023,A,"C07K 14/78
					






C12N 15/82
					






C12N 9/22
					






C12N 15/113
					






G16B 5/00
					








C07K 14/78
					






C12N 15/82
					






C12N 9/22
					






C12N 15/113
					






G16B 5/00
					






View less classifications","C07K 14/78
					






C12N 15/8218
					






C12N 9/22
					






C12N 15/113
					






G16B 5/00
					






C12N 2310/20
					








C07K 14/78
					






C12N 15/8218
					






C12N 9/22
					






C12N 15/113
					






G16B 5/00
					






C12N 2310/20
					






View less classifications","AQUELFY (SHANGHAI) MEDICAL BEAUTY CO., LTD.水剥离（上海）医疗美容有限公司",SHI HAIMING史海明,,(EN) Method for obtaining zero toxin type III collagen through plant gene editing based on feature engineering(ZH) 一种基于特征工程的植物基因编辑获取零毒素三型胶原蛋白的方法,,"(EN) The invention discloses a method for obtaining zero toxin type III collagen through plant gene editing based on feature engineering, which comprises the following steps: determining a specific target of gene editing and features required to be used; performing data acquisition and preprocessing according to the target features; editing a target gene by using a CRISPR-Cas9 technology; and establishing a model to carry out protein analysis on the target after gene editing. The three-type collagen gene in the plant cell is successfully edited, and the toxicity-related structural domain is eliminated, so that the original collagen with potential toxicity becomes non-toxic, the possibility is provided for the safe application of the collagen in the fields of medicine, biological materials and the like, and the safety improvement of the protein is innovatively realized. Through accurate design of feature engineering, the target of gene editing is more accurate, and uncertainty possibly introduced by random editing is avoided.(ZH) 本发明公开了一种基于特征工程的植物基因编辑获取零毒素三型胶原蛋白的方法，包括，明确基因编辑的具体目标以及需要使用的特征；根据目标特征进行数据采集和预处理；使用CRISPR‑Cas9技术对目标基因编辑；建立模型对基因编辑后的目标进行蛋白质分析。本发明成功地编辑了植物细胞中的三型胶原蛋白基因，消除了与毒性相关的结构域，这使得原本有潜在毒性的胶原蛋白变得无毒，为其在医学和生物材料等领域的安全应用提供了可能，创新性地实现了蛋白质的安全性改进。通过特征工程的精确设计，使得基因编辑的目标更加准确，避免了随机编辑可能引入的不确定性。",,,北京汇众通达知识产权代理事务所(普通合伙) 11622,,,,,,,,
CN214230193,201710937465,China,30.09.2017,107828794,23.03.2018,A,"C12N 15/29
					






C07K 14/415
					






C12N 15/82
					






A01H 5/00
					






A01H 6/46
					








C12N 15/29
					






C07K 14/415
					






C12N 15/82
					






A01H 5/00
					






A01H 6/46
					






View less classifications","C12N 15/8213
					






C12N 15/8273
					






C07K 14/415
					








C12N 15/8213
					






C12N 15/8273
					






C07K 14/415
					






View less classifications",SHANGHAI AGROBIOLOGICAL GENE CENTER上海市农业生物基因中心,ZHANG ANNING张安宁LIU YI刘毅LIU GUOLAN刘国兰KONG DEYAN孔德艳LI TIANFEI李天菲YU XINQIAO余新桥LUO LIJUN罗利军,,"(EN) Rice salt-tolerant gene OsRR22 mutant, encoded amino acid sequence thereof, plant and making method of mutant(ZH) 一种水稻耐盐基因OsRR22突变体、其编码的氨基酸序列、植株及该突变体的创制方法",,"(EN) The invention relates to a rice salt-tolerant gene OsRR22 mutant, an encoded amino acid sequence thereof, a plant and a making method of the mutant, and belongs to the technical field of plant biology. A CRISPR/Cas9 technology is sued to edit self-selected rice variety WDR58 with rice salt-tolerant gene OsRR22 to obtain a rice salt-tolerant gene OsRR22 function deleted mutant new germplasm WDR58-cas-1 with important application values. The mutant can significantly increase the salt tolerance of rice, and can be applied to high-yielding salt-tolerant rice breeding.(ZH) 本发明涉及一种水稻耐盐基因OsRR22突变体、其编码的氨基酸序列及该突变体的创制方法。属于植物生物技术领域。本发明将自选育粳稻品种WDR58通过CRISPR/Cas9技术定点编辑了水稻耐盐基因OsRR22，获得了一个具有重要应用价值的水稻耐盐基因OsRR22功能缺失突变体新种质WDR58‑cas‑1。该突变体显著提高水稻的耐盐性，可以应用于水稻的高产、耐盐育种。",,,北京科亿知识产权代理事务所(普通合伙) 11350,,,,,,,,
,,,,,,,,,,,,,,,,,,,,,,,,,
,,,,,,,,,,,,,,,,,,,,,,,,,
CN442616183,202411241746,China,05.09.2024,118835004,25.10.2024,A,"C12Q 1/70
					






C12Q 1/6844
					






C12N 15/11
					






C12R 1/93
					








C12Q 1/70
					






C12Q 1/6844
					






C12N 15/11
					






C12R 1/93
					






View less classifications","C12Q 1/701
					






C12Q 1/6844
					






C12Q 2600/16
					






Y02A 50/30
					








C12Q 1/701
					






C12Q 1/6844
					






C12Q 2600/16
					






Y02A 50/30
					






View less classifications","SHANGHAI CUSTOMS ANIMAL, PLANT AND FOOD INSPECTION AND QUARANTINE TECHNOLOGY CENTER上海海关动植物与食品检验检疫技术中心",XUE JUNXIN薛俊欣JIANG JING蒋静YUE XIANGYUN乐翔云WANG YAN王艳FENG ZHIHANG冯之航LI JIAN李健ZHANG QIANG张强XIONG WEI熊炜,,(EN) Detection system and detection kit for type I norovirus and group A rotavirus as well as detection method and application of detection system and detection kit(ZH) 一种用于I型诺如病毒和A组轮状病毒的检测体系、检测试剂盒及其检测方法和应用,,"(EN) The invention discloses a detection system and a detection kit for type I norovirus and group A rotavirus as well as a detection method and application of the detection system, the detection system comprises a multiple RPA amplification system and a CRISPR/Cas12 and 13 detection system, the multiple RPA amplification system comprises an RPA primer pair, the CRISPR/Cas12 and 13 detection system comprises a crRNA sequence, an ssDNA probe, an ssRNA probe and an RPA amplification product, and the crRNA sequence and the ssDNA probe are respectively connected with the multiple RPA amplification system and the CRISPR/Cas12 and 13 detection system. The sequences of the RPA primer pair are as shown in SEQ ID NO: 7 to SEQ ID NO: 18, and the sequences of the crRNA are as shown in SEQ ID NO: 19 to SEQ ID NO: 27. The detection system and the detection method can be used for detecting type I norovirus and group A rotavirus for non-diagnostic treatment purposes, have extremely high specificity and sensitivity, and provide reference for preparation and production of food-borne virus detection reagents based on isothermal amplification.(ZH) 本发明公开了一种用于I型诺如病毒和A组轮状病毒的检测体系、检测试剂盒及其检测方法和应用，上述检测体系包括多重RPA扩增体系、CRISPR/Cas12,13检测体系，上述多重RPA扩增体系包括RPA引物对，上述CRISPR/Cas12,13检测体系包括crRNA序列、ssDNA探针、ssRNA探针以及RPA扩增产物，RPA引物对的序列如SEQ ID NO：7～SEQ ID NO：18所示，crRNA序列如SEQ ID NO：19～SEQ ID NO：27所示。上述检测体系及检测方法可用于非诊断治疗目的的I型诺如病毒和A组轮状病毒的检测，其具有极高的特异性和灵敏度，为基于恒温扩增的食源性病毒的检测试剂的制备和生产提供参考。",,,上海领誉知识产权代理有限公司 31383,,,,,,,,
CN241624792,201811465138,China,03.12.2018,109628445,16.04.2019,A,"C12N 15/113
					






C12N 15/82
					






C12N 15/11
					






A01H 4/00
					






A01H 5/00
					






A01H 6/88
					








C12N 15/113
					






C12N 15/82
					






C12N 15/11
					






A01H 4/00
					






A01H 5/00
					






A01H 6/88
					






View less classifications","A01H 4/00
					






C07K 14/415
					






C12N 15/113
					






C12N 15/8213
					






C12N 2310/10
					






C12N 2310/20
					








A01H 4/00
					






C07K 14/415
					






C12N 15/113
					






C12N 15/8213
					






C12N 2310/10
					






C12N 2310/20
					






View less classifications",ZHEJIANG WANLI UNIVERSITY浙江万里学院,WU YUEYAN吴月燕QIU TIAN邱甜JIA YONGHONG贾永红,,(EN) Method for editing grape ZEP gene fixed point based on CRISPR/Cas 9 technology(ZH) 利用CRISPR/Cas9技术对葡萄ZEP基因定点编辑方法,,"(EN) The invention relates to a method for editing a grape ZEP gene fixed point based on a CRISPR/Cas 9 technology. According to the method, by using the CRISPR/Cas 9 technology, aiming at a grape ZEP gene, by screening and designing sgRNA, recombinant plasmid is further established, agrobacterium containing the recombinant plasmid is used for infecting grape aseptic seedling cotyledon embryos, and after screening, a mutational transgenosis grape plant is obtained. According to the method, though precise positioning, the sequence of a first exon of the grape ZEP gene is selected as a target site sequence, the sequence can be successfully identified by Cas9, the target site sequence is used as the basis for designing sgRNA, the target site sequence can be accurately knocked out, the off-target efficiency is low, the grape ZEP gene is edited through a fixed point, and the method has an important function on grape seed cultivation.(ZH) 利用CRISPR/Cas9技术对葡萄ZEP基因定点编辑方法。本发明利用CRISPR/Cas9技术，针对葡萄ZEP基因，通过筛选、设计sgRNA，进一步构建重组质粒，以含有该重组质粒的农杆菌侵染葡萄无菌苗子叶胚，筛选后获得突变的转基因葡萄植株。本发明精准定位选择葡萄ZEP基因的第一个外显子上的序列作为靶位点序列，该段序列能够成功被Cas9识别，以该靶位点序列为基础设计sgRNA，靶位点序列可被准确敲除，脱靶效率低，实现对葡萄ZEP基因进行定点编辑，对葡萄育种具有重要作用。",,,宁波市鄞州甬致专利代理事务所(普通合伙) 33228,,,,,,,,
,,,,,,,,,,,,,,,,,,,,,,,,,
CN331986802,202110583864,China,27.05.2021,113122571,16.07.2021,A,"C12N 15/82
					






C12N 15/66
					






A01H 5/00
					






A01H 6/60
					








C12N 15/82
					






C12N 15/66
					






A01H 5/00
					






A01H 6/60
					






View less classifications","C07K 14/415
					






C12N 15/8216
					








C07K 14/415
					






C12N 15/8216
					






View less classifications",HUAZHONG AGRICULTURAL UNIVERSITY华中农业大学,JIN SHUANGXIA金双侠ZHANG XIANLONG张献龙ZHOU JIAWEI周家伟FU CHUNYANG扶春阳,,(EN) Preparation method of novel CRISPR/Cas9 gene editing vector(ZH) 一种新型CRISPR/Cas9基因编辑载体的载体制备方法,,"(EN) The invention relates to the technical field of plant genetic engineering, and discloses a preparation method of a novel CRISPR/Cas9 gene editing vector. The CRISPR/Cas9 vector p7N-EC is prepared by the following steps of obtaining a target sequence EC1.2en-1.1p, wherein specifically, the target sequence is prepared by the following steps of firstly obtaining a vector pHEE401E-ccdB containing the target sequence EC1.2en-1.1p, taking the vector pHEE401E-ccdB as a template, designing a primer by using Primer5 software, and obtaining the target sequence EC1.2en-1.1p through PCR amplification; carrying out double enzyme digestion on a pRGEB32-GhU6.7-NPT II vector by using two enzymes SbfI and BstBI to remove a Ubiquitin promoter so as to obtain a linear vector; and then performing In-fusion connection of the linear vector and the obtained target sequence EC1.2en-1.1p. According to the preparation method of the novel CRISPR/Cas9 gene editing vector, effective gene editing can be carried out on a cotton genome, and the certain gene editing efficiency is achieved.(ZH) 本发明涉及植物基因工程技术领域，且公开了一种新型CRISPR/Cas9基因编辑载体的载体制备方法，所述CRISPR/Cas9载体p7N‑EC通过下列步骤制备获得：获得目的序列EC1.2en‑1.1p，具体地，该目的序列通过以下步骤制备获得：先获得含有目的序列EC1.2en‑1.1p的载体pHEE401E‑ccdB，以pHEE401E‑ccdB载体为模板，利用Primer5软件设计引物，通过PCR扩增获得EC1.2en‑1.1p目的序列，利用SbfⅠ、BstBⅠ两种酶对pRGEB32‑GhU6.7‑NPT Ⅱ载体进行双酶切去除Ubiquitin启动子得到线性载体，然后与获得的EC1.2en‑1.1p目的序列进行In‑fusion连接。该新型CRISPR/Cas9基因编辑载体的载体制备方法，能对棉花基因组进行有效的基因编辑，且具有一定的基因编辑效率。",,,北京国坤专利代理事务所(普通合伙) 11491,,,,,,,,
CN395072962,202180026003,China,14.12.2021,115843318,24.03.2023,B,"C12Q 1/6895
					






C12Q 1/686
					






C12Q 1/6816
					








C12Q 1/6895
					






C12Q 1/686
					






C12Q 1/6816
					






View less classifications","C12N 15/8213
					






C12N 15/82
					






Y02A 50/30
					






C12N 2310/20
					






G16B 30/00
					






G16B 99/00
					






View more classifications
							






C12N 15/8213
					






C12N 15/82
					






Y02A 50/30
					






C12N 2310/20
					






G16B 30/00
					






G16B 99/00
					






C12Q 1/6895
					






G16B 35/20
					






View less classifications","INSTITUTE OF MEDICINAL PLANT DEVELOPMENT, CHINESE ACADEMY OF MEDICAL SCIENCES中国医学科学院药用植物研究所",SONG KYOUNG-WON宋经元HAO LIJUN郝利军XU WENJIE许文杰XIN TIANYI辛天怡QI GUIHONG齐桂红,,(EN) Plant species identification method based on whole genome analysis and genome editing and application(ZH) 基于全基因组分析与基因组编辑的植物物种鉴定方法与应用,,"(EN) The invention discloses a plant species identification method based on whole genome analysis and genome editing and application, namely a GAGE method (Genome Analysis and Genome Editing), the method specifically comprises the following steps: screening a sequence with PAM (Polyacrylamide) in a whole genome of a plant to be identified; the method comprises the following steps of: comparing the Cas protein with genomes of adulterants and closely related species, selecting a sequence only existing in a plant genome to be identified as a target sequence, introducing the target sequence into a genome editing system to detect the target sequence, designing and synthesizing crRNA (CRISPR RNA) according to the selected target sequence, guiding the Cas protein to be combined with the target sequence to form a complex by the crRNA, and detecting the Cas protein by using the target sequence. Then, the trans-cleavage activity of the Cas protein is activated, the single-stranded DNA with the fluorescence signal group is cleaved, and the plant species are identified by detecting the fluorescence signal.(ZH) 本发明公开了一种基于全基因组分析与基因组编辑的植物物种鉴定方法与应用，即GAGE法(Genome Analysis and Genome Editing)，所述方法具体包括：筛选待鉴定植物全基因组中带有PAM的序列，将其与混伪品及密切相关物种的基因组比对后选择仅存在于待鉴定植物基因组中的序列作为靶标序列，引入基因组编辑系统对其进行检测，根据所选靶标序列设计并合成crRNA(CRISPR RNA)，crRNA引导Cas蛋白与靶标序列结合形成复合体，之后Cas蛋白反式切割活性被激活并切割带有荧光信号基团的单链DNA，通过检测荧光信号鉴定植物物种。",115843318,18.07.2023,北京风雅颂专利代理有限公司 11403,,WO/2023/108430,,,,,,
CN329308485,202110179863.X,China,08.02.2021,113005127,22.06.2021,B,"C12N 15/29
					






C07K 14/415
					






C12N 15/84
					






A01H 5/00
					






A01H 6/82
					








C12N 15/29
					






C07K 14/415
					






C12N 15/84
					






A01H 5/00
					






A01H 6/82
					






View less classifications","C07K 14/415
					






C12N 15/8218
					






C12N 15/8205
					






C12N 15/8241
					






Y02A 50/30
					








C07K 14/415
					






C12N 15/8218
					






C12N 15/8205
					






C12N 15/8241
					






Y02A 50/30
					






View less classifications",HENAN AGRICULTURAL UNIVERSITY河南农业大学,CUI HONG崔红ZHANG HONGYING张洪映WANG ZHAOJUN王召军YAN XIAOXIAO闫筱筱,,(EN) Plant glandular hair specific expression gene HD-9 as well as expression vector and application thereof(ZH) 植物腺毛特异表达基因HD-9、其表达载体及应用,,"(EN) The invention discloses a plant glandular hair specific expression gene HD-9 as well as an expression vector and application thereof, and aims to solve the technical problem of lack of plant glandular hair head secretory cell development regulation means at present. The gene HD-9 capable of regulating and controlling development of glandular hair cells is identified, an overexpression vector and a CRISPR/Cas9 vector of the gene are constructed, and a corresponding overexpression strain and a gene knockout strain are obtained through conversion respectively. Phenotype and physiological feature identification and detection show that: the HD-9 gene can regulate and control the development of glandular head cells of plant long-stem glandular hair, and has important application value in the aspects of regulating and increasing the content of glandular hair secretions, directionally improving glandular hair types and the like.(ZH) 本发明公开了一种植物腺毛特异表达基因HD‑9、其表达载体及应用，旨在解决当前缺乏植物腺毛头部分泌细胞发育调控手段的技术问题。本发明鉴定出一个可调控腺毛细胞发育的基因HD‑9，构建了该基因的过表达载体和CRISPR/Cas9载体，并分别转化获得对应过表达株系和基因敲除株系；经表型和生理特征鉴定、检测表明，HD‑9基因能够调控植物长柄腺毛腺头细胞的发育，其在调控增加腺毛分泌物含量、定向改良腺毛类型等方面具有重要的应用价值。",113005127,08.07.2022,郑州盈派知识产权代理事务所(普通合伙) 41196郑州盈派知识产权代理事务所(普通合伙) 41196,,,,,,,,
CN365436733,202210365241,China,08.04.2022,114591979,07.06.2022,B,"C12N 15/54
					






C12N 9/10
					






C12N 15/84
					






A01H 5/12
					






A01H 6/82
					








C12N 15/54
					






C12N 9/10
					






C12N 15/84
					






A01H 5/12
					






A01H 6/82
					






View less classifications","C12N 9/104
					






C12N 15/8243
					






C12N 15/8218
					








C12N 9/104
					






C12N 15/8243
					






C12N 15/8218
					






View less classifications",LIMITED RESPONSIBILITY COMPANY OF YUNNAN CHINESE TOBACCO INDUSTRY云南中烟工业有限责任公司,MI QILI米其利YANG WENWU杨文武HUANG HAITAO黄海涛GAO XI高茜SHAN QIUFU单秋甫XIANG HAIYING向海英LI XUEMEI李雪梅LIU XIN刘欣KONG WEISONG孔维松,,(EN) Tobacco ubiquitin-binding enzyme NtE2 gene and application thereof(ZH) 一种烟草泛素结合酶NtE2基因及其应用,,"(EN) The invention relates to a tobacco ubiquitin-binding enzyme NtE2 gene and application thereof in regulating and controlling the content of nitrogen-containing components in tobacco leaves, and belongs to the technical field of plant genetic engineering. According to the tobacco ubiquitin-binding enzyme related gene NtE2 provided by the invention, a gene editing plant of the NtE2 gene is knocked out by utilizing a CRISPR/Cas9 mediated gene editing technology; the total plant alkaloid content and the total nitrogen content in the NtE2 gene knockout edited plant leaves are remarkably reduced, and genetic materials and references are provided for regulation and control of the content of tobacco nitrogen-containing components.(ZH) 本发明涉及一种烟草泛素结合酶NtE2基因及其在调控烟草叶片含氮组分含量中的应用，属于植物基因工程技术领域。本发明提供的烟草泛素结合酶相关的基因NtE2，利用CRISPR/Cas9介导的基因编辑技术敲除NtE2基因的基因编辑植株；NtE2基因敲除编辑植株叶片中总植物碱和总氮含量显著降低，为烟草含氮组分含量调控提供遗传材料和参考借鉴。",114591979,15.03.2024,浙江千克知识产权代理有限公司 33246,,,,,,,,
CN430678808,202410224727,China,29.02.2024,118086328,28.05.2024,A,"C12N 15/29
					






C07K 14/415
					






C12N 15/82
					






A01H 5/00
					






A01H 6/82
					








C12N 15/29
					






C07K 14/415
					






C12N 15/82
					






A01H 5/00
					






A01H 6/82
					






View less classifications","C07K 14/415
					






C12N 15/8289
					








C07K 14/415
					






C12N 15/8289
					






View less classifications",EAST CHINA NORMAL UNIVERSITY华东师范大学,JIANG YINA姜伊娜WANG SHUANGSHUANG王双双JIANG JIAN姜健LIANG YITAO梁艺涛,,(EN) Tomato male sterility gene SlABCG26 and application thereof(ZH) 番茄雄性不育基因SlABCG26及其应用,,"(EN) The invention discloses a tomato male sterility gene SlABCG26 and application thereof, the SlABCG26 gene has a nucleotide sequence as shown in SEQ ID No.1 and an amino acid sequence coded by the nucleotide sequence as shown in SEQ ID No.2, the gene is specifically and highly expressed in anther, a tomato transgenic plant with the SlABCG26 gene specifically knocked out is obtained by utilizing a CRISPR/Cas9 knockout system, the vegetative growth of the transgenic plant is normal, the female reproduction is normal, and the transgenic plant can be used as a male sterility gene. Male reproduction is abnormal, pollen is completely aborted, and only a small amount of parthenocarpic fruits can be formed. The SlABCG26 gene can be used as a functional gene for specifically regulating tomato male reproduction to be applied to tomato heterosis utilization, and the SlABCG26 gene can be directionally knocked out to quickly introduce the male sterility character into a common tomato breeding material, so that the SlABCG26 gene is used for creating a novel male sterility line, and the hybrid seed production cost of an excellent hybrid F1 generation is reduced. The method is of great significance to research of tomato male reproduction mechanism, provides a practical technology for tomato crossbreeding, and is of great significance to agricultural development.(ZH) 本发明公开了一种番茄雄性不育基因SlABCG26及其应用，所述SlABCG26基因具有SEQ ID No.1所示的核苷酸序列及其编码的SEQ ID No.2氨基酸序列，该基因在花药中特异高表达，利用CRISPR/Cas9敲除系统获得SlABCG26基因特异敲除的番茄转基因株系，转基因植株的营养生长正常，雌性生殖正常，雄性生殖异常，花粉完全败育，仅可形成少量单性结实的果实。SlABCG26基因可作为特异性调控番茄雄性生殖的功能基因应用于番茄杂种优势利用中，通过定向敲除SlABCG26基因能快速地将雄性不育性状导入普通番茄育种材料背景下，用于新型雄性不育系的创建，降低优良杂种F1代杂交制种成本。本发明对番茄雄性生殖机制的研究具有重要意义，为番茄杂交育种提供了实用技术，对农业发展具重大意义。",,,上海蓝迪专利商标事务所(普通合伙) 31215上海蓝迪专利商标事务所(普通合伙) 31215,,,,,,,,
US208148744,15533164,United States of America,07.12.2015,20170362611,21.12.2017,B2,"C12N 15/22
					






C12N 15/11
					






C12N 15/90
					






C12N 9/22
					






C12N 9/12
					








C12N 15/22
					






C12N 15/11
					






C12N 15/90
					






C12N 9/22
					






C12N 9/12
					






View less classifications","C12N 9/1241
					






C12N 15/907
					






C12N 9/22
					






C12N 15/11
					






C07K 2319/85
					






C12N 2310/20
					








C12N 9/1241
					






C12N 15/907
					






C12N 9/22
					






C12N 15/11
					






C07K 2319/85
					






C12N 2310/20
					






View less classifications",ABCAM PLC,Ruby Yanru Tsai,,(EN) Site-directed CRISPR/recombinase compositions and methods of integrating transgenes,,"(EN) 
Disclosed herein are targeted chimeric polypeptides, compositions thereof, expression vectors, and methods of use thereof, for the generation of transgenic cells, tissues, plants, and animals. The compositions, vectors, and methods of the present invention are also useful in gene therapy and cell therapy techniques. The chimeric polypeptide includes a CRISPR-Cas domain and a recombinase domain.",10975392,13.04.2021,"Wenderoth, Lind & Ponack, L.L.P.",,"CN107208079

WO/2016/090385",,,,,,
CN348116833,202111174297,China,08.10.2021,113897372,07.01.2022,B,"C12N 15/29
					






C12N 15/113
					






C12N 15/84
					






A01H 5/10
					






A01H 6/46
					








C12N 15/29
					






C12N 15/113
					






C12N 15/84
					






A01H 5/10
					






A01H 6/46
					






View less classifications","C07K 14/415
					






C12N 15/113
					






C12N 15/8205
					






C12N 15/8218
					






C12N 15/8243
					






C12N 2310/20
					








C07K 14/415
					






C12N 15/113
					






C12N 15/8205
					






C12N 15/8218
					






C12N 15/8243
					






C12N 2310/20
					






View less classifications",HUAIYIN NORMAL UNIVERSITY淮阴师范学院,ZHAO XIANGXIANG赵祥祥GAO QINGSONG高清松MIN YU闵煜GU XUANXUAN古炫炫,,(EN) Application of OsFWL7 gene in increasing content of metal trace elements in rice grains(ZH) OsFWL7基因在增加水稻籽粒金属微量元素含量中的应用,,"(EN) The invention discloses application of an OsFWL7 gene in increasing the content of metal trace elements in rice grains, and belongs to the technical field of molecular biology and genetic engineering. According to the application, a gene knockout target site in a rice OsFWL7 gene coding region is designed, a gene knockout mutant is constructed by using a CRISPR/Cas9 technology, and the OsFWL7 gene in rice is knocked out. Through progeny separation and detection, a homozygous mutant without transgenic insertion is obtained. The yield of different mutant single plants has no significant difference compared with that of a wild type, but the content of metal trace elements manganese and copper in brown rice is significantly increased compared with that of a control group, and the brown rice has better nutritional quality. Therefore, a method for knocking out the rice OsFWL7 gene to strengthen the metal trace elements in the grains has important application value and can produce good economic benefits.(ZH) 本发明公开了OsFWL7基因在增加水稻籽粒金属微量元素含量中的应用，属于分子生物学及基因工程技术领域。本发明通过设计水稻OsFWL7基因编码区基因敲除靶标位点，利用CRISPR/Cas9技术构建基因敲除突变体，敲除水稻中的OsFWL7基因。通过后代分离和检测，获得了无转基因插入的纯合突变体。不同突变体单株产量与野生型相比无显著差异，但糙米中金属微量元素锰和铜的含量与对照相比显著增加，具有更好的营养品质。因此，本发明提供的敲除水稻OsFWL7基因以强化籽粒金属微量元素的方法，具有重要的应用价值，能产生良好的经济效益。",113897372,08.03.2022,南京申云知识产权代理事务所(普通合伙) 32274,,,,,,,,
CN240145924,201811446719,China,29.11.2018,109486854,19.03.2019,A,"C12N 15/82
					






A01H 5/00
					






A01H 6/46
					








C12N 15/82
					






A01H 5/00
					






A01H 6/46
					






View less classifications","C12N 15/8213
					






C12N 15/8282
					






C07K 14/415
					






C12N 2810/10
					








C12N 15/8213
					






C12N 15/8282
					






C07K 14/415
					






C12N 2810/10
					






View less classifications",YICHUN UNIVERSITY宜春学院,SHEN CHUNXIU沈春修QUE ZHIQUN却志群,,(EN) Method for creating broad-spectrum resistance rice genetic resource for rice blast(ZH) 一种稻瘟病广谱抗性水稻种质资源创制方法,,"(EN) The invention discloses a method for creating a broad-spectrum resistance rice genetic resource for rice blast. A rice blast infected rice variety is used as an acceptor material for carrying out fixed point replacement (A to G) on a site -618 in a promoter region of a Bsr-d1 gene, when the fixed point replacement (A to G) of the promoter region of the Bsr-d1 gene is carried out, the fixed point replacement (A to G) on the site -618 in the promoter region of the Bsr-d1 gene of the acceptor variety is realized in an agrobacterium-mediated transgenic measure, and double-mutant plants of the siteare screened; by carrying out replacement through a CRISPR/Cas9 gene and utilizing a gene fixed-point insertion system, a transgenic negative descendant is screened after selfing fructification and is rice which is not transgenic after being improved and has broad-spectrum resistance to rice blast.(ZH) 本发明公开一种稻瘟病广谱抗性水稻种质资源创制方法，以稻瘟病感病水稻品种作为受体材料，其是对稻瘟病感病水稻品种作为受体材料进行Bsr‑d1基因的启动子区域‑618位点的定点替换（A→G)，在进行Bsr‑d1基因的启动子区域的定点替换(A→G)时是通过农杆菌介导转基因手段实现对受体品种Bsr‑d1基因的启动子区域‑618位点的定点替换(A→G)，并筛选获得该位点的双突变植株；采用CRISPR/Cas9基因替换以及基因定点插入体系，自交结实后筛选出转基因阴性后代，即为改良后不携带转基因且具有稻瘟病广谱抗性的水稻。",,,南昌赣西专利代理事务所(普通合伙) 36121,,,,,,,,
CN236292956,201810903450.X,China,09.08.2018,109161480,08.01.2019,B,"C12N 1/14
					






C12N 15/80
					






C12N 15/90
					






C12N 15/54
					






C12N 15/60
					






C12R 1/645
					








C12N 1/14
					






C12N 15/80
					






C12N 15/90
					






C12N 15/54
					






C12N 15/60
					






C12R 1/645
					






View less classifications","C12N 1/14
					






C12N 9/12
					






C12N 9/88
					






C12N 15/80
					






C12N 15/902
					






C12Y 207/11024
					






View more classifications
							






C12N 1/14
					






C12N 9/12
					






C12N 9/88
					






C12N 15/80
					






C12N 15/902
					






C12Y 207/11024
					






C12Y 401/01023
					






C12N 2810/10
					






View less classifications",NANJING NORMAL UNIVERSITY南京师范大学,MEI YANZHEN梅艳珍DAI CHUANCHAO戴传超HUANG PENGWEI黄鹏伟ZHOU JUN周骏,,(EN) Protoplast preparation method and gene knock-out method of Phomopsis(ZH) 拟茎点霉的原生质体制备方法及基因敲除方法,,"(EN) The invention discloses a protoplast preparation method and a gene knock-out method of Phomopsis. Protoplast is prepared from sweetgum Phomopsis mycelia, CRISPR-Cas9 carriers are constructed through fusing PCR and homologous recombination, and the technology is applied to knock-out of sweetgum Phomopsis orotic acid deoxynucleoside 5'-phosphate decarboxylase (ura) and mitogen activated protein kinase (MAPK1) key genes. The invention provides an application of the technology to research on sweetgum Phomopsis gene functions and provides an effective technical method and a new idea for mechanism research on symbiosis of sweetgum Phomopsis and plants for promotion of disease resistance, yield increasing and the like.(ZH) 本申请公开一种拟茎点霉的原生质体制备方法及基因敲除方法，从枫香拟茎点霉菌丝体中制备原生质体，利用融合PCR和同源重组构建CRISPR‑Cas9载体，并将该技术应用于枫香拟茎点霉乳清酸脱氧核苷5'‑磷酸脱羧酶ura和丝裂原活化蛋白激酶MAPK1关键基因的敲除，本申请提供了该技术在枫香拟茎点霉基因功能研究中的应用，并为枫香拟茎点霉与植物共生，促其抗病、增产等机制研究提供了有效的技术方法和新的思路。",109161480,11.01.2022,南京经纬专利商标代理有限公司 32200,,,,,,,,
CN439683340,202410960728,China,17.07.2024,118653014,17.09.2024,A,"C12Q 1/70
					






C12Q 1/6883
					






C12Q 1/6844
					






C12N 15/11
					






C12R 1/93
					








C12Q 1/70
					






C12Q 1/6883
					






C12Q 1/6844
					






C12N 15/11
					






C12R 1/93
					






View less classifications","C12Q 1/701
					






C12Q 1/6883
					






C12Q 1/6844
					






C12Q 2600/136
					








C12Q 1/701
					






C12Q 1/6883
					






C12Q 1/6844
					






C12Q 2600/136
					






View less classifications",SHENZHEN CUSTOMS ANIMAL AND PLANT INSPECTION AND QUARANTINE TECHNOLOGY CENTER深圳海关动植物检验检疫技术中心,WANG JINJIN王津津SUN JIE孙洁ZHANG LEI张磊LIAO LISHAN廖立珊ZHU PENG朱鹏WU JIANG吴江ZHENG XIAOCONG郑晓聪LIU HONG刘荭,,"(EN) RAA-CRISPR/Cas13a system, kit and method for detecting SVCV(ZH) 一种检测SVCV的RAA-CRISPR/Cas13a系统、试剂盒和方法",,"(EN) The invention relates to the field of virus detection and analysis, in particular to a RAA-CRISPR/Cas13a system, a kit and a method for detecting SVCV. The invention provides a RAA-CRISPR/Cas13a system, a kit and a method for detecting SVCV (Spinal Vector Virus Virus). The RAA-CRISPR/Cas13a system for detecting the SVCV comprises a Cas13a protein and crRNA, or a complex formed by the Cas13a protein and the crRNA. The crRNA comprises an anchor sequence and a guide sequence, the anchor sequence can be specifically combined with Cas13a protein, and the guide sequence is specifically combined with a specific target sequence on an SVCV genome. According to the invention, an RT-RAA amplification technology and a CRISPR/Cas13a detection technology are combined, a novel SVCV detection system is provided, and the system has the characteristics of strong specificity and high sensitivity, and has very important application prospects and development values.(ZH) 本发明涉及病毒检测分析领域，尤其涉及一种检测SVCV的RAA‑CRISPR/Cas13a系统、试剂盒和方法。本发明提出了一种检测SVCV的RAA‑CRISPR/Cas13a系统、试剂盒和方法。所述检测SVCV的RAA‑CRISPR/Cas13a系统包括Cas13a蛋白和crRNA，或者由二者形成的复合体。所述crRNA中包含锚定序列和向导序列，其中锚定序列能与Cas13a蛋白特异性结合，而向导序列则特异性结合SVCV基因组上的特定靶点序列。本发明通过将RT‑RAA扩增技术与CRISPR/Cas13a检测技术相结合，提供了一种新型的SVCV检测体系，该体系具有特异性强、灵敏度高的特点，具有非常重要的应用前景和开发价值。",,,武汉同誉知识产权代理有限公司 42320,,,,,,,,
CN393834653,202210260048,China,16.03.2022,115747353,07.03.2023,A,"C12Q 1/689
					






C12N 15/11
					






C12Q 1/6844
					






C12R 1/01
					








C12Q 1/689
					






C12N 15/11
					






C12Q 1/6844
					






C12R 1/01
					






View less classifications","Y02A 50/30
					








Y02A 50/30
					






View less classifications","SHANGHAI CUSTOMS ANIMAL, PLANT AND FOOD INSPECTION AND QUARANTINE TECHNOLOGY CENTER上海海关动植物与食品检验检疫技术中心",XUE JUNXIN薛俊欣JIANG YUAN蒋原YANG JIELIN杨捷琳SHEN JINLING申进玲LI JIAN李健,,"(EN) Primer group, reagent, kit and detection method for detecting listeria monocytogenes(ZH) 一种用于单核细胞增生李斯特菌检测的引物组、试剂、试剂盒及检测方法",,"(EN) The invention discloses a primer group, a reagent, a kit and a detection method for detecting listeria monocytogenes. The primer group comprises a CRISPR (clustered regularly interspaced short palindromic repeats)/Cas12a primer group and a crDNA (complementary deoxyribonucleic acid) primer group, and base sequences of the CRISPR/Cas12a primer group and the crDNA primer group are respectively shown as SEQ ID No.1, SEQ ID No.2, SEQ ID No.3 and SEQ ID No.4. The detection method comprises the following steps: performing target DNA amplification by using an RPA amplification technology, coupling with a CRISPR/Cas12a system, performing amplification under an isothermal condition, and detecting a fluorescence curve of an amplification result by using a fluorescence detector so as to judge whether listeria monocytogenes exists in a sample to be detected or not. The detection method disclosed by the invention is rapid, strong in specificity and high in sensitivity, does not need special instruments, and has important application value in the fields of disease monitoring, clinical diagnosis, food safety monitoring and the like.(ZH) 本发明公开了一种用于单核细胞增生李斯特菌检测的引物组、试剂、试剂盒及检测方法。本发明所述的引物组包括CRISPR/Cas12a引物组及crDNA引物组，其碱基序列分别如SEQ ID No.1、2、3和4所示。该检测方法使用RPA扩增技术进行靶标DNA扩增，再与CRISPR/Cas12a体系偶联，等温条件下扩增，用荧光检测仪检测扩增结果的荧光曲线，以判断待测样品里是否存在单核细胞增生李斯特菌。本发明的检测方法快捷迅速、特异性强、灵敏度高、不需要特殊仪器,在疾病监测、临床诊断和食品安全监测等领域具有重要的应用价值。",,,上海领誉知识产权代理有限公司 31383,,,,,,,,
CN274828112,201910698528,China,31.07.2019,110317828,11.10.2019,B,"C12N 15/82
					






C07K 14/415
					






C12N 15/90
					






A01H 5/00
					






A01H 6/46
					








C12N 15/82
					






C07K 14/415
					






C12N 15/90
					






A01H 5/00
					






A01H 6/46
					






View less classifications","C07K 14/415
					






C12N 15/8281
					






C12N 15/902
					








C07K 14/415
					






C12N 15/8281
					






C12N 15/902
					






View less classifications",SHANGHAI JIAO TONG UNIVERSITY上海交通大学,CHEN GONGYOU陈功友XU ZHENGYIN徐正银WANG SAI王赛LIU LONGYU刘龙宇MA WENXIU马文秀LIU LINLIN刘琳琳ZOU LIFANG邹丽芳,,(EN) Method for cultivating broad-spectrum anti-bacterial-blight oryza sativa Indica by modifying OsSWEET gene promoters of oryza sativa Indica(ZH) 修饰水稻OsSWEET基因启动子培育广谱抗白叶枯病水稻的方法,,"(EN) The invention relates to a method for cultivating broad-spectrum anti-bacterial-blight oryza sativa Indica by modifying OsSWEET gene promoters of oryza sativa Indica. Nucleotide sequences TACTGTACACCACCAAAAGT, ATATAAAAGCACCACAACTC and CCTCCAACCAGGTGCTAAGC are simultaneously constructed into a CRISPR/Cas9 system, with the assistance of an agrobacterium-mediated transgene system, genes OsSWEET11, OsSWEET13 and OsSWEET14 are subjected to site-directed mutagenesis in rice Huazhan, the oryza sativa material MS134HZ in which the OsSWEET11, OsSWEET13 and OsSWEET14 gene promoters are mutated simultaneously is obtained, and the oryza sativa material has a broad spectrum and is resistant to rice bacterial blight. The EBEs of the promoters of the susceptible genes OsSWEET11, OsSWEET13 and OsSWEET14 of MS134HZ are simultaneously modified, the capacity of resisting the bacterial blight is improved, and the spectrum is broader. In practical application, through the hybridization of mutant MS134HZ plants and other oryza sativa varieties, disease-resistant strains are bred.(ZH) 本发明涉及修饰水稻OsSWEET基因启动子培育广谱抗白叶枯病水稻的方法。将核苷酸序列TACTGTACACCACCAAAAGT、ATATAAAAGCACCACAACTC和CCTCCAACCAGGTGCTAAGC同时构建于CRISPR/Cas9系统中，借助农杆菌介导的转基因体系，在水稻华占中定点突变OsSWEET11、OsSWEET13和OsSWEET14基因，获得了OsSWEET11、OsSWEET13和OsSWEET14基因启动子同时突变的水稻材料MS134HZ，广谱抗水稻白叶枯病。MS134HZ的感病基因OsSWEET11、OsSWEET13和OsSWEET14启动子EBE同时被修饰，抗白叶枯病能力提高且更广谱。在实际应用中可通过突变的MS134HZ植株与其它水稻品种杂交，培育抗病品系。",110317828,23.03.2021,上海科盛知识产权代理有限公司 31225,,,,,,,,
CN319686401,202011412881,China,03.12.2020,112391395,23.02.2021,A,"C12N 15/29
					






C12N 15/82
					






C12Q 1/6895
					






A01H 1/02
					






A01H 1/04
					






A01H 5/02
					






View more classifications
							






C12N 15/29
					






C12N 15/82
					






C12Q 1/6895
					






A01H 1/02
					






A01H 1/04
					






A01H 5/02
					






A01H 6/46
					






View less classifications","C07K 14/415
					






C12N 15/8218
					






C12N 15/8289
					






C12Q 1/6895
					






A01H 1/02
					






A01H 1/04
					






View more classifications
							






C07K 14/415
					






C12N 15/8218
					






C12N 15/8289
					






C12Q 1/6895
					






A01H 1/02
					






A01H 1/04
					






C12N 2310/20
					






C12Q 2600/13
					






C12Q 2600/156
					






View less classifications",JILIN ACADEMY OF AGRICULTURAL SCIENCES吉林省农业科学院GUANGZHOU UNIVERSITY广州大学,ZHANG CHUNBAO张春宝LI MEINA李美娜ZHAO LIMEI赵丽梅FANG XIAOLONG方小龙SUN XIAOYUAN孙小媛YANG XIANGDONG杨向东LIN CHUNJING林春晶LI QING李清KONG FANJIANG孔凡江,,"(EN) Soybean sterile gene mutant, application and construction method of soybean sterile line(ZH) 一种大豆不育基因突变体、应用及大豆不育系的构建方法",,"(EN) The invention relates to the technical field of agricultural breeding, in particular to a soybean sterile gene mutant, application and a construction method of a soybean sterile line. The soybean sterile gene mutant is provided by the invention and comprises a mutant formed by mutation and/or deletion of a single base of a Glyma.13G114200 gene, the mutant is applied to construction or breeding ofthe soybean sterile line, a CRISPR-Cas9 gene editing tool is adopted to directly perform gene editing on wild soybeans to construct the soybean sterile line, or soybeans containing the gene mutant arehybridized with the wild soybeans, then offspring plants containing sterile genes are screened from offsprings by taking fertility as a screening standard or through a molecular marker, so that the sterile line of the soybeans can be quickly obtained or identified, and compared with the sterile line obtained by adopting a hybridization method, the breeding period is greatly shortened.(ZH) 本发明涉及农业育种技术领域，具体而言，涉及一种大豆不育基因突变体、应用及大豆不育系的构建方法。本发明提供了大豆不育基因突变体，该突变体包括Glyma.13G114200基因单个碱基的突变和/或缺失形成的突变体，将上述突变体应用于大豆不育系的构建或育种中，采用CRISPR‑Cas9基因编辑工具直接对野生型大豆进行基因编辑进行大豆不育系的构建，或者应用含有上述基因突变体的大豆与野生型大豆杂交，而后在后代中以育性作为筛选标准或者通过分子标记筛选含不育基因的后代植株，实现了快速得到或鉴定大豆的不育品系，与采用杂交方法获得不育系相比，大大地缩短了育种周期。",,,北京超凡宏宇专利代理事务所(特殊普通合伙) 11463,,,,,,,,
CN436063836,202410470125,China,18.04.2024,118325960,12.07.2024,A,"C12N 15/84
					






C07K 14/415
					






C12N 15/29
					






A01H 5/00
					






A01H 6/82
					








C12N 15/84
					






C07K 14/415
					






C12N 15/29
					






A01H 5/00
					






A01H 6/82
					






View less classifications","C12N 15/8273
					






C12N 15/8218
					






C07K 14/415
					








C12N 15/8273
					






C12N 15/8218
					






C07K 14/415
					






View less classifications",FOSHAN UNIVERSITY佛山科学技术学院,LIU MINMIN刘敏敏YANG YAO杨垚CHEN WENJIE陈文杰HE ZHEN何镇ZHANG XIYUAN张溪原ZHANG HAN张涵,,(EN) Application of sodium-calcium transporter SlNCL12 in tomato salt stress(ZH) 钠钙转运蛋白SlNCL12在番茄盐胁迫中的应用,,"(EN) The invention discloses an application of a sodium-calcium transporter SlNCL12 in salt stress of tomatoes. The sodium-calcium transporter SlNCL12 positively regulates the salt tolerance of the tomatoes. According to the present invention, the SlNCL12 gene overexpression vector [pBWA (V) HS-TS-21OE-N12] is constructed, the CRISPR/Cas9 technology is adopted to construct the SlNCL12 gene knockout editing vector [zmpl-Cas-Cal], and the SlNCL12 transgene overexpression and gene knockout material is obtained through the agrobacterium-mediated transformation method; an analysis result speculates that the SlNCL12 gene can positively regulate and control the salt tolerance of the tomato, and the result not only discloses the function of the SlNCL12 gene in the salt stress of the tomato, but also shows that the SlNCL12 gene plays an important role in regulating and controlling the salt stress of the tomato, and provides a new gene resource for the cultivation of salt-resistant tomato plants.(ZH) 本发明公开了钠钙转运蛋白SlNCL12在番茄盐胁迫中的应用，钠钙转运蛋白SlNCL12正向调控番茄耐盐性。本发明构建SlNCL12基因过表达载体[pBWA(V)HS‑TS‑21OE‑N12]，并利用CRISPR/Cas9技术构建SlNCL12基因敲除编辑载体[zmpl‑Cas‑Cal]，通过农杆菌介导转化法，获得SlNCL12转基因过表达及基因敲除材料。分析结果推测SlNCL12基因可以正调控番茄的耐盐性，结果不仅揭示了SlNCL12基因在番茄盐胁迫中的功能，说明SlNCL12基因在调控番茄盐胁迫方面起着重要的作用，也为抗盐番茄植物培育提供新的基因资源。",,,佛山信智汇知识产权代理事务所(特殊普通合伙) 44629,,,,,,,,
CN295060774,201911411234,China,31.12.2019,111088277,01.05.2020,B,"C12N 15/82
					






C12N 15/66
					






A01H 5/00
					






A01H 6/82
					








C12N 15/82
					






C12N 15/66
					






A01H 5/00
					






A01H 6/82
					






View less classifications","C12N 15/8203
					






C12N 15/8213
					






C12N 15/66
					








C12N 15/8203
					






C12N 15/8213
					






C12N 15/66
					






View less classifications","INSTITUTE OF PLANT PROTECTION, CHINESE ACADEMY OF AGRICULTURAL SCIENCES中国农业科学院植物保护研究所",LI FANGFANG李方方LI HAO李浩GONG PAN龚攀ZHOU XUEPING周雪平,,"(EN) CRISPR/Cas9 SunTag system based vector for inhibiting geminivirus infection, and construction and applications thereof(ZH) 基于CRISPR/Cas9 SunTag系统抑制双生病毒侵染的载体及其构建和应用",,"(EN) The invention discloses a CRISPR/Cas9 SunTag system based vector for inhibiting geminivirus infection, and construction and applications thereof. A method is to utilize a CRISPR/dCas9 Sun Tag system carrying methyltransferase DRM2 to construct sgRNAs for TYLCCNV and TYLCCNB specific areas, so that the TYLCCNV and TYLCCNB specific areas can be identified and methylated by the DRM2. In order to enhance identification and methylation effects, the methylation sensitive areas of three sgRNAs (g16/g17/g9A) targeting TYLCCNV and three sgRNAs (g1/g14/g9B) targeting TYLCCNB are respectively designed, so that the vector pEG302-A capable of performing fixed targeting and methylation modification on the TYLCCNV and the vector pEG302-beta capable of performing fixed targeting and methylation modification on the TYLCCNB can be obtained to inhibit geminivirus infection.(ZH) 本发明公开了一种基于CRISPR/Cas9 SunTag系统抑制双生病毒侵染的载体及其构建和应用，该方法利用搭载甲基转移酶DRM2的CRISPR/dCas9 Sun Tag系统，构建针对TYLCCNV和TYLCCNB特定区域的sgRNA，从而使得TYLCCNV和TYLCCNB特定区域被DRM2识别并被甲基化。为了增强识别和甲基化的效果，分别设计了三个sgRNA(g16/g17/g9A)靶标TYLCCNV和三个sgRNA(g1/g14/g9B)靶标TYLCCNB的甲基化敏感区域，并将三个sgRNA依次插入pEG302载体，从而得到可以定点靶标并进行甲基化修饰TYLCCNV的pEG302‑A和定点靶标并进行甲基化修饰TYLCCNB的pEG302‑β的抑制双生病毒侵染的载体。",111088277,18.01.2022,北京东方尚禾专利代理事务所(特殊普通合伙) 11844,,,,,,,,
CN406542305,202310575556,China,22.05.2023,116640771,25.08.2023,A,"C12N 15/29
					






C12N 15/113
					






C12N 15/55
					






C12N 15/84
					






A01H 5/00
					






A01H 6/78
					








C12N 15/29
					






C12N 15/113
					






C12N 15/55
					






C12N 15/84
					






A01H 5/00
					






A01H 6/78
					






View less classifications","C07K 14/415
					






C12N 15/113
					






C12N 9/22
					






C12N 15/8205
					






C12N 15/8218
					






C12N 15/8261
					






View more classifications
							






C07K 14/415
					






C12N 15/113
					






C12N 9/22
					






C12N 15/8205
					






C12N 15/8218
					






C12N 15/8261
					






C12N 2310/20
					






Y02A 50/30
					






View less classifications",GANNAN NORMAL UNIVERSITY赣南师范大学,DAI WENSHAN戴文珊FU MINGKANG付明康WANG MIN王敏,,(EN) SgRNA and CRISPR/Cas9 vector for targeted knockout of CsWRKY41 gene and application of sgRNA and CRISPR/Cas9 vector(ZH) 一种靶向敲除CsWRKY41基因的sgRNA、CRISPR/Cas9载体及应用,,"(EN) The invention belongs to the technical field of plant genetic engineering, and relates to sgRNA and CRISPR/Cas9 vectors for targeted knockout of a CsWRKY41 gene as well as a method and application of the sgRNA and CRISPR/Cas9 vectors. The invention provides an application of a CsWRKY41 gene in regulation and control of a citrus phloem structure. The CsWRKY41 gene is related to the change of a citrus phloem structure, and the thickness of the citrus phloem can be increased by targeted knockout of the CsWRKY41 gene.(ZH) 本发明属于植物基因工程技术领域，涉及一种靶向敲除CsWRKY41基因的sgRNA、CRISPR/Cas9载体及方法和应用。本发明提供了CsWRKY41基因在调控柑橘韧皮部结构中的应用。CsWRKY41基因与柑橘韧皮部结构的改变有关，靶向敲除CsWRKY41基因能够增加柑橘韧皮部厚度。",,,北京高沃律师事务所 11569,,,,,,,,
,,,,,,,,,,,,,,,,,,,,,,,,,
CN235940715,201810895852.X,China,08.08.2018,109097387,28.12.2018,B,"C12N 15/82
					






C12N 15/29
					






A01H 5/08
					






A01H 6/82
					








C12N 15/82
					






C12N 15/29
					






A01H 5/08
					






A01H 6/82
					






View less classifications","C07K 14/415
					






C12N 15/825
					






C12N 2310/10
					






C12N 2310/20
					








C07K 14/415
					






C12N 15/825
					






C12N 2310/10
					






C12N 2310/20
					






View less classifications",SOUTH CHINA AGRICULTURAL UNIVERSITY华南农业大学,QIU ZHENGKUN邱正坤CAO BIHAO曹必好HOU JUNXIAO侯军晓HUANG ZEJUN黄泽军CUI XIA崔霞,,(EN) Method and application for creating purple fruit tomato mutant using CRISPR/Cas9 gene editing system(ZH) 一种运用CRISPR/Cas9基因编辑系统创制紫果番茄突变体的方法和应用,,"(EN) The invention discloses a method and application for creating a purple fruit tomato mutant using a CRISPR/Cas9 gene editing system, and relates to the field of tomato biotechnology and transgenic technology. The method includes constructing a CRISPR/Cas9-gRNA (pHSE401-gRNA) expression vector by designing a mutant target site of SlMYBATV, introducing a cultivated tomato LA1996 containing an Aft site by an agrobacterium-mediated method and conducting kanamycin resistance marker screening to obtain a positive transgenic plant. A strain with homozygous mutation determined by gene sequencing and phenotypic observation and containing no foreign aid gene insertion is a tomato mutant that completely loses the SlMYBATV function and has purple fruit. According to the method and application, the content of anthocyanins in tomato peels can be significantly improved. The method and application have good application prospects in high quality molecular breeding of tomatoes.(ZH) 本发明公开一种运用CRISPR/Cas9基因编辑系统创制紫果番茄突变体的方法和应用，涉及番茄生物技术和转基因技术领域。本发明通过设计SlMYBATV突变靶位点，构建CRISPR/Cas9‑gRNA(pHSE401‑gRNA)表达载体，利用农杆菌介导法导入含有Aft位点的栽培番茄LA1996，以卡纳霉素抗性标记筛选获得阳性转基因植物；经基因测序和表型观察确定的纯合突变且不含外援基因插入的株系，即为完全丧失SlMYBATV功能、果实呈紫色的番茄突变体。本发明可以极显著提高番茄果皮中花青素的含量，在番茄高品质分子育种中具有良好的应用前景。",109097387,23.07.2021,广州市华学知识产权代理有限公司 44245,,,,,,,,
CN294444232,201911411238,China,31.12.2019,111041043,21.04.2020,A,"C12N 15/82
					






C12N 15/113
					






C12N 15/66
					






A01H 5/00
					






A01H 6/82
					








C12N 15/82
					






C12N 15/113
					






C12N 15/66
					






A01H 5/00
					






A01H 6/82
					






View less classifications","C12N 15/8218
					






C12N 15/8283
					






C12N 15/113
					






C12N 15/66
					






C12N 2310/20
					








C12N 15/8218
					






C12N 15/8283
					






C12N 15/113
					






C12N 15/66
					






C12N 2310/20
					






View less classifications","INSTITUTE OF PLANT PROTECTION, CHINESE ACADEMY OF AGRICULTURAL SCIENCES中国农业科学院植物保护研究所",ZHOU XUEPING周雪平LI FANGFANG李方方LI HAO李浩CAO BUWEI曹步暐,,(EN) Vector for editing nicotiana benthamiana gene based on CRISPR/Cas9 as well as construction method and application thereof(ZH) 基于CRISPR/Cas9编辑本氏烟基因的载体及其构建方法和应用,,"(EN) The invention discloses a vector for editing a nicotiana benthamiana gene based on CRISPR/Cas9 as well as a construction method and application thereof. The vector comprises a BKG-g10 vector and a BKG-g11 vector which are constructed by aiming at a nicotiana benthamiana UbEF1B gene, and/or a BKG-g12 vector and a BKG-g13 vector which are constructed by aiming at a nicotiana benthamiana CCR4/NOT gene. According to the vector, after the UbEF1B gene or the CCR4/NOT gene is edited, the growth state of nicotiana benthamiana is normal, and the phenotype is not obviously changed compared with that ofa wild type; and no influence is caused on the character, and progeny continuation is facilitated. Compared with the traditional breeding method, the method for editing a nicotiana benthamiana endogenous gene by virtue of a CRISPR/Cas9 system has the advantage that a disease-resistant material can be obtained more quickly and effectively.(ZH) 本发明公开了一种基于CRISPR/Cas9编辑本氏烟基因的载体及其构建方法和应用，包括针对本氏烟UbEF1B基因构建的BKG‑g10、BKG‑g11载体和/或针对本氏烟CCR4/NOT基因构建的BKG‑g12、BKG‑g13载体。上述载体将UbEF1B基因或CCR4/NOT基因编辑后本氏烟生长状态正常，表型相较于野生型未发生明显变化；不会对其性状产生影响，利于后代的延续。依靠CRISPR/Cas9系统编辑本氏烟内源基因相较于传统的育种方法能更快更有效的获得抗病材料。",,,北京东方尚禾专利代理事务所(特殊普通合伙) 11844,,,,,,,,
CN355401695,202111297087,China,04.11.2021,114164229,11.03.2022,B,"C12N 15/84
					






A01H 5/00
					






A01H 6/74
					








C12N 15/84
					






A01H 5/00
					






A01H 6/74
					






View less classifications","C12N 15/8218
					






C12N 15/8294
					






C07K 14/415
					








C12N 15/8218
					






C12N 15/8294
					






C07K 14/415
					






View less classifications",NANJING AGRICULTURAL UNIVERSITY南京农业大学,GU TINGTING顾婷婷JIAN BAOXIA菅宝霞LI XIANYANG李宪杨WU XUTING吴旭婷LIU DECAI刘德才DING JING丁静,,(EN) Method for obtaining new strawberry germplasm with high regeneration efficiency by utilizing CRISPR/Cas9 gene editing vector and application(ZH) 利用FvePILS5基因的CRISPR/Cas9基因敲除载体获得再生效率高的草莓新种质的方法及应用,,"(EN) The invention relates to a method for obtaining a new strawberry germplasm with high regeneration efficiency by using a CRISPR/Cas9 gene editing vector of an FvePILS5 gene and application, and the method comprises the following steps: designing and synthesizing an sgRNA sequence containing a target gene target according to a DNA sequence of strawberry FvePILS5; the method comprises the following steps: connecting a synthesized sgRNA sequence containing a target gene target to a pYLCRISPR/Cas9Pubi-H vector by using a Bsa I enzyme; agrobacterium tumefaciens is utilized to transform forest strawberry leaf explants, sequencing is carried out to verify a regenerated plant mutation sequence, and pis5-1 forest strawberry mutant germplasm with high frequency of callus formation and in-vitro bud regeneration is obtained. According to the present invention, the CRISPR/Cas9 gene editing vector is constructed, and the agrobacterium tumefaciens conversion method is used to obtain the pis5-1 mutant with high regeneration efficiency, such that the new germplasm is created, and the efficient method is provided for obtaining the strawberry regeneration seedling.(ZH) 本发明涉及一种利用FvePILS5基因的CRISPR/Cas9基因编辑载体获得再生效率高的草莓新种质的方法及应用，包括：根据草莓FvePILS5的DNA序列，设计并合成包含目的基因靶点的sgRNA序列；用Bsa I酶将合成的包含目的基因靶点的sgRNA序列连接到pYLCRISPR/Cas9Pubi‑H载体；并利用农杆菌转化森林草莓叶片外植体，测序验证再生植株突变序列，得到愈伤形成和离体芽再生频率较高的pils5‑1森林草莓突变体种质。本发明通过构建CRISPR/Cas9基因编辑载体，并用农杆菌转化法，获得了再生效率较高的pils5‑1突变体，创造了新种质，为草莓再生苗的获得提供了一种高效的方法。",114164229,03.11.2023,南京纵横知识产权代理有限公司 32224,,,,,,,,
CN223042911,201611188402,China,20.12.2016,108203714,26.06.2018,B,"C12N 15/82
					






C12N 15/66
					






C12N 15/113
					








C12N 15/82
					






C12N 15/66
					






C12N 15/113
					






View less classifications","C12N 9/1247
					






C12N 15/66
					






C12N 15/8205
					






C12Y 207/07006
					








C12N 9/1247
					






C12N 15/66
					






C12N 15/8205
					






C12Y 207/07006
					






View less classifications",HUAZHONG AGRICULTURAL UNIVERSITY华中农业大学,JIN SHUANGXIA金双侠ZHANG XIANLONG张献龙ZHANG JUN张军WANG PENGCHENG王鹏程TU LILI涂礼莉LIANG SIJIA梁思佳SUN LIN孙琳,,(EN) Method for editing cotton genes(ZH) 一种棉花基因的编辑方法,,"(EN) The invention belongs to the technical field of plant genetic engineering, and particularly relates to a method for editing cotton genes. A CRISPR-Cas9 system for cotton genome editing and a construction method thereof are disclosed. According to the method, two upland cotton U6 promoters pGhU6-7 and pGhU6-9 are obtained by cloning, and Bsa I restriction site is mutated. Two vectors pRGEB32-GhU6.7-NPTII and pRGEB32-GhU6.9-NPT II of the CRISPR-Cas9 vector with editing capability in cotton are constructed using an optimized promoter. A cotton endogenous gene GhCLA is selected as a target gene, and four sgRNAs targeting the gene are designed to guide the Cas9 protein to cleave at the specific site of GhCLA. The whitening phenotype, enzymatic map and sequencing of cotton showed that a CRISPR/Cas9 gene editing system driven by pGhU6-7I and pGhU6-9I has editing capability in cotton.(ZH) 本发明属于植物基因工程技术领域，具体涉及一种棉花基因的编辑方法。公开了用于棉花基因组编辑的CRISPR‑Cas9系统及其构建方法。本发明克隆得到两个陆地棉U6启动子pGhU6‑7和pGhU6‑9，并突变了Bsa Ⅰ酶切位点。利用优化后的启动子构建了在棉花中具有编辑能力的CRISPR‑Cas9载体的两个载体pRGEB32‑GhU6.7‑NPT Ⅱ、pRGEB32‑GhU6.9‑NPT Ⅱ。选取1个棉花内源基因GhCLA为目标基因，设计四个靶向该基因的sgRNA，引导Cas9蛋白在GhCLA的特异位点进行切割。通过棉花的白化表型、酶切图、测序验证，表明pGhU6‑7I和pGhU6‑9I驱动的CRISPR‑Cas9基因编辑系统在棉花内具有编辑能力。",108203714,02.03.2021,武汉宇晨专利事务所 42001,,,,,,,,
,,,,,,,,,,,,,,,,,,,,,,,,,
CN313902842,202010898297,China,31.08.2020,112080587,15.12.2020,A,"C12Q 1/70
					






C12Q 1/6844
					






C12N 15/11
					








C12Q 1/70
					






C12Q 1/6844
					






C12N 15/11
					






View less classifications","C12Q 1/701
					






C12Q 1/6844
					






Y02A 50/30
					








C12Q 1/701
					






C12Q 1/6844
					






Y02A 50/30
					






View less classifications","SHANGHAI CUSTOMS ANIMAL, PLANT AND FOOD INSPECTION AND QUARANTINE TECHNOLOGY CENTER上海海关动植物与食品检验检疫技术中心",XUE JUNXIN薛俊欣LI JIAN李健XIONG WEI熊炜ZHANG QIANG张强JIANG YUAN蒋原SHEN JINLING申进玲HUANG ZHONGRONG黄忠荣,,"(EN) RAA-CRISPR amplification primer group, kit and method for efficiently detecting novel coronavirus(ZH) 用于高效检测新型冠状病毒的RAA-CRISPR扩增引物组、试剂盒及方法",,"(EN) The invention discloses an RAA-CRISPR amplification primer group, kit and method for efficiently detecting a novel coronavirus. The primer group is a nucleic acid sequence containing SEQ ID NO.1, SEQID NO.2 and/or SEQ ID NO.4 and SEQ ID NO.5, or a nucleic acid sequence of which the homology is greater than 90%; The method comprises the following steps: carrying out nucleic acid amplification on the novel coronavirus; adding crRNA, T7 transcriptase, NTP, a probe and a buffer solution into an amplified product to prepare a detection solution; and detecting the fluorescence intensity of the detection solution, and judging whether a sample contains the novel coronavirus or not according to a fluorescence curve. The method, amplification primer and kit for detecting the novel coronavirus can replace a fluorescent PCR method, and are cheaper, more efficient and wide in application range.(ZH) 本发明公开了用于高效检测新型冠状病毒的RAA‑CRISPR扩增引物组、试剂盒及方法，所述引物组为包含SEQ ID NO.1、SEQ ID NO.2和/或SEQ ID NO.4、SEQ ID NO.5的核酸序列，或与其同源性大于90％的核酸序列；方法包括，采用进行新型冠状病毒的核酸扩增；向扩增后的产物中加入crRNA、T7转录酶、NTP、探针和缓冲液制成检测液；检测所述检测液的荧光强度，根据荧光曲线判断样品中是否含有新型冠状病毒；本发明提供了可代替荧光PCR方法，成为更加廉价、高效、应用范围广的检测新型冠状病毒的方法、扩增引物及试剂盒。",,,上海领誉知识产权代理有限公司 31383,,,,,,,,
CN399267675,202211203732,China,29.09.2022,116162646,26.05.2023,A,"C12N 15/82
					






C12N 15/29
					






A01H 5/00
					






A01H 6/82
					








C12N 15/82
					






C12N 15/29
					






A01H 5/00
					






A01H 6/82
					






View less classifications","C12N 15/8273
					






C12N 15/8293
					






C07K 14/415
					








C12N 15/8273
					






C12N 15/8293
					






C07K 14/415
					






View less classifications",LINYI UNIVERSITY临沂大学,WANG SHUCAI王树才LI GUIMIN李桂民,,(EN) Application of NtAITRs transcription factor family gene in regulation and control of tobacco stress resistance(ZH) 一种NtAITRs转录因子家族基因在调控烟草抗逆性中的应用,,"(EN) The invention belongs to the technical field of gene engineering, and discloses application of an NtAITRs transcription factor family gene in regulation and control of tobacco stress resistance. After the NtAITRs transcription factor family gene is edited and knocked out, a plurality of non-transgenic multi-mutants are obtained and are used for improving the stress resistance of tobacco. The invention relates to application of editing and knocking out the NtAITRs gene in improving abiotic stress resistance of tobacco. The CRISPR/Cas9 gene is utilized to edit, construct and separate to obtain non-transgenic fourth and fifth mutants, and the drought tolerance of multiple mutants is obviously improved. The result shows that the NtAITRs knockout can provide the stress resistance of the tobacco, so that the NtAITRs can be used as a target gene for improving the stress resistance of the tobacco by utilizing CRISPR/Cas9 gene editing. Compared with the prior art, the drought resistance of tobacco can be remarkably improved, and the obtained mutant is a non-transgenic plant.(ZH) 本发明属于基因工程技术领域，公开了一种NtAITRs转录因子家族基因在调控烟草抗逆性中的应用。所述NtAITRs转录因子家族基因编辑敲除后获得多个非转基因的多突变体，用于提高烟草抗逆性。编辑敲除NtAITRs基因在提高烟草非生物胁迫抗性中的应用。本发明通过利用CRISPR/Cas9基因编辑构建分离获得了非转基因的四及五突变体，发现多突变体对干旱的耐受性显著提高。结果说明NtAITRs敲除能够提供烟草的抗逆性，因此NtAITRs可作为利用CRISPR/Cas9基因编辑提高烟草抗逆性的靶基因。本发明相比于现有技术在可显著提高烟草的耐干旱性，且获得的突变体是非转基因植物。",,,北京云嘉湃富知识产权代理有限公司 11678,,,,,,,,
CN317396465,202011233671,China,06.11.2020,112266920,26.01.2021,A,"C12N 15/29
					






C12N 15/82
					






A01H 5/00
					






A01H 6/46
					








C12N 15/29
					






C12N 15/82
					






A01H 5/00
					






A01H 6/46
					






View less classifications","C07K 14/415
					






C12N 15/8218
					






C12N 15/8261
					






C12N 15/8289
					








C07K 14/415
					






C12N 15/8218
					






C12N 15/8261
					






C12N 15/8289
					






View less classifications",ZHEJIANG UNIVERSITY浙江大学,LIU YANHUA刘燕华SHU QINGYAO舒庆尧JIANG MENG蒋萌,,(EN) Application of OsKEAP1 gene in regulation and control of agronomic traits and yield of rice(ZH) OsKEAP1基因在调控水稻农艺性状和产量中的应用,,"(EN) The invention discloses application of an OsKEAP1 gene in regulation and control of agronomic traits and yield of rice. The nucleotide sequence of the OsKEAP1 gene is shown as SEQ ID NO. 1; and the agronomic traits include plant height, plant type, rice setting rate, average ear length and grain number. A mutant with the down-regulated OsKEAP1 gene expression level is obtained by a CRISPR/Cas9 gene editing technology, the OsKEAP1 gene is found to be related to agronomic traits such as the plant height, the plant type, the rice setting rate, the average ear length and the grain number of rice and the yield, and a basis can be provided for cultivating rice varieties with excellent agronomic traits.(ZH) 本发明公开了OsKEAP1基因在调控水稻农艺性状和产量中的应用，该OsKEAP1基因的核苷酸序列如SEQ ID NO.1所示；所述农艺性状为株高、株型、水稻结实率、平均穗长和籽粒数。本发明利用CRISPR/Cas9基因编辑技术获得了OsKEAP1基因表达水平下调的突变体，发现该OsKEAP1基因与水稻的株高、株型、水稻结实率、平均穗长和籽粒数等农艺性状以及产量有关，能够为培育具有优良农艺性状的水稻品种提供依据。",,,杭州知闲专利代理事务所(特殊普通合伙) 33315,,,,,,,,
CN442624700,202410767049,China,14.06.2024,118853602,29.10.2024,A,"C12N 9/00
					






C12N 15/52
					






C12N 15/84
					






C12Q 1/6895
					






A01H 5/00
					






A01H 6/46
					








C12N 9/00
					






C12N 15/52
					






C12N 15/84
					






C12Q 1/6895
					






A01H 5/00
					






A01H 6/46
					






View less classifications","C12N 9/93
					






C12N 15/8205
					






C12N 15/8261
					






C12N 15/8218
					






C12N 15/8271
					






C12Q 1/6895
					






View more classifications
							






C12N 9/93
					






C12N 15/8205
					






C12N 15/8261
					






C12N 15/8218
					






C12N 15/8271
					






C12Q 1/6895
					






C12Y 603/02019
					






C12Q 2600/13
					






C12Q 2600/158
					






Y02A 40/146
					






View less classifications",SICHUAN AGRICULTURAL UNIVERSITY四川农业大学,LIANG YUEYANG梁越洋ZHOU DAN周丹YANG NA杨娜LI PING李平LI SHUANGCHENG李双成KIM KYOUNG HWA金京花ZOU TING邹挺WANG SHIQUAN王世全DENG QIMING邓其明ZHU JUN朱军,,(EN) Rice SDT6 gene as well as encoding protein and application thereof(ZH) 水稻SDT6基因、其编码蛋白及其应用,,"(EN) The invention relates to a rice SDT6 gene as well as an encoding protein and application thereof. The invention provides an SDT6 gene for regulating and controlling a rice plant type. A nucleotide sequence of the SDT6 gene is as shown in SEQ ID NO.2 or SEQ ID NO.3. The invention further provides a preparation method of the SDT6 gene. The amino acid sequence of the protein coded by the SDT6 gene is as shown in SEQ ID NO. 1. A semi-dwarf mutant with increased tillering is screened, a target gene for regulating the phenotype is successfully cloned, after the gene is knocked out in a japonica rice ZH11 material through a CRISPR/Cas9 technology, the rice plant height is obviously reduced, the tillering is obviously increased, the gene function is further verified through gene function complementation verification, and the application of the gene in the field of rice production is promoted. It is preliminarily verified that the gene SDT6 regulates the plant height and tillering of rice, and it is found that the gene SDT6 is related to an auxin regulation mechanism in rice. The application has important significance in breeding rice, indica rice or japonica rice with excellent yield and/or lodging resistance.(ZH) 本发明涉及水稻SDT6基因、其编码蛋白及其应用。本发明提供一种调控水稻株型的SDT6基因，SDT6基因的核苷酸序列如SEQ ID NO.2或SEQ ID NO.3所示。SDT6基因编码的蛋白质的氨基酸序列如SEQ ID NO.1所示。本发明筛选到半矮杆、分蘖增加的突变体并成功克隆调控该表型的目的基因，通过CRISPR/Cas9技术在粳稻ZH11材料中将该基因敲除后，水稻株高明显降低且分蘖显著增加，利用基因功能互补验证进一步证实了该基因功能，初步验证了基因SDT6调控水稻的株高及分蘖，并发现其与水稻体内生长素调节机制相关。本申请在选育具有优良产量和/或抗倒伏性能的水稻、籼或粳稻方面具有重要意义。",,,北京之于行知识产权代理有限公司 11767,2024102144167 26.02.2024 CN,,,,,,,
CN399641709,202111455341,China,01.12.2021,116200398,02.06.2023,A,"C12N 15/29
					






C07K 14/415
					






C12N 15/82
					






A01H 5/00
					






A01H 6/46
					








C12N 15/29
					






C07K 14/415
					






C12N 15/82
					






A01H 5/00
					






A01H 6/46
					






View less classifications","C07K 14/415
					






C12N 15/8261
					






C12N 15/8216
					






Y02A 40/146
					








C07K 14/415
					






C12N 15/8261
					






C12N 15/8216
					






Y02A 40/146
					






View less classifications",HUNAN HYBRID RICE RESEARCH CENTER湖南杂交水稻研究中心,LI YIXING李懿星LI LI李莉QIU MUDAN邱牡丹LI BIN李斌DONG HAO董皓SONG SHUFENG宋书锋WANG TIANKANG王天抗LIU XUANMING刘选明,,(EN) Protein PSRK2 related to rice panicle type as well as coding gene and application of protein PSRK2(ZH) 与水稻穗型相关的蛋白PSRK2及其编码基因与应用,,"(EN) The invention discloses a protein PSRK2 related to a rice panicle type as well as a coding gene and application of the protein PSRK2. The invention provides a method for increasing the plant height of rice and/or improving the panicle type of rice, which comprises the step of reducing the content of protein PSRK2 in receptor rice or reducing the activity of the protein PSRK2 in the receptor rice or inhibiting the expression of a coding gene of the protein PSRK2 in the receptor rice, so as to obtain the rice with increased plant height and/or improved panicle type. The CRISPR/Cas9 technology is utilized, the rice PSRK2 gene is subjected to fixed-point editing, the rice PSRK2 gene is knocked out through frame-shift mutation, the protein PSRK2 is inactivated, a new generation of new rice germplasm with the improved panicle type and the obviously increased plant height is obtained, and a new material is provided for development of high-quality seed resources with the improved rice panicle type.(ZH) 本发明公开了一种与水稻穗型相关的蛋白PSRK2及其编码基因与应用。本发明提供了一种提高水稻株高和/或改良水稻穗型的方法，包括降低受体水稻中蛋白质PSRK2的含量或降低受体水稻中蛋白质PSRK2的活性或抑制受体水稻中蛋白质PSRK2的编码基因的表达，得到株高提高和/或穗型改良的水稻。本发明利用CRISPR/Cas9技术，定点编辑水稻PSRK2基因，通过移码突变，敲除了水稻了PSRK2基因，使蛋白PSRK2失活，获得了穗型得到改良且株高明显提高的新一代水稻新种质，为水稻穗型改良的优质种资的开发提供了新的材料。",,,北京纪凯知识产权代理有限公司 11245,,,,,,,,
,,,,,,,,,,,,,,,,,,,,,,,,,
CA205108242,2979292,Canada,14.03.2016,2979292,15.09.2016,A1,"C12N 15/82
					






A01H 6/82
					






A01H 5/00
					








C12N 15/82
					






A01H 6/82
					






A01H 5/00
					






View less classifications","C12N 15/8283
					






C12N 2810/10
					






C12N 9/22
					






C12N 15/102
					






C12N 15/113
					






C12N 2310/20
					






View more classifications
							






C12N 15/8283
					






C12N 2810/10
					






C12N 9/22
					






C12N 15/102
					






C12N 15/113
					






C12N 2310/20
					






C12N 15/82
					






C12N 15/8213
					






View less classifications","INSTITUTE OF GENETICS AND DEVELOPMENTAL BIOLOGY, CHINESE ACADEMY OF SCIENCES","GAO, CAIXIAJI, XIANGZHANG, HUAWEI",,(EN) METHOD FOR IMPROVING ABILITY TO RESIST AGAINST INTRUSIVE DNA VIRUSES OF PLANT(FR) PROCEDE D'AUGMENTATION DE LA CAPACITE D'UNE PLANTE A RESISTER A L'INVASION PAR LES VIRUS A ADN,,"(EN) Provided is a method for increasing the ability of a plant to resist a DNA virus, said method comprising the following steps: 1) selecting a sequence from the genome sequence of a DNA virus to be a target sequence, said sequence conforming to a 5'-NX-NGG-3' or 5'-CCN-NX-3' arrangement rule, and synthesising a DNA fragment which is reversely complementary to the target sequence; 2) constructing the DNA fragment into a vector used for expressing the CRISPR/Cas9 nuclease, and obtaining a recombinant vector capable of transcribing a guide RNA and expressing the Cas9 protein; 3) introducing the recombinant vector to a recipient plant. The method of the present invention may be widely applied to double-stranded DNA viruses and single-stranded DNA viruses using double-stranded DNA as an intermediate, wherein the sequences of the DNA viruses are known.(FR) La présente invention concerne un procédé d'augmentation de la capacité d'une plante à résister à un virus à ADN, ledit procédé comprenant les étapes suivantes : 1) sélection d'une séquence à partir de la séquence génomique d'un virus à ADN pour être une séquence cible, ladite séquence se conformant à une règle de configuration 5'-NX-NGG-3' ou 5'-CCN-NX-3', et la synthèse d'un fragment d'ADN qui est inversement complémentaire de la séquence cible; 2) construction du fragment d'ADN en un vecteur utilisé pour l'expression de la CRISPR/Cas9 nucléase, et obtention d'un vecteur recombinant capable de transcription d'un ARN guide et expression de la protéine Cas9; 3) introduction du vecteur recombinant dans une plante bénéficiaire. Le procédé de la présente invention peut être largement appliqué aux virus à ADN double brin et aux virus à ADN simple brin en utilisant l'ADN double brin comme intermédiaire, où les séquences des virus à ADN sont connues.",,,,201510107492.9 12.03.2015 CN,"CN105969792

AR103927

AU2016228599

KR1020170126495

EP3309255

BR112017016423

US20180195084

EA201791991

JP2018507705

WO/2016/141893

IN201737029075

UAa201709464This application is not viewable in PATENTSCOPE because the national phase entry has not been published yet or the national entry is issued from a country that does not share data with WIPO or there is a formatting issue or an unavailability of the application.",,,,,,
,,,,,,,,,,,,,,,,,,,,,,,,,
,,,,,,,,,,,,,,,,,,,,,,,,,
CN234988193,201810866033,China,01.08.2018,108913717,30.11.2018,A,"C12N 15/82
					






A01H 5/00
					






A01H 6/46
					








C12N 15/82
					






A01H 5/00
					






A01H 6/46
					






View less classifications","C12N 15/8213
					






C12N 15/8273
					








C12N 15/8213
					






C12N 15/8273
					






View less classifications",HENAN AGRICULTURAL UNIVERSITY河南农业大学,DU YANXIU杜彦修JI XIN季新LI FEI李飞ZHAO QUANZHI赵全志YAN YUN晏云SUN HONGZHENG孙红正ZHANG JING张静LI JUNZHOU李俊周PENG TING彭廷,,(EN) Method for site-directed mutation of rice PHYB gene using CRISPR/Cas9 system(ZH) 一种利用CRISPR/Cas9系统对水稻PHYB基因定点突变的方法,,"(EN) The invention relates to a method for site-directed mutation of a rice PHYB gene using a CRISPR/Cas9 system, and belongs to the technical field of plant genetic engineering. According to the method for the site-directed mutation of the rice PHYB gene, by using the CRISPR/Cas9 technology, directional editing is carried out on the rice phytochrome PHYB gene; by designing PHYB mutation targets, establishing expression vectors, and the rice is introduced by a agrobacterium-mediated method, the site-directed mutation of the rice PHYB gene is realized; according to the method, the operation is moresimple and rapid, and the test cycle is short, a simple and effective technical mean is provided for the rapid development of novel varieties of drought-resistant and salt-tolerant rice, and importantpractical significance for improving rice characters and breeding high and stable yield is achieved.(ZH) 本发明涉及一种利用CRISPR/Cas9系统对水稻PHYB基因定点突变的方法，属于植物基因工程技术领域。本发明利用CRISPR/Cas9技术，对水稻光敏色素PHYB基因进行定向编辑，通过设计PHYB突变靶点、构建表达载体，并利用农杆菌介导法导入水稻，实现了对水稻PHYB基因的定点突变，该方法操作更加简单快捷、试验周期短，为快速创制抗旱和耐盐水稻新品种提供了一种简单有效的技术手段，对改良水稻性状和高产稳产育种具有重要实践意义。",,,郑州睿信知识产权代理有限公司 41119,,,,,,,,
CN428836599,202410082888,China,19.01.2024,117947145,30.04.2024,A,"C12Q 1/6844
					






C12Q 1/6888
					






C12N 15/11
					








C12Q 1/6844
					






C12Q 1/6888
					






C12N 15/11
					






View less classifications","C12Q 1/6844
					






C12Q 1/6888
					






Y02A 50/30
					








C12Q 1/6844
					






C12Q 1/6888
					






Y02A 50/30
					






View less classifications",HENAN NORMAL UNIVERSITY河南师范大学,YANG QINGXIANG杨清香ZHAO WEICHAO赵伟超GAO JIN高锦ZHANG JIANGLI张江利LI MINGJUN李明军WANG RUIFEI王瑞飞ZHANG HAO张昊LIU YONGKANG刘永康HE YULONG何雨龙CHEN LITING陈丽婷,,(EN) Rapid detection method for pratylenchus coffee based on RPA-CRISPR/Cas12a(ZH) 一种基于RPA-CRISPR/Cas12a的咖啡短体线虫的快速检测方法,,"(EN) The invention discloses a rapid detection method for pratylenchus coffee based on RPA-CRISPR/Cas12a, which comprises the following steps: collecting a plant tissue suspected to be infected with nematode disease as a material, carrying out nematode DNA crude extraction to obtain a nematode DNA crude extraction solution, adding the nematode DNA crude extraction solution into an RPA amplification system, and carrying out RPA amplification reaction, after the amplification reaction is finished, an RPA amplification reaction product and a TaqMan fluorescent probe are added into a CRISPR/Cas12a reaction system for reaction, then the reaction system is irradiated under a blue light LED lamp, if fluorescence exists, the result is positive, and if no light exists, the result is negative. The detection method provided by the invention is rapid and efficient, is simple to operate, does not depend on large instruments such as a centrifugal machine and a PCR instrument, and can realize rapid detection of pratylenchus coffee.(ZH) 本发明公开了一种基于RPA‑CRISPR/Cas12a的咖啡短体线虫的快速检测方法，采集疑似感染线虫病害的植物组织为材料进行线虫DNA粗提取得到线虫DNA粗制提取液，再将线虫DNA粗制提取液加入到RPA扩增体系中进行RPA扩增反应，待扩增反应结束后将RPA扩增反应产物和TaqMan荧光探针加入到CRISPR/Cas12a反应体系内进行反应，再将反应体系置于蓝光LED灯下照射，如有荧光则为阳性结果，无发光则为阴性结果。本发明的检测方法快速高效，操作简单，并且不依赖于离心机、PCR仪等大型仪器，能够实现对咖啡短体线虫的快速检测。",,,新乡市平原智汇知识产权代理事务所(普通合伙) 41139,,,,,,,,
,,,,,,,,,,,,,,,,,,,,,,,,,
,,,,,,,,,,,,,,,,,,,,,,,,,
CN306315719,202010408492,China,14.05.2020,111621515,04.09.2020,A,"C12N 15/82
					






C12N 15/29
					








C12N 15/82
					






C12N 15/29
					






View less classifications","C12N 15/8213
					






C07K 14/415
					








C12N 15/8213
					






C07K 14/415
					






View less classifications",CHINA JILIANG UNIVERSITY中国计量大学,YANG SU杨素ZHU CHENG朱诚,,(EN) Method for enhancing gene editing efficiency of CRISPR/ Cas9 system(ZH) 一种增强CRISPR/Cas9系统基因编辑效率的方法,,"(EN) The invention relates to the field of plant genetic engineering, and particularly relates to a method for enhancing the gene editing efficiency of a CRISPR/ Cas9 system. The method comprises the following steps: adding a round of PCR reaction for connecting gRNA expression cassettes of U3 and U6a after PCR2, and then performing enzyme digestion connection to obtain a recombinant plasmid; connecting the U3 expression cassette with the U6a expression cassette, and then connecting the connected product with an MH plasmid. Compared with the prior art that the U3 expression cassette, the U6a expression cassette and the MH plasmid are connected together, the method provided by the invention has the advantages that the connection difficulty is far lower than that of the prior art, the proportionof positive clonesis greatly increased, the connection of the U3 expression cassette and the U6a expression cassette is realized, a lower primer B2-M of the U3 expression cassette and an upper primerB2'-M of the U6a expression cassette are redesigned, and the sequences of the B2-M and the B2'-M are partially complementary, so that the products of the U3 expression cassette and the U6a expressioncassette can be complementarily connected through a sticky terminal base in the third round of PCR reaction.(ZH) 本发明涉及植物基因工程领域，尤指一种增强CRISPR/Cas9系统基因编辑效率的方法，本发明在PCR2后添加了一轮将U3和U6a的gRNA表达盒连接的PCR反应，然后再进行酶切连接，得到重组质粒；对U3表达盒与U6a表达盒连接，连接后的产物再与MH质粒连接，相对于现有技术同时将U3表达盒、U6a表达盒、MH质粒一起连接，本发明连接的难度远低于现有技术的连接难度，阳性克隆的比例大大增加，实现上述U3表达盒和U6a表达盒连接，重新设计了U3表达盒的下引物B2‑M和U6a表达盒的上引物B2’‑M，使B2‑M与B2’‑M的序列部分互补，这样可以使U3表达盒和U6a表达盒产物在第三轮PCR反应中通过粘性末端碱基互补连接起来。",,,北京神州信德知识产权代理事务所(普通合伙) 11814,,,,,,,,
CN240415594,201811393902,China,21.11.2018,109517846,26.03.2019,A,"C12N 15/90
					






C12N 15/82
					






C12N 15/66
					






A01H 5/00
					






A01H 6/60
					








C12N 15/90
					






C12N 15/82
					






C12N 15/66
					






A01H 5/00
					






A01H 6/60
					






View less classifications","C12N 15/8218
					






C12N 15/902
					








C12N 15/8218
					






C12N 15/902
					






View less classifications",HUAZHONG AGRICULTURAL UNIVERSITY华中农业大学,GUO XIAOPING郭小平XU XIAOLAN徐孝兰ZHANG JUN张军,,(EN) Method of constructing cotton mutant library with high through throughput based on CRISPR/Cas9 system(ZH) 基于CRISPR/Cas9系统高通量构建棉花突变体库的方法,,"(EN) The invention belongs to the technical field of plant genetic engineering, and in particular relates to a method of constructing a cotton mutant library with high through throughput based on a CRISPR/Cas9 system. A converting vector of upland cotton is constructed, and an application of high throughput edition in a genome of upland cotton by using the vector is carried out. TRNA and CcdB gene fragments are cloned by means of primers with joints and the gene fragments are connected to a Prgeb32-gHu6.7-NBTII converting vector edited by the genome of upland cotton to form a vector Htkt which canedits the genome of upland cotton with high throughout. By means of the characteristic of the high throughput vector, upland cotton drone fragments can be designed in batches and are mixed to construct the vector to obtain the cotton mutant library finally. A high throughput sequencing result verifies that the sgRNA coverage rate of the high throughput vector reaches up to 97%.(ZH) 本发明属于植物基因工程技术领域，具体涉及基于CRISPR/Cas9系统高通量构建棉花突变体库的方法。本发明构建了一个陆地棉的转化载体，利用这个载体在陆地棉基因组中进行高通量编辑的应用。本发明通过带有接头的引物克隆得到tRNA和CcdB基因片段，将这些基因片段连接至适用于陆地棉基因组编辑的pRGEB32‑GhU6.7‑NPTⅡ转化载体中成为一种可以高通量编辑棉花基因组的载体Htkt。本发明利用高通量转化载体的特点，可大批量设计陆地棉靶标片段并进行混合构建载体最终得到棉花突变体库。高通量测序结果表明，这种高通量载体的sgRNA覆盖率高达97％。",,,武汉宇晨专利事务所 42001,,,,,,,,
CN323790134,201911035463,China,29.10.2019,112725374,30.04.2021,A,"C12N 15/84
					






C12N 15/29
					






C12N 15/113
					






A01H 1/02
					






A01H 5/00
					






A01H 5/10
					






View more classifications
							






C12N 15/84
					






C12N 15/29
					






C12N 15/113
					






A01H 1/02
					






A01H 5/00
					






A01H 5/10
					






A01H 6/46
					






View less classifications","C12N 15/8213
					






C12N 15/8218
					






C07K 14/415
					






A01H 1/02
					








C12N 15/8213
					






C12N 15/8218
					






C07K 14/415
					






A01H 1/02
					






View less classifications","CHINA NATIONAL SEED GROUP CO., LTD.中国种子集团有限公司",PAN YANLIN潘燕林DING QI丁琦TAN CHAO谭超CHEN YA陈雅XU NIAN徐念LI HONGJING李弘婧WANG WENSHU王文舒MA CHONGLIE马崇烈,,(EN) Method for creating plant haploid induction system and application thereof(ZH) 创制植物单倍体诱导系的方法及其应用,,"(EN) The invention relates to a method for creating a plant haploid inducer, which comprises the step of modifying a CENH3 gene in a plant to delete a functional part of the CENH3 gene. Specifically, the invention relates to the rice OsCENH3 gene edited by utilizing a CRISPR/Cas9 system so as to generate a rice haploid induction line, and the rice haploid induction line has the capability of inducing haploid generation, so that the rice haploid induction line has important significance for agricultural production. The present application also encompasses methods of inducing haploid production with haploid inducers and the use of haploid inducers for breeding, gene editing, haploid production and new haploid inducers.(ZH) 本申请涉及创制植物单倍体诱导系的方法，其包括修饰植物中的CENH3基因，使其功能部分缺失。具体地，本申请涉及利用CRISPR/Cas9系统编辑水稻OsCENH3基因，从而产生水稻单倍体诱导系，其具有诱导单倍体产生的能力，这对于农业生产具有重要的意义。本申请还涵盖了利用单倍体诱导系诱导产生单倍体的方法以及单倍体诱导系用于育种、进行基因编辑、产生单倍体和产生新的单倍体诱导系的用途。",,,北京英赛嘉华知识产权代理有限责任公司 11204北京英赛嘉华知识产权代理有限责任公司 11204,,,,,,,,
,,,,,,,,,,,,,,,,,,,,,,,,,
,,,,,,,,,,,,,,,,,,,,,,,,,
CN406237289,202310549097,China,16.05.2023,116622746,22.08.2023,A,"C12N 15/54
					






C12N 9/12
					






C12N 15/82
					






A01H 5/00
					






A01H 6/82
					








C12N 15/54
					






C12N 9/12
					






C12N 15/82
					






A01H 5/00
					






A01H 6/82
					






View less classifications","C12N 9/12
					






C12N 15/8243
					






C12N 15/8261
					






C12N 15/8216
					






C12Y 207/11
					






Y02A 40/146
					








C12N 9/12
					






C12N 15/8243
					






C12N 15/8261
					






C12N 15/8216
					






C12Y 207/11
					






Y02A 40/146
					






View less classifications","CHINA TOBACCO YUNNAN INDUSTRIAL CO., LTD.云南中烟工业有限责任公司",XU LI许力XU YONG许永JIANG JIARUI蒋佳芮ZHANG LUMIN张鲁民GAO XI高茜LI LIQIN李立芹ZENG WANLI曾婉俐XIANG HAIYING向海英LU LIMING鲁黎明MI QILI米其利LI XUEMEI李雪梅HUANG HAITAO黄海涛LI JING李晶,,(EN) Tobacco CBL interaction serine/threonine protein kinase 23 gene and application thereof(ZH) 烟草CBL相互作用的丝氨酸/苏氨酸蛋白激酶23基因及应用,,"(EN) The invention relates to a tobacco CBL interaction serine/threonine protein kinase 23 gene. The nucleotide sequence of the tobacco CBL interaction serine/threonine protein kinase 23 gene is as shown in SEQ ID NO. 1. According to the tobacco CBL interaction serine/threonine protein kinase 23 gene NtCIPK23 provided by the invention, the NtCIPK23 gene is knocked out by utilizing a CRISPR/Cas9 mediated gene editing technology to obtain a gene editing plant of which the potassium ion content is reduced compared with that of a control plant under a low-potassium condition; under the low-potassium condition, the growth vigor of a gene editing plant is weaker than that of a control plant, and a genetic material and a theoretical basis are provided for research on the tobacco CBL interaction serine/threonine protein kinase 23 gene and application of the gene in tobacco potassium absorption and utilization.(ZH) 本发明涉及一种烟草CBL相互作用的丝氨酸/苏氨酸蛋白激酶23基因，其核苷酸序列如SEQ ID NO.1所示。本发明提供的烟草CBL相互作用的丝氨酸/苏氨酸蛋白激酶23基因NtCIPK23，利用CRISPR/Cas9介导的基因编辑技术敲除NtCIPK23基因获得在低钾条件下与对照植株相比钾离子含量降低的基因编辑植株；在低钾条件下，基因编辑植株的长势弱于对照植株，为烟草CBL相互作用的丝氨酸/苏氨酸蛋白激酶23基因研究及该基因在烟草钾吸收利用方面的应用提供了遗传材料和理论依据。",,,北京市领专知识产权代理有限公司 11590,,,,,,,,
JP443103342,2024143412,Japan,23.08.2024,2024160392,13.11.2024,A,"C12N 15/09
					






A01H 1/00
					






A01H 4/00
					






C12N 15/87
					








C12N 15/09
					






A01H 1/00
					






A01H 4/00
					






C12N 15/87
					






View less classifications","A01H 1/06
					






C12N 15/01
					






C12N 15/87
					






C12N 15/8207
					






C12N 15/8213
					






C12N 9/22
					






View more classifications
							






A01H 1/06
					






C12N 15/01
					






C12N 15/87
					






C12N 15/8207
					






C12N 15/8213
					






C12N 9/22
					






C12N 9/96
					






C12N 15/102
					






C12N 15/113
					






C12N 15/82
					






C12N 2310/20
					






C12N 15/11
					






C12N 15/902
					






C12N 2800/80
					






View less classifications",INSTITUTE OF GENETICS & DEVELOPMENTAL BIOLOGY CHINESE ACADEMY OF SCIENCES中国科学院遺▲伝▼与▲発▼育生物学研究所,GAO CAIXIAツァイシア　ガオLIANG ZHENジェン　リアンWANG YANPENGヤンペン　ワンSHAN QIWEIチーウェイ　シャンSONG QIANNAチアンナ　ソン,,(EN) METHOD OF APPLYING NON-GENETIC SUBSTANCE TO PERFORM SITE-DIRECTED REFORM OF PLANT GENOME(JA) 植物ゲノムの部位特異的改変の実施に非遺伝物質を適用する方法,,"(EN) PROBLEM TO BE SOLVED: To provide a method of applying a non-genetic substance to perform site-directed reform of plant genome.SOLUTION: The method comprises a step of introducing a non-inheritable material into a cell or a tissue or a part of a plant of interest, where the non-inheritable material is a nuclease specific to the target fragment or an mRNA expressing the nuclease, the nuclease is a TALEN nuclease, a Zinc finger nuclease (ZFN), a Clustered regularly interspaced short palindromic repeats (CRISPR) nuclease (CRISPR/Cas9), or any nuclease capable of genome editing. The nuclease cleaves the target fragment and a site-directed modification to the target fragment is achieved through a DNA repairing event in the plant.SELECTED DRAWING: NoneCOPYRIGHT: (C)2024,JPO&INPIT(JA) 【課題】植物ゲノムの部位特異的改変の実施に非遺伝物質を適用する方法を提供する。【解決手段】対象植物の細胞または組織または植物部分に非遺伝物質を導入するステップを含み、その際、前記非遺伝物質は標的部分に特異的なヌクレアーゼであるか、または前記ヌクレアーゼを発現するｍＲＮＡであり、前記ヌクレアーゼは、ＴＡＬＥＮヌクレアーゼ、ジンクフィンガーヌクレアーゼ（ＺＦＮ）、規則的な間隔をもってクラスター化された短鎖反復回文（Ｃｌｕｓｔｅｒｅｄ  ｒｅｇｕｌａｒｌｙ  ｉｎｔｅｒｓｐａｃｅｄ  ｓｈｏｒｔ  ｐａｌｉｎｄｒｏｍｉｃ  ｒｅｐｅａｔｓ、ＣＲＩＳＰＲ／Ｃａｓ９）ヌクレアーゼ、またはゲノム編集を実現しうるあらゆるヌクレアーゼである。前記ヌクレアーゼは前記標的部分を切断する役割を果たし、次いで前記植物のＤＮＡ修復により該標的部分の部位特異的改変が完了される。【選択図】なし",,,アインゼル・フェリックス＝ラインハルト森田　拓前川　純一永島　秀郎上島　類神谷　雪恵遠藤　太介,201510114017.4 16.03.2015 CN,"AU2016239037

KR1020170126502

EP3279321

BR112017016431

US20180163232

EA201792036

WO/2016/155482

CN105985943

AR103926

JP2018508221

IN201737029078

CA2979290

JP2023018066",,,,,,"A01H 1/00A
                 


A01H 4/00
                 


C12N 15/09,110
                 


C12N 15/87Z
                 




A01H 1/00A
                 


A01H 4/00
                 


C12N 15/09,110
                 


C12N 15/87Z
                 



View less classifications"
CA406583286,3211382,Canada,,3211382,23.03.2023,A1,"C07K 14/415
					






C12N 1/21
					






C12N 9/22
					






C12N 15/113
					






C12N 15/29
					






C12N 15/55
					






View more classifications
							






C07K 14/415
					






C12N 1/21
					






C12N 9/22
					






C12N 15/113
					






C12N 15/29
					






C12N 15/55
					






C12N 15/82
					






View less classifications","C12N 15/113
					






C12N 9/22
					






C07K 14/415
					






C12N 15/8218
					






C12N 15/827
					






C12N 15/8261
					






View more classifications
							






C12N 15/113
					






C12N 9/22
					






C07K 14/415
					






C12N 15/8218
					






C12N 15/827
					






C12N 15/8261
					






C12N 15/8282
					






C12N 2800/22
					






C12N 2310/20
					






View less classifications",JIANGSU UNIVERSITY,"TAN, XIAOLIGENG, RUIZHU, KEMINGWANG, ZHENGDING, LINACAO, JUNLI, YULONGXUE, YIXUANSHAN, YUELI, LEI",,"(EN) METHOD FOR SITE-DIRECTED MUTAGENESIS OF BNHBBD GENE OF BRASSICA NAPUS L., AND USE(FR) PROCEDE ET APPLICATION DE LA MUTATION CIBLANT UN SITE DU GENE BNHBBD DE BRASSICA NAPUS",,"(EN) The present disclosure provides a method for site-directed mutagenesis (SDM) of a BnHBBD gene of Brassica napus L., and a use, and belongs to the technical field of plant gene editing and plant breeding. In the present disclosure, Targetl and Target? are designed and screened for a BnHBBD gene in Brassica napus L., gRNA sequences are designed, and then the Targetl and the Target? are ligated with two identical gRNA sequences respectively to construct a dual-target gene-editing vector pKSE401-BnHBBD-CRISPR', and the dual-target gene-editing vector is transformed into Brassica napus L. to allow SDM of the BnHBBD gene of the Brassica napus L. to obtain a transgenic plant with a long flowering stage, Sclerotinia sclerotiorum resistance, and a silique that is not easy to crack.(FR) La présente divulgation concerne une méthode et une utilisation de la mutagénèse dirigée (SDM) ciblant un site du gène BnHBBD de Brassica napus L., appartenant au domaine technique de l'édition génétique végétale et de la sélection végétale. Dans la présente divulgation, les cibles Target1 et Target2 sont conçues et criblées pour le gène BnHBBD de Brassica napus L., des séquences ARNg sont conçues, et les cibles Target1 et Target2 sont ensuite liées à deux séquences ARNg identiques pour construire un vecteur d'édition génétique à double cible pKSE401-BnHBBD-CRISPR, et le vecteur d'édition génétique à double cible est transformé en Brassica napus L., afin de réaliser une SDM ciblant un site du gène BnHBBD de Brassica napus L. et d'obtenir une plante transgénique possédant une longue période de floraison, résistant à la Sclerotinia sclerotiorum, et possédant des siliques difficiles à fendre.",,,,202111075160.9 14.09.2021 CN,"CN113980964

WO/2023/040623",,,,,,
,,,,,,,,,,,,,,,,,,,,,,,,,
,,,,,,,,,,,,,,,,,,,,,,,,,
,,,,,,,,,,,,,,,,,,,,,,,,,
CN402732639,202211285575,China,20.10.2022,116376924,04.07.2023,A,"C12N 15/29
					






C12N 15/82
					






A01H 5/00
					






A01H 6/46
					








C12N 15/29
					






C12N 15/82
					






A01H 5/00
					






A01H 6/46
					






View less classifications","C07K 14/415
					






C12N 15/8286
					






C12N 15/8218
					






Y02A 40/146
					








C07K 14/415
					






C12N 15/8286
					






C12N 15/8218
					






Y02A 40/146
					






View less classifications",HUAZHONG AGRICULTURAL UNIVERSITY华中农业大学,WANG GAOFENG王高峰YANG LIJIE杨利洁XIAO YANNONG肖炎农MA KANGSHENG马康生XIAO XUEQIONG肖雪琼,,(EN) Application of OsSUT2 gene in preparation of Sitobion avenae-resistant transgenic rice(ZH) OsSUT2基因在制备抗麦长管蚜转基因水稻中的应用,,"(EN) The invention discloses application of an OsSUT2 gene in preparation of macrosiphum avenae-resistant transgenic rice, and relates to the technical field of plant genetic engineering, and the technical key points are as follows: the OsSUT2 gene is applied to preparation of the macrosiphum avenae-resistant transgenic rice, and the gene accession number of the gene is LOCOs12g44380. According to the invention, a japonica rice variety Nipponbare is used as a plant material, a CRISPR-Cas9 technology is adopted to successfully cultivate the OsSUT2 function-deficient rice mutant, and after emergence of seedlings for 15 days, sitobion avenae is inoculated. A statistical result shows that the death rate of aphids on the OsSUT2 function deletion mutant at different time points after the sitobion avenae is inoculated is obviously higher than that of the rice wild type. Therefore, the OsSUT2 has a very important application value for cultivating a new rice variety resistant to sitobion avenae.(ZH) 本发明公开了OsSUT2基因在制备抗麦长管蚜转基因水稻中的应用，涉及植物基因工程技术领域，其技术要点为：将OsSUT2基因应用于制备抗蚜虫转基因水稻，所述基因在基因登录号为LOC_Os12g44380。本发明的申请人以水稻粳稻品种日本晴(Nipponbare)为植物材料，采用CRISPR‑Cas9技术成功培育了OsSUT2功能缺失水稻突变体，在出苗15天后接种麦长管蚜。统计结果显示，在接种麦长管蚜后不同时间点在OsSUT2功能缺失突变体上的蚜虫死亡率显著高于水稻野生型。因此，OsSUT2对于培育抗麦长管蚜的水稻新品种将具有非常重要应用价值。",,,重庆市信立达专利代理事务所(普通合伙) 50230,,,,,,,,
,,,,,,,,,,,,,,,,,,,,,,,,,
,,,,,,,,,,,,,,,,,,,,,,,,,
,,,,,,,,,,,,,,,,,,,,,,,,,
CN206670678,201710540810.X,China,05.07.2017,107312793,03.11.2017,A,"C12N 15/82
					






C12N 9/22
					






A01H 5/00
					








C12N 15/82
					






C12N 9/22
					






A01H 5/00
					






View less classifications","C12N 9/22
					






C12N 15/8213
					






C12N 15/8261
					








C12N 9/22
					






C12N 15/8213
					






C12N 15/8261
					






View less classifications",HORTICULTURE INSTITUTE OF XINJIANG ACADEMY OF AGRICULTURAL SCIENCE,LI NINGWANG BAIKETANG YAPINGYANG SHENGBAOPATIGULI AISIMUTUOLAYANG TAOYU QINGHUI,,(EN) Cas9-mediated tomato gene editing vector and application thereof(ZH) Cas9介导的番茄基因编辑载体及其应用,,"(EN) The invention belongs to the field of genetic engineering technology, and specifically discloses a Cas9-mediated tomato gene editing vector and application thereof. A Cas9 gene is introduced into a tomato M82 by constructing a CRISPR/Cas9 tomato plant expression vector, and gene editing is carried out on the DFD gene of the tomato. The invention provides a method for constructing a storage-endurance transgenic tomato, the new storage-endurance tomato product is obtained, so that the storage endurance of the tomato fruit is improved, and besides, the growth and other qualities of plant are not influenced, and the method can compensate for shortcomings of former research programs.(ZH) 本发明属于基因工程技术领域，具体公开了一种Cas9介导的番茄基因编辑载体及其应用。发明通过构建CRISPR/Cas9番茄植物表达载体，将Cas9基因导入番茄M82中，对番茄自身DFD基因进行基因编辑。提供一种创建耐储藏转基因番茄的方法，以此得到耐储藏的番茄新品种，提高番茄果实耐储藏性，同时不影响植株的生长与其他品质，可以弥补前人研究方案的不足之处。",,,,,,,,,,,
CN206678012,201710345611,China,16.05.2017,107326042,07.11.2017,A,"C12N 15/82
					






A01H 5/00
					








C12N 15/82
					






A01H 5/00
					






View less classifications","C12N 15/8289
					






C12N 9/12
					






C12N 2800/80
					






C12N 2810/10
					








C12N 15/8289
					






C12N 9/12
					






C12N 2800/80
					






C12N 2810/10
					






View less classifications",SHANGHAI JIAO TONG UNIVERSITY,ZHANG DABINGLIANG WANQIYU JUNPINGYUAN ZHENGCHEN MINGJIAOLUO ZHIJING,,"(EN) Site-directed knockout system for rice TMS10 gene, and applications thereof(ZH) 水稻TMS10基因的定点敲除系统及其应用",,"(EN) The present invention relates to a site-directed knockout system for a rice TMS10 gene, and applications thereof. The site-directed knockdown system comprises a CRISPR/Cas9 system and a sgRNA target, wherein the sgRNA target is the sequence containing PAM or NGG in a rice male sterile gene TMS10, the CRISPR/Cas9 system is CC-TMS10-1, and the CC-TMS10-1 target sequence is a SEQ ID NO.1 sequence from site 2281 to site 2299. The applications comprise carrying out targeted knockout on the TMS10 genes of different japonica rice varieties and different Indica rice varieties by separately using CC-TMS10-1, wherein the experiment results prove that the heterozygous mutation transformation plant produced through the site-directed knockout induction in different rice varieties shows the temperature sensitive male sterility characteristic. According to the present invention, the site-directed knockout system provides the efficient breeding method for the creation of the temperature sensitive male sterile line germplasm resources based on the rice temperature-sensitive male sterile gene TMS10 and the rice hybridization breeding.(ZH) 本发明涉及水稻TMS10基因的定点敲除系统及其应用。所述定点敲除系统如下，定点敲除系统包括CRISPR/Cas9系统和sgRNA靶点；sgRNA靶点为水稻雄性不育基因TMS10中含有PAM或NGG的序列；CRISPR/Cas9系统为CC‑TMS10‑1；CC‑TMS10‑1靶序列为SEQ ID NO.1序列的第2281位至第2299位。所述应用是：通过单独使用CC‑TMS10‑1对不同粳稻和籼稻品种的TMS10基因进行靶向敲除；实验证明，在不同水稻品种中定点敲除诱导产生的纯合突变转化植株表现出温敏雄性不育特征。本发明为创造基于水稻温敏雄性不育基因TMS10的温敏雄性不育系种质资源、水稻杂交制种提供高效的育种方式。",,,,,,,,,,,
CN233251762,201810637466,China,20.06.2018,108728486,02.11.2018,A,"C12N 15/82
					






C12N 15/113
					






A01H 4/00
					






A01H 5/00
					






A01H 6/82
					








C12N 15/82
					






C12N 15/113
					






A01H 4/00
					






A01H 5/00
					






A01H 6/82
					






View less classifications","A01H 4/00
					






C12N 15/113
					






C12N 15/8213
					






C12N 2310/10
					






C12N 2310/20
					








A01H 4/00
					






C12N 15/113
					






C12N 15/8213
					






C12N 2310/10
					






C12N 2310/20
					






View less classifications",JIANGSU ACADEMY OF AGRICULTURAL SCIENCES江苏省农业科学院,YANG YAN杨艳ZHUANG YONG庄勇ZHOU XIAOHUI周晓慧LIU JUN刘军,,(EN) Construction method and application of eggplant CRISPR/Cas9 gene knock-out vector(ZH) 一种茄子CRISPR/Cas9基因敲除载体的构建方法和应用,,"(EN) The invention relates to a construction method and application of an eggplant CRISPR/Cas9 gene knock-out vector, and belongs to the field of a biological technology. The method comprises the followingsteps: designing a target site gRNA by taking genome DNA sequence of an eggplant WRKY26 gene as reference; constructing an expression box of the target site gRNA and Cas9 protein; inserting the expression box of the gRNA and the Cas9 protein into a binary expression vector; transferring recombinant plasmid into an agrobacterium EHA105 strain, mediating by EHA105 and transferring eggplant seed leaves to obtain a genetic transformation plant, and performing PCR and sequencing verification to determine a mutation strain. An eggplant SmWRKY26 gene serves as an example, and the eggplant gene is subjected to geodesic mutation rapidly, simply and efficiently.(ZH) 本发明涉及一种茄子CRISPR/Cas9基因敲除载体的构建和应用，属于生物技术领域。是以茄子WRKY26基因的基因组DNA序列为参照，设计靶位点gRNA；构建靶位点gRNA和Cas9蛋白的表达盒；再将gRNA和Cas9蛋白的表达盒插入到双元表达载体pCAMBIA1301。将重组质粒转入农杆菌EHA105菌株中，并由EHA105介导转化茄子子叶，获得遗传转化植株，经PCR和测序验证确定突变株系。本发明以茄子SmWRKY26基因为例，快速简单高效率地对茄子基因进行了地定点突变。",,,南京经纬专利商标代理有限公司 32200,,,,,,,,
CN427802616,202311740658,China,18.12.2023,117844848,09.04.2024,A,"C12N 15/82
					






C12N 9/22
					






C12N 15/113
					






C07K 14/415
					






C12N 15/29
					






A01H 5/00
					






View more classifications
							






C12N 15/82
					






C12N 9/22
					






C12N 15/113
					






C07K 14/415
					






C12N 15/29
					






A01H 5/00
					






A01H 6/46
					






View less classifications","C12N 15/8289
					






C12N 15/8218
					






C12N 9/22
					






C12N 15/113
					






C07K 14/415
					






C12N 2310/20
					








C12N 15/8289
					






C12N 15/8218
					






C12N 9/22
					






C12N 15/113
					






C07K 14/415
					






C12N 2310/20
					






View less classifications","HAINAN BOLIAN TECHNOLOGY CO., LTD.海南波莲科技有限公司",TANG JIE唐杰WU CHUNYU吴春瑜LIU HAO刘昊LI XINPENG李新鹏AN BAOGUANG安保光HAN XIAOBIN韩晓斌WU YONGZHONG吴永忠HUANG PEIJIN黄培劲,,(EN) Rice HSMS1 male sterile line created by using CRISPR and application of rice HSMS1 male sterile line(ZH) 利用CRISPR创制水稻HSMS1雄性不育系及其应用,,"(EN) The invention relates to the field of plant biotechnology breeding, in particular to a rice HSMS1 male sterile line created by using CRISPR (clustered regularly interspaced short palindromic repeats) and application thereof. The invention provides a humidity-related male sterility gene HSMS1 and application of a mutant hsms1 of the humidity-related male sterility gene HSMS1 in creation of a rice male sterility line. The humidity-related male sterility gene HSMS1 has a nucleotide sequence as shown in SEQ ID NO.1, a protein coded by the gene has an amino acid sequence as shown in SEQ ID NO.2, a mutant hsms1 (the sequence is as shown in SEQ ID NO.4) obtained by site-directed mutagenesis of the HSMS1 gene in wild rice can normally form anther, but pollen is completely aborted in the early stage, the pollen fertility is recovered after environmental influence, and the male sterility of the rice is improved. And normal firmness can be realized. The regulation and control function of the HSMS1 gene on the male reproductive development of the rice is found for the first time, and the HSMS1 gene has important significance on research on the male reproductive development of the rice.(ZH) 本发明涉及植物生物技术育种领域，尤其涉及利用CRISPR创制水稻HSMS1雄性不育系及其应用。本发明提供湿度相关的雄性不育基因HSMS1及其突变体hsms1在创制水稻雄性不育系中的应用。湿度相关的雄性不育基因HSMS1具有SEQ ID NO.1所示的核苷酸序列，其编码的蛋白质具有SEQ ID NO.2所示的氨基酸序列，野生型水稻中定点突变HSMS1基因所获得的突变体hsms1(序列如SEQ ID NO.4所示)花药可以正常形成，但花粉前期完全败育，经过环境影响后花粉育性得到恢复，并能正常结实。本发明首次发现HSMS1基因对水稻雄性生殖发育的调控功能，对研究水稻雄性生殖发育具有重要意义。",,,北京路浩知识产权代理有限公司 11002,,,,,,,,
,,,,,,,,,,,,,,,,,,,,,,,,,
CN305430553,202010401497,China,13.05.2020,111575313,25.08.2020,A,"C12N 15/84
					






A01H 5/00
					






A01H 6/46
					






C12Q 1/6858
					








C12N 15/84
					






A01H 5/00
					






A01H 6/46
					






C12Q 1/6858
					






View less classifications","C12N 15/8205
					






C12N 15/8213
					






C12N 15/8289
					








C12N 15/8205
					






C12N 15/8213
					






C12N 15/8289
					






View less classifications",JIANGXI SUPER-RICE RESEARCH AND DEVELOPMENT CENTER江西省超级水稻研究发展中心,LONG QIZHANG龙起樟HUANG YONGLAN黄永兰WAN JIANLIN万建林WANG HUIMIN王会民LU MING芦明TANG XIUYING唐秀英ZHU XUEJING朱雪晶,,(EN) Method for performing site-directed mutation on rice TDR gene by CRISPR\Cas9 system and detection method(ZH) 利用CRISPR\Cas9系统对水稻TDR基因进行定点突变及检测的方法,,"(EN) Recessive male sterility has an important utilization value in plant breeding. TDR gene function deficits in rice can cause thorough recessive male sterility, and is thus an important target of creating the recessive male sterility in genetic engineering. The invention discloses a method for performing site-directed mutation on a rice TDR gene by a CRISPR\Cas9 system. By using the site-directed mutation method provided by the invention, a TDR gene mutant can be fast and efficiently created so as to obtain a recessive male sterility material. The invention further provides a detection method ona specific TDR mutation genotype obtained by the site-directed mutation method. The detection method can be used for fast identifying whether the mutation exists in the target in a current generationtransformant of the TDR site-directed mutation, and can also be used for genotyping identification of the later-generation specific mutation genotype.(ZH) 隐性雄性不育在植物育种中具有重要利用价值，水稻中TDR基因功能缺失会引起彻底的隐性雄性不育，因而是基因工程创制隐性雄性不育的重要靶标。本发明公开了一种利用CRISPR\Cas9系统对水稻TDR基因进行定点突变的方法，通过本发明提供的定点突变方法可快速高效地创制TDR基因突变体从而获得隐性雄性不育材料；本发明进一步提供了一种对通过前述定点突变方法获得的特定TDR突变基因型进行检测的方法，可用于快速鉴定TDR定点突变当代转化子中靶位点是否存在突变，亦可用于后代特定突变基因型的基因分型鉴定。",,,苏州中合知识产权代理事务所(普通合伙) 32266,,,,,,,,
CN403512489,202310188216,China,28.02.2023,116445501,18.07.2023,A,"C12N 15/29
					






C12N 15/84
					






A01H 5/02
					






A01H 6/82
					








C12N 15/29
					






C12N 15/84
					






A01H 5/02
					






A01H 6/82
					






View less classifications","C07K 14/415
					






C12N 15/827
					






C12N 15/8216
					






Y02A 40/146
					








C07K 14/415
					






C12N 15/827
					






C12N 15/8216
					






Y02A 40/146
					






View less classifications",HUAZHONG AGRICULTURAL UNIVERSITY华中农业大学,ZHANG JUNHONG张俊红ZHANG DEDI张得迪AI GUO艾国YE ZHIBIAO叶志彪JI KANGNA吉康娜YANG ZIXUAN杨子萱HUANG RONG黄蓉,,(EN) Application of SlCSN5B gene in regulation and control of tomato flowering time(ZH) SlCSN5B基因在调控番茄开花时间中的应用,,"(EN) The invention relates to the technical field of biology, in particular to application of an SlCSN5B gene in regulation and control of tomato flowering time. The coding sequence of the SlCSN5B gene is shown as SEQ ID NO: 4, the gene is mutated through a CRISPR-Cas9 mediated gene editing technology, so that the function of the gene is lost, the flowering time of a mutant plant is generally advanced by about 6 days compared with that of a control plant, the flowering time of tomatoes can be controlled by editing the gene, the growth cycle of the plant can be shortened, and variety cultivation work in different flowering periods can be realized.(ZH) 本发明涉及生物技术领域，具体涉及SlCSN5B基因在调控番茄开花时间中的应用。SlCSN5B基因的编码序列如SEQ ID NO:4所示，通过CRISPR‑Cas9介导的基因编辑技术，对该基因进行突变使其功能丧失，突变型植株的开花时间比对照植株普遍提前约6天，通过对该基因进行编辑可以控制番茄开花时间，缩短植株生长周期，实现不同花期的品种培育工作。",,,武汉蓝宝石专利代理事务所(特殊普通合伙) 42242,,,,,,,,
CN432776483,202410267050,China,08.03.2024,118207250,18.06.2024,A,"C12N 15/84
					






C12N 15/29
					






C12N 15/113
					






C12N 15/11
					






A01H 5/10
					






A01H 6/34
					








C12N 15/84
					






C12N 15/29
					






C12N 15/113
					






C12N 15/11
					






A01H 5/10
					






A01H 6/34
					






View less classifications","C12N 15/8261
					






C12N 15/8287
					






C07K 14/415
					






C12N 15/113
					






C12N 2310/20
					








C12N 15/8261
					






C12N 15/8287
					






C07K 14/415
					






C12N 15/113
					






C12N 2310/20
					






View less classifications",NORTHWEST A&F UNIVERSITY西北农林科技大学,YUAN LI袁黎LIU MAN刘曼TIAN SHUJUAN田树娟JIANG JIAO姜娇WANG JIAFA王家发ZHANG XIAN张显,,(EN) Method for creating diploid seedless watermelon through gene editing ClSPL(ZH) 一种通过基因编辑ClSPL创制二倍体无籽西瓜的方法,,"(EN) The invention discloses a method for creating diploid seedless watermelons through gene editing ClSPL, and belongs to the technical field of plant genetic engineering breeding. According to the method for creating the diploid seedless watermelon through gene editing ClSPL, the CRISPR/Cas9 technology is utilized for the first time, targeted editing is conducted on the watermelon ClSPL gene, spore mother cells of the watermelon cannot be differentiated, gene functions are lost, male and female gametes are sterile, double fertilization fails, and no seeds are generated, so that the diploid seedless watermelon is created. Compared with a wild material, the diploid seedless watermelon edited plant created by the method disclosed by the invention has no obvious phenotype change in the vegetative growth stage except male and female gametes, and the seedless phenotype can be infinitely propagated through a plant subjected to ClsplRF/ClSPLRF hybrid editing. The method has the advantages of simplicity, feasibility, high efficiency, low cost, short period and the like.(ZH) 本发明公开了一种通过基因编辑ClSPL创制二倍体无籽西瓜的方法，属于植物基因工程育种技术领域。本发明公开的一种通过基因编辑ClSPL创制二倍体无籽西瓜的方法，首次利用CRISPR/Cas9技术，对西瓜ClSPL基因进行靶向编辑，使其孢子母细胞无法分化，基因功能缺失，雌雄配子不育，双受精失败，无种子产生，从而创制二倍体无籽西瓜。通过本发明方法创制的二倍体无籽西瓜编辑植株与野生型材料相比，除了雌雄配子不育，营养生长阶段均无明显表型变化，无籽表型可以通过ClsplRF/ClSPLRF杂合编辑的植株无限繁殖。该方法具有简单易行、效率高、成本低和周期短等优点。",,,北京首捷专利代理有限公司 11873,,,,,,,,
CN440757981,202411104916,China,13.08.2024,118726406,01.10.2024,A,"C12N 15/29
					






C07K 14/415
					






C12N 15/82
					






A01H 5/00
					






A01H 6/46
					








C12N 15/29
					






C07K 14/415
					






C12N 15/82
					






A01H 5/00
					






A01H 6/46
					






View less classifications","C07K 14/415
					






C12N 15/8282
					






C12N 15/8218
					






C12N 15/8205
					








C07K 14/415
					






C12N 15/8282
					






C12N 15/8218
					






C12N 15/8205
					






View less classifications",NORTHWEST A&F UNIVERSITY西北农林科技大学,WANG XIAOJIE王晓杰KANG ZHENSHENG康振生TANG CHUNLEI汤春蕾WANG JIANFENG王建锋WANG NING王宁SHU WEIXUE舒伟学,,(EN) Wheat transcription factor gene TaSGT1 and application thereof(ZH) 一种小麦转录因子基因TaSGT1及其应用,,"(EN) The invention belongs to the technical field of bioengineering, and discloses a wheat transcription factor gene TaSGT1 and application thereof. According to the invention, an expression vector containing the gene TaSGT1 is constructed, agrobacterium-mediated genetic transformation is utilized to obtain a transgenic plant for overexpressing TaSGT1, and the transgenic overexpressed plant is verified to show resistance to main epidemic races of stripe rust. Meanwhile, a CRISPR/Cas9 gene editing technology is utilized to specifically silence TaSGT1 to obtain a transgenic plant, it is determined that the TaSGT1 gene plays a positive regulation role in wheat stripe rust resistance, an anti-rust strain is created by utilizing the gene, and an excellent wheat material is provided for cultivation of stripe rust resistant varieties.(ZH) 本发明属于生物工程技术领域，公开了一种小麦转录因子基因TaSGT1及其应用。本发明构建了包含基因TaSGT1的表达载体，利用农杆菌介导的遗传转化，获得过表达TaSGT1的转基因植株，并验证了转基因过表达植株对条锈菌主要的流行小种表现出抗性。同时利用CRISPR/Cas9基因编辑技术对TaSGT1进行特异性沉默得到转基因植物，确定TaSGT1基因在小麦抗条锈病中起正调控作用，并利用该基因创制了抗锈的品系，为抗条锈品种的培育提供了优良的小麦材料。",,,西安鼎迈知识产权代理事务所(普通合伙) 61263,,,,,,,,
,,,,,,,,,,,,,,,,,,,,,,,,,
CN409230988,202310733434,China,20.06.2023,116769820,19.09.2023,A,"C12N 15/82
					






A01H 6/46
					






A01H 5/10
					








C12N 15/82
					






A01H 6/46
					






A01H 5/10
					






View less classifications","C12N 15/8245
					






C12N 15/8205
					






C12N 15/8218
					








C12N 15/8245
					






C12N 15/8205
					






C12N 15/8218
					






View less classifications",JIANGSU LIXIAHE REGION AGRICULTURAL RESEARCH INSTITUTE江苏里下河地区农业科学研究所,LIU JIANJU刘建菊LI AIHONG李爱宏XIAO NING肖宁PAN CUNHONG潘存红HUANG NIANSHENG黄年生CAI YUE蔡跃WU YUNYU吴云雨YU LING余玲LIU GUANGQING刘广青SHI WEI时薇CHEN ZICHUN陈梓春ZHU SHUHAO朱书豪WANG ZHIPING王志平LI YUHONG李育红ZHOU CHANGHAI周长海ZHANG XIAOXIANG张小祥JI HONGJUAN季红娟,,(EN) Preparation method of rice germplasm with relatively low amylose content(ZH) 一种较低直链淀粉含量水稻种质的制备方法,,"(EN) The invention provides a preparation method of rice germplasm with relatively low amylose content, which comprises the following steps: designing corresponding sequences of gRNA, PAM and HDR templates according to a target sequence, and constructing CRIPSR/Cas12a plasmids; performing genetic transformation on the gene editing plasmid, introducing the gene editing plasmid into receptor rice to obtain a transgenic editing line, screening plants containing target basic group replacement, and detecting agronomic characters, insect resistance, disease resistance and other characters, appearance quality and amylose content so as to screen a Huai rice No.5 gene editing line with transparent appearance and amylose content of 12-14%; according to the germplasm creation method, a CRISPR/Cas12a gene editing technology is utilized for editing a protein structure key site of a rice amylose content key regulation gene Wx for the first time, so that a new polished round-grained rice strain which is low in amylose content and keeps transparent in appearance is obtained.(ZH) 本发明提供一种较低直链淀粉含量水稻种质的制备方法，包括根据目标序列设计gRNA、PAM和HDR模板对应序列，构建CRIPSR/Cas12a的质粒；然后将基因编辑质粒进行遗传转化，导入受体水稻中，获得转基因编辑系，再筛选包含目的碱基替换的植株，进行农艺性状、抗虫、抗病等性状，以及外观品质、直链淀粉含量的检测，以筛选外观透明，直链淀粉含量介于12‑14%的淮稻5号的基因编辑系；本申请首次利用CRISPR/Cas12a基因编辑技术针对水稻直链淀粉含量关键调控基因Wx的蛋白结构关键位点进行编辑，以获得直链淀粉含量较低且保持外观透明的粳米新品系的种质创制方法。",,,江苏圣典律师事务所 32237,,,,,,,,
CN414616758,202310380213,China,11.04.2023,117004751,07.11.2023,B,"C12Q 1/6895
					






C12Q 1/6844
					






C07K 14/37
					






C12N 15/31
					






C12N 15/11
					






C12R 1/77
					








C12Q 1/6895
					






C12Q 1/6844
					






C07K 14/37
					






C12N 15/31
					






C12N 15/11
					






C12R 1/77
					






View less classifications","C12Q 1/6895
					






C12Q 1/6844
					






C07K 14/37
					






C12R 2001/77
					






Y02A 50/30
					








C12Q 1/6895
					






C12Q 1/6844
					






C07K 14/37
					






C12R 2001/77
					






Y02A 50/30
					






View less classifications",NANJING FORESTRY UNIVERSITY南京林业大学,DAI TINGTING戴婷婷XU TINGYAN徐婷妍JIAO BINBIN焦彬彬GAO DEXIN皋德馨LU XIANSHUN陆咸顺HUAN TAO还涛,,(EN) Molecular detection target g7594 of fusarium solani and application thereof(ZH) 一种茄镰孢菌(Fusarium solani)的分子检测靶标g7594及其应用,,"(EN) The invention discloses a novel detection target g7594 of fusarium solani as well as a detection primer, a detection method and a detection kit of the novel detection target g7594, the protein sequence of the detection target g7594 is shown as SEQ ID NO: 1, and the DNA sequence for coding the protein is shown as SEQ ID NO: 2. Meanwhile, the invention further discloses a primer and probe combination for specifically detecting the target g7594, the sequence of a forward primer Fsg7594RPA-F1 of the primer and probe combination is shown as SEQ ID NO: 3, the sequence of a reverse primer Fsg7594RPA-R1 of the primer and probe combination is shown as SEQ ID NO: 4, the sequence of ssDNArepoter of the primer and probe combination is shown as SEQ ID NO: 5, and FsCrRNA of the primer and probe combination is shown as SEQ ID NO: 6. CRISPR-Cas12a fluorescence detection is established, the specificity is high, the sensitivity is high, and it is proved that g7594 is suitable for being used as a detection target of fusarium solani, so that molecular detection of the harmful pathogen fusarium solani F.solani carried on plants is achieved.(ZH) 本发明公开了一种茄镰孢菌(Fusariumsolani)的检测新靶标g7594及其检测引物、检测方法和检测试剂盒，该检测靶标g7594的蛋白序列如SEQ ID NO：1所示，编码该蛋白的DNA序列如SEQ ID NO：2所示。同时，本发明还公开了特异性检测靶标g7594的引物及探针组合，其正向引物Fsg7594RPA‑F1序列如SEQ ID NO：3所示，其反向引物Fsg7594RPA‑R1序列如SEQ ID NO：4所示，ssDNArepoter序列如SEQ ID NO：5所示，FsCrRNA如SEQ ID NO：6所示。建立CRISPR‑Cas12a荧光检测，其特异性强，灵敏度高，证明g7594适合作为茄镰孢菌(Fusariumsolani)的检测靶标，从而实现对于植物上携带的有害病原茄镰孢菌F.solani实现分子检测。",117004751,01.03.2024,镇江至睿专利代理事务所(普通合伙) 32529,,,,,,,,
CN429515032,202410111954,China,26.01.2024,118028343,14.05.2024,A,"C12N 15/81
					






C12N 15/90
					






C12N 1/19
					






C12R 1/645
					






C12R 1/865
					






C12R 1/84
					








C12N 15/81
					






C12N 15/90
					






C12N 1/19
					






C12R 1/645
					






C12R 1/865
					






C12R 1/84
					






View less classifications","C12N 15/81
					






C12N 15/815
					






C12N 15/905
					






C12R 2001/645
					






C12R 2001/865
					






C12R 2001/84
					








C12N 15/81
					






C12N 15/815
					






C12N 15/905
					






C12R 2001/645
					






C12R 2001/865
					






C12R 2001/84
					






View less classifications",TIANJIN UNIVERSITY天津大学,WU YI吴毅SU SHUXIN苏舒心WON YOUNG-JIN元英进MA YUAN马渊,,(EN) Method for quickly converting diploid host into haploid and application of method in large-fragment DNA (Deoxyribose Nucleic Acid) transfer(ZH) 一种快速将二倍体宿主转变为单倍体的方法及其在大片段DNA转移中的应用,,"(EN) The invention provides a method for transforming a diploid host into a haploid and application of the method in large-fragment DNA (deoxyribonucleic acid) transfer. According to the method, a CRISPR/Cas9 system, a technology that DSB is generated near centromere to induce deletion of a whole chromosome and a URA3/5-FOA reverse screening system are utilized to quickly eliminate 16 chromosomes of yeast at multiple targets at one time, so that a set of genomes is selectively eliminated in diploid yeast, and finally another set of chromosomes is reserved to obtain haploid yeast; furthermore, the transfer of the 1.024 Mb DNA fragment is realized on the basis of the method. The method has the characteristics of simplicity in operation, short period and low cost, is expected to provide a convenient way for realizing rapid haploid for eukaryotic microorganisms such as other yeasts containing centromere chromosomes and animals and plants, and has wide application potential in the aspects of biological breeding and the like; the method can also be used for construction of other customized aneuploid cells with multiple chromosomes deleted and transfer of large-fragment DNA.(ZH) 本发明提供了一种将二倍体宿主向单倍体转变的方法及其在大片段DNA转移中的应用。该方法利用CRISPR/Cas9系统、着丝粒附近产生DSB诱导整条染色体删除技术以及URA3/5‑FOA反筛系统，实现了一次性多靶点地快速消除酵母16条染色体，从而在二倍体酵母中选择性消除一套基因组，最终保留另一套染色体，得到单倍体酵母，进一步基于该方法实现了1.024Mb DNA片段的转移。该方法具有操作简单、周期短、成本低的特点，有望为含有着丝粒型染色体的其他酵母等真核微生物及动植物提供实现快速单倍体化的便捷途径，在生物育种等方面具有广泛的应用潜力，亦可用于其他定制化多条染色体删除的非整倍体细胞构建和大片段DNA的转移。",,,北京集佳知识产权代理有限公司 11227,,,,,,,,
CN178125139,201610248513,China,20.04.2016,105950651,21.09.2016,A,"C12N 15/82
					






C07K 14/415
					






C12N 15/29
					






A01H 5/00
					






C12Q 1/68
					






A01H 1/02
					








C12N 15/82
					






C07K 14/415
					






C12N 15/29
					






A01H 5/00
					






C12Q 1/68
					






A01H 1/02
					






View less classifications","C12N 15/8205
					






A01H 1/02
					






C07K 14/415
					






C12N 15/8289
					






C12Q 1/6895
					






C12Q 2600/13
					








C12N 15/8205
					






A01H 1/02
					






C07K 14/415
					






C12N 15/8289
					






C12Q 1/6895
					






C12Q 2600/13
					






View less classifications",SHANGHAI JIAO TONG UNIVERSITY,ZHANG DABINGLIANG WANQIWANG CHONGYUAN ZHENGCHEN MINGJIAOLUO ZHIJING,,(EN) Application of male-sterility gene OsGEN and method for restoring fertility(ZH) 雄性不育基因OsGEN的应用及育性恢复的方法,,"(EN) The invention specifically relates to application of a male-sterility gene OsGEN and a method for restoring fertility, belonging to the technical field of rice breeding. The male-sterility gene OsGEN has an amino acid sequence as shown in SEQ ID No. 1. The application of the male-sterility gene OsGEN is that the OsGEN gene is knocked out, changed or inhibited by using a conventional method or based on a CRISPR/Cas9 system so as to allow the expression level of the OsGEN gene in a conventional rice variety to be decreased, and thus, a male-sterility strain of rice is obtained. The invention also relates to the method for restoring male sterility of rice caused by deletion of the OsGEN gene. According to the method, the OsGEN gene is amplified through primers, a mutant plant is transformed by using a genetic transformation means, so the mutant is restored to the phenotype of a wild type. The rice mutant obtained in the invention is free of abnormity in the phase of vegetative growth; however, a homozygote plant is completely infertile. When the mutant is applied to cross breeding, the operation of emasculation of a female parent can be omitted; production efficiency is substantially improved; labor cost is reduced; and the mutant has important application value in agricultural production.(ZH) 本发明涉及水稻育种技术领域，具体涉及一种雄性不育基因OsGEN的应用及育性恢复的方法；所述的雄性不育基因OsGEN的氨基酸序列如SEQ ID NO.1所示，所述的应用是：采用常规方法或基于CRISPR/Cas9系统，敲除、改变或抑制OsGEN基因，使得常规水稻品种中的OsGEN基因表达水平降低，进而获得水稻雄性不育株系。本发明还涉及一种恢复OsGEN基因缺失导致水稻雄性不育的方法，通过引物扩增OsGEN基因，使用遗传转化的手段转化突变体植株，能够使突变体恢复到野生型表型。本发明获得的水稻突变体营养生长阶段没有任何异常,但纯合体植株完全不育。如果应用于杂交育种中，可以免除母本去雄的工作，大大提高生产效率，降低人工成本，在农业生产上具有重要的应用。",,,,,,,,,,,
,,,,,,,,,,,,,,,,,,,,,,,,,
,,,,,,,,,,,,,,,,,,,,,,,,,
,,,,,,,,,,,,,,,,,,,,,,,,,
,,,,,,,,,,,,,,,,,,,,,,,,,
,,,,,,,,,,,,,,,,,,,,,,,,,
,,,,,,,,,,,,,,,,,,,,,,,,,
,,,,,,,,,,,,,,,,,,,,,,,,,
,,,,,,,,,,,,,,,,,,,,,,,,,
,,,,,,,,,,,,,,,,,,,,,,,,,
,,,,,,,,,,,,,,,,,,,,,,,,,
,,,,,,,,,,,,,,,,,,,,,,,,,
,,,,,,,,,,,,,,,,,,,,,,,,,
,,,,,,,,,,,,,,,,,,,,,,,,,
,,,,,,,,,,,,,,,,,,,,,,,,,
,,,,,,,,,,,,,,,,,,,,,,,,,
,,,,,,,,,,,,,,,,,,,,,,,,,
,,,,,,,,,,,,,,,,,,,,,,,,,
,,,,,,,,,,,,,,,,,,,,,,,,,
CN393834648,202210259324,China,16.03.2022,115747349,07.03.2023,A,"C12Q 1/689
					






C12Q 1/6844
					






C12N 15/11
					






C12R 1/19
					








C12Q 1/689
					






C12Q 1/6844
					






C12N 15/11
					






C12R 1/19
					






View less classifications","Y02A 50/30
					








Y02A 50/30
					






View less classifications","SHANGHAI CUSTOMS ANIMAL, PLANT AND FOOD INSPECTION AND QUARANTINE TECHNOLOGY CENTER上海海关动植物与食品检验检疫技术中心",SHEN JINLING申进玲XUE JUNXIN薛俊欣JIANG YUAN蒋原YANG JIELIN杨捷琳XIONG WEI熊炜,,(EN) Kit and detection method for detecting escherichia coli O157(ZH) 一种检测大肠杆菌O157的试剂盒及检测方法,,"(EN) The invention discloses a kit for detecting escherichia coli O157 and a detection method, the kit comprises a CRISPR/Cas12a primer, crRNA or a crRNA preparation reagent, a nucleic acid amplification reagent, a probe and Cas12a enzyme, the crRNA preparation reagent comprises a crDNA sequence and a crRNA transcription reagent, and the CRISPR/Cas12a primer and a crDNA base sequence are shown as SEQ ID No.1, SEQ ID No.2, SEQ ID No.3 and SEQ ID No.4. The invention further discloses a kit for detecting escherichia coli O157. The detection kit and the detection method have the advantages of rapidness, high specificity, high sensitivity and no need of special instruments, and have important application values in the fields of disease monitoring, clinical diagnosis, food safety monitoring and the like.(ZH) 本发明公开了一种检测大肠杆菌O157的试剂盒及检测方法，本发明所述的试剂盒包括CRISPR/Cas12a引物、crRNA或crRNA制备试剂、核酸扩增试剂、探针和Cas12a酶，所述crRNA制备试剂包括crDNA序列和crRNA转录试剂，所述的CRISPR/Cas12a引物及crDNA碱基序列见SEQ ID No.1、2、3和4。该检测试剂盒及检测方法快捷迅速、特异性强、灵敏度高、不需要特殊仪器,在疾病监测、临床诊断和食品安全监测等领域具有重要的应用价值。",,,上海领誉知识产权代理有限公司 31383,,,,,,,,
,,,,,,,,,,,,,,,,,,,,,,,,,
,,,,,,,,,,,,,,,,,,,,,,,,,
,,,,,,,,,,,,,,,,,,,,,,,,,
,,,,,,,,,,,,,,,,,,,,,,,,,
,,,,,,,,,,,,,,,,,,,,,,,,,
,,,,,,,,,,,,,,,,,,,,,,,,,
,,,,,,,,,,,,,,,,,,,,,,,,,
,,,,,,,,,,,,,,,,,,,,,,,,,
CN403940956,202310360952,China,06.04.2023,116479010,25.07.2023,A,"C12N 15/29
					






C12N 15/113
					






C12N 15/82
					






A01H 5/00
					






A01H 6/00
					








C12N 15/29
					






C12N 15/113
					






C12N 15/82
					






A01H 5/00
					






A01H 6/00
					






View less classifications","C07K 14/415
					






C12N 15/8273
					






C12N 15/8218
					








C07K 14/415
					






C12N 15/8273
					






C12N 15/8218
					






View less classifications",SHANDONG NORMAL UNIVERSITY山东师范大学,YUAN FANG袁芳GAO YARU高雅茹WANG BAOSHAN王宝山,,(EN) Limonium bicolor gene Lb3G20842 and application thereof(ZH) 二色补血草基因Lb3G20842及其应用,,"(EN) The invention discloses a limonium bicolor gene Lb3G20842 and an application of the limonium bicolor gene Lb3G20842. According to the invention, the gene Lb3G20842 and the promoter thereof are cloned from limonium bicolor, a CRISPR-Cas9 gene editing technology is utilized, a knockout strain is obtained according to the autofluorescence characteristic of salt glands under a DIC microscope, and the phenotypic change of regenerated buds is observed. The result shows that the knockout strain has few luminous point abnormal salt glands, which indicates that the differentiation of the salt glands is inhibited after the Lb3G20842 gene is knocked out. A VIGS silent vector is constructed to transform limonium bicolor seedlings in a six-leaf stage, and the result shows that after the Lb3G20842 gene is silent, the salt secretion amount of salt glands is remarkably reduced, the total number of the salt glands is reduced, and DAB and NBT dyeing becomes deep, which indicates that the silent Lb3G20842 gene reduces the stress resistance of plants, and shows that the Lb3G20842 gene participates in the development of the salt glands as a positive regulation factor.(ZH) 本发明公开了二色补血草基因Lb3G20842及其应用。本发明从二色补血草中克隆得到基因Lb3G20842及其启动子，利用CRISPR‑Cas9基因编辑技术，根据盐腺在DIC显微镜下自发荧光的特性获得敲除株系，观察再生芽的表型变化。结果显示敲除株系出现少发光点异常盐腺，说明Lb3G20842基因敲除后抑制盐腺的分化。构建VIGS沉默载体转化六叶期的二色补血草幼苗，结果显示Lb3G20842基因沉默后盐腺的泌盐量显著减少，盐腺总数减少，DAB和NBT染色变深，说明沉默Lb3G20842基因降低了植株的抗逆性，表明Lb3G20842基因作为正向调控因子参与盐腺的发育。",,,北京众泽信达知识产权代理事务所(普通合伙) 11701,,,,,,,,
CN435125842,202410383666,China,01.04.2024,118272424,02.07.2024,A,"C12N 15/82
					






C12N 15/29
					






A01H 5/10
					






A01H 6/54
					








C12N 15/82
					






C12N 15/29
					






A01H 5/10
					






A01H 6/54
					






View less classifications","C12N 15/8247
					






C12N 15/8218
					






C12N 15/8205
					






C07K 14/415
					








C12N 15/8247
					






C12N 15/8218
					






C12N 15/8205
					






C07K 14/415
					






View less classifications",ZHEJIANG UNIVERSITY浙江大学,SHOU HUIXIA寿惠霞LIU NA刘那LIAO WENYING廖文英MA JING马婧,,(EN) Method for increasing oil content of soybean seeds(ZH) 一种提高大豆种子含油量的方法,,"(EN) The invention discloses a method for improving the oil content of soybean seeds. The method is realized by performing mutation inhibition expression on a transcription factor gene GmLO8a or GmLO8b for regulating and controlling soybean procyanidine synthesis. According to the method, appropriate target sites are screened, expression of transcription factor genes GmLO8a or GmLO8b for regulating and controlling procyanidine synthesis is inhibited by knocking out bases of the target sites through a CRISPR/CAS9 system, and then on the premise that agronomic characters of soybean plants and seeds are not changed, for example, the seed morphology and hundred-seed weight are not obviously influenced, but the oil content of soybeans can be effectively increased, and the yield of the soybeans is increased. Particularly, the content of oleic acid and linoleic acid is increased, and the content of linolenic acid is reduced.(ZH) 本发明公开了一种提高大豆种子含油量的方法，所述方法是将调控大豆原花青素合成的转录因子基因GmLO8a或GmLO8b进行突变抑制表达来实现的；本发明方法筛选合适的靶位点，利用CRISPR/CAS9系统，通过靶位点碱基的敲除来抑制调控原花青素合成的转录因子基因GmLO8a或GmLO8b表达，进而在不改变大豆植株及种子农艺性状的前提下，比如对种子形态、百粒重没有明显影响，但是能够有效提高大豆含油量，特别是提高油酸和亚油酸的含量，降低亚麻酸含量。",,,杭州天正专利事务所有限公司 33201杭州天正专利事务所有限公司 33201,,,,,,,,
CN318123668,201910720665,China,06.08.2019,112342243,09.02.2021,A,"C12N 15/867
					






C12N 5/10
					








C12N 15/867
					






C12N 5/10
					






View less classifications","C07K 14/47
					






C12N 15/86
					






C12N 2740/15043
					








C07K 14/47
					






C12N 15/86
					






C12N 2740/15043
					






View less classifications","LANZHOU VETERINARY RESEARCH INSTITUTE, CHINESE ACADEMY OF AGRICULTURE SCIENCES中国农业科学院兰州兽医研究所",QIN XIAODONG秦晓东ZHAO SHUAIYANG赵帅阳YANG YANG杨洋WANG GUANGXIANG王光祥ZHANG ZHIDONG张志东,,(EN) Construction method and application of porcine cells for expressing human sting protein(ZH) 表达人源sting蛋白的猪源细胞的构建方法和应用,,"(EN) The invention relates to a construction method and an application of porcine cells for expressing human sting protein, and belongs to the technical field of cell construction. A porcine cell String knockout cell strain is constructed by using a CRISPRCas9 vector, and on the basis, human string protein is expressed by using a lentiviral expression vector. According to the construction method, the humanized String protein is used for replacing endogenous sting protein of the porcine cells, all antibodies, inhibitors and activators aiming at the human sting protein can be used in the porcine cells after replacement, and the construction method has wide application in research of the effect of the String protein in the porcine virus infection process.(ZH) 本发明涉及表达人源sting蛋白的猪源细胞的构建方法和应用，属于细胞构建技术领域。本发明利用CRISPR‑Cas9载体构建猪源细胞Sting敲除细胞株，在此基础上利用慢病毒表达载体表达人源sting蛋白。本发明所述构建方法使用人源化Sting蛋白替换猪源细胞内源性sting蛋白，替换后所有针对人源sting蛋白的抗体和抑制剂、激活剂都可以猪源细胞中使用，对于研究Sting蛋白在猪源病毒感染过程中的作用具有广泛的应用。",,,北京高沃律师事务所 11569,,,,,,,,
CN403542431,202310400913,China,14.04.2023,116445506,18.07.2023,A,"C12N 15/29
					






C07K 14/415
					






C12N 15/82
					






C12Q 1/6895
					






C12N 15/11
					








C12N 15/29
					






C07K 14/415
					






C12N 15/82
					






C12Q 1/6895
					






C12N 15/11
					






View less classifications","C07K 14/415
					






C12N 15/8261
					






C12Q 1/6895
					






C12Q 2600/13
					






C12Q 2600/158
					






Y02A 40/146
					








C07K 14/415
					






C12N 15/8261
					






C12Q 1/6895
					






C12Q 2600/13
					






C12Q 2600/158
					






Y02A 40/146
					






View less classifications",HENAN AGRICULTURAL UNIVERSITY河南农业大学,TANG JIHUA汤继华FU ZHIYUAN付志远WANG HONGQIU王洪秋XUE YADONG薛亚东GUO ZHANYONG郭战勇LI WEIHUA李卫华CHEN XIAOYANG陈晓阳,,"(EN) Gene ENT for regulating tiller number and biomass of switchgrass as well as encoding protein, expression vector and application of gene ENT(ZH) 柳枝稷分蘖数及生物量调控基因ENT、其编码蛋白、表达载体及其应用",,"(EN) The invention discloses a switchgrass tiller number and biomass regulation gene ENT, and an encoding protein, an expression vector and application thereof. According to the application, CRISPR/Cas9 (clustered regularly interspaced short palindromic repeats/CRISPR associated protein 9) knockout is carried out on ENT genes (P.virgata v4.1 Pavir.8KG023000.1. P, P.virgata v4.1 Pavir.5KG274600.1. P and P.virgata v4.1 Pavir.4KG280000.1. P) of the switchgrass, and the influence of the ENT genes on the expression of characters such as the plant height and tillering of the switchgrass is determined; the regulation and control effect on the switchgrass biomass is determined; therefore, a solid technical foundation is laid for improving the biomass of switchgrass by using the ENT gene.(ZH) 本申请公开了一种柳枝稷分蘖数及生物量调控基因ENT、其编码蛋白、表达载体及其应用；本申请对柳枝稷的ENT基因（P.virgatum v4.1|Pavir.8KG023000.1.p、P.virgatum v4.1|Pavir.5KG274600.1.p和P.virgatum v4.1|Pavir.4KG280000.1.p）进行CRISPR/Cas9敲除，明确了ENT基因对柳枝稷株高、分蘖等性状表现的影响；确定了其对柳枝稷生物量的调控作用；从而为利用ENT基因提高柳枝稷生物量奠定了坚实的技术基础。",,,郑州盈派知识产权代理事务所(普通合伙) 41196郑州盈派知识产权代理事务所(普通合伙) 41196,,,,,,,,
,,,,,,,,,,,,,,,,,,,,,,,,,
,,,,,,,,,,,,,,,,,,,,,,,,,
,,,,,,,,,,,,,,,,,,,,,,,,,
CA232854835,3022475,Canada,,3022475,02.11.2017,A1,"C12N 9/22
					






C12N 15/90
					








C12N 9/22
					






C12N 15/90
					






View less classifications","C12N 15/102
					






C12N 15/111
					






C12N 15/902
					






C12N 15/905
					






C12N 15/907
					






C12N 2310/20
					






View more classifications
							






C12N 15/102
					






C12N 15/111
					






C12N 15/902
					






C12N 15/905
					






C12N 15/907
					






C12N 2310/20
					






C12N 15/113
					






C12N 9/22
					






C12N 15/11
					






C12N 15/70
					






C12N 15/75
					






C12N 15/81
					






C12N 15/8274
					






C12N 15/8509
					






View less classifications",BASF PLANT SCIENCE COMPANY GMBH,"NEUTEBOOM, LEENDERT W.MCELVER, JOHN A.DE PINHO BARROCO, ROSADE WILDE, CHRISFELLE, MAX FABIAN",,(EN) IMPROVED METHODS FOR MODIFICATION OF TARGET NUCLEIC ACIDS(FR) PROCEDES AMELIORES DE MODIFICATION D'ACIDES NUCLEIQUES CIBLES,,"(EN) Methods for modification of target nucleic acids. The method involves a construct in which guide RNA is covalently linked to donor RNA (fusion NA) to be introduced into the target nucleic acid by homologous recombination and is based on the introduction of a nuclease, e.g. CRISPR or TALEN, into the cell containing the target nucleic acid. The fusion NA may be introduced as a DNA vector.(FR) La présente invention concerne des procédés de modification d'acides nucléiques cibles. Le procédé consiste en une construction dans laquelle un ARN de guidage est lié de manière covalente à un ARN donneur (AN de fusion) en vue d'être introduit dans l'acide nucléique cible par recombinaison homologue et il est basé sur l'introduction d'une nucléase, par exemple CRISPR ou TLEN, dans la cellule comportant l'acide nucléique cible. L'AN de fusion peut être introduit en tant que vecteur d'ADN.",,,,16167773.7 29.04.2016 EP16167774.5 29.04.2016 EP17156018.8 14.02.2017 EP,"AU2017256517

CN109072207

KR1020190002470

EP3448990

BR112018068934

KR1020230038804

US20190309290

JP2019514376

KR1020220032126

WO/2017/186550

EP3868880

DK3448990

IL262409

MX2021009235

MX2018013256

CL2018003074

IN201827044973

IN202128045052

US20230024869

US20230049124

US20230107997

US20230183686

AU2022100157

AU2022100158

AU2022100159

AU2022100155

AU2022100170

JP2023018093",,,,,,
MX251369838,2018013256,Mexico,29.10.2018,2018013256,24.06.2019,A,"C12N 9/22
					








C12N 9/22
					






View less classifications","C12N 15/102
					






C12N 15/111
					






C12N 15/902
					






C12N 15/905
					






C12N 15/907
					






C12N 2310/20
					






View more classifications
							






C12N 15/102
					






C12N 15/111
					






C12N 15/902
					






C12N 15/905
					






C12N 15/907
					






C12N 2310/20
					






C12N 15/113
					






C12N 9/22
					






C12N 15/11
					






C12N 15/70
					






C12N 15/75
					






C12N 15/81
					






C12N 15/8274
					






C12N 15/8509
					






View less classifications",BASF PLANT SCIENCE COMPANY GMBH,Max Fabian FELLELeendert W NEUTEBOOMJohn A MCELVERRosa DE PINHO BARROCOChris DE WILDE,,(EN) IMPROVED METHODS FOR MODIFICATION OF TARGET NUCLEIC ACIDS.(ES) METODOS MEJORADOS PARA LA MODIFICACION DE ACIDO NUCLEICOS DIANA.,,"(EN) Methods for modification of target nucleic acids. The method involves a construct in which guide RNA is covalently linked to donor RNA (fusion NA) to be introduced into the target nucleic acid by homologous recombination and is based on the introduction of a nuclease, e.g. CRISPR or TALEN, into the cell containing the target nucleic acid. The fusion NA may be introduced as a DNA vector.(ES) Métodos para la modificación de ácidos nucleicos diana. El método implica un constructo en donde el ARN guía está ligado de manera covalente al ARN donante (NA de fusión) que se debe introducir en el ácido nucleico diana mediante recombinación homóloga y se basa en la introducción de una nucleasa, por ejemplo, CRISPR o TALEN, en la célula que contiene el ácido nucleico diana. El NA de fusión se puede introducir como un vector de ADN.",,,,16167773.7 29.04.2016 EP16167774.5 29.04.2016 EP17156018.8 29.04.2016 EP,"AU2017256517

CN109072207

KR1020190002470

EP3448990

BR112018068934

KR1020230038804

US20190309290

JP2019514376

KR1020220032126

WO/2017/186550

EP3868880

DK3448990

IL262409

CA3022475

MX2021009235

CL2018003074

IN201827044973

IN202128045052

US20230024869

US20230049124

US20230107997

US20230183686

AU2022100157

AU2022100158

AU2022100159

AU2022100155

AU2022100170

JP2023018093",,,,,,
MX398105214,2021009235,Mexico,29.10.2018,2021009235,08.09.2021,A,"C12N 9/22
					








C12N 9/22
					






View less classifications","C12N 15/102
					






C12N 15/111
					






C12N 15/902
					






C12N 15/905
					






C12N 15/907
					






C12N 2310/20
					






View more classifications
							






C12N 15/102
					






C12N 15/111
					






C12N 15/902
					






C12N 15/905
					






C12N 15/907
					






C12N 2310/20
					






C12N 15/113
					






C12N 9/22
					






C12N 15/11
					






C12N 15/70
					






C12N 15/75
					






C12N 15/81
					






C12N 15/8274
					






C12N 15/8509
					






View less classifications",BASF PLANT SCIENCE COMPANY GMBH,John A. MCELVERMax Fabian FELLERosa DE PINHO BARROCOChris DE WILDELeendert W. NEUTEBOOM,,(EN) IMPROVED METHODS FOR MODIFICATION OF TARGET NUCLEIC ACIDS.(ES) METODOS MEJORADOS PARA LA MODIFICACION DE ACIDOS NUCLEICOS DIANA.,,"(EN) Methods for modification of target nucleic acids. The method involves a construct in which guide RNA is covalently linked to donor RNA (fusion NA) to be introduced into the target nucleic acid by homologous recombination and is based on the introduction of a nuclease, e.g. CRISPR or TALEN, into the cell containing the target nucleic acid. The fusion NA may be introduced as a DNA vector.(ES) Métodos para la modificación de ácidos nucleicos diana. El método implica un constructo en donde el ARN guía está ligado de manera covalente al ARN donante (NA de fusión) que se debe introducir en el ácido nucleico diana mediante recombinación homóloga y se basa en la introducción de una nucleasa, por ejemplo, CRISPR o TALEN, en la célula que contiene el ácido nucleico diana. El NA de fusión se puede introducir como un vector de ADN.",,,,16167773.7 29.04.2016 EP16167774.5 29.04.2016 EP17156018.8 29.04.2016 EP,"AU2017256517

CN109072207

KR1020190002470

EP3448990

BR112018068934

KR1020230038804

US20190309290

JP2019514376

KR1020220032126

WO/2017/186550

EP3868880

DK3448990

IL262409

CA3022475

MX2018013256

CL2018003074

IN201827044973

IN202128045052

US20230024869

US20230049124

US20230107997

US20230183686

AU2022100157

AU2022100158

AU2022100159

AU2022100155

AU2022100170

JP2023018093",,,,,,
,,,,,,,,,,,,,,,,,,,,,,,,,
,,,,,,,,,,,,,,,,,,,,,,,,,
,,,,,,,,,,,,,,,,,,,,,,,,,
,,,,,,,,,,,,,,,,,,,,,,,,,
,,,,,,,,,,,,,,,,,,,,,,,,,
,,,,,,,,,,,,,,,,,,,,,,,,,
CN436060393,202410533714,China,29.04.2024,118325925,12.07.2024,A,"C12N 15/54
					






C12N 9/10
					






C12N 15/82
					






A01H 5/00
					






A01H 6/46
					








C12N 15/54
					






C12N 9/10
					






C12N 15/82
					






A01H 5/00
					






A01H 6/46
					






View less classifications","C12N 9/1029
					






C12N 15/8282
					






C12Y 203/01048
					








C12N 9/1029
					






C12N 15/8282
					






C12Y 203/01048
					






View less classifications",HUBEI UNIVERSITY湖北大学,SHENG FENG盛锋DU XUEZHU杜雪竹WU YANFEI巫燕飞WANG ZHICHAO王志超LUO QIAN罗倩ZHAO YIMING赵奕鸣,,(EN) Extension factor complex subunit OsELP4 gene for regulating and controlling resistance of rice to rice blast and application of extension factor complex subunit OsELP4 gene(ZH) 调控水稻对稻瘟病抗性的延伸因子复合体亚基OsELP4基因及应用,,"(EN) The invention belongs to the technical field of plant genetic engineering, and particularly relates to an elongation factor subunit OsELP4 gene for regulating and controlling resistance of rice to rice blast and application. The elongation factor subunit OsELP4 gene induced to express by magnaporthe oryzae is screened, and the nucleotide sequence of the elongation factor subunit OsELP4 gene is as shown in SEQ ID NO: 1; the sequence of the protein coded by the gene is as shown in SEQ ID NO: 2. By means of agrobacterium tumefaciens-mediated transformation, an OsELP4 over-expression transgenic strain and a CRISPR/Cas9 mutant strain are obtained. The rice blast inoculation identification on the transgenic material finds that the resistance of the OsELP4 over-expression strain to the rice blast is enhanced, and the mutant strain is more susceptible to the rice blast, so that the OsELP4 is a positive regulation factor of the rice blast resistance of the rice. The OsELP4 plays a positive regulation role in the rice blast resistance, and the resistance of rice to the rice blast can be remarkably improved by over-expression of the gene.(ZH) 本发明属于植物基因工程技术领域，具体涉及调控水稻对稻瘟病抗性的延伸因子亚基OsELP4基因及应用。筛选到一种受稻瘟病菌诱导表达的延伸因子亚基OsELP4基因，其核苷酸序列如SEQ ID NO:1所示；该基因编码的蛋白质序列如SEQ ID NO:2所示。利用农杆菌介导的转化，获得OsELP4超量表达转基因株系和CRISPR/Cas9突变株系。对转基因材料进行稻瘟病接种鉴定发现，OsELP4超量表达株系对稻瘟病抗性增强，而突变株系更感稻瘟病，表明OsELP4是水稻对稻瘟病抗性的正调控因子。OsELP4在水稻稻瘟病抗性中起正向调控作用，超量表达该基因，能显著提高水稻对稻瘟病的抗性。",,,,,,,,,,,
,,,,,,,,,,,,,,,,,,,,,,,,,
CA196206281,2963820,Canada,,2963820,12.05.2016,A1,"C12N 15/10
					








C12N 15/10
					






View less classifications","C12N 15/102
					






C12N 9/1241
					






C12N 2310/20
					






C12N 15/64
					






C12N 2310/122
					








C12N 15/102
					






C12N 9/1241
					






C12N 2310/20
					






C12N 15/64
					






C12N 2310/122
					






View less classifications","EDITAS MEDICINE, INC.","COTTA-RAMUSINO, CECILIA",,(EN) METHODS FOR IMPROVING CRISPR/CAS-MEDIATED GENOME-EDITING(FR) PROCEDES POUR AMELIORER L'EDITION GENOMIQUE MEDIEE PAR CRISPR/CAS,,"(EN) This application provides improved methods of editing the genome of a target cell. Cas9 molecules can be used to create a break in a genomic region of interest. To increase the likelihood that the break is repaired by homology-directed repair (HDR), the cell can be contacted with an HDR-enhancer. The cell may be, e.g., a human cell, a no n- human animal cell, a bacterial cell, or a plant cell.(FR) La présente invention concerne des procédés améliorés d'édition du génome d'une cellule cible. Des molécules Cas9 peuvent être utilisées pour créer une rupture dans une région génomique d'intérêt. Afin d'augmenter la probabilité de réparation de la rupture par réparation dirigée par homologie (HDR), la cellule peut être mise en contact avec un activateur de HDR. La cellule peut être, par exemple, une cellule humaine, une cellule animale non humaine, une cellule bactérienne ou une cellule végétale.",,,,"62/077,084 07.11.2014 US62/232,683 25.09.2015 US","AU2015342749

EP3215617

US20180298392

WO/2016/073990

EP4464338

AU2022202645

US20230365980",,,,,,
,,,,,,,,,,,,,,,,,,,,,,,,,
,,,,,,,,,,,,,,,,,,,,,,,,,
,,,,,,,,,,,,,,,,,,,,,,,,,
US305803743,16508712,United States of America,11.07.2019,20200283744,10.09.2020,A1,"C12N 9/22
					






C12N 15/11
					






C12N 15/82
					








C12N 9/22
					






C12N 15/11
					






C12N 15/82
					






View less classifications","C12N 2310/20
					






C12N 9/22
					






C12N 15/8202
					






C12N 15/11
					








C12N 2310/20
					






C12N 9/22
					






C12N 15/8202
					






C12N 15/11
					






View less classifications","KUNMING INSTITUTE OF BOTANY, CHINESE ACADEMY OF SCIENCES",Li LiuXiaojun PuLina LiuPing LiHong Yang,,(EN) APPLICATION OF CRISPR/CAS12A GENE EDITING SYSTEM IN GENE EDITING OF PHYSCOMITRELLA PATENS,,"(EN) 
Some embodiments of the disclosure provide an application method of a CRISPR/Cas12a gene editing system in the gene editing of Physcomitrella patens (P. patens). According to an embodiment, the application method includes the following steps: 1) constructing a Cas12a protease expression vector by ligating a Cas12a-protease-encoding nucleotide sequence with nuclear localization signals at both ends to a plasmid pAct-Cas9 and initiating expression by a pActin promoter; 2) constructing a gRNA expression vector by ligating a gRNA to a plasmid pU6-sgRNA, and initiating expression by a PpU6 promoter; and 3) transforming P. patens by using the Cas12a protease expression vector, the gRNA expression vector, and the plasmid for resistance expression obtain a mutant plant through screening for resistance.",,,,201910159312.X 04.03.2019 CN,CN109825532,,,,,,
,,,,,,,,,,,,,,,,,,,,,,,,,
,,,,,,,,,,,,,,,,,,,,,,,,,
,,,,,,,,,,,,,,,,,,,,,,,,,
,,,,,,,,,,,,,,,,,,,,,,,,,
,,,,,,,,,,,,,,,,,,,,,,,,,
,,,,,,,,,,,,,,,,,,,,,,,,,
,,,,,,,,,,,,,,,,,,,,,,,,,
,,,,,,,,,,,,,,,,,,,,,,,,,
,,,,,,,,,,,,,,,,,,,,,,,,,
,,,,,,,,,,,,,,,,,,,,,,,,,
,,,,,,,,,,,,,,,,,,,,,,,,,
,,,,,,,,,,,,,,,,,,,,,,,,,
,,,,,,,,,,,,,,,,,,,,,,,,,
,,,,,,,,,,,,,,,,,,,,,,,,,
,,,,,,,,,,,,,,,,,,,,,,,,,
,,,,,,,,,,,,,,,,,,,,,,,,,
,,,,,,,,,,,,,,,,,,,,,,,,,
,,,,,,,,,,,,,,,,,,,,,,,,,
,,,,,,,,,,,,,,,,,,,,,,,,,
,,,,,,,,,,,,,,,,,,,,,,,,,
,,,,,,,,,,,,,,,,,,,,,,,,,
,,,,,,,,,,,,,,,,,,,,,,,,,
CN431387877,202410296537,China,14.03.2024,118147218,07.06.2024,A,"C12N 15/84
					






A01H 4/00
					






A01H 5/00
					






A01H 6/46
					








C12N 15/84
					






A01H 4/00
					






A01H 5/00
					






A01H 6/46
					






View less classifications","C12N 15/8216
					






C12N 15/8205
					






A01H 4/002
					






A01H 4/008
					








C12N 15/8216
					






C12N 15/8205
					






A01H 4/002
					






A01H 4/008
					






View less classifications",JIANGSU UNIVERSITY江苏大学JIANGSU ACADEMY OF AGRICULTURAL SCIENCES江苏省农业科学院,WU YANFANG武艳芳JIANG JIANXIONG蒋建雄ZHONG XIAOXIAN钟小仙GAO LU高璐WANG YONGLI王永丽CHEN XUNFENG陈寻峰,,(EN) Genome editing method for allotetraploid pennisetum purpureum(ZH) 异源四倍体象草的基因组编辑方法,,"(EN) The invention provides a genome editing method of allotetraploid pennisetum purpureum. The genome editing method comprises the steps of pennisetum purpureum young ear induction and explant preparation, embryogenic callus induction, genome editing carrier construction, agrobacterium infection, resistance callus screening and differentiation, pennisetum purpureum regeneration editing plant acquisition and the like. The CRISPR/Cas9 mediated genome editing system provided by the invention has accurate and efficient targeted mutation capacity in the allotetraploid pennisetum purpureum, is perfect in technology, provides good technical support for molecular breeding and gene function research of the pennisetum purpureum, and can promote the breeding and industrialization development of the pennisetum purpureum.(ZH) 本发明提供了一种异源四倍体象草的基因组编辑方法，包括象草幼穗诱导及外植体的制备、胚性愈伤的诱导、基因组编辑载体的构建、农杆菌侵染、抗性愈伤筛选及分化、象草再生编辑植株的获取等步骤。本发明提供的CRISPR/Cas9介导的基因组编辑系统在异源四倍体象草中具有精准高效的靶向突变能力，技术完善，为象草的分子育种和基因的功能研究提供了良好的技术支撑，可促进象草育种及产业化的发展。",,,南京天华专利代理有限责任公司 32218南京天华专利代理有限责任公司 32218,,,,,,,,
CN432783909,202410188949,China,20.02.2024,118207220,18.06.2024,A,"C12N 15/29
					






C07K 14/415
					






C12N 15/82
					






A01H 5/00
					






A01H 6/20
					






A01H 6/46
					








C12N 15/29
					






C07K 14/415
					






C12N 15/82
					






A01H 5/00
					






A01H 6/20
					






A01H 6/46
					






View less classifications","C07K 14/415
					






C12N 15/8218
					






C12N 15/8286
					








C07K 14/415
					






C12N 15/8218
					






C12N 15/8286
					






View less classifications",ANHUI AGRICULTURAL UNIVERSITY安徽农业大学,LI PEIJIN李培金ZHAO MENGJIE赵孟洁TAO ZHEN陶珍WANG TENGYUE王腾岳WANG CHUANHONG王传宏ZHANG QINGYANG张轻飏LIN NING林宁ZHANG XINQIAO张新桥,,(EN) Corn CYP92C5 gene and application of corn CYP92C5 gene in cultivation of Asiatic corn borer resistant variety(ZH) 玉米CYP92C5基因及其在培育抗亚洲玉米螟品种中的应用,,"(EN) The invention discloses a corn CYP92C5 gene and application of the corn CYP92C5 gene in cultivation of an anti-Asiatic corn borer variety, and relates to the technical field of plant genetic engineering. The nucleotide sequence of the CYP92C5 gene is as shown in SEQ ID NO. 1, and the coded amino acid sequence is as shown in SEQ ID NO. 2. Researches find that the attraction effect of the mutant after the CYP92C5 gene is knocked out on the ostrinia furnacalis is obviously reduced. According to the invention, a novel insect-resistant material is developed and obtained based on the new function of the corn CYP92C5 gene, and a genetic basis is provided for the breeding of corn anti-ostrinia nubilalis varieties. CYP92C5 mutation endows corn borer resistance, which makes it possible to produce various types of corn borer-resistant germplasms by using a CRISPR-mediated corn breeding genome editing technology.(ZH) 本发明公开了玉米CYP92C5基因及其在培育抗亚洲玉米螟品种中的应用，涉及植物基因工程技术领域。CYP92C5基因的核苷酸序列如SEQ ID NO.1所示，编码的氨基酸序列如SEQ ID NO.2所示。经研究发现，CYP92C5基因被敲除后的突变体对亚洲玉米螟吸引作用显著下降。本发明基于玉米CYP92C5基因新功能开发获得了新型抗虫材料，为玉米抗玉米螟品种的选育提供遗传基础。CYP92C5突变赋予了对玉米螟的抗性，这使得使用CRISPR介导的玉米育种基因组编辑技术产生各种类型的抗玉米螟种质成为可能。",,,合肥中谷知识产权代理事务所(普通合伙) 34146,,,,,,,,
,,,,,,,,,,,,,,,,,,,,,,,,,
,,,,,,,,,,,,,,,,,,,,,,,,,
CN439125503,202410675933,China,28.05.2024,118599887,06.09.2024,A,"C12N 15/82
					






C12N 15/52
					






A01H 5/00
					






A01H 6/46
					






C12N 15/113
					








C12N 15/82
					






C12N 15/52
					






A01H 5/00
					






A01H 6/46
					






C12N 15/113
					






View less classifications","C12N 15/8283
					






C12N 15/8218
					






C12N 9/93
					






C12Y 603/02019
					






C12N 15/1131
					






C12N 2310/20
					








C12N 15/8283
					






C12N 15/8218
					






C12N 9/93
					






C12Y 603/02019
					






C12N 15/1131
					






C12N 2310/20
					






View less classifications",NINGBO UNIVERSITY宁波大学,SUN ZONGTAO孙宗涛XIE KAILI谢凯丽ZHANG HEHONG张合红LI YANJUN李雁军LI LULU李路路CHEN JIANPING陈剑平,,(EN) Application of rice E3 ubiquitin ligase OsFBX68 in rice virus resistance(ZH) 一种水稻E3泛素连接酶OsFBX68在水稻抗病毒中的应用,,(EN) The invention relates to a rice E3 ubiquitin ligase F-box family member protein and application thereof. A rice virus resistant plant is obtained by utilizing a CRISPR/Cas9 gene editing system.(ZH) 本发明涉及一种水稻E3泛素连接酶F‑box家族成员蛋白及其应用，利用CRISPR/Cas9基因编辑系统获得水稻病毒抗性植株。,,,北京谨礼知识产权代理事务所(特殊普通合伙) 16342北京谨礼知识产权代理事务所(特殊普通合伙) 16342,,,,,,,,
,,,,,,,,,,,,,,,,,,,,,,,,,
,,,,,,,,,,,,,,,,,,,,,,,,,
,,,,,,,,,,,,,,,,,,,,,,,,,
CN401527597,202210785309,China,05.07.2022,116334122,27.06.2023,A,"C12N 15/82
					






C12N 15/29
					






A01H 5/02
					






A01H 6/46
					








C12N 15/82
					






C12N 15/29
					






A01H 5/02
					






A01H 6/46
					






View less classifications","C12N 15/827
					






C12N 15/8218
					






C12N 15/8205
					






C07K 14/415
					






Y02A 40/146
					








C12N 15/827
					






C12N 15/8218
					






C12N 15/8205
					






C07K 14/415
					






Y02A 40/146
					






View less classifications",SOUTH CHINA AGRICULTURAL UNIVERSITY华南农业大学,WANG HAIYANG王海洋SHEN RONGXIN沈荣鑫ZHU XINYU朱薪宇GOU YAJUN苟亚军DING WENYAN丁文燕,,"(EN) Application of GS3, GW8 and/or GS9 genes in regulation and control of rice stigma exsertion rate(ZH) GS3、GW8和/或GS9基因在调控水稻柱头外露率中的应用",,"(EN) The invention discloses application of GS3, GW8 and/or GS9 genes in regulation and control of rice stigma exsertion rate. According to the invention, molecular characteristics and biological functions of cloned rice grain type genes are systematically analyzed, three key genes which may participate in regulation and control of rice grain type and stigma exposure are found, and expression analysis finds that GS3, GW8 and/or GS9 genes are highly expressed in the rapid growth period of stigma. After the GS3, GW8 and/or GS9 genes in the japonica rice Zhonghua 11 are knocked out by using a CRISPR/Cas9 technology, the stigma exsertion rate of the Sanhua plant is improved by 50% or above compared with that of a wild type; meanwhile, the additive effect of GS3, GW8 and/or GS9 on the rice stigma exsertion rate character is found, and the stigma exsertion rate is shown as follows: three-process stigma exsertion, double-process stigma exsertion and single-process stigma exsertion. It is shown that the rice stigma exsertion rate can be remarkably increased by editing the GS3, GW8 and/or GS9 genes, and a theoretical basis and excellent gene resources are provided for genetic improvement of the rice stigma exsertion rate.(ZH) 本发明公开了GS3、GW8和/或GS9基因在调控水稻柱头外露率中的应用。本发明通过系统分析已克隆的水稻粒型基因的分子特性与生物学功能，发现三个可能参与调控水稻粒型和柱头外露的关键基因，经过表达分析发现GS3、GW8和/或GS9基因在柱头快速生长期高表达。利用CRISPR/Cas9技术将粳稻中花11中的GS3、GW8和/或GS9基因敲除后，三突植株的柱头外露率较野生型提高50％以上；同时，发现GS3、GW8和/或GS9对水稻柱头外露率性状有加性效应，其表现为柱头外露率：三突＞双突＞单突。表明通过编辑GS3、GW8和/或GS9基因可显著提高水稻柱头外露率，为水稻柱头外露率的遗传改良提供了理论依据和优良基因资源。",,,广州粤高专利商标代理有限公司 44102,,,,,,,,
,,,,,,,,,,,,,,,,,,,,,,,,,
CN422258993,202311384439,China,25.10.2023,117448387,26.01.2024,A,"C12N 15/89
					






C12N 15/113
					






C12N 9/22
					






A01K 67/033
					








C12N 15/89
					






C12N 15/113
					






C12N 9/22
					






A01K 67/033
					






View less classifications","C12N 15/89
					






C12N 15/1138
					






C12N 9/22
					






C12N 2310/20
					






A01K 2207/05
					






A01K 2217/075
					






View more classifications
							






C12N 15/89
					






C12N 15/1138
					






C12N 9/22
					






C12N 2310/20
					






A01K 2207/05
					






A01K 2217/075
					






A01K 2227/706
					






A01K 2267/03
					






A01K 67/68
					






View less classifications","INSTITUTE OF PLANT PROTECTION, CHINESE ACADEMY OF AGRICULTURAL SCIENCES中国农业科学院植物保护研究所",MAO JIANJUN毛建军GUO XINGKAI郭兴凯ZHANG LISHENG张礼生WANG MENGQING王孟卿LI YUYAN李玉艳SHIN CHOONG-KEON申忠健,,(EN) Method for improving drug resistance of natural enemy insects(ZH) 一种提高天敌昆虫抗药性的方法,,"(EN) The invention relates to a method for improving drug resistance of natural enemy insects. The method comprises the following step: knocking out or partially knocking out drug receptor target sites of the natural enemy insects by utilizing a CRISPR-Cas9 technology. According to the invention, the natural enemy insect nicotinic acetylcholine receptor gene is knocked out by using the CRISPR-Cas9 technology, so that the sensitivity of insects to pesticides is reduced, the drug resistance of the natural enemy insects is enhanced, and the compatibility between the natural enemy insects and chemical pesticides is improved.(ZH) 本发明涉及一种提高天敌昆虫抗药性的方法，包括以下步骤：利用CRI SPR‑Cas9技术敲除或部分敲除天敌昆虫药物受体靶标位点。本发明利用CRI SPR‑Cas9技术敲除天敌昆虫烟碱型乙酰胆碱受体基因，降低了昆虫对农药的敏感性，增强了天敌昆虫的抗药性，提高了天敌昆虫与化学农药之间的兼容性。",,,北京文慧专利代理事务所(特殊普通合伙) 11955,,,,,,,,
,,,,,,,,,,,,,,,,,,,,,,,,,
US399952195,17687928,United States of America,07.03.2022,20230193301,22.06.2023,A1,"C12N 15/82
					








C12N 15/82
					






View less classifications","C12N 2310/20
					






C12N 15/8213
					








C12N 2310/20
					






C12N 15/8213
					






View less classifications","Institute of Medicinal Plant Development (IMPLAD), CAMS & PUMC",Jingyuan SONGLijun HAOWenjie XUTianyi XINGuihong QI,,(EN) METHOD AND USE FOR IDENTIFYING PLANT SPECIES BASED ON WHOLE GENOME ANALYSIS AND GENOME EDITING,,"(EN) 
A method for identifying plant species based on whole genome analysis and genome editing, i.e., a GAGE, includes that screening PAM-carrying sequences from a whole genome of a plant to be identified; aligning the PAM-carrying sequences with genomes of counterfeit species and closely related species, and then selecting sequences that are only present in the genome of the plant to be identified as target sequences; and performing a detection on the target sequences as selected by introducing a genome editing system, wherein based on the target sequences as selected, a CRISPR RNA (crRNA), which acts to guide a Cas protein to bind with a target sequence to form a complex, is designed and synthesized; then the trans-cleavage activity of the Cas protein is activated so that a single strand DNA bearing a fluorescent signal group is cleaved; and the plant species is identified by detecting the fluorescent signal.",,,,,,,,,,,
,,,,,,,,,,,,,,,,,,,,,,,,,
,,,,,,,,,,,,,,,,,,,,,,,,,
,,,,,,,,,,,,,,,,,,,,,,,,,
AR440322816,P230101666,Argentina,28.06.2023,129748,25.09.2024,A1,"C12N 9/22
					






C12N 15/82
					






C07K 14/415
					








C12N 9/22
					






C12N 15/82
					






C07K 14/415
					






View less classifications","C12N 9/22
					






C07K 14/415
					






C12N 15/8261
					






C12N 15/8213
					






Y02A 40/146
					






C12N 2310/20
					






View more classifications
							






C12N 9/22
					






C07K 14/415
					






C12N 15/8261
					






C12N 15/8213
					






Y02A 40/146
					






C12N 2310/20
					






C12N 15/11
					






C12N 15/8262
					






C12N 2800/80
					






View less classifications","PAIRWISE PLANTS SERVICES, INC.",DEVIN LEE OCONNOR,,(ES) MÉTODOS Y COMPOSICIONES PARA CONTROLAR EL TAMAÑO DEL MERISTEMO PARA EL MEJORAMIENTO DE CULTIVOS,,"(ES) Esta invención está relacionada con composiciones y métodos para modificar los genes FASCIATED EAR2 (FEA2) en plantas, opcionalmente para modificar el tamaño del meristemo. La invención además está relacionada con plantas que tienen un número aumentado de filas de granos producidas con el uso de los métodos y las composiciones de la invención. Reivindicación 1: Una planta de maíz o parte de planta de maíz que comprende al menos una mutación en un gen endógeno FASCIATED EAR2 (FEA2) que codifica un polipéptido FEA2. Reivindicación 2: La planta de maíz o parte de esta de la reivindicación 1, donde el gen endógeno FASCIATED EAR2 (FEA2) tiene el número de identificación de gen (ID de gen) Zm00001d051012. Reivindicación 11: La planta de maíz o parte de esta de cualquiera de las reivindicaciones precedentes, donde el gen endógeno FASCIATED EAR2 (FEA2) a) comprende una secuencia de nucleótidos que tiene al menos 90% de identidad de secuencia con SEQ ID Nº 72 o SEQ ID Nº 73, b) comprende una región que tiene al menos 90% de identidad de secuencia con cualquiera de las secuencias de nucleótidos de SEQ ID Nº 75 - 77, c) codifica una secuencia de aminoácidos que tiene al menos 90% de identidad de secuencia con SEQ ID Nº 74, y/o d) codifica un polipéptido que comprende una región que tiene al menos 90% de identidad de secuencia con cualquiera de las secuencias de aminoácidos de SEQ ID Nº 78 - 80. Reivindicación 15: La planta de maíz o parte de esta de cualquiera de las reivindicaciones precedentes, donde la al menos una mutación resulta en un gen FEA2 mutado que comprende una secuencia de nucleótidos que tiene al menos 90% de identidad de secuencia con cualquiera de SEQ ID Nº 82, 84, 86, 88, 90, 92, 94, 96 o 98 y/o codifica un polipéptido FEA2 mutado que tiene al menos 90% de identidad de secuencia con cualquiera de SEQ ID Nº 83, 85, 87, 89, 91, 93, 95, 97, o 99. Reivindicación 16: Una célula de planta de maíz que comprende un sistema de edición, el sistema de edición comprende: a) una proteína efectora CRISPR-Cas; y b) un ácido nucleico guía que comprende una secuencia espaciadora con complementariedad con un gen diana endógeno que codifica una proteína FEA2. Reivindicación 100: Un método para controlar malezas en un contenedor (por ejemplo, maceta, o almácigo y similares), una cámara de crecimiento, un invernadero, un campo, un área recreacional, un césped, o a la vera de un camino, que comprende aplicar un herbicida a una o más (una pluralidad) de plantas de cualquiera de las reivindicaciones 1 - 15, 19 - 21, 35, 36, 76, 93 o 94, que crecen en un contenedor, una cámara de crecimiento, un invernadero, un campo, un área recreacional, un césped, o a la vera de un camino, por lo cual se controlan las malezas en el contenedor, la cámara de crecimiento, el invernadero, el campo, el área recreacional, el césped, o en la vera del camino donde la única o más plantas están creciendo. Reivindicación 101: Un método para reducir la depredación de insectos en una planta de maíz, que comprende aplicar un insecticida a una o más plantas de cualquiera de las reivindicaciones 1 - 15, 19 - 21, 35, 36, 76, 93 o 94, por lo cual se reduce la depredación de insectos en la única o más plantas de maíz. Reivindicación 102: Un método para reducir la enfermedad fúngica en una planta de maíz, que comprende aplicar un fungicida a una o más plantas de cualquiera de las reivindicaciones 1 - 15, 19 - 21, 35, 36, 76, 93 o 94, por lo cual se reduce la enfermedad fúngica en la única o más plantas de maíz.",,,,"63/356,527 29.06.2022 US","WO/2024/006792

CN119365481

MXMX/a/2024/015770This application is not viewable in PATENTSCOPE because the national phase entry has not been published yet or the national entry is issued from a country that does not share data with WIPO or there is a formatting issue or an unavailability of the application.

IN202547003672This application is not viewable in PATENTSCOPE because the national phase entry has not been published yet or the national entry is issued from a country that does not share data with WIPO or there is a formatting issue or an unavailability of the application.

EP2023748393This application is not viewable in PATENTSCOPE because the national phase entry has not been published yet or the national entry is issued from a country that does not share data with WIPO or there is a formatting issue or an unavailability of the application.",,,,,,
,,,,,,,,,,,,,,,,,,,,,,,,,
,,,,,,,,,,,,,,,,,,,,,,,,,
,,,,,,,,,,,,,,,,,,,,,,,,,
US424795966,18502136,United States of America,06.11.2023,20240076639,07.03.2024,A1,"C12N 9/22
					






C07K 14/20
					






C12N 15/10
					






C12N 15/113
					








C12N 9/22
					






C07K 14/20
					






C12N 15/10
					






C12N 15/113
					






View less classifications","C07K 14/20
					






C12N 9/22
					






C12N 15/102
					






C12N 15/113
					






C07K 2319/70
					






C12N 2310/20
					








C07K 14/20
					






C12N 9/22
					






C12N 15/102
					






C12N 15/113
					






C07K 2319/70
					






C12N 2310/20
					






View less classifications","Pairwise Plants Services, Inc.",Joseph Matthew Watts,,(EN) VARIANTS OF CAS12A NUCLEASES AND METHODS OF MAKING AND USE THEREOF,,"(EN) 
This invention relates to variants of Cas12a nucleases having altered protospacer adjacent motif recognition specificity. The invention further relates to methods of making CRISPR-CAS nuclease variants and methods of modifying nucleic acids using the variants.",,,,,"US20210115421

JP2022552409

EP4045643

CN114829595

KR1020220097408

BR112022007125

CA3157707

SG11202203928S

AU2020366358

WO/2021/076682

IL292117

NZ787124

CL2022000937

MX2022004549

BR112022007125This application is not viewable in PATENTSCOPE because the national phase entry has not been published yet or the national entry is issued from a country that does not share data with WIPO or there is a formatting issue or an unavailability of the application.

US20240076640

CL2024001733

CL2024001734

CL2024001737",,,,,,
US424795967,18502194,United States of America,06.11.2023,20240076640,07.03.2024,A1,"C12N 9/22
					






C07K 14/20
					






C12N 15/10
					






C12N 15/113
					








C12N 9/22
					






C07K 14/20
					






C12N 15/10
					






C12N 15/113
					






View less classifications","C07K 14/20
					






C12N 9/22
					






C12N 15/102
					






C12N 15/113
					






C07K 2319/70
					






C12N 2310/20
					








C07K 14/20
					






C12N 9/22
					






C12N 15/102
					






C12N 15/113
					






C07K 2319/70
					






C12N 2310/20
					






View less classifications","Pairwise Plants Services, Inc.",Sathya Sheela Jali,,(EN) VARIANTS OF CAS12A NUCLEASES AND METHODS OF MAKING AND USE THEREOF,,"(EN) 
This invention relates to variants of Cas12a nucleases having altered protospacer adjacent motif recognition specificity. The invention further relates to methods of making CRISPR-CAS nuclease variants and methods of modifying nucleic acids using the variants.",,,,,"US20210115421

JP2022552409

EP4045643

CN114829595

KR1020220097408

BR112022007125

CA3157707

SG11202203928S

AU2020366358

WO/2021/076682

IL292117

NZ787124

CL2022000937

MX2022004549

BR112022007125This application is not viewable in PATENTSCOPE because the national phase entry has not been published yet or the national entry is issued from a country that does not share data with WIPO or there is a formatting issue or an unavailability of the application.

US20240076639

CL2024001733

CL2024001734

CL2024001737",,,,,,
AR428328383,P230100200,Argentina,27.01.2023,128372,24.04.2024,A1,"A01H 5/00
					






C12N 15/90
					






C12N 15/82
					






C12N 15/29
					






C12N 9/22
					






C12N 15/11
					






View more classifications
							






A01H 5/00
					






C12N 15/90
					






C12N 15/82
					






C12N 15/29
					






C12N 9/22
					






C12N 15/11
					






C12N 5/04
					






View less classifications","A01H 1/00
					






A01H 1/06
					






A01H 6/4684
					






C12N 9/22
					






Y02A 40/146
					






C12N 2310/20
					






View more classifications
							






A01H 1/00
					






A01H 1/06
					






A01H 6/4684
					






C12N 9/22
					






Y02A 40/146
					






C12N 2310/20
					






A01H 1/12
					






View less classifications","PAIRWISE PLANTS SERVICES, INC.MONSANTO TECHNOLOGY LLC",JULIUS MOJICAJOSEPH MATTHEW WATTSMOLIAN DENGTHOMAS LOUIS SLEWINSKI,,(ES) SUPRESIÓN DE LA RESPUESTA DE EVITACIÓN DE LA SOMBRA EN LAS PLANTAS,,"(ES) La presente invención se refiere a composiciones y métodos para modificar un ácido nucleico endógeno que codifica un polipéptido Fitocromo A (PHYA) para la supresión de la respuesta de evitación de la sombra en plantas. La invención además se refiere a plantas producidas utilizando los métodos y las composiciones de la invención. Reivindicación 83: El ácido nucleico guía de la reivindicación 81 o la reivindicación 82, en donde el polipéptido PHYA es un polipéptido PHYA1 o un polipéptido PHYA2. Reivindicación 84: Un sistema que comprende el ácido nucleico de una cualquiera de las reivindicaciones 81 a 83 y una proteína efectora CRISPR-Cas que se asocia con el ácido nucleico guía.",,,,"63/304,747 31.01.2022 US","CA3250300

WO/2023/147526

CN118843392

EP4472403",,,,,,
,,,,,,,,,,,,,,,,,,,,,,,,,
,,,,,,,,,,,,,,,,,,,,,,,,,
,,,,,,,,,,,,,,,,,,,,,,,,,
,,,,,,,,,,,,,,,,,,,,,,,,,
AR426806913,P220103369,Argentina,07.12.2022,127904,06.03.2024,A1,"C12N 15/29
					






C12N 15/82
					






C12N 9/22
					






C07K 14/415
					






C12Q 1/6895
					






A01H 5/00
					








C12N 15/29
					






C12N 15/82
					






C12N 9/22
					






C07K 14/415
					






C12Q 1/6895
					






A01H 5/00
					






View less classifications","C07K 14/415
					






C12N 9/22
					






C12N 15/8261
					






Y02A 40/146
					






C12N 2310/20
					






C12N 15/11
					






View more classifications
							






C07K 14/415
					






C12N 9/22
					






C12N 15/8261
					






Y02A 40/146
					






C12N 2310/20
					






C12N 15/11
					






C12N 15/8213
					






C12N 15/8287
					






C12Q 1/6895
					






C12Q 2600/13
					






View less classifications","PAIRWISE PLANTS SERVICES, INC.",MARISA MILLERDEVIN OCONNOR,,(ES) MÉTODOS PARA MEJORAR LA FERTILIDAD DE FLORETES Y EL RENDIMIENTO DE SEMILLAS,,"(ES) Esta invención se refiere a composiciones y métodos para modificar factores de transcripción de la cremallera de homeodominio-leucina (HD-Zip) que regulan la fertilidad de los floretes, el número de semillas y/o el peso de la semilla en las plantas. La invención se refiere además a plantas producidas usando los métodos y las composiciones de la invención. Reivindicación 1: Una planta o parte de ella que comprende al menos una mutación en un gen endógeno del factor de transcripción de cremallera de homeodominio-leucina (HD-Zip) que codifica un factor de transcripción de HD-Zip. Reivindicación 28: La planta o parte de ella de cualquiera de las reivindicaciones anteriores, en donde la planta o parte de ella que comprende la al menos una mutación exhibe un fenotipo de mayor fertilidad de los floretes, mayor número de semillas, mayor peso de las semillas, mayor tamaño de los órganos florales, mayor ancho de la mazorca y/o mayor longitud de la mazorca. Reivindicación 29: Una célula vegetal que comprende un sistema de edición, donde el sistema de edición comprende: (a) una proteína efectora asociada con CRISPR-Cas; y (b) un ácido nucleico guía (por ejemplo, gRNA, gDNA, crRNA, crDNA) que tiene una secuencia espaciadora con complementariedad con un gen blanco endógeno que codifica un factor de transcripción de HD-Zip. Reivindicación 127: El método de cualquiera de las reivindicaciones 120 - 126, en donde el polinucleótido de interés es un polinucleótido que confiere tolerancia a herbicidas, resistencia a insectos, resistencia a enfermedades, mayor rendimiento, mayor eficacia en el uso de nutrientes o resistencia al estrés abiótico.",,,,"63/287,610 09.12.2021 US","WO/2023/108035

CN118613495

EP4444743

CA3240821

MX2024006590

IN202447049295This application is not viewable in PATENTSCOPE because the national phase entry has not been published yet or the national entry is issued from a country that does not share data with WIPO or there is a formatting issue or an unavailability of the application.",,,,,,
,,,,,,,,,,,,,,,,,,,,,,,,,
AR369698455,P210100760,Argentina,26.03.2021,121670,29.06.2022,A1,"A01H 5/00
					






A01H 1/00
					






C12N 5/10
					






C12N 15/11
					






C12N 15/82
					






C07K 14/415
					








A01H 5/00
					






A01H 1/00
					






C12N 5/10
					






C12N 15/11
					






C12N 15/82
					






C07K 14/415
					






View less classifications","C07K 14/415
					






C12N 15/8213
					






C12N 15/8279
					






C12N 9/22
					






C12N 2310/20
					






A01H 6/542
					






View more classifications
							






C07K 14/415
					






C12N 15/8213
					






C12N 15/8279
					






C12N 9/22
					






C12N 2310/20
					






A01H 6/542
					






C12N 15/102
					






C12Y 499/01
					






View less classifications","PAIRWISE PLANTS SERVICES, INC.",MARISA MILLER,,(ES) MÉTODOS PARA MEJORAR LA  RESISTENCIA A LA  ROYA DE LA SOJA,,"(ES) La presente invención se refiere a composiciones y métodos para modificar los genes STAYGREEN (SGR) en plantas. La invención además se refiere a plantas producidas usando los métodos y composiciones de la invención que comprenden genes SGR endógenos modificados y que tienen mayor resistencia a la roya de la soja.  Reivindicación 18: Una célula de planta, que comprende un sistema de edición que comprende: (a) una proteína efectora CRISPR-Cas; y (b) un ácido nucleico guía (ARNg, ADNg, ARNcr, ADNcr, ARNsg, ADNsg) que comprende una secuencia espaciadora con complementariedad con un gen diana endógeno que codifica una proteína de STAYGREEN (SGR).",,,,63/000608 27.03.2020 US,"CA3176886

WO/2021/195456

UY0001039143

BR112022019180

EP4126917

CN115867565

BR112022019180This application is not viewable in PATENTSCOPE because the national phase entry has not been published yet or the national entry is issued from a country that does not share data with WIPO or there is a formatting issue or an unavailability of the application.

IN202247055309

MX2022012048",,,,,,
,,,,,,,,,,,,,,,,,,,,,,,,,
,,,,,,,,,,,,,,,,,,,,,,,,,
US430565060,18555161,United States of America,14.04.2022,20240182899,06.06.2024,A1,"C12N 15/113
					






C12N 15/82
					








C12N 15/113
					






C12N 15/82
					






View less classifications","C12N 15/8216
					






C12N 15/113
					






C12N 2310/11
					








C12N 15/8216
					






C12N 15/113
					






C12N 2310/11
					






View less classifications",Kansas State University Research Foundation,David E. CookVeerendra SharmaSandeep MarlaGeoffrey Morris,,(EN) SHORT MULTI-REPEAT RNA TARGETING GENE SILENCING,,"(EN) 
Short multi-repeat RNA targeting constructs for manipulating RNA targets and obtaining variable levels of gene silencing, and methods of using the same to silence RNA targets in mammals, insects, plants, and fungus. The constructs comprise two or more distinct guide nucleotide sequences (in the absence of CRISPR nuclease) that are complementary to one or more RNA targets, wherein each guide nucleotide sequence consists of a single-stranded antisense nucleotide fragment of 100 nt or less.",,,,,WO/2022/245454,,,,,,
,,,,,,,,,,,,,,,,,,,,,,,,,
US413450096,18311427,United States of America,03.05.2023,20230357869,09.11.2023,A1,"C12Q 1/6895
					






C12N 15/11
					






C12N 9/22
					








C12Q 1/6895
					






C12N 15/11
					






C12N 9/22
					






View less classifications","C12N 15/11
					






C12Q 1/6895
					






C12N 9/22
					






C12N 2310/20
					








C12N 15/11
					






C12Q 1/6895
					






C12N 9/22
					






C12N 2310/20
					






View less classifications",THE PENN STATE RESEARCH FOUNDATION,YINONG YANGMATTHEW S. WHEATLEYQIN WANG,,(EN) METHODS AND COMPOSITIONS FOR SUPERSENSITIVE AND SPECIFIC DETECTION OF CITRUS GREENING AND PHYTOPLASMA PATHOGENS,,"(EN) 
The embodiments disclosed herein utilize type V CRISPR/Cas effector proteins to provide robust diagnostic assays with attomolar sensitivity. Embodiments disclosed herein can detect DNA targets from bacterial plant pathogens and can differentiate targets from non-targets based on single base pair differences. Such embodiments are useful in multiple scenarios involving bacterial plant pathogens such as Candidatus Liberibacter asiaticus and Candidatus Phytoplasma trifolii responsible for citrus greening and potato purple top, respectively.",,,,,,,,,,,
,,,,,,,,,,,,,,,,,,,,,,,,,
US450628187,18924558,United States of America,23.10.2024,20250075197,06.03.2025,A1,"C12N 9/78
					






C12N 9/22
					






C12N 15/11
					






C12N 15/82
					








C12N 9/78
					






C12N 9/22
					






C12N 15/11
					






C12N 15/82
					






View less classifications","C12N 9/22
					






C12N 9/78
					






C12N 15/11
					






C12N 15/82
					






C12Y 305/04002
					






C12N 2310/20
					






View more classifications
							






C12N 9/22
					






C12N 9/78
					






C12N 15/11
					






C12N 15/82
					






C12Y 305/04002
					






C12N 2310/20
					






C12N 2800/80
					






View less classifications","PIONEER HI-BRED INTERNATIONAL, INC.",ZHENGLIN HOUSANDEEP KUMARJOSHUA K. YOUNG,,(EN) ENGINEERED DEAMINASES,,"(EN) 
Novel engineered non-natural deaminases are provided. Methods and compositions are provided for modifying the genome of a cell, including a plant cell. Genome modification through guided CRISPR polypeptides and multiple deaminases are provided. Engineered non-natural novel deaminases, including adenosine deaminases are provided. These novel deaminases have improved activity in cells including plant cells.",,,,,,,,,,,