Application Id,Application Number,Office,Application Date,Publication Number,Publication Date,Publication Kind,IPC,Applicants,Inventors,Priority Data,Publication Language,Title,Designated States,Abstract,Related Patent Documents,Grant Number,Grant Date,CPC,Agents,,,,
IN318014159,202017049501,India,12.11.2020,202017049501,12.02.2021,A,"C12N
					






C07K
					






A01H
					








C12N
					






C07K
					






A01H
					






View less classifications","PIONEER HI-BRED INTERNATIONAL, INC.","ABBITT, Shane E. FRANK, Mary J. LAWIT, Shai MELO, Rosana RUPE, Mary A. SHEN, Bo WU, Jingrui",62/659579 18.04.2018 US62/741529 04.10.2018 US62/814373 06.03.2019 US,,(EN) IMPROVING AGRONOMIC CHARACTERISTICS IN MAIZE BY MODIFICATION OF ENDOGENOUS MADS BOX TRANSCRIPTION FACTORS,,"(EN) Genome edited plants, plant cells, seeds and plant parts of maize are provided where expression levels and/or activities of MADS-box transcription factors are modulated to improve one or more agronomic characteristics such as grain yield. Also provided are compositions comprising polynucleotides encoding polypeptides and guide RNAs targeted to endogenous maize MADS-box proteins including for example, targeted site-directed mutagenesis using CRISPR-associated nucleases. Additionally, various methods of employing the polynucleotides and genetic modifications in plants, such as methods for modulating expression level in a maize plant and methods for increasing yield of a maize plant are also provided herein.","WO/2019/204256

CN111988989

BR112020021364

EP3780946

US20210155949

CA3095045",,,,,,,,
US325111240,17047946,United States of America,16.04.2019,20210155949,27.05.2021,A1,"C12N 15/82
					








C12N 15/82
					






View less classifications","PIONEER HI-BRED INTERNATIONAL, INC.",SHANE E ABBITTMARY J FRANKSHAI LAWITROSANA MELOMARY A RUPEBO SHENJINGRUI WU,,,(EN) IMPROVING AGRONOMIC CHARACTERISTICS IN MAIZE BY MODIFICATION OF ENDOGENOUS MADS BOX TRANSCRIPTION FACTORS,,"(EN) 
Genome edited plants, plant cells, seeds and plant parts of maize are provided where expression levels and/or activities of MADS-box transcription factors are modulated to improve one or more agronomic characteristics such as grain yield. Also provided are compositions comprising polynucleotides encoding polypeptides and guide RNAs targeted to endogenous maize MADS-box proteins including for example, targeted site-directed mutagenesis using CRISPR-associated nucleases. Additionally, various methods of employing the polynucleotides and genetic modifications in plants, such as methods for modulating expression level in a maize plant and methods for increasing yield of a maize plant are also provided herein.","WO/2019/204256

CN111988989

BR112020021364

EP3780946

CA3095045

IN202017049501",,,"C12N 15/8241
					








C12N 15/8241
					






View less classifications",,,,,
CN203439502,102017000098892,China,23.02.2017,107043779,15.08.2017,B,"C12N 15/82
					






A01H 5/00
					






A01H 6/46
					








C12N 15/82
					






A01H 5/00
					






A01H 6/46
					






View less classifications","INSTITUTE OF CROP SCIENCE, CHINESE ACADEMY OF AGRICULTURAL SCIENCES中国农业科学院作物科学研究所",XIA LANQIN夏兰琴SUN YONGWEI孙永伟ZHAO YUNDE赵云德LI JINGYING李晶莹DU JINLU杜晋鲁,2016110911077 01.12.2016 CN,,(EN) Application of CRISPR/nCas9 mediated site-directed base substitution in plant(ZH) 一种CRISPR/nCas9介导的定点碱基替换在植物中的应用,,"(EN) The invention discloses application of CRISPR/nCas9 mediated site-directed base substitution in a plant. The invention provides a plant genome site-directed edition system. The system comprises a BE3 plant expression carrier (expressing a fusion protein composed of nCas9(D10A), deaminase and a uracil DNA glycosylase inhibitory protein), and rice OsPDS and OsSBEIIb are taken as target genes for verifying the system. Results show that an expected site-directed mutant plant is respectively obtained in the three selected target spots, accurate site mutation of a base is realized in rice, and the highest efficiency reaches about 20%, so that a feasible and effective base substitution method is provided for crop breeding, the method has strong application potential in the aspect of agricultural breeding, and a foundation is provided for rapidly improving important agronomic traits of crops.(ZH) 本发明公开了一种CRISPR/nCas9介导的定点碱基替换在植物中的应用。本发明提供了一种定点编辑植物基因组的系统，该系统包括BE3植物表达载体(表达由nCas9(D10A)、脱氨酶和尿嘧啶DNA糖基化酶抑制蛋白组成的融合蛋白)，并以水稻OsPDS和OsSBEIIb为靶基因对该系统进行验证。结果表明，在所选的3个靶点中，均获得预期定点突变植株，在水稻中实现了碱基的精确的点突变，且效率最高达到20％左右，为农作物育种提供了一种可行的有效的碱基替换方法，在农业育种方面具有强大的应用潜力，为快速改良农作物重要农艺性状提供了基础。",,,107043779,"C12N 15/8201
					






C12N 15/8222
					






C12N 2810/10
					








C12N 15/8201
					






C12N 15/8222
					






C12N 2810/10
					






View less classifications",北京纪凯知识产权代理有限公司 11245北京纪凯知识产权代理有限公司 11245,,,,
US444652451,18739142,United States of America,10.06.2024,20240423155,26.12.2024,A1,"A01H 6/82
					






A01H 5/06
					








A01H 6/82
					






A01H 5/06
					






View less classifications","Board of Regents of the Nevada System of Higher Education, on Behalf of the University of Nevada",Vijaya Kumar Reddy VulavalaDylan K. KosmaPatricia Santos,,,(EN) POTATO VARIETY NAMED 'UNR-01',,"(EN) 
Herein provided is a new potato variety designated ‘UNR-01’ as well as the tubers, seeds, plants, plant parts, and derivatives of the new potato variety ‘UNR-01’. This transgenic variety was generated using CRISPR-Cas9 and deleting a portion of the StMYB93 (PGSC0003DMG400006408) gene. This transgenic variety has a sprout suppressed phenotype that results in a longer storage life in cold storage conditions without the application of sprout-inhibiting chemicals. These potatoes were not impacted in reduced sugar levels, wound healing capacities, and native periderm suberin content. Also provided are tissue cultures of the new potato variety ‘UNR-01’ and the plants regenerated therefrom. Methods for producing potato plants by crossing the new potato variety ‘UNR-01’ with itself or another potato variety and plants produced by such methods are also provided. ‘UNR-01’ potatoes exhibit suppressed sprouting and longer storage life in cold storage conditions without the application of sprout-inhibiting chemicals.",,,,"A01H 5/06
					






A01H 6/827
					








A01H 5/06
					






A01H 6/827
					






View less classifications",,,,,
US325709511,16961303,United States of America,11.01.2019,20210163968,03.06.2021,B2,"C12N 15/82
					






C12N 9/22
					








C12N 15/82
					






C12N 9/22
					






View less classifications",KWS SAAT SE & CO. KGaA,Aaron HummelZarir Vaghchhipawala,,,(EN) Optimized plant CRISPR/CPF1 systems,,"(EN) 
The present invention relates to optimized systems for the genome editing of eukaryotic cells, preferably plant cells. Also provided is a plant delivery system comprising at least one Cpf1 enzyme, or a plant optimized construct encoding the same, to be synergistically combined with a Cpf1 guide RNA system. Further provided is a Cpf1 guide RNA system being flanked by a Hammerhead ribozyme sequence at the 5′ end and by a plant-derived Hepatitis Delta Vims (HDV)-like ribozyme sequence at the 3′ end, or being embedded within a coding or non-coding region, of a sequence encoding a frame sequence. Novel plant-derived HDV-like ribozyme sequences are also provided. Further provided are methods for improved genome editing, and the use of the various systems provided herein to obtain transformed plants, plant cells, tissues, organs, or a progeny thereof, or a plant material, modified in a targeted way even at difficult to access target sites.","AR113728

WO/2019/138052

CN111836825

EP3737691

BR112020014017

CA3088052

US20240409949",,12098374,"C12N 9/22
					






C12N 15/82
					






C12N 2310/20
					








C12N 9/22
					






C12N 15/82
					






C12N 2310/20
					






View less classifications",Troutman Pepper Hamilton Sanders LLP,,,,
US444088085,18813194,United States of America,23.08.2024,20240409949,12.12.2024,A1,"C12N 15/82
					






C12N 9/22
					








C12N 15/82
					






C12N 9/22
					






View less classifications",KWS SAAT SE & Co. KGaA,Aaron HUMMELZarir VAGHCHHIPAWALA,,,(EN) OPTIMIZED PLANT CRISPR/CPF1 SYSTEMS,,"(EN) 
The present invention relates to optimized systems for the genome editing of eukaryotic cells, preferably plant cells. Also provided is a plant delivery system comprising at least one Cpf1 enzyme, or a plant optimized construct encoding the same, to be synergistically combined with a Cpf1 guide RNA system. Further provided is a Cpf1 guide RNA system being flanked by a Hammerhead ribozyme sequence at the 5′ end and by a plant-derived Hepatitis Delta Virus (HDV)-like ribozyme sequence at the 3′ end, or being embedded within a coding or non-coding region, of a sequence encoding a frame sequence. Novel plant-derived HDV-like ribozyme sequences are also provided. Further provided are methods for improved genome editing, and the use of the various systems provided herein to obtain transformed plants, plant cells, tissues, organs, or a progeny thereof, or a plant material, modified in a targeted way even at difficult to access target sites.","AR113728

WO/2019/138052

CN111836825

EP3737691

BR112020014017

US20210163968

CA3088052",,,"C12N 9/22
					






C12N 15/82
					






C12N 2310/20
					








C12N 9/22
					






C12N 15/82
					






C12N 2310/20
					






View less classifications",,,,,
CN220636315,102017000396445,China,31.05.2017,107164402,15.09.2017,B,"C12N 15/82
					






C12N 9/22
					






C12N 15/113
					








C12N 15/82
					






C12N 9/22
					






C12N 15/113
					






View less classifications","WEIMING XINGWANG SYSTEM CROP DESIGN FRONTIER LABORATORY (BEIJING) CO., LTD.未名兴旺系统作物设计前沿实验室（北京）有限公司",LI JIAN李健WANG ZHENG王峥MA LIGENG马力耕DENG XINGWANG邓兴旺,,,(EN) CRISPR-Cas9 system-based gene editing vector and application thereof(ZH) 一种基于CRISPR-Cas9系统的基因编辑载体及其应用,,"(EN) The invention provides a CRISPR-Cas9 system-based genome editing vector and an application thereof, belongs to the field of plant genetic engineering and particularly relates to a CRISPR-Cas9 system-based wheat genome editing vector and an application thereof. A CRISPR-Cas9 transformation vector with higher editing efficiency in wheat is obtained through comparing the gene editing efficiency of the transformation vector of a CRISPR-Cas9 system when adopting different Cas9 promoters, different sgRNA promoters and different sgRNA sequence structures. Through the optimized vector, the gene editing efficiency of the wheat crop by using CRISPR-Cas9 is improved; the problems of low mutation rate of the CRISPR-Cas9 vector in the crops, such as the wheat after transformation and difficulty in obtaining of the CRISPR-Cas9 transgenic mutant strain are solved; the transformation time is shortened; the transformation cost is reduced; a better foundation is laid for popularization and application of a CRISPR-Cas9 gene editing system in the crop.(ZH) 本发明提供了一种基于CRISPR‑Cas9系统的基因组编辑载体及其应用，属于植物基因工程领域，具体涉及一种基于CRISPR‑Cas9系统的小麦基因组编辑载体及其应用。本发明通过比较CRISPR‑Cas9系统的转化载体，采用不同Cas9启动子、不同sgRNA启动子和不同sgRNA序列结构时的基因编辑效率，获得了在小麦中编辑效率更高的CRISPR‑Cas9转化载体。此优化载体显著提高了小麦作物利用CRISPR‑Cas9进行基因编辑的效率，克服了小麦等作物中CRISPR‑Cas9载体转化后突变率低、获得CRISPR‑Cas9转基因突变株系难的问题，节约了转化时间，减少了转化成本，对CRISPR‑Cas9基因编辑系统在作物中的推广应用奠定了更好的基础。",,,107164402,"C12N 9/22
					






C12N 15/113
					






C12N 15/8213
					






C12N 2310/12
					








C12N 9/22
					






C12N 15/113
					






C12N 15/8213
					






C12N 2310/12
					






View less classifications",,,,,
CN350472567,202111283434,China,01.11.2021,113999863,01.02.2022,B,"C12N 15/54
					






C12N 15/84
					






A01H 5/00
					






A01H 6/82
					








C12N 15/54
					






C12N 15/84
					






A01H 5/00
					






A01H 6/82
					






View less classifications",ZHEJIANG UNIVERSITY浙江大学,SHI KAI师恺WANG PING王萍DING SHUTING丁淑婷WANG JIAO王娇YU JINGQUAN喻景权,,,(EN) Method for improving water utilization efficiency of tomato crops(ZH) 一种提高番茄作物水分利用效率的方法,,"(EN) The invention discloses a method for improving the water utilization efficiency of tomato crops, and belongs to the technical field of biology. The method specifically comprises the step of knocking out or silencing an SlALD1 gene in a tomato crop. The tomato Sald1 gene mutant is obtained by utilizing a CRISPR/Cas9 gene editing technology, and the mutant is found to be capable of remarkably improving the water utilization efficiency of plants and enhancing the drought resistance, and can be used for tomato germplasm breeding with high water utilization efficiency.(ZH) 本发明公开了一种提高番茄作物水分利用效率的方法，属于生物技术领域。所述方法具体为将番茄作物中的SlALD1基因敲除或沉默。本发明利用CRISPR/Cas9基因编辑技术获得番茄Slald1基因突变体，发现该突变体能够显著提高植株的水分利用效率，增强对干旱的抗性，可用于高水分利用效率的番茄种质选育。",,,113999863,"C12N 9/1096
					






C12Y 206/01
					






C12N 15/8205
					






C12N 15/8273
					








C12N 9/1096
					






C12Y 206/01
					






C12N 15/8205
					






C12N 15/8273
					






View less classifications",杭州天勤知识产权代理有限公司 33224杭州天勤知识产权代理有限公司 33224,,,,
CN274818238,201780086843,China,20.12.2017,110325644,11.10.2019,A,"C12N 15/82
					






A01H 5/00
					






C12N 5/10
					






A01H 6/82
					








C12N 15/82
					






A01H 5/00
					






C12N 5/10
					






A01H 6/82
					






View less classifications",KWS SAAT SEKWS种子欧洲股份公司,HUMMEL AARONA·赫梅尔BARTLEM DEREK GRAHAMD·G·巴特勒姆,"62/436,792 20.12.2016 US",,"(EN) CONFERRING RESISTANCE TO GEMINIVIRUSES IN PLANTS IN ALTERNATIVE MANNER TO GENE DRIVE, USING CRISPR/CAS SYSTEMS(ZH) 使用CRISPR/CAS系统以可选方式进行基因驱动在植物中赋予对双生病毒的抗性",,"(EN) The present invention provides materials and methods for conferring geminivirus resistance to plants or plant cells, and particularly to materials and methods for using CRISPR/Cas or CRISPR/Cpf1 systems to confer resistance to geminiviruses. Materials and methods are described to insert sequence at a double stranded break in a geminivirus genome.(ZH) 赋予植物或植物细胞双生病毒抗性的材料和方法，特别是使用CRISPR/Cas或CRISPR/Cpf1系统赋予对双生病毒抗性的材料和方法。描述了材料和方法以在双生病毒基因组中的双链断裂处插入序列。","CA3047829

US20190352653

BR112019012839

WO/2018/115202",,,"C12N 15/8213
					






C12N 15/8283
					






C12N 2310/20
					








C12N 15/8213
					






C12N 15/8283
					






C12N 2310/20
					






View less classifications",永新专利商标代理有限公司 72002永新专利商标代理有限公司 72002,,,,
CA248190514,3047829,Canada,20.12.2017,3047829,28.06.2018,A1,"C12N 15/82
					






A01H 5/00
					








C12N 15/82
					






A01H 5/00
					






View less classifications",KWS SAAT SE,"HUMMEL, AARONBARTLEM, DEREK GRAHAM","62/436,792 20.12.2016 US",,"(EN) CONFERRING RESISTANCE TO GEMINIVIRUSES IN PLANTS IN ALTERNATIVE MANNER TO GENE DRIVE, USING CRISPR/CAS SYSTEMS(FR) MOYENS PERMETTANT DE CONFERER UNE RESISTANCE A DES GEMINIVIRUS DANS DES PLANTES DE MANIERE ALTERNATIVE A UNE MANOEUVRE GENIQUE, A L'AIDE DE SYSTEMES CRISPR/CAS",,"(EN) Materials and methods for conferring geminivirus resistance to plants or plant cells, and particularly to materials and methods for using CRISPR/Cas or CRISPR/Cpf1 systems to confer resistance to geminiviruses. Materials and methods are described to insert sequence at a double stranded break in a geminivirus genome.(FR) L'invention concerne des matériels et des procédés permettant de conférer une résistance aux geminivirus à des plantes, et notamment des matériels et des procédés pour utiliser des systèmes CRISPR/Cas ou CRISPR/Cpf1 en vue de conférer une résistance aux geminivirus à des plantes. Des matériels et des procédés sont décrits pour insérer une séquence au niveau d'une cassure double brin dans un génome de géminivirus.","CN110325644

US20190352653

BR112019012839

WO/2018/115202",,,"C12N 15/8213
					






C12N 15/8283
					






C12N 2310/20
					








C12N 15/8213
					






C12N 15/8283
					






C12N 2310/20
					






View less classifications",,,,,
CN406155588,202180079491,China,22.11.2021,116615535,18.08.2023,A,"C12N 9/22
					








C12N 9/22
					






View less classifications",TOOLGEN INCORPORATED株式会社图尔金,KWON SOON-IL权纯一HAN ZHIXUE韩智学LEE YE-RIM李叡琳KIM BA-RIM金芭琳,1020200160474 25.11.2020 KR,,(EN) Preparation method for inhibiting potato plants by browning of CRISPR/Cas9 system(ZH) 利用CRISPR/Cas9系统的褐变抑制马铃薯植株的制备方法,,"(EN) The present invention relates to a method for preparing a browning-inhibited potato plant using a CRISPR/Cas9 system, and more particularly, to a method for preparing a genome-edited potato plant in which browning is inhibited by transduction to a potato protoplast, the method comprising a ribonuclein (RNP) complex comprising a unidirectional guide RNA (sgRNA) that targets a potato polyphenol oxidase 2 (StPPO2) gene of a potato source, and to a method for preparing a genome-edited potato plant in which browning is inhibited, and more particularly, to a method for preparing a genome-edited potato plant in which browning is inhibited by transduction to a potato protoplast. According to the method, no foreign gene is inserted, and only small variation which cannot be distinguished from natural variation exists, so that the method can be different from transgenic organism (GMO) crops which need to consume huge cost and time to evaluate safety and whether the crops have environmental hazard, and is expected to save cost and time.(ZH) 本发明涉及利用CRISPR/Cas9系统的褐变抑制马铃薯植株的制备方法，更具体地，涉及通过将包含靶向马铃薯来源的马铃薯多酚氧化酶2(Solanum tuberosum Polyphenol Oxidases 2，StPPO2)基因的单向导RNA(sgRNA)的核糖核蛋白(ribonucleoprotein，RNP)复合物转导至马铃薯原生质体来制备褐变得到抑制的基因组编辑马铃薯植株的方法。由于本发明的方法没有外来基因的插入，只有与自然变异无法区分的微小变异，因此可与需要消耗巨大的成本及时间来评估安全性及是否具有环境危害性的转基因生物(Genetically Modified Organism，GMO)作物不同，其有望节省成本及时间。","KR102272557

WO/2022/114692

BRKR2021017138

EP4253541

AR124149

BR112023008309This application is not viewable in PATENTSCOPE because the national phase entry has not been published yet or the national entry is issued from a country that does not share data with WIPO or there is a formatting issue or an unavailability of the application.",,,"C12N 9/22
					






C12N 15/8243
					






C12N 9/0071
					






C12N 9/0055
					






C12Y 114/18
					






C12N 15/113
					






View more classifications
							






C12N 9/22
					






C12N 15/8243
					






C12N 9/0071
					






C12N 9/0055
					






C12Y 114/18
					






C12N 15/113
					






C12N 15/8242
					






A01H 1/06
					






A01H 4/001
					






C12N 2310/20
					






View less classifications",北京路浩知识产权代理有限公司 11002北京路浩知识产权代理有限公司 11002,,,,
EP424808530,22796734,European Patent Office,28.04.2022,4330403,06.03.2024,A4,"C12N 15/82
					






C12N 15/11
					






C12N 15/113
					








C12N 15/82
					






C12N 15/11
					






C12N 15/113
					






View less classifications",MONSANTO TECHNOLOGY LLC,DAVIS IAN WMARENGO MATTHEW SNAGY ERVIN D,202163182288 30.04.2021 US202163295061 30.12.2021 US,,(DE) PFLANZENREGULIERUNGSELEMENTE UND VERWENDUNGEN DAVON(EN) PLANT REGULATORY ELEMENTS AND USES THEREOF(FR) ÉLÉMENTS RÉGULATEURS DE PLANTE ET LEURS UTILISATIONS,"View all
							



AL, AT, BA, BE, BG, CH, CY, CZ, DE, DK, EE, ES, FI, FR, GB, GR, HR, HU, IE, IS, IT, LI, LT, LU, LV, MC, ME, MK, MT, NL, NO, PL, PT, RO, RS, SE, SI, SK, SM, TR
				

Hide all",(EN) The invention provides novel synthetic small nuclear RNA (snRNA) promoters which are useful for CRISPR-mediated targeted gene modifications in plants. The invention also provides methods and compositions for use for the snRNA promoters driving expression of guide RNAs and non-coding RNAs for development of plants and plant cells comprising modified genomes.(FR) L'invention concerne de nouveaux promoteurs synthétiques de petit ARN nucléaire (ARNsn) qui sont utiles pour des modifications génétiques ciblées à médiation par CRISPR dans des plantes. L'invention concerne également des procédés et des compositions destinés à être utilisés pour les promoteurs d'ARNsn entraînant l'expression d'ARN guides et d'ARN non codants pour le développement de plantes et de cellules végétales comprenant des génomes modifiés.,"WO/2022/232407

AU2022264019

CA3217328

BR112023020555

CN117242181

JP2024515777

NZ804298",,,"C12N 15/8213
					






C12N 15/8216
					








C12N 15/8213
					






C12N 15/8216
					






View less classifications",,,,,
CA412653842,3217328,Canada,28.04.2022,3217328,03.11.2022,A1,"C12N 15/82
					






C12N 15/113
					






C12N 15/11
					








C12N 15/82
					






C12N 15/113
					






C12N 15/11
					






View less classifications",MONSANTO TECHNOLOGY LLC,"DAVIS, IAN W.MARENGO, MATTHEW S.NAGY, ERVIN D.","63/182,288 30.04.2021 US63/295,061 30.12.2021 US",,(EN) PLANT REGULATORY ELEMENTS AND USES THEREOF(FR) ELEMENTS REGULATEURS DE PLANTE ET LEURS UTILISATIONS,,(EN) The invention provides novel synthetic small nuclear RNA (snRNA) promoters which are useful for CRISPR-mediated targeted gene modifications in plants. The invention also provides methods and compositions for use for the snRNA promoters driving expression of guide RNAs and non-coding RNAs for development of plants and plant cells comprising modified genomes.(FR) L'invention concerne de nouveaux promoteurs synthétiques de petit ARN nucléaire (ARNsn) qui sont utiles pour des modifications génétiques ciblées à médiation par CRISPR dans des plantes. L'invention concerne également des procédés et des compositions destinés à être utilisés pour les promoteurs d'ARNsn entraînant l'expression d'ARN guides et d'ARN non codants pour le développement de plantes et de cellules végétales comprenant des génomes modifiés.,"WO/2022/232407

AU2022264019

BR112023020555

CN117242181

EP4330403

JP2024515777

NZ804298",,,"C12N 15/8213
					






C12N 15/8216
					








C12N 15/8213
					






C12N 15/8216
					






View less classifications",,,,,
CN418368970,202280031323.X,China,28.04.2022,117242181,15.12.2023,A,"C12N 15/82
					








C12N 15/82
					






View less classifications",MONSANTO TECHNOLOGY LLC孟山都技术公司,DAVIS IAN WI·W·戴维斯MARENGO MICHAEL SM·S·马伦戈NAGY ERVIN DE·D·纳吉,"63/182,288 30.04.2021 US63/295,061 30.12.2021 US",,(EN) Plant regulatory elements and uses thereof(ZH) 植物调控元件及其用途,,(EN) The invention provides a novel synthetic small nuclear RNA (snRNA) promoter which can be used for CRISPR (Clustered Regularly Interspaced Short Palindromic Repeats) mediated targeted gene modification in plants. The invention also provides methods and compositions for driving snRNA promoters for expression of guide RNA and non-coding RNA for the development of plants and plant cells comprising modified genomes.(ZH) 本发明提供了新型合成小核RNA(snRNA)启动子，其可用于植物中CRISPR介导的靶向基因修饰。本发明还提供了用于驱动指导RNA和非编码RNA的表达的snRNA启动子的方法和组合物，用于植物和包含修饰基因组的植物细胞的发育。,"WO/2022/232407

AU2022264019

CA3217328

BR112023020555

EP4330403

JP2024515777

NZ804298",,,,北京市金杜律师事务所 11256北京市金杜律师事务所 11256,,,,
US276885085,16471465,United States of America,20.12.2017,20190352653,21.11.2019,A1,"C12N 15/82
					








C12N 15/82
					






View less classifications",KWS SAAT SE,Aaron HummelDerek Graham Bartlem,,,"(EN) CONFERRING RESISTANCE TO GEMINIVIRUSES IN PLANTS IN ALTERNATIVE MANNER TO GENE DRIVE, USING CRISPR/CAS SYSTEMS",,"(EN) 
Materials and methods for conferring geminivirus resistance to plants or plant cells, and particularly to materials and methods for using CRISPR/Cas or CRISPR/Cpf1 systems to confer resistance to geminiviruses. Materials and methods are described to insert sequence at a double stranded break in a geminivirus genome.","CA3047829

CN110325644

BR112019012839

WO/2018/115202",,,"C12N 2310/20
					






C12N 15/8213
					






C12N 15/8283
					








C12N 2310/20
					






C12N 15/8213
					






C12N 15/8283
					






View less classifications",,,,,
US314530943,16634220,United States of America,30.07.2018,20210010014,14.01.2021,A1,"C12N 15/82
					








C12N 15/82
					






View less classifications",INGATEYGEN LLC,Hortense DodoKoffi N'da Konan,,,(EN) PEANUT WITH REDUCED ALLERGEN LEVELS,,"(EN) 
Genetic constructs are provided to reduce or eliminate the allergenicity of peanuts. The constructs function by generating interfering RNA and/or by directing deletion using the CRISPR/Cas9 system. The constructs may be used in the production of genetically modified plants, plant parts and cells with reduced allergenicity.",WO/2019/027871,,,"C12N 2310/14
					






C12N 15/8242
					






C12N 15/8213
					






C12N 15/8218
					








C12N 2310/14
					






C12N 15/8242
					






C12N 15/8213
					






C12N 15/8218
					






View less classifications",,,,,
CN403547327,202310602777,China,26.05.2023,116463348,21.07.2023,B,"C12N 15/113
					






C12N 9/22
					






C12N 15/84
					






C12Q 1/6895
					






C12N 15/55
					






C12N 15/11
					






View more classifications
							






C12N 15/113
					






C12N 9/22
					






C12N 15/84
					






C12Q 1/6895
					






C12N 15/55
					






C12N 15/11
					






C12N 15/29
					






A01H 5/00
					






A01H 6/46
					






View less classifications","INSTITUTE OF CROP SCIENCE, CHINESE ACADEMY OF AGRICULTURAL SCIENCES中国农业科学院作物科学研究所",LIU CHANGLIN刘昌林XIE CHUANXIAO谢传晓YAN YUANYUAN闫元元ZHU JINJIE朱金洁QI XIANTAO祁显涛,,,(EN) Sg RNA for editing corn ZmCENH3 gene by using CRISPR/Cas9 system and application of sg RNA(ZH) 利用CRISPR/Cas9系统编辑玉米ZmCENH3基因的sg RNA及其应用,,"(EN) The invention discloses sgRNA for editing a corn ZmCENH3 gene by utilizing a CRISPR/Cas9 system and application of the sgRNA. The sgRNA of the corn ZmCENH3 gene is designed, and the nucleotide sequence of the sgRNA is shown as SEQ ID NO.1-SEQ ID NO.2; the method comprises the following steps of: respectively connecting a DNA (Deoxyribonucleic Acid) fragment for coding the sgRNA sequence and Cas9 coding protein into a basic vector, transforming the constructed vector into agrobacterium to obtain recombinant agrobacterium, mediating and infecting corn by the recombinant agrobacterium to obtain positive plants, respectively screening the positive plants containing gene fragments of Cas9 and sgRNA, and hybridizing the positive plants to obtain the Cas9 and sgRNA hybrid gene. And carrying out PCR amplification sequencing on the filial generation, analyzing the mutation type of the corn plant, and screening to obtain a mutant plant of the corn ZmCENH3 gene.(ZH) 本发明公开了利用CRISPR/Cas9系统编辑玉米ZmCENH3基因的sgRNA及其应用，本发明设计了玉米ZmCENH3基因的sgRNA，其核苷酸序列如SEQ ID NO.1～SEQ ID NO.2所示；并通过将含有编码所述sgRNA序列的DNA片段和Cas9编码蛋白分别连接到基础载体中，将构建好的载体转化至农杆菌中获得重组农杆菌，并以重组农杆菌介导侵染玉米，获得阳性植株，分别筛选含Cas9和sgRNA的基因片段的阳性植株，并将两者进行杂交，对其杂交后代进行PCR扩增测序，分析玉米植株突变类型，同时筛选得到玉米ZmCENH3基因的突变体植株。",,,116463348,"C12N 15/113
					






C12N 9/22
					






C07K 14/415
					






C12N 15/8216
					






C12Q 1/6895
					






C12Q 2600/156
					






View more classifications
							






C12N 15/113
					






C12N 9/22
					






C07K 14/415
					






C12N 15/8216
					






C12Q 1/6895
					






C12Q 2600/156
					






C12N 2310/20
					






View less classifications",北京慕达星云知识产权代理事务所(特殊普通合伙) 11465,,,,
,,,,,,,,,,,,,,,,,,,,,,,
,,,,,,,,,,,,,,,,,,,,,,,
,,,,,,,,,,,,,,,,,,,,,,,
,,,,,,,,,,,,,,,,,,,,,,,
,,,,,,,,,,,,,,,,,,,,,,,
,,,,,,,,,,,,,,,,,,,,,,,
,,,,,,,,,,,,,,,,,,,,,,,
,,,,,,,,,,,,,,,,,,,,,,,
,,,,,,,,,,,,,,,,,,,,,,,
,,,,,,,,,,,,,,,,,,,,,,,
,,,,,,,,,,,,,,,,,,,,,,,
,,,,,,,,,,,,,,,,,,,,,,,
,,,,,,,,,,,,,,,,,,,,,,,
,,,,,,,,,,,,,,,,,,,,,,,
,,,,,,,,,,,,,,,,,,,,,,,
,,,,,,,,,,,,,,,,,,,,,,,
,,,,,,,,,,,,,,,,,,,,,,,
,,,,,,,,,,,,,,,,,,,,,,,
CN427212842,202311839214,China,28.12.2023,117777253,29.03.2024,A,"C07K 14/195
					






C12N 15/84
					






C12N 15/31
					






C12N 15/55
					






C12N 15/113
					








C07K 14/195
					






C12N 15/84
					






C12N 15/31
					






C12N 15/55
					






C12N 15/113
					






View less classifications",UNIVERSITY OF ELECTRONIC SCIENCE AND TECHNOLOGY OF CHINA电子科技大学,ZHANG YONG张勇HE YAO何瑶TANG XU唐旭ZHENG XUELIAN郑雪莲,,,(EN) Type V-A anti-CRISPR protein suitable for plant genome editing and application of Type V-A anti-CRISPR protein(ZH) 适用于植物基因组编辑的Type V-A型anti-CRISPR蛋白及其应用,,"(EN) The invention belongs to the technical field of plant genetic engineering, and relates to a Type V-A anti-CRISPR protein suitable for plant genome editing and application of the Type V-A anti-CRISPR protein. The technical problem to be solved by the invention is to provide an anti-CRISPR (Acr) protein which can be used for a plant editing system. According to the technical scheme, the Type V-A type anti-CRISPR protein is suitable for plant genome editing, and the anti-CRISPR protein is an amino acid sequence, such as AcrVA1 as shown in SEQ ID No.1. The invention also discloses a preparation method of the Type V-A type anti-CRISPR protein. The invention also provides an Mb2Cas12a plant genome editing system, which comprises an Mb2Cas12a nuclease protein expression unit, a crRNA (Complementary Ribonucleic Acid) transcription expression unit and an anti-CRISPR (Complementary Reduced Interspaced Short Palindromic Repeats) protein expression unit. The anti-CRISPR protein is characterized in that the amino acid sequence of the anti-CRISPR protein is AcrVA1 as shown in SEQ ID No. 1. The invention provides a rice codon optimized TypeV-A type anti-CRISPR protein DNA (deoxyribonucleic acid) sequence, the braking effect of the co-expressed anti-CRISPR protein in an Mb2Cas12a plant genome editing system is confirmed in plants for the first time, and plant genes can be regulated and controlled more accurately.(ZH) 本发明属于植物基因工程技术领域，涉及适用于植物基因组编辑的Type V‑A型anti‑CRISPR蛋白及其应用。本发明要解决的技术问题是提供一种可用于植物编辑系统的anti‑CRISPR(Acr)蛋白。本发明的技术方案是适用于植物基因组编辑的Type V‑A型anti‑CRISPR蛋白，anti‑CRISPR蛋白为氨基酸序列如SEQ ID No.1所示AcrVA1。本发明还提供了一种Mb2Cas12a植物基因组编辑系统，包括Mb2Cas12a核酸酶蛋白表达单元、crRNA转录表达单元和anti‑CRISPR蛋白表达单元；anti‑CRISPR蛋白为氨基酸序列如SEQ ID No.1所示AcrVA1。本发明提供了水稻密码子优化的TypeV‑A型anti‑CRISPR蛋白DNA序列，首次在植物中证实共表达anti‑CRISPR蛋白在Mb2Cas12a植物基因组编辑系统中的刹车作用，可以更精确地调控植物基因。",,,,,成都极纬知识产权代理有限公司 51320成都极纬知识产权代理有限公司 51320,,,,
CN401487104,202310175981,China,28.02.2023,116286866,23.06.2023,A,"C12N 15/29
					






C12N 15/84
					






C07K 14/415
					






A01H 5/00
					






A01H 6/46
					








C12N 15/29
					






C12N 15/84
					






C07K 14/415
					






A01H 5/00
					






A01H 6/46
					






View less classifications",FUJIAN AGRICULTURE AND FORESTRY UNIVERSITY福建农林大学,WANG MO王莫LU MINFENG陆民锋SHI HUA时华CHEN JINHUI陈锦惠,,,(EN) Application of rice gene OsFd4 in bacterial blight resistance of rice(ZH) 水稻基因OsFd4在水稻抗白叶枯病中的应用,,"(EN) The invention provides an application of a rice gene OsFd4 in bacterial blight resistance of rice. The nucleotide sequence of an open reading frame of the OsFd4 gene is as shown in SEQ ID NO. 1, and the amino acid sequence coded by the OsFd4 gene is as shown in SEQ ID NO. 2. The rice gene OsFd4 is knocked out by adopting a CRISPR/Cas9 method, and bacterial blight pathogenic bacterium inoculation experiments are respectively carried out on a wild type plant and a mutant knockout plant. Results show that the OsFd4 is knocked out, so that the active oxygen outbreak and callose deposition level of rice plants after treatment of bacterial pathogenic bacteria flagellin oligopeptide is obviously improved, and the resistance of rice to bacterial blight bacteria is further enhanced. At the same time, field plant morphology observation finds that the growth condition of the OsFd4 knockout mutant is normal, and the OsFd4 knockout mutant has no obvious difference compared with a wild type. The result shows that the OsFd4 is a gene for negatively regulating and controlling the resistance to the bacterial blight immunity of the rice. The content of the invention provides an endogenous gene target for improving the rice resistance through a gene editing technology when the field bacterial leaf blight occurs.(ZH) 本发明提供了一种水稻基因OsFd4在水稻抗白叶枯病中的应用。所述OsFd4基因的开放阅读框核苷酸序列如SEQ ID NO.1所示，其编码的氨基酸序列如SEQ ID NO.2所示。本发明采用CRISPR/Cas9的方法对水稻基因OsFd4进行敲除，分别对野生型与敲除突变体植株进行白叶枯病原菌接种实验。结果显示，敲除OsFd4明显提高了水稻植株应对细菌型病原菌鞭毛蛋白短肽处理后的活性氧爆发与胼胝质沉积水平，进而增强了水稻对白叶枯病菌的抗性。同时对田间植株形态观察发现，OsFd4敲除突变体的生长状况正常，与野生型相比没有明显差异。上述结果表明，OsFd4为负调控水稻抗白叶枯病免疫的基因。本发明内容为田间白叶枯病发生时通过基因编辑技术提高水稻抗性提供一种内源基因靶标。","C07K 14/415
					






C12N 15/8205
					






C12N 15/8218
					






C12N 15/8281
					






Y02A 40/146
					








C07K 14/415
					






C12N 15/8205
					






C12N 15/8218
					






C12N 15/8281
					






Y02A 40/146
					






View less classifications",,,,福州元创专利商标代理有限公司 35100福州元创专利商标代理有限公司 35100,,,,
CN417459406,202210571649,China,24.05.2022,117143881,01.12.2023,A,"C12N 15/29
					






C07K 14/415
					






C12N 15/82
					






A01H 5/00
					






A01H 6/46
					








C12N 15/29
					






C07K 14/415
					






C12N 15/82
					






A01H 5/00
					






A01H 6/46
					






View less classifications",NANJING UNIVERSITY南京大学,LU SHAN卢山KONG MENGJUAN孔梦娟JING YUNHE景云鹤HUANG NA黄娜LYU DEXIN吕德新,,,(EN) Application of gene DSF1 and encoded protein thereof in plant drought resisting process(ZH) 基因DSF1及其编码蛋白质在植物抗旱过程中的应用,,"(EN) The invention discloses a novel protein for regulating drought stress tolerance of plants, and particularly relates to application of a rice gene DSF1 (Os03g17140) and an encoded protein thereof in cultivation of a new drought-resistant rice variety. The gene has obvious response to rice drought stress treatment, and can regulate and control the tolerance of rice to drought stress. The DSF1 gene promoter sequence is analyzed to find that the gene promoter sequence contains three plant hormone abscisic acid (ABA) response elements ABRE, which indicates that the gene possibly participates in an ABA signal channel so as to regulate and control the response of rice to abiotic stress, and has great potential application value in the aspect of rice stress resistance. According to the present invention, the rice gene DSF1 function is silenced by using the CRISPR/Cas9 technology, such that the mutant can improve the drought stress tolerance of rice; by silencing the function of the DSF1 gene in the rice, a new drought-resistant transgenic variety of the rice can be obtained, and a theoretical basis is provided for cultivating new drought-resistant transgenic crop varieties.(ZH) 本发明发现了一个调节植物对干旱胁迫耐受性的新蛋白，具体涉及水稻基因DSF1(Os03g17140)及其编码蛋白质在培育水稻耐旱新品种方面的应用。该基因对水稻干旱胁迫处理存在明显响应，可调控水稻对干旱胁迫的耐受性。本发明通过对DSF1基因启动子序列分析发现，该基因启动子序列含有三个植物激素脱落酸(abscisic acid，ABA)响应元件ABRE，说明该基因可能参与ABA信号通路从而调控水稻对非生物胁迫的响应，在水稻抗逆方面具有很大的潜在应用价值。发明人通过CRISPR/Cas9技术对水稻基因DSF1功能进行沉默，发现突变体提高了水稻对干旱胁迫的耐受性。通过将水稻中DSF1基因功能沉默，可以获得水稻耐旱转基因新品种，本发明为培育抗旱转基因作物新品种提供了理论基础。","C07K 14/415
					






C12N 15/8273
					






C12N 15/8293
					






C12N 15/8218
					








C07K 14/415
					






C12N 15/8273
					






C12N 15/8293
					






C12N 15/8218
					






View less classifications",,,,,,,,
CN436029312,202410509878,China,26.04.2024,118291526,05.07.2024,B,"C12N 15/82
					






C07K 14/415
					






C12N 15/29
					






C12N 15/84
					






A01H 5/00
					






A01H 6/46
					








C12N 15/82
					






C07K 14/415
					






C12N 15/29
					






C12N 15/84
					






A01H 5/00
					






A01H 6/46
					






View less classifications",HUBEI ACADEMY OF AGRICULTURAL SCIENCES INSTITUTE OF FOOD CROPS湖北省农业科学院粮食作物研究所HUAZHONG AGRICULTURAL UNIVERSITY华中农业大学,HU LIANG胡亮YANG DABING杨大兵WANG HONGBO王红波DU XUESHU杜雪树LI JINBO李进波WAN BINGLIANG万丙良XIA MINGYUAN夏明元QI HUAXIONG戚华雄MOU TONGMIN牟同敏WU YAN吴艳,,,(EN) Application of knockout OsNAC95 gene in forward regulation of brown planthopper resistance of rice(ZH) 敲除OsNAC95基因在正向调控水稻抗褐飞虱中的应用,,"(EN) The invention relates to the technical field of biological genetic engineering, in particular to application of knockout of OsNAC95 gene in forward regulation of brown planthopper resistance of rice. In the embodiment of the invention, an OsNAC95 gene in receptor rice is edited by virtue of a CRISPR/Cas9 gene editing technology, so that a transgenic plant OsNAC95-Cas edited by the OsNAC95 gene is obtained. And carrying out brown planthopper resistance identification on T2-generation homozygous transgenic plants by adopting a seedling stage group method. Compared with a transgenic receptor parent B1415 (a control group, a Bph14/Bph15 polymeric line taking Wushan Miao as a recurrent parent, recorded as B1415, similarly hereinafter), the OsNAC95-Cas is more resistant to insects, and it is proved that OsNAC95 is related to the resistance of rice to brown planthoppers and can be used for creating new rice brown planthopper resistant germplasm.(ZH) 本发明涉及生物基因工程技术领域，特别是涉及敲除OsNAC95基因在正向调控水稻抗褐飞虱中的应用。本发明实施例中通过CRISPR/Cas9基因编辑技术，对受体水稻中的OsNAC95基因进行编辑，获得OsNAC95基因编辑的转基因植株OsNAC95‑Cas。采用苗期集团法，对T<subgt;2</subgt;代纯合转基因植株进行了褐飞虱抗性鉴定。与转基因受体亲本B1415(对照组，以五山丝苗为轮回亲本的Bph14/Bph15聚合系，记作B1415，下同)相比，OsNAC95‑Cas更加抗虫，证实OsNAC95与水稻对褐飞虱的抗性相关，可用于创制水稻褐飞虱抗性新种质。","C12N 15/8286
					






C12N 15/8205
					






C12N 15/8218
					






C07K 14/415
					








C12N 15/8286
					






C12N 15/8205
					






C12N 15/8218
					






C07K 14/415
					






View less classifications",118291526,24.12.2024,,北京维创华成知识产权代理事务所(普通合伙) 16094,,,,
US321200541,16623659,United States of America,20.11.2017,20210095308,01.04.2021,A1,"C12N 15/82
					






C12Q 1/686
					






C12Q 1/6895
					








C12N 15/82
					






C12Q 1/686
					






C12Q 1/6895
					






View less classifications","BEIJING ACADEMY OF AGRICULTURE AND FORESTRY SCIENCESInstitute of Genetics and Developmental Biology, Chinese Academy of Sciences",Changbao LIMinmin DUChuanyou LILei DENGMing ZHOUChanglong WEN,201710514085.9 29.06.2017 CN,,(EN) A METHOD FOR CREATING MALE STERILE LINE OF TOMATO THROUGH GENOME EDITING AND APPLICATION THEREOF,,"(EN) 
The present invention uses the CRISPR/Cas9 genome editing technology to rapidly create a male sterile line of tomato and application thereof, The present invention uses the CRISPR/Cas9 genome editing technology to edit the Solyc03g053130 gene of tomato, and then obtains a male sterile mutant which is homozygous and does not contain the CAS9 transgene by self-crossing. The present invention also discloses a method for assisting in identification of a male sterile plant, which is to detect the genotype of SNP1606 in the Solyc03g053130 gene in the genome of tomato, and if the genotype of SNP1606 of the genome of the tomato to be tested is homozygous T/T, the tomato to be tested is a male sterile plant or is a candidate male sterile plant. The male sterile line of tomato and the method for detecting male sterile plants created by the present invention can be applied to other tomato strains, and have great application prospect and economic value in breeding.","C12N 15/8213
					






C12N 15/8289
					






C12Q 2600/156
					






C12Q 1/6895
					






C12Q 2600/13
					






C12Q 1/686
					








C12N 15/8213
					






C12N 15/8289
					






C12Q 2600/156
					






C12Q 1/6895
					






C12Q 2600/13
					






C12Q 1/686
					






View less classifications",,,"CN109207505

WO/2019/000806",,,,,
US367935124,17595469,United States of America,22.05.2019,20220213499,07.07.2022,B2,"C12N 15/82
					






C12N 9/22
					








C12N 15/82
					






C12N 9/22
					






View less classifications",PIONEER OVERSEAS CORPORATIONSINOBIOWAY BIO-AGRICULTURE GROUP CO. LTD.,Guihua LuGuokui WangGuanfan MaoChanggui WangRongrong JiaoYu ZhangGuangwu ChenJiantao Wang,,,(EN) Abiotic stress tolerant plants and methods,,"(EN) 
Provided are suppression DNA constructs and CRISPR/Cas9 DNA constructs that are useful for conferring improved drought tolerance, yield, and/or nitrogen stress tolerance in a plant. Also provided are genome edited plants, or plants expressing a suppression DNA construct, having improved drought tolerance, yield and/nitrogen stress tolerance. Further provided are methods for improving drought tolerance, yield, and/or nitrogen stress tolerance by introducing a genome edit in a plant or expressing a suppression DNA construct in a plant.","C12N 9/22
					






C12N 15/8273
					






C12N 15/8213
					






C12N 15/8218
					






C12N 15/8261
					








C12N 9/22
					






C12N 15/8273
					






C12N 15/8213
					






C12N 15/8218
					






C12N 15/8261
					






View less classifications",12157894,03.12.2024,"WO/2020/232660

CN114245823",,,,,
CN431139955,202410176832,China,08.02.2024,118127074,04.06.2024,A,"C12N 15/84
					






C07K 14/415
					






C12N 15/29
					






C12N 1/21
					






A01H 5/00
					






A01H 6/00
					






View more classifications
							






C12N 15/84
					






C07K 14/415
					






C12N 15/29
					






C12N 1/21
					






A01H 5/00
					






A01H 6/00
					






C12R 1/01
					






View less classifications",BEIJING FORESTRY UNIVERSITY北京林业大学,LIAN NA连娜WANG XINWEI王鑫伟LIN JINXING林金星WANG SHENGJIE王胜杰ZHANG CHAOCHAO张超超,,,(EN) Application of PtrPCaP1a protein and related biological materials thereof in regulating and controlling salt resistance of plants(ZH) PtrPCaP1a蛋白及其相关生物材料在调控植物抗盐性中的应用,,"(EN) The invention discloses application of PtrPCaP1a protein and related biological materials thereof in regulation and control of salt resistance of plants, and relates to the technical field of genetic engineering and genetic breeding. The PtrPCaP1a gene in the poplar is subjected to CRISPR/Cas9 gene editing site design and related carrier construction; introducing the constructed gene editing vector into the poplar; identifying and screening strains successfully subjected to PtrPCaP1a gene editing in the poplar to obtain gene editing plants. The homozygous gene edited plant is the plant with the salt-resistant phenotype. The invention also protects a poplar breeding method which comprises the following steps: inhibiting the expression of the PtrPCaP1a gene in the poplar so as to obtain the poplar with salt-resistant phenotype. The method has important significance in the aspects of directional breeding of salt-resistant characters of important tree species such as poplars, improvement of breeding efficiency and the like, and has extremely high commercial value and scientific research value.(ZH) 本发明公开了PtrPCaP1a蛋白及其相关生物材料在调控植物抗盐性中的应用，涉及基因工程及遗传育种技术领域。对杨树中的PtrPCaP1a基因进行CRISPR/Cas9基因编辑位点的设计及相关载体的构建；将构建好的基因编辑载体导入杨树中；鉴定并筛选杨树中成功发生PtrPCaP1a基因编辑的株系，得到基因编辑植株。纯合型基因编辑植株即为具有抗盐表型的植株。本发明还保护一种杨树育种方法，包括如下步骤：抑制杨树中PtrPCaP1a基因的表达，从而得到具有抗盐表型的杨树。本发明对于杨树等重要树种抗盐性状的定向选育、提高育种效率等方面具有重要意义，具有极高的商业价值及科研价值。","C12N 15/8273
					






C12N 15/8261
					






C07K 14/415
					








C12N 15/8273
					






C12N 15/8261
					






C07K 14/415
					






View less classifications",,,,北京纪凯知识产权代理有限公司 11245,,,,
CN282845237,201911164309,China,25.11.2019,110699363,17.01.2020,B,"C12N 15/29
					






C07K 14/415
					






C12N 15/84
					






A01H 5/00
					






A01H 5/10
					






A01H 6/46
					








C12N 15/29
					






C07K 14/415
					






C12N 15/84
					






A01H 5/00
					






A01H 5/10
					






A01H 6/46
					






View less classifications","INSTITUTE OF CROP SCIENCE, CHINESE ACADEMY OF AGRICULTURAL SCIENCES中国农业科学院作物科学研究所",ZHOU YONGLI周永力LI QUANLIN李全林SHI XIAORONG史晓荣LU JIALING卢家玲,,,(EN) Rice retrotransposon gene LOC_Os11g45295 and encoding protein and application thereof(ZH) 水稻反转座子基因LOC_Os11g45295及其编码蛋白与应用,,"(EN) The invention discloses a rice retrotransposon gene LOC_Os11g45295 and an encoding protein and application thereof. The invention discovers application of the rice retrotransposon gene LOC_Os11g45295and the encoding protein thereof to regulation and control of plant disease resistance, and by destroying the biological functions of the encoding protein of the LOC_Os11g45295 gene, resistance of therice to xanthomonas oryzae can be significantly improved. A CRISPR/Cas9 technology is utilized to realize efficient fixed-point knockout of the LOC_Os11g45295 gene, and after rice subjected to fixed-point knockout is inoculated with xanthomonas oryzae IV, KS-6-6 and PXO61, the length of a speck is significantly decreased. The new functions of the LOC_Os11g45295 gene provide a new method for disease resistance breeding of plants, and the LOC_Os11g45295 gene has the very important application value in agricultural production.(ZH) 本发明公开了水稻反转座子基因LOC_Os11g45295及其编码蛋白与应用。本发明发现水稻反转座子基因LOC_Os11g45295及其编码蛋白在调控植物抗病性中的应用，通过破坏LOC_Os11g45295基因的编码蛋白的生物学功能能够显著提高水稻对白叶枯病的抗性。本发明利用CRISPR/Cas9技术实现了高效的LOC_Os11g45295基因定点敲除，定点敲除水稻接种白叶枯病菌IV、KS‑6‑6和PXO61后，病斑长度显著缩短。本发明提供的LOC_Os11g45295基因的新功能为植物抗病育种提供了新方法，在农业生产上具有十分重要的应用价值。","C07K 14/415
					






C12N 15/8218
					






C12N 15/8281
					








C07K 14/415
					






C12N 15/8218
					






C12N 15/8281
					






View less classifications",110699363,17.05.2022,,北京纪凯知识产权代理有限公司 11245,,,,
EP394355057,21729915,European Patent Office,18.05.2021,4153754,29.03.2023,A1,"C12N 15/82
					








C12N 15/82
					






View less classifications",UNIV OXFORD INNOVATION LTD,HENDRON ROSSLOPEZ-PEREZ ENRIQUEKELLY STEVEN,202007526 20.05.2020 GB,,(DE) ERHÖHUNG DER PRODUKTIVITÄT IN C3-PFLANZEN(EN) ENHANCEMENT OF PRODUCTIVITY IN C3 PLANTS(FR) AMÉLIORATION DE LA PRODUCTIVITÉ DANS LES PLANTES C3,"View all
							



AL, AT, BA, BE, BG, CH, CY, CZ, DE, DK, EE, ES, FI, FR, GB, GR, HR, HU, IE, IS, IT, LI, LT, LU, LV, MC, ME, MK, MT, NL, NO, PL, PT, RO, RS, SE, SI, SK, SM, TR
				

Hide all","(EN) Vascular sheath tissue-specific expression of phytochrome B or variants thereof in C3 plants increases photosynthesis rate and/or introduces a carbon refixation mechanism. The heritable genetic material of a C3 plant cell is altered such that one copy of phytochrome B, or active variant or functional fragment thereof is expressed specifically in vascular sheath cells. Whole plants are regenerated from these genetically altered plant cells. Alternatively, a Crispr modification of a native phytochrome locus in a plant cell is used to insert a vascular sheath-specific regulatory element, e.g. promoter or enhancer element, so that phytochrome B is expressed in vascular sheath cells of a regenerated whole plant. Genetically altered whole plants have increased yield-related traits, e.g. increased seed yield, resulting from the enhancement of photosynthesis and/or introduction of a carbon refixation mechanism.(FR) L'expression spécifique au tissu de la gaine vasculaire du phytochrome B ou de ses variants chez les plantes C3 augmente le taux de photosynthèse et/ou introduit un mécanisme de refixation du carbone. Le matériel génétique héréditaire d'une cellule végétale C3 est modifié de telle sorte qu'une copie du phytochrome B, ou d'un variant actif ou d'un fragment fonctionnel de celui-ci, est exprimée spécifiquement dans les cellules de la gaine vasculaire. Les plantes entières sont régénérées à partir de ces cellules végétales génétiquement modifiées. En variante, une modification par CRISPR d'un locus de phytochrome natif dans une cellule végétale est utilisée pour insérer un élément régulateur spécifique de la gaine vasculaire, par exemple un élément promoteur ou amplificateur, de sorte que le phytochrome B soit exprimé dans les cellules de la gaine vasculaire d'une plante entière régénérée. Les plantes entières génétiquement modifiées présentent des caractéristiques de rendement accrues, par exemple un rendement accru en graines, résultant de l'amélioration de la photosynthèse et/ou de l'introduction d'un mécanisme de refixation du carbone.","C12N 15/8269
					






Y02A 40/146
					






C07K 14/415
					






C12N 15/8225
					








C12N 15/8269
					






Y02A 40/146
					






C07K 14/415
					






C12N 15/8225
					






View less classifications",,,"WO/2021/234370

AU2021274120

BR112022023522

CA3178261

CN116157526

JP2023531153

US20230279419

BRGB2021051195

AR122124

IN202227066024",,,,,
CA390621213,3178261,Canada,18.05.2021,3178261,25.11.2021,A1,"C12N 15/82
					








C12N 15/82
					






View less classifications",OXFORD UNIVERSITY INNOVATION LIMITED,"HENDRON, ROSSLOPEZ-JUEZ, ENRIQUEKELLY, STEVEN",2007526.3 20.05.2020 GB,,(EN) ENHANCEMENT OF PRODUCTIVITY IN C3 PLANTS(FR) AMELIORATION DE LA PRODUCTIVITE DANS LES PLANTES C3,,"(EN) Vascular sheath tissue-specific expression of phytochrome B or variants thereof in C3 plants increases photosynthesis rate and/or introduces a carbon refixation mechanism. The heritable genetic material of a C3 plant cell is altered such that one copy of phytochrome B, or active variant or functional fragment thereof is expressed specifically in vascular sheath cells. Whole plants are regenerated from these genetically altered plant cells. Alternatively, a Crispr modification of a native phytochrome locus in a plant cell is used to insert a vascular sheath-specific regulatory element, e.g. promoter or enhancer element, so that phytochrome B is expressed in vascular sheath cells of a regenerated whole plant. Genetically altered whole plants have increased yield-related traits, e.g. increased seed yield, resulting from the enhancement of photosynthesis and/or introduction of a carbon refixation mechanism.(FR) L'expression spécifique au tissu de la gaine vasculaire du phytochrome B ou de ses variants chez les plantes C3 augmente le taux de photosynthèse et/ou introduit un mécanisme de refixation du carbone. Le matériel génétique héréditaire d'une cellule végétale C3 est modifié de telle sorte qu'une copie du phytochrome B, ou d'un variant actif ou d'un fragment fonctionnel de celui-ci, est exprimée spécifiquement dans les cellules de la gaine vasculaire. Les plantes entières sont régénérées à partir de ces cellules végétales génétiquement modifiées. En variante, une modification par CRISPR d'un locus de phytochrome natif dans une cellule végétale est utilisée pour insérer un élément régulateur spécifique de la gaine vasculaire, par exemple un élément promoteur ou amplificateur, de sorte que le phytochrome B soit exprimé dans les cellules de la gaine vasculaire d'une plante entière régénérée. Les plantes entières génétiquement modifiées présentent des caractéristiques de rendement accrues, par exemple un rendement accru en graines, résultant de l'amélioration de la photosynthèse et/ou de l'introduction d'un mécanisme de refixation du carbone.","C12N 15/8269
					






Y02A 40/146
					






C07K 14/415
					






C12N 15/8225
					








C12N 15/8269
					






Y02A 40/146
					






C07K 14/415
					






C12N 15/8225
					






View less classifications",,,"WO/2021/234370

AU2021274120

BR112022023522

EP4153754

CN116157526

JP2023531153

US20230279419

BRGB2021051195

AR122124

IN202227066024",,,,,
CN323586860,202110141115,China,01.02.2021,112707956,27.04.2021,B,"C07K 14/415
					






C12N 15/29
					






C12N 15/82
					






A01H 5/00
					






A01H 6/46
					








C07K 14/415
					






C12N 15/29
					






C12N 15/82
					






A01H 5/00
					






A01H 6/46
					






View less classifications","INSTITUTE OF CROP SCIENCE, CHINESE ACADEMY OF AGRICULTURAL SCIENCES中国农业科学院作物科学研究所",WANG TIANYU王天宇AN YIXIN安怡昕LI YONGXIANG李永祥LI CHUNHUI李春辉ZHANG DENGFENG张登峰LIU XUYANG刘旭洋SONG YANCHUN宋燕春SHI YUNSU石云素LI YU黎裕,,,(EN) Corncob row number related protein and encoding gene and application thereof(ZH) 一种玉米穗行数相关蛋白及其编码基因和应用,,"(EN) The invention belongs to the technical field of biology, discloses a corncob row number related protein and an encoding gene and application thereof, and particularly discloses a corn protein Zm00001d016075 with an amino acid sequence as shown in SEQ ID No. 1 and application of the encoding gene thereof in increasing the corncob row number. Based on the CRISPR/Cas9 technology, the corn plant with significantly increased ear row number is obtained by knocking out the coding gene of the Zm00001d016075 protein in the corn, the purpose of yield increase is achieved, a more accurate, efficient, time-saving, labor-saving, safe and exogenous DNA insertion-free technical method is provided for creation of corn mutant plants and/or corn breeding, and the potential breeding value is achieved.(ZH) 本发明属于生物技术领域，公开了一种玉米穗行数相关蛋白及其编码基因和应用，具体地公开了氨基酸序列是SEQ ID No.1的玉米蛋白质Zm00001d016075及其编码基因在提高玉米穗行数中的应用。本发明基于CRISPR/Cas9技术，通过敲除玉米中Zm00001d016075蛋白质的编码基因，来获得穗行数显著增加的玉米植株，达到增产的目的，为创制玉米突变体植株和/或玉米育种提供了更精准、高效、省时、省力、安全，无外源DNA插入的技术方法，具有潜在的育种价值。","C07K 14/415
					






C12N 15/8261
					








C07K 14/415
					






C12N 15/8261
					






View less classifications",112707956,19.04.2022,,北京纪凯知识产权代理有限公司 11245,,,,
CN436511516,202410510078,China,26.04.2024,118374538,23.07.2024,B,"C12N 15/82
					






C12N 15/84
					






C07K 14/415
					






C12N 15/29
					






A01H 5/00
					






A01H 6/46
					








C12N 15/82
					






C12N 15/84
					






C07K 14/415
					






C12N 15/29
					






A01H 5/00
					






A01H 6/46
					






View less classifications",HUBEI ACADEMY OF AGRICULTURAL SCIENCES INSTITUTE OF FOOD CROPS湖北省农业科学院粮食作物研究所HUAZHONG AGRICULTURAL UNIVERSITY华中农业大学,HU LIANG胡亮WU YAN吴艳YANG DABING杨大兵WANG HONGBO王红波DU XUESHU杜雪树LI JINBO李进波WAN BINGLIANG万丙良XIA MINGYUAN夏明元QI HUAXIONG戚华雄MOU TONGMIN牟同敏,,,(EN) Application of knockout OsLTPL163 gene in forward regulation of brown planthopper resistance of rice(ZH) 敲除OsLTPL163基因在正向调控水稻抗褐飞虱中的应用,,"(EN) The invention relates to the technical field of biological genetic engineering, in particular to application of knockout of OsLTPL163 gene in forward regulation of brown planthopper resistance of rice. In the embodiment of the invention, the gene OsLTPL163 in the receptor rice is edited by virtue of a CRISPR/Cas9 gene editing technology, so that a transgenic plant OsLTPL163-Cas edited by the gene OsLTPL163 is obtained. And carrying out brown planthopper resistance identification on T2-generation homozygous transgenic plants by adopting a seedling stage group method. Compared with a transgenic receptor parent B1415 (a control group, a Bph14/Bph15 polymeric line taking Wushan Miao as a recurrent parent, recorded as B1415, similarly hereinafter), the OsLTPL163-Cas is more resistant to insects, and it is proved that the OsLTPL163 is related to the resistance of rice to brown planthoppers and can be used for creating new rice brown planthopper resistant germplasm.(ZH) 本发明涉及生物基因工程技术领域，特别是涉及敲除OsLTPL163基因在正向调控水稻抗褐飞虱中的应用。本发明实施例中通过CRISPR/Cas9基因编辑技术，对受体水稻中的OsLTPL163基因进行编辑，获得OsLTPL163基因编辑的转基因植株OsLTPL163‑Cas。采用苗期集团法，对T<subgt;2</subgt;代纯合转基因植株进行了褐飞虱抗性鉴定。与转基因受体亲本B1415(对照组，以五山丝苗为轮回亲本的Bph14/Bph15聚合系，记作B1415，下同)相比，OsLTPL163‑Cas更加抗虫，证实OsLTPL163与水稻对褐飞虱的抗性相关，可用于创制水稻褐飞虱抗性新种质。","C12N 15/8286
					






C12N 15/8205
					






C12N 15/8218
					






C07K 14/415
					






Y02A 40/146
					








C12N 15/8286
					






C12N 15/8205
					






C12N 15/8218
					






C07K 14/415
					






Y02A 40/146
					






View less classifications",118374538,15.10.2024,,北京维创华成知识产权代理事务所(普通合伙) 16094,,,,
CN399165580,202180059440,China,18.05.2021,116157526,23.05.2023,A,"C12N 15/82
					








C12N 15/82
					






View less classifications",OXFORD UNIVERSITY INNOVATION LIMITED牛津大学创新有限公司,HUNTON RUSSR·亨顿LOPEZ-PEREZ EDUARDOE·洛佩兹-佩雷兹KELLY SEANS·凯莉,2007526.3 20.05.2020 GB,,(EN) Increasing productivity of C3 plants(ZH) 提高C3植物的生产率,,"(EN) In C3 plants, vascular sheath tissue-specific expression of phytochrome B or a variant thereof can increase the rate of photosynthesis and/or introduce a carbon refixation mechanism. Genetable genetic materials of C3 plant cells are altered such that a copy of phytochrome B or an active variant or functional fragment thereof is specifically expressed in vascular sheath cells. The whole plant is regenerated from the plant cells with the changed genes. Alternatively, a natural phytochrome locus in a plant cell is subjected to Crispr modification for insertion of a vascular sheath specific regulatory element, such as a promoter or enhancer element, such that phytochrome B is expressed in the vascular sheath cells of the regenerated whole plant. Genetically altered whole plants have yield-related traits, such as an increase in seed yield, due to enhanced photosynthesis and/or the introduction of a carbon refixation mechanism.(ZH) 在C3植物中，光敏色素B或其变体的维管鞘组织特异性表达可以提高光合作用速率和/或引入碳再固定机制。C<subgt;3</subgt;植物细胞的可遗传的基因物质被改变，使光敏色素B或其活性变体或功能片段的一个拷贝在维管鞘细胞中特异性表达。整株植物是由这些基因改变的植物细胞再生出来的。替代地，对植物细胞中的天然光敏色素基因座进行Crispr修饰，用于插入维管鞘特异性调控元件，例如启动子或增强子元件，从而使光敏色素B在再生的整株植物的维管鞘细胞中表达。经基因改变的整株植物具有与产量有关的性状，例如种子产量的增加，这是由于光合作用的增强和/或碳再固定机制的引入。","C12N 15/8269
					






Y02A 40/146
					






C07K 14/415
					






C12N 15/8225
					








C12N 15/8269
					






Y02A 40/146
					






C07K 14/415
					






C12N 15/8225
					






View less classifications",,,"WO/2021/234370

AU2021274120

BR112022023522

CA3178261

EP4153754

JP2023531153

US20230279419

BRGB2021051195

AR122124

IN202227066024",北京华睿卓成知识产权代理事务所(普通合伙) 11436北京华睿卓成知识产权代理事务所(普通合伙) 11436,,,,
CN289088099,201911164723,China,25.11.2019,110791487,14.02.2020,B,"C12N 9/12
					






C12N 15/54
					






C12N 15/113
					






C12N 15/82
					






A01H 5/00
					






A01H 6/46
					








C12N 9/12
					






C12N 15/54
					






C12N 15/113
					






C12N 15/82
					






A01H 5/00
					






A01H 6/46
					






View less classifications","INSTITUTE OF GENETICS AND DEVELOPMENTAL BIOLOGY, CHINESE ACADEMY OF SCIENCES中国科学院遗传与发育生物学研究所INSTITUTE OF CROP SCIENCE, CHINESE ACADEMY OF AGRICULTURAL SCIENCES中国农业科学院作物科学研究所",ZHAI WENXUE翟文学ZHOU YONGLI周永力LI QUANLIN李全林SHI XIAORONG史晓荣LU JIALING卢家玲,,,(EN) Rice receptor kinase gene LOC_Os11g47290 as well as its encoded protein and application thereof(ZH) 水稻受体激酶基因LOC_Os11g47290及其编码蛋白与应用,,"(EN) The invention discloses a rice receptor kinase gene LOC_Os11g47290 as well as an encoded protein and an application thereof. According to the application of the rice receptor kinase gene LOC_Os11g47290 and the encoded protein thereof in regulation and control of plant disease resistance, the resistance of rice to bacterial blight can be remarkably improved by destroying the biological function ofthe encoded protein of the LOC_Os11g47290 gene. The efficient LOC_Os11g47290 gene fixed-point knockout is realized by using a CRISPR/Cas9 technology, and after the rice is inoculated with bacterial blight bacteria GD1358 and V, the scab length is obviously shortened. The new function of the LOC_Os11g47290 gene provided by the invention provides a new method for disease-resistant breeding of plants, and the LOC_Os11g47290 gene has very important application value in agricultural production.(ZH) 本发明公开了水稻受体激酶基因LOC_Os11g47290及其编码蛋白与应用。本发明发现水稻受体激酶基因LOC_Os11g47290及其编码蛋白在调控植物抗病性中的应用，通过破坏LOC_Os11g47290基因的编码蛋白的生物学功能能够显著提高水稻对白叶枯病的抗性。本发明利用CRISPR/Cas9技术实现了高效的LOC_Os11g47290基因定点敲除，定点敲除水稻接种白叶枯病菌GD1358和V后，病斑长度显著缩短。本发明提供的LOC_Os11g47290基因的新功能为植物抗病育种提供了新方法，在农业生产上具有十分重要的应用价值。","C12N 9/12
					






C12N 15/113
					






C12N 15/8218
					






C12N 15/8281
					






C12N 2310/20
					








C12N 9/12
					






C12N 15/113
					






C12N 15/8218
					






C12N 15/8281
					






C12N 2310/20
					






View less classifications",110791487,24.05.2022,,北京纪凯知识产权代理有限公司 11245,,,,
CN436041086,202410509876,China,26.04.2024,118291493,05.07.2024,A,"C12N 15/53
					






C12N 9/08
					






C12N 15/82
					






C12N 15/84
					






A01H 5/00
					






A01H 6/46
					








C12N 15/53
					






C12N 9/08
					






C12N 15/82
					






C12N 15/84
					






A01H 5/00
					






A01H 6/46
					






View less classifications",HUBEI ACADEMY OF AGRICULTURAL SCIENCES INSTITUTE OF FOOD CROPS湖北省农业科学院粮食作物研究所HUAZHONG AGRICULTURAL UNIVERSITY华中农业大学,HU LIANG胡亮YANG DABING杨大兵WANG HONGBO王红波DU XUESHU杜雪树LI JINBO李进波WAN BINGLIANG万丙良XIA MINGYUAN夏明元QI HUAXIONG戚华雄MOU TONGMIN牟同敏WU YAN吴艳,,,(EN) OsPOX8.1 gene and application thereof in regulation and control of brown planthopper resistance of rice(ZH) 一种OsPOX8.1基因及其在调控水稻抗褐飞虱中的应用,,"(EN) The invention relates to the technical field of biological genetic engineering, in particular to an OsPOX8.1 gene and application thereof in regulation and control of brown planthopper resistance of rice. In the embodiment of the invention, the gene OsPOX8.1 in the receptor rice is edited by virtue of a CRISPR/Cas9 gene editing technology, so that a transgenic plant OsPOX8.1-Cas edited by the gene OsPOX8.1 is obtained. And carrying out brown planthopper resistance identification on T2-generation homozygous transgenic plants by adopting a seedling stage group method. Compared with a transgenic receptor parent B1415 (a control group, a Bph14/Bph15 polymeric line taking Wushan Miao as a recurrent parent, recorded as B1415, similarly hereinafter), the OsPOX8.1-Cas is more susceptible to insects, and it is proved that OsPOX8.1 is related to the resistance of rice to brown planthoppers and can be used for creating new rice brown planthopper resistant germplasm.(ZH) 本发明涉及生物基因工程技术领域，特别是涉及一种OsPOX8.1基因及其在调控水稻抗褐飞虱中的应用。本发明实施例中通过CRISPR/Cas9基因编辑技术，对受体水稻中的OsPOX8.1基因进行编辑，获得OsPOX8.1基因编辑的转基因植株OsPOX8.1‑Cas。采用苗期集团法，对T<subgt;2</subgt;代纯合转基因植株进行了褐飞虱抗性鉴定。与转基因受体亲本B1415(对照组，以五山丝苗为轮回亲本的Bph14/Bph15聚合系，记作B1415，下同)相比，OsPOX8.1‑Cas更加感虫，证实OsPOX8.1与水稻对褐飞虱的抗性相关，可用于创制水稻褐飞虱抗性新种质。","C12N 9/0065
					






C12Y 111/01
					






C12N 15/8286
					






C12N 15/8205
					






C12N 15/8218
					








C12N 9/0065
					






C12Y 111/01
					






C12N 15/8286
					






C12N 15/8205
					






C12N 15/8218
					






View less classifications",,,,北京维创华成知识产权代理事务所(普通合伙) 16094,,,,
CA279053031,3062976,Canada,,3062976,15.11.2018,A1,"A01H 5/00
					






C12N 9/22
					






C12N 15/52
					






C12N 15/82
					








A01H 5/00
					






C12N 9/22
					






C12N 15/52
					






C12N 15/82
					






View less classifications","CHINA AGRICULTURAL UNIVERSITYINSTITUTE OF GENETICS AND DEVELOPMENTAL BIOLOGY, CHINESE ACADEMY OF SCIENCES","GAO, CAIXIAJIANG, LINJIAN",201710329242.9 11.05.2017 CN,,(EN) CREATION OF HERBICIDE RESISTANT GENE AND USE THEREOF(FR) CREATION D'UN GENE RESISTANT AUX HERBICIDES ET UTILISATION DE CELUI-CI,,"(EN) Provided is a method for creating herbicide resistant plant by CRISPR/Cas9 system. A method for screening endogenous gene mutation sites capable of conferring herbicide resistance in plants and the use of the identified endogenous gene mutation sites in crop breeding are provided too.(FR) L'invention concerne un procédé de création d'une plante résistante aux herbicides par un système CRISPR/Cas9. L'invention concerne également un procédé de criblage de sites de mutation de gène endogène capables de conférer une résistance aux herbicides à des plantes, et l'utilisation des sites de mutation de gène endogène identifiés dans l'amélioration génétique des cultures.","C12N 9/0069
					






C12N 9/1022
					






C12N 9/1092
					






C12N 9/22
					






C12N 9/78
					






C12N 9/93
					






View more classifications
							






C12N 9/0069
					






C12N 9/1022
					






C12N 9/1092
					






C12N 9/22
					






C12N 9/78
					






C12N 9/93
					






C12N 15/8201
					






C12N 15/8274
					






C12Q 1/25
					






C12Q 1/26
					






C12Q 1/48
					






C12Q 1/6895
					






C12Y 113/11027
					






C12Y 202/01006
					






C12Y 205/01019
					






C12Y 604/01002
					






C12Q 2600/13
					






C12Q 2600/156
					






C12N 2810/10
					






G01N 2333/91182
					






G01N 2333/9104
					






G01N 2333/90241
					






G01N 2333/9015
					






C07K 2319/85
					






C12N 15/8213
					






C12N 15/8278
					






C12Y 305/04005
					






A01H 1/06
					






C12N 2310/20
					






C12N 15/113
					






View less classifications",,,"CN108866092

AR111790

AU2018264457

KR1020200008137

EP3622061

EA201992637

BR112019023377

JP2020519310

WO/2018/205995

US20210189416

CN115927437

UAa201911633This application is not viewable in PATENTSCOPE because the national phase entry has not been published yet or the national entry is issued from a country that does not share data with WIPO or there is a formatting issue or an unavailability of the application.

US20220267788",,,,,
EP290831791,18799388,European Patent Office,11.05.2018,3622061,18.03.2020,A4,"C12N 9/22
					






A01H 5/00
					






C12N 15/52
					






C12N 15/82
					








C12N 9/22
					






A01H 5/00
					






C12N 15/52
					






C12N 15/82
					






View less classifications",INST GENETICS & DEVELOPMENTAL BIOLOGY CASUNIV CHINA AGRICULTURAL,GAO CAIXIAJIANG LINJIAN,201710329242 11.05.2017 CN,,(DE) HERSTELLUNG VON HERBIZIDRESISTENTEM GEN UND DESSEN VERWENDUNG(EN) CREATION OF HERBICIDE RESISTANT GENE AND USE THEREOF(FR) CRÉATION D'UN GÈNE RÉSISTANT AUX HERBICIDES ET UTILISATION DE CELUI-CI,,"(EN) Provided is a method for creating herbicide resistant plant by CRISPR/Cas9 system. A method for screening endogenous gene mutation sites capable of conferring herbicide resistance in plants and the use of the identified endogenous gene mutation sites in crop breeding are provided too.(FR) L'invention concerne un procédé de création d'une plante résistante aux herbicides par un système CRISPR/Cas9. L'invention concerne également un procédé de criblage de sites de mutation de gène endogène capables de conférer une résistance aux herbicides à des plantes, et l'utilisation des sites de mutation de gène endogène identifiés dans l'amélioration génétique des cultures.","C12N 9/0069
					






C12N 9/1022
					






C12N 9/1092
					






C12N 9/22
					






C12N 9/78
					






C12N 9/93
					






View more classifications
							






C12N 9/0069
					






C12N 9/1022
					






C12N 9/1092
					






C12N 9/22
					






C12N 9/78
					






C12N 9/93
					






C12N 15/8201
					






C12N 15/8274
					






C12Q 1/25
					






C12Q 1/26
					






C12Q 1/48
					






C12Q 1/6895
					






C12Y 113/11027
					






C12Y 202/01006
					






C12Y 205/01019
					






C12Y 604/01002
					






C12Q 2600/13
					






C12Q 2600/156
					






C12N 2810/10
					






G01N 2333/91182
					






G01N 2333/9104
					






G01N 2333/90241
					






G01N 2333/9015
					






C07K 2319/85
					






C12N 15/8213
					






C12N 15/8278
					






C12Y 305/04005
					






A01H 1/06
					






C12N 2310/20
					






C12N 15/113
					






View less classifications",,,"CN108866092

AR111790

AU2018264457

KR1020200008137

EA201992637

BR112019023377

JP2020519310

WO/2018/205995

US20210189416

CN115927437

CA3062976

UAa201911633This application is not viewable in PATENTSCOPE because the national phase entry has not been published yet or the national entry is issued from a country that does not share data with WIPO or there is a formatting issue or an unavailability of the application.

US20220267788",,,,,"View all
							



AL, AT, BA, BE, BG, CH, CY, CZ, DE, DK, EE, ES, FI, FR, GB, GR, HR, HU, IE, IS, IT, LI, LT, LU, LV, MC, ME, MK, MT, NL, NO, PL, PT, RO, RS, SE, SI, SK, SM, TR
				

Hide all"
,,,,,,,,,,,,,,,,,,,,,,,
,,,,,,,,,,,,,,,,,,,,,,,
,,,,,,,,,,,,,,,,,,,,,,,
,,,,,,,,,,,,,,,,,,,,,,,
,,,,,,,,,,,,,,,,,,,,,,,
,,,,,,,,,,,,,,,,,,,,,,,
,,,,,,,,,,,,,,,,,,,,,,,
,,,,,,,,,,,,,,,,,,,,,,,
,,,,,,,,,,,,,,,,,,,,,,,
,,,,,,,,,,,,,,,,,,,,,,,
,,,,,,,,,,,,,,,,,,,,,,,
,,,,,,,,,,,,,,,,,,,,,,,
,,,,,,,,,,,,,,,,,,,,,,,
,,,,,,,,,,,,,,,,,,,,,,,
,,,,,,,,,,,,,,,,,,,,,,,
,,,,,,,,,,,,,,,,,,,,,,,
,,,,,,,,,,,,,,,,,,,,,,,
,,,,,,,,,,,,,,,,,,,,,,,
,,,,,,,,,,,,,,,,,,,,,,,
,,,,,,,,,,,,,,,,,,,,,,,
,,,,,,,,,,,,,,,,,,,,,,,
,,,,,,,,,,,,,,,,,,,,,,,
,,,,,,,,,,,,,,,,,,,,,,,
,,,,,,,,,,,,,,,,,,,,,,,
,,,,,,,,,,,,,,,,,,,,,,,
,,,,,,,,,,,,,,,,,,,,,,,
,,,,,,,,,,,,,,,,,,,,,,,
,,,,,,,,,,,,,,,,,,,,,,,
,,,,,,,,,,,,,,,,,,,,,,,
,,,,,,,,,,,,,,,,,,,,,,,
,,,,,,,,,,,,,,,,,,,,,,,
,,,,,,,,,,,,,,,,,,,,,,,
,,,,,,,,,,,,,,,,,,,,,,,
,,,,,,,,,,,,,,,,,,,,,,,
,,,,,,,,,,,,,,,,,,,,,,,
,,,,,,,,,,,,,,,,,,,,,,,
,,,,,,,,,,,,,,,,,,,,,,,
,,,,,,,,,,,,,,,,,,,,,,,
,,,,,,,,,,,,,,,,,,,,,,,
,,,,,,,,,,,,,,,,,,,,,,,
,,,,,,,,,,,,,,,,,,,,,,,
,,,,,,,,,,,,,,,,,,,,,,,
,,,,,,,,,,,,,,,,,,,,,,,
,,,,,,,,,,,,,,,,,,,,,,,
,,,,,,,,,,,,,,,,,,,,,,,
,,,,,,,,,,,,,,,,,,,,,,,
,,,,,,,,,,,,,,,,,,,,,,,
,,,,,,,,,,,,,,,,,,,,,,,
,,,,,,,,,,,,,,,,,,,,,,,
,,,,,,,,,,,,,,,,,,,,,,,
,,,,,,,,,,,,,,,,,,,,,,,
,,,,,,,,,,,,,,,,,,,,,,,
,,,,,,,,,,,,,,,,,,,,,,,
CN418698382,202310128189,China,17.02.2023,117264038,22.12.2023,A,"C07K 14/415
					






C12N 15/29
					






C12N 15/84
					






A01H 5/00
					






A01H 6/46
					








C07K 14/415
					






C12N 15/29
					






C12N 15/84
					






A01H 5/00
					






A01H 6/46
					






View less classifications",CHINA AGRICULTURAL UNIVERSITY中国农业大学,CHEN LIMEI陈丽梅WU WEIHUA武维华JIA DONGYUN贾冬云LI XIDONG李希东,,,(EN) ZmMIEL1 and application thereof in cultivating drought-resistant plants(ZH) ZmMIEL1及其在培育抗旱植物中的应用,,"(EN) The invention discloses ZmMIEL1 and application of the ZmMIEL1 in cultivation of drought-resistant plants. The ZmMIEL1 disclosed by the invention is a protein of which the amino acid sequence is a sequence 3 or a sequence 5. The ZmMIEL1 gene is edited through a CRISPR/Cas9 gene editing method, and the growth performance of a mutant corn plant under the drought treatment condition is obviously better than that of a wild type. The relative water content of a mutant plant leaf under a drought condition is obviously higher than that of a control group, and the water loss rate of an in-vitro leaf of a mutant strain under a normal growth condition is obviously lower than that of the control group, so that the drought resistance of the plant can be obviously improved by mutation of the gene. A drought-resistant plant is obtained by editing the ZmMIEL1 gene, compared with a traditional breeding mode, the time is short, the purposiveness is high, a gene resource is provided for cultivating and improving a new variety of the drought-resistant plant, and a theoretical basis is provided for clarification of a molecular mechanism of the ZmMIEL1 in plant drought stress signal response.(ZH) 本发明公开了ZmMIEL1及其在培育抗旱植物中的应用。本发明公开的ZmMIEL1为氨基酸序列是序列3或序列5的蛋白质。本发明通过CRISPR/Cas9基因编辑方法对ZmMIEL1基因进行编辑，干旱处理条件下突变体玉米植株生长表现明显好于野生型。干旱条件下突变体植株叶片相对含水量显著高于对照，且正常生长条件下的突变体株系离体叶片失水速率明显低于对照，说明该基因的突变能够显著提高植物抗旱性。本发明通过编辑ZmMIEL1基因获得了抗旱的植株，与传统育种方式相比时间短，目的性强，为培育和改良抗旱植物新品种提供了基因资源，并为阐明ZmMIEL1在植物干旱逆境信号应答中的分子机制提供了理论依据。",,,,,北京纪凯知识产权代理有限公司 11245,,,,
KR322254252,1020200126742,Republic of Korea,29.09.2020,1020210039306,09.04.2021,A,"C12N 15/82
					






C12N 15/113
					






C12N 9/22
					








C12N 15/82
					






C12N 15/113
					






C12N 9/22
					






View less classifications",대한민국(농촌진흥청장)REPUBLIC OF KOREA(MANAGEMENT : RURAL DEVELOPMENT ADMINISTRATION),PARK SANG RYEOLHAN JUNG HEON박상렬한정헌,1020190121603 01.10.2019 KR,,"(EN) GENE EDITING METHOD USING TRANSGENIC PLANTS EXPRESSING CRISPR/Cas9 AND gRNA, RESPECTIVELY(KO) CRISPR/Cas9과 gRNA 개별 발현 형질전환 식물체를 이용한 유전자 편집 방법",,"(EN) The present invention relates to a method for editing a gene of a plant difficult to transform using a CRISPR/Cas9 expression plant and a gRNA expression plant, and the target gene editing method of the plant of the present invention can edit the target gene in the plant in which transformation is difficult or does not occur, thereby being able to be usefully sued for the development of novel plant materials. COPYRIGHT KIPO 2022(KO) 본 발명은 CRISPR/Cas9 발현 식물체와 gRNA 발현 식물체를 이용하여 형질전환이 어려운 식물체의 유전자를 편집하는 방법에 관한 것으로, 본 발명의 식물체의 목표 유전자 편집 방법은 형질전환이 어렵거나 또는 되지 않는 식물체에서 목표 유전자를 편집할 수 있어 새로운 식물체 소재 개발에 유용하게 활용할 수 있다.","C12N 15/8205
					






C12N 15/113
					






C12N 9/22
					






C12N 2310/20
					








C12N 15/8205
					






C12N 15/113
					






C12N 9/22
					






C12N 2310/20
					






View less classifications",,,,김진동,,,,
CN362108996,202011266390,China,13.11.2020,114478728,13.05.2022,B,"C07K 14/415
					






C12N 15/29
					






C12N 15/113
					






C12N 15/82
					






A01H 5/00
					






A01H 6/54
					








C07K 14/415
					






C12N 15/29
					






C12N 15/113
					






C12N 15/82
					






A01H 5/00
					






A01H 6/54
					






View less classifications",INSTITUTE OF MICROBIOLOGY OF CHINESE ACADEMY OF SCIENCES中国科学院微生物研究所,KONG ZHAOSHENG孔照胜ZHANG XIAXIA张霞霞WANG QI王琪HUANG YIGE黄弋戈WU JINGXIA吴菁霞,,,(EN) Application of nKCBP protein in regulation and control of nitrogen fixation capability of leguminous plants(ZH) nKCBP蛋白在调控豆科植物固氮能力中的应用,,"(EN) The invention discloses application of nKCBP protein in regulation and control of nitrogen fixation capacity of leguminous plants. The amino acid sequence of the nKCBP protein is as shown in SEQ ID No. 2. The inventor of the invention uses a CRISPR/Cas9 technology to edit the nKCBP gene at a fixed point and knock out the medicago truncatula nKCBP gene, so that the plant height and the nitrogen fixation capability are reduced. The invention is very important for researching the efficient nitrogen fixation mechanism of leguminous plants, and provides a new thought for improving the biological nitrogen fixation efficiency. The invention has important application value for plant breeding.(ZH) 本发明公开了nKCBP蛋白在调控豆科植物固氮能力中的应用。nKCBP蛋白的氨基酸序列是SEQ ID No.2所示。本发明的发明人利用CRISPR/Cas9技术定点编辑nKCBP基因，敲除了蒺藜苜蓿nKCBP基因，降低了株高和固氮能力。本发明对研究豆科植物高效固氮机制十分重要，为提高生物固氮效率提供了新思路。本发明对植物育种具有重大的应用价值。","C07K 14/415
					






C12N 15/113
					






C12N 15/8218
					






C12N 15/8261
					






C12N 2310/20
					








C07K 14/415
					






C12N 15/113
					






C12N 15/8218
					






C12N 15/8261
					






C12N 2310/20
					






View less classifications",114478728,21.07.2023,,北京纪凯知识产权代理有限公司 11245,,,,
CN332876948,202110473452,China,29.04.2021,113150096,23.07.2021,B,"C07K 14/415
					






C12N 15/29
					






C12N 15/113
					






C12N 15/84
					






C12N 15/55
					






A01H 5/00
					






View more classifications
							






C07K 14/415
					






C12N 15/29
					






C12N 15/113
					






C12N 15/84
					






C12N 15/55
					






A01H 5/00
					






A01H 5/10
					






A01H 6/46
					






View less classifications","INSTITUTE OF CROP SCIENCE, CHINESE ACADEMY OF AGRICULTURAL SCIENCES中国农业科学院作物科学研究所",LIU CHANGLIN刘昌林XIE CHUANXIAO谢传晓XU YUNBI徐云碧LI XINHAI李新海ZHU JINJIE朱金洁QI XIANTAO祁显涛HUANG CHANGLING黄长玲LI LIANG黎亮,,,(EN) ZmFhb1 protein and application of encoding gene of ZmFhb1 protein in enhancement of resistance to maize ear rot(ZH) ZmFhb1蛋白及其编码基因在提高玉米穗腐病抗性中的应用,,"(EN) The invention relates to the technical field of plant genetic engineering, and specifically relates to ZmFhb1 protein and application of an encoding gene of the ZmFhb1 protein in enhancement of resistance to maize ear rot. The invention firstly finds that resistance of maize to ear rot can be significantly enhanced by inhibiting the expression of the encoding gene of the ZmFhb1 protein. Provided sgRNA and CRISPR/Cas9 knockout vectors can significantly enhance the specific targeting efficiency of CRISPR/Cas9 knockout vectors, so that the knockout efficiency of a maize gene Fhb1 can be enhanced. Meanwhile, maize germplasm resistant to ear rot can be rapidly created by the method, so that influences of the ear rot to maize cultivation can be reduced.(ZH) 本发明涉及植物基因工程技术领域，具体涉及ZmFhb1蛋白及其编码基因在提高玉米穗腐病抗性中的应用。本发明首次发现，通过抑制ZmFhb1蛋白的编码基因的表达，可以显著提高玉米对穗腐病的抗性。本发明所提供的sgRNA和CRISPR/Cas9敲除载体可以显著提高CRISPR/Cas9敲除载体的特异打靶效率，进而有利于提高玉米基因Fhb1基因的敲除效率。同时，按照本发明的方法可以快速创制抗穗腐病的玉米种质，进而能降低该病对玉米种植的影响。","C07K 14/415
					






C12N 15/8218
					






C12N 15/8282
					






C12N 15/8205
					






C12N 9/22
					








C07K 14/415
					






C12N 15/8218
					






C12N 15/8282
					






C12N 15/8205
					






C12N 9/22
					






View less classifications",113150096,12.08.2022,,北京路浩知识产权代理有限公司 11002,,,,
CN427204963,202410149154,China,02.02.2024,117778459,29.03.2024,A,"C12N 15/82
					






C07K 14/415
					






C12N 15/29
					






A01H 5/10
					






A01H 6/46
					








C12N 15/82
					






C07K 14/415
					






C12N 15/29
					






A01H 5/10
					






A01H 6/46
					






View less classifications",CHINA AGRICULTURAL UNIVERSITY中国农业大学,NI ZHONGFU倪中福SUN QIXIN孙其信LIU JING刘静LIU JIE刘杰SONG NA宋娜ZHANG YUFENG张玉峰,,,(EN) Application of wheat TaMFS1 protein and related biological materials thereof in regulation and control of plant grain size and grain weight(ZH) 小麦TaMFS1蛋白及其相关生物材料在调控植物籽粒大小和粒重中的应用,,"(EN) The invention discloses wheat TaMFS1 protein and application of related biological materials of the wheat TaMFS1 protein in regulation and control of plant grain size and grain weight. TaMFS1 genes in wheat A, B and D subgenomes are simultaneously subjected to gene editing through a CRISPR-Cas9 system for the first time, wheat TaMFS1 gene editing plants are obtained, field experiments prove that compared with wild receptor wheat, the TaMFS1 gene editing plants are both increased in seed grain length and thousand grain weight, the wheat TaMFS1 protein and related biological materials can be used for regulating the grain length and thousand grain weight of the plants, and the wheat TaMFS1 protein can be used for regulating the grain length and thousand grain weight of the plants. The method can be applied to plant molecular high-yield breeding and variety improvement in actual production.(ZH) 本发明公开了小麦TaMFS1蛋白及其相关生物材料在调控植物籽粒大小和粒重中的应用。本发明首次通过CRISPR‑Cas9系统同时对小麦A、B和D亚基因组中TaMFS1基因进行基因编辑，获得了小麦TaMFS1基因编辑植株，田间实验证实与野生型受体小麦相比，TaMFS1基因编辑植株的种子粒长和千粒重均增加，小麦TaMFS1蛋白及其相关生物材料可用于调控植株粒长和千粒重，在实际生产中可应用于植物分子高产育种和品种改良。","Y02A 40/146
					








Y02A 40/146
					






View less classifications",,,,北京纪凯知识产权代理有限公司 11245,,,,
CN357970310,202111349102,China,15.11.2021,114277053,05.04.2022,B,"C12N 15/84
					






C12N 15/113
					






C12N 15/29
					






A01H 4/00
					






A01H 5/00
					






A01H 6/46
					








C12N 15/84
					






C12N 15/113
					






C12N 15/29
					






A01H 4/00
					






A01H 5/00
					






A01H 6/46
					






View less classifications",SOUTH CHINA AGRICULTURE UNIVERSITY华南农业大学,ZHUO KAN卓侃HUANG QIULING黄秋玲LIN BAIRONG林柏荣LIAO JINLING廖金铃,,,(EN) Application of rice susceptible gene OsHPP04 in cultivation of root knot nematode disease resistant rice(ZH) 水稻感病基因OsHPP04在培育抗根结线虫病水稻中的应用,,"(EN) The invention discloses an application of a rice susceptible gene OsHPP04 in cultivation of root knot nematode disease resistant rice. According to the invention, a CRISPR/Cas9 gene editing technology is adopted, site-directed mutagenesis of an infected OsHPP04 gene is carried out in rice through an agrobacterium-mediated transgenic system so as to obtain a rice homozygous mutant plant with OsHPP04 function deletion, the homozygous mutant plant is subjected to root-knot nematode resistance determination, and the resistance determination shows that the homozygous mutant plant can significantly improve the resistance of rice root-knot nematode. According to the method, convenient and efficient rice gene editing can be achieved, the resistance of the obtained mutant plant to the root-knot nematode is remarkably improved, the defect that existing rice resistance resources are insufficient is overcome, and the method for improving the root-knot nematode disease resistance by applying fixed-point editing is provided so as to obtain a new root-knot nematode disease resistant rice strain with OsHPP04 function deficiency. And a new germplasm resource and a creation method are provided for breeding of high-quality disease-resistant rice.(ZH) 本发明公开了一种水稻感病基因OsHPP04在培育抗根结线虫病水稻中的应用。本发明采用CRISPR/Cas9基因编辑技术，通过农杆菌介导的转基因体系在水稻中定点突变感病OsHPP04基因，以获得OsHPP04功能缺失的水稻纯合突变植株，将纯合突变植株进行根结线虫的抗性测定，抗性测定表明纯合突变植株能显著提高水稻根结线虫的抗性。本发明方法可以实现方便高效的水稻基因编辑，获得的突变植株对根结线虫的抗性显著提高，克服现有水稻抗性资源不足，提供一种应用定点编辑提高根结线虫病抗性的方法，以获得OsHPP04功能缺失的抗根结线虫病水稻新品系，为优质抗病水稻育种提供了新的种质资源和创制方法。","Y02A 40/146
					








Y02A 40/146
					






View less classifications",114277053,19.03.2024,,广州粤高专利商标代理有限公司 44102,,,,
CN293083776,201911252076,China,09.12.2019,110923231,27.03.2020,B,"C12N 15/113
					






C12N 15/84
					






A01H 4/00
					






A01H 5/00
					






A01H 6/82
					








C12N 15/113
					






C12N 15/84
					






A01H 4/00
					






A01H 5/00
					






A01H 6/82
					






View less classifications",HORTICULTURE INSTITUTE OF XINJIANG ACADEMY OF AGRICULTURAL SCIENCE新疆农业科学院园艺作物研究所,WANG BAIKE王柏柯LI NING李宁WANG JUAN王娟YU QINGHUI余庆辉HUANG SHAOYONG黄少勇,,,(EN) Method for creating tomato material with high fruit solid content by using CRISPR/Cas9 gene editing system(ZH) 一种果实高固形物含量的番茄材料的创制方法,,"(EN) The invention belongs to the field of plant genetic engineering, and particularly discloses a method for creating a tomato material with a high fruit solid content by using a CRISPR/Cas9 gene editingsystem. The method comprises the following steps: (1) carrying out sequence analysis on a gene SIVPE5 which controls tomato solids to determine a specific sgRNA sequence; (2) constructing an expression vector containing sgRNA and Cas9 protein; (3) converting the recombinant vector into tomatoes with a low fruit solid content by an agrobacterium infection method to obtain T0 generation transgenic tomato plants; and (4) planting the T0 generation plants with mutation of the SIVPE5 gene sequence in a greenhouse, performing selfing to obtain T1 generation plants, and screening plants which contains no exogenous transgenic components, is subjected to homozygous mutation at the SIVPE5 gene and has a high fruit solid content from the T1 generation, namely the tomato material with high fruit solidcontent is obtained. The method has the advantages of low cost and short creation period, and the tomato material with high fruit solid content can be obtained within one year. In addition, the tomato material does not contain exogenous genes, and is safe and risk-free.(ZH) 本发明属于植物基因工程领域，具体公开了一种运用CRISPR/Cas9基因编辑系统创制果实高固形物含量的番茄材料的方法。包括步骤：（1）对控制番茄固形物的基因SIVPE5进行序列分析，确定特异的sgRNA序列；（2）构建含有sgRNA和Cas9蛋白的表达载体；（3）利用农杆菌侵染法将重组载体转化到果实低固形物含量的番茄中，获得T0代转基因番茄植株；（4）将SIVPE5基因序列发生突变的T0代植株种植于温室，自交获得T1代植株，从T1代中筛选不含有外源转基因成份但SIVPE5基因发生纯合突变且果实固形物含量高的植株，即为果实高固形物含量的番茄材料。本方法成本低，缩短创制周期，一年之内即可获得果实高固形物含量的番茄材料，且该番茄材料不含有外源基因，安全无风险。","A01H 4/00
					






C12N 15/113
					






C12N 15/8218
					






C12N 15/8243
					






C12N 2310/20
					








A01H 4/00
					






C12N 15/113
					






C12N 15/8218
					






C12N 15/8243
					






C12N 2310/20
					






View less classifications",110923231,09.04.2021,,乌鲁木齐博亚思知识产权代理事务所(普通合伙) 65110,,,,
CN251078884,201910371359,China,06.05.2019,110128518,16.08.2019,A,"C07K 14/415
					






C12N 15/29
					






C12N 15/82
					






A01H 5/00
					






A01H 6/46
					








C07K 14/415
					






C12N 15/29
					






C12N 15/82
					






A01H 5/00
					






A01H 6/46
					






View less classifications","INSTITUTE OF CROP SCIENCE, CHINESE ACADEMY OF AGRICULTURAL SCIENCES中国农业科学院作物科学研究所",LIU YUNJUN刘允军ZHANG JIAOJIAO张姣姣WANG GUOYING王国英,,,(EN) Method of developing corn dwarfing material via gene editing(ZH) 利用基因编辑技术创制玉米矮化材料的方法,,"(EN) The invention provides a method of developing a corn dwarfing material via gene editing. The method comprises designing, for target gene ZmGA20ox3/ZmGA20ox5 of corn, a sgRNA based on CRISPR/Cas9, connecting a fragment having sgRNA-coding DNA to a Cas-carrying carrier, and converting the corn with the constructed carrier to achieve site-directed mutagenesis of the gene ZmGA20ox3/ZmGA20ox5 so as toobtain a transgenic corn plant with corresponding gene function deficiency. The biological functionality of the corn gene ZmGA20ox3/ZmGA20ox5 is disclosed herein for the first time; the corn gene ZmGA20ox3/ZmGA20ox5 is edited through CRISPR/Cas9 technology; a mutant material with no transgenic gene insert fragment is acquired through further screening; the corn dwarfing material has important breeding value.(ZH) 本发明提供一种利用基因编辑技术创制玉米矮化材料的方法，包括针对玉米中的目标基因ZmGA20ox3/ZmGA20ox5设计基于CRISPR/Cas9的sgRNA，将含有编码所述sgRNA的DNA片段连接到携带Cas的载体中，用构建的载体转化玉米，实现对基因ZmGA20ox3/ZmGA20ox5的定点突变，进而获得相应基因功能缺失的转基因玉米植株。本发明首次揭示了玉米ZmGA20ox3/ZmGA20ox5基因的生物学功能，通过CRISPR/Cas9技术对玉米ZmGA20ox3/ZmGA20ox5基因进行基因编辑，并进一步筛选获得不含转基因插入片段的突变体材料，这些玉米矮化材料具有重要的育种价值。","C07K 14/415
					






C12N 15/8261
					








C07K 14/415
					






C12N 15/8261
					






View less classifications",,,,北京路浩知识产权代理有限公司 11002北京路浩知识产权代理有限公司 11002,,,,
EP440660298,22843957,European Patent Office,29.11.2022,4441208,09.10.2024,A1,"C12N 9/22
					






C12N 15/82
					








C12N 9/22
					






C12N 15/82
					






View less classifications",PIONEER HI BRED INT,BARONE PIERLUIGISVITASHEV SERGEIYOUNG JOSHUA K,202163264673 30.11.2021 US,,(DE) HOCHEFFIZIENTE GROSSFLÄCHIGE CHROMOSOMALE GENOMMANIPULATION(EN) HIGH EFFICIENCY LARGE SCALE CHROMOSOMAL GENOME MANIPULATION(FR) MANIPULATION DE GÉNOME CHROMOSOMIQUE À GRANDE ÉCHELLE ET À HAUTE EFFICACITÉ,"View all
							



AL, AT, BA, BE, BG, CH, CY, CZ, DE, DK, EE, ES, FI, FR, GB, GR, HR, HU, IE, IS, IT, LI, LT, LU, LV, MC, ME, MK, MT, NL, NO, PL, PT, RO, RS, SE, SI, SK, SM, TR
				

Hide all","(EN) Compositions and methods are provided for high-efficiency large scale manipulation of genomic regions and chromosomal engineering of plant genomes. Enhancement of chromosomal modification includes the provision of one or more linker oligonucleotides complementary to the distinct chromosomal ends following double strand breaks, increasing the temperature effect and/or recurrent cutting by an endonuclease to facilitate higher chromosomal modification including large segment translocations and recombination. Site-specific directed DNA breaks under one or more of the experimental conditions (including CRISPR-Cas systems) disclosed enhance targeted recombination frequencies, crossover efficiency and movement of large chromosomal segments in crop plant cells.(FR) L'invention concerne des compositions et des procédés pour la manipulation à grande échelle et à haute efficacité de régions génomiques et l'ingénierie chromosomique de génomes végétaux. L'amélioration de la modification chromosomique comprend la fourniture d'un ou plusieurs oligonucléotides de liaison complémentaires aux extrémités chromosomiques distinctes suite à des cassures double brin, l'augmentation de l'effet de température et/ou la coupe récurrente par une endonucléase pour faciliter une modification chromosomique plus élevée comprenant des translocations et la recombinaison de grands segments. Des cassures d'ADN dirigées spécifiques au site dans une ou plusieurs des conditions expérimentales (notamment les systèmes CRISPR-Cas) divulguées améliorent les fréquences de recombinaison ciblées, l'efficacité de croisement et le mouvement de grands segments chromosomiques dans des cellules végétales cultivées.","C12N 15/8213
					






C12N 9/22
					






C12N 2310/20
					






C12N 15/111
					






C12N 15/8233
					








C12N 15/8213
					






C12N 9/22
					






C12N 2310/20
					






C12N 15/111
					






C12N 15/8233
					






View less classifications",,,"WO/2023/102393

US20250027097",,,,,
RU425456482,2022123794,Russian Federation,07.09.2022,2817383,07.03.2024,C2,"A01H 5/00
					






C12N 15/82
					






C12N 15/63
					






C12N 15/11
					








A01H 5/00
					






C12N 15/82
					






C12N 15/63
					






C12N 15/11
					






View less classifications","Федеральное государственное бюджетное научное учреждение ""Всероссийский научно-исследовательский институт сельскохозяйственной биотехнологии"" (ФГБНУ ВНИИСБ) (RU)",Блинков Андрей Олегович (RU)Дивашук Михаил Георгиевич (RU)Злобин Николай Евгеньевич (RU)Иванова Любовь Александровна (RU)Карлов Геннадий Ильич (RU)Комахин Роман Александрович (RU)Коновалова Людмила Николаевна (RU)Лебедева Марина Валерьевна (RU)Таранов Василий Васильевич (RU)Blinkov Andrej Olegovich (RU)Divashuk Mikhail Georgievich (RU)Zlobin Nikolaj Evgenevich (RU)Ivanova Lyubov Aleksandrovna (RU)Karlov Gennadij Ilich (RU)Komakhin Roman Aleksandrovich (RU)Konovalova Lyudmila Nikolaevna (RU)Lebedeva Marina Valerevna (RU)Taranov Vasilij Vasilevich (RU),,,(EN) METHOD OF OBTAINING POTATO PLANT WITH TETRAALLEL MUTATIONS IN EDR1 GENE ENCODING REGION USING CRISPR/CAS9 PLANT GENOME EDITING TECHNOLOGY(RU) СПОСОБ ПОЛУЧЕНИЯ РАСТЕНИЯ КАРТОФЕЛЯ С ТЕТРААЛЛЕЛЬНЫМИ МУТАЦИЯМИ В КОДИРУЮЩЕЙ ОБЛАСТИ ГЕНА EDR1 ПРИ ПОМОЩИ ТЕХНОЛОГИИ РЕДАКТИРОВАНИЯ ГЕНОМА РАСТЕНИЙ CRISPR/CAS9,,"(EN) FIELD: biotechnology.
SUBSTANCE: invention relates to a method of obtaining a potato plant with tetraallelic mutations in the coding region of EDR1 gene using CRISPR/Cas9 plant genome editing technology.
EFFECT: method involves obtaining a construct pKSE401-sgRNA2-2-1 containing the nucleotide sequence of an RNA conductor, transferring this construct into potato cells using Agrobacterium tumefaciens to introduce mutations in the coding region of the EDR1 gene, and selecting regenerative plants with tetraallelic mutations in the coding region of EDR1 gene.
2 cl, 3 dwg(RU) Изобретение относится к биотехнологии, а именно к способу получения растения картофеля с нуклеотидной делецией в кодирующей области гена EDR1 при помощи технологии редактирования генома растений CRISPR/Cas9. Изобретение позволяет получить растение картофеля, при этом способ включает в себя следующие этапы: получение конструкции pKSE401-sgRNA2-2-1, содержащей нуклеотидную последовательность РНК-проводника, перенесение этой конструкции в клетки картофеля с помощью бактерии Agrobacterium tumefaciens для внесения мутаций в кодирующую область гена EDR1 и отбор растений-регенерантов с тетраллельными мутациями в кодирующей области гена EDR1. 2 н.п. ф-лы, 3 ил.",,,15.04.2024,,,,,,
CN279879983,201911049938,China,31.10.2019,110592105,20.12.2019,A,"C12N 15/29
					






C07K 14/415
					






C12N 15/82
					






A01H 5/00
					






A01H 6/54
					








C12N 15/29
					






C07K 14/415
					






C12N 15/82
					






A01H 5/00
					






A01H 6/54
					






View less classifications",JILIN AGRICULTURAL UNIVERSITY吉林农业大学,LIU SIYAN刘思言GUAN SHUYAN关淑艳YAO DAN姚丹QU JING曲静LI GUANGLONG李广隆LU ZHONGSHUANG鲁中爽WANG RUI王蕊LIU JINFENG刘金凤LIU MINGMING刘明明LI YUANQIANG李远强YAO MENGFAN幺梦凡REN PING任萍BIAN WENJUAN边文娟LYU TINGTING吕婷婷GESANGZHUOMA格桑卓玛LU KUNPENG卢昆鹏LIU HUIJING刘慧婧JIANG YUAN江源,,,(EN) Soybean sHSP16.9 gene and application thereof(ZH) 大豆sHSP16.9基因及其应用,,"(EN) The invention provides a soybean sHSP16.9 gene and application thereof and belongs to the field of plant gene engineering. The gene has a nucleotide sequence as shown in SEQ ID NO.1. A small heat-shock protein sHSP16.9 gene of soybeans is cloned by utilizing a RT-PCR technology, and codes 168 amino acids through analysis and prediction of bioinformatics. Furthermore, the invention successfully constructions overexpressed and CRISPR-Cas9 gene editing vectors and transforms soybeans, and transforms cotyledonary nodes of soybeans by utilizing an agrobacterium-mediated method. By PCR detection, 5T0 generation overexpressed vector transformed positive plants of, 8 T1 generation positive plants and a plurality of T2 generation positive plants are obtained; and 4 T0 generation positive plants, 9T1 generation positive plants and a plurality of T2 generation positive plants transforming the CRISPR vector are obtained. According to expression of the sHSP16.9 gene, the drought resistance of soybeans can be improved.(ZH) 本发明提供一种大豆sHSP16.9基因及其应用，属于植物基因工程领域。该基因的核苷酸序列如SEQ ID NO.1所示。本发明利用RT‑PCR技术克隆大豆小热激蛋白sHSP16.9基因，通过生物信息学分析预测该基因编码168个氨基酸，同时，本发明还成功构建超表达和CRISPR‑Cas9基因编辑载体并转化大豆，并利用农杆菌介导法转化大豆子叶节，经PCR检测，获得T0代转超表达载体的阳性植株5株，T1代阳性植株8株，T2代阳性植株若干株；转CRISPR载体的T0代阳性植株4株，T1代阳性植株9株，T2代阳性植株若干株。本发明sHSP16.9基因的表达可提高大豆的抗旱能力。","C07K 14/415
					






C12N 15/8273
					






C12N 15/8218
					








C07K 14/415
					






C12N 15/8273
					






C12N 15/8218
					






View less classifications",,,,长春众邦菁华知识产权代理有限公司 22214,,,,
CN301618201,202010238220,China,30.03.2020,111440808,24.07.2020,B,"C12N 15/52
					






C12N 9/00
					






C12N 15/82
					






A01H 5/02
					






A01H 6/46
					








C12N 15/52
					






C12N 9/00
					






C12N 15/82
					






A01H 5/02
					






A01H 6/46
					






View less classifications",CHINA AGRICULTURAL UNIVERSITY中国农业大学,ZHAO QIAN赵倩YUAN XIAOHONG袁晓红YU JINGJUAN于静娟ZHU DENGYUN朱登云FAN LIU樊柳,,,(EN) Application of plant amino acid permease and coding genes thereof to regulation and control of high temperature resistance of plants(ZH) 植物氨基酸通透酶及其编码基因在调控植物耐高温性能中的应用,,"(EN) The invention relates to the field of plant biotechnology and genetic breeding technology, in particular to an application of plant amino acid permease and coding genes thereof to regulation and control of high temperature resistance of plants. The invention discloses participation of a ZmAAPa gene of corn amino acid permease in regulation and control of the tolerance of corn pollen to high temperature stress. The knockout of the ZmAAPa gene can significantly improve the tolerance of the corn pollen to the high temperature stress. A corn material with the ZmAAPa gene knocked out is obtained through a CRISPR/Cas9 technology and corn genetic transformation, the germination rate of the corn pollen under the high temperature stress condition is remarkably increased through knockout of the ZmAAPa gene, and normal development of pollen and anther is not affected.(ZH) 本发明涉及植物生物技术和遗传育种技术领域，具体涉及植物氨基酸通透酶及其编码基因在调控植物耐高温性能中的应用。本发明公开了玉米氨基酸通透酶ZmAAPa基因参与调控玉米花粉对高温胁迫的耐受性。ZmAAPa基因的敲除可以显著提高玉米花粉对高温胁迫的耐受性。本发明通过CRISPR/Cas9技术及玉米遗传转化获得了ZmAAPa基因敲除的玉米材料，ZmAAPa基因的敲除显著提高了玉米花粉在高温胁迫条件下的萌发率，且不影响花粉和花药的正常发育。","C12N 9/00
					






C12N 15/8251
					






C12N 15/827
					






C12N 15/8271
					








C12N 9/00
					






C12N 15/8251
					






C12N 15/827
					






C12N 15/8271
					






View less classifications",111440808,14.09.2021,,北京路浩知识产权代理有限公司 11002,,,,
CN280388092,201911038979,China,29.10.2019,110628813,31.12.2019,B,"C12N 15/82
					






C12N 15/113
					






C12N 9/22
					






C12N 15/55
					






A01H 5/00
					






A01H 5/10
					






View more classifications
							






C12N 15/82
					






C12N 15/113
					






C12N 9/22
					






C12N 15/55
					






A01H 5/00
					






A01H 5/10
					






A01H 6/46
					






View less classifications","INSTITUTE OF CROP SCIENCE, CHINESE ACADEMY OF AGRICULTURAL SCIENCES中国农业科学院作物科学研究所",ZHOU YONGLI周永力LI QUANLIN李全林,,,(EN) Functions and applications of rice lipase gene Os07g0586800 and encoded protein thereof(ZH) 水稻脂肪酶基因Os07g0586800及其编码蛋白的功能和应用,,"(EN) The invention relates to the technical field of plant genetic engineering, and particularly relates to functions and applications of rice lipase gene Os07g0586800 and an encoded protein thereof. The invention finds that the rice lipase gene Os07g0586800 and the encoded protein participate in the regulation and control of the immune response of the rice to bacterial blight, and can obviously improve the resistance of the rice to the bacterial blight by destroying the biological functions of the encoded protein of the Os07g0586800 gene. The invention realizes high-efficiency fixed-point editingof the Os07g0586800 gene by using the CRISPR/Cpf1 technology, and the length of a lesion is obviously shortened after the fixed-point edited rice is inoculated with the bacterial blight pathogenic bacteria IV and GD 1358. The new function of the Os07g0586800 gene provided by the invention provides a new method for plant breeding and disease resistance, and has very important application value in agricultural production.(ZH) 本发明涉及植物基因工程技术领域，具体涉及水稻脂肪酶基因Os07g0586800及其编码蛋白的功能和应用。本发明发现水稻脂肪酶基因Os07g0586800及其编码蛋白参与调控水稻对白叶枯病的免疫响应，通过破坏Os07g0586800基因编码蛋白的生物学功能能够显著提高水稻对白叶枯病抗性。本发明利用CRISPR/Cpf1技术实现了高效的Os07g0586800基因定点编辑，定点编辑水稻接种白枯病菌IV和GD1358后，病斑长度显著缩短。本发明提供的Os07g0586800基因的新功能为植物抗病育种提供了新方法，在农业生产上具有十分重要的应用价值。","C12N 15/8205
					






C12N 15/8218
					






C12N 9/22
					






C12N 15/8281
					






C12N 9/20
					






C12Y 301/01003
					








C12N 15/8205
					






C12N 15/8218
					






C12N 9/22
					






C12N 15/8281
					






C12N 9/20
					






C12Y 301/01003
					






View less classifications",110628813,14.05.2021,,北京路浩知识产权代理有限公司 11002,,,,
CN440702307,202411023616,China,29.07.2024,118703556,27.09.2024,A,"C12N 15/82
					






C12N 15/29
					






A01H 5/00
					






A01H 6/82
					








C12N 15/82
					






C12N 15/29
					






A01H 5/00
					






A01H 6/82
					






View less classifications",ZHEJIANG A&F UNIVERSITY浙江农林大学,TIAN LI田莉WANG TANGYING王汤滢GAN JIANGHUANG干蒋煌ZHANG LAINING张来宁,,,(EN) Application of UBP1b in improving salt stress resistance of plants(ZH) UBP1b在提高植物抗盐胁迫能力中的应用,,"(EN) The invention belongs to the technical field of gene engineering, and particularly relates to application of UBP1b in improving the salt stress resistance of plants, and the nucleotide sequence of the UBP1b is shown as SEQ ID NO.1. By constructing a UBP1b transient silencing expression vector to infect tomato seedlings, it is found that before treatment, after UBP1b silencing, the phenotype of a plant is not significantly affected; after salt treatment, a UBP1b silent plant shows a more obvious salt-tolerant phenotype, the leaf wilting and yellowing degree is lower, and compared with a contrast, the silent plant is higher in plant height, root length and fresh weight. Through CRISPR/Cas9 and tomato genetic transformation, a T2-generation UBP1b knockout transgenic homozygous strain is obtained, and under the treatment of NaCl, compared with a control plant, the knockout strain has higher salt stress resistance. Therefore, the knockout and silencing of the UBP1b can improve the tolerance of the tomato to the salt stress.(ZH) 本发明属于基因工程技术领域，具体为UBP1b在提高植物抗盐胁迫能力中的应用，所述UBP1b的核苷酸序列如SEQ ID NO.1所示。通过构建UBP1b瞬时沉默表达载体，侵染番茄幼苗，发现在未处理前，UBP1b沉默后对植株表型没有显著影响；在盐处理后，UBP1b沉默植株表现出更明显的耐盐表型，叶片萎蔫、黄化程度更低，与对照相比，沉默植株的株高、根长、鲜重更高。通过CRISPR/Cas9和番茄遗传转化，获得T2代UBP1b敲除的转基因纯合株系，在NaCl处理下，敲除株系相较于对照植株，其抵御盐胁迫的能力更强。故敲除和沉默UBP1b能提高番茄对盐胁迫的耐受性。","C12N 15/8273
					






C12N 15/8218
					






C07K 14/415
					








C12N 15/8273
					






C12N 15/8218
					






C07K 14/415
					






View less classifications",,,,西安铭泽知识产权代理事务所(普通合伙) 61223,,,,
CN330055594,202110131373,China,30.01.2021,113046361,29.06.2021,B,"C12N 15/29
					






C12N 15/82
					






C07K 14/415
					






A01H 5/00
					






A01H 6/82
					








C12N 15/29
					






C12N 15/82
					






C07K 14/415
					






A01H 5/00
					






A01H 6/82
					






View less classifications",HUNAN UNIVERSITY湖南大学,WANG LONG汪龙YU FENG于峰WU DOUSHENG伍斗生LI XIAOXU李晓旭LIU HONGBIN刘红斌,,,(EN) Application of NtFER gene-based modification in improvement of bacterial wilt resistance of plants(ZH) 基于NtFER基因的改造在提高植物青枯病抗性中的应用,,"(EN) The invention belongs to the technical field of plant disease prevention and treatment, and particularly relates to application of NtFER-based transformation in improvement of plant resistance. According to the invention, the tobacco NtFER gene is taken as a target, transformation is carried out through a genetic engineering means, the expression quantity of the NtFER gene is reduced, and the resistance of plants to bacterial wilt is improved. Specifically, the tobacco NtFER gene is used as a target, an sgRNA sequence of CRISPR/Cas9 is designed, a DNA fragment containing the sgRNA is connected into a CRISPR/Cas9 carrier, then tobacco is transformed, an editing material of the tobacco NtFER gene is obtained, and it is found that the editing material has obvious resistance to bacterial wilt.(ZH) 本发明属于植物病害防治技术领域，具体涉及基于NtFER的改造在提高植物抗性中的应用。本发明以烟草NtFER基因为靶标，通过基因工程手段进行改造，下调NtFER基因的表达量，提高植物对青枯病抗性。具体以烟草NtFER基因为靶标，设计了CRISPR/Cas9的sgRNA序列，将含有编码上述sgRNA的DNA片段连入CRISPR/Cas9载体中，然后转化烟草，获得了烟草NtFER基因的编辑材料，并发现其对青枯病具有明显的抗性。","C07K 14/415
					






C12N 15/8281
					






C12N 15/8216
					








C07K 14/415
					






C12N 15/8281
					






C12N 15/8216
					






View less classifications",113046361,25.07.2023,,长沙和雅知识产权代理事务所(普通合伙) 43238,,,,
RU405655024,2022123792,Russian Federation,07.09.2022,2800828,28.07.2023,C1,"A01H 1/00
					






A01H 5/00
					






C12N 15/82
					






C12N 15/11
					






C12N 15/63
					








A01H 1/00
					






A01H 5/00
					






C12N 15/82
					






C12N 15/11
					






C12N 15/63
					






View less classifications",,Дивашук Михаил Георгиевич (RU)Злобин Николай Евгеньевич (RU)Иванова Любовь Александровна (RU)Комахин Роман Александрович (RU)Коновалова Людмила Николаевна (RU)Крупина Александра Юрьевна (RU)Лебедева Марина Валерьевна (RU)Самарина Мария Алексеевна (RU)Таранов Василий Васильевич (RU)Divashuk Mikhail Georgievich (RU)Zlobin Nikolaj Evgenevich (RU)Ivanova Lyubov Aleksandrovna (RU)Komakhin Roman Aleksandrovich (RU)Konovalova Lyudmila Nikolaevna (RU)Krupina Aleksandra Yurevna (RU)Lebedeva Marina Valerevna (RU)Samarina Mariya Alekseevna (RU)Taranov Vasilij Vasilevich (RU),,,(EN) METHOD OF OBTAINING A POTATO PLANT WITH TETRAALLEL MUTATIONS IN THE EDR1 GENE ENCODING REGION USING CRISPR/CAS9 PLANT GENOME EDITING TECHNOLOGY(RU) СПОСОБ ПОЛУЧЕНИЯ РАСТЕНИЯ КАРТОФЕЛЯ С ТЕТРААЛЛЕЛЬНЫМИ МУТАЦИЯМИ В КОДИРУЮЩЕЙ ОБЛАСТИ ГЕНА EDR1 ПРИ ПОМОЩИ ТЕХНОЛОГИИ РЕДАКТИРОВАНИЯ ГЕНОМА РАСТЕНИЙ CRISPR/CAS9,,"(EN) FIELD: biotechnology.
SUBSTANCE: invention relates to a method of obtaining a potato plant with tetraallelic mutations in the coding region of EDR1 gene using CRISPR/Cas9 plant genome editing technology. The method involves obtaining a construct pKSE401-sgRNA2-2-1 containing the nucleotide sequence of an RNA conductor, transferring this construct into potato cells using Agrobacterium tumefaciens to introduce mutations in the coding region of the EDR1 gene, and selecting regenerative plants with tetraallelic mutations in the coding region of EDR1 gene.
EFFECT: invention is effective for obtaining a potato plant.
2 cl, 4 dwg, 1 ex(RU) Изобретение относится к области биотехнологии, а именно к способу получения растения картофеля с тетрааллельными мутациями в кодирующей области гена EDR1 при помощи технологии редактирования генома растений CRISPR/Cas9. Способ предусматривает получение конструкции pKSE401-sgRNA2-2-1, содержащей нуклеотидную последовательность РНК-проводника, перенесение этой конструкции в клетки картофеля с помощью бактерии Agrobacterium tumefaciens для внесения мутаций в кодирующую область гена EDR1 и отбор растений-регенерантов с тетрааллельными мутациями в кодирующей области гена EDR1. Изобретение эффективно  для получения растения картофеля. 2 н.п. ф-лы, 4 ил., 1 пр.",,,28.07.2023,,,,,,
CN419366292,202311202072,China,18.09.2023,117305318,29.12.2023,B,"C12N 15/29
					






C07K 14/415
					






C12N 15/82
					






A01H 5/00
					






A01H 6/00
					








C12N 15/29
					






C07K 14/415
					






C12N 15/82
					






A01H 5/00
					






A01H 6/00
					






View less classifications",NANJING FORESTRY UNIVERSITY南京林业大学,MAO JINYAN毛金燕LI SHUXIAN李淑娴YIN TONGMING尹佟明,,,(EN) Populus suberensis tubulin PdbTUBG gene as well as knockout vector and application thereof(ZH) 山新杨微管蛋白PdbTUBG基因及其敲除载体和应用,,"(EN) The invention discloses a Populus suberensis tubulin PdbTUBG gene as well as a knockout vector and application thereof, and belongs to the technical field of plant genetic engineering. The nucleotide sequence of the populus suberensis microtubulin PdbTUBG gene disclosed by the invention is as shown in SEQ ID NO. 1; the knockout system comprises a nucleotide sequence as shown in SEQ ID NO. 3-5. According to the invention, tender leaves of tissue culture seedlings of Populus sutchuenensis are used as materials, the Populus sutchuenensis microtubulin PdbTUBG gene is obtained through cloning, a knockout vector CRISPR/Cas9 is constructed on the basis, and the knockout vector CRISPR/Cas9 is transferred into the Populus sutchuenensis to obtain a resistant transgenic plant. Compared with wild tissue culture seedlings (WT) of Populus sutchuenensis, the tissue culture seedlings (# 104, # 107, # 111 and # 176) of Populus sutchuenensis resistant transgenic plants have the advantages that the stem growth and development are delayed, the plants are dwarfed, but the growth of lateral roots in the root system is obviously enhanced.(ZH) 本发明公开了山新杨微管蛋白PdbTUBG基因及其敲除载体和应用，属于植物基因工程技术领域。本发明公开的山新杨微管蛋白PdbTUBG基因核苷酸序列如SEQ ID NO.1所示；其敲除系统包含SEQ ID NO.3‑5所示的核苷酸序列。本发明以山新杨组培苗幼嫩叶片为材料，通过克隆得到山新杨微管蛋白PdbTUBG基因，在此基础上构建其敲除载体CRISPR/Cas9，转入山新杨中，得到抗性转基因植株。与山新杨野生型组培苗(WT)相比，山新杨抗性转基因植株组培苗(#104、#107、#111、#176)茎部生长发育延缓，植株出现矮化的现象，但根系中侧根生长得到显著的增强。","C07K 14/415
					






C12N 15/8218
					






C12N 15/8261
					






Y02A 40/146
					








C07K 14/415
					






C12N 15/8218
					






C12N 15/8261
					






Y02A 40/146
					






View less classifications",117305318,30.08.2024,,南京智转慧移知识产权代理有限公司 32649,,,,
CN438252612,202410696294,China,30.05.2024,118531051,23.08.2024,A,"C12N 15/82
					






C12N 15/55
					






A01H 5/00
					






A01H 6/46
					






A01H 6/54
					






A01H 6/20
					








C12N 15/82
					






C12N 15/55
					






A01H 5/00
					






A01H 6/46
					






A01H 6/54
					






A01H 6/20
					






View less classifications",HUNAN AGRICULTURAL UNIVERSITY湖南农业大学,HUANG LIHUA黄丽华HU CHAO胡超REN CHUNMEI任春梅ZHANG XUEWEN张学文XIA SHITOU夏石头,,,(EN) Application of FAH gene in improving drought resistance of plants(ZH) FAH基因在提高植物抗旱性中的应用,,"(EN) The invention belongs to the technical field of genetic engineering application, and particularly relates to application of an FAH gene in improving drought resistance of plants. The rice OsFAH gene is knocked out by adopting a CRISPR/Cas9 system, and the drought resistance of rice in the seedling stage is improved by knocking out the gene. In addition, the drought resistance of the arabidopsis thaliana AtFAH gene mutant is analyzed, and it is found that FAH gene mutation also improves the drought resistance of arabidopsis thaliana. Experiments show that the FAH gene is a gene for negatively regulating the drought resistance of plants, and has important application in the aspect of plant drought resistance. By mutating the gene, a plant variety with improved drought resistance can be cultivated.(ZH) 本发明属于基因工程应用技术领域，具体涉及FAH基因在提高植物抗旱性中的应用。本发明采用CRISPR/Cas9系统敲除水稻OsFAH基因，发现敲除该基因提高了水稻在苗期的抗旱性。此外，分析拟南芥AtFAH基因突变体对干旱的抗性，发现FAH基因突变也提高了拟南芥的抗旱性。实验表明，FAH基因是一个负调控植物抗旱性的基因，在植物抗旱方面具有较为重要的应用。通过突变该基因，可以培育出抗旱性提高的植物品种。","C12N 15/8273
					






C12N 15/8218
					






C12N 9/14
					






C12Y 307/01002
					








C12N 15/8273
					






C12N 15/8218
					






C12N 9/14
					






C12Y 307/01002
					






View less classifications",,,,长沙和雅知识产权代理事务所(普通合伙) 43238,,,,
,,,,,,,,,,,,,,,,,,,,,,,
,,,,,,,,,,,,,,,,,,,,,,,
,,,,,,,,,,,,,,,,,,,,,,,
,,,,,,,,,,,,,,,,,,,,,,,
,,,,,,,,,,,,,,,,,,,,,,,
,,,,,,,,,,,,,,,,,,,,,,,
,,,,,,,,,,,,,,,,,,,,,,,
,,,,,,,,,,,,,,,,,,,,,,,
,,,,,,,,,,,,,,,,,,,,,,,
,,,,,,,,,,,,,,,,,,,,,,,
,,,,,,,,,,,,,,,,,,,,,,,
,,,,,,,,,,,,,,,,,,,,,,,
,,,,,,,,,,,,,,,,,,,,,,,
,,,,,,,,,,,,,,,,,,,,,,,
,,,,,,,,,,,,,,,,,,,,,,,
,,,,,,,,,,,,,,,,,,,,,,,
,,,,,,,,,,,,,,,,,,,,,,,
,,,,,,,,,,,,,,,,,,,,,,,
,,,,,,,,,,,,,,,,,,,,,,,
,,,,,,,,,,,,,,,,,,,,,,,
,,,,,,,,,,,,,,,,,,,,,,,
,,,,,,,,,,,,,,,,,,,,,,,
,,,,,,,,,,,,,,,,,,,,,,,
,,,,,,,,,,,,,,,,,,,,,,,
,,,,,,,,,,,,,,,,,,,,,,,
,,,,,,,,,,,,,,,,,,,,,,,
,,,,,,,,,,,,,,,,,,,,,,,
,,,,,,,,,,,,,,,,,,,,,,,
,,,,,,,,,,,,,,,,,,,,,,,
,,,,,,,,,,,,,,,,,,,,,,,
,,,,,,,,,,,,,,,,,,,,,,,
,,,,,,,,,,,,,,,,,,,,,,,
,,,,,,,,,,,,,,,,,,,,,,,
,,,,,,,,,,,,,,,,,,,,,,,
,,,,,,,,,,,,,,,,,,,,,,,
CN427219178,202410136833,China,31.01.2024,117778416,29.03.2024,A,"C12N 15/29
					






C07K 14/415
					






C12N 15/82
					






C12N 15/113
					






C12N 9/22
					






A01H 5/12
					






View more classifications
							






C12N 15/29
					






C07K 14/415
					






C12N 15/82
					






C12N 15/113
					






C12N 9/22
					






A01H 5/12
					






A01H 6/82
					






View less classifications",HENAN AGRICULTURAL UNIVERSITY河南农业大学,AN GUANGHUI安光辉KUANG HANHUI匡汉晖YUAN XINJIE袁欣捷WU PEIYAO吴佩瑶WU LINLIN吴琳琳LI YING李营CHEN HAOYU陈浩宇ZHAO XINHUI赵心慧,,,(EN) Application of lettuce LsNGAL3 gene in controlling tip or round leaf character of lettuce(ZH) 莴苣LsNGAL3基因在控制莴苣尖形或圆形叶性状中的应用,,"(EN) The invention belongs to the technical field of plant engineering, and discloses an application of a lettuce LsNGAL3 gene in controlling the tip or round leaf character of lettuce, and the protein coded by the gene is shown as SEQ ID NO.3. The invention also discloses an application of the lettuce LsNGAL3 gene in controlling the tip or round leaf character of lettuce. The result of knocking out the LsNGAL3 gene from the tip-leaf lettuce by virtue of a CRISPR/Cas9 technology shows that the LsNGAL3 gene with lost function can change the receptor tip-leaf lettuce into a round-leaf lettuce. The LsNGAL3 gene is transformed into the round-leaf lettuce through agrobacterium tumefaciens mediation, and the result shows that the LsNGAL3 can enable the receptor round-leaf lettuce to be changed into a sharp-leaf lettuce. Cloning of the LsNGAL3 gene opens up a new direction for studying leaf development of plants, and meanwhile gene resources and theoretical guidance are provided for variety breeding of lettuce.(ZH) 本发明属于植物工程技术领域，公开了莴苣LsNGAL3基因在控制莴苣尖形或圆形叶性状中的应用，所述基因的编码的蛋白为SEQ ID NO.3所示。通过CRISPR/Cas9技术在尖形叶莴苣中敲除LsNGAL3基因的结果表明，丢失功能的LsNGAL3基因能够使受体尖形叶莴苣变为圆形叶。通过农杆菌介导转化LsNGAL3基因到圆形叶莴苣，其结果表明，LsNGAL3能够使受体圆形叶莴苣变为尖形叶。LsNGAL3基因的克隆为研究植物的叶发育开辟了新的方向，同时也为莴苣的品种选育提供了基因资源和理论指导。",,,,,武汉宇晨专利事务所(普通合伙) 42001,,,,
,,,,,,,,,,,,,,,,,,,,,,,
,,,,,,,,,,,,,,,,,,,,,,,
,,,,,,,,,,,,,,,,,,,,,,,
,,,,,,,,,,,,,,,,,,,,,,,
,,,,,,,,,,,,,,,,,,,,,,,
,,,,,,,,,,,,,,,,,,,,,,,
,,,,,,,,,,,,,,,,,,,,,,,
,,,,,,,,,,,,,,,,,,,,,,,
,,,,,,,,,,,,,,,,,,,,,,,
,,,,,,,,,,,,,,,,,,,,,,,
,,,,,,,,,,,,,,,,,,,,,,,
,,,,,,,,,,,,,,,,,,,,,,,
,,,,,,,,,,,,,,,,,,,,,,,
,,,,,,,,,,,,,,,,,,,,,,,
,,,,,,,,,,,,,,,,,,,,,,,
,,,,,,,,,,,,,,,,,,,,,,,
,,,,,,,,,,,,,,,,,,,,,,,
,,,,,,,,,,,,,,,,,,,,,,,
,,,,,,,,,,,,,,,,,,,,,,,
,,,,,,,,,,,,,,,,,,,,,,,
,,,,,,,,,,,,,,,,,,,,,,,
,,,,,,,,,,,,,,,,,,,,,,,
,,,,,,,,,,,,,,,,,,,,,,,
,,,,,,,,,,,,,,,,,,,,,,,
,,,,,,,,,,,,,,,,,,,,,,,
,,,,,,,,,,,,,,,,,,,,,,,
,,,,,,,,,,,,,,,,,,,,,,,
,,,,,,,,,,,,,,,,,,,,,,,
,,,,,,,,,,,,,,,,,,,,,,,
,,,,,,,,,,,,,,,,,,,,,,,
,,,,,,,,,,,,,,,,,,,,,,,
,,,,,,,,,,,,,,,,,,,,,,,
,,,,,,,,,,,,,,,,,,,,,,,
,,,,,,,,,,,,,,,,,,,,,,,
,,,,,,,,,,,,,,,,,,,,,,,
,,,,,,,,,,,,,,,,,,,,,,,
,,,,,,,,,,,,,,,,,,,,,,,
,,,,,,,,,,,,,,,,,,,,,,,
,,,,,,,,,,,,,,,,,,,,,,,
,,,,,,,,,,,,,,,,,,,,,,,
,,,,,,,,,,,,,,,,,,,,,,,
,,,,,,,,,,,,,,,,,,,,,,,
,,,,,,,,,,,,,,,,,,,,,,,
,,,,,,,,,,,,,,,,,,,,,,,
CN426831238,202311663302,China,06.12.2023,117757837,26.03.2024,A,"C12N 15/84
					






C12N 15/113
					






C12N 15/29
					






C07K 14/415
					






A01H 5/10
					






A01H 6/46
					






View more classifications
							






C12N 15/84
					






C12N 15/113
					






C12N 15/29
					






C07K 14/415
					






A01H 5/10
					






A01H 6/46
					






C12N 1/21
					






C12R 1/01
					






View less classifications","INSTITUTE OF CROP SCIENCE, CHINESE ACADEMY OF AGRICULTURAL SCIENCES中国农业科学院作物科学研究所",LIU CHANGLIN刘昌林XIE CHUANXIAO谢传晓MA MINGZHENG马铭政ZHU JINJIE朱金洁QI XIANTAO祁显涛XU XIAOJIE徐孝洁HUANG JING黄晶,,,(EN) Method for creating sweet corn germplasm and application thereof(ZH) 一种创制甜玉米种质的方法及其应用,,"(EN) The invention discloses a method for creating sweet corn germplasm and application of the sweet corn germplasm. Specifically, the invention discloses application of a protein with an amino acid sequence of SEQ ID No.2 in preparation of corn with a corn grain shape changed to a sweet corn grain shape. According to the invention, the ZmSH1 gene is knocked out by designing sgRNA and a CRISPR/Cas9 knockout vector of the sgRNA according to the characteristic that the ZmSH1 gene regulates and controls the corn grain morphology and genome targeted editing of a CRISPR/Cas9 system. Experiments show that by reducing the expression quantity of the ZmSH1 gene, the taste sweetness of the corn kernels can be remarkably increased, the yellow intensity of the corn kernels can be reduced, the endosperm shrinkage degree of the corn kernels can be increased, the embryo size of the corn kernels can be increased, the corn kernel form can be changed to the sweet corn kernel form, and then the sweet corn germplasm can be created. The method is of great significance to cultivation of new sweet corn varieties and promotion of commercial sweet corn breeding process.(ZH) 本发明公开了一种创制甜玉米种质的方法及其应用。具体地公开了氨基酸序列是SEQ ID No.2的蛋白质在制备玉米籽粒形态向甜玉米籽粒形态改变的玉米中的应用。本发明利用ZmSH1基因调控玉米籽粒形态的特点及CRISPR/Cas9系统的基因组靶向编辑，通过设计sgRNA及其CRISPR/Cas9敲除载体来敲除ZmSH1基因。实验表明，通过降低ZmSH1基因的表达量，可显著增加玉米籽粒的口感甜度，降低玉米籽粒黄色强度，增加玉米籽粒胚乳皱缩程度，增加玉米籽粒胚大小，使玉米籽粒形态向甜玉米籽粒形态改变，进而创制甜玉米种质。本发明对于培育甜玉米新品种、促进商业化甜玉米育种进程、具有重要意义。",,,,,北京纪凯知识产权代理有限公司 11245,,,,
CN426825292,202311669126,China,07.12.2023,117757838,26.03.2024,A,"C12N 15/84
					






C12N 15/113
					






C12N 15/29
					






C07K 14/415
					






A01H 5/10
					






A01H 6/46
					






View more classifications
							






C12N 15/84
					






C12N 15/113
					






C12N 15/29
					






C07K 14/415
					






A01H 5/10
					






A01H 6/46
					






C12N 1/21
					






C12R 1/01
					






View less classifications","INSTITUTE OF CROP SCIENCE, CHINESE ACADEMY OF AGRICULTURAL SCIENCES中国农业科学院作物科学研究所",LIU CHANGLIN刘昌林XIE CHUANXIAO谢传晓MA MINGZHENG马铭政ZHU JINJIE朱金洁QI XIANTAO祁显涛XU XIAOJIE徐孝洁HUANG JING黄晶,,,(EN) Method for creating sweet corn germplasm and related biological materials thereof(ZH) 创制甜玉米种质的方法及其相关生物材料,,"(EN) The invention discloses a method for creating sweet corn germplasm and related biological materials thereof. Specifically, the invention discloses application of the protein BT2 with the amino acid sequence of SEQ ID No.2 in preparation of corn with the corn grain shape changed to the sweet corn grain shape. According to the invention, the ZmBT2 gene is knocked out through sgRNA (SEQ ID No.4) and a CRISPR/Cas9 gene editing carrier by utilizing the characteristic that the ZmBT2 gene regulates and controls the morphology of corn kernels and genome targeted editing of a CRISPR/Cas9 system. Experimental results show that by reducing the expression quantity of the ZmBT2 gene, the taste sweetness of the corn kernels can be remarkably increased, the yellow intensity of the corn kernels can be reduced, the endosperm shrinkage degree of the corn kernels can be increased, the embryo size of the corn kernels can be increased, the corn kernel form can be changed to the sweet corn kernel form, and then the sweet corn germplasm can be created. The invention is of great significance to cultivation of new sweet corn varieties.(ZH) 本发明公开了创制甜玉米种质的方法及其相关生物材料。具体地公开了氨基酸序列为SEQ ID No.2的蛋白质BT2在制备玉米籽粒形态向甜玉米籽粒形态改变的玉米中的应用。本发明利用ZmBT2基因调控玉米籽粒形态的特点及CRISPR/Cas9系统的基因组靶向编辑，通过sgRNA(SEQ ID No.4)及其CRISPR/Cas9基因编辑载体来敲除ZmBT2基因。实验结果表明，通过降低ZmBT2基因的表达量，可显著增加玉米籽粒的口感甜度，降低玉米籽粒黄色强度，增加玉米籽粒胚乳皱缩程度，增加玉米籽粒胚大小，使玉米籽粒形态向甜玉米籽粒形态改变，进而创制甜玉米种质。本发明对于培育甜玉米新品种具有重要意义。",,,,,北京纪凯知识产权代理有限公司 11245,,,,
,,,,,,,,,,,,,,,,,,,,,,,
,,,,,,,,,,,,,,,,,,,,,,,
,,,,,,,,,,,,,,,,,,,,,,,
,,,,,,,,,,,,,,,,,,,,,,,
,,,,,,,,,,,,,,,,,,,,,,,
,,,,,,,,,,,,,,,,,,,,,,,
,,,,,,,,,,,,,,,,,,,,,,,
CN427210168,202311712219,China,13.12.2023,117778388,29.03.2024,A,"C12N 15/113
					






C12N 9/22
					






C12N 15/11
					






C12N 15/89
					






C12N 15/10
					






C12N 15/53
					






View more classifications
							






C12N 15/113
					






C12N 9/22
					






C12N 15/11
					






C12N 15/89
					






C12N 15/10
					






C12N 15/53
					






A01K 67/0276
					






View less classifications",BEIJING ACADEMY OF AGRICULTURE AND FORESTRY SCIENCES北京市农林科学院,LI HUIJUAN李绘娟ZHU HUA朱华WANG XIAOWEN王晓雯ZHANG RONG张蓉LIU LILI刘丽丽,,,(EN) Goldfish CRISPR/Cas12 gene editing method and application thereof(ZH) 一种金鱼CRISPR/Cas12基因编辑方法及其应用,,"(EN) The invention relates to the technical field of gene editing, in particular to a goldfish CRISPR/Cas12 gene editing method and application thereof. According to the invention, the application of the CRISPR/Cas12 gene editing system in non-model fish is realized for the first time, an efficient gene editing technology system based on the CRISPR/Cas12 system is established in goldfish, and the technology is applied to the creation of a new goldfish albino strain, so that an F0-generation goldfish mutant albino strain is obtained, and the molecular genetic breeding process of the goldfish is promoted.(ZH) 本发明涉及基因编辑技术领域，尤其涉及一种金鱼CRISPR/Cas12基因编辑方法及其应用。本发明首次实现了CRISPR/Cas12基因编辑系统在非模式鱼类中的应用，在金鱼中建立了基于CRISPR/Cas12系统的高效基因编辑技术体系，并将该技术应用到金鱼白化新品系的创制中，获得了F0代金鱼突变白化品系，促进了金鱼分子遗传育种进程。",,,,,北京路浩知识产权代理有限公司 11002,,,,
,,,,,,,,,,,,,,,,,,,,,,,
,,,,,,,,,,,,,,,,,,,,,,,
,,,,,,,,,,,,,,,,,,,,,,,
,,,,,,,,,,,,,,,,,,,,,,,
,,,,,,,,,,,,,,,,,,,,,,,
,,,,,,,,,,,,,,,,,,,,,,,
,,,,,,,,,,,,,,,,,,,,,,,
,,,,,,,,,,,,,,,,,,,,,,,
,,,,,,,,,,,,,,,,,,,,,,,
IN366094323,202011052804,India,03.12.2020,202011052804,10.06.2022,A,"C12N
					






A01H
					






A61K
					








C12N
					






A01H
					






A61K
					






View less classifications",INTERNATIONAL CENTRE FOR GENETIC ENGINEERING AND BIOTECHNOLOGY (ICGEB),V. MOHAN MURALI ACHARY MALIREDDY K. REDDY,,,"(EN) CRISPR-CAS VECTOR SYSTEM FOR ALTERING GENE EXPRESSION IN RICE, METHODS AND PLANTS THEREOF",,"(EN) The present invention provides CRISPR-Cas9 vector system, including anovel synthetic Cas9 protein, which is optimized for expression and targetspecificity in rice, thus allowing for more efficient targeting and multiplexingof target sequences, while minimizing off-target effects. Also provided in thepresent invention are methods of generating transgenic plants with desiredagronomic traits obtained by the CRISPR-Cas9 vector system of the presentinvention, and novel synthetic fragments useful for detection of editedtransgenic plants.",,,,,,,,,
,,,,,,,,,,,,,,,,,,,,,,,
,,,,,,,,,,,,,,,,,,,,,,,
,,,,,,,,,,,,,,,,,,,,,,,
,,,,,,,,,,,,,,,,,,,,,,,
,,,,,,,,,,,,,,,,,,,,,,,
CN395739692,202310004202,China,03.01.2023,115896168,04.04.2023,B,"C12N 15/84
					






C12N 15/53
					






A01H 6/82
					






A01H 5/12
					








C12N 15/84
					






C12N 15/53
					






A01H 6/82
					






A01H 5/12
					






View less classifications","CHINA TOBACCO YUNNAN INDUSTRIAL CO., LTD.云南中烟工业有限责任公司",XIANG HAIYING向海英ZENG WANLI曾婉俐LIU DESHUI刘德水TIAN YONGFENG田永峰KONG WEISONG孔维松SONG CHUNMAN宋春满MI QILI米其利HUANG HAITAO黄海涛DENG LELE邓乐乐ZHANG JIANDUO张建铎JIANG JIARUI蒋佳芮LI XUEMEI李雪梅,,,(EN) Method for rapidly obtaining nicotine transformant of cultivated tobacco and application of nicotine transformant(ZH) 一种快速获得栽培烟草烟碱转化株的方法及应用,,"(EN) The invention discloses a method for rapidly obtaining nicotine transformed plants of cultivated tobaccos and application of the nicotine transformed plants. According to the method for rapidly obtaining the nicotine transformant of the cultivated tobacco, genes related to nicotine transformation of the tobacco are knocked out at the same time through a CRISPR/Cas9 system, the genes are NtNCP1 and NtNCP2 genes, the sequence of the NtNCP1 gene is shown as SEQ ID No.1, and the sequence of the NtNCP2 gene is shown as SEQ ID No.3. According to the application, a CRISPR/Cas9 mediated gene editing technology is utilized to knock out tobacco NtNCP1 and NtNCP2 genes at the same time to obtain an editing material with reduced nicotine content and increased nornicotine content, so that a genetic material and a theoretical basis are provided for tobacco nicotine conversion gene function research and tobacco new variety directional improvement of nicotine content regulation and control.(ZH) 本发明公开了一种快速获得栽培烟草烟碱转化株的方法及应用。该快速获得栽培烟草烟碱转化株的方法是利用CRISPR/Cas9系统同时敲除烟草烟碱转化相关的基因，基因为NtNCP1和NtNCP2基因，NtNCP1基因序列为SEQ ID No.1所示，NtNCP2基因序列为SEQ ID No.3所示。本申请利用CRISPR/Cas9介导的基因编辑技术敲除同时敲除烟草NtNCP1和NtNCP2基因获得了烟碱含量降低且降烟碱含量增加的编辑素材，这为烟草烟碱转化基因功能研究及烟碱含量调控的烟草新品种定向改良提供遗传材料和理论依据。",,115896168,11.02.2025,,北京维澳知识产权代理有限公司 11252,,,,
,,,,,,,,,,,,,,,,,,,,,,,
,,,,,,,,,,,,,,,,,,,,,,,
,,,,,,,,,,,,,,,,,,,,,,,
,,,,,,,,,,,,,,,,,,,,,,,
,,,,,,,,,,,,,,,,,,,,,,,
,,,,,,,,,,,,,,,,,,,,,,,
,,,,,,,,,,,,,,,,,,,,,,,
,,,,,,,,,,,,,,,,,,,,,,,
,,,,,,,,,,,,,,,,,,,,,,,
,,,,,,,,,,,,,,,,,,,,,,,
,,,,,,,,,,,,,,,,,,,,,,,
,,,,,,,,,,,,,,,,,,,,,,,
,,,,,,,,,,,,,,,,,,,,,,,
,,,,,,,,,,,,,,,,,,,,,,,
,,,,,,,,,,,,,,,,,,,,,,,
,,,,,,,,,,,,,,,,,,,,,,,
,,,,,,,,,,,,,,,,,,,,,,,
,,,,,,,,,,,,,,,,,,,,,,,
,,,,,,,,,,,,,,,,,,,,,,,
,,,,,,,,,,,,,,,,,,,,,,,
,,,,,,,,,,,,,,,,,,,,,,,
,,,,,,,,,,,,,,,,,,,,,,,
,,,,,,,,,,,,,,,,,,,,,,,
,,,,,,,,,,,,,,,,,,,,,,,
,,,,,,,,,,,,,,,,,,,,,,,
,,,,,,,,,,,,,,,,,,,,,,,
,,,,,,,,,,,,,,,,,,,,,,,
,,,,,,,,,,,,,,,,,,,,,,,
,,,,,,,,,,,,,,,,,,,,,,,
,,,,,,,,,,,,,,,,,,,,,,,
,,,,,,,,,,,,,,,,,,,,,,,
,,,,,,,,,,,,,,,,,,,,,,,
,,,,,,,,,,,,,,,,,,,,,,,
,,,,,,,,,,,,,,,,,,,,,,,
,,,,,,,,,,,,,,,,,,,,,,,
CN244857568,201910128265,China,21.02.2019,109868283,11.06.2019,B,"C12N 15/82
					






A01H 5/00
					






A01H 5/10
					






A01H 6/20
					








C12N 15/82
					






A01H 5/00
					






A01H 5/10
					






A01H 6/20
					






View less classifications",ZHEJIANG A&F UNIVERSITY浙江农林大学,ZHU LIYING朱丽颖ZHENG YUEPING郑月萍XU XUEZHEN徐雪珍DUAN QIANQIAN段芊芊ZHENG ZHIFU郑志富,,,(EN) Method for evaluating CRISPR/Cas9 gene editing efficiency or miss frequency(ZH) 一种评估CRISPR/Cas9基因编辑效率或脱靶频率的方法,,"(EN) The invention relates to a method for evaluating CRISPR/Cas9 gene editing efficiency or miss frequency, and belongs to the field of bioengineering. The method mainly comprises the following three parts: firstly, selecting a marker gene mCherry to be inserted into an expression vector in order to quickly screen a transgenic plant; secondly, in order to quickly identify the editing efficiency and the miss frequency of the CRISPR/Cas9 gene, inserting fatty acid dehydrogenase FAD2 and FAD3 as target genes into a vector; and finally, utilizing the change of fatty acid components after target gene mutation, and by detecting the composition of C18 unsaturated fatty acid in a transgenic positive plant, quickly and conveniently screening out an edited plant and an unedited plant, so that the editing efficiency and the miss effect of a specific CRISPR/Cas9 gene editing system are quickly, accurately and efficiently determined.(ZH) 本发明涉及一种评估CRISPR/Cas9基因编辑效率或脱靶频率的方法，属于生物工程领域，主要包括三个部分：首先为了快速筛选转基因植株，选择标记基因mCherry插入表达载体中；其次为了快速鉴定CRISPR/Cas9基因的编辑效率和脱靶频率，将脂肪酸脱氢酶FAD2、FAD3作为靶基因插入载体中；最后利用靶基因突变后脂肪酸组分的变化，通过检测转基因阳性植株中C18不饱和脂肪酸的组成快速简便地筛选出被编辑的植株和未被编辑的植株，从而快速、准确、高效地确定特定的CRISPR/Cas9基因编辑系统的编辑效率和脱靶效应。",,,,,洛阳公信知识产权事务所(普通合伙) 41120,,,,
,,,,,,,,,,,,,,,,,,,,,,,
,,,,,,,,,,,,,,,,,,,,,,,
,,,,,,,,,,,,,,,,,,,,,,,
,,,,,,,,,,,,,,,,,,,,,,,
,,,,,,,,,,,,,,,,,,,,,,,
,,,,,,,,,,,,,,,,,,,,,,,
,,,,,,,,,,,,,,,,,,,,,,,
,,,,,,,,,,,,,,,,,,,,,,,
,,,,,,,,,,,,,,,,,,,,,,,
,,,,,,,,,,,,,,,,,,,,,,,
,,,,,,,,,,,,,,,,,,,,,,,
CN394520092,202211487266,China,25.11.2022,115820596,21.03.2023,A,"C12N 9/12
					






C12N 15/80
					






C12N 15/54
					






C12N 1/15
					






C12N 15/113
					






C12Q 1/18
					






View more classifications
							






C12N 9/12
					






C12N 15/80
					






C12N 15/54
					






C12N 1/15
					






C12N 15/113
					






C12Q 1/18
					






C12R 1/645
					






View less classifications",SOUTH CHINA AGRICULTURAL UNIVERSITY华南农业大学,XI PINGGEN习平根LIU XIYUAN刘茜芫XIE WENBIN谢文彬LI XIAOFENG李小凤YUAN YUHUA袁玉花LI MINHUI李敏慧KONG GUANGHUI孔广辉SITU JUNJIAN司徒俊键JIANG ZIDE姜子德,,,(EN) Gene PlYPK1 and application thereof in preventing and treating litchi downy blight(ZH) 基因PlYPK1及其在防治荔枝霜疫病中的应用,,"(EN) The invention discloses a gene PlYPK1 and application thereof in prevention and control of litchi downy blight, and belongs to the technical field of green prevention and control of crop diseases. According to the present invention, based on a polyethylene glycol mediated protoplast transformation technology and a CRISPR/Cas9 knockout strategy, a PlYPK1 knockout vector is constructed, PEG-mediated protoplast transformation is performed, and a homologous recombination method is adopted to knock out the gene PlYPK1 from peronophythora litchii so as to obtain the knockout mutant; compared with a wild type, the mutant has the advantages that the growth rate is basically consistent, the pathogenicity is obviously weakened, and the oospore yield is obviously reduced. The invention proves that PlYPK1 is necessary for the growth, development and infection pathopoiesis of peronophythora litchii. The research is helpful for deeply illuminating the pathogenic molecular mechanism of peronophythora litchii, and a target gene is provided for developing effective bactericides.(ZH) 本发明公开了基因PlYPK1及其在防治荔枝霜疫病中的应用，属于农作物病害绿色防控技术领域。本发明应用基于聚乙二醇介导的原生质体转化技术与CRISPR/Cas9敲除策略，通过构建PlYPK1敲除载体并通过PEG介导的原生质体转化，利用同源重组的方法将基因PlYPK1从荔枝霜疫霉中敲除，获得敲除突变体。该突变体与野生型相比，生长速率基本一致，致病力明显减弱，卵孢子产量显著减少。本发明证实PlYPK1是荔枝霜疫霉生长发育、侵染致病所必须的。我们的研究有助于深入阐明荔枝霜疫霉的致病分子机制，为开发有效杀菌剂提供了靶标基因。",,,,,广州市华学知识产权代理有限公司 44245,,,,
CN426777313,202410032307,China,09.01.2024,117737035,22.03.2024,A,"C12N 9/22
					






C12N 15/113
					






C12N 15/82
					






A01H 5/00
					






A01H 6/54
					








C12N 9/22
					






C12N 15/113
					






C12N 15/82
					






A01H 5/00
					






A01H 6/54
					






View less classifications","INSTITUTE OF CROP SCIENCE, CHINESE ACADEMY OF AGRICULTURAL SCIENCES中国农业科学院作物科学研究所",CAI YUPENG蔡宇鹏HOU WENSHENG侯文胜CHEN LI陈莉YAO WEIWEI姚伟伟,,,(EN) Soybean genome editor(ZH) 一种大豆基因组编辑器,,"(EN) The invention discloses a soybean genome editor. The invention provides a protein, which is derived from Roseburia sp., is named as Cas-ZKD01 protein, and is a protein as shown in SEQ ID NO: 1. The invention also provides a preparation method of the protein. The Cas-ZKD01 protein has Cas nuclease activity, the PAM sequence recognized by the Cas-ZKD01 protein is 5 '-TTTN-3', and the Cas-ZKD01 protein can be used as a genome editor. And the Cas-ZKD01 gene is a DNA (Deoxyribose Nucleic Acid) molecule for coding the Cas-ZKD01 protein. The Cas-ZKD01 protein provided by the invention can be used as a novel tool enzyme in a CRISPR/Cas technology. According to the invention, the coding gene of the Cas-ZKD01 protein is further subjected to codon optimization aiming at soybeans, and a tool plasmid is developed. The tool plasmid developed by the invention can be used for performing efficient gene editing on soybean germplasm so as to create new soybean germplasm.(ZH) 本发明公开了一种大豆基因组编辑器。本发明提供了一种蛋白质，来源于罗氏菌属(Roseburia sp.)，命名为Cas‑ZKD01蛋白，为SEQ ID NO：1所示的蛋白质。所述Cas‑ZKD01蛋白具有Cas核酸酶活性，其识别的PAM序列为5’‑TTTN‑3’，可用作基因组编辑器。所述Cas‑ZKD01基因为编码所述Cas‑ZKD01蛋白的DNA分子。本发明提供的Cas‑ZKD01蛋白可作为CRISPR/Cas技术中新的工具酶。本发明进一步将Cas‑ZKD01蛋白的编码基因进行针对大豆的密码子优化，并开发了工具质粒。本发明开发的工具质粒可用于对大豆种质进行高效的基因编辑，从而创制大豆新种质。",,,,,北京纪凯知识产权代理有限公司 11245,,,,
,,,,,,,,,,,,,,,,,,,,,,,
,,,,,,,,,,,,,,,,,,,,,,,
,,,,,,,,,,,,,,,,,,,,,,,
,,,,,,,,,,,,,,,,,,,,,,,
,,,,,,,,,,,,,,,,,,,,,,,
,,,,,,,,,,,,,,,,,,,,,,,
,,,,,,,,,,,,,,,,,,,,,,,
,,,,,,,,,,,,,,,,,,,,,,,
,,,,,,,,,,,,,,,,,,,,,,,
,,,,,,,,,,,,,,,,,,,,,,,
,,,,,,,,,,,,,,,,,,,,,,,
,,,,,,,,,,,,,,,,,,,,,,,
,,,,,,,,,,,,,,,,,,,,,,,
,,,,,,,,,,,,,,,,,,,,,,,
,,,,,,,,,,,,,,,,,,,,,,,
,,,,,,,,,,,,,,,,,,,,,,,
,,,,,,,,,,,,,,,,,,,,,,,
,,,,,,,,,,,,,,,,,,,,,,,
,,,,,,,,,,,,,,,,,,,,,,,
,,,,,,,,,,,,,,,,,,,,,,,
,,,,,,,,,,,,,,,,,,,,,,,
IN283300908,201917043473,India,25.10.2019,201917043473,10.01.2020,A,"C07K 14/005
					








C07K 14/005
					






View less classifications",DUPONT NUTRITION BIOSCIENCES APSUNIVERSITÉ LAVAL (CANADA),"FREMAUX, Christophe HORVATH, Philippe ROMERO, Dennis A HYNES, Alexander MOINEAU, Sylvain ROUSSEAU, Geneviève YOUNG, Joshua LEMAY, Marie-Laurence",62/488969 24.04.2017 US62/488981 24.04.2017 US62/510896 25.05.2017 US62/510914 25.05.2017 US,,(EN) METHODS AND COMPOSITIONS OF ANTI-CRISPR PROTEINS FOR USE IN PLANTS,,(EN) Methods and compositions are provided for the use of anti-CRISPR (ACR) proteins in plants including modulation of Cas endonuclease activity improvement of frequency of homologous recombination control of Cas endonuclease activity during various cell cycles spatial and/or temporal regulation of Cas endonuclease activity in plants usage in gene activation or repression as well as reduction of off-target polynucleotide cleavage.,"EP3615552

CN110891965

BR112019022201

US20200190492

WO/2018/197520",,,,,,,,
,,,,,,,,,,,,,,,,,,,,,,,
,,,,,,,,,,,,,,,,,,,,,,,
,,,,,,,,,,,,,,,,,,,,,,,
,,,,,,,,,,,,,,,,,,,,,,,
,,,,,,,,,,,,,,,,,,,,,,,
,,,,,,,,,,,,,,,,,,,,,,,
,,,,,,,,,,,,,,,,,,,,,,,
,,,,,,,,,,,,,,,,,,,,,,,
,,,,,,,,,,,,,,,,,,,,,,,
,,,,,,,,,,,,,,,,,,,,,,,
,,,,,,,,,,,,,,,,,,,,,,,
,,,,,,,,,,,,,,,,,,,,,,,
,,,,,,,,,,,,,,,,,,,,,,,
,,,,,,,,,,,,,,,,,,,,,,,
,,,,,,,,,,,,,,,,,,,,,,,
,,,,,,,,,,,,,,,,,,,,,,,
,,,,,,,,,,,,,,,,,,,,,,,
,,,,,,,,,,,,,,,,,,,,,,,
,,,,,,,,,,,,,,,,,,,,,,,
,,,,,,,,,,,,,,,,,,,,,,,
,,,,,,,,,,,,,,,,,,,,,,,
,,,,,,,,,,,,,,,,,,,,,,,
,,,,,,,,,,,,,,,,,,,,,,,
,,,,,,,,,,,,,,,,,,,,,,,
,,,,,,,,,,,,,,,,,,,,,,,
,,,,,,,,,,,,,,,,,,,,,,,
,,,,,,,,,,,,,,,,,,,,,,,
,,,,,,,,,,,,,,,,,,,,,,,
,,,,,,,,,,,,,,,,,,,,,,,
,,,,,,,,,,,,,,,,,,,,,,,
,,,,,,,,,,,,,,,,,,,,,,,
,,,,,,,,,,,,,,,,,,,,,,,
,,,,,,,,,,,,,,,,,,,,,,,
,,,,,,,,,,,,,,,,,,,,,,,
,,,,,,,,,,,,,,,,,,,,,,,
,,,,,,,,,,,,,,,,,,,,,,,
,,,,,,,,,,,,,,,,,,,,,,,
,,,,,,,,,,,,,,,,,,,,,,,
,,,,,,,,,,,,,,,,,,,,,,,
,,,,,,,,,,,,,,,,,,,,,,,
,,,,,,,,,,,,,,,,,,,,,,,
,,,,,,,,,,,,,,,,,,,,,,,
,,,,,,,,,,,,,,,,,,,,,,,
,,,,,,,,,,,,,,,,,,,,,,,
,,,,,,,,,,,,,,,,,,,,,,,
,,,,,,,,,,,,,,,,,,,,,,,
RU448817702,2023131564,Russian Federation,01.12.2023,2834229,04.02.2025,C1,"C12Q 1/6806
					






C12Q 1/6876
					






C12Q 1/68
					






C12Q 1/686
					








C12Q 1/6806
					






C12Q 1/6876
					






C12Q 1/68
					






C12Q 1/686
					






View less classifications",,Самарина Мария Алексеевна (RU)Дивашук Михаил Георгиевич (RU)Крупин Павел Юрьевич (RU)Карлов Геннадий Ильич (RU)Баженов Михаил Сергеевич (RU)Архипов Андрей Владимирович (RU)Мирошниченко Дмитрий Николаевич (RU)Долгов Сергей Владимирович (RU)Шульга Ольга Альбертовна (RU)Клементьева Анна Александровна (RU)Тимербаев Вадим Рафаилович (RU)Samarina Mariya Alekseevna (RU)Divashuk Mikhail Georgievich (RU)Krupin Pavel Yurevich (RU)Karlov Gennadij Ilich (RU)Bazhenov Mikhail Sergeevich (RU)Arkhipov Andrej Vladimirovich (RU)Miroshnichenko Dmitrij Nikolaevich (RU)Dolgov Sergej Vladimirovich (RU)Shulga Olga Albertovna (RU)Klementeva Anna Aleksandrovna (RU)Timerbaev Vadim Rafailovich (RU),,,(EN) METHOD FOR DETECTING GBSSI GENE EDITING EVENTS IN CEREALS USING SET OF OLIGONUCLEOTIDE SEQUENCES(RU) СПОСОБ ВЫЯВЛЕНИЯ СОБЫТИЙ РЕДАКТИРОВАНИЯ ГЕНА GBSSI У ЗЕРНОВЫХ КУЛЬТУР С ПОМОЩЬЮ НАБОРА ОЛИГОНУКЛЕОТИДНЫХ ПОСЛЕДОВАТЕЛЬНОСТЕЙ,,"(EN) FIELD: biotechnology.
SUBSTANCE: present invention relates to biotechnology and genetic engineering of plants, in particular to genetic markers detecting genetic modifications of the GBSSI gene, obtained using CRISPR/Cas9 on the genome of durum wheat (Triticum durum) and winter and spring triticale (×Triticosecale).
EFFECT: invention enables detecting GBSSI gene editing events in cereals resulting from editing using the CRISPR/Cas9 system.
3 cl, 7 dwg, 1 tbl, 2 ex(RU) Настоящее изобретение относится к области биотехнологии и генной инженерии растений, в частности к генетическим маркерам, выявляющим генетические модификации гена GBSSI, полученные с использованием CRISPR/Cas9 на геноме твёрдой пшеницы (Triticum durum) и озимой и яровой тритикале (×Triticosecale). Изобретение позволяет выявлять события редактирования гена GBSSI у зерновых культур, возникающие в результате редактирования с помощью системы CRISPR/Cas9. 2 з.п. ф-лы, 7 ил., 1 табл., 2 пр.",,,04.02.2025,,,,,,
RU448817453,2023131566,Russian Federation,01.12.2023,2833964,03.02.2025,C1,"C12Q 1/6806
					






C12Q 1/6876
					






C12N 15/82
					






C12Q 1/686
					








C12Q 1/6806
					






C12Q 1/6876
					






C12N 15/82
					






C12Q 1/686
					






View less classifications",,Самарина Мария Алексеевна (RU)Дивашук Михаил Георгиевич (RU)Крупин Павел Юрьевич (RU)Карлов Геннадий Ильич (RU)Баженов Михаил Сергеевич (RU)Архипов Андрей Владимирович (RU)Мирошниченко Дмитрий Николаевич (RU)Долгов Сергей Владимирович (RU)Шульга Ольга Альбертовна (RU)Клементьева Анна Александровна (RU)Тимербаев Вадим Рафаилович (RU)Samarina Mariya Alekseevna (RU)Divashuk Mikhail Georgievich (RU)Krupin Pavel Yurevich (RU)Karlov Gennadij Ilich (RU)Bazhenov Mikhail Sergeevich (RU)Arkhipov Andrej Vladimirovich (RU)Miroshnichenko Dmitrij Nikolaevich (RU)Dolgov Sergej Vladimirovich (RU)Shulga Olga Albertovna (RU)Klementeva Anna Aleksandrovna (RU)Timerbaev Vadim Rafailovich (RU),,,(EN) METHOD FOR DETECTING RSR1 GENE EDITING EVENTS IN CEREALS USING SET OF OLIGONUCLEOTIDE SEQUENCES(RU) СПОСОБ ВЫЯВЛЕНИЯ СОБЫТИЙ РЕДАКТИРОВАНИЯ ГЕНА RSR1 У ЗЕРНОВЫХ КУЛЬТУР С ПОМОЩЬЮ НАБОРА ОЛИГОНУКЛЕОТИДНЫХ ПОСЛЕДОВАТЕЛЬНОСТЕЙ,,"(EN) FIELD: biotechnology.
SUBSTANCE: present invention relates to genetic engineering of plants, namely to genetic markers detecting genetic modifications of the RSR1 gene, obtained using CRISPR/Cas9 on genome of durum wheat (Triticum durum) and winter and spring triticale (×Triticosecale). Disclosed is a method based on carrying out a polymerase chain reaction (PCR) with oligonucleotide primers, flanking an intended editing site, with subsequent detection of PCR results using capillary electrophoresis.
EFFECT: invention enables to detect RSR1 gene editing events in cereals, which occur as a result of editing using the CRISPR/Cas9 system.
3 cl, 5 dwg, 1 tbl, 2 ex(RU) Настоящее изобретение относится к области биотехнологии и генной инженерии растений, а именно к генетическим маркерам, выявляющим генетические модификации гена RSR1, полученные с использованием CRISPR/Cas9 на геноме твердой пшеницы (Triticum durum) и озимой и яровой тритикале (×Triticosecale). Раскрыт способ, основанный на проведении полимеразной цепной реакции (ПЦР) с олигонуклеотидными праймерами, фланкирующими сайт предполагаемого редактирования, с последующей детекцией результатов ПЦР с помощью капиллярного электрофореза. Изобретение позволяет выявлять события редактирования гена RSR1 у зерновых культур, возникающие в результате редактирования с помощью системы CRISPR/Cas9. 2 з.п. ф-лы, 5 ил., 1 табл., 2 пр.",,,03.02.2025,,,,,,
,,,,,,,,,,,,,,,,,,,,,,,
,,,,,,,,,,,,,,,,,,,,,,,
RU448817452,2023131565,Russian Federation,01.12.2023,2833963,03.02.2025,C1,"C12N 15/82
					






C12Q 1/686
					






C12Q 1/6876
					






C12Q 1/6806
					








C12N 15/82
					






C12Q 1/686
					






C12Q 1/6876
					






C12Q 1/6806
					






View less classifications",,Самарина Мария Алексеевна (RU)Дивашук Михаил Георгиевич (RU)Крупин Павел Юрьевич (RU)Карлов Геннадий Ильич (RU)Баженов Михаил Сергеевич (RU)Архипов Андрей Владимирович (RU)Мирошниченко Дмитрий Николаевич (RU)Долгов Сергей Владимирович (RU)Шульга Ольга Альбертовна (RU)Клементьева Анна Александровна (RU)Тимербаев Вадим Рафаилович (RU)Samarina Mariya Alekseevna (RU)Divashuk Mikhail Georgievich (RU)Krupin Pavel Yurevich (RU)Karlov Gennadij Ilich (RU)Bazhenov Mikhail Sergeevich (RU)Arkhipov Andrej Vladimirovich (RU)Miroshnichenko Dmitrij Nikolaevich (RU)Dolgov Sergej Vladimirovich (RU)Shulga Olga Albertovna (RU)Klementeva Anna Aleksandrovna (RU)Timerbaev Vadim Rafailovich (RU),,,(EN) METHOD FOR DETECTING ISA1 GENE EDITING EVENTS IN CEREALS USING SET OF OLIGONUCLEOTIDE SEQUENCES(RU) СПОСОБ ВЫЯВЛЕНИЯ СОБЫТИЙ РЕДАКТИРОВАНИЯ ГЕНА ISA1 У ЗЕРНОВЫХ КУЛЬТУР С ПОМОЩЬЮ НАБОРА ОЛИГОНУКЛЕОТИДНЫХ ПОСЛЕДОВАТЕЛЬНОСТЕЙ,,"(EN) FIELD: biotechnology.
SUBSTANCE: present invention relates to genetic engineering of plants, namely to genetic markers detecting genetic modifications of the ISA1 gene, obtained using CRISPR/Cas9 on genome of durum wheat (Triticum durum) and winter and spring triticale (×Triticosecale). Disclosed is a method based on carrying out a polymerase chain reaction (PCR) with oligonucleotide primers, flanking an intended editing site, with subsequent detection of PCR results using capillary electrophoresis.
EFFECT: invention enables to detect ISA1 gene editing events in cereals arising from editing using the CRISPR/Cas9 system.
3 cl, 7 dwg, 1 tbl, 2 ex(RU) Настоящее изобретение относится к области биотехнологии и генной инженерии растений, а именно к генетическим маркерам, выявляющим генетические модификации гена ISA1, полученные с использованием CRISPR/Cas9 на геноме твердой пшеницы (Triticum durum) и озимой и яровой тритикале (×Triticosecale). Раскрыт способ, основанный на проведении полимеразной цепной реакции (ПЦР) с олигонуклеотидными праймерами, фланкирующими сайт предполагаемого редактирования, с последующей детекцией результатов ПЦР с помощью капиллярного электрофореза. Изобретение позволяет выявлять события редактирования гена ISA1 у зерновых культур, возникающие в результате редактирования с помощью системы CRISPR/Cas9. 2 з.п. ф-лы, 7 ил., 1 табл., 2 пр.",,,03.02.2025,,,,,,
,,,,,,,,,,,,,,,,,,,,,,,
,,,,,,,,,,,,,,,,,,,,,,,
,,,,,,,,,,,,,,,,,,,,,,,
,,,,,,,,,,,,,,,,,,,,,,,
,,,,,,,,,,,,,,,,,,,,,,,
,,,,,,,,,,,,,,,,,,,,,,,
,,,,,,,,,,,,,,,,,,,,,,,
,,,,,,,,,,,,,,,,,,,,,,,
,,,,,,,,,,,,,,,,,,,,,,,
,,,,,,,,,,,,,,,,,,,,,,,
,,,,,,,,,,,,,,,,,,,,,,,
,,,,,,,,,,,,,,,,,,,,,,,
,,,,,,,,,,,,,,,,,,,,,,,
,,,,,,,,,,,,,,,,,,,,,,,
,,,,,,,,,,,,,,,,,,,,,,,
,,,,,,,,,,,,,,,,,,,,,,,
,,,,,,,,,,,,,,,,,,,,,,,
,,,,,,,,,,,,,,,,,,,,,,,
,,,,,,,,,,,,,,,,,,,,,,,
,,,,,,,,,,,,,,,,,,,,,,,
,,,,,,,,,,,,,,,,,,,,,,,
,,,,,,,,,,,,,,,,,,,,,,,
,,,,,,,,,,,,,,,,,,,,,,,
,,,,,,,,,,,,,,,,,,,,,,,
,,,,,,,,,,,,,,,,,,,,,,,
,,,,,,,,,,,,,,,,,,,,,,,
,,,,,,,,,,,,,,,,,,,,,,,
,,,,,,,,,,,,,,,,,,,,,,,
,,,,,,,,,,,,,,,,,,,,,,,
,,,,,,,,,,,,,,,,,,,,,,,
,,,,,,,,,,,,,,,,,,,,,,,
,,,,,,,,,,,,,,,,,,,,,,,
,,,,,,,,,,,,,,,,,,,,,,,
,,,,,,,,,,,,,,,,,,,,,,,
,,,,,,,,,,,,,,,,,,,,,,,
,,,,,,,,,,,,,,,,,,,,,,,
,,,,,,,,,,,,,,,,,,,,,,,
,,,,,,,,,,,,,,,,,,,,,,,
,,,,,,,,,,,,,,,,,,,,,,,
,,,,,,,,,,,,,,,,,,,,,,,
,,,,,,,,,,,,,,,,,,,,,,,
,,,,,,,,,,,,,,,,,,,,,,,
,,,,,,,,,,,,,,,,,,,,,,,
,,,,,,,,,,,,,,,,,,,,,,,
CN417778387,202210602147,China,30.05.2022,117187270,08.12.2023,A,"C12N 15/54
					






C12N 9/12
					






C12N 15/82
					






A01H 5/00
					






A01H 6/46
					






C12N 15/113
					








C12N 15/54
					






C12N 9/12
					






C12N 15/82
					






A01H 5/00
					






A01H 6/46
					






C12N 15/113
					






View less classifications",CHINA AGRICULTURAL UNIVERSITY中国农业大学,CHEN LIMEI陈丽梅LI XIDONG李希东WU WEIHUA武维华WANG XIQING王喜庆,,,(EN) Corn gene ZmCPK28 and application thereof in regulation and control of plant growth and development and environmental stress(ZH) 玉米基因ZmCPK28及其在调控植物生长发育和环境胁迫中的应用,,"(EN) The invention discloses a corn gene ZmCPK28, an encoding protein thereof and application of the corn gene ZmCPK28 in regulation and control of plant growth and development and environmental stress. The invention proves that a drought-resistant and dwarf corn plant can be obtained by mutating the ZmCPK28 gene by using a CRISPR/Cas9 gene editing technology; through overexpression of the ZmCPK28 gene in corn, a corn plant with efficient utilization of nitrogen nutrition and high light damage resistance can be obtained.(ZH) 本发明公开了玉米基因ZmCPK28、其编码蛋白、及其在调控植物生长发育和环境胁迫中的应用。本发明证实了通过使用CRISPR/Cas9基因编辑技术突变ZmCPK28基因，可获得抗旱和矮杆的玉米植株；而通过在玉米中过表达ZmCPK28基因，可获得氮营养高效利用、耐高光损伤的玉米植株。",,,,,北京市金杜律师事务所 11256北京市金杜律师事务所 11256,,,,
,,,,,,,,,,,,,,,,,,,,,,,
,,,,,,,,,,,,,,,,,,,,,,,
,,,,,,,,,,,,,,,,,,,,,,,
,,,,,,,,,,,,,,,,,,,,,,,
,,,,,,,,,,,,,,,,,,,,,,,
CN419781600,202311277889,China,28.09.2023,117343161,05.01.2024,A,"C07K 14/78
					






C12N 15/82
					






C12N 5/10
					








C07K 14/78
					






C12N 15/82
					






C12N 5/10
					






View less classifications","JIYINMEIXINSHI LIFE TECHNOLOGY (SHANGHAI) CO., LTD.肌茵美信使酶生命科技（上海）有限公司",NIU XIANGYONG牛向勇,,,(EN) Method for obtaining high-activity and low-toxin type III collagen based on Cpf1 plant genome fixed-point editing(ZH) 基于Cpf1的植物基因组定点编辑获取高活低毒素三型胶原蛋白的方法,,"(EN) The invention discloses a method for obtaining high-activity and low-toxin type III collagen based on Cpf1 plant genome fixed-point editing, which comprises the following steps: designing a single guide RNA sequence; constructing a Cpf1 plasmid according to the RNA sequence; feeding the prepared plasmids into plant cells; screening the edited plant cells and verifying collagen expression; and performing functional analysis and toxicity evaluation on the type III collagen, and improving and optimizing the type III collagen. The Cpf1 has relatively high specificity in a CRISPR-Cas system, accurate fixed-point editing can be realized in a genome, an editing target can be accurately positioned to a required three-type collagen gene region, unnecessary editing is avoided, the three-type collagen gene can be optimized by genome editing, so that the expression level and the production efficiency of the three-type collagen gene are improved, and the Cpf1 has good application prospects. Type III collagen with more activity is generated in plant cells after editing, and Cpf1-based fixed-point editing can help to screen and improve edited products so as to ensure that the products show low toxicity in vivo and in vitro and reduce unnecessary toxicity or side effects.(ZH) 本发明公开了一种基于Cpf1的植物基因组定点编辑获取高活低毒素三型胶原蛋白的方法，包括，设计单导RNA序列；根据RNA序列构建Cpf1质粒；将制备好的质粒送入植物细胞；筛选编辑后的植物细胞并验证胶原蛋白表达；对三型胶原蛋白功能分析和毒性评估并改进优化。本发明Cpf1在CRISPR‑Cas系统中具有较高的特异性，能够在基因组中实现精确的定点编辑，可以精准地将编辑目标定位到所需的三型胶原蛋白基因区域，避免不必要的编辑，基因组编辑可以优化三型胶原蛋白基因，以提高其表达水平和生产效率，导致编辑后植物细胞中产生更多活性的三型胶原蛋白，基于Cpf1的定点编辑可以帮助筛选和改进编辑后的产物，以确保其在体内和体外表现出低毒性，减少不必要的毒性或副作用。",,,,,北京汇众通达知识产权代理事务所(普通合伙) 11622,,,,
,,,,,,,,,,,,,,,,,,,,,,,
,,,,,,,,,,,,,,,,,,,,,,,
,,,,,,,,,,,,,,,,,,,,,,,
,,,,,,,,,,,,,,,,,,,,,,,
,,,,,,,,,,,,,,,,,,,,,,,
,,,,,,,,,,,,,,,,,,,,,,,
CN414523158,202210440534,China,25.04.2022,116987701,03.11.2023,A,"C12N 15/29
					






C12N 15/84
					






C12N 15/113
					






A01H 5/00
					






A01H 6/20
					








C12N 15/29
					






C12N 15/84
					






C12N 15/113
					






A01H 5/00
					






A01H 6/20
					






View less classifications",NANJING AGRICULTURAL UNIVERSITY南京农业大学,LI YING李英ZHANG YUQI张宇祺YU ZHANGHONG虞章红LIU TONGKUN刘同坤ZHANG CHANGWEI张昌伟HOU XILIN侯喜林,,,(EN) Genetic engineering application of BcERF070 gene of non-heading Chinese cabbage(ZH) 不结球白菜BcERF070基因的基因工程应用,,"(EN) According to the application of the BcERF070 gene of the non-heading Chinese cabbage in regulating and controlling the Vc content of the non-heading Chinese cabbage, the research verifies the important role of the BcERF070 gene in the synthetic route of the Vc of the non-heading Chinese cabbage, a CRISPR/Cas9 gene editing vector is constructed and converted into the non-heading Chinese cabbage, compared with a non-transgenic plant, the BcERF070 gene sequence of the transgenic plant is subjected to base substitution, the Vc content of the plant is reduced, and the Vc content of the plant is reduced. Furthermore, the flowering time of the non-heading Chinese cabbage is advanced, the breeding period is shortened, the vegetable quality is improved, and a technical support is provided for creating new germplasm of the non-heading Chinese cabbage.(ZH) 不结球白菜BcERF070基因调控不结球白菜Vc含量中的应用，本研究验证了BcERF070基因在不结球白菜Vc合成途径中的重要作用，构建CRISPR/Cas9基因编辑载体并转化到不结球白菜中，与非转基因植株相比，转基因植株的BcERF070基因序列发生碱基替换，植株Vc含量随之下降，并进而实现了提早不结球白菜开花时间、缩短育种周期、提高蔬菜品质，为创造不结球白菜新种质提供技术支持。",,,,,南京天华专利代理有限责任公司 32218南京天华专利代理有限责任公司 32218,,,,
,,,,,,,,,,,,,,,,,,,,,,,
,,,,,,,,,,,,,,,,,,,,,,,
,,,,,,,,,,,,,,,,,,,,,,,
,,,,,,,,,,,,,,,,,,,,,,,
,,,,,,,,,,,,,,,,,,,,,,,
,,,,,,,,,,,,,,,,,,,,,,,
,,,,,,,,,,,,,,,,,,,,,,,
,,,,,,,,,,,,,,,,,,,,,,,
,,,,,,,,,,,,,,,,,,,,,,,
,,,,,,,,,,,,,,,,,,,,,,,
,,,,,,,,,,,,,,,,,,,,,,,
,,,,,,,,,,,,,,,,,,,,,,,
,,,,,,,,,,,,,,,,,,,,,,,
,,,,,,,,,,,,,,,,,,,,,,,
,,,,,,,,,,,,,,,,,,,,,,,
,,,,,,,,,,,,,,,,,,,,,,,
,,,,,,,,,,,,,,,,,,,,,,,
,,,,,,,,,,,,,,,,,,,,,,,
,,,,,,,,,,,,,,,,,,,,,,,
,,,,,,,,,,,,,,,,,,,,,,,
,,,,,,,,,,,,,,,,,,,,,,,
,,,,,,,,,,,,,,,,,,,,,,,
,,,,,,,,,,,,,,,,,,,,,,,
,,,,,,,,,,,,,,,,,,,,,,,
,,,,,,,,,,,,,,,,,,,,,,,
,,,,,,,,,,,,,,,,,,,,,,,
,,,,,,,,,,,,,,,,,,,,,,,
,,,,,,,,,,,,,,,,,,,,,,,
,,,,,,,,,,,,,,,,,,,,,,,
,,,,,,,,,,,,,,,,,,,,,,,
,,,,,,,,,,,,,,,,,,,,,,,
BR443788587,BR112024017602,Brazil,28.02.2023,US2023063398,28.02.2023,A2,"C12N 9/00
					






C12N 15/00
					






C12N 15/00
					








C12N 9/00
					






C12N 15/00
					






C12N 15/00
					






View less classifications","PAIRWISE PLANTS SERVICES, INC.",SHARON LEIGH GUFFYJOSEPH MATTHEW WATTS,"63/314,598 28.02.2022",,(PT) PROTEÍNAS EFETORAS CRISPR-CAS MODIFICADAS E SEUS MÉTODOS DE USO,,"(PT) PROTEÍNAS EFETORAS CRISPR-CAS MODIFICADAS E SEUS MÉTODOS DE USO. A presente invenção refere-se a proteínas modificadas e métodos de uso de tais proteínas. Também são descritos aqui complexos, composições e sistemas incluindo proteínas modificadas da presente invenção, cada um dos quais pode ser usado para modificar e/ou editar um ácido nucleico alvo. Uma proteína modificada da presente invenção pode ser uma enzima e/ou pode ser uma proteína de ligação ao DNA guiada por RNA.",,,,,"DANNEMANN, SIEMSEN, BIGLER & IPANEMA MOREIRA",,,,
,,,,,,,,,,,,,,,,,,,,,,,
,,,,,,,,,,,,,,,,,,,,,,,
CN426769688,202310574414,China,19.05.2023,117737109,22.03.2024,A,"C12N 15/82
					






C12N 15/29
					






A01H 7/00
					








C12N 15/82
					






C12N 15/29
					






A01H 7/00
					






View less classifications",YANGZHOU UNIVERSITY扬州大学,LIU SI'AN刘思安CHU YIXUAN褚伊萱ZHANG HANYUE张瀚月WAN PENG万鹏WANG LI王莉,,,(EN) Ginkgo gene knockout vector based on CRISPR/Cas9 technology and application thereof(ZH) 一种基于CRISPR/Cas9技术的银杏基因敲除载体及其应用,,"(EN) The invention discloses a gingko gene knockout vector based on a CRISPR/Cas9 technology and application of the gingko gene knockout vector, the gingko gene knockout vector is a CRISPR/Cas9 knockout vector pYLCRISPR-AtU3d-AtU3b-AtU6-1-Cas9 vector, the vector takes a multi-element vector pYLCRISPR/Cas9 Pubi-N as a framework and is connected with an sgRNA element and a Cas9 element at the same time, and the sgRNA element comprises an sgRNA promoter and a target site sequence. The gingko gene knockout vector is constructed, the technical bottleneck that the gingko cannot be subjected to gene editing is broken through for the first time, a gingko plant with the flavone content increased by more than 3 times is obtained by utilizing the technology, a new variety conforming to human expectation can be cultivated through the technology, and the gingko gene knockout vector has important application value.(ZH) 本发明公开了一种基于CRISPR/Cas9技术的银杏基因敲除载体及其应用，所述银杏基因敲除载体为CRISPR/Cas9敲除载体pYLCRISPR‑AtU3d‑AtU3b‑AtU6‑1‑Cas9载体，该载体以多元载体pYLCRISPR/Cas9Pubi‑N为骨架，同时连入了sgRNA元件和Cas9元件，其中sgRNA元件包括sgRNA启动子和靶位点序列。本发明构建银杏基因敲除载体，首次突破了银杏无法进行基因编辑的技术瓶颈，利用该技术获得了黄酮含量提高3倍以上的银杏植株，银杏通过该技术可以培育出符合人类期望的新品种，具有重要的应用价值。",,,,,南京苏高专利商标事务所(普通合伙) 32204,,,,
CN418385121,202210654407,China,10.06.2022,117247437,19.12.2023,A,"C07K 14/415
					






C12N 15/29
					






C12N 15/82
					






A01H 5/02
					






A01H 6/82
					








C07K 14/415
					






C12N 15/29
					






C12N 15/82
					






A01H 5/02
					






A01H 6/82
					






View less classifications","INSTITUTE OF VEGETABLES AND FLOWERS, CHINESE ACADEMY OF AGRICULTURAL SCIENCES中国农业科学院蔬菜花卉研究所",CUI XIA崔霞SONG JIA宋佳SUN SHUAI孙帅LI REN李仁,,,(EN) Gene related to tomato flowering as well as encoding protein and application thereof(ZH) 与番茄开花相关的基因及其编码蛋白与应用,,"(EN) The invention discloses a gene related to tomato flowering as well as an encoding protein and application thereof. The invention specifically discloses a protein FTL2 with an amino acid sequence of SEQ ID No.1 and an application of a coding gene FTL2 (SEQ ID No.2) of the protein FTL2 in regulating and controlling the flowering time of plants. According to the invention, the gene edited tomato obtained by knocking out the FTL2 gene by using a CRISPR/Cas9 gene editing technology has the advantages that the flowering time is obviously advanced, the initial flowering node position is obviously reduced, and the purpose of premature delivery can be achieved. Experiments show that the FTL2 gene has the function of regulating and controlling the tomato flowering time, and the advancing of the tomato flowering time can be obviously promoted by inhibiting the expression of the FTL2 gene. The invention provides important functional genes and breeding materials for genetic improvement of tomato flowering phase regulation and control.(ZH) 本发明公开了与番茄开花相关的基因及其编码蛋白与应用。本发明具体地公开了氨基酸序列是SEQ ID No.1的蛋白质FTL2及其编码基因FTL2(SEQ ID No.2)在调控植物开花时间中的应用。本发明利用CRISPR/Cas9基因编辑技术对FTL2基因进行敲除得到的基因编辑番茄开花时间显著提前，始花节位显著降低，可达到早产的目的。实验表明FTL2基因具有调控番茄开花时间的功能，通过抑制FTL2基因的表达可以显著促进番茄开花时间的提前。本发明为番茄花期调控的遗传改良提供了重要的功能基因和育种材料。",,,,,北京纪凯知识产权代理有限公司 11245,,,,
,,,,,,,,,,,,,,,,,,,,,,,
,,,,,,,,,,,,,,,,,,,,,,,
,,,,,,,,,,,,,,,,,,,,,,,
,,,,,,,,,,,,,,,,,,,,,,,
CN395072475,202211104291,China,09.09.2022,115838757,24.03.2023,A,"C12N 15/84
					






C12N 15/113
					






C12N 15/29
					






A01H 5/00
					






A01H 6/20
					








C12N 15/84
					






C12N 15/113
					






C12N 15/29
					






A01H 5/00
					






A01H 6/20
					






View less classifications",YICHUN UNIVERSITY宜春学院,ZHI TIANTIAN支添添ZHOU ZHOU周舟,,,(EN) Method for creating brassica napus dwarfing material by using gene editing technology and application of brassica napus dwarfing material(ZH) 利用基因编辑技术创制甘蓝型油菜矮化材料的方法和应用,,"(EN) The invention belongs to the technical field of plant genetic engineering and biology, and particularly relates to a method for creating a brassica napus dwarfing material by utilizing a CRISPR/Cas9 gene editing technology and application. According to the method, a brassica napus BnaA06G0083400WE gene is edited by utilizing a CRISPR/Cas9 gene editing technology, so that a brassica napus dwarfing material is obtained; the nucleotide sequence of the coding gene mutant of the brassica napus dwarfing material is SEQ ID NO. 1. The brassica napus BnaA06G0083400WE gene is subjected to gene editing through a CRISPR/Cas9 gene editing technology, dwarfed brassica napus is obtained, and valuable gene resources and germplasm resources are provided for brassica napus breeding; the method has strong characteristics, is easy to obtain, is an effective way for realizing target character improvement and cultivating new materials, and can be applied to camellia oleifera breeding.(ZH) 本发明属于植物基因工程和生物技术领域，特别涉及一种利用CRISPR/Cas9基因编辑技术创制甘蓝型油菜矮化材料的方法和应用。该方法通过利用CRISPR/Cas9基因编辑技术编辑甘蓝型油菜BnaA06G0083400WE基因，获得甘蓝型油菜矮化材料；所述甘蓝型油菜矮化材料的编码基因突变体的核苷酸序列为SEQ ID NO.1。本发明通过CRISPR/Cas9基因编辑技术对甘蓝型油菜BnaA06G0083400WE基因进行基因编辑，得到矮化的甘蓝型油菜，为甘蓝型油菜育种提供宝贵的基因资源和种质资源；该方法特性强，容易获得，是实现目标性状改良，培育新材料的有效途径，可应用于油茶育种中。",,,,,南昌金轩知识产权代理有限公司 36129,,,,
CN322968871,202110085347,China,22.01.2021,112662687,16.04.2021,B,"C12N 15/54
					






C12N 15/82
					






A01H 5/02
					






A01H 6/46
					






C12N 15/113
					






C12Q 1/6895
					








C12N 15/54
					






C12N 15/82
					






A01H 5/02
					






A01H 6/46
					






C12N 15/113
					






C12Q 1/6895
					






View less classifications","HUAZHONG AGRICULTURAL UNIVERSITY华中农业大学JILIN ACADEMY OF AGRICULTURAL SCIENCES吉林省农业科学院WIMI BIOTECHNOLOGY (JIANGSU) CO., LTD.未米生物科技（江苏）有限公司",YAN JIANBING严建兵LIU XIANGGUO刘相国JIN MINLIANG金敏亮XU JIETING许洁婷LIU HAIJUN刘海军YIN YUEJIA尹悦佳HUANG LEI黄磊GUO JIA郭嘉HAN BAOZHU韩宝柱,,,"(EN) Method, kit and gene for postponing flowering phase of corn(ZH) 推迟玉米花期的方法、试剂盒、基因",,"(EN) The invention discloses a method, a kit and a gene capable of postponing the flowering phase of corn. The invention provides a method for editing a GRMZM2G044126 gene sequence by using a CRISPR-Cas9 method so as to delay blooming, and also discloses a mutant gene sequence having a late flowering character after editing. According to the invention, the MYST protein family coding gene GRMZM2G044126 of corn is mutated by using the CRISPR/Cas9 method, and the regulation and control effect of the GRMZM2G044126 gene on the flowering time of the corn is found. By utilizing the CRISPR/Cas9 gene editing method, the flowering time of the corn can be delayed, and the ecological adaptability of the corn to a specific planting area is improved. The invention also provides GRMZM2G044126 mutant genes of a gene editing plant with delayed flowering time, and the mutant genes can cause delay in flowering time of the corn and can be used for cultivating new varieties of late-flowering corn.(ZH) 本发明公开了一种能够推迟玉米花期的方法、试剂盒及基因。本发明提供了利用CRISPR‑Cas9方法编辑GRMZM2G044126基因序列，实现推迟开花的方法，同时公开了编辑后具有晚花性状的突变基因序列。本发明通过利用CRISPR/Cas9方法突变玉米MYST蛋白家族编码基因GRMZM2G044126，发现了GRMZM2G044126基因对玉米开花时间的调控作用。利用CRISPR/Cas9基因编辑的方法，可以推迟玉米的开花时间，提高玉米对特定种植区的生态适应性。本发明还提供了开花时间延迟的基因编辑植株的GRMZM2G044126突变基因，这些突变基因能够造成玉米开花时间延迟，可以用来培育晚花玉米新品种。",,112662687,26.09.2023,,咸宁鸿信专利代理事务所(普通合伙) 42249,,,,
,,,,,,,,,,,,,,,,,,,,,,,
,,,,,,,,,,,,,,,,,,,,,,,
,,,,,,,,,,,,,,,,,,,,,,,
,,,,,,,,,,,,,,,,,,,,,,,
,,,,,,,,,,,,,,,,,,,,,,,
,,,,,,,,,,,,,,,,,,,,,,,
,,,,,,,,,,,,,,,,,,,,,,,
,,,,,,,,,,,,,,,,,,,,,,,
,,,,,,,,,,,,,,,,,,,,,,,
CN426766945,202311791808,China,25.12.2023,117737096,22.03.2024,A,"C12N 15/54
					






C12N 9/12
					






C12N 15/84
					






C12N 15/113
					






A01H 5/00
					






A01H 6/46
					








C12N 15/54
					






C12N 9/12
					






C12N 15/84
					






C12N 15/113
					






A01H 5/00
					






A01H 6/46
					






View less classifications",YUNNAN AGRICULTURAL UNIVERSITY云南农业大学,SHI HUA时华WANG MO王莫LUO QIONG罗琼,,,(EN) Application of rice broad-spectrum resistance regulation related gene OsRLCK107(ZH) 水稻广谱抗性调控相关基因OsRLCK107的应用,,"(EN) The invention provides an application of a gene OsRLCK107 related to rice broad-spectrum resistance regulation and control. The length of an open reading frame of the rice broad-spectrum resistance regulation related gene OsRLCK107 is 1125bp, and the rice broad-spectrum resistance regulation related gene OsRLCK107 is used for coding cytoplasmic receptor-like kinase (RLCK) and consists of 374 amino acids. According to the invention, an overexpression vector OE-OsRLCK107 of the OsRLCK107 is constructed, so that the expression quantity of the OsRLCK107 gene can be obviously improved after the OsRLCK107 gene is transformed into rice. The result of a magnaporthe oryzae inoculation experiment shows that the resistance of an OsRLCK107 gene overexpression plant to magnaporthe oryzae is obviously enhanced. Besides, the rice gene OsRLCK107 is knocked out by adopting a CRISPR/Cas9 gene editing method, and compared with a wild plant, the knockout mutant has the advantages that the resistance to magnaporthe oryzae and bacterial blight is obviously weakened, and the main agronomic traits of the knockout mutant are not obviously changed compared with the wild plant. According to the invention, the function of the OsRLCK107 gene in improving the broad-spectrum resistance of rice is defined, and the gene has important application value in rice disease-resistant breeding and can be used for breeding or cultivating rice disease-resistant related varieties.(ZH) 本发明提供了一种水稻广谱抗性调控相关基因OsRLCK107的应用。所述水稻广谱抗性调控相关基因OsRLCK107的开放阅读框长1125bp，其编码胞质型类受体激酶（Receptor‑like cytoplasmic kinase，RLCK），由374个氨基酸组成。本发明通过构建OsRLCK107的过量表达载体OE‑OsRLCK107，转化水稻后能显著提高OsRLCK107基因的表达量。稻瘟菌接种实验结果显示OsRLCK107基因过量表达植株对稻瘟菌的抗性明显增强。另外，采用CRISPR/Cas9基因编辑的方法对水稻基因OsRLCK107进行敲除，敲除突变体与野生型植株相比，对稻瘟菌和白叶枯菌的抗性明显减弱，而敲除突变体在主要农艺性状上与野生型植株没有明显改变。本发明明确了OsRLCK107基因在提高水稻广谱抗性上的功能，显示该基因在水稻抗病育种上具有重要应用价值，可用于选育或培育水稻抗病相关品种。",,,,,福州元创专利商标代理有限公司 35100福州元创专利商标代理有限公司 35100,,,,
,,,,,,,,,,,,,,,,,,,,,,,
,,,,,,,,,,,,,,,,,,,,,,,
,,,,,,,,,,,,,,,,,,,,,,,
,,,,,,,,,,,,,,,,,,,,,,,
,,,,,,,,,,,,,,,,,,,,,,,
,,,,,,,,,,,,,,,,,,,,,,,
,,,,,,,,,,,,,,,,,,,,,,,
,,,,,,,,,,,,,,,,,,,,,,,
,,,,,,,,,,,,,,,,,,,,,,,
,,,,,,,,,,,,,,,,,,,,,,,
,,,,,,,,,,,,,,,,,,,,,,,
,,,,,,,,,,,,,,,,,,,,,,,
,,,,,,,,,,,,,,,,,,,,,,,
,,,,,,,,,,,,,,,,,,,,,,,
,,,,,,,,,,,,,,,,,,,,,,,
,,,,,,,,,,,,,,,,,,,,,,,
,,,,,,,,,,,,,,,,,,,,,,,
,,,,,,,,,,,,,,,,,,,,,,,
,,,,,,,,,,,,,,,,,,,,,,,
,,,,,,,,,,,,,,,,,,,,,,,
,,,,,,,,,,,,,,,,,,,,,,,
,,,,,,,,,,,,,,,,,,,,,,,
,,,,,,,,,,,,,,,,,,,,,,,
,,,,,,,,,,,,,,,,,,,,,,,
,,,,,,,,,,,,,,,,,,,,,,,
,,,,,,,,,,,,,,,,,,,,,,,
,,,,,,,,,,,,,,,,,,,,,,,
,,,,,,,,,,,,,,,,,,,,,,,
,,,,,,,,,,,,,,,,,,,,,,,
,,,,,,,,,,,,,,,,,,,,,,,
,,,,,,,,,,,,,,,,,,,,,,,
,,,,,,,,,,,,,,,,,,,,,,,
,,,,,,,,,,,,,,,,,,,,,,,
,,,,,,,,,,,,,,,,,,,,,,,
,,,,,,,,,,,,,,,,,,,,,,,
,,,,,,,,,,,,,,,,,,,,,,,
,,,,,,,,,,,,,,,,,,,,,,,
CN421213220,202311656798,China,06.12.2023,117431256,23.01.2024,B,"C12N 15/29
					






C07K 14/415
					






C12N 15/82
					






A01H 5/00
					






A01H 6/46
					








C12N 15/29
					






C07K 14/415
					






C12N 15/82
					






A01H 5/00
					






A01H 6/46
					






View less classifications",NANJING AGRICULTURAL UNIVERSITY南京农业大学,WANG XIUE王秀娥XIAO JIN肖进CHEN YIMING陈一鸣KONG DEHUI孔德卉WANG HAIYAN王海燕YUAN CHUNXIA袁春霞,,,(EN) Wheat yellow mosaic disease-resistant gene TaRx-2D as well as protein coded by wheat yellow mosaic disease-resistant gene TaRx-2D and application thereof(ZH) 一个小麦黄花叶病抗病基因TaRx-2D及其编码的蛋白和应用,,"(EN) The invention discloses a wheat yellow mosaic disease-resistant gene TaRx-2D as well as a protein coded by the wheat yellow mosaic disease-resistant gene TaRx-2D and application of the wheat yellow mosaic disease-resistant gene The cDNA (complementary deoxyribonucleic acid) sequence of the TaRx-2D gene from Yinning wheat is as shown in SEQ ID NO: 1, and the coding amino acid sequence of the TaRx-2D gene is as shown in SEQ ID NO: 3. A mutant obtained by EMS mutagenesis of the TaRx-2D gene, a mutant caused by CRISPR/Cas9 and TaRx-2D gene induced by BSMV are silenced in Yinning wheat, so that the wheat yellow mosaic disease resistance of the Yinning wheat is reduced, and therefore, the gene disclosed by the invention can be combined with an overexpression promoter in a plant, then introduced into a proper expression vector and transformed into a plant host; the wheat yellow mosaic disease resistance of the infected wheat is further changed, and the wheat yield is further improved.(ZH) 本发明公开了一个小麦黄花叶病抗病基因TaRx‑2D及其编码的蛋白和应用。来自仪宁小麦TaRx‑2D基因cDNA序列如SEQ ID NO：1所示，TaRx‑2D基因编码氨基酸序列如SEQ ID NO：3所示。本发明TaRx‑2D基因的EMS诱变得到的突变体、CRISPR/Cas9造成的突变体以及BSMV诱导的TaRx‑2D基因沉默在仪宁小麦中使得其小麦黄花叶病抗性降低，因此可将本发明所述基因与植物中过表达启动子结合后导入合适的表达载体并转化植物宿主，进而改变感病小麦的小麦黄花叶病抗性，进而提高小麦产量。",,117431256,08.03.2024,,南京天华专利代理有限责任公司 32218南京天华专利代理有限责任公司 32218,,,,
,,,,,,,,,,,,,,,,,,,,,,,
,,,,,,,,,,,,,,,,,,,,,,,
,,,,,,,,,,,,,,,,,,,,,,,
,,,,,,,,,,,,,,,,,,,,,,,
,,,,,,,,,,,,,,,,,,,,,,,
CN396415293,202211322491,China,27.10.2022,115976071,18.04.2023,B,"C12N 15/55
					






C12N 9/16
					






C12N 15/82
					






A01H 5/00
					






A01H 6/46
					








C12N 15/55
					






C12N 9/16
					






C12N 15/82
					






A01H 5/00
					






A01H 6/46
					






View less classifications",SHENYANG AGRICULTURAL UNIVERSITY沈阳农业大学,HYUN WON-HO玄元虎CHEN HUAN陈欢WANG CHUANG王创DENG SUREN邓素仁MEI QIONG梅琼SUN QIAN孙倩LI TIANYA李天亚QIU YONGCHUN邱永春GE XIAOTONG盖晓彤YUAN DEPENG苑德鹏CHU JIN褚晋DONG HAI董海,,,(EN) Application of PAP10a gene in regulation and control of rice blast resistance of rice(ZH) PAP10a基因在调控水稻抗稻瘟病中的应用,,"(EN) The invention belongs to the technical field of biological genetic engineering, and particularly relates to application of a PAP10a gene to regulation and control of rice blast resistance of rice. The invention provides application of a PAP10a gene in regulation and control of rice blast resistance of rice. The amino acid sequence of a protein encoded by the PAP10a gene is shown as SEQ ID NO.1. The invention further provides an application of the PAP10a gene in regulation and control of rice blast resistance of rice. According to the invention, a PAP10a gene in receptor rice is edited by virtue of a CRISPR/Cas9 gene editing technology, so that a PAP10a knockout transgenic plant pap10a is obtained. Meanwhile, a PAP10a overexpression transgenic plant PAP10a-OE is obtained through an overexpression transgenic technology. Through inoculation of magnaporthe oryzae Guy11 for resistance identification, it is found that compared with wild type rice, pap10a is more resistant to diseases, and PAP10a-OE is more susceptible to diseases. It is proved that PAP10a is related to resistance of rice to rice blast, and PAP10a can be used for creating new germplasm resistant to rice blast.(ZH) 本发明属于生物基因工程技术领域，具体涉及PAP10a基因在调控水稻抗稻瘟病中的应用。本发明提供了PAP10a基因在调控水稻抗稻瘟病中的应用，所述PAP10a基因编码蛋白质的氨基酸序列如SEQ ID NO.1所示。本发明通过CRISPR/Cas9基因编辑技术，对受体水稻中的PAP10a基因进行编辑，获得PAP10a敲除的转基因植株pap10a。同时通过过表达转基因技术获得PAP10a过表达转基因植株PAP10a‑OE。通过接种稻瘟病菌Guy11进行抗性鉴定发现，与野生型水稻相比，pap10a更加抗病，PAP10a‑OE则更加感病。证实PAP10a与水稻对稻瘟病的抗性相关，可用于创制水稻稻瘟病抗性新种质。",,115976071,21.06.2024,,北京方圆嘉禾知识产权代理有限公司 11385,,,,
,,,,,,,,,,,,,,,,,,,,,,,
,,,,,,,,,,,,,,,,,,,,,,,
,,,,,,,,,,,,,,,,,,,,,,,
,,,,,,,,,,,,,,,,,,,,,,,
,,,,,,,,,,,,,,,,,,,,,,,
,,,,,,,,,,,,,,,,,,,,,,,
,,,,,,,,,,,,,,,,,,,,,,,
,,,,,,,,,,,,,,,,,,,,,,,
,,,,,,,,,,,,,,,,,,,,,,,
,,,,,,,,,,,,,,,,,,,,,,,
,,,,,,,,,,,,,,,,,,,,,,,
,,,,,,,,,,,,,,,,,,,,,,,
,,,,,,,,,,,,,,,,,,,,,,,
,,,,,,,,,,,,,,,,,,,,,,,
,,,,,,,,,,,,,,,,,,,,,,,
,,,,,,,,,,,,,,,,,,,,,,,
CN242190018,201910071782,China,25.01.2019,109705198,03.05.2019,B,"C07K 14/415
					






C12N 15/29
					






C12N 15/82
					






C12N 5/10
					






A01H 5/00
					






A01H 6/46
					








C07K 14/415
					






C12N 15/29
					






C12N 15/82
					






C12N 5/10
					






A01H 5/00
					






A01H 6/46
					






View less classifications",YANGZHOU UNIVERSITY扬州大学,ZUO SHIMIN左示敏ZHANG HUIMIN章慧敏FENG ZHIMING冯志明CHEN ZONGXIANG陈宗祥ZHANG YAFANG张亚芳,,,(EN) Application of OsCKX7 protein and its encoding gene in regulating plant sheath blight resistance(ZH) OsCKX7蛋白质及其编码基因在调控植物纹枯病抗性中的应用,,"(EN) The invention discloses an application of OsCKX7 protein and its encoding gene in regulating plant sheath blight resistance. The application edits OsCKX7 in a recipient rice by a CRISPR/Cas9 gene editing technology, and obtains a new OsCKX7-KO rice line. Through the identification of resistance to sheath blight, the OsCKX7-KO rice new line significantly increases the resistance of rice to sheath blight compared with the wild type control variety. The main agronomic traits and yield traits of OsCKX7-KO rice new lines and control varieties are further compared, and editing of the OsCKX7 gene cannot affect the main agronomic traits and yield traits of rice. The above results indicate that the OsCKX7 gene can regulate rice sheath blight resistance, and the OsCKX7 gene can be used to create thenew germplasm resistant to rice sheath blight.(ZH) 本发明公开了OsCKX7蛋白质及其编码基因在调控植物纹枯病抗性中的应用。本发明通过CRISPR/Cas9基因编辑技术对受体水稻中的OsCKX7进行了编辑，获得OsCKX7‑KO水稻新品系。通过纹枯病抗性鉴定，发现OsCKX7‑KO水稻新品系相对于野生型对照品种，极显著的提高了水稻对纹枯病的抗性。进一步比较了OsCKX7‑KO水稻新品系与对照品种间的主要农艺性状和产量性状，发现对OsCKX7基因进行编辑不影响水稻的主要农艺性状和产量性状。以上结果表明，OsCKX7基因可以调控水稻纹枯病抗性，编辑OsCKX7基因可用于创制水稻纹枯病抗性新种质。",,109705198,19.04.2022,,北京纪凯知识产权代理有限公司 11245,,,,
,,,,,,,,,,,,,,,,,,,,,,,
CN396317043,202211308830,China,25.10.2022,115960950,14.04.2023,A,"C12N 15/82
					






C12N 15/29
					






C07K 14/415
					






A01H 6/82
					






A01H 5/00
					






C12Q 1/6895
					






View more classifications
							






C12N 15/82
					






C12N 15/29
					






C07K 14/415
					






A01H 6/82
					






A01H 5/00
					






C12Q 1/6895
					






C12N 15/11
					






View less classifications",HENAN UNIVERSITY河南大学,ZHU YINGFANG祝英方JIAO ZHIXIN焦志鑫XU RUI许睿,,,"(EN) Tomato SlBBX31 gene, InDel marker and application(ZH) 番茄SlBBX31基因、InDel标记及应用",,"(EN) The invention discloses a tomato SlBBX31 gene, an InDel marker and application of the tomato SlBBX31 gene and the InDel marker. The nucleotide sequence of the SlBBX31 gene is as shown in SEQ ID NO. 1. According to the invention, SlBBX31 is knocked out from tomato MT (micro-Tom) by using a gene editing technology CRISPR-Cas9 and an agrobacterium tumefaciens-mediated stable tomato genetic transformation method for functional verification, which shows that the cold resistance of a tomato plant is reduced due to deletion of the SlBBX31 gene, and meanwhile, the plant with excessive expression of SlBBX31 shows a phenotype with increased cold resistance; the result shows that the SlBBX31 plays an important role in regulating and controlling the tomato to respond to the low-temperature stress response. The analysis on the variation site of the SlBBX31 gene finds that in different anti-susceptibility materials in a tomato group, the promoter region of the SlBBX31 gene has 27 bp insertion/deletion (Indel) variation, the variety with 27 bp base fragment insertion is sensitive to cold stress, the variety without 27 bp base fragment insertion is strong in cold stress resistance, a co-dominant InDel marker is developed by utilizing the deletion mutation site, and the mutation site of the SlBBX31 gene is identified by utilizing the co-dominant InDel marker. The application of the marker can accelerate the breeding process of tomato cold resistance.(ZH) 本发明公开了一种番茄SlBBX31基因、InDel标记及应用，所述SlBBX31基因的核苷酸序列如SEQ ID NO.1所示。本发明利用基因编辑技术CRISPR‑Cas9和农杆菌介导的稳定番茄遗传转化方法将SlBBX31从番茄MT（micro‑Tom）中敲除进行功能验证，得出SlBBX31基因缺失导致番茄植株的耐冷性降低，同时SlBBX31超量表达植株表现出耐冷性增加的表型，表明SlBBX31在调控番茄响应低温胁迫应答中起着重要功能。对SlBBX31基因变异位点分析发现，在番茄群体中不同的抗感材料中，SlBBX31基因的启动子区域有27 bp的插入/缺失（Indel）变异，有27 bp碱基片段插入的品种对冷胁迫敏感，无27 bp碱基片段插入的品种抗冷胁迫能力强，利用该缺失突变位点开发了1个共显性InDel标记，该标记的应用将加速番茄抗冷的育种进程。",,,,,北京华际知识产权代理有限公司 11676,,,,
,,,,,,,,,,,,,,,,,,,,,,,
,,,,,,,,,,,,,,,,,,,,,,,
,,,,,,,,,,,,,,,,,,,,,,,
,,,,,,,,,,,,,,,,,,,,,,,
,,,,,,,,,,,,,,,,,,,,,,,
,,,,,,,,,,,,,,,,,,,,,,,
,,,,,,,,,,,,,,,,,,,,,,,
,,,,,,,,,,,,,,,,,,,,,,,
,,,,,,,,,,,,,,,,,,,,,,,
,,,,,,,,,,,,,,,,,,,,,,,
,,,,,,,,,,,,,,,,,,,,,,,
,,,,,,,,,,,,,,,,,,,,,,,
,,,,,,,,,,,,,,,,,,,,,,,
,,,,,,,,,,,,,,,,,,,,,,,
,,,,,,,,,,,,,,,,,,,,,,,
CN395074893,202211505627,China,28.11.2022,115838724,24.03.2023,B,"C12N 15/113
					






C12N 15/84
					






C12N 15/29
					






C07K 14/415
					






A01H 5/10
					






A01H 6/46
					








C12N 15/113
					






C12N 15/84
					






C12N 15/29
					






C07K 14/415
					






A01H 5/10
					






A01H 6/46
					






View less classifications",JIANGXI AGRICULTURAL UNIVERSITY江西农业大学CHINA NATIONAL RICE RESEARCH INSTITUTE中国水稻研究所,CAI YICONG蔡怡聪QIN LU秦璐ZHONG ZHIHUI钟智慧HE HAOHUA贺浩华HU PEISONG胡培松TANG SHAOQING唐绍清WEI XIANGJIN魏祥进JIAO GUI'AI焦桂爱BIAN JIANMIN边建民XU JIE徐杰ZHOU DAHU周大虎CHEN XIAORONG陈小荣,,,(EN) Oligo DNA group of sgRNA of two fixed-point knockout rice gene OsZFP8 and application of oligo DNA group(ZH) 两个定点敲除水稻基因OsZFP8的sgRNA的oligo DNA组及其应用,,"(EN) The invention discloses an oligo DNA group of sgRNA of two fixed-point knockout rice genes OsZFP8 and application of the oligo DNA group, two sgRNA nucleotide sequences of gene editing OsZFP8 are shown in a sequence table SEQ ID NO.1 and SEQ ID NO.2, a Crispr Cas9 gene editing carrier is constructed, an agrobacterium-mediated method is used for transforming rice callus, a positive transgenic plant is obtained through screening and identification, and the rice OsZFP8 gene is knocked out. The chalky grain rate of the rice mutants with two different mutation modes obtained by utilizing a Crispr Cas9 gene editing system is obviously increased, and the endosperm of the rice is opaque. A wild type normal functional OsZFP8 gene CDS sequence is introduced into a mutant through a transgenic method, so that mutant rice endosperm can be restored to a wild type transparent phenotype. The sgRNA prepared by the invention can efficiently, quickly and accurately edit the rice OsZFP8 gene in a targeted manner, and has certain significance in fundamental research (rice endosperm development and rice quality molecular mechanism) and production practice (rice quality improvement).(ZH) 本发明公开了一种两个定点敲除水稻基因OsZFP8的sgRNA的oligo DNA组及其应用，基因编辑OsZFP8的两个sgRNA核苷酸序列如序列表SEQ ID NO.1和SEQ ID NO.2所示，通过构建Crispr Cas9基因编辑载体利用农杆菌介导法转化水稻愈伤组织，筛选鉴定获取阳性转基因植株，实现对水稻OsZFP8基因的敲除。利用Crispr Cas9基因编辑系统获取的两种不同突变方式的突变体稻米均出现垩白粒率显著增高，稻米胚乳呈不透明状。通过转基因方法将野生型正常有功能的OsZFP8基因CDS序列导入突变体中，可使突变体稻米胚乳恢复到野生型透明表型。利用本发明制备的sgRNA可高效、快速、精确靶向编辑水稻OsZFP8基因，在基础研究(水稻胚乳发育与稻米品质分子机理)和生产实践(水稻品质改良)上具有一定的意义。",,115838724,11.02.2025,,CAI YICONG蔡怡聪QIN LU秦璐ZHONG ZHIHUI钟智慧HE HAOHUA贺浩华HU PEISONG胡培松TANG SHAOQING唐绍清WEI XIANGJIN魏祥进JIAO GUI'AI焦桂爱BIAN JIANMIN边建民XU JIE徐杰ZHOU DAHU周大虎CHEN XIAORONG陈小荣,,,,
,,,,,,,,,,,,,,,,,,,,,,,
,,,,,,,,,,,,,,,,,,,,,,,
,,,,,,,,,,,,,,,,,,,,,,,
,,,,,,,,,,,,,,,,,,,,,,,
,,,,,,,,,,,,,,,,,,,,,,,
,,,,,,,,,,,,,,,,,,,,,,,
,,,,,,,,,,,,,,,,,,,,,,,
,,,,,,,,,,,,,,,,,,,,,,,
,,,,,,,,,,,,,,,,,,,,,,,
,,,,,,,,,,,,,,,,,,,,,,,
,,,,,,,,,,,,,,,,,,,,,,,
,,,,,,,,,,,,,,,,,,,,,,,
,,,,,,,,,,,,,,,,,,,,,,,
,,,,,,,,,,,,,,,,,,,,,,,
,,,,,,,,,,,,,,,,,,,,,,,
,,,,,,,,,,,,,,,,,,,,,,,
,,,,,,,,,,,,,,,,,,,,,,,
,,,,,,,,,,,,,,,,,,,,,,,
,,,,,,,,,,,,,,,,,,,,,,,
,,,,,,,,,,,,,,,,,,,,,,,
,,,,,,,,,,,,,,,,,,,,,,,
,,,,,,,,,,,,,,,,,,,,,,,
,,,,,,,,,,,,,,,,,,,,,,,
,,,,,,,,,,,,,,,,,,,,,,,
,,,,,,,,,,,,,,,,,,,,,,,
,,,,,,,,,,,,,,,,,,,,,,,
,,,,,,,,,,,,,,,,,,,,,,,
,,,,,,,,,,,,,,,,,,,,,,,
,,,,,,,,,,,,,,,,,,,,,,,
,,,,,,,,,,,,,,,,,,,,,,,
,,,,,,,,,,,,,,,,,,,,,,,
,,,,,,,,,,,,,,,,,,,,,,,
,,,,,,,,,,,,,,,,,,,,,,,
,,,,,,,,,,,,,,,,,,,,,,,
,,,,,,,,,,,,,,,,,,,,,,,
,,,,,,,,,,,,,,,,,,,,,,,
,,,,,,,,,,,,,,,,,,,,,,,
,,,,,,,,,,,,,,,,,,,,,,,
,,,,,,,,,,,,,,,,,,,,,,,
,,,,,,,,,,,,,,,,,,,,,,,
,,,,,,,,,,,,,,,,,,,,,,,
,,,,,,,,,,,,,,,,,,,,,,,
,,,,,,,,,,,,,,,,,,,,,,,
,,,,,,,,,,,,,,,,,,,,,,,
,,,,,,,,,,,,,,,,,,,,,,,
,,,,,,,,,,,,,,,,,,,,,,,
,,,,,,,,,,,,,,,,,,,,,,,
,,,,,,,,,,,,,,,,,,,,,,,
,,,,,,,,,,,,,,,,,,,,,,,
,,,,,,,,,,,,,,,,,,,,,,,
,,,,,,,,,,,,,,,,,,,,,,,
,,,,,,,,,,,,,,,,,,,,,,,
,,,,,,,,,,,,,,,,,,,,,,,
,,,,,,,,,,,,,,,,,,,,,,,
,,,,,,,,,,,,,,,,,,,,,,,
,,,,,,,,,,,,,,,,,,,,,,,
,,,,,,,,,,,,,,,,,,,,,,,
,,,,,,,,,,,,,,,,,,,,,,,
CN107128313,201410210447,China,16.05.2014,103981212,13.08.2014,B,"C12N 15/82
					






A01H 4/00
					






A01H 5/00
					








C12N 15/82
					






A01H 4/00
					






A01H 5/00
					






View less classifications",安徽省农业科学院水稻研究所,魏鹏程杨剑波李莉宋丰顺马卉倪金龙秦瑞英李浩陆徐忠杨亚春,,,(EN) Breeding method capable of changing glume color of rice varieties with yellow glume to brownness(ZH) 将黄色颖壳的水稻品种的颖壳颜色改为褐色的育种方法,,"(EN) The invention provides a breeding method capable of changing the glume color of rice varieties with yellow glume to brownness. The breeding method comprises the following steps: selecting a target fragment in an extron region of a glume color determining gene OsCAD2, constructing a plant CRISPR/Cas9 targeting recombinant vector, guiding the recombination vector into a rice cell, regenerating the rice cell into seedlings, and sequencing genome target fragments of regenerated strains so as to obtain the strains, two allelic genes OsCAD2 of which simultaneously suffer function deletion mutation. Through phenotype identification, the change of the glume color is realized. Experiments prove that the breeding method can quickly change the glume color of the rice varieties.(ZH) 
本发明提供了一种将黄色颖壳的水稻品种的颖壳颜色改为褐色的育种方法，包含以下步骤：在颖壳颜色决定基因OsCAD2外显子区选取靶标片段并构建植物CRISPR/Cas9打靶重组载体，导入水稻细胞并再生成苗，在通过对再生株系基因组目标片段的测序，获取携带两个等位OsCAD2基因同时发生功能缺失突变的株系，经过表型鉴定，实现颖壳颜色的改变。实验表明，本方法可快速改变水稻品种的颖壳颜色。",,103981212,01.06.2016,,北京律谱知识产权代理事务所(普通合伙) 11457,,,,
,,,,,,,,,,,,,,,,,,,,,,,
,,,,,,,,,,,,,,,,,,,,,,,
,,,,,,,,,,,,,,,,,,,,,,,
,,,,,,,,,,,,,,,,,,,,,,,
,,,,,,,,,,,,,,,,,,,,,,,
,,,,,,,,,,,,,,,,,,,,,,,
,,,,,,,,,,,,,,,,,,,,,,,
,,,,,,,,,,,,,,,,,,,,,,,
CN426589728,202410081091,China,19.01.2024,117721090,19.03.2024,A,"C12N 9/12
					






C12N 15/82
					






C12N 15/54
					






A01H 5/00
					






A01H 6/46
					








C12N 9/12
					






C12N 15/82
					






C12N 15/54
					






A01H 5/00
					






A01H 6/46
					






View less classifications","HUAZHONG AGRICULTURAL UNIVERSITY华中农业大学HUBEI DAODAO HONGYE BIOTECHNOLOGY CO., LTD.湖北稻道鸿业生物科技有限公司HUBEI HONGSHAN LABORATORY湖北洪山实验室HUBEI SHUANGSHUI SHUANGLV BIOTECHNOLOGY CO., LTD.湖北双水双绿生物科技有限公司",XIONG LIZHONG熊立仲YE TIANTIAN叶田田XIONG HAIYAN熊海燕WANG HUAIJUN王怀军LAI XUELEI赖雪雷,,,(EN) Application of OsCRK13 gene in controlling low temperature resistance of rice(ZH) OsCRK13基因在控制水稻耐低温性中的应用,,"(EN) The invention belongs to the technical field of plant genetic engineering, and discloses application of an OsCRK13 gene in controlling low temperature resistance of rice. According to the invention, the OsCRK13 gene capable of improving the low-temperature tolerance of rice is obtained through separation, cloning and functional verification. The nucleotide sequence of the OsCRK13 gene is as shown in SEQ ID NO: 1, and the sequence of protein coded by the gene is as shown in SEQ ID NO: 2. The gene OsCRK13 for controlling rice low-temperature response is cloned, CRISPR mutant phenotype identification is carried out on candidate genes, seedling stage low-temperature stress phenotype identification shows that when a gene segment is deleted, the low-temperature stress resistance of rice is reduced, and the function and the application way of the gene are proved.(ZH) 本发明属于植物基因工程技术领域，公开了OsCRK13基因在控制水稻耐低温性中的应用。本发明通过分离、克隆和通过功能验证得到一种能够提高水稻对低温耐受能力的OsCRK13基因。所述OsCRK13基因的核苷酸序列如SEQ ID NO:1所示，该基因编码的蛋白质序列如SEQ ID:2所示。本发明克隆到控制水稻低温应答基因OsCRK13，并对候选基因进行CRISPR突变体表型鉴定，通过苗期低温胁迫表型鉴定表明，缺失该基因片段时，水稻耐低温胁迫能力降低，证实了该基因的功能及应用途径。",,,,,武汉宇晨专利事务所(普通合伙) 42001,,,,
,,,,,,,,,,,,,,,,,,,,,,,
,,,,,,,,,,,,,,,,,,,,,,,
,,,,,,,,,,,,,,,,,,,,,,,
,,,,,,,,,,,,,,,,,,,,,,,
,,,,,,,,,,,,,,,,,,,,,,,
,,,,,,,,,,,,,,,,,,,,,,,
,,,,,,,,,,,,,,,,,,,,,,,
,,,,,,,,,,,,,,,,,,,,,,,
,,,,,,,,,,,,,,,,,,,,,,,
,,,,,,,,,,,,,,,,,,,,,,,
,,,,,,,,,,,,,,,,,,,,,,,
,,,,,,,,,,,,,,,,,,,,,,,
,,,,,,,,,,,,,,,,,,,,,,,
,,,,,,,,,,,,,,,,,,,,,,,
,,,,,,,,,,,,,,,,,,,,,,,
,,,,,,,,,,,,,,,,,,,,,,,
,,,,,,,,,,,,,,,,,,,,,,,
,,,,,,,,,,,,,,,,,,,,,,,
,,,,,,,,,,,,,,,,,,,,,,,
,,,,,,,,,,,,,,,,,,,,,,,
,,,,,,,,,,,,,,,,,,,,,,,
,,,,,,,,,,,,,,,,,,,,,,,
,,,,,,,,,,,,,,,,,,,,,,,
,,,,,,,,,,,,,,,,,,,,,,,
,,,,,,,,,,,,,,,,,,,,,,,
,,,,,,,,,,,,,,,,,,,,,,,
,,,,,,,,,,,,,,,,,,,,,,,
,,,,,,,,,,,,,,,,,,,,,,,
,,,,,,,,,,,,,,,,,,,,,,,
,,,,,,,,,,,,,,,,,,,,,,,
,,,,,,,,,,,,,,,,,,,,,,,
,,,,,,,,,,,,,,,,,,,,,,,
,,,,,,,,,,,,,,,,,,,,,,,
,,,,,,,,,,,,,,,,,,,,,,,
CN395093302,202211478214,China,23.11.2022,115851763,28.03.2023,A,"C12N 15/29
					






C07K 14/415
					






C12N 15/82
					






C12N 1/21
					






C12N 15/113
					






C12N 15/11
					






View more classifications
							






C12N 15/29
					






C07K 14/415
					






C12N 15/82
					






C12N 1/21
					






C12N 15/113
					






C12N 15/11
					






A01H 5/00
					






A01H 6/82
					






C12R 1/01
					






View less classifications",NANJING UNIVERSITY南京大学,SHAO ZHUQING邵珠卿ZENG ZHEN曾桢,,,"(EN) Gene for regulating tomato growth and development, knockout method and application(ZH) 一种调控番茄生长发育的基因及敲除方法和应用",,"(EN) The invention discloses a gene for regulating and controlling growth and development of tomatoes as well as a knockout method and application of the gene. The nucleotide sequence of the gene is shown as SEQ ID NO.2. The method comprises the following steps: designing CRISPR/Cas9guideRNA for a PHO2 gene in the tomatoes, constructing a knockout vector by utilizing a pCC vector, obtaining a knockout plant of the PHO2 gene by utilizing tissue culture and agrobacterium infection, and identifying that the PHO2 gene is knocked out by gene sequencing through a Sanger method; through knockout of the gene SEQ ID NO.2, the tomato growth cycle can be prolonged, and the continuous flowering and fruiting capability can be maintained.(ZH) 本发明公开了一种调控番茄生长发育的基因及敲除方法和应用，它的核苷酸序列如SEQ ID NO.2所示，通过对番茄中PHO2基因设计CRISPR/Cas9guideRNA并利用pCC载体构建敲除载体，利用组培和农杆菌侵染得到PHO2基因的敲除植株，通过Sanger法基因测序鉴定PHO2基因被敲除；本发明通过对基因SEQ ID NO.2的敲除可以延长番茄生长周期并保持持续的开花结果能力。",,,,,南京新众合专利代理事务所(普通合伙) 32534,,,,
,,,,,,,,,,,,,,,,,,,,,,,
,,,,,,,,,,,,,,,,,,,,,,,
,,,,,,,,,,,,,,,,,,,,,,,
,,,,,,,,,,,,,,,,,,,,,,,
,,,,,,,,,,,,,,,,,,,,,,,
,,,,,,,,,,,,,,,,,,,,,,,
CN107128185,201410209552,China,16.05.2014,103981211,13.08.2014,B,"C12N 15/82
					






A01H 4/00
					






A01H 5/00
					








C12N 15/82
					






A01H 4/00
					






A01H 5/00
					






View less classifications",安徽省农业科学院水稻研究所,倪大虎杨剑波魏鹏程马卉李浩李莉倪金龙陆徐忠宋丰顺杨亚春,,,(EN) Breeding method for preparing closed glume pollination rice material(ZH) 一种创制闭颖授粉水稻材料的育种方法,,"(EN) The invention relates to a breeding method for preparing a closed glume pollination rice material. The method comprises the following steps: selecting target segments in an exon area of a rice closed glume pollination determining gene DEP2, establishing a plant CRISPR/Cas9 target recombinant carrier, introducing into rice cells and regenerating into seedlings, shearing to cause function deletion mutation of the rice cell DEP2 gene, and sequencing the target segments of the regenerated stain genome to obtain stains which carry two equipotential DEP2 genes and at the same time have function deletion mutation, wherein phenotype identification shows that the regenerated strains are converted into closed glume from opened glume in blooming and pollination. The experiment shows that by adopting the method, the closed glume pollination rice material can be rapidly obtained.(ZH) 本发明涉及一种创制闭颖授粉水稻材料的育种方法，包含以下步骤：在水稻闭颖授粉决定基因DEP2外显子区选取靶标片段并构建植物CRISPR/Cas9打靶重组载体，导入水稻细胞并再生成苗，通过剪切造成水稻细胞DEP2基因出现功能缺失突变，在通过对再生株系基因组目标片段的测序，获取携带两个等位DEP2基因同时发生功能缺失突变的株系，经过表型鉴定，确认再生植株开花授粉由开颖转为闭颖。实验表明，本方法可快速获得闭颖授粉水稻材料。",,,103981211,,北京律谱知识产权代理事务所(普通合伙) 11457,,,,
,,,,,,,,,,,,,,,,,,,,,,,
,,,,,,,,,,,,,,,,,,,,,,,
,,,,,,,,,,,,,,,,,,,,,,,
,,,,,,,,,,,,,,,,,,,,,,,
,,,,,,,,,,,,,,,,,,,,,,,
,,,,,,,,,,,,,,,,,,,,,,,
,,,,,,,,,,,,,,,,,,,,,,,
,,,,,,,,,,,,,,,,,,,,,,,
,,,,,,,,,,,,,,,,,,,,,,,
,,,,,,,,,,,,,,,,,,,,,,,
,,,,,,,,,,,,,,,,,,,,,,,
,,,,,,,,,,,,,,,,,,,,,,,
,,,,,,,,,,,,,,,,,,,,,,,
,,,,,,,,,,,,,,,,,,,,,,,
,,,,,,,,,,,,,,,,,,,,,,,
,,,,,,,,,,,,,,,,,,,,,,,
,,,,,,,,,,,,,,,,,,,,,,,
,,,,,,,,,,,,,,,,,,,,,,,
,,,,,,,,,,,,,,,,,,,,,,,
,,,,,,,,,,,,,,,,,,,,,,,
,,,,,,,,,,,,,,,,,,,,,,,
SG361458992,11202203928S,Singapore,15.10.2020,11202203928S,24.05.2022,A1,"C12N 9/88
					






C12N 15/62
					






C12N 9/10
					








C12N 9/88
					






C12N 15/62
					






C12N 9/10
					






View less classifications","PAIRWISE PLANTS SERVICES, INC.","WATTS, Joseph MatthewJALI, Sathya Sheela","62/916,392 17.10.2019 US",,(EN) VARIANTS OF CAS12A NUCLEASES AND METHODS OF MAKING AND USE THEREOF,,(EN) This invention relates to variants of Cas12a nucleases having altered protospacer adjacent motif recognition specificity. The invention further relates to methods of making CRISPR-CAS nuclease variants and methods of modifying nucleic acids using the variants.,"US20210115421

JP2022552409

EP4045643

CN114829595

KR1020220097408

BR112022007125

CA3157707

AU2020366358

WO/2021/076682

IL292117

NZ787124

CL2022000937

MX2022004549

BR112022007125This application is not viewable in PATENTSCOPE because the national phase entry has not been published yet or the national entry is issued from a country that does not share data with WIPO or there is a formatting issue or an unavailability of the application.

US20240076639

US20240076640

CL2024001733

CL2024001734

CL2024001737",,,,,,,,
,,,,,,,,,,,,,,,,,,,,,,,
,,,,,,,,,,,,,,,,,,,,,,,
,,,,,,,,,,,,,,,,,,,,,,,
,,,,,,,,,,,,,,,,,,,,,,,
,,,,,,,,,,,,,,,,,,,,,,,
,,,,,,,,,,,,,,,,,,,,,,,
,,,,,,,,,,,,,,,,,,,,,,,
,,,,,,,,,,,,,,,,,,,,,,,
,,,,,,,,,,,,,,,,,,,,,,,
,,,,,,,,,,,,,,,,,,,,,,,
,,,,,,,,,,,,,,,,,,,,,,,
NZ358654086,787124,New Zealand,11.04.2022,787124,29.04.2022,A,"C12N 9/88
					






C12N 15/62
					






C12N 9/10
					








C12N 9/88
					






C12N 15/62
					






C12N 9/10
					






View less classifications","PAIRWISE PLANTS SERVICES, INC.","WATTS, Joseph MatthewJALI, Sathya Sheela","62/916,392 17.10.2019 US",,(EN) VARIANTS OF CAS12A NUCLEASES AND METHODS OF MAKING AND USE THEREOF,,(EN) This invention relates to variants of Cas12a nucleases having altered protospacer adjacent motif recognition specificity. The invention further relates to methods of making CRISPR-CAS nuclease variants and methods of modifying nucleic acids using the variants.,"US20210115421

JP2022552409

EP4045643

CN114829595

KR1020220097408

BR112022007125

CA3157707

SG11202203928S

AU2020366358

WO/2021/076682

IL292117

CL2022000937

MX2022004549

BR112022007125This application is not viewable in PATENTSCOPE because the national phase entry has not been published yet or the national entry is issued from a country that does not share data with WIPO or there is a formatting issue or an unavailability of the application.

US20240076639

US20240076640

CL2024001733

CL2024001734

CL2024001737",,,,RnB IP Pty Ltd,,,,
,,,,,,,,,,,,,,,,,,,,,,,
UY335048793,1038992,Uruguay,18.12.2020,1038992,30.07.2021,A,"A01H 1/00
					








A01H 1/00
					






View less classifications","Pairwise Plants Services, Inc.","Wilding Crawford, Brian Charles","62/951,593 20.12.2019 US",,(ES) MUTACIÓN DE LOS FACTORES DE TRANSCRIPCIÓN DE LA FAMILIA DE FACTORES REGULADORES DE CRECIMIENTO PARA MEJORAR EL CRECIMIENTO DE PLANTAS,,"(ES) La presente invención se refiere a composiciones y métodos para modificar los factores de transcripción de la familia del Factor Regulador del Crecimiento (GRF) en las plantas para producir plantas que tengan características fenotípicas mejoradas, incluido un mayor crecimiento. Asimismo, se refiere a las plantas producidas utilizando los métodos y composiciones de la invención. También se refiere a métodos de edición génica de plantas para editar un gen endógeno de una planta y a complejos que comprende una proteína efectora CRISPR-Cas y ácidos nucleicos que codifican los mismos.","CA3165169

WO/2021/127341

US20210189414

BR112022012091

CN115103590

EP4075950

AR120866

BR112022012091This application is not viewable in PATENTSCOPE because the national phase entry has not been published yet or the national entry is issued from a country that does not share data with WIPO or there is a formatting issue or an unavailability of the application.

MX2022007766

IN202247037252

US20240263189",,,,JUAN LAPENNE DE SALTERAIN,,,,
,,,,,,,,,,,,,,,,,,,,,,,
,,,,,,,,,,,,,,,,,,,,,,,
,,,,,,,,,,,,,,,,,,,,,,,
,,,,,,,,,,,,,,,,,,,,,,,
,,,,,,,,,,,,,,,,,,,,,,,
,,,,,,,,,,,,,,,,,,,,,,,
,,,,,,,,,,,,,,,,,,,,,,,
,,,,,,,,,,,,,,,,,,,,,,,
CN251337903,201910400170,China,15.05.2019,110157715,23.08.2019,B,"C12N 15/29
					






C12N 15/82
					






A01H 5/00
					






A01H 6/46
					








C12N 15/29
					






C12N 15/82
					






A01H 5/00
					






A01H 6/46
					






View less classifications",CHEN CHAO陈超,CHEN CHAO陈超LONG KAI龙凯ZHANG JIAXI张嘉禧XIE SHAOXUN谢少洵HUANG RUIPENG黄瑞鹏LI ZHIPENG李志鹏,,,(EN) Experimental method for increasing yield of high-amylose corn through knockout of ZmPAD1 gene(ZH) 一种敲除ZmPAD1基因提升高直链玉米产量的实验方法,,"(EN) The invention discloses an experimental method for increasing the yield of high-amylose corn through knockout of a ZmPAD1 gene, and belongs to the field of genetic engineering. The experimental methodmainly comprises the step of constructing a ZmPAD1 gene knockout CRISPR/Cas9 carrier to obtain a ZmPAD1 gene knockout high-amylose corn plant. According to the method, the interaction of ZmPAD1 protein with a corn starch branching enzyme SBEIIb is utilized, and by adjusting the modification effect of ZmPAD1 on a starch synthesis process in which a major gene ZmSBEII participates, the average weight of corn kernels is increased. The genetic engineering method has important practical significance in utilizing a starch synthesis modification gene for increasing the yield of corn of a special type.(ZH) 本发明公开了一种敲除ZmPAD1基因提升高直链玉米产量的实验方法，属于基因工程领域，主要包括：构建ZmPAD1基因敲除CRISPR/Cas9载体，获得ZmPAD1基因敲除的高直链淀粉玉米植株。该方法利用ZmPAD1蛋白对玉米淀粉分支酶SBEIIb的相互作用，通过调节ZmPAD1对主基因ZmSBEII参与的淀粉合成过程的修饰作用提升玉米籽粒平均重量。该基因工程方法的实现对利用淀粉合成修饰基因提升特种玉米的产量具有重要的实践意义。",,,31.03.2023,"C07K 14/415
					






C12N 15/8218
					






C12N 15/8245
					








C07K 14/415
					






C12N 15/8218
					






C12N 15/8245
					






View less classifications",,,,,
,,,,,,,,,,,,,,,,,,,,,,,
US323751145,17005090,United States of America,27.08.2020,20210139926,13.05.2021,A1,"C12N 15/82
					






C12N 15/11
					






C12N 15/113
					








C12N 15/82
					






C12N 15/11
					






C12N 15/113
					






View less classifications",KWS SAAT SE & CO. KGaA,Brent TRAUTERMAN,,,(EN) PLANT GENOME EDITING,,"(EN) 
The present invention relates to a nucleic acid cassette for improved genome editing by transiently silencing non-homologous end joining (NHEJ) and/or microhomology-mediated end joining (MMEJ) pathways during the editing process. A nucleic acid cassette according to the invention comprises (a) at least one RNA interference (RNAi) component, (b) at least one CRISPR guide RNA component and (c) at least one RNA activating unit, wherein the nucleic acid cassette is suitable for the simultaneous expression of at least one sequence encoding an RNA interference (RNAi) component and at least one sequence encoding a CRISPR guide RNA component. The invention further provides methods for modification of at least one genomic target sequence in a cell, wherein a nucleic acid cassette according to the invention and an RNA-guided site-specific nuclease is introduced in the cell and editing of the target sequence takes place while NHEJ and/or MMEJ pathways are silenced.",,,,"C12N 15/11
					






C12N 15/8218
					






C12N 2310/121
					






C12N 2310/20
					






C12N 2310/14
					






C12N 15/113
					








C12N 15/11
					






C12N 15/8218
					






C12N 2310/121
					






C12N 2310/20
					






C12N 2310/14
					






C12N 15/113
					






View less classifications",,,,,
CN321742904,202011512016,China,19.12.2020,112575026,30.03.2021,B,"C12N 15/82
					






C12N 15/84
					






C12N 15/66
					






C12N 15/55
					






C12N 15/29
					






A01H 5/00
					






View more classifications
							






C12N 15/82
					






C12N 15/84
					






C12N 15/66
					






C12N 15/55
					






C12N 15/29
					






A01H 5/00
					






A01H 5/10
					






A01H 6/46
					






View less classifications","INSTITUTE OF PLANT PROTECTION, CHINESE ACADEMY OF AGRICULTURAL SCIENCES中国农业科学院植物保护研究所",NING YUESE宁约瑟TAO HUI陶辉,,,(EN) Application of combined knockout of rice susceptible genes in creation of broad-spectrum disease-resistant material(ZH) 一种组合敲除水稻感病基因在创制广谱抗病材料上的应用,,"(EN) The invention discloses an application of combined knockout of rice susceptible genes in creation of a broad-spectrum disease-resistant material, and the rice blast and bacterial blight resistance ofrice is improved by combined knockout of the rice susceptible genes through a CRISPR/Cas9 gene editing technology. The invention discloses a rice three-susceptibility related gene combined knockout mutant material, and proves that the bxp three-knockout mutant material not only improves the resistance of rice to magnaporthe grisea, but also improves the resistance to bacterial blight, and comparedwith single mutation, the disease resistance levels of three mutants have a superposition effect. Broad-spectrum disease resistance is achieved, and compared with a control group, the bxp triple-knock mutant has no obvious change in agronomic traits.(ZH) 本发明公开了一种组合敲除水稻感病基因在创制广谱抗病材料上的应用，通过CRISPR/Cas9基因编辑技术组合敲除水稻的感病基因，从而提高水稻抗稻瘟病和白叶枯病的能力。本发明公开了水稻3个感病相关基因组合敲除突变体材料，证实了bxp三敲突变体材料不仅提高了水稻对稻瘟病菌的抗性，还提高了对白叶枯病的抗性，而且相比单突变，三突变体的抗病性水平存在叠加效应。在实现广谱抗病的同时，bxp三敲突变体与对照相比农艺性状无明显变化。",,,,"C12N 15/8218
					






C12N 15/8281
					






C12N 15/8282
					






C12N 9/22
					






C07K 14/415
					








C12N 15/8218
					






C12N 15/8281
					






C12N 15/8282
					






C12N 9/22
					






C07K 14/415
					






View less classifications",成都方圆聿联专利代理事务所(普通合伙) 51241,,,,
,,,,,,,,,,,,,,,,,,,,,,,
CN398217589,202310177864.X,China,28.02.2023,116064594,05.05.2023,A,"C12N 15/29
					






C07K 14/415
					






C12N 15/84
					






A01H 5/08
					






A01H 6/82
					








C12N 15/29
					






C07K 14/415
					






C12N 15/84
					






A01H 5/08
					






A01H 6/82
					






View less classifications",ZHEJIANG UNIVERSITY浙江大学,SHI KAI师恺LIANG XIAO梁潇WANG JIAO王娇WANG ANRAN王安然LUO QIAN罗倩LIU HUA刘画,,,(EN) Method for synergistically improving tomato yield and fruit quality by using G protein gene SlGGC1(ZH) 一种利用G蛋白基因SlGGC1协同改良番茄产量和果实品质的方法,,"(EN) The invention discloses a method for synergistically improving tomato yield and fruit quality by using a G protein gene SlGGC1, and belongs to the technical field of biology, and the method specifically comprises the step of knocking out or silencing the SlGGC1 gene in tomatoes. A tomato SlGGC1 gene editing mutant is obtained by utilizing a CRISPR/Cas9 gene editing technology, and the mutant is found to be faster in growth speed and obviously improved in yield compared with a wild plant, the content of vitamin C in fruits is increased, the content of carotenoid is increased, and the quality of tomato fruits is improved; the method can be used for high-yield high-quality tomato germplasm(ZH) 本发明公开了一种利用G蛋白基因SlGGC1协同改良番茄产量和果实品质的方法，属于生物技术领域，所述方法具体为将番茄中的SlGGC1基因敲除或沉默。本发明利用CRISPR/Cas9基因编辑技术获得番茄SlGGC1基因编辑突变体，发现该突变体较野生型植株生长速度更快、产量明显提高，且果实中的维生素C含量提高，类胡萝卜素含量增加，番茄果实品质提升；可用于高产优质番茄种质选育。",,,,"C07K 14/415
					






C12N 15/8261
					






C12N 15/8243
					






C12N 15/825
					






C12N 15/8216
					








C07K 14/415
					






C12N 15/8261
					






C12N 15/8243
					






C12N 15/825
					






C12N 15/8216
					






View less classifications",杭州天勤知识产权代理有限公司 33224,,,,
CN398587677,202310013572,China,05.01.2023,116121265,16.05.2023,A,"C12N 15/29
					






C12N 15/84
					






A01H 5/00
					






A01H 6/82
					








C12N 15/29
					






C12N 15/84
					






A01H 5/00
					






A01H 6/82
					






View less classifications",GANSU AGRICULTURAL UNIVERSITY甘肃农业大学,LIAO WEIBIAO廖伟彪HOU XUEMEI侯雪梅QI NANA齐娜娜LI YIHUA李翊华WANG TONG王桐,,,(EN) Application of SlSR3 gene as negative regulatory factor in improvement of tomato blossom-end rot resistance(ZH) SlSR3基因作为负调控因子在提高番茄脐腐病抗性中的应用,,"(EN) The invention relates to the technical field of biology, in particular to application of an SlSR3 gene as a negative regulatory factor to improvement of tomato blossom-end rot resistance, the nucleotide sequence of the SlSR3 gene is shown as SEQ ID No.1, and the amino acid sequence of the protein is shown as SEQ ID NO.2. A tomato SlSR3 gene knockout mutant is obtained by utilizing a CRISPR/Cas9 gene editing technology, and the tomato blossom-end rot resistance is improved. By observing the phenotype of a homozygous mutant tomato plant and analyzing the calcium content of the mutant, it is found that the SlSR3 gene can increase the resistance of the tomato to the blossom-end rot, the tomato is susceptible to the blossom-end rot if the SlSR3 gene is knocked out, and the SlSR3 gene can be used for breeding tomato blossom-end rot resistant varieties.(ZH) 本发明涉及生物技术领域，尤其涉及SlSR3基因作为负调控因子在提高番茄脐腐病抗性中的应用，所述的SlSR3基因的核苷酸序列如SEQ ID No.1所示，所述蛋白的氨基酸序列如SEQ ID NO.2所示，本发明利用CRISPR/Cas9基因编辑技术获得番茄SlSR3基因敲除的突变体，通过观察纯合突变体番茄植株表型、分析突变体的钙含量，发现SlSR3基因能够增加番茄对脐腐病的抗性，而敲除SlSR3基因则会使番茄易感脐腐病，可用于抗番茄脐腐病品种的选育。",,,,"C07K 14/415
					






C12N 15/8282
					






C12N 15/8216
					








C07K 14/415
					






C12N 15/8282
					






C12N 15/8216
					






View less classifications",东台金诚石专利代理事务所(特殊普通合伙) 32482,,,,
CN409933484,202310422374,China,19.04.2023,116790620,22.09.2023,A,"C12N 15/29
					






C07K 14/415
					






C12N 15/82
					






A01H 5/00
					






A01H 6/46
					






C12Q 1/6895
					








C12N 15/29
					






C07K 14/415
					






C12N 15/82
					






A01H 5/00
					






A01H 6/46
					






C12Q 1/6895
					






View less classifications",HENAN AGRICULTURAL UNIVERSITY河南农业大学,TANG JIHUA汤继华FU ZHIYUAN付志远WANG YAFEI王雅菲YANG HUILI杨慧丽ZONG JUN宗军ZHANG ZHANHUI张战辉DING DONG丁冬GUO ZHANYONG郭战勇,,,"(EN) Rice yield regulation gene Os04t0686700, encoding protein thereof, expression vector and application of rice yield regulation gene Os04t0686700(ZH) 水稻产量调控基因Os04t0686700、其编码蛋白、表达载体及其应用",,"(EN) The invention discloses a rice yield regulation gene Os04t06867002, an encoding protein thereof, an expression vector and application of the rice yield regulation gene Os04t06867002. According to the application, CRISPR/Cas9 knockout is carried out on the rice yield regulation gene Os04t06867002, and the influence of the gene on the character expression of the tiller number, the spikelet number, the grain number per spike, the yield, the plant height and the like of rice is defined; the regulation and control effect of the gene on the rice yield is determined; therefore, a technical support is provided for improving the rice yield by using the Os04t06867002 gene.(ZH) 本申请公开了一种水稻产量调控基因Os04t06867002、其编码蛋白、表达载体及其应用；本申请对水稻产量调控基因Os04t06867002进行CRISPR/Cas9敲除，明确了该基因对水稻分蘖数、小穗数、穗粒数、产量、株高等性状表现的影响；确定了其对水稻产量的调控作用；从而为利用Os04t06867002基因提高水稻产量提供了技术支撑。",,,,,郑州盈派知识产权代理事务所(普通合伙) 41196郑州盈派知识产权代理事务所(普通合伙) 41196,,,,
CN409224200,202310965034,China,02.08.2023,116769934,19.09.2023,A,"C12Q 1/6888
					






C12Q 1/6844
					






C12N 15/11
					








C12Q 1/6888
					






C12Q 1/6844
					






C12N 15/11
					






View less classifications","INSTITUTE OF PLANT PROTECTION, FAAS福建省农业科学院植物保护研究所",LI JIANYU李建宇CHEN YANTING陈燕婷SHI MENGZHU史梦竹CHEN YAN陈彦,,,"(EN) Rapid detection primer group, kit and identification method for papaya Pleurotus geesteranus(ZH) 一种木瓜秀粉蚧快速检测引物组、试剂盒和鉴定方法",,"(EN) The invention discloses a primer group, a kit and an identification method for rapid detection of papaya Pleurotus geesteranus. Relates to the technical field of molecular biology. Comprising Pm-RPA-F and Pm-RPA-R. The invention also provides a related kit and an identification method. The method for rapidly and coarsely extracting DNA, RPA and CRISPR/Cas12a is easy and convenient to operate, does not need laboratory instruments such as a water bath kettle, a centrifugal machine and a PCR instrument, can complete extraction and detection outdoors at normal temperature, is high in specificity, high in sensitivity and visual, and is more suitable for application and popularization compared with a traditional PCR technology and other rapid detection methods.(ZH) 本发明公开了一种木瓜秀粉蚧快速检测引物组、试剂盒和鉴定方法。涉及分子生物学技术领域。包括：Pm‑RPA‑F和Pm‑RPA‑R并提供了相关试剂盒与鉴定方法。本发明提供的快速粗提DNA、RPA和CRISPR/Cas12a方法操作简便，不需要水浴锅、离心机、PCR仪等实验室仪器，在室外常温下即可完成提取和检测，特异性强，灵敏度高，可视化，相较于传统的PCR技术及其他快速检测方法，更适合用于推广和应用。",,,,"C12Q 1/6888
					






C12Q 1/6844
					








C12Q 1/6888
					






C12Q 1/6844
					






View less classifications",北京慕达星云知识产权代理事务所(特殊普通合伙) 11465,,,,
CN438692598,202410797161,China,20.06.2024,118562861,30.08.2024,A,"C12N 15/82
					






C12N 15/29
					






A01H 6/46
					






A01H 5/00
					








C12N 15/82
					






C12N 15/29
					






A01H 6/46
					






A01H 5/00
					






View less classifications",GUANGXI ACADEMY OF AGRICULTURAL SCIENCES广西壮族自治区农业科学院TIANJIN NORMAL UNIVERSITY天津师范大学FOSHAN KUNPENG MODERN AGRICULTURAL RESEARCH INSTITUTE佛山鲲鹏现代农业研究院,MENG LIJUN孟丽君LIANG SHANSHAN梁闪闪LIANG YUNTAO梁云涛YE GUOYOU叶国友ZOU WENLI邹文莉LUAN WEIJIANG栾维江XU ZHIJIAN徐志健XIE ZHIGAN谢植干,,,(EN) Application of OsCSG1 gene in improving cadmium stress tolerance in rice seedling stage(ZH) OsCSG1基因在提高水稻苗期镉胁迫耐受性的用途,,"(EN) The invention discloses application of an OsCSG1 gene to improvement of cadmium stress tolerance in a rice seedling stage. The CDS sequence of the OsCSG1 gene of the rice is shown as SEQ ID No.1. The invention further discloses a preparation method of the OsCSG1 gene of the rice. The OsCSG1 gene is knocked out from the rice by utilizing a CRISPR-Cas9 technology, the tolerance of the rice to cadmium stress in the seedling stage can be remarkably improved in a cadmium pollution environment, the difference between the cadmium content in rice grains in the adult-plant stage and the cadmium content in wild type rice grains is not remarkable, and the cadmium content does not exceed the standard; and the contents of other metal elements including iron, manganese, copper and zinc are not obviously changed. A direction is provided for cultivating a new rice variety adapting to a cadmium pollution area.(ZH) 本发明公开了OsCSG1基因在提高水稻苗期镉胁迫耐受性中的用途，所述水稻OsCSG1基因的CDS序列如SEQ ID No.1所示。通过利用CRISPR‑Cas9技术在水稻中敲除OsCSG1基因，在镉污染环境下可以显著提高水稻苗期对镉胁迫的耐受性，成株期水稻籽粒中镉含量与野生型差异不显著，而且镉含量也不超标；其他金属元素，包括铁锰铜锌的含量均没有显著变化。为培育适应镉污染区的水稻新品种提供了方向。",,,,"C12N 15/8271
					






C12N 15/8218
					






C12N 15/8205
					






C07K 14/415
					






Y02A 40/146
					








C12N 15/8271
					






C12N 15/8218
					






C12N 15/8205
					






C07K 14/415
					






Y02A 40/146
					






View less classifications",成都方圆聿联专利代理事务所(普通合伙) 51241,,,,
CN429529077,202410108354,China,25.01.2024,118028352,14.05.2024,A,"C12N 15/82
					






C12N 15/29
					






C12N 15/113
					






C12N 9/22
					






A01H 5/08
					






A01H 6/82
					








C12N 15/82
					






C12N 15/29
					






C12N 15/113
					






C12N 9/22
					






A01H 5/08
					






A01H 6/82
					






View less classifications",SHENZHEN UNIVERSITY深圳大学,ZHAO PANPAN赵盼盼ZHANG YONGXIA张永夏WANG FENGPAN王凤攀,,,(EN) Application of inhibitor in increasing tomato fruit size and tomato breeding method(ZH) 抑制剂在提高番茄果实大小中的应用以及番茄育种方法,,"(EN) The invention relates to the technical field of plant genetic engineering, in particular to application of an inhibitor in increasing the size of tomato fruits and a tomato breeding method. The embodiment of the invention provides application of an inhibitor in increasing the size of tomato fruits. The inhibitor inhibits expression of an SlMYB64 gene. And/or the inhibitor reduces the activity or content of the encoding protein of the SlMYB64 gene. The embodiment of the invention finds that the SlMYB64 gene is an important factor for regulating and controlling the size of the tomato fruit, the gene is mutated by utilizing a CRISPR-Cas9 technology through an experiment, and a result shows that the size of the tomato fruit is obviously increased, so that a candidate gene is provided for changing the size of the tomato fruit.(ZH) 本申请涉及植物基因工程技术领域，尤其涉及一种抑制剂在提高番茄果实大小中的应用以及番茄育种方法。本申请实施例提供一种抑制剂在提高番茄果实大小中的应用，该抑制剂抑制SlMYB64基因的表达；和/或，该抑制剂降低SlMYB64基因的编码蛋白的活性或含量。本申请实施例发现SlMYB64基因是调控番茄果实大小的一个重要因子，通过实验利用CRISPR‑Cas9技术突变该基因，结果显示番茄果实大小显著变大，这为改变番茄果实大小提供了候选基因。",,,,"C12N 15/8216
					






C12N 15/8261
					






C07K 14/415
					






C12N 15/113
					






C12N 9/22
					








C12N 15/8216
					






C12N 15/8261
					






C07K 14/415
					






C12N 15/113
					






C12N 9/22
					






View less classifications",深圳中一联合知识产权代理有限公司 44414,,,,
CN436537446,202410438743,China,12.04.2024,118389567,26.07.2024,A,"C12N 15/82
					






C07K 14/415
					






C12N 15/29
					






A01H 5/00
					






A01H 5/08
					






A01H 6/46
					








C12N 15/82
					






C07K 14/415
					






C12N 15/29
					






A01H 5/00
					






A01H 5/08
					






A01H 6/46
					






View less classifications",HUAZHONG AGRICULTURAL UNIVERSITY华中农业大学,ZHANG ZUXIN张祖新LIU LEI刘磊NING QIANG宁强LI NAN李楠LI ZHEN李真,,,(EN) Application of corn gene ZmEREB202 in control of corn yield(ZH) 玉米基因ZmEREB202在控制玉米产量中的应用,,"(EN) The invention belongs to the technical field of plant genetic engineering, and particularly relates to application of a corn gene ZmEREB202 in control of corn yield, and protein coded by the gene is shown as SEQ ID NO.2. The gene is located in a second chromosome of corn and is used for controlling the ear length of the corn, the number of grains in each row and the number of grains in each ear. The gene is knocked out by using a CRISPR/Cas9 technology, gene expression is inhibited, and the ear length and the number of grains in each row of a corn inbred line in a normal environment can be increased.(ZH) 本发明属于植物基因工程技术领域，具体涉及玉米基因ZmEREB202在控制玉米产量中的应用，所述基因编码的蛋白为SEQ ID NO.2所示。该基因位于玉米第2染色体，控制玉米穗长、每行籽粒数和每穗籽粒数。利用CRISPR/Cas9技术敲除该基因、抑制基因表达，能增加正常环境下玉米自交系的穗长和每行籽粒数。","C12N 15/8261
					






C12N 15/8218
					






C07K 14/415
					






Y02A 40/146
					








C12N 15/8261
					






C12N 15/8218
					






C07K 14/415
					






Y02A 40/146
					






View less classifications",,,,武汉宇晨专利事务所(普通合伙) 42001,,,,
CN432981608,202410538891.X,China,30.04.2024,118240874,25.06.2024,A,"C12N 15/84
					






C12N 15/54
					






C12N 9/12
					






C12N 15/113
					






C12N 1/21
					






A01H 5/00
					






View more classifications
							






C12N 15/84
					






C12N 15/54
					






C12N 9/12
					






C12N 15/113
					






C12N 1/21
					






A01H 5/00
					






A01H 6/46
					






C12R 1/01
					






View less classifications","BIOTECHNOLOGY RESEARCH INSTITUTE, CAAS中国农业科学院生物技术研究所",YANG LIWEN杨立文GU XIAOFENG谷晓峰,,,(EN) A protein OsCDKB2; application of 1 or substance for regulating and controlling expression of 1 in regulation and control of rice yield(ZH) 蛋白OsCDKB2;1或调控其表达的物质在调控水稻产量中的应用,,"(EN) The invention discloses a protein OsCDKB2 and a preparation method thereof. 1 or a substance for regulating and controlling the expression of the gene is applied to regulation and control of the rice yield. The invention belongs to the technical field of biology. The protein provided by the invention is OsCDKB2; 1 protein, which can be as follows: A1) protein with an amino acid sequence of SEQ ID No.1; a2) a protein which is obtained by substitution and/or deletion and/or addition of amino acid residues on the protein of A1), has 80% or more of identity with the protein of A1) and has a function of regulating and controlling plant stress resistance; and A3) a fusion protein obtained by connecting a protein tag to one end of A1) or A2). A CRISPR/Cas9-mediated gene editing technology is used for editing a rice grain development-related coding gene OsCDKB2 and a rice grain development-related coding gene OsCDKB2; 1 is subjected to site-directed mutagenesis or knockout of a specific target, a new material is provided for breeding of rice varieties with growth performance, and the method has a positive effect on accelerating improvement of the rice varieties.(ZH) 本发明公开了蛋白OsCDKB2；1或调控其表达的物质在调控水稻产量中的应用。本发明属于生物技术领域，本发明提供的蛋白质为OsCDKB2；1蛋白，可为如下：A1)氨基酸序列是SEQ ID No.1的蛋白质；A2)将A1)的蛋白质经过氨基酸残基的取代和/或缺失和/或添加得到的与A1)的蛋白质具有80％以上的同一性且具有调控植物抗胁迫功能的蛋白质；A3)在A1)或A2)的一端连接蛋白质标签得到的融合蛋白质。利用CRISPR/Cas9介导的基因编辑技术对水稻籽粒发育相关编码基因OsCDKB2；1进行特定靶点的定点突变或敲除，为生长性能的水稻品种选育提供新材料，对加快改良水稻品种具有积极的作用。","C12N 15/8261
					






C12N 9/12
					






C12N 15/1137
					






C12Y 207/11022
					






C12N 2310/20
					






Y02A 40/146
					








C12N 15/8261
					






C12N 9/12
					






C12N 15/1137
					






C12Y 207/11022
					






C12N 2310/20
					






Y02A 40/146
					






View less classifications",,,,北京纪凯知识产权代理有限公司 11245,,,,
CN431130836,202410557572,China,08.05.2024,118127244,04.06.2024,A,"C12Q 1/70
					






C12Q 1/6844
					






C12N 15/113
					






C12N 15/11
					






C12R 1/93
					








C12Q 1/70
					






C12Q 1/6844
					






C12N 15/113
					






C12N 15/11
					






C12R 1/93
					






View less classifications",SANYA RESEARCH INSTITUTE OF HAINAN ACADEMY OF AGRICULTURAL SCIENCES (HAINAN EXPERIMENTAL ANIMAL RESEARCH CENTER)海南省农业科学院三亚研究院（海南省实验动物研究中心）SHENZHEN CUSTOMS ANIMAL AND PLANT INSPECTION AND QUARANTINE TECHNOLOGY CENTER深圳海关动植物检验检疫技术中心SHENZHEN ACADEMY OF INSPECTION AND QUARANTINE深圳市检验检疫科学研究院,GAO SHUAI高帅ZHENG XIAOCONG郑晓聪XU HAO徐浩HUANG YUN黄韫CHEN XIAOYU陈孝宇ZHU SONGQI朱崧琪WEI XINXIAN韦信贤LIU GUANGLIANG刘光亮,,,(EN) Tilapia lake virus detection reagent and application thereof(ZH) 一种罗非鱼湖病毒检测试剂及其应用,,"(EN) The invention discloses a tilapia lake virus detection reagent and application thereof. The detection reagent comprises a primer pair for specifically detecting the tilapia lake virus, crRNA and ssDNA reporter molecules, an upstream primer and a downstream primer of the primer pair are sequences shown as Seq ID No.1 and Seq ID No.2 respectively; the crRNA is a sequence shown as Seq ID No.3, the ssDNA reporter molecule is a sequence shown as Seq ID No.4, and the 5'end and the 3 'end of the ssDNA reporter molecule are modified with a fluorophore and a quenching group respectively. According to the detection reagent, an RT-RAA technology is creatively combined with a CRISPR/Cas12a reaction system, a novel detection reagent which is high in speed, convenient to carry, high in specificity and high in sensitivity is provided for the tilapia lake virus, and rapid screening type tilapia lake virus detection can be achieved on site; and a guarantee is provided for guaranteeing the aquaculture safety and the aquatic animal product circulation safety.(ZH) 本申请公开了一种罗非鱼湖病毒检测试剂及其应用。本申请检测试剂包括特异性检测罗非鱼湖病毒的引物对、crRNA和ssDNA报告分子；引物对上下游引物分别为Seq ID No.1和2所示序列；crRNA为Seq ID No.3所示序列，ssDNA报告分子为Seq ID No.4所示序列，ssDNA报告分子5’端和3’端分别修饰有荧光基团和淬灭基团。本申请检测试剂，创造性将RT‑RAA技术与CRISPR/Cas12a反应体系相结合，为罗非鱼湖病毒提供了一种新的速度快、方便携带、特异性强、灵敏性高的检测试剂，能够在现场实现快筛式的罗非鱼湖病毒检测，为保障水产养殖安全以及水生动物产品流通安全提供了保障。",,,,"C12Q 1/701
					






C12Q 1/6844
					






C12N 15/113
					






C12N 2310/20
					








C12Q 1/701
					






C12Q 1/6844
					






C12N 15/113
					






C12N 2310/20
					






View less classifications",深圳鼎合诚知识产权代理有限公司 44281深圳鼎合诚知识产权代理有限公司 44281,,,,
,,,,,,,,,,,,,,,,,,,,,,,
,,,,,,,,,,,,,,,,,,,,,,,
,,,,,,,,,,,,,,,,,,,,,,,
,,,,,,,,,,,,,,,,,,,,,,,
,,,,,,,,,,,,,,,,,,,,,,,
,,,,,,,,,,,,,,,,,,,,,,,
,,,,,,,,,,,,,,,,,,,,,,,
,,,,,,,,,,,,,,,,,,,,,,,
,,,,,,,,,,,,,,,,,,,,,,,
,,,,,,,,,,,,,,,,,,,,,,,
,,,,,,,,,,,,,,,,,,,,,,,
IN283176848,201827044973,India,29.11.2018,201827044973,20.12.2019,A,"C12N 9/22
					








C12N 9/22
					






View less classifications",BASF PLANT SCIENCE COMPANY GMBH,"NEUTEBOOM, Leendert W MCELVER, John A DE PINHO BARROCO, Rosa DE WILDE, Chris FELLE, Max Fabian",16167773.7 29.04.2016 EP16167774.5 29.04.2016 EP17156018.8 14.02.2017 EP,,(EN) IMPROVED METHODS FOR MODIFICATION OF TARGET NUCLEIC ACIDS,,(EN) Methods for modification of target nucleic acids. The method involves a construct in which guide RNA is covalently linked to donor RNA (fusion NA) to be introduced into the target nucleic acid by homologous recombination and is based on the introduction of a nuclease e.g. CRISPR or TALEN into the cell containing the target nucleic acid. The fusion NA may be introduced as a DNA vector.,"AU2017256517

CN109072207

KR1020190002470

EP3448990

BR112018068934

KR1020230038804

US20190309290

JP2019514376

KR1020220032126

WO/2017/186550

EP3868880

DK3448990

IL262409

CA3022475

MX2021009235

MX2018013256

CL2018003074

IN202128045052

US20230024869

US20230049124

US20230107997

US20230183686

AU2022100157

AU2022100158

AU2022100159

AU2022100155

AU2022100170

JP2023018093",,,,,,,,
,,,,,,,,,,,,,,,,,,,,,,,
IN346041924,202128045052,India,04.10.2021,202128045052,17.12.2021,A,"C12N
					






C12Q
					






A61K
					








C12N
					






C12Q
					






A61K
					






View less classifications",BASF PLANT SCIENCE COMPANY GMBH,"NEUTEBOOM, Leendert W MCELVER, John A DE PINHO BARROCO, Rosa DE WILDE, Chris FELLE, Max Fabian",16167773.7 29.04.2016 EP16167774.5 29.04.2016 EP17156018.8 14.02.2017 EP,,(EN) IMPROVED METHODS FOR MODIFICATION OF TARGET NUCLEIC ACIDS,,"(EN) Methods for modification of target nucleic acids. The method involves a construct in which guideRNA is covalently linked to donor RNA (fusion NA) to be 5 introduced into the target nucleic acidby homologous recombination and is based on the introduction of a nuclease, e.g. CRISPR orTALEN, into the cell containing the target nucleic acid. The fusion NA may be introduced as aDNA vector.","AU2017256517

CN109072207

KR1020190002470

EP3448990

BR112018068934

KR1020230038804

US20190309290

JP2019514376

KR1020220032126

WO/2017/186550

EP3868880

DK3448990

IL262409

CA3022475

MX2021009235

MX2018013256

CL2018003074

IN201827044973

US20230024869

US20230049124

US20230107997

US20230183686

AU2022100157

AU2022100158

AU2022100159

AU2022100155

AU2022100170

JP2023018093",,,,,,,,