Application Id,Application Number,Publication Number,Publication Date,IPC,CPC,Applicants,Inventors,Agents,Priority Data,Address Picture,Title,Abstract,Related Patent Documents,Office,Application Date,Publication Kind,Grant Number,Grant Date,Publication Language,F-term,FI
MX283331777,2019007546,2019007546,24.10.2019,"A01H 1/06
					








A01H 1/06
					






View less classifications","A01H 1/06
					






A01H 5/10
					






C07K 14/415
					






C12N 15/8213
					






C12N 15/8261
					






A01H 6/4684
					






View more classifications
							






A01H 1/06
					






A01H 5/10
					






C07K 14/415
					






C12N 15/8213
					






C12N 15/8261
					






A01H 6/4684
					






Y02A 40/146
					






C12N 15/8262
					






View less classifications",MONSANTO TECHNOLOGY LLC,Jonathan C. LAMBEdward J. CARGILLTy BARTENBryce M. LEMKELinda A. RYMARQUISDennis H. YANG,,"62/438,370 22.12.2016 US",,(EN) GENOME EDITING-BASED CROP ENGINEERING AND PRODUCTION OF BRACHYTIC PLANTS.(ES) MODIFICACIÓN GENÉTICA DE CULTIVOS A BASE DE EDICIÓN DEL GENÓMICA Y PRODUCCIÓN DE PLANTAS BRAQUÍTICAS.,(EN) Disclosed herein are plants exhibiting a semi-dwarf phenotype with reduced plant height compared to control wildtype plants. Some of the disclosed semi-dwarf plants comprise at least one non-natural brachytic mutation in which the activity of a BR2 gene is reduced. Also disclosed are methods for producing a semi-dwarf corn plant using a CRISPR based genome editing system.(ES) Se describen en la presente plantas que presentan un fenotipo semienano con altura reducida de la plantas en comparación con plantas de control de tipo salvaje; algunas de las plantas semienanas descritas comprenden al menos una mutación braquitica no natural en la cual se reduce la actividad de un gen BR2; tambien se describen metodos para producir una planta de maíz semienana mediante el uso de un sistema de edicion genómica a base de CRISPR.,"CA3047163

CN110213961

EP3557980

BR112019012819

US20200140874

WO/2018/119225

UY0001037545

AR110581

MX2022014145",Mexico,21.06.2019,A,110846323,,,,
CN251679698,201780084278,110213961,06.09.2019,"A01H 1/04
					






A01H 1/06
					






A01H 5/10
					






C12N 15/10
					






C12N 15/82
					








A01H 1/04
					






A01H 1/06
					






A01H 5/10
					






C12N 15/10
					






C12N 15/82
					






View less classifications","A01H 1/06
					






A01H 5/10
					






C07K 14/415
					






C12N 15/8213
					






C12N 15/8261
					






A01H 6/4684
					






View more classifications
							






A01H 1/06
					






A01H 5/10
					






C07K 14/415
					






C12N 15/8213
					






C12N 15/8261
					






A01H 6/4684
					






Y02A 40/146
					






C12N 15/8262
					






View less classifications",MONSANTO TECHNOLOGY LLC孟山都技术公司,BARTEN TYT·巴滕CARGILL EDWARD JE·J·卡吉尔LAMB JONATHAN CJ·C·兰姆LEMKE BRYCE MB·M·莱姆基RYMARQUIS LINDA AL·A·赖默奎斯YANG DENNIS HD·H·杨,北京市金杜律师事务所 11256北京市金杜律师事务所 11256,"62/438,370 22.12.2016 US",,(EN) GENOME EDITING-BASED CROP ENGINEERING AND PRODUCTION OF BRACHYTIC PLANTS(ZH) 基于基因组编辑的作物工程化和生产矮秆植物,(EN) Disclosed herein are plants exhibiting a semi-dwarf phenotype with reduced plant height compared to control wildtype plants. Some of the disclosed semi-dwarf plants comprise at least one non-natural brachytic mutation in which the activity of a BR2 gene is reduced. Also disclosed are methods for producing a semi-dwarf corn plant using a CRISPR based genome editing system.(ZH) 本文公开了与对照野生型植物相比表现出具有降低的株高度的半矮化表型的植物。一些公开的半矮化植物包含至少一种非天然矮秆突变，其中BR2基因的活性降低。还公开了使用基于CRISPR的基因组编辑系统生产半矮化玉米植物的方法。,"CA3047163

EP3557980

BR112019012819

US20200140874

WO/2018/119225

UY0001037545

AR110581

MX2019007546

MX2022014145",China,21.12.2017,A,12241074,,,,
CN290161211,201911081825,110846323,28.02.2020,"C12N 15/29
					






C12N 15/10
					






C12N 15/113
					






C12N 15/82
					






A01H 5/00
					






A01H 6/46
					






View more classifications
							






C12N 15/29
					






C12N 15/10
					






C12N 15/113
					






C12N 15/82
					






A01H 5/00
					






A01H 6/46
					






C12Q 1/6895
					






View less classifications","C07K 14/415
					






C12N 15/1096
					






C12N 15/8218
					






C12N 15/8261
					






C12Q 1/6895
					






C12Q 2600/13
					








C07K 14/415
					






C12N 15/1096
					






C12N 15/8218
					






C12N 15/8261
					






C12Q 1/6895
					






C12Q 2600/13
					






View less classifications","INSTITUTE OF CROP SCIENCE, CHINESE ACADEMY OF AGRICULTURAL SCIENCES中国农业科学院作物科学研究所",LI AILI李爱丽WANG FANG王芳GENG SHUAIFENG耿帅锋MAO LONG毛龙,北京路浩知识产权代理有限公司 11002,,,(EN) Wheat TaARF12 gene and application thereof(ZH) 小麦TaARF12基因及其应用,"(EN) The invention provides a wheat TaARF12 gene and application thereof, and belongs to the field of molecular biology of crops. A designed primer clones a coding region sequence of TaARF12 from cDNA of Chinese spring young ears, and the coding region sequence of the TaARF12 gene in homologous chromosomes A, B and D is represented as SEQ ID NO. 1-3 respectively. A TaARF12-specific RNAi fragment is selected, an RNAi vector is created, and Fierder is transformed. A CRISPR/Cas9 vector is used to create a gene editing vector containing two target sites and transform wild-type Fierder. Obtained RANi transgenic lines and gene editing lines have similar phenotypes, with plants becoming shorter and ears becoming longer. It is indicated that the wheat TaARF12 gene can regulate the plant height and theear length, and the plants become shorter and the ears become longer after the gene is interfered and expressed.(ZH) 本发明提供了小麦TaARF12基因及其应用，属于作物分子生物学领域。本发明设计引物从中国春幼穗的cDNA中克隆TaARF12的编码区序列，TaARF12基因编码区序列在A、B、D同源染色体中的序列分别如SEQ ID NO.1‑3所示。本发明选择TaARF12特异性的RNAi片段，构建RNAi载体并转化Fielder。同时，使用CRISPR/Cas9载体构建包含两个靶位点的基因编辑载体并转化野生型Fielder。获得的RNAi转基因株系和基因编辑株系具有类似的表型，表现为株高变矮，穗子变长。说明小麦TaARF12基因能够调控植株高度和穗子长度，该基因被干扰表达后植株表现为植株变矮，穗子增长。",,China,07.11.2019,B,,,,,
US294407009,16472140,20200140874,07.05.2020,"C12N 15/82
					






A01H 1/06
					






A01H 5/10
					






A01H 6/46
					






C07K 14/415
					








C12N 15/82
					






A01H 1/06
					






A01H 5/10
					






A01H 6/46
					






C07K 14/415
					






View less classifications","A01H 1/06
					






C12N 15/8262
					






A01H 5/10
					






A01H 6/4684
					






C07K 14/415
					






C12N 15/8213
					






View more classifications
							






A01H 1/06
					






C12N 15/8262
					






A01H 5/10
					






A01H 6/4684
					






C07K 14/415
					






C12N 15/8213
					






C12N 15/8261
					






View less classifications",Monsanto Technology LLC,Ty J. BartenEdward J. CargillJonathan C. LambBryce LemkeLinda A. RymarquisDennis H. Yang,MORRISON & FOERSTER LLP,,,(EN) Genome editing-based crop engineering and production of brachytic plants,"(EN) 
Disclosed herein are plants exhibiting a semi-dwarf phenotype with reduced plant height compared to control wildtype plants. Some of the disclosed semi-dwarf plants comprise at least one non-natural brachytic mutation in which the activity of a BR2 gene is reduced. Also disclosed are methods for producing a semi-dwarf corn plant using a CRISPR based genome editing system.","CA3047163

CN110213961

EP3557980

BR112019012819

WO/2018/119225

UY0001037545

AR110581

MX2019007546

MX2022014145",United States of America,21.12.2017,B2,,,,,
MX415081199,2022014145,2022014145,30.11.2022,"A01H 1/04
					








A01H 1/04
					






View less classifications","A01H 1/06
					






A01H 5/10
					






C07K 14/415
					






C12N 15/8213
					






C12N 15/8261
					






A01H 6/4684
					






View more classifications
							






A01H 1/06
					






A01H 5/10
					






C07K 14/415
					






C12N 15/8213
					






C12N 15/8261
					






A01H 6/4684
					






Y02A 40/146
					






C12N 15/8262
					






View less classifications",MONSANTO TECHNOLOGY LLC,Jonathan C. LAMBEdward J. CARGILLTy BARTENBryce M. LEMKELinda A. RYMARQUISDennis H. YANG,,"62/438,370 22.12.2016 US",,(EN) GENOME EDITING-BASED CROP ENGINEERING AND PRODUCTION OF BRACHYTIC PLANTS.(ES) MODIFICACION GENETICA DE CULTIVOS A BASE DE EDICION GENOMICA Y PRODUCCION DE PLANTAS BRAQUITICAS.,"(EN) Disclosed herein are plants exhibiting a semi-dwarf phenotype with reduced plant height compared to control wildtype plants. Some of the disclosed semi-dwarf plants comprise at least one non-natural brachytic mutation in which the activity of a BR2 gene is reduced. Also disclosed are methods for producing a semi-dwarf corn plant using a CRISPR based genome editing system.(ES) En la presente invención, se divulga planta de maíz, caracterizada porque comprende al menos una mutación braquítica no natural, en donde la planta de maíz presenta un fenotipo semienano en comparación con una planta de maíz de control que no comprende la al menos una mutación braquítica no natural cuando se cultiva en condiciones comparables. En una modalidad particular de la invención, la al menos una mutación braquítica no natural ocurre en un gen BR que reduce la actividad del gen BR y no se introduce mediante un transposón, y en donde la planta de maíz no comprende un alelo braquítico br2-23 o SNP5259.","CA3047163

CN110213961

EP3557980

BR112019012819

US20200140874

WO/2018/119225

UY0001037545

AR110581

MX2019007546",Mexico,21.06.2019,A,,,,,
CA345312038,3141931,3141931,24.12.2020,"C12N 15/113
					






A01H 6/20
					






C12Q 1/686
					






A01H 1/00
					






A01H 5/00
					






C07K 14/415
					






View more classifications
							






C12N 15/113
					






A01H 6/20
					






C12Q 1/686
					






A01H 1/00
					






A01H 5/00
					






C07K 14/415
					






C12N 9/22
					






C12N 15/09
					






C12N 15/11
					






C12N 15/29
					






View less classifications","C07K 14/415
					






C12N 9/22
					






A01H 5/10
					






C12N 15/8213
					






C12N 9/24
					






C12N 2310/20
					






View more classifications
							






C07K 14/415
					






C12N 9/22
					






A01H 5/10
					






C12N 15/8213
					






C12N 9/24
					






C12N 2310/20
					






A01H 1/1205
					






C12Q 1/6895
					






C12N 15/111
					






View less classifications","PIONEER HI-BRED INTERNATIONAL, INC.","BRUGIERE, NORBERTCHEN, WENPINFALAK, IGORJETTY, SIVA S. AMMIRAJULU, CHENGWILLIAMS, ROBERT W.",,"62/863,551 19.06.2019 US",,(EN) COMPOSITIONS AND METHODS FOR IMPROVING POD SHATTER TOLERANCE IN CANOLA(FR) COMPOSITIONS ET PROCEDES POUR AMELIORER LA TOLERANCE A L'ECLATEMENT DES CAPSULES DANS LE CANOLA,"(EN) Genome edited plants, plant cells, seeds and plant parts of Brassica are provided where expression levels and/or activities of pod dehiscence genes are modulated to improve one or more agronomic characteristics such as pod shatter. Also provided are compositions comprising polynucleotides encoding polypeptides and guide RNAs targeted to endogenous Brassica proteins involved in pod dehiscence including for example, targeted site-directed mutagenesis using CRISPR-associated nucleases. Additionally, various methods of employing the polynucleotides and genetic modifications in plants, such as methods for modulating expression level in a Brassica plant and methods for increasing pod shatter tolerance of a Brassica plant are also provided herein.(FR) L'invention concerne des plantes dont le génome est édité, des cellules végétales, des graines et des parties de plantes du Brassica dont les niveaux d'expression et/ou les activités des gènes d'ouverture des gousses sont modulés pour améliorer une ou plusieurs caractéristiques agronomiques telles que l'éclatement des grains. L'invention concerne également des compositions comprenant des polynucléotides codant pour des polypeptides et des ARN guides ciblés sur des protéines de Brassica endogènes impliquées dans l'ouverture des gousses comprenant, par exmple, la mutagénèse ciblée dirigée sur un site au moyen de nucléases associées à CRISPR. De plus, l'invention concerne également divers procédés d'utilisation des polynucléotides et des modifications génétiques dans des plantes, tels que des procédés de modulation du niveau d'expression dans une plante de Brassica et des procédés permettant d'augmenter la tolérance à l'éclatement des grains d'une plante de Brassica.","WO/2020/257251

WO/2020/257273

AU2020295995

AU2020295398

CA3142950

EP3986118

EP3986120

US20220298519

US20220298520

RU2022100974

RU2022100976

CL2021003363

CL2021003403

UAa202200215This application is not viewable in PATENTSCOPE because the national phase entry has not been published yet or the national entry is issued from a country that does not share data with WIPO or there is a formatting issue or an unavailability of the application.",Canada,17.06.2020,A1,,,,,
EP358609092,20825832,3986118,27.04.2022,"A01H 1/00
					






A01H 5/00
					






A01H 6/20
					






C07K 14/415
					






C12N 9/22
					






C12N 15/09
					






View more classifications
							






A01H 1/00
					






A01H 5/00
					






A01H 6/20
					






C07K 14/415
					






C12N 9/22
					






C12N 15/09
					






C12N 15/11
					






View less classifications","C07K 14/415
					






C12N 9/22
					






A01H 5/10
					






C12N 15/8213
					






C12N 9/24
					






C12N 2310/20
					






View more classifications
							






C07K 14/415
					






C12N 9/22
					






A01H 5/10
					






C12N 15/8213
					






C12N 9/24
					






C12N 2310/20
					






A01H 1/1205
					






C12Q 1/6895
					






C12N 15/111
					






View less classifications",PIONEER HI BRED INT,BRUGIERE NORBERTCHEN WENPINFALAK IGORJETTY SIVA S AMMIRAJULU CHENGWILLIAMS ROBERT W,,201962863551 19.06.2019 US,"View all
							



AL, AT, BA, BE, BG, CH, CY, CZ, DE, DK, EE, ES, FI, FR, GB, GR, HR, HU, IE, IS, IT, LI, LT, LU, LV, MC, ME, MK, MT, NL, NO, PL, PT, RO, RS, SE, SI, SK, SM, TR
				

Hide all",(DE) ZUSAMMENSETZUNGEN UND VERFAHREN ZUR VERBESSERUNG DER HÜSELBRUCHTOLERANZ BEI RAPS(EN) COMPOSITIONS AND METHODS FOR IMPROVING POD SHATTER TOLERANCE IN CANOLA(FR) COMPOSITIONS ET PROCÉDÉS POUR AMÉLIORER LA TOLÉRANCE À L'ÉCLATEMENT DES CAPSULES DANS LE CANOLA,"(EN) Genome edited plants, plant cells, seeds and plant parts of Brassica are provided where expression levels and/or activities of pod dehiscence genes are modulated to improve one or more agronomic characteristics such as pod shatter. Also provided are compositions comprising polynucleotides encoding polypeptides and guide RNAs targeted to endogenous Brassica proteins involved in pod dehiscence including for example, targeted site-directed mutagenesis using CRISPR-associated nucleases. Additionally, various methods of employing the polynucleotides and genetic modifications in plants, such as methods for modulating expression level in a Brassica plant and methods for increasing pod shatter tolerance of a Brassica plant are also provided herein.(FR) L'invention concerne des plantes dont le génome est édité, des cellules végétales, des graines et des parties de plantes du Brassica dont les niveaux d'expression et/ou les activités des gènes d'ouverture des gousses sont modulés pour améliorer une ou plusieurs caractéristiques agronomiques telles que l'éclatement des grains. L'invention concerne également des compositions comprenant des polynucléotides codant pour des polypeptides et des ARN guides ciblés sur des protéines de Brassica endogènes impliquées dans l'ouverture des gousses comprenant, par exmple, la mutagénèse ciblée dirigée sur un site au moyen de nucléases associées à CRISPR. De plus, l'invention concerne également divers procédés d'utilisation des polynucléotides et des modifications génétiques dans des plantes, tels que des procédés de modulation du niveau d'expression dans une plante de Brassica et des procédés permettant d'augmenter la tolérance à l'éclatement des grains d'une plante de Brassica.","WO/2020/257251

WO/2020/257273

AU2020295995

AU2020295398

CA3141931

CA3142950

EP3986120

US20220298519

US20220298520

RU2022100974

RU2022100976

CL2021003363

CL2021003403

UAa202200215This application is not viewable in PATENTSCOPE because the national phase entry has not been published yet or the national entry is issued from a country that does not share data with WIPO or there is a formatting issue or an unavailability of the application.",European Patent Office,17.06.2020,A4,,,,,
EP311124141,19701052,3737691,18.11.2020,"C07K 14/415
					






A01H 6/02
					






A01H 6/46
					






C12N 15/113
					






C12N 15/82
					








C07K 14/415
					






A01H 6/02
					






A01H 6/46
					






C12N 15/113
					






C12N 15/82
					






View less classifications","C07K 14/415
					






C12N 15/8213
					






C12N 15/8216
					






C12N 15/8218
					






A01H 6/4684
					






A01H 6/024
					






View more classifications
							






C07K 14/415
					






C12N 15/8213
					






C12N 15/8216
					






C12N 15/8218
					






A01H 6/4684
					






A01H 6/024
					






C12N 2310/20
					






C12N 9/22
					






C12N 15/82
					






View less classifications",KWS SAAT SE & CO KGAA,HUMMEL AARONVAGHCHHIPAWALA ZARIR,,201862616136 11.01.2018 US,,(DE) OPTIMIERTE CRISPR/CPF1-PFLANZENSYSTEME(EN) OPTIMIZED PLANT CRISPR/CPF1 SYSTEMS(FR) SYSTÈMES CRISPR/CPF1 OPTIMISÉS DE PLANTES,"(EN) The present invention relates to optimized systems for the genome editing of eukaryotic cells, preferably plant cells. Also provided is a plant delivery system comprising at least one Cpf1 enzyme, or a plant optimized construct encoding the same, to be synergistically combined with a Cpf1 guide RNA system. Further provided is a Cpf1 guide RNA system being flanked by a Hammerhead ribozyme sequence at the 5' end and by a plant-derived Hepatitis Delta Virus (HDV)-like ribozyme sequence at the 3' end, or being embedded within a coding or non-coding region, of a sequence encoding a frame sequence. Novel plant-derived HDV-like ribozyme sequences are also provided. Further provided are methods for improved genome editing, and the use of the various systems provided herein to obtain transformed plants, plant cells, tissues, organs, or a progeny thereof, or a plant material, modified in a targeted way even at difficult to access target sites.(FR) La présente invention concerne des systèmes optimisés pour l'édition génomique de cellules eucaryotes, de préférence des cellules végétales. L'invention concerne également un système d'administration dans des plantes comprenant au moins une enzyme Cpf1, ou une construction optimisée de plantes codant pour celui-ci, pouvant être combinée de manière synergique avec un système d'ARN guide de Cpf1. L'invention concerne en outre un système d'ARN guide de Cpf1 flanqué par une séquence de ribozyme en tête de marteau à l'extrémité 5' et par une séquence de ribozyme de type virus de l'hépatite delta (HDV) dérivé d'une plante à l'extrémité 3', ou étant incorporé dans une région de codage ou de non-codage, d'une séquence codant pour une séquence de trame. L'invention concerne également de nouvelles séquences de ribozyme de type HDV dérivées d'une plante. L'invention concerne en outre des procédés améliorés pour l'édition génomique, et l'utilisation de divers systèmes selon l'invention afin d'obtenir des plantes transformées, des cellules végétales, des tissus, des organes ou une descendance de ceux-ci, ou un matériau végétal, modifié de manière ciblée même dans des sites cibles difficiles d’accès.","AR113728

WO/2019/138052

CN111836825

BR112020014017

US20210163968

CA3088052

US20240409949",European Patent Office,11.01.2019,A1,,,"View all
							



AL, AT, BA, BE, BG, CH, CY, CZ, DE, DK, EE, ES, FI, FR, GB, GR, HR, HU, IE, IS, IT, LI, LT, LU, LV, MC, ME, MK, MT, NL, NO, PL, PT, RO, RS, SE, SI, SK, SM, TR
				

Hide all",,
CN312690861,201980026492,111988989,24.11.2020,"A01H 5/00
					






A01H 5/10
					






A01H 6/46
					






C07K 14/415
					






C12N 15/82
					








A01H 5/00
					






A01H 5/10
					






A01H 6/46
					






C07K 14/415
					






C12N 15/82
					






View less classifications","A01H 6/4684
					






C12N 15/8269
					






C12N 15/8213
					






A01H 5/10
					






Y02A 40/146
					






C12N 15/8241
					








A01H 6/4684
					






C12N 15/8269
					






C12N 15/8213
					






A01H 5/10
					






Y02A 40/146
					






C12N 15/8241
					






View less classifications",PIONEER HI-BRED INTERNATIONAL INC.先锋国际良种公司,ABBITT SHANE E.S·E·阿比特FRANK MARY J.M·J·弗兰克LAWIT SHAIS·拉维特MELO ROSANAR·梅洛RUPE MARY A.M·A·拉普SHEN BOB·沈WU JINGRUI武景瑞,中国专利代理(香港)有限公司 72001中国专利代理(香港)有限公司 72001,62/659579 18.04.2018 US62/741529 04.10.2018 US62/814373 06.03.2019 US,,(EN) IMPROVING AGRONOMIC CHARACTERISTICS IN MAIZE BY MODIFICATION OF ENDOGENOUS MADS BOX TRANSCRIPTION FACTORS(ZH) 通过修饰内源性MADS盒转录因子改善玉蜀黍中的农艺特征,"(EN) Genome edited plants, plant cells, seeds and plant parts of maize are provided where expression levels and/or activities of MADS-box transcription factors are modulated to improve one or more agronomic characteristics such as grain yield. Also provided are compositions comprising polynucleotides encoding polypeptides and guide RNAs targeted to endogenous maize MADS-box proteins including for example, targeted site-directed mutagenesis using CRISPR-associated nucleases. Additionally, various methods of employing the polynucleotides and genetic modifications in plants, such as methods for modulating expression level in a maize plant and methods for increasing yield of a maize plant are also provided herein.(ZH) 提供了玉蜀黍的基因组编辑植物、植物细胞、种子、和植物部分，其中MADS盒转录因子的表达水平和/或活性被调控以改善一种或多种农艺特征，诸如籽粒产量。还提供了组合物，所述组合物包含编码多肽的多核苷酸和靶向内源性玉蜀黍MADS盒蛋白的指导RNA，所述MADS盒蛋白包括例如使用CRISPR相关核酸酶进行的靶向性定点诱变。另外，本文还提供了在植物中使用所述多核苷酸和遗传修饰的各种方法，诸如用于在玉蜀黍植物中调控表达水平的方法以及用于增加玉蜀黍植物产量的方法。","WO/2019/204256

BR112020021364

EP3780946

US20210155949

CA3095045

IN202017049501",China,16.04.2019,A,,,,,
EP318509452,19789170,3780946,24.02.2021,"C12N 15/82
					






A01H 1/02
					






A01H 5/10
					






C12Q 1/68
					








C12N 15/82
					






A01H 1/02
					






A01H 5/10
					






C12Q 1/68
					






View less classifications","A01H 6/4684
					






C12N 15/8269
					






C12N 15/8213
					






A01H 5/10
					






Y02A 40/146
					






C12N 15/8241
					








A01H 6/4684
					






C12N 15/8269
					






C12N 15/8213
					






A01H 5/10
					






Y02A 40/146
					






C12N 15/8241
					






View less classifications",PIONEER HI BRED INT,ABBITT SHANE EFRANK MARY JLAWIT SHAIMELO ROSANARUPE MARY ASHEN BOWU JINGRUI,,201862659579 18.04.2018 US201862741529 04.10.2018 US201962814373 06.03.2019 US,,(DE) VERBESSERUNG DER AGRONOMISCHEN EIGENSCHAFTEN BEI MAIS DURCH MODIFIKATION ENDOGENER MADS-BOX-TRANSKRIPTIONSFAKTOREN(EN) IMPROVING AGRONOMIC CHARACTERISTICS IN MAIZE BY MODIFICATION OF ENDOGENOUS MADS BOX TRANSCRIPTION FACTORS(FR) AMÉLIORATION DE CARACTÉRISTIQUES AGRONOMIQUES DANS LE MAÏS PAR MODIFICATION DE FACTEURS DE TRANSCRIPTION DE MADS BOX ENDOGÈNES,"(EN) Genome edited plants, plant cells, seeds and plant parts of maize are provided where expression levels and/or activities of MADS-box transcription factors are modulated to improve one or more agronomic characteristics such as grain yield. Also provided are compositions comprising polynucleotides encoding polypeptides and guide RNAs targeted to endogenous maize MADS-box proteins including for example, targeted site-directed mutagenesis using CRISPR-associated nucleases. Additionally, various methods of employing the polynucleotides and genetic modifications in plants, such as methods for modulating expression level in a maize plant and methods for increasing yield of a maize plant are also provided herein.(FR) L'invention concerne des plantes modifiées par le génome, des cellules végétales, des graines et des parties de plantes du maïs, les niveaux d'expression et/ou les activités des facteurs de transcription de MADS box étant modulés pour améliorer une ou plusieurs caractéristiques agronomiques telles que le rendement en grains. L'invention concerne également des compositions comprenant des polynucléotides codant pour des polypeptides et des ARN guides ciblés sur des protéines de MADS box de maïs endogènes comprenant, par exemple, une mutagenèse dirigée ciblée à l'aide de nucléases associées à CRISPR. De plus, l'invention concerne également divers procédés d'utilisation des polynucléotides et des modifications génétiques dans des plantes, tels que des procédés de modulation du niveau d'expression dans une plante de maïs et des procédés pour augmenter le rendement d'une plante de maïs.","WO/2019/204256

CN111988989

BR112020021364

US20210155949

CA3095045

IN202017049501",European Patent Office,16.04.2019,A4,,,"View all
							



AL, AT, BA, BE, BG, CH, CY, CZ, DE, DK, EE, ES, FI, FR, GB, GR, HR, HU, IE, IS, IT, LI, LT, LU, LV, MC, ME, MK, MT, NL, NO, PL, PT, RO, RS, SE, SI, SK, SM, TR
				

Hide all",,
CA310737196,3095045,3095045,24.10.2019,"A01H 5/00
					






A01H 5/10
					






C07K 14/415
					






C12N 15/82
					








A01H 5/00
					






A01H 5/10
					






C07K 14/415
					






C12N 15/82
					






View less classifications","A01H 6/4684
					






C12N 15/8269
					






C12N 15/8213
					






A01H 5/10
					






Y02A 40/146
					






C12N 15/8241
					








A01H 6/4684
					






C12N 15/8269
					






C12N 15/8213
					






A01H 5/10
					






Y02A 40/146
					






C12N 15/8241
					






View less classifications","PIONEER HI-BRED INTERNATIONAL, INC.","ABBITT, SHANE E.FRANK, MARY J.LAWIT, SHAIMELO, ROSANARUPE, MARY A.SHEN, BOWU, JINGRUI",,"62/659,579 18.04.2018 US62/741,529 04.10.2018 US62/814,373 06.03.2019 US",,(EN) IMPROVING AGRONOMIC CHARACTERISTICS IN MAIZE BY MODIFICATION OF ENDOGENOUS MADS BOX TRANSCRIPTION FACTORS(FR) AMELIORATION DE CARACTERISTIQUES AGRONOMIQUES DANS LE MAIS PAR MODIFICATION DE FACTEURS DE TRANSCRIPTION DE MADS BOX ENDOGENES,"(EN) Genome edited plants, plant cells, seeds and plant parts of maize are provided where expression levels and/or activities of MADS-box transcription factors are modulated to improve one or more agronomic characteristics such as grain yield. Also provided are compositions comprising polynucleotides encoding polypeptides and guide RNAs targeted to endogenous maize MADS-box proteins including for example, targeted site-directed mutagenesis using CRISPR-associated nucleases. Additionally, various methods of employing the polynucleotides and genetic modifications in plants, such as methods for modulating expression level in a maize plant and methods for increasing yield of a maize plant are also provided herein.(FR) L'invention concerne des plantes modifiées par le génome, des cellules végétales, des graines et des parties de plantes du maïs, les niveaux d'expression et/ou les activités des facteurs de transcription de MADS box étant modulés pour améliorer une ou plusieurs caractéristiques agronomiques telles que le rendement en grains. L'invention concerne également des compositions comprenant des polynucléotides codant pour des polypeptides et des ARN guides ciblés sur des protéines de MADS box de maïs endogènes comprenant, par exemple, une mutagenèse dirigée ciblée à l'aide de nucléases associées à CRISPR. De plus, l'invention concerne également divers procédés d'utilisation des polynucléotides et des modifications génétiques dans des plantes, tels que des procédés de modulation du niveau d'expression dans une plante de maïs et des procédés pour augmenter le rendement d'une plante de maïs.","WO/2019/204256

CN111988989

BR112020021364

EP3780946

US20210155949

IN202017049501",Canada,,A1,,,,,
CN310801653,201980018394,111836825,27.10.2020,"C07K 14/415
					






C12N 15/113
					






C12N 15/82
					






A01H 6/46
					






A01H 6/02
					








C07K 14/415
					






C12N 15/113
					






C12N 15/82
					






A01H 6/46
					






A01H 6/02
					






View less classifications","C07K 14/415
					






C12N 15/8213
					






C12N 15/8216
					






C12N 15/8218
					






A01H 6/4684
					






A01H 6/024
					






View more classifications
							






C07K 14/415
					






C12N 15/8213
					






C12N 15/8216
					






C12N 15/8218
					






A01H 6/4684
					






A01H 6/024
					






C12N 2310/20
					






C12N 9/22
					






C12N 15/82
					






View less classifications",KWS SAAT SE科沃施种子欧洲股份两合公司,HUMMEL AARONA·赫梅尔VAGHCHHIPAWALA ZARIRZ·瓦格齐帕瓦拉,永新专利商标代理有限公司 72002永新专利商标代理有限公司 72002,"62/616,136 11.01.2018 US",,(EN) Optimized plant CRISPR/CPF1 systems(ZH) 优化的植物CRISPR/CPF1系统,"(EN) The present invention relates to optimized systems for the genome editing of eukaryotic cells, preferably plant cells. Also provided is a plant delivery system comprising at least one Cpf1 enzyme, ora plant optimized construct encoding the same, to be synergistically combined with a Cpf1 guide RNA system. Further provided is a Cpf1 guide RNA system being flanked by a Hammerhead ribozyme sequenceat the 5' end and by a plant-derived Hepatitis Delta Virus (HDV)-like ribozyme sequence at the 3' end, or being embedded within a coding or non-coding region, of a sequence encoding a frame sequence.Novel plant-derived HDV-like ribozyme sequences are also provided. Further provided are methods for improved genome editing, and the use of the various systems provided herein to obtain transformed plants, plant cells, tissues, organs, or a progeny thereof, or a plant material, modified in a targeted way even at difficult to access target sites.(ZH) 本发明涉及用于真核细胞，优选植物细胞基因组编辑的优化的系统。本发明还提供一种植物递送系统，其包含至少一个Cpf1酶或编码其的植物优化的构建体，以与Cpf1向导RNA系统协同组合。本发明还提供一种Cpf1向导RNA系统，其侧翼为5’端处的锤头核酶序列和3’端处的植物衍生的丁型肝炎病毒(HDV)样核酶序列，或嵌入到编码框序列(frame sequence)的序列的编码或非编码区域中。本发明还提供了新型的植物衍生的HDV样核酶序列。本发明还提供了改进的基因组编辑方法，以及本发明所提供的各种系统在获得以靶向的方式甚至在难以到达的靶位点进行修饰的转化的植物、植物细胞、组织、器官或其子代、或植物材料中的应用。","AR113728

WO/2019/138052

EP3737691

BR112020014017

US20210163968

CA3088052

US20240409949",China,11.01.2019,A,,,,,
CA300730838,3088052,3088052,18.07.2019,"A01H 6/02
					






A01H 6/46
					






C07K 14/415
					






C12N 15/113
					






C12N 15/82
					








A01H 6/02
					






A01H 6/46
					






C07K 14/415
					






C12N 15/113
					






C12N 15/82
					






View less classifications","C07K 14/415
					






C12N 15/8213
					






C12N 15/8216
					






C12N 15/8218
					






A01H 6/4684
					






A01H 6/024
					






View more classifications
							






C07K 14/415
					






C12N 15/8213
					






C12N 15/8216
					






C12N 15/8218
					






A01H 6/4684
					






A01H 6/024
					






C12N 2310/20
					






C12N 9/22
					






C12N 15/82
					






View less classifications",KWS SAAT SE & CO. KGAA,"HUMMEL, AARONVAGHCHHIPAWALA, ZARIR",,"62/616,136 11.01.2018 US",,(EN) OPTIMIZED PLANT CRISPR/CPF1 SYSTEMS(FR) SYSTEMES CRISPR/CPF1 OPTIMISES DE PLANTES,"(EN) The present invention relates to optimized systems for the genome editing of eukaryotic cells, preferably plant cells. Also provided is a plant delivery system comprising at least one Cpf1 enzyme, or a plant optimized construct encoding the same, to be synergistically combined with a Cpf1 guide RNA system. Further provided is a Cpf1 guide RNA system being flanked by a Hammerhead ribozyme sequence at the 5' end and by a plant-derived Hepatitis Delta Virus (HDV)-like ribozyme sequence at the 3' end, or being embedded within a coding or non-coding region, of a sequence encoding a frame sequence. Novel plant-derived HDV-like ribozyme sequences are also provided. Further provided are methods for improved genome editing, and the use of the various systems provided herein to obtain transformed plants, plant cells, tissues, organs, or a progeny thereof, or a plant material, modified in a targeted way even at difficult to access target sites.(FR) La présente invention concerne des systèmes optimisés pour l'édition génomique de cellules eucaryotes, de préférence des cellules végétales. L'invention concerne également un système d'administration dans des plantes comprenant au moins une enzyme Cpf1, ou une construction optimisée de plantes codant pour celui-ci, pouvant être combinée de manière synergique avec un système d'ARN guide de Cpf1. L'invention concerne en outre un système d'ARN guide de Cpf1 flanqué par une séquence de ribozyme en tête de marteau à l'extrémité 5' et par une séquence de ribozyme de type virus de l'hépatite delta (HDV) dérivé d'une plante à l'extrémité 3', ou étant incorporé dans une région de codage ou de non-codage, d'une séquence codant pour une séquence de trame. L'invention concerne également de nouvelles séquences de ribozyme de type HDV dérivées d'une plante. L'invention concerne en outre des procédés améliorés pour l'édition génomique, et l'utilisation de divers systèmes selon l'invention afin d'obtenir des plantes transformées, des cellules végétales, des tissus, des organes ou une descendance de ceux-ci, ou un matériau végétal, modifié de manière ciblée même dans des sites cibles difficiles d'accès.","AR113728

WO/2019/138052

CN111836825

EP3737691

BR112020014017

US20210163968

US20240409949",Canada,,A1,,,,,
CN438262435,202410589544.X,118546977,27.08.2024,"C12N 15/82
					






C07K 14/415
					






C12N 15/29
					






A01H 5/00
					






A01H 6/20
					








C12N 15/82
					






C07K 14/415
					






C12N 15/29
					






A01H 5/00
					






A01H 6/20
					






View less classifications","C12N 15/8271
					






C07K 14/415
					








C12N 15/8271
					






C07K 14/415
					






View less classifications",HANGZHOU INTERNATIONAL SCIENCE AND TECHNOLOGY INNOVATION CENTER OF ZHEJIANG UNIVERSITY浙江大学杭州国际科创中心,WANG BAOJUN王宝俊SHI LEI石磊HAN BEI韩贝YAN JUNJUN严军军JIANG AOSHENG姜澳生WU TAO吴涛YUAN PAN袁盼,杭州天勤知识产权代理有限公司 33224,,,(EN) Application of rape phosphate transporter gene mutant in arsenic stress resistance(ZH) 一种油菜磷酸盐转运子基因突变体在耐砷胁迫中的应用,"(EN) The invention discloses application of an oilseed rape phosphate transporter gene mutant in arsenic stress resistance, and particularly relates to application of oilseed rape BnPHT5; the 1bs gene or the orthologous gene of the 1bs gene is applied to regulation and control of arsenic stress resistance of plants. The invention further discloses a method for obtaining the arsenic-resistant crops. The method comprises the following steps: carrying out genetic transformation on the rape vacuolar phosphorus transporter gene BnPHT5 containing the rape vacuolar phosphorus transporter gene BnPHT5 in claim 1 or 2 by using an agrobacterium tumefaciens-mediated genetic transformation method; the method comprises the following steps: editing an expression vector by using a CRISPR-Cas9 gene of 1bs, transforming the expression vector into a crop genome, and obtaining BnA09PHT5 by using a CRISPR-Cas9 gene editing technology; 1b, and BnCnPHT5; the crop variety with the function deletion of the two homologous genes 1, 2, 3, 4, 5, 6, 7 and 1b is used as an arsenic According to the invention, PHT5 is eliminated; the expression of 1bs improves the arsenic stress resistance of plants.(ZH) 本发明公开了一种油菜磷酸盐转运子基因突变体在耐砷胁迫中的应用，具体为油菜BnPHT5；1bs基因或其直系同源基因在调控植物耐砷胁迫性中的应用。本发明还公开了一种获得耐砷作物的方法，所述方法为：使用农杆菌介导的遗传转化方法将含有权利要求1或2所述的油菜液泡磷转运子基因BnPHT5；1bs的CRISPR‑Cas9基因编辑表达载体转化到作物基因组中，利用CRISPR‑Cas9基因编辑技术获得BnA09PHT5；1b和BnCnPHT5；1b两个同源基因功能缺失的作物品种，作为耐砷作物。本发明通过消除PHT5；1bs的表达提高植物抵御砷胁迫的能力。",,China,13.05.2024,A,,,,,
US375116822,17619583,20220298520,22.09.2022,"C12N 15/82
					






C12N 9/22
					






C12N 9/24
					






C12Q 1/6895
					






C12N 15/11
					








C12N 15/82
					






C12N 9/22
					






C12N 9/24
					






C12Q 1/6895
					






C12N 15/11
					






View less classifications","C12N 9/22
					






C12N 15/8213
					






C12N 9/24
					






C12Q 1/6895
					






C12N 15/111
					






C12N 2310/20
					








C12N 9/22
					






C12N 15/8213
					






C12N 9/24
					






C12Q 1/6895
					






C12N 15/111
					






C12N 2310/20
					






View less classifications","PIONEER HI-BRED INTERNATIONAL, INC.",Norbert BrugiereWenpin ChenIgor FalakSiva S. Ammiraju JETTYCheng LuRobert W. Williams,,,,(EN) COMPOSITIONS AND METHODS FOR IMPROVING POD SHATTER TOLERANCE IN CANOLA,"(EN) 
Genome edited plants, plant cells, seeds and plant parts of Brassica are provided where expression levels and/or activities of pod dehiscence genes are modulated to improve one or more agronomic characteristics such as pod shatter. Also provided are compositions comprising polynucleotides encoding polypeptides and guide RNAs targeted to endogenous Brassica proteins involved in pod dehiscence including for example, targeted site-directed mutagenesis using CRISPR-associated nucleases. Additionally, various methods of employing the polynucleotides and genetic modifications in plants, such as methods for modulating expression level in a Brassica plant and methods for increasing pod shatter tolerance of a Brassica plant are also provided herein.","WO/2020/257251

WO/2020/257273

AU2020295995

AU2020295398

CA3141931

CA3142950

EP3986118

EP3986120

US20220298519

RU2022100974

RU2022100976

CL2021003363

CL2021003403

UAa202200215This application is not viewable in PATENTSCOPE because the national phase entry has not been published yet or the national entry is issued from a country that does not share data with WIPO or there is a formatting issue or an unavailability of the application.",United States of America,17.06.2020,A1,,,,,
AU340320468,2020295995,2020295995,24.12.2020,"A01H 1/00
					






A01H 5/00
					






A01H 6/20
					






C07K 14/415
					






C12N 9/22
					






C12N 15/09
					






View more classifications
							






A01H 1/00
					






A01H 5/00
					






A01H 6/20
					






C07K 14/415
					






C12N 9/22
					






C12N 15/09
					






C12N 15/11
					






View less classifications","C07K 14/415
					






C12N 9/22
					






A01H 5/10
					






C12N 15/8213
					






C12N 9/24
					






C12N 2310/20
					






View more classifications
							






C07K 14/415
					






C12N 9/22
					






A01H 5/10
					






C12N 15/8213
					






C12N 9/24
					






C12N 2310/20
					






A01H 1/1205
					






C12Q 1/6895
					






C12N 15/111
					






View less classifications","Pioneer Hi-Bred International, Inc.","BRUGIERE, NorbertCHEN, WenpinFALAK, IgorJETTY, Siva S. AmmirajuLU, ChengWILLIAMS, Robert W.",Oxygene IP,"62/863,551 19.06.2019 US",,(EN) Compositions and methods for improving pod shatter tolerance in canola,"(EN) Genome edited plants, plant cells, seeds and plant parts of Brassica are provided where expression levels and/or activities of pod dehiscence genes are modulated to improve one or more agronomic characteristics such as pod shatter. Also provided are compositions comprising polynucleotides encoding polypeptides and guide RNAs targeted to endogenous Brassica proteins involved in pod dehiscence including for example, targeted site-directed mutagenesis using CRISPR-associated nucleases. Additionally, various methods of employing the polynucleotides and genetic modifications in plants, such as methods for modulating expression level in a Brassica plant and methods for increasing pod shatter tolerance of a Brassica plant are also provided herein.","WO/2020/257251

WO/2020/257273

AU2020295398

CA3141931

CA3142950

EP3986118

EP3986120

US20220298519

US20220298520

RU2022100974

RU2022100976

CL2021003363

CL2021003403

UAa202200215This application is not viewable in PATENTSCOPE because the national phase entry has not been published yet or the national entry is issued from a country that does not share data with WIPO or there is a formatting issue or an unavailability of the application.",Australia,17.06.2020,A1,,,,,
CN371017838,202210741231,114805522,29.07.2022,"C07K 14/415
					






C12N 15/29
					






C12N 15/84
					






A01H 5/10
					






A01H 6/46
					








C07K 14/415
					






C12N 15/29
					






C12N 15/84
					






A01H 5/10
					






A01H 6/46
					






View less classifications","C07K 14/415
					






C12N 15/8273
					






C12N 15/8271
					






C12N 15/8205
					






Y02A 40/146
					








C07K 14/415
					






C12N 15/8273
					






C12N 15/8271
					






C12N 15/8205
					






Y02A 40/146
					






View less classifications","INSTITUTE OF CROP SCIENCE, CHINESE ACADEMY OF AGRICULTURAL SCIENCES中国农业科学院作物科学研究所",FU BINYING傅彬英DU FENGPING杜丰平WANG WENSHENG王文生ZHAO XIUQIN赵秀琴WANG JUAN汪娟LI YINGBO李英博ZHANG YUE张岳,北京思元知识产权代理事务所(普通合伙) 11598北京思元知识产权代理事务所(普通合伙) 11598,,,(EN) Application of rice OsbHLH38 protein and coding gene thereof in improving abiotic stress resistance of plants(ZH) 水稻OsbHLH38蛋白及其编码基因在提高植物抗非生物胁迫中的用途,"(EN) The invention discloses a rice OsbHLH38 protein and application of a coding gene of the rice OsbHLH38 protein to improvement of abiotic stress resistance of plants. According to the invention, overexpression and CRISPR (clustered regularly interspaced short palindromic repeats) knockout technologies are respectively adopted to carry out overexpression or knockout mutation on the rice OsbHLH38 gene in rice, and according to phenotypic changes of transgenic rice plants, it is found that overexpression of the OsbHLH38 gene in rice can significantly improve the ability of rice to resist salt stress; therefore, the invention provides the application of the rice OsbHLH38 protein and the coding gene thereof in improving the abiotic stress resistance of the plant, and the application comprises the following steps: overexpressing the rice OsbHLH38 gene in the plant to obtain a transgenic plant, and the abiotic stress resistance of the obtained transgenic plant is obviously enhanced. The method has application prospects in the aspects of improving and enhancing rice stress resistance, accelerating the stress-resistant molecular breeding process and the like.(ZH) 本发明公开了水稻OsbHLH38蛋白及其编码基因在提高植物抗非生物胁迫中的用途。本发明分别采用超表达和CRISPR敲除技术将水稻OsbHLH38基因在水稻中进行超表达或进行敲除突变，根据转基因水稻植株的表型变化发现，在水稻中超表达OsbHLH38基因能够显著改善水稻抵御盐胁迫的能力；因此，本发明提供了水稻OsbHLH38蛋白及其编码基因能够在提高植物对于非生物胁迫抗性中的应用，包括：将水稻OsbHLH38基因在植物中进行过表达得到转基因植物，所得到的转基因植物对于非生物胁迫的抗性明显增强。本发明在改良、增强水稻抗逆性以及加速抗逆分子育种进程等方面具有应用前景。",,China,28.06.2022,,114805522,20.09.2022,,,
CN436525250,202410278043.X,118389544,26.07.2024,"C12N 15/53
					






C12N 9/04
					






C12N 15/82
					






A01H 6/46
					






A01H 5/00
					








C12N 15/53
					






C12N 9/04
					






C12N 15/82
					






A01H 6/46
					






A01H 5/00
					






View less classifications","C12N 9/0006
					






C12N 15/8282
					






C12N 15/8218
					






C12N 15/8205
					






C12Y 101/01195
					








C12N 9/0006
					






C12N 15/8282
					






C12N 15/8218
					






C12N 15/8205
					






C12Y 101/01195
					






View less classifications",FUJIAN AGRICULTURE AND FORESTRY UNIVERSITY福建农林大学,CHEN XIAOMIN陈小敏FAN JIAXIN樊嘉鑫HUANG LINWAN黄琳婉ZHANG JUN张君TANG WEI汤蔚WANG ZONGHUA王宗华,福州市鼓楼区年盛知识产权代理事务所(普通合伙) 35254,,,(EN) Rice gene OsCAD8B and application thereof(ZH) 一种水稻基因OsCAD8B及其应用,"(EN) The invention discloses a rice gene OsCAD8B, the nucleotide sequence of the rice gene OsCAD8B is as shown in SEQ ID NO.1, and the amino acid sequence of a protein coded by the rice gene OsCAD8B is as shown in SEQ ID NO.2. On the basis of an open reading frame and the amino acid sequence of the rice gene OsCAD8B, a rice gene editing carrier OsCAD8B-pYLCRISPR/Cas9Pubi-H is constructed by utilizing a CRISPR/Cas9 gene editing technology, and the rice gene is transformed into pYLCRISPR/Cas9Pubi-H by an agrobacterium-mediated transformation method. An OsCAD8B-pYLCRISPR/Cas9Pubi-H gene editing carrier is introduced into a rice callus tissue, and a corresponding transgenic line is obtained. The application has the advantages that crop genetic improvement is carried out through OSCAD8B gene editing, and the rice blast resistance is remarkably improved; the wild type and the OscAD8B-ko rice plants are further subjected to a magnaporthe oryzae inoculation experiment, and the result shows that the resistance of the rice plants to the magnaporthe oryzae is improved by knocking out the OscAD8B, the rice form is not influenced, and the influence on the thousand seed weight of the seeds is small.(ZH) 本发明公开了一种水稻基因OsCAD8B，其核苷酸序列如SEQ ID NO.1所示，其编码的蛋白的氨基酸序列如SEQ ID NO.2所示，以水稻基因OsCAD8B开放阅读框和氨基酸序列为基础，利用CRISPR/Cas9基因编辑技术，构建水稻基因编辑载体OsCAD8B‑pYLCRISPR/Cas9Pubi‑H，通过农杆菌介导的转化方法，将OsCAD8B‑pYLCRISPR/Cas9Pubi‑H基因编辑载体导入水稻愈伤组织中，获得相对应的转基因株系。本发明的优点：通过OsCAD8B基因编辑进行作物遗传改良，显著提高了抗稻瘟的能力；进一步对野生型和Oscad8B‑ko水稻植株进行稻瘟病菌接种实验，结果显示敲除OsCAD8B提高了水稻植株对稻瘟病菌的抗性，且不影响水稻形态，对种子的千粒重影响较小。",,China,12.03.2024,B,,,,,
CN226035000,201810217937,108486146,04.09.2018,"C12N 15/82
					






C12N 15/62
					






C07K 14/415
					






A01H 5/00
					






A01H 6/46
					








C12N 15/82
					






C12N 15/62
					






C07K 14/415
					






A01H 5/00
					






A01H 6/46
					






View less classifications","C07K 14/415
					






C07K 2319/00
					






C12N 15/8218
					






C12N 2800/80
					






C12N 2810/10
					








C07K 14/415
					






C07K 2319/00
					






C12N 15/8218
					






C12N 2800/80
					






C12N 2810/10
					






View less classifications","INSTITUTE OF CROP SCIENCE, CHINESE ACADEMY OF AGRICULTURAL SCIENCES中国农业科学院作物科学研究所",XIA LANQIN夏兰琴LI SHAOYA李少雅ZHAO YUNDE赵云德ZHANG XIN张欣WANG WENSHENG王文生DU WENMING杜文明,北京纪凯知识产权代理有限公司 11245,,,(EN) Application for using LbCpf1-RR mutant in CRISPR/Cpf1 system in plant gene editing(ZH) LbCpf1-RR突变体用于CRISPR/Cpf1系统在植物基因编辑中的应用,"(EN) The invention discloses application for using an LbCpf1 - RR mutant in a CRISPR/Cpf1 system in plant gene editing. The application for using the LbCpf1 - RR mutant in the CRISPR/Cpf1 system in plant gene editing uses an OsPDS gene and an OsSBEIIb gene as target genes, constructs a target double loci of one gene and a series of vectors of two genes, and utilizes an agrobacterium-mediated transformation method to import the vectors into rice callus, and rice plants with the target gene knockout are successfully obtained by using the LbCpf1-RR mutant. The only difference between the LbCpf1-RR mutant and the protein LbCpf1 is that the 532nd amino acid changes from G to R, and the 595th amino acid changes from K to R. The LbCpf1-RR mutant provided by the application for using the LbCpf1 - RR mutant in the CRISPR/Cpf1 system in plant gene editing expands the PAM site sequence identified by the LbCpf1-RR mutant, so that the editing range of the CRISPR/Cpf1 system in rice genome is expanded, great significance for promoting the application of the system in the field of plant genome editing is achieved. The application for using the LbCpf1 - RR mutant in the CRISPR/Cpf1 system in plant geneediting has great application value.(ZH) 本发明公开了LbCpf1‑RR突变体用于CRISPR/Cpf1系统在植物基因编辑中的应用。本发明以OsPDS基因和OsSBEIIb基因为靶基因，构建了靶向一个基因的双位点和两个基因的系列载体，并利用农杆菌转化方法将载体导入水稻愈伤中，利用LbCpf1‑RR突变体成功获得了目的基因敲除的水稻植株。LbCpf1‑RR突变体与蛋白质LbCpf1的唯一不同在于：第532位的氨基酸由G变为R，第595位的氨基酸由K变为R。本发明提供的LbCpf1‑RR突变体由于扩充了其识别的PAM位点序列，所以扩大了CRISPR/Cpf1系统在水稻基因组中的编辑范围，对于推进此系统在植物基因组编辑领域中的应用有重要意义。本发明具有重大的应用价值。",,China,16.03.2018,A,108486146,19.02.2021,,,
US379738014,17731856,20220372502,24.11.2022,"C12N 15/82
					








C12N 15/82
					






View less classifications","C12N 15/8213
					








C12N 15/8213
					






View less classifications",Monsanto Technology LLC,Ian W. DavisMatthew S. MarengoErvin D. Nagy,,,,(EN) PLANT REGULATORY ELEMENTS AND USES THEREOF,"(EN) 
The invention provides novel synthetic small nuclear RNA (snRNA) promoters which are useful for CRISPR-mediated targeted gene modifications in plants. The invention also provides methods and compositions for use for the snRNA promoters driving expression of guide RNAs and non-coding RNAs for development of plants and plant cells comprising modified genomes.",,United States of America,28.04.2022,B,,,,,
CN202655171,201710182462,106939317,11.07.2017,"C12N 15/82
					






A01H 5/00
					








C12N 15/82
					






A01H 5/00
					






View less classifications","C12N 15/8283
					








C12N 15/8283
					






View less classifications",SOUTH CHINA AGRICULTURAL UNIVERSITY,ZHANG TONGZHOU GUOHUI,,,,(EN) Method for improving RNA virus resistance of plants(ZH) 一种提高植物抵御RNA病毒的能力的方法,"(EN) The present invention discloses a method for improving the RNA virus resistance of plants. The method comprises: S1, selecting a plurality of target sequences from the genome sequence of RNA virus to be resisted, and respectively designing and synthesizing DNA fragments reversely complementary to the target sequences, wherein the DNA fragments are double-stranded DNA, and the arrangement rule of the target sequences is 5'-NX-C-3'; S2, respectively constructing the DNA fragments obtained in step the S1 into vectors for expressing CRISPR/Cas9 nuclease to obtain a plurality of recombinant vectors; and S3, respectively transforming the recombinant vectors into acceptor plants, and obtaining the plant having the improved RNA virus resistance from the acceptor plants having the transformed recombinant vectors. According to the present invention, the application of the CRISPR/CAS9 system in the effective inhibition of the CMV proliferation in the plant is limited so as to improve the disease resistance of plants.(ZH) 本发明公开了一种提高植物抵御RNA病毒的能力的方法，包括以下步骤：S1从待抵御的RNA病毒的基因组序列中选取若干靶序列，针对若干靶序列，分别设计合成与靶序列反向互补的DNA片段，DNA片段为双链DNA，靶序列的序列排列规则为5’‑NX‑C‑3’；S2将步骤S1中获得的若干个DNA片段分别构建到用于表达CRISPR/Cas9核酸酶的载体中，得到若干个重组载体；S3将若干个重组载体分别导入受体植物，从导入重组载体的受体植物中获得对RNA病毒抵御能力提高的植物。本发明首次受限了利用CRISPR/CAS9系统有效的抑制CMV在植物中的增殖，从而提高植物的抗病能力。",,China,24.03.2017,A1,,,,,
CN370197819,202210668829,114752573,15.07.2022,"C12N 9/02
					






C12N 15/53
					






C12N 15/84
					






C12N 5/10
					






A01H 5/00
					






A01H 6/46
					








C12N 9/02
					






C12N 15/53
					






C12N 15/84
					






C12N 5/10
					






A01H 5/00
					






A01H 6/46
					






View less classifications","C12N 9/0071
					






C12N 15/8273
					






C12N 15/8271
					






C12N 15/8205
					








C12N 9/0071
					






C12N 15/8273
					






C12N 15/8271
					






C12N 15/8205
					






View less classifications","INSTITUTE OF CROP SCIENCE, CHINESE ACADEMY OF AGRICULTURAL SCIENCES中国农业科学院作物科学研究所",WANG WENSHENG王文生WANG SHANWEN王善文FU BINYING傅彬英ZHAO XIUQIN赵秀琴XU JIANLONG徐建龙ZHANG FAN张帆WANG YINXIAO王银晓YIN MING尹明,北京思元知识产权代理事务所(普通合伙) 11598北京思元知识产权代理事务所(普通合伙) 11598,,,(EN) Application of rice OsGA20ox2 protein and coding gene thereof in improving abiotic stress resistance of plants(ZH) 水稻OsGA20ox2蛋白及其编码基因在提高植物抗非生物胁迫中的用途,"(EN) The invention discloses a rice OsGA20ox2 protein and application of a coding gene of the rice OsGA20ox2 protein to improvement of abiotic stress resistance of plants. According to the invention, overexpression and CRISPR (clustered regularly interspaced short palindromic repeats) knockout technologies are respectively adopted to carry out overexpression or knockout mutation on the rice OsGA20ox2 gene in rice, and according to phenotypic changes of transgenic rice plants, it is found that overexpression of the OsGA20ox2 gene in rice can significantly improve the drought resistance or osmotic stress resistance of rice, so that the drought resistance or osmotic stress resistance of rice can be significantly improved. The rice OsGA20ox2 protein and the coding gene thereof can be applied to improving the abiotic stress resistance of the plant, and the method comprises the following steps: overexpressing the rice OsGA20ox2 gene in the plant to obtain a transgenic plant, and the resistance of the obtained transgenic plant to drought stress or osmotic stress is obviously enhanced. The method has application prospects in the aspects of improving and enhancing rice stress resistance, accelerating the stress-resistant molecular breeding process and the like.(ZH) 本发明公开了水稻OsGA20ox2蛋白及其编码基因在提高植物抗非生物胁迫中的用途。本发明分别采用超表达和CRISPR敲除技术将水稻OsGA20ox2基因在水稻中进行超表达或进行敲除突变，根据转基因水稻植株的表型变化发现，在水稻中超表达OsGA20ox2基因能够显著改善水稻抵御干旱或渗透胁迫的能力，因此，水稻OsGA20ox2蛋白及其编码基因能够应用于提高植物对于非生物胁迫抗性，包括：将水稻OsGA20ox2基因在植物中进行过表达得到转基因植物，所得到的转基因植物对于干旱胁迫或渗透胁迫的抗性明显增强。本发明在改良、增强水稻抗逆性以及加速抗逆分子育种进程等方面具有应用前景。",,China,14.06.2022,A,114752573,12.08.2022,,,
NZ412444480,804298,804298,27.10.2023,"C12N 15/82
					






C12N 15/11
					






C12N 15/113
					








C12N 15/82
					






C12N 15/11
					






C12N 15/113
					






View less classifications",,MONSANTO TECHNOLOGY LLC,"DAVIS, Ian, W.MARENGO, Matthew, S.NAGY, Ervin, D.",Griffith Hack,"63/182,288 30.04.2021 US63/295,061 30.12.2021 US",,(EN) PLANT REGULATORY ELEMENTS AND USES THEREOF,(EN) The invention provides novel synthetic small nuclear RNA (snRNA) promoters which are useful for CRISPR-mediated targeted gene modifications in plants. The invention also provides methods and compositions for use for the snRNA promoters driving expression of guide RNAs and non-coding RNAs for development of plants and plant cells comprising modified genomes.,"WO/2022/232407

AU2022264019

CA3217328

BR112023020555

CN117242181

EP4330403

JP2024515777",New Zealand,04.10.2023,B,,,,,
CN333864293,202110609718,113215161,06.08.2021,"C12N 15/113
					






C12N 15/82
					






A01H 4/00
					






A01H 5/12
					






A01H 6/60
					








C12N 15/113
					






C12N 15/82
					






A01H 4/00
					






A01H 5/12
					






A01H 6/60
					






View less classifications","C12N 15/1137
					






C12N 15/8218
					






C12N 15/8275
					






A01H 4/005
					






A01H 4/008
					








C12N 15/1137
					






C12N 15/8218
					






C12N 15/8275
					






A01H 4/005
					






A01H 4/008
					






View less classifications",HUAZHONG AGRICULTURAL UNIVERSITY华中农业大学,JIN SHUANGXIA金双侠ZHANG XIANLONG张献龙WANG MAOJUN王茂军DING XIAO丁霄HUI FENGJIAO惠凤娇,北京国坤专利代理事务所(普通合伙) 11491,,,(EN) Method for creating herbicide-resistant plants by using single base editing technology(ZH) 利用单碱基编辑技术创造除草剂抗性植物的方法,"(EN) The invention relates to the technical field of herbicides, and discloses a method for creating herbicide-resistant plants by using a single base editing technology. The method comprises the following step of: 1) sgRNA design of a GhEPSP gene: selecting 5-enolpyruvylshikimite-3-phosphosynthase (EPSP synthase) of upland cotton as a verification gene, designing an sgRNA target sequence in a gene exon region by using online software CRISPR-P (http: //cbi.hzau.edu.cn/cgi-bin/CRISPR) (Lei et al 2014), performing C-T mutation in an editing window to change a target spot of an amino acid function, and finally selecting one sgRNA to construct a single base system plant expression vector. According to the method for creating the herbicide-resistant plants by using the single base editing technology, a single base editing system with cotton genome characteristics is successfully applied to cotton for the first time to realize single base mutation of cotton GhEPSP, and mutation sites are not reported by other crops; and through a leaf glyphosate smearing experiment, certain glyphosate tolerance is shown, so that the weeding efficiency of cotton fields is improved, the manual weeding cost is reduced, and super weeds in the cotton fields are prevented.(ZH) 本发明涉及除草剂技术领域，且公开了利用单碱基编辑技术创造除草剂抗性植物的方法，包括以下步骤：1)GhEPSP基因的sgRNA设计：选择陆地棉5‑烯醇式丙酮酰莽草酸‑3‑磷酸合酶(5‑Enolpyruvylshikimate‑3‑phosphatesynthase，EPSP合酶)为验证基因，利用在线软件CRISPR‑P(http：//cbi.hzau.edu.cn/cgi‑bin/CRISPR)(Lei et al 2014)在基因外显子区域设计sgRNA靶标序列，并且在编辑窗口内C‑T突变改变氨基酸功能的靶点，最终选择1个sgRNA用来构建单碱基系统植物表达载体。该利用单碱基编辑技术创造除草剂抗性植物的方法，在棉花中首次成功应用棉花基因组特性的单碱基编辑系统对棉花GhEPSP实现单碱基突变，突变位点未见其他作物报道，通过叶片草甘膦涂抹实验，表现出一定的草甘膦耐受性，提高了棉田除草效率，降低了人工除草成本，防范棉田超级杂草。",,China,01.06.2021,A,,,,,
CN323190088,202110072100,112680474,20.04.2021,"C12N 15/82
					






C12N 15/113
					






C12N 9/22
					






C12N 15/65
					








C12N 15/82
					






C12N 15/113
					






C12N 9/22
					






C12N 15/65
					






View less classifications",,"INSTITUTE OF CROP SCIENCE, CHINESE ACADEMY OF AGRICULTURAL SCIENCES中国农业科学院作物科学研究所",XIA LANQIN夏兰琴LI HUIYUAN李慧园YAN LEI闫磊,北京纪凯知识产权代理有限公司 11245,,,(EN) Fluorescence labeled CRISPR/SpCas9 system mediated gene replacement system and application thereof in plants(ZH) 一种荧光标记CRISPR/SpCas9系统介导的基因替换体系及其在植物中的应用,"(EN) The invention discloses a recombinant vector, a DNA molecule, application and a method for carrying out homologous recombination on a target gene by taking an RNA transcript as a template in a plant. The recombinant vector comprises an expression cassette A, an expression cassette B and an expression cassette C; the expression cassette A comprises a promoter A, SpCas9-T2A-GFP and a terminator; the expression cassette B comprises a promoter B and an encoding gene of gRNA, and a target fragment targeted by the gRNA is a DNA fragment to be replaced in a plant genome; the expression cassette C comprises a promoter C, an encoding gene of nuclease A, a template section and an encoding gene of nuclease B, and the template section comprises an upstream homologous arm of the target fragment, a donor fragment and a downstream homologous arm of the target fragment; and the donor fragment has a difference from the target fragment as follows: the donor fragment contains different nucleotides expected to be introduced into the target fragment. According to the invention, the recombinant vector utilizes a CRISPR/SpCas9 system, RNA serves as a homologous recombination repair template, replacement of a target gene is achieved in rice, and the application range of TT-HDR to the CRISPR/SpCas9 system is expanded.(ZH) 本发明公开了一种重组载体、DNA分子、应用及植物中以RNA转录本为模板进行目的基因同源重组的方法。该重组载体包括表达盒甲、表达盒乙和表达盒丙；表达盒甲包括启动子甲、SpCas9‑T2A‑GFP和终止子；表达盒乙包括启动子乙和gRNA的编码基因，gRNA靶向的目标片段是植物基因组中将被替换的DNA片段；表达盒丙包括启动子丙、核酸酶甲的编码基因、模板区段、核酸酶乙的编码基因，模板区段包括目标片段的上游同源臂、供体片段和目标片段的下游同源臂；供体片段与目标片段具有如下差异：供体片段含有预期在目标片段中引入的差异核苷酸。本发明的重载载体利用CRISPR/SpCas9系统，以RNA作为同源重组修复模板，在水稻中实现目的基因的替换，扩展TT‑HDR对于CRISPR/SpCas9系统的应用范围。",,China,19.01.2021,A,,,,,
CN405925025,202310770132,116516058,01.08.2023,"C12Q 1/6895
					






C12Q 1/6844
					






C12N 15/11
					






C12R 1/645
					








C12Q 1/6895
					






C12Q 1/6844
					






C12N 15/11
					






C12R 1/645
					






View less classifications","C12Q 1/6895
					






C12Q 1/6844
					






C12R 2001/645
					






Y02A 50/30
					








C12Q 1/6895
					






C12Q 1/6844
					






C12R 2001/645
					






Y02A 50/30
					






View less classifications",SANYA NANFAN RESEARCH INSTITUTE OF HAINAN UNIVERSITY海南大学三亚南繁研究院SANYA RESEARCH INSTITUTE OF HAINAN UNIVERSITY海南大学三亚研究院,CHEN QINGHE陈庆河LI ZHITING李智婷FENG WANZHEN冯婉珍DONG JIALI董嘉丽LU CHRISTMAS陆圣诞,长春中科长光知识产权代理事务所(普通合伙) 22218,,,(EN) Method and kit for visually detecting phytophthora sojae(ZH) 可视化检测大豆疫霉菌的方法及试剂盒,"(EN) The invention relates to the technical field of agriculture and plant quarantine detection, in particular to a method and kit for visually detecting phytophthora sojae, and the method comprises the following steps: S1, respectively placing an RPA system and a CRISPR/Cas12a system on a tube cover and a tube bottom, and carrying out RPA amplification on a to-be-detected sample; s2, transferring the CRISPR/Cas12a system into a reaction tube, and incubating the CRISPR/Cas12a system; under the mediation of crRNA, cutting a report sequence of which the two ends are modified with FAM and BHQ1, and respectively forming FAM-ssDNA and BHQ1-ssDNA; s3, detecting the fluorescence intensity; according to the method disclosed by the invention, a specific target site is obtained, and a CRISPR/Cas12a reagent does not need to be added after a cover is opened after amplification, so that aerosol pollution can be effectively avoided; the kit has the advantages of high specificity, short detection time, simplicity, portability, no dependence on large-scale instruments and equipment and the like; the method is very suitable for rapid detection of on-site and clinical specimens.(ZH) 本发明涉及农业与植物检疫检测技术领域，尤其涉及一种可视化检测大豆疫霉菌的方法及试剂盒，方法包括步骤：S1、管盖和管底分别放置RPA体系和CRISPR/Cas12a体系，对待测样品进行RPA扩增；S2、将CRISPR/Cas12a体系转入到反应管中孵育；在crRNA的介导下，切割两端修饰有FAM和BHQ1的报告序列，分别形成FAM‑ssDNA与BHQ1‑ssDNA；S3、进行荧光强度的检测；本发明的方法获得特定的靶位点，无需在扩增后开盖加入CRISPR/Cas12a试剂，能够有效避免气溶胶污染；具有特异性高，检测时间短，简单便携，不依赖大型仪器设备等优点；非常适合现场及临床标本的快速检测。",,China,28.06.2023,A,,,,,
CN231217044,201810385869,108546712,18.09.2018,"C12N 15/82
					








C12N 15/82
					






View less classifications","C12N 15/8213
					








C12N 15/8213
					






View less classifications","INSTITUTE OF CROP SCIENCE, CHINESE ACADEMY OF AGRICULTURAL SCIENCES中国农业科学院作物科学研究所",XIA LANQIN夏兰琴LI SHAOYA李少雅ZHAO YUNDE赵云德LI JINGYING李晶莹ZHANG JIAHUI张佳慧DU WENMING杜文明,北京纪凯知识产权代理有限公司 11245北京纪凯知识产权代理有限公司 11245,,,(EN) Method for realizing homologous recombination of target genes in plants by using CRISPR/LbCpf1 system(ZH) 一种利用CRISPR/LbCpf1系统实现目的基因在植物中同源重组的方法,"(EN) The invention discloses a method for realizing homologous recombination of target genes in plants by using a CRISPR/LbCpf1 system. The rice ALS gene is used as a study object; a homologous recombination vector is constructed; a vector A uses OsU3 as a promoter for promoting the crRNAs transcription; in addition, a restoration template in the vector only contains a left side homologous arm; a vector B also uses OsU3 as a promoter for promoting the crRNAs transcription, but the restoration template in the vector contains two homologous arms. A particle gun method is used for simultaneously transferring the vector and the foreign fragments into the rice callus tissue; the ALS gene site-directed rice plant is obtained. On one hand, the study result shows that when the double-chain DNA is usedas the restoration template, the cell uses an SDSA model for homologous recombination restoration; when only the left side homologous recombination arm is contained in the restoration template, the homologous recombination of the target gene can also be successfully mediated. By using the strategy, the vector construction is simpler.(ZH) 本发明公开了一种利用CRISPR/LbCpf1系统实现目的基因在植物中同源重组的方法。本发明以水稻ALS基因为研究对象，构建了同源重组载体。载体甲采用OsU3作为启动子，启动crRNAs的转录，且载体中的修复模板只含有左侧同源臂。载体乙同样采用OsU3作为启动子，启动crRNAs的转录，但载体中的修复模板含有两个同源臂。利用基因枪方法将载体与外源片段同时转入水稻愈伤中，获得了ALS基因定点修饰的水稻植株。研究结果一方面表明，当双链DNA作为修复模板时，细胞采用SDSA模型进行同源重组修复，且当修复模板中只含有左侧同源重组臂时同样可成功介导目的基因的同源重组，此策略使得载体构建更为简单。",,China,26.04.2018,A,108546712,07.08.2020,,,
CN405748556,202310560815,116555329,08.08.2023,"C12N 15/82
					






C07K 14/415
					






C12N 15/29
					






A01H 5/06
					






A01H 6/54
					








C12N 15/82
					






C07K 14/415
					






C12N 15/29
					






A01H 5/06
					






A01H 6/54
					






View less classifications","C12N 15/8261
					






C12N 15/8218
					






C07K 14/415
					






A01H 5/06
					








C12N 15/8261
					






C12N 15/8218
					






C07K 14/415
					






A01H 5/06
					






View less classifications",HUAZHONG AGRICULTURAL UNIVERSITY华中农业大学,ZHU HUI朱辉DUAN YAN段炎CAO YANGRONG曹扬荣YU HAIXIANG余海翔XIAO AIFANG肖爱芳,北京高沃律师事务所 11569,,,(EN) Application of LjAP3M protein in regulation and control of nitrogen fixation efficiency of plant root nodule(ZH) LjAP3M蛋白在调控植物根瘤固氮效率中的应用,"(EN) The invention relates to the technical field of gene engineering, in particular to application of LjAP3M protein in regulation and control of plant root nodule nitrogen fixation efficiency. The LjAP3M gene is knocked out by using a CRISPR-Cas9 technology, a transgenic plant is rapidly obtained by using an agrobacterium rhizogenes-mediated lotus corniculatus hair root transformation technology, statistics of the number of root nodules is carried out 14 days and 21 days after inoculation of rhizobium, and a result shows that the number of the root nodules can be remarkably increased and formation of the root nodules can be promoted after the LjAP3M is knocked out; besides, the LjAP3M gene is overexpressed by applying a hair root transformation technology, and a result shows that the number of root nodules of an overexpressed plant is obviously lower than that of a wild type control group, which indicates that the LjAP3M gene regulates and controls the number of the root nodules. The LjAP3M protein disclosed by the invention has great significance in reducing the usage amount of nitrogen fertilizer and improving the utilization rate of the nitrogen fertilizer of plants, and has great potential in genetic improvement of crops.(ZH) 本发明涉及基因工程技术领域，特别是涉及LjAP3M蛋白在调控植物根瘤固氮效率中的应用。本发明利用CRISPR‑Cas9技术敲除LjAP3M基因，通过发根农杆菌介导的百脉根毛根转化技术，快速获得转基因植株，并在接种根瘤菌14d和21d后进行了根瘤数目统计，结果表明LjAP3M敲除后能够显著提高根瘤数目，促进根瘤的形成；另外，运用毛根转化技术超表达LjAP3M基因，结果表明，超表达植株的根瘤数目显著低于野生型对照组，说明LjAP3M基因调控了根瘤的数目。本发明所述LjAP3M蛋白对于减少氮肥使用量、提高植物氮肥利用率具有重大意义，在作物遗传改良中具有很大的潜力。",,China,16.05.2023,B,116555329,07.05.2024,,,
CN405936984,202310770136,116516059,01.08.2023,"C12Q 1/6895
					






C12Q 1/6844
					






C12N 15/11
					






C12R 1/645
					








C12Q 1/6895
					






C12Q 1/6844
					






C12N 15/11
					






C12R 1/645
					






View less classifications","C12Q 1/6895
					






C12Q 1/6844
					






C12R 2001/645
					






Y02A 50/30
					








C12Q 1/6895
					






C12Q 1/6844
					






C12R 2001/645
					






Y02A 50/30
					






View less classifications",SANYA NANFAN RESEARCH INSTITUTE OF HAINAN UNIVERSITY海南大学三亚南繁研究院SANYA RESEARCH INSTITUTE OF HAINAN UNIVERSITY海南大学三亚研究院,CHEN QINGHE陈庆河DONG JIALI董嘉丽LI ZHITING李智婷FENG WANZHEN冯婉珍LIN MINGZE林明泽,长春中科长光知识产权代理事务所(普通合伙) 22218,,,(EN) Method and kit for visually detecting soybean southern stem canker pathogen(ZH) 可视化检测大豆南方茎溃疡病菌的方法及试剂盒,"(EN) The invention relates to the technical field of agriculture and plant quarantine detection, in particular to a method and kit for visually detecting soybean southern stem canker pathogens, and the method comprises the following steps: S1, respectively placing an RPA system and a CRISPR/Cas12a system on a tube cover and a tube bottom, and carrying out RPA amplification on a to-be-detected sample; s2, transferring the CRISPR/Cas12a system into a reaction tube, and incubating the CRISPR/Cas12a system; under the mediation of crRNA, cutting a report sequence of which the two ends are modified with FAM and BHQ1, and respectively forming FAM-ssDNA and BHQ1-ssDNA; s3, detecting the fluorescence intensity; according to the method disclosed by the invention, a specific target site is obtained, and a CRISPR/Cas12a reagent does not need to be added after a cover is opened after amplification, so that aerosol pollution can be effectively avoided; the kit has the advantages of high specificity, short detection time, simplicity, portability, no dependence on large-scale instruments and equipment and the like; the method is very suitable for rapid detection of on-site and clinical specimens.(ZH) 本发明涉及农业与植物检疫检测技术领域，尤其涉及一种可视化检测大豆南方茎溃疡病菌的方法及试剂盒，包括步骤：S1、管盖和管底分别放置RPA体系和CRISPR/Cas12a体系，对待测样品进行RPA扩增；S2、将CRISPR/Cas12a体系转入到反应管中孵育；在crRNA的介导下，切割两端修饰有FAM和BHQ1的报告序列，分别形成FAM‑ssDNA与BHQ1‑ssDNA；S3、进行荧光强度的检测；本发明的方法获得特定的靶位点，无需在扩增后开盖加入CRISPR/Cas12a试剂，能够有效避免气溶胶污染；具有特异性高，检测时间短，简单便携，不依赖大型仪器设备等优点；非常适合现场及临床标本的快速检测。",,China,28.06.2023,B,116516059,29.08.2023,,,
CN398582473,202310410504,116121298,16.05.2023,"C12N 15/84
					






C12N 15/54
					






A01H 5/10
					






A01H 5/00
					






A01H 6/20
					








C12N 15/84
					






C12N 15/54
					






A01H 5/10
					






A01H 5/00
					






A01H 6/20
					






View less classifications","C12N 15/8271
					






C12N 15/8216
					






C12N 15/8205
					






C12N 9/1014
					






C12Y 201/02
					






Y02A 40/146
					








C12N 15/8271
					






C12N 15/8216
					






C12N 15/8205
					






C12N 9/1014
					






C12Y 201/02
					






Y02A 40/146
					






View less classifications",SANYA RESEARCH INSTITUTE OF HENAN UNIVERSITY河南大学三亚研究院HENAN UNIVERSITY河南大学,XU XIUMEI徐秀美ZHENG LILING郑丽玲LYU DANDAN吕丹丹ZHANG LIXIN张立新,北京华际知识产权代理有限公司 11676,,,(EN) Application of inhibiting expression of HSRP1 gene in improving heat resistance of plants(ZH) 抑制HSRP1基因的表达在提高植物耐热性中的应用,"(EN) The invention discloses an application of inhibiting the expression of an HSRP1 gene in improving the heat resistance of a plant. The gene number of the HSRP1 gene in a TAIR official website is AT4G37930. According to the invention, an arabidopsis HSRP1 gene is obtained through plant genome cloning, a CRISPR-Cas9 gene knockout vector of the HSRP1 gene is constructed, and an HSRP1 gene knockout transgenic line is obtained by using an agrobacterium-mediated method. The inventor reveals the effect of HSRP1 in plant heat resistance through a culture medium heat stress simulation experiment, and a gene resource is provided for heat-resistant molecular breeding of crops. The plant can survive and grow in a temperature range beyond the original adaptive temperature range, and a new way is provided for molecular breeding and genetic modification of the plant.(ZH) 本发明公开了一种抑制HSRP1基因的表达在提高植物耐热性中的应用，所述HSRP1基因在TAIR官方网站的基因号为AT4G37930。本发明通过植物基因组克隆获得拟南芥HSRP1基因，构建了HSRP1基因CRISPR‑Cas9基因敲除载体，利用农杆菌介导的方法获得HSRP1基因敲除转基因系。发明人通过培养基热胁迫模拟实验，揭示了HSRP1在植物耐热中的作用，为作物耐热分子育种提供基因资源。可使植物能够在超出其原本的适应的温度范围内存活和生长，为植物的分子育种和遗传改造提供了一种新的途径。",,China,18.04.2023,B,116121298,16.06.2023,,,
CN426828106,202311841397,117757807,26.03.2024,"C12N 15/29
					






C07K 14/415
					






C12N 15/84
					






A01H 5/00
					






A01H 6/82
					








C12N 15/29
					






C07K 14/415
					






C12N 15/84
					






A01H 5/00
					






A01H 6/82
					






View less classifications",,YANGZHOU UNIVERSITY扬州大学,ZHU WENQI朱雯琪JEONG HAE-DONG丁海东JIANG HAILONG蒋海龙ZHAO YULE赵雨乐,扬州苏中专利事务所(普通合伙) 32222,,,(EN) Tomato SlMIS1 gene and application thereof in improving high temperature resistance of tomato(ZH) 番茄SlMIS1基因及其在提高番茄耐高温能力中的应用,"(EN) The invention belongs to the technical field of crop genetic engineering and molecular biology, and relates to a tomato SlMIS1 gene and application thereof in improvement of tomato high temperature resistance, the nucleotide sequence of the gene SlMIS1 is as shown in SEQ ID NO.1, and the corresponding amino acid sequence of the gene SlMIS1 is as shown in SEQ ID NO.2; a tomato SlMIS1 gene knockout mutant strain is obtained by using a CRISPR/Cas9 gene editing technology, and it is found that after high-temperature treatment, compared with a wild type, the SlMIS1 mutant strain (slmis1) is higher in high-temperature resistance, which indicates that the SlMIS1 gene negatively regulates the high-temperature resistance of tomatoes; the invention provides a new gene resource for cultivating a new variety of high-temperature-resistant tomato crops, has better application value, and also provides an experimental thought and a theoretical basis for researching a molecular mechanism of plant response to high temperature.(ZH) 本发明属于农作物基因工程及分子生物学技术领域，涉及番茄SlMIS1基因及其在提高番茄耐高温能力中的应用，基因SlMIS1的核苷酸序列如SEQ ID NO.1所示，其对应的氨基酸序列如SEQ ID NO.2所示；利用CRISPR/Cas9基因编辑技术获得番茄SlMIS1基因敲除的突变体株系，发现高温处理后，与野生型相比，SlMIS1突变体株系（slmis1）更耐高温，说明SlMIS1基因负调控番茄的耐高温性；本发明为培育抗高温的番茄作物新品种提供了新的基因资源，具有较好的应用价值，同时也为研究植物应答高温的分子机制提供了实验思路和理论基础。",,China,29.12.2023,B,,,,,
CN436540298,202410637361,118406693,30.07.2024,"C12N 15/29
					






C12N 15/82
					






A01H 6/20
					






A01H 5/00
					








C12N 15/29
					






C12N 15/82
					






A01H 6/20
					






A01H 5/00
					






View less classifications","C07K 14/415
					






C12N 15/8271
					






C12N 15/8218
					






C12N 15/8205
					








C07K 14/415
					






C12N 15/8271
					






C12N 15/8218
					






C12N 15/8205
					






View less classifications",SOUTH CHINA AGRICULTURAL UNIVERSITY华南农业大学,QI HUA齐华LUO YILI罗伊莉ZHENG YUPING郑宇平LIU TING刘婷ZHOU SHUNKANG周顺康XIE LIJUAN谢丽娟QIU RONGLIANG仇荣亮,广州京诺知识产权代理有限公司 44407,,,(EN) Application of arabidopsis thaliana HMP46 gene in improvement of cadmium stress resistance of plants(ZH) 一种拟南芥HMP46基因在提高植物镉胁迫抗性中的应用,"(EN) The invention relates to application of an arabidopsis HMP46 gene in improvement of cadmium stress resistance of plants, and discloses application of the arabidopsis HMP46 gene in improvement of cadmium stress resistance of the plants, which discovers that the expression of the HMP46 gene is obviously up-regulated under the induction of cadmium stress, an HMP46 gene mutation vector is constructed through a CRISPR (clustered regularly interspaced short palindromic repeats) technology, and an arabidopsis HMP46 gene mutant is obtained and is used for analyzing the biological function of the HMP46 gene in regulation and control of the cadmium stress resistance of the arabidopsis. The arabidopsis thaliana HMP46 gene mutant is sensitive to cadmium stress, which shows that under the cadmium stress condition of a certain concentration, the elongation and chlorophyll content of the HMP46 gene mutant root are obviously lower than those of a wild plant. Experiments confirm that the arabidopsis thaliana HMP46 gene has potential application value in the aspect of improving the cadmium stress resistance of plants, and a good theoretical and application foundation is laid for cultivating cadmium-tolerant high-yield crop varieties by using the arabidopsis thaliana HMP46 gene.(ZH) 一种拟南芥HMP46基因在提高植物镉胁迫抗性中的应用，本发明发现HMP46基因表达受镉胁迫诱导显著上调，通过CRISPR技术构建HMP46基因突变载体，并由此获得了拟南芥HMP46基因突变体，用于分析HMP46基因调控拟南芥镉胁迫耐受性的生物学功能；所述拟南芥HMP46基因突变体对镉胁迫较为敏感，表现为在一定浓度的镉胁迫条件下，HMP46基因突变体根的伸长及叶绿素含量都显著低于野生型植物。本发明通过实验确认了拟南芥HMP46基因在提高植物镉胁迫抗性方面具有潜在的应用价值，并为利用拟南芥HMP46基因培育耐镉高产的农作物品种奠定了良好的理论和应用基础。",,China,22.05.2024,A,,,,,
CN394136643,202211028655,115772534,10.03.2023,"C12N 15/82
					






C12N 15/29
					






A01H 5/00
					






A01H 6/20
					








C12N 15/82
					






C12N 15/29
					






A01H 5/00
					






A01H 6/20
					






View less classifications",,HENAN AGRICULTURAL UNIVERSITY河南农业大学,CUI XIAONA崔晓娜ZHANG HAIRONG张海荣CAO YUANYUAN曹园园ZHOU SHUHAO周舒浩LI ZIWEN李子文,郑州盈派知识产权代理事务所(普通合伙) 41196郑州盈派知识产权代理事务所(普通合伙) 41196,,,(EN) Application of NUA gene in plant salt stress resistance regulation(ZH) NUA基因在植物盐胁迫抗性调控中的应用,"(EN) The invention discloses an application of an NUA gene in plant salt stress resistance regulation and control, and aims to solve the technical problem that the improvement of plant salt tolerance and the breeding of salt-tolerant plant varieties are lack of effective technical means. Researches in the invention find that the NUA gene is knocked out or the expression of the NUA gene is reduced, so that the tolerance of plants to salt stress can be improved; by identifying the T-DNA insertion mutant of the arabidopsis thaliana NUA, the salt stress resistance of the mutant is obviously improved compared with that of a wild type. Through the CRISPR-Cas9 technology, the NUA gene is knocked out or the expression of the NUA gene is reduced, a non-transgenic editing mutant without insertion of an exogenous transformation vector can be obtained, and popularization and application in crops are facilitated.(ZH) 本申请公开了一种NUA基因在植物盐胁迫抗性调控中的应用，旨在解决植物耐盐性提高及耐盐植物品种选育缺乏有效技术手段的技术问题。本申请研究发现，敲除NUA基因或降低其表达，能够增加植物对盐胁迫的耐受；并通过鉴定拟南芥NUA的T‑DNA插入突变体，发现突变体与野生型相比对盐胁迫的抗性明显提高。通过CRISPR‑Cas9技术对NUA基因进行敲除或降低其表达的编辑，可获得没有外源转化载体插入的非转基因编辑突变体，有利于在作物中推广应用。",,China,25.08.2022,A,12012605,,,,
IN275746682,201917018418,201917018418,26.07.2019,"A01H 1/04
					








A01H 1/04
					






View less classifications",,"PIONEER HI-BRED INTERNATIONAL, INC.","GAO, Huirong LI, Bailin MEELEY, Robert B. PERUGINI, Leandro Daniel TABOR, Girma M.",,62/407867 13.10.2016 US,,(EN) GENERATING NORTHERN LEAF BLIGHT RESISTANT MAIZE,"(EN) Compositions and methods for obtaining plant cells with modified Ht1 nucleotide sequences, modified NLB18 sequences, or both, are provided herein. The methods involve introducing double-strand breaks into the maize genome in an endogenous Ht1 encoding sequence, an endogenous NLB18 encoding sequence, or both, to modify the genomic sequence in order to enhance northern leaf blight resistance of a plant produced from the plant cell. Further provided are methods that introduce resistant alleles of Ht1 and/or NLB18 into specific sites in the genome. Plants produced by the plant cells, and seeds produced from the plants are also included. Guide polynucleotides are also provided for the use of the CRISPR-Cas system in inducing double strand breaks.","US3416802

CA3037560

CN109844121

BR112019007327

EP3525578

EA201990924

WO/2018/071362

US20220275392

EA202292659

EP4242330

AR109941

UAa201904883This application is not viewable in PATENTSCOPE because the national phase entry has not been published yet or the national entry is issued from a country that does not share data with WIPO or there is a formatting issue or an unavailability of the application.",India,08.05.2019,A,,,,,
US372936162,16341531,20220275392,01.09.2022,"C12N 15/82
					








C12N 15/82
					






View less classifications","C12N 15/8213
					






C12N 15/82
					






C12N 15/8282
					








C12N 15/8213
					






C12N 15/82
					






C12N 15/8282
					






View less classifications","PIONEER HI-BRED INTERNATIONAL, INC.",Huirong GaoBailin LiRobert B MeeleyLeandro Daniel PeruginiGirma M Tabor,,,,(EN) Generating northern leaf blight resistant maize,"(EN) 
Compositions and methods for obtaining plant cells with modified Ht1 nucleotide sequences, modified NLB18 sequences, or both, are provided herein. The methods involve introducing double-strand breaks into the maize genome in an endogenous Ht1 encoding sequence, an endogenous NLB18 encoding sequence, or both, to modify the genomic sequence in order to enhance northern leaf blight resistance of a plant produced from the plant cell. Further provided are methods that introduce resistant alleles of Ht1 and/or NLB18 into specific sites in the genome. Plants produced by the plant cells, and seeds produced from the plants are also included. Guide polynucleotides are also provided for the use of the CRISPR-Cas system in inducing double strand breaks.","US3416802

CA3037560

CN109844121

BR112019007327

EP3525578

EA201990924

WO/2018/071362

EA202292659

EP4242330

AR109941

UAa201904883This application is not viewable in PATENTSCOPE because the national phase entry has not been published yet or the national entry is issued from a country that does not share data with WIPO or there is a formatting issue or an unavailability of the application.

IN201917018418",United States of America,10.10.2017,B2,11820990,,,,
EP407445712,23158586,4242330,13.09.2023,"C12Q 1/6895
					








C12Q 1/6895
					






View less classifications","C12N 15/8279
					






C12N 15/82
					






C12N 15/8213
					






C12N 15/8282
					








C12N 15/8279
					






C12N 15/82
					






C12N 15/8213
					






C12N 15/8282
					






View less classifications",PIONEER HI BRED INT,GAO HUIRONGLI BAILINMEELEY ROBERT BPERUGINI LEANDRO DANIELTABOR GIRMA M,,17787833 10.10.2017 EP201662407867 13.10.2016 US2017055835 10.10.2017 US,,(DE) ERZEUGUNG VON GEGEN NÖRDLICHER BLATTFLECKENKRANKHEIT RESISTENTEM MAIS(EN) GENERATING NORTHERN LEAF BLIGHT RESISTANT MAIZE(FR) GÉNÉRATION DE MAÏS RÉSISTANT À L'HELMINTHOSPORIOSE DU NORD,"(EN) Compositions and methods for obtaining plant cells with modified Ht1 nucleotide sequences, modified NLB18 sequences, or both, are provided herein. The methods involve introducing double-strand breaks into the maize genome in an endogenous Ht1 encoding sequence, an endogenous NLB18 encoding sequence, or both, to modify the genomic sequence in order to enhance northern leaf blight resistance of a plant produced from the plant cell. Further provided are methods that introduce resistance alleles of Ht1 and/or NLB18 into specific sites in the genome. Plants produced by the plant cells, and seeds produced from the plants are also included. Guide polynucleotides are also provided for the use of the CRISPR-Cas system in inducing double strand breaks.","US3416802

CA3037560

CN109844121

BR112019007327

EP3525578

EA201990924

WO/2018/071362

US20220275392

EA202292659

AR109941

UAa201904883This application is not viewable in PATENTSCOPE because the national phase entry has not been published yet or the national entry is issued from a country that does not share data with WIPO or there is a formatting issue or an unavailability of the application.

IN201917018418",European Patent Office,10.10.2017,A2,,,"View all
							



AL, AT, BE, BG, CH, CY, CZ, DE, DK, EE, ES, FI, FR, GB, GR, HR, HU, IE, IS, IT, LI, LT, LU, LV, MC, MK, MT, NL, NO, PL, PT, RO, RS, SE, SI, SK, SM, TR
				

Hide all",,
US309777020,16955920,20200340002,29.10.2020,"C12N 15/82
					






C12N 9/22
					






C12N 9/78
					






C12N 15/11
					








C12N 15/82
					






C12N 9/22
					






C12N 9/78
					






C12N 15/11
					






View less classifications","C12N 9/22
					






C12N 15/8213
					






C12N 9/78
					






C12N 15/11
					






C12N 15/8216
					






C12Y 305/04002
					






View more classifications
							






C12N 9/22
					






C12N 15/8213
					






C12N 9/78
					






C12N 15/11
					






C12N 15/8216
					






C12Y 305/04002
					






C07K 2319/09
					






C12N 2310/20
					






C12N 2800/80
					






View less classifications","INSTITUTE OF GENETICS AND DEVELOPMENTAL BIOLOGY, CHINESE ACADEMY OF SCIENCES",Caixia GaoChao LiYuan ZongYanpeng Wang,Troutman Pepper Hamilton Sanders LLP,201711393160.7 21.12.2017 CN201810402244.0 28.04.2018 CN,,(EN) Method for base editing in plants,"(EN) 
Provided relates to the field of genetic engineering. In particular, a method for base editing in plant is provided. More specifically, a highly efficient A to G base editing method for a target sequence in a genome of a plant (e.g., a crop plant) by a guide RNA-directed CRISPR-adenine deaminase fusion protein and the plant and their progeny produced by the method are provided.","CN110157727

WO/2019/120283

EP3728600

BR112020010594

CA3091157",United States of America,21.12.2018,B2,112501179,,,,
US410037111,18246317,20230313162,05.10.2023,"C12N 9/22
					






C12N 15/10
					






C12N 15/82
					








C12N 9/22
					






C12N 15/10
					






C12N 15/82
					






View less classifications","C12N 15/102
					






C12N 9/22
					






C12N 15/8213
					






C12N 2310/20
					








C12N 15/102
					






C12N 9/22
					






C12N 15/8213
					






C12N 2310/20
					






View less classifications","INARI AGRICULTURE TECHNOLOGY, INC.",Neena Kenton PyzochaAdam Patrick JoyceAsa Budnick,,,,(EN) USE OF CRISPR-CAS ENDONUCLEASES FOR PLANT GENOME ENGINEERING,"(EN) 
Use of CRISPR/Cas12d systems in eukaryotic organisms including plants and eukaryotic cells for genome engineering, and compositions used in such methods are disclosed.",,United States of America,21.09.2021,A1,,,,,
CN321136883,202011261356,112501179,16.03.2021,"C12N 15/29
					






C12N 15/82
					






A01H 4/00
					






A01H 5/00
					






A01H 6/54
					








C12N 15/29
					






C12N 15/82
					






A01H 4/00
					






A01H 5/00
					






A01H 6/54
					






View less classifications","C12N 15/8218
					






C12N 15/8261
					






C07K 14/415
					






A01H 4/00
					








C12N 15/8218
					






C12N 15/8261
					






C07K 14/415
					






A01H 4/00
					






View less classifications",FUJIAN AGRICULTURE AND FORESTRY UNIVERSITY福建农林大学,CHEN XU陈栩CUI YUANYUAN崔原原KE MEIYU柯美玉GAO ZHEN高震HUANG LAIMEI黄来妹CHEN JIAOMEI陈娇梅,厦门智慧呈睿知识产权代理事务所(普通合伙) 35222,,,(EN) Method for regulating soybean nodulation and close planting through GmPIN1 gene mutation and application of method(ZH) GmPIN1基因突变调控大豆结瘤和密植的方法及其应用,"(EN) The invention discloses a method for regulating soybean nodulation and close planting through GmPIN1 gene mutation and application of the method. The application provided by the invention is specifically the application of three homologous genes GmPIN1a, GmPIN1b and GmPIN1c encoded by GmPIN1 in regulation and control of soybean root nodule formation and plant type establishment. Experiments of theinvention prove that the soybean proteins GmPIN1a, GmPIN1b and GmPIN1c and the encoding genes of the soybean proteins GmPIN1a, GmPIN1b and GmPIN1c are closely related to the occurrence of soybean symbiotic nodules, and after the genes are knocked out, the nodules number of soybeans is reduced, and the lateral branch included angle of the overground part is remarkably weakened. Moreover, plants without CRISPR/Cas9 carrier fragments are screened from the homozygous three mutant offspring of the transgenic soybean Gmpin1abcL1, and excellent germplasm resource reserves are provided for regulatingsoybean symbiotic nitrogen fixation, close planting and high-yield breeding.(ZH) 本发明公开了GmPIN1基因突变调控大豆结瘤和密植的方法及其应用。本发明所提供的应用具体为由GmPIN1编码的其中三个同源基因GmPIN1a，GmPIN1b，GmPIN1c在调控大豆根瘤形成和株型建成中的应用。本发明的实验证明，大豆蛋白GmPIN1a，GmPIN1b，GmPIN1c及其编码基因与大豆共生结瘤的发生密切相关，基因敲除后减少大豆的结瘤数目并显著减弱地上部分的侧枝夹角。并且，转基因大豆Gmpin1abc‑L1的纯合三突变体后代中筛选到不含CRISPR/Cas9载体片段的植株，为调节大豆共生固氮和密植、高产育种提供优良的种质资源储备。",,China,12.11.2020,B,,,,,
US130907148,14291605,20150067922,05.03.2015,"C12N 15/82
					








C12N 15/82
					






View less classifications","C12N 15/8289
					






C12N 15/8274
					






C12N 15/8273
					






C12N 15/8286
					






C12N 15/8271
					






C12N 15/8247
					






View more classifications
							






C12N 15/8289
					






C12N 15/8274
					






C12N 15/8273
					






C12N 15/8286
					






C12N 15/8271
					






C12N 15/8247
					






C12N 15/8245
					






C12N 15/8281
					






C12N 15/8282
					






C12N 15/8283
					






C12N 15/8261
					






View less classifications",The Penn State Research Foundation,Yinong YangKabin Xie,,,,(EN) GENE TARGETING AND GENETIC MODIFICATION OF PLANTS VIA RNA-GUIDED GENOME EDITING,"(EN) 
The present invention provides compositions and methods for specific gene targeting and precise editing of DNA sequences in plant genomes using the CRISPR (cluster regularly interspaced short palindromic repeats) associated nuclease. Non-transgenic, genetically modified crops can be produced using these compositions and methods.",WO/2014/194190,United States of America,30.05.2014,A1,,,,,
IN392341083,202227066024,202227066024,17.02.2023,"C12N 15/82
					








C12N 15/82
					






View less classifications",,OXFORD UNIVERSITY INNOVATION LIMITED,"HENDRON, Ross LOPEZ-PEREZ, Enrique KELLY, Steven",,2007526.3 20.05.2020 UK,,(EN) ENHANCEMENT OF PRODUCTIVITY IN C3 PLANTS,"(EN) Vascular sheath tissue-specific expression of phytochrome B or variants thereof in C3 plants increases photosynthesis rate and/or introduces a carbon refixation mechanism. The heritable genetic material of a C3 plant cell is altered such that one copy of phytochrome B, or active variant or functional fragment thereof is expressed specifically in vascular sheath cells. Whole plants are regenerated from these genetically altered plant cells. Alternatively, a Crispr modification of a native phytochrome locus in a plant cell is used to insert a vascular sheath-specific regulatory element, e.g. promoter or enhancer element, so that phytochrome B is expressed in vascular sheath cells of a regenerated whole plant. Genetically altered whole plants have increased yield-related traits, e.g. increased seed yield, resulting from the enhancement of photosynthesis and/or introduction of a carbon refixation mechanism.","WO/2021/234370

AU2021274120

BR112022023522

CA3178261

EP4153754

CN116157526

JP2023531153

US20230279419

BRGB2021051195

AR122124",India,17.11.2022,A,,,,,
US406481574,17999358,20230279419,07.09.2023,"C12N 15/82
					






C07K 14/415
					








C12N 15/82
					






C07K 14/415
					






View less classifications","C07K 14/415
					






C12N 15/8269
					






C12N 15/8225
					








C07K 14/415
					






C12N 15/8269
					






C12N 15/8225
					






View less classifications",OXFORD UNIVERSITY INNOVATION LIMITED,Ross HENDRONEnrique LOPEZ-JUEZSteven KELLY,,2007526.3 20.05.2020 GB,,(EN) ENHANCEMENT OF PRODUCTIVITY IN C3 PLANTS,"(EN) 
Vascular sheath tissue-specific expression of phytochrome B or variants thereof in C3 plants increases photosynthesis rate and/or introduces a carbon refixation mechanism. The heritable genetic material of a C3 plant cell is altered such that one copy of phytochrome B, or active variant or functional fragment thereof is expressed specifically in vascular sheath cells. Whole plants are regenerated from these genetically altered plant cells. Alternatively, a Crispr modification of a native phytochrome locus in a plant cell is used to insert a vascular sheath-specific regulatory element, e.g. promoter or enhancer element, so that phytochrome B is expressed in vascular sheath cells of a regenerated whole plant. Genetically altered whole plants have increased yield-related traits, e.g. increased seed yield, resulting from the enhancement of photosynthesis and/or introduction of a carbon refixation mechanism.","WO/2021/234370

AU2021274120

BR112022023522

CA3178261

EP4153754

CN116157526

JP2023531153

BRGB2021051195

AR122124

IN202227066024",United States of America,18.05.2021,A1,,,,,
AU378724754,2021274120,2021274120,25.11.2021,"C12N 15/82
					








C12N 15/82
					






View less classifications","C12N 15/8269
					






Y02A 40/146
					






C07K 14/415
					






C12N 15/8225
					








C12N 15/8269
					






Y02A 40/146
					






C07K 14/415
					






C12N 15/8225
					






View less classifications",Oxford University Innovation Limited,"HENDRON, RossKELLY, StevenLÓPEZ-JUEZ, Enrique",Spruson & Ferguson,2007526.3 20.05.2020 GB,,(EN) Enhancement of productivity in C3 plants,"(EN) Vascular sheath tissue-specific expression of phytochrome B or variants thereof in C3 plants increases photosynthesis rate and/or introduces a carbon refixation mechanism. The heritable genetic material of a C3 plant cell is altered such that one copy of phytochrome B, or active variant or functional fragment thereof is expressed specifically in vascular sheath cells. Whole plants are regenerated from these genetically altered plant cells. Alternatively, a Crispr modification of a native phytochrome locus in a plant cell is used to insert a vascular sheath-specific regulatory element, e.g. promoter or enhancer element, so that phytochrome B is expressed in vascular sheath cells of a regenerated whole plant. Genetically altered whole plants have increased yield-related traits, e.g. increased seed yield, resulting from the enhancement of photosynthesis and/or introduction of a carbon refixation mechanism.","WO/2021/234370

BR112022023522

CA3178261

EP4153754

CN116157526

JP2023531153

US20230279419

BRGB2021051195

AR122124

IN202227066024",Australia,18.05.2021,A1,,,,,
US427161074,17909309,20240117368,11.04.2024,"C12N 15/82
					






C12N 9/22
					








C12N 15/82
					






C12N 9/22
					






View less classifications","C12N 9/22
					






C12N 15/8213
					






C12N 2310/20
					








C12N 9/22
					






C12N 15/8213
					






C12N 2310/20
					






View less classifications",Suzhou Qi Biodesign Biotechnology Company Limited,Caixia GaoChao LiKunling Chen,,202010143643.7 04.03.2020 CN,,(EN) MULTIPLEX GENOME EDITING METHOD AND SYSTEM,"(EN) 
The invention relates to the field of plant genetic engineering. In particular, the invention relates to a method and system for multiplex genome editing suitable for plants, especially crops. More particularly, the invention relates to a CRISPR nickase-based system and method, which can simultaneously carry out different types of genome editing.","WO/2021/175289

BR112022017704

EP4116426

CN115667528

BR112022017704This application is not viewable in PATENTSCOPE because the national phase entry has not been published yet or the national entry is issued from a country that does not share data with WIPO or there is a formatting issue or an unavailability of the application.",United States of America,04.03.2021,A1,,,,,
EP389041738,21764356,4116426,11.01.2023,"C12N 15/82
					






A01H 6/46
					






C12N 9/22
					






C12N 15/113
					








C12N 15/82
					






A01H 6/46
					






C12N 9/22
					






C12N 15/113
					






View less classifications","C12N 9/22
					






C12N 15/8213
					






C12N 2310/20
					






C12N 15/102
					








C12N 9/22
					






C12N 15/8213
					






C12N 2310/20
					






C12N 15/102
					






View less classifications",SUZHOU QI BIODESIGN BIOTECHNOLOGY COMPANY LTD,GAO CAIXIALI CHAOCHEN KUNLING,,202010143643 04.03.2020 CN,,(DE) MULTIPLEX-GENOMEDITIERVERFAHREN UND -SYSTEM(EN) MULTIPLEX GENOME EDITING METHOD AND SYSTEM(FR) PROCÉDÉ ET SYSTÈME D'ÉDITION DE GÉNOME MULTIPLEX,"(EN) The invention relates to the field of plant genetic engineering. In particular, the invention relates to a method and system for multiplex genome editing suitable for plants, especially crops. More particularly, the invention relates to a CRISPR nickase-based system and method, which can simultaneously carry out different types of genome editing.(FR) L'invention concerne un procédé et un système d'édition de génome multiplex applicables à des plantes, en particulier des cultures. Le procédé et le système sont basés sur une nucléase nCas9, et permettent d'effectuer simultanément divers types d'édition génomique.","WO/2021/175289

BR112022017704

CN115667528

US20240117368

BR112022017704This application is not viewable in PATENTSCOPE because the national phase entry has not been published yet or the national entry is issued from a country that does not share data with WIPO or there is a formatting issue or an unavailability of the application.",European Patent Office,04.03.2021,A4,,,"View all
							



AL, AT, BA, BE, BG, CH, CY, CZ, DE, DK, EE, ES, FI, FR, GB, GR, HR, HU, IE, IS, IT, LI, LT, LU, LV, MC, ME, MK, MT, NL, NO, PL, PT, RO, RS, SE, SI, SK, SM, TR
				

Hide all",,
CN436033320,202410521719,118291533,05.07.2024,"C12N 15/84
					






C12N 15/113
					






C12N 9/22
					






C12N 15/29
					






A01H 5/02
					






A01H 6/46
					








C12N 15/84
					






C12N 15/113
					






C12N 9/22
					






C12N 15/29
					






A01H 5/02
					






A01H 6/46
					






View less classifications","C12N 15/827
					






C12N 15/8216
					






C12N 15/113
					






C12N 9/22
					






C07K 14/415
					








C12N 15/827
					






C12N 15/8216
					






C12N 15/113
					






C12N 9/22
					






C07K 14/415
					






View less classifications","BEIDAHUANG KENFENG SEED INDUSTRY CO., LTD.北大荒垦丰种业股份有限公司",LI ZHONGSEN李忠森MA RUI马瑞ZHU TING朱婷WANG MINGYUE王明月LIU DAN刘丹LI QIANG李强WANG JIN王晋,北京纪凯知识产权代理有限公司 11245,,,(EN) Method for changing flowering period of rice by gene editing and application(ZH) 基因编辑改变水稻开花期的方法及应用,"(EN) The invention belongs to the field of crops, particularly relates to a method for changing the flowering period of rice through gene editing and application, and more particularly provides application of editing rice DTH7 and DTH8 genes at the same time through a gene editing tool in changing the flowering period of rice. Gene editing genetic transformation vectors aiming at rice flowering control genes DTH7 and DTH8 are designed and constructed, rice is transformed by an agrobacterium-mediated method, simultaneous multiple editing of nucleotide sequences of a regenerated plant DTH7 gene target region and a DTH8 gene target region is realized, the gene editing efficiency reaches up to 100%, and the gene editing efficiency reaches up to 100%. Compared with other flowering control gene combinations, the non-transgenic and stably inherited homozygous editing rice line with the growth period shortened by 45 days or above is finally obtained, and compared with other flowering control gene combinations, the flowering combination gene plants edited by the method grow and develop normally, and no significant phenotypic defect is observed.(ZH) 本发明属于农作物领域，尤其涉及一种通过基因编辑改变水稻开花期的方法及应用，更具体的，本发明提供的是一种通过基因编辑工具同时编辑水稻DTH7和DTH8基因在改变水稻开花期中的应用，本发明通过建立基于CRISPR/Cas9植物基因编辑体系，设计并构建针对水稻开花控制基因DTH7和DTH8的基因编辑遗传转化载体，用农杆菌介导方法转化水稻，实现了再生植株DTH7基因目标区域及DTH8基因目标区域核苷酸序列的同时多种编辑，基因编辑效率高达100%，并最终获得了生育期缩短45天以上、非转基因、稳定遗传的纯合编辑水稻品系，且相对于编辑其他开花控制基因组合而言，本发明编辑的开花组合基因植株生长发育正常，未观察到显著表型缺陷。",,China,28.04.2024,A,,,,,
AU277606675,2018264457,2018264457,15.11.2018,"C12N 9/22
					






A01H 5/00
					






C12N 15/52
					






C12N 15/82
					








C12N 9/22
					






A01H 5/00
					






C12N 15/52
					






C12N 15/82
					






View less classifications","C12N 9/0069
					






C12N 9/1022
					






C12N 9/1092
					






C12N 9/22
					






C12N 9/78
					






C12N 9/93
					






View more classifications
							






C12N 9/0069
					






C12N 9/1022
					






C12N 9/1092
					






C12N 9/22
					






C12N 9/78
					






C12N 9/93
					






C12N 15/8201
					






C12N 15/8274
					






C12Q 1/25
					






C12Q 1/26
					






C12Q 1/48
					






C12Q 1/6895
					






C12Y 113/11027
					






C12Y 202/01006
					






C12Y 205/01019
					






C12Y 604/01002
					






C12Q 2600/13
					






C12Q 2600/156
					






C12N 2810/10
					






G01N 2333/91182
					






G01N 2333/9104
					






G01N 2333/90241
					






G01N 2333/9015
					






C07K 2319/85
					






C12N 15/8213
					






C12N 15/8278
					






C12Y 305/04005
					






A01H 1/06
					






C12N 2310/20
					






C12N 15/113
					






View less classifications","China Agricultural UniversityInstitute of Genetics and Developmental Biology, Chinese Academy of Sciences","Gao, CaixiaJiang, Linjian",Spruson & Ferguson,201710329242.9 11.05.2017 CN,,(EN) Creation of herbicide resistant gene and use thereof,(EN) Provided is a method for creating herbicide resistant plant by CRISPR/Cas9 system. A method for screening endogenous gene mutation sites capable of conferring herbicide resistance in plants and the use of the identified endogenous gene mutation sites in crop breeding are provided too.,"CN108866092

AR111790

KR1020200008137

EP3622061

EA201992637

BR112019023377

JP2020519310

WO/2018/205995

US20210189416

CN115927437

CA3062976

UAa201911633This application is not viewable in PATENTSCOPE because the national phase entry has not been published yet or the national entry is issued from a country that does not share data with WIPO or there is a formatting issue or an unavailability of the application.

US20220267788",Australia,11.05.2018,A1,7170807,,,,
US209022145,15630817,20170369892,28.12.2017,"C12N 15/82
					






C12N 15/01
					






C12N 15/10
					






C12N 15/63
					






C12N 9/22
					






C12N 15/00
					








C12N 15/82
					






C12N 15/01
					






C12N 15/10
					






C12N 15/63
					






C12N 9/22
					






C12N 15/00
					






View less classifications","C12N 15/82
					






C12N 15/8213
					






C12N 15/63
					






C12N 9/22
					






C12N 15/01
					






C12N 15/102
					






View more classifications
							






C12N 15/82
					






C12N 15/8213
					






C12N 15/63
					






C12N 9/22
					






C12N 15/01
					






C12N 15/102
					






C12N 15/00
					






View less classifications",University of Washington,Eric KlavinsArjun KhakharJennifer L. Nemhauser,,,,(EN) HORMONE DEGRADABLE CRISPR-BASED TRANSCRIPTION FACTORS,"(EN) 
Synthetic signal transduction systems are provided. The synthetic signal transduction system may be a hormone degradable CRISPR-based transcription factor including a nuclease null Cas9 protein, a nuclear localization signal, a phytohormone degron, and a transcriptional regulation domain. Methods of generating non-naturally occurring plants are also provided. The methods may include expressing a synthetic signal transduction system in a plant. Non-naturally occurring plants formed by the methods are also provided.",,United States of America,22.06.2017,A1,,,,,
JP350404535,2021150908,2022023040,07.02.2022,"A01H 5/00
					






C12N 15/09
					






C12N 15/11
					






A01H 5/10
					








A01H 5/00
					






C12N 15/09
					






C12N 15/11
					






A01H 5/10
					






View less classifications","C12N 9/22
					






C12N 15/8213
					






C12N 15/8275
					






C12N 2800/80
					






A01H 5/10
					






C12N 15/8216
					






View more classifications
							






C12N 9/22
					






C12N 15/8213
					






C12N 15/8275
					






C12N 2800/80
					






A01H 5/10
					






C12N 15/8216
					






C12N 15/102
					






C12N 2310/20
					






C12N 15/113
					






View less classifications",CIBUS US LLCサイバス　ユーエス　エルエルシーCIBUS EUROP B Vサイバス　オイローペ　ベスローテン　ヴェンノーツハップ,PETER R BEETHAMビーサム，ピーター，アール．GREGORY F W GOCALゴカル，グレゴリー，エフ．ダブリュ．CHRISTIAN SCHOPKEショープク，クリスティアンNOEL JOY SAUERサウアー，ノエル，ジョイJAMES PEARCEピアース，ジェイムズROSA E SEGAMIセガミ，ローサ，イー．JERRY MOZORUKモゾルク，ジェリー,大野　聖二松任谷　優子梅田　慎介森田　裕,"61/801,333 15.03.2013 US",,(EN) METHODS AND COMPOSITIONS FOR INCREASING EFFICIENCY OF INCREASED EFFICIENCY OF TARGETED GENE MODIFICATION USING OLIGONUCLEOTIDE-MEDIATED GENE REPAIR(JA) オリゴヌクレオチド仲介型遺伝子修復を使用した標的遺伝子修飾の効率を高めるための方法および組成物,"(EN) PROBLEM TO BE SOLVED: To provide improved methods for the modification of genes in plant cells, and plants and seeds derived therefrom.SOLUTION: Provided is a method for introducing a gene repair oligo nucleobase (GRON)-mediated mutation into a target deoxyribonucleic acid (DNA) sequence in a plant cell, without incorporation of the GRON into the target DNA sequence. The method comprises delivery of a GRON and a CRISPR complex into the cell. The GRON hybridizes with the target DNA sequence to form a mismatched base pair that acts as a signal to direct a gene repair system of the plant cell to a mismatched base pairing site, and is degraded after modification of a designated nucleotide in the target DNA sequence by a plant cell gene repair system. The plant cell is a protoplast.SELECTED DRAWING: Figure 1COPYRIGHT: (C)2022,JPO&INPIT(JA) 【課題】植物細胞、および植物、およびそれに由来する種子における遺伝子を修飾するための改良法を提供する。【解決手段】植物細胞中の標的デオキシリボ核酸（ＤＮＡ）配列に遺伝子修復オリゴ核酸塩基（ＧＲＯＮ）仲介型突然変異を、ＧＲＯＮを標的ＤＮＡ配列中に取り込ませることなく、導入するための方法であって、植物細胞へのＧＲＯＮとＣＲＩＳＰＲ複合体の送達とを含み、ＧＲＯＮが、標的ＤＮＡ配列でハイブリダイズして、植物細胞の遺伝子修復システムをミスマッチ塩基対形成部位に向けるシグナルとして働くミスマッチ塩基対を形成し、かつ、植物細胞の遺伝子修復システムによる標的ＤＮＡ配列内の指定ヌクレオチドの改変の後に分解されるものであり、植物細胞がプロトプラストである、方法とする。【選択図】図１","CA3206344

ES2921207

KR1020210010954

NZ751574

CA2905391

KR1020210154873

DK3527068

VN1/083841

PT3527068

LT3527068

NZ751577

RS63427

KR1020220139435

PL3527068

EP4136963

KR1020240036153

HUE059269

MY-1 83741-A

AU2014233519

KR1020150128854

EP2966980

CN105431039

EA201591445

US20160289691

MYPI 2015703115

VN47384

BR112015022829

WO/2014/144951

CN108823238

EP3527068

JP2016512695

NZ711145

IL241143

CL2015002648

IN2854/MUMNP/2015

US20190264219

IL269368

JP2020010706

AU2020217388

IL290273

US20230313211

JP2023011803

AU2023216834

IL307456

JP2024153846",Japan,16.09.2021,B1,,,"A01H 1/00A
                 


A01H 5/00A
                 


A01H 5/10
                 


C12N 15/09,110
                 


C12N 15/11Z
                 


C12N 5/10
                 




A01H 1/00A
                 


A01H 5/00A
                 


A01H 5/10
                 


C12N 15/09,110
                 


C12N 15/11Z
                 


C12N 5/10
                 



View less classifications","2B030AA02
                 


2B030AA03
                 


2B030CA11
                 


2B030CD12
                 




2B030AA02
                 


2B030AA03
                 


2B030CA11
                 


2B030CD12
                 



View less classifications","A01H 1/00A A01H 5/00A A01H 5/10 C12N 15/09,110 C12N 15/11Z C12N 5/10"
NZ179135155,711145,711145,18.09.2014,"A01H 1/00
					






A01H 5/00
					








A01H 1/00
					






A01H 5/00
					






View less classifications","C12N 9/22
					






C12N 15/8213
					






C12N 15/8275
					






C12N 2800/80
					






A01H 5/10
					






C12N 15/8216
					






View more classifications
							






C12N 9/22
					






C12N 15/8213
					






C12N 15/8275
					






C12N 2800/80
					






A01H 5/10
					






C12N 15/8216
					






C12N 15/102
					






C12N 2310/20
					






C12N 15/113
					






View less classifications",CIBUS US LLCCIBUS EUROPE B.V.,"SCHOPKE, ChristianSAUER, Noel, JoyPEARCE, JamesSEGAMI, Rosa, E.MOZORUK, JerryGOCAL, Gregory, F.w.BEETHAM, Peter, R.",Wrays Pty Ltd,"61/801,333 15.03.2013 US",,(EN) METHODS AND COMPOSITIONS FOR INCREASING EFFICIENCY OF TARGETED GENE MODIFICATION USING OLIGONUCLEOTIDE-MEDIATED GENE REPAIR,"(EN) The invention provides to improved methods for the modification of genes in plant cells, and plants and seeds derived therefrom. More specifically, the invention relates to the increased efficiency of targeted gene mutation by combining gene repair oligonucleotides with approaches that enhance the availability of components of the target cell gene repair mechanisms. In particular, the invention provides a method for introducing a gene repair oligonucleobase (GRON)-mediated mutation into a target DNA sequence in a plant cell, comprising delivery of a GRON and a site-specific nuclease selected from the group consisting of a zinc finger nuclease (ZFN), a TALEN and a CRISPR complex into a plant cell. The GRON hybridizes at the target DNA sequence to create a mismatched base-pair(s), which acts as a signal to attract the cell's gene repair system to the site where the mismatched base-pair(s) is created, and is degraded after designated nucleotide(s) within the target DNA sequence is corrected by the cell's gene repair system such that the plant cell introduces the GRON-mediated mutation into the target DNA sequence and the plant cell is non-transgenic following the introduction. The GRON comprises one or more alterations from conventional RNA and DNA nucleotides at the 5' or 3' end.","CA3206344

ES2921207

KR1020210010954

NZ751574

CA2905391

KR1020210154873

DK3527068

VN1/083841

PT3527068

LT3527068

NZ751577

RS63427

KR1020220139435

PL3527068

EP4136963

KR1020240036153

HUE059269

MY-1 83741-A

AU2014233519

KR1020150128854

EP2966980

CN105431039

EA201591445

US20160289691

MYPI 2015703115

VN47384

BR112015022829

WO/2014/144951

CN108823238

EP3527068

JP2016512695

IL241143

CL2015002648

IN2854/MUMNP/2015

US20190264219

IL269368

JP2020010706

AU2020217388

JP2022023040

IL290273

US20230313211

JP2023011803

AU2023216834

IL307456

JP2024153846",New Zealand,17.08.2015,A,,,,,
NZ316825285,751577,751577,29.03.2019,"A01H 1/00
					






A01H 5/00
					








A01H 1/00
					






A01H 5/00
					






View less classifications","C12N 9/22
					






C12N 15/8213
					






C12N 15/8275
					






C12N 2800/80
					






A01H 5/10
					






C12N 15/8216
					






View more classifications
							






C12N 9/22
					






C12N 15/8213
					






C12N 15/8275
					






C12N 2800/80
					






A01H 5/10
					






C12N 15/8216
					






C12N 15/102
					






C12N 2310/20
					






C12N 15/113
					






View less classifications",CIBUS US LLCCIBUS EUROPE B.V.,"SCHOPKE, ChristianSAUER, Noel, JoyPEARCE, JamesSEGAMI, Rosa, E.MOZORUK, JerryGOCAL, Gregory, F.w.BEETHAM, Peter, R.",Wrays Pty Ltd,"61/801,333 15.03.2013 US",,(EN) Methods And Compositions For Increasing Efficiency Of Targeted Gene Modification Using Oligonucleotide-Mediated Gene Repair,"(EN) The invention provides to improved methods for the modification of genes in plant cells, and plants and seeds derived therefrom. More specifically, the invention relates to the increased efficiency of targeted gene mutation by combining gene repair oligonucleotides with approaches that enhance the availability of components of the target cell gene repair mechanisms. In particular, the invention provides a method for introducing a gene repair oligonucleobase (GRON)-mediated mutation into a target DNA sequence in a plant cell, comprising delivery of a GRON and a site-specific nuclease selected from the group consisting of a zinc finger nuclease (ZFN), a CRISPR complex, and meganuclease into a plant cell. The GRON hybridizes at the target DNA sequence to create a mismatched base-pair(s), which acts as a signal to attract the cell's gene repair system to the site where the mismatched base-pair(s) is created, and is degraded after designated nucleotide(s) within the target DNA sequence is corrected by the cell's gene repair system such that the plant cell introduces the GRON-mediated mutation into the target DNA sequence and the plant cell is non-transgenic following the introduction. The GRON comprises one or more alterations from conventional RNA and DNA nucleotides at the 5' or 3' end.","CA3206344

ES2921207

KR1020210010954

NZ751574

CA2905391

KR1020210154873

DK3527068

VN1/083841

PT3527068

LT3527068

RS63427

KR1020220139435

PL3527068

EP4136963

KR1020240036153

HUE059269

MY-1 83741-A

AU2014233519

KR1020150128854

EP2966980

CN105431039

EA201591445

US20160289691

MYPI 2015703115

VN47384

BR112015022829

WO/2014/144951

CN108823238

EP3527068

JP2016512695

NZ711145

IL241143

CL2015002648

IN2854/MUMNP/2015

US20190264219

IL269368

JP2020010706

AU2020217388

JP2022023040

IL290273

US20230313211

JP2023011803

AU2023216834

IL307456

JP2024153846",New Zealand,14.03.2014,A,,,,,
IN376455087,202111007831,202111007831,07.10.2022,"C07K
					






C12N
					






A61K
					








C07K
					






C12N
					






A61K
					






View less classifications",,JAWAHARLAL NEHRU UNIVERSITY (JNU),MUKESH JAIN,,,,(EN) METHOD FOR GENERATING DROUGHT-TOLERANT PLANT USING NUCLEIC ACID SEQUENCE FROM A HOMEOBOX TRANSCRIPTION FACTOR ENCODING GENE,"(EN) The present invention provides a polynucleotide sequence associated with drought stressresponse in plants. This polynucleotide sequence encodes a homeobox transcription factorfrom rice (OsHOX24). The present invention further provides a method for making a plantwith improved tolerance to drought stress comprising of following steps: 1) selecting asequence complying with 5’-Nx-NGG-3’ or 5’-CCN-Nx-3’ from the mRNA sequence ofOsHOX24 gene as the target sequence; designing a DNA sequence reverse-complementaryto the said target sequence; 2) constructing a recombinant vector using the said DNAsequence for expressing CRISPR/Cas9 nuclease capable of transcribing guide RNA andexpressing Cas9 protein; 3) introducing said recombinant vector into a receipt plant so as toobtain a plant with improved drought tolerance ability. The present invention provides aprocess for conferring drought stress tolerance in plant. Drought stress tolerant plants, plantcells, seeds and progeny thereof with mutated polynucleotide sequence thereby conferringdrought stress tolerance are also provided in the present invention.",,India,24.02.2021,A,,,,,
CA214204610,2998894,2998894,23.03.2017,"A61K 48/00
					






C12N 5/0783
					






A61K 35/17
					






A61K 35/14
					






C12N 15/09
					






C12N 15/62
					






View more classifications
							






A61K 48/00
					






C12N 5/0783
					






A61K 35/17
					






A61K 35/14
					






C12N 15/09
					






C12N 15/62
					






C12N 15/63
					






C12N 15/85
					






View less classifications","C12N 15/907
					






A01K 2207/10
					






A01K 2217/075
					






A01K 2217/15
					






A01K 2217/203
					






A01K 2227/706
					






View more classifications
							






C12N 15/907
					






A01K 2207/10
					






A01K 2217/075
					






A01K 2217/15
					






A01K 2217/203
					






A01K 2227/706
					






A01K 2267/03
					






C12N 2800/90
					






C12N 2830/006
					






A01K 67/68
					






C12N 2510/00
					






C12N 15/63
					






C07H 21/04
					






C12N 15/79
					






C12N 2310/20
					






View less classifications",THE REGENTS OF THE UNIVERSITY OF CALIFORNIA,"BIER, ETHANGANTZ, VALENTINOHEDRICK, STEPHEN",,"62/220,630 18.09.2015 US62/221,298 21.09.2015 US62/221,309 21.09.2015 US62/256,479 17.11.2015 US62/266,022 11.12.2015 US",,(EN) METHODS FOR AUTOCATALYTIC GENOME EDITING AND NEUTRALIZING AUTOCATALYTIC GENOME EDITING AND COMPOSITIONS THEREOF(FR) PROCEDES POUR L'EDITION AUTOCATALYTIQUE DE GENOME ET LA NEUTRALISATION DE L'EDITION AUTOCATALYTIQUE DE GENOME ET LEURS COMPOSITIONS,"(EN) Described herein are methods and compositions for autocatalytic genome editing and neutralizing autocatalytic genome editing. The autocatalytic genome editing may be based on genomic integration of a construct containing multiple elements or on a trans-complementation approach, in which genetic elements can be propagated separately. The disclosure provides a method for autocatalytic genome editing based on the CRISPR/CAS9 system, and methods of use thereof, in animals, humans, and plants for eliminating pathogens, targeting suppression of crop pests, strategies to combat virus (e.g., HIV) and other diseases (e.g., cancer) caused by retrovirus, as well as to generate homozygous mutations that are transmitted to nearly all offspring.(FR) La présente invention concerne des procédés et des compositions pour l'édition autocatalytique de génome et la neutralisation de l'édition autocatalytique de génome. L'édition autocatalytique de génome peut être basée sur l'intégration génomique d'une construction contenant plusieurs éléments ou sur une approche trans-complémentation, selon laquelle des éléments génétiques peuvent se propager séparément. Plus particulièrement, l'invention concerne un procédé pour l'édition autocatalytique de génome basée sur le système CRISPR/Cas9, et leurs procédés d'utilisation, chez les animaux, l'homme et les plantes, permettant d'éliminer les agents pathogènes, de cibler la suppression des ravageurs des cultures, des stratégies pour combattre des virus (par exemple le VIH) et d'autres maladies (par exemple le cancer) provoquées par un rétrovirus, ainsi que pour générer des mutations homozygotes qui sont transmises à presque toute la descendance.","EP3350315

ID2018/10689

US20200080111

WO/2017/049266

IN201817013932

APAP/P/2018/010662",Canada,19.09.2016,A1,,,,,
EP224029923,16847523,3350315,25.07.2018,"C12N 5/078
					






A01K 67/033
					






A61K 35/14
					






A61K 35/17
					






A61K 48/00
					






C12N 5/0783
					






View more classifications
							






C12N 5/078
					






A01K 67/033
					






A61K 35/14
					






A61K 35/17
					






A61K 48/00
					






C12N 5/0783
					






C12N 15/09
					






C12N 15/62
					






C12N 15/63
					






C12N 15/90
					






View less classifications","C12N 15/907
					






A01K 2207/10
					






A01K 2217/075
					






A01K 2217/15
					






A01K 2217/203
					






A01K 2227/706
					






View more classifications
							






C12N 15/907
					






A01K 2207/10
					






A01K 2217/075
					






A01K 2217/15
					






A01K 2217/203
					






A01K 2227/706
					






A01K 2267/03
					






C12N 2800/90
					






C12N 2830/006
					






A01K 67/68
					






C12N 2510/00
					






C12N 15/63
					






C07H 21/04
					






C12N 15/79
					






C12N 2310/20
					






View less classifications",UNIV CALIFORNIA,BIER ETHANGANTZ VALENTINOHEDRICK STEPHEN,,201562220630 18.09.2015 US201562221298 21.09.2015 US201562221309 21.09.2015 US201562256479 17.11.2015 US201562266022 11.12.2015 US,,(DE) VERFAHREN ZUR AUTOKATALYTISCHEN GENOMBEARBEITUNG UND NEUTRALISIERUNG VON AUTOKATALYTISCHER GENOMBEARBEITUNG SOWIE ZUSAMMENSETZUNGEN DARAUS(EN) METHODS FOR AUTOCATALYTIC GENOME EDITING AND NEUTRALIZING AUTOCATALYTIC GENOME EDITING AND COMPOSITIONS THEREOF(FR) PROCÉDÉS POUR L'ÉDITION AUTOCATALYTIQUE DE GÉNOME ET LA NEUTRALISATION DE L'ÉDITION AUTOCATALYTIQUE DE GÉNOME ET LEURS COMPOSITIONS,"(EN) Described herein are methods and compositions for autocatalytic genome editing and neutralizing autocatalytic genome editing. The autocatalytic genome editing may be based on genomic integration of a construct containing multiple elements or on a trans-complementation approach, in which genetic elements can be propagated separately. The disclosure provides a method for autocatalytic genome editing based on the CRISPR/CAS9 system, and methods of use thereof, in animals, humans, and plants for eliminating pathogens, targeting suppression of crop pests, strategies to combat virus (e.g., HIV) and other diseases (e.g., cancer) caused by retrovirus, as well as to generate homozygous mutations that are transmitted to nearly all offspring.(FR) La présente invention concerne des procédés et des compositions pour l'édition autocatalytique de génome et la neutralisation de l'édition autocatalytique de génome. L'édition autocatalytique de génome peut être basée sur l'intégration génomique d'une construction contenant plusieurs éléments ou sur une approche trans-complémentation, selon laquelle des éléments génétiques peuvent se propager séparément. Plus particulièrement, l'invention concerne un procédé pour l'édition autocatalytique de génome basée sur le système CRISPR/Cas9, et leurs procédés d'utilisation, chez les animaux, l'homme et les plantes, permettant d'éliminer les agents pathogènes, de cibler la suppression des ravageurs des cultures, des stratégies pour combattre des virus (par exemple le VIH) et d'autres maladies (par exemple le cancer) provoquées par un rétrovirus, ainsi que pour générer des mutations homozygotes qui sont transmises à presque toute la descendance.","CA2998894

ID2018/10689

US20200080111

WO/2017/049266

IN201817013932

APAP/P/2018/010662",European Patent Office,19.09.2016,A4,116716336,,"View all
							



AL, AT, BA, BE, BG, CH, CY, CZ, DE, DK, EE, ES, FI, FR, GB, GR, HR, HU, IE, IS, IT, LI, LT, LU, LV, MC, ME, MK, MT, NL, NO, PL, PT, RO, RS, SE, SI, SK, SM, TR
				

Hide all",,
RU425456480,2022123791,2817384,07.03.2024,"C12N 15/63
					






A01H 5/00
					






C12N 15/82
					






C12N 15/11
					








C12N 15/63
					






A01H 5/00
					






C12N 15/82
					






C12N 15/11
					






View less classifications",,"Федеральное государственное бюджетное научное учреждение ""Всероссийский научно-исследовательский институт сельскохозяйственной биотехнологии"" (ФГБНУ ВНИИСБ) (RU)",Блинков Андрей Олегович (RU)Дивашук Михаил Георгиевич (RU)Злобин Николай Евгеньевич (RU)Иванова Любовь Александровна (RU)Комахин Роман Александрович (RU)Коновалова Людмила Николаевна (RU)Лебедева Марина Валерьевна (RU)Таранов Василий Васильевич (RU)Харченко Петр Николаевич (RU)Blinkov Andrej Olegovich (RU)Divashuk Mikhail Georgievich (RU)Zlobin Nikolaj Evgenevich (RU)Ivanova Lyubov Aleksandrovna (RU)Komakhin Roman Aleksandrovich (RU)Konovalova Lyudmila Nikolaevna (RU)Lebedeva Marina Valerevna (RU)Taranov Vasilij Vasilevich (RU)Kharchenko Petr Nikolaevich (RU),,,,(EN) METHOD OF OBTAINING POTATO PLANT WITH TETRAALLEL MUTATIONS IN EDR1 GENE ENCODING REGION USING CRISPR/CAS9 PLANT GENOME EDITING TECHNOLOGY(RU) СПОСОБ ПОЛУЧЕНИЯ РАСТЕНИЯ КАРТОФЕЛЯ С ТЕТРААЛЛЕЛЬНЫМИ МУТАЦИЯМИ В КОДИРУЮЩЕЙ ОБЛАСТИ ГЕНА EDR1 ПРИ ПОМОЩИ ТЕХНОЛОГИИ РЕДАКТИРОВАНИЯ ГЕНОМА РАСТЕНИЙ CRISPR/CAS9,"(EN) FIELD: biotechnology.
SUBSTANCE: invention relates to a method of obtaining a potato plant with tetraallelic mutations in the coding region of EDR1 gene using CRISPR/Cas9 plant genome editing technology.
EFFECT: method involves obtaining pKSE401-sgRNA2-2-1 construct containing the nucleotide sequence of an RNA conductor, transferring this construct into potato cells using Agrobacterium tumefaciens to introduce mutations in the coding region of the EDR1 gene, and selecting regenerative plants with tetraallelic mutations in the coding region of EDR1 gene.
3 cl, 4 dwg, 1 ex(RU) Изобретение относится к биотехнологии, а именно к способу получения растения картофеля с нуклеотидной делецией в кодирующей области гена EDR1 при помощи технологии редактирования генома растений CRISPR/Cas9. Изобретение позволяет получить растение картофеля, при этом способ включает в себя следующие этапы: получение конструкции pKSE401-sgRNA2-2-1, содержащей нуклеотидную последовательность РНК-проводника, перенесение этой конструкции в клетки картофеля с помощью бактерии Agrobacterium tumefaciens для внесения мутаций в кодирующую область гена EDR1 и отбор растений-регенерантов с тетрааллельными мутациями в кодирующей области гена EDR1. 2 н.п. ф-лы, 4 ил., 1 пр.",,Russian Federation,07.09.2022,C2,106544357,,,,
CN407972991,202310725481,116716336,08.09.2023,"C12N 15/82
					






C07K 14/415
					






C12N 15/29
					






A01H 6/46
					






A01H 5/10
					








C12N 15/82
					






C07K 14/415
					






C12N 15/29
					






A01H 6/46
					






A01H 5/10
					






View less classifications","C12N 15/8261
					






C12N 15/8218
					






C07K 14/415
					






Y02A 40/146
					








C12N 15/8261
					






C12N 15/8218
					






C07K 14/415
					






Y02A 40/146
					






View less classifications",GUANGDONG ACADEMY OF AGRICULTURAL SCIENCES-AGRICULTURAL BIOLOGICAL GENE RESEARCH CENTER广东省农业科学院农业生物基因研究中心,LIU SHENGJIE刘圣杰LIU JUN刘军LIU BOQUAN刘伯全,广州粤高专利商标代理有限公司 44102,,,(EN) Application of OsSKIPa gene and encoded protein thereof in regulation and control of plant seed development(ZH) OsSKIPa基因及其编码蛋白在调控植物种子发育中的应用,"(EN) The invention discloses an application of an OsSKIPa gene and an encoding protein thereof in regulation and control of plant seed development. On the basis of a CRISPR/Cas9 technology, a CRISPR/Cas9 gene editing knockout vector of the OsSKIPa gene is constructed, a rice plant is transformed, and a transgenic plant with the OsSKIPa knockout expression function is obtained. Results show that knockout expression of the OsSKIPa can influence rice seed development, and the rice seed development is represented as embryo reduction, and/or embryo degradation, endosperm depression and/or bulge, which indicates that the OsSKIPa gene is a gene for regulating and controlling plant seed development, can provide gene resources for cultivating new varieties of high-quality plants, and has wide application prospects.(ZH) 本发明公开了OsSKIPa基因及其编码蛋白在调控植物种子发育中的应用。本发明基于CRISPR/Cas9技术，构建了OsSKIPa基因的CRISPR/Cas9基因编辑敲除载体并转化水稻植株，获得敲除表达OsSKIPa的转基因植株。结果显示，敲除表达OsSKIPa会影响水稻种子发育，表现为胚变小、和/或胚退化，胚乳凹陷、和/或凸起，表明OsSKIPa基因为调控植物种子发育的基因，可为培育高品质植物新品种提供基因资源，具有广阔的应用前景。",,China,16.06.2023,B,116536286,,,,
CN195282523,201610725564,106544357,29.03.2017,"C12N 15/82
					






A01H 6/46
					








C12N 15/82
					






A01H 6/46
					






View less classifications","C07K 14/415
					






C12N 15/8221
					






C12N 15/8261
					






C12N 2800/80
					






C12N 2810/10
					








C07K 14/415
					






C12N 15/8221
					






C12N 15/8261
					






C12N 2800/80
					






C12N 2810/10
					






View less classifications",HUNAN HYBRID RICE RESEARCH CENTER湖南杂交水稻研究中心,TANG LI唐丽ZHAO BINGRAN赵炳然LYU QIMING吕启明SHAO YE韶也LI YAOKUI李曜魁MAO BIGANG毛毕刚,湖南兆弘专利事务所(普通合伙) 43008湖南兆弘专利事务所(普通合伙) 43008,,,(EN) Method for cultivating low-cadmium-accumulation indica rice variety(ZH) 一种培育镉低积累籼稻品种的方法,"(EN) The invention discloses a method for cultivating a low-cadmium-accumulation indica rice variety. The method includes the steps of cloning part of the CDS sequence of OsNramp5 of an indica rice acceptor material; using a CRISPR/Cas9 system to select a target sequence according to an exon sequence; building pCRISPR/Cas9 recombinant vectors; leading the pCRISPR/Cas9 recombinant vectors into rice calluses to obtain transgene seedlings; screening transgene positive plants; obtaining mutant plants; and conducting seed propagation of the mutant plants, and separating afunction mutants containing no transgenic ingredients from plant progenies. By means of the method, the cadmium absorption major gene OsNramp5 of indica rice is directionally knocked out through the CRISPR/Cas9 technology, and the indica rice material containing no transgenic ingredients, having no significantly variant comprehensive agronomic characters and achieving a low cadmium content in rice is directionally cultivated. The method has the advantages that targeting is efficient, the breeding period is short, cost is low and practicality is high.(ZH) 本发明公开了一种培育镉低积累籼稻品种的方法，包括：克隆籼稻受体材料的OsNramp5的部分CDS序列；利用CRISPR/Cas9系统，根据外显子序列选择靶标序列，构建pCRISPR/Cas9重组载体；将pCRISPR/Cas9重组载体导入水稻愈伤组织中得到转基因苗；筛选转基因阳性植株；获得突变植株；将突变植株进行繁种，于后代植株中分离不含转基因成分的功能缺失突变体。本发明利用CRISPR/Cas9技术定向敲除籼稻镉吸收主效基因OsNramp5，定向育成不带转基因成分，综合农艺性状无显著变异且稻米镉含量低的籼稻材料，具有靶向高效、育种周期短、成本低、实用性强等优势。",,China,25.08.2016,B,,,,,
CN405900646,202310535570.X,116536286,04.08.2023,"C12N 9/12
					






C12N 15/54
					






C12N 15/84
					






A01H 5/10
					






A01H 5/00
					






A01H 6/46
					








C12N 9/12
					






C12N 15/54
					






C12N 15/84
					






A01H 5/10
					






A01H 5/00
					






A01H 6/46
					






View less classifications","C12N 9/12
					






C12N 15/8273
					






C12N 15/8261
					






C12N 15/8205
					






C12Y 207/11001
					






Y02A 40/146
					








C12N 9/12
					






C12N 15/8273
					






C12N 15/8261
					






C12N 15/8205
					






C12Y 207/11001
					






Y02A 40/146
					






View less classifications",NANJING AGRICULTURAL UNIVERSITY南京农业大学,ZOU BAOHONG邹保红WU JIAWEN吴佳雯LIU HUIMIN刘慧敏ZHANG YAN张燕HUA JIAN华健,镇江至睿专利代理事务所(普通合伙) 32529,,,(EN) Rice OsCTK1 protein and application of coding gene thereof(ZH) 水稻OsCTK1蛋白及其编码基因的应用,"(EN) The invention discloses application of rice OsCTK1 protein and a coding gene thereof to improvement of abiotic stress resistance and yield of plants. According to the invention, overexpression and CRISPR (clustered regularly interspaced short palindromic repeats) knockout technologies are respectively adopted to carry out overexpression or knockout mutation on the rice OsCTK1 gene in rice, and according to phenotypic changes of transgenic rice plants, it is found that overexpression of the OsCTK1 gene in rice can significantly improve the ability of rice to resist low-temperature stress, therefore, the rice OsCTK1 gene can significantly improve the resistance of rice to low-temperature stress. The rice OsCTK1 protein and the coding gene thereof can be applied to improvement of abiotic stress resistance of plants. Meanwhile, the rice OsCTK1 gene is overexpressed in the plant to obtain a transgenic plant, the resistance of the obtained transgenic plant to low temperature stress is obviously enhanced, and the yield is obviously increased. The method has application prospects in the aspects of improving and enhancing rice stress resistance, accelerating the stress-resistant molecular breeding process and the like.(ZH) 本发明公开了水稻OsCTK1蛋白及其编码基因在提高植物抗非生物胁迫及产量中的用途。本发明分别采用超表达和CRISPR敲除技术将水稻OsCTK1基因在水稻中进行超表达或进行敲除突变，根据转基因水稻植株的表型变化发现，在水稻中超表达OsCTK1基因能够显著改善水稻抵御低温胁迫的能力，因此，水稻OsCTK1蛋白及其编码基因能够应用于提高植物对于非生物胁迫抗性。同时，将水稻OsCTK1基因在植物中进行过表达得到转基因植物，所得到的转基因植物对于低温胁迫的抗性明显增强，并且对于产量有显著增加。本发明在改良、增强水稻抗逆性以及加速抗逆分子育种进程等方面具有应用前景。",,China,12.05.2023,B,,,,,
CN311240483,202010562713,111850032,30.10.2020,"C12N 15/82
					






A01H 5/00
					






A01H 6/82
					








C12N 15/82
					






A01H 5/00
					






A01H 6/82
					






View less classifications","C12N 15/8218
					






C12N 15/8282
					








C12N 15/8218
					






C12N 15/8282
					






View less classifications",DALIAN UNIVERSITY OF TECHNOLOGY大连理工大学,LUAN YUSHI栾雨时HONG YUHUI洪雨慧HE XIAOLI贺晓丽ZHANG YUANYUAN张媛媛,大连格智知识产权代理有限公司 21238,,,(EN) Method for simultaneously silencing tomato miR482b and miR482c by using CRISPR-Cas9 system and application(ZH) 利用CRISPR-Cas9系统同时沉默番茄miR482b和miR482c及应用,"(EN) The invention relates to construction of tomato transgenic materials, and aims to provide a gene editing method for simultaneously silencing tomato miR482b and miR482c by using a CRISPR-Cas9 system. The method comprises the following steps: selecting an sgRNA target site for cloning, and constructing a plurality of sgRNA expression frameworks on a vector for eukaryotic expression; transforming therecombinant plasmid into agrobacterium tumefaciens, carrying out mediated transformation on tomato calluses to obtain transgenic plants, and carrying out seedling development to obtain transgenic positive strains; the invention further provides an application method for simultaneously silencing the tomato miR482b and the tomato miR482c by utilizing the CRISPR-Cas9 system, and an anti-late blighttomato plant is cultivated. The expression quantity of miR482b and miR482c in the transgenic plant obtained by the method is lower than that of a wild type plant, and the late blight resistance effectof the transgenic plant is better. By silencing the miR482b and miR482c genes, the resistance of tomatoes to late blight is enhanced so as to be of great significance to cultivation of tomato varieties resistant to late blight.(ZH) 本发明涉及番茄转基因材料的构建，旨在提供一种运用CRISPR‑Cas9系统同时沉默番茄miR482b和miR482c的基因编辑方法。包括：选择sgRNA靶位点进行克隆，将多个sgRNA表达框架构建到一个载体上，可用于真核表达；将重组质粒转化农杆菌，介导转化番茄愈伤组织获得转基因植株，发苗，获得转基因阳性株系；还提供了利用CRISPR‑Cas9系统同时沉默番茄miR482b和miR482c的应用方法，培育抗晚疫病番茄植株。本发明方法得到的转基因植株中miR482b和miR482c的表达量低于野生型植株，其抗晚疫病效果更优。本发明通过沉默miR482b和miR482c基因使番茄对晚疫病的抗性增强，对培育抗晚疫病番茄品种具有重要意义。",,China,19.06.2020,A,,,,,
RU425455546,2022123796,2814154,26.02.2024,"A01H 1/00
					






C12N 15/82
					








A01H 1/00
					






C12N 15/82
					






View less classifications",,,Блинков Андрей Олегович (RU)Дивашук Михаил Георгиевич (RU)Злобин Николай Евгеньевич (RU)Иванова Любовь Александровна (RU)Комахин Роман Александрович (RU)Коновалова Людмила Николаевна (RU)Лебедева Марина Валерьевна (RU)Таранов Василий Васильевич (RU)Ульянов Даниил Сергеевич (RU)Blinkov Andrej Olegovich (RU)Divashuk Mikhail Georgievich (RU)Zlobin Nikolaj Evgenevich (RU)Ivanova Lyubov Aleksandrovna (RU)Komakhin Roman Aleksandrovich (RU)Konovalova Lyudmila Nikolaevna (RU)Lebedeva Marina Valerevna (RU)Taranov Vasilij Vasilevich (RU)Ulyanov Daniil Sergeevich (RU),,,,(EN) METHOD OF OBTAINING POTATO PLANT WITH BIALLELIC MUTATIONS IN EDR1 GENE ENCODING REGION USING CRISPR/CAS9 PLANT GENOME EDITING METHOD(RU) СПОСОБ ПОЛУЧЕНИЯ РАСТЕНИЯ КАРТОФЕЛЯ С НУКЛЕОТИДНОЙ ДЕЛЕЦИЕЙ В КОДИРУЮЩЕЙ ОБЛАСТИ ГЕНА EDR1 ПРИ ПОМОЩИ ТЕХНОЛОГИИ РЕДАКТИРОВАНИЯ ГЕНОМА РАСТЕНИЙ CRISPR/CAS9,"(EN) FIELD: biotechnology.
SUBSTANCE: invention relates to a method of obtaining a potato plant with tetraallelic mutations in the coding region of EDR1 gene using CRISPR/Cas9 plant genome editing technology. The invention also relates to a potato plant with a nucleotide deletion in the coding region of EDR1 gene obtained by the method described above.
EFFECT: invention is effective for producing potato plants with a mutation in the coding region of EDR1 gene for the purpose of subsequent selection process and creation of new varieties resistant to biotrophic and hemibiotrophic pathogens.
2 cl, 3 dwg, 1 ex(RU) Изобретение относится к области биотехнологии, в частности к способу получения растения картофеля с нуклеотидной делецией в кодирующей области гена EDR1 при помощи технологии редактирования генома CRISPR/Cas9. Изобретение также относится к растению картофеля с нуклеотидной делецией в кодирующей области гена EDR1, полученному вышеописанным способом. Изобретение эффективно для получения растений картофеля с мутацией в кодирующей области гена EDR1 с целью последующего проведения селекционного процесса и создания новых сортов, устойчивых к биотрофным и гемибиотрофным патогенам. 2 н.п. ф-лы, 3 ил., 1 пр.",,Russian Federation,07.09.2022,C1,114574508,,,,
RU425456484,2022123797,2817376,07.03.2024,"C12N 15/11
					






C12N 15/82
					






C12N 9/22
					






A01H 5/00
					








C12N 15/11
					






C12N 15/82
					






C12N 9/22
					






A01H 5/00
					






View less classifications",,"Федеральное государственное научное учреждение ""Всероссийский научно-исследовательский институт сельскохозяйственной биотехнологии"" (ФГБНУ ВНИИСБ) (RU)",Блинков Андрей Олегович (RU)Дивашук Михаил Георгиевич (RU)Злобин Николай Евгеньевич (RU)Иванова Любовь Александровна (RU)Комахин Роман Александрович (RU)Коновалова Людмила Николаевна (RU)Лебедева Марина Валерьевна (RU)Таранов Василий Васильевич (RU)Ульянов Даниил Сергеевич (RU)Blinkov Andrej Olegovich (RU)Divashuk Mikhail Georgievich (RU)Zlobin Nikolaj Evgenevich (RU)Ivanova Lyubov Aleksandrovna (RU)Komakhin Roman Aleksandrovich (RU)Konovalova Lyudmila Nikolaevna (RU)Lebedeva Marina Valerevna (RU)Taranov Vasilij Vasilevich (RU)Ulyanov Daniil Sergeevich (RU),,,,(EN) METHOD OF OBTAINING POTATO PLANT WITH BIALLELIC MUTATIONS IN EDR1 GENE ENCODING REGION USING CRISPR/CAS9 PLANT GENOME EDITING METHOD(RU) СПОСОБ ПОЛУЧЕНИЯ РАСТЕНИЯ КАРТОФЕЛЯ С НУКЛЕОТИДНОЙ ДЕЛЕЦИЕЙ В КОДИРУЮЩЕЙ ОБЛАСТИ ГЕНА EDR1 ПРИ ПОМОЩИ ТЕХНОЛОГИИ РЕДАКТИРОВАНИЯ ГЕНОМА РАСТЕНИЙ CRISPR/CAS9,"(EN) FIELD: biotechnology.
SUBSTANCE: invention relates to a method of obtaining a potato plant with tetraallelic mutations in the coding region of EDR1 gene using CRISPR/Cas9 plant genome editing technology.
EFFECT: invention makes it possible to obtain a potato plant, and the method includes the following steps: obtaining pKSE401-sgRNA2-2-1 construct containing the nucleotide sequence of the guide RNA, transferring this construct into potato cells using Agrobacterium tumefaciens bacterium to introduce mutations in the coding region of EDR1 gene and selection of regenerated plants with a nucleotide deletion in the coding region of EDR1 gene.
2 cl, 4 dwg(RU) Изобретение относится к биотехнологии, а именно к способу получения растения картофеля с нуклеотидной делецией в кодирующей области гена EDR1 при помощи технологии редактирования генома растений CRISPR/Cas9. Изобретение позволяет получить растение картофеля, при этом способ включает в себя следующие этапы: получение конструкции pKSE401-sgRNA2-2-1, содержащей нуклеотидную последовательность РНК-проводника, перенесение этой конструкции в клетки картофеля с помощью бактерии Agrobacterium tumefaciens для внесения мутаций в кодирующую область гена EDR1 и отбор растений-регенерантов с нуклеотидной делецией в кодирующей области гена EDR1. 2 н.п. ф-лы, 4 ил.",,Russian Federation,07.09.2022,C2,,,,,
CN365368447,202210273396,114574508,03.06.2022,"C12N 15/54
					






C12N 9/10
					






C12N 15/84
					






C12N 15/29
					






C07K 14/415
					






A01H 5/00
					






View more classifications
							






C12N 15/54
					






C12N 9/10
					






C12N 15/84
					






C12N 15/29
					






C07K 14/415
					






A01H 5/00
					






A01H 6/82
					






View less classifications","C12N 9/104
					






C12N 15/8286
					






C12N 15/8243
					






C12N 15/8218
					






C07K 14/415
					






Y02A 40/146
					








C12N 9/104
					






C12N 15/8286
					






C12N 15/8243
					






C12N 15/8218
					






C07K 14/415
					






Y02A 40/146
					






View less classifications",FUTURE INDUSTRY RESEARCH INSTITUTE OF YANGTZE RIVER DELTA OF安庆市长三角未来产业研究院ZHEJIANG UNIVERSITY浙江大学,YU JINGQUAN喻景权WU SHAOFANG吴少芳HU ZHANGJIAN胡璋健WU XINYI吴鑫怡HU CHAOYI胡超轶LI JIAJIA李佳佳,杭州天勤知识产权代理有限公司 33224,,,(EN) Application of PUB22 gene in regulation and control of insect pest stress resistance of plants(ZH) PUB22基因在调控植物对虫害胁迫抗性中的应用,"(EN) The invention discloses application of a PUB22 gene in regulation and control of insect pest stress resistance of plants, and belongs to the technical field of biology. The nucleotide sequence of the protein coding region of the PUB22 gene is as shown in SEQ ID NO.1 or has at least 70% homology with the sequence as shown in SEQ ID NO.1, and the coded protein is equivalent in function. The invention discloses the application of the PUB22 gene in regulating and controlling the insect pest stress of the plant, especially the cotton bollworm resistance for the first time, the PUB22 gene function is deleted through a CRISPR/Cas9 gene editing technology, the cotton bollworm resistance of the plant can be obviously weakened, and the application of the PUB22 gene in improving the insect pest stress resistance of the plant is proved, and the PUB22 gene can be applied to cultivation of insect pest stress resistant plant varieties. The invention provides more gene resources and new ideas for plant molecular stress resistance genetic breeding, plant stress tolerance genetic modification and the like.(ZH) 本发明公开了PUB22基因在调控植物对虫害胁迫抗性中的应用，属于生物技术领域。所述PUB22基因的蛋白编码区的核苷酸序列如SEQ ID NO.1所示或与SEQ ID NO.1所示序列具有至少70％同源性且编码的蛋白在功能上等价。本发明首次公开PUB22基因在调控植物对虫害胁迫尤其是棉铃虫抗性方面的用途，通过CRISPR/Cas9基因编辑技术缺失PUB22基因功能，可显著减弱植物对棉铃虫的抗性，证明了PUB22基因在提高植物虫害胁迫抗性中的用途，可将其应用到抗虫害胁迫植株品种的培育中。本发明为植物分子抗逆遗传育种、植物胁迫耐受的遗传改造等方面提供更多的基因资源和新思路。",,China,18.03.2022,B,,,,,
EP326386763,19811366,3829292,09.06.2021,"A01H 1/00
					






A01H 1/04
					






A01H 1/06
					






A01H 4/00
					






A01H 5/00
					






A01H 5/10
					






View more classifications
							






A01H 1/00
					






A01H 1/04
					






A01H 1/06
					






A01H 4/00
					






A01H 5/00
					






A01H 5/10
					






A01H 5/12
					






C12N 15/82
					






View less classifications","A01H 5/12
					






A01H 5/10
					






C12N 15/8207
					






A01H 6/20
					






A01H 4/005
					






A01H 5/00
					








A01H 5/12
					






A01H 5/10
					






C12N 15/8207
					






A01H 6/20
					






A01H 4/005
					






A01H 5/00
					






View less classifications",PIONEER HI BRED INT,CHARNE DAVID GEORGECHEN WENPINGILLESPIE JAMES BRENTJETTY SIVA S AMMIRAJULIU ZHAN-BINZASTROW-HAYES GINA MARIE,,201862679337 01.06.2018 US,,(DE) SYSTEME UND VERFAHREN ZUM EDITIEREN DES BRASSICA-GENOMS(EN) SYSTEMS AND METHODS FOR EDITING BRASSICA GENOME(FR) SYSTÈMES ET PROCÉDÉS D'ÉDITION DU GÉNOME DE BRASSICA,"(EN) Systems and methods for editing plant genomes include systems and methods for transforming plants generally, and brassica plants particularly, with genome editing systems including CRISPR-Cas. Systems and methods for editing plant genomes include systems and methods for transforming Brassica microspores with genome editing systems and culturing the plant microspores that increase genome editing frequency.(FR) Des systèmes et des procédés pour éditer des génomes de plantes comprennent des systèmes et des procédés pour transformer des plantes de manière générale, et des plantes de brassica, en particulier, avec des systèmes d'édition du génome comprenant des CRISPR-Cas. Des systèmes et des procédés pour éditer des génomes de plantes comprennent des systèmes et des procédés pour transformer des microspores de Brassica avec des systèmes d'édition du génome et cultiver les microspores de plantes, qui augmentent la fréquence d'édition du génome.","WO/2019/232136

AU2019277388

CA3099645

US20210207153

RU2020143335

UAa202008362This application is not viewable in PATENTSCOPE because the national phase entry has not been published yet or the national entry is issued from a country that does not share data with WIPO or there is a formatting issue or an unavailability of the application.",European Patent Office,30.05.2019,A4,,,"View all
							



AL, AT, BA, BE, BG, CH, CY, CZ, DE, DK, EE, ES, FI, FR, GB, GR, HR, HU, IE, IS, IT, LI, LT, LU, LV, MC, ME, MK, MT, NL, NO, PL, PT, RO, RS, SE, SI, SK, SM, TR
				

Hide all",,
US428011940,18114014,20240132900,25.04.2024,"C12N 15/82
					






C12N 5/04
					






C12N 9/22
					






C12N 15/11
					






C12Q 1/6895
					








C12N 15/82
					






C12N 5/04
					






C12N 9/22
					






C12N 15/11
					






C12Q 1/6895
					






View less classifications","C12N 5/04
					






C12N 15/8241
					






C12N 9/22
					






C12N 15/11
					






C12N 15/8205
					






C12Q 1/6895
					






View more classifications
							






C12N 5/04
					






C12N 15/8241
					






C12N 9/22
					






C12N 15/11
					






C12N 15/8205
					






C12Q 1/6895
					






C12N 2310/20
					






C12N 2800/80
					






C12Q 2600/13
					






View less classifications","UNIVERSITY OF FLORIDA RESEARCH FOUNDATION, INCORPORATED",Heqiang HUOGuiluan WANG,,,,(EN) T-DNA Free Gene Editing through Transient Suppressing POLQ in Plants,"(EN) 
Disclosed are method and vectors for the application of POLQ in creating T-DNA free gene editing in plants. The method of simultaneous silencing of POLQ during CRISP/CAS9 gene editing increased the T-DNA free gene edited TO tobacco seedlings ratio. The method impacts the application of CRISPR gene editing technology in vegetatively propagated crops such as fruit trees by preventing the introduction of foreign DNA during gene editing.",,United States of America,24.02.2023,A1,116064643,,,,
CN441611789,202411016432,118755869,11.10.2024,"C12Q 1/6895
					






C12Q 1/6844
					






C12N 15/113
					






C12N 15/11
					






C12R 1/645
					








C12Q 1/6895
					






C12Q 1/6844
					






C12N 15/113
					






C12N 15/11
					






C12R 1/645
					






View less classifications",,BEIJING ACADEMY OF AGRICULTURE AND FORESTRY SCIENCES北京市农林科学院,ZHANG WEI张玮WANG BAOYU王宝玉YAN JIYE燕继晔WANG XUNCHENG王训成HUANG CAIPING黄彩萍LIU MEI刘梅,北京惟诚致远知识产权代理事务所(普通合伙) 11536,,,(EN) RPA-CRISPR/Cas12a-based kit for visually detecting botryosphaeria dothidea(ZH) 一种基于RPA-CRISPR/Cas12a的可视化检测葡萄溃疡病菌的试剂盒,"(EN) The invention discloses a method for visually detecting botryosphaeria dothidea based on RPA-CRISPR/Cas12a, and belongs to the technical field of molecular detection of plant fungal pathogens. According to the invention, a Tub gene is selected as a target gene, a group of RPA specific primers and specific CrRNA are designed, a reaction system is optimized, an RPA amplification method and a CRISPR/Cas12a detection method are combined to detect the botryosphaeria dothidea, and the visualization of a detection result is realized through a lateral flow chromatography test strip. The detection method disclosed by the invention has better specificity and sensitivity, is simple and rapid to operate, can perform amplification reaction only by a simple constant-temperature instrument, and can be used for detecting the grape canker pathogen in a field or a basic working site.(ZH) 本发明公开了一种基于RPA‑CRISPR/Cas12a的可视化检测葡萄溃疡病菌的方法，属于植物真菌病原物分子检测技术领域。本发明通过选择Tub基因作为靶向基因，设计了一组RPA特异性引物和特异性CrRNA，并对反应体系进行了优化，将RPA扩增方法与CRISPR/Cas12a的检测方法相结合来检测葡萄溃疡病菌，通过侧流层析试纸条实现检测结果可视化。本发明的检测方法具有较好的特异性和灵敏度，操作简单快速，只需要简单的恒温仪器就可进行扩增反应，可在田间或基层工作现场对葡萄溃疡病菌进行检测。",,China,27.07.2024,A,114457106,,,,
CN398214558,202211230683,116064643,05.05.2023,"C12N 15/82
					






C12N 15/113
					






C12N 9/22
					






A01H 5/06
					






A01H 6/54
					








C12N 15/82
					






C12N 15/113
					






C12N 9/22
					






A01H 5/06
					






A01H 6/54
					






View less classifications","C12N 15/8216
					






C12N 15/8261
					






C12N 15/113
					






C12N 9/22
					






C12N 2310/20
					






C12N 2310/531
					








C12N 15/8216
					






C12N 15/8261
					






C12N 15/113
					






C12N 9/22
					






C12N 2310/20
					






C12N 2310/531
					






View less classifications",FUJIAN AGRICULTURE AND FORESTRY UNIVERSITY福建农林大学,GUAN YUEFENG关跃峰BAI MENGYAN柏梦焱HU XINCHEN胡欣晨ZHONG XIANGBIN钟祥斌,福州元创专利商标代理有限公司 35100福州元创专利商标代理有限公司 35100,,,(EN) Method for improving editing efficiency of dicotyledon single base editor and application thereof(ZH) 一种提高双子叶植物单碱基编辑器编辑效率的方法及其应用,"(EN) The invention provides a method for improving editing efficiency of dicotyledon cytosine to thymine single bases and application of the method, and belongs to the technical field of biology. According to the method, in a dicotyledon cytosine to thymine single-base editor system based on CRISPR/Cas9n, the number of UGI is increased to 2, the fifth base T point of sgRNA scaffold is protruded into C, meanwhile, the stem-loop structure of the sgRNA scaffold is prolonged, a linker sequence between nCas9 and PmCDA1 is replaced with an ssDBD structural domain sequence, nCas9 is replaced with an nCas9 variant, and then the editing efficiency is improved. The method provided by the invention is beneficial to functional genome research and molecular breeding of dicotyledonous plants including soybeans.(ZH) 本发明提供了一种提高双子叶植物胞嘧啶至胸腺嘧啶单碱基器编辑效率的方法及其应用，属于生物技术领域。所述方法为在基于CRISPR/Cas9n的双子叶植物胞嘧啶至胸腺嘧啶单碱基编辑器系统中，将UGI数量增加为2个，将sgRNA scaffold第5个碱基T点突成C、同时延长其茎环结构，将nCas9与PmCDA1之间的linker序列替换为ssDBD结构域序列，并将nCas9替换为nCas9变体，进而提高编辑效率。本发明所提供的方法有助于包括大豆在内的双子叶植物的功能基因组研究和分子育种。",,China,08.10.2022,B,,,,,
CN361493003,202110439681,114457106,10.05.2022,"C12N 15/82
					






A01H 5/00
					






A01H 6/82
					






C12N 15/29
					








C12N 15/82
					






A01H 5/00
					






A01H 6/82
					






C12N 15/29
					






View less classifications","C12N 15/8273
					






C12N 15/8293
					






C12N 15/8218
					






C07K 14/415
					








C12N 15/8273
					






C12N 15/8293
					






C12N 15/8218
					






C07K 14/415
					






View less classifications",SHANDONG AGRICULTURE UNIVERSITY山东农业大学,LI XIA李厦WU JUHUA吴举华LIU QI刘琪LI EN李恩ZHANG YAN张彦,济南誉丰专利代理事务所(普通合伙企业) 37240,,,(EN) Application of tomato gene SlCIPK7 in regulation and control of plant drought resistance(ZH) 番茄基因SlCIPK7在调控植物抗旱性中的应用,"(EN) The invention discloses application of a tomato gene SlCIPK7 in regulation and control of plant drought resistance, and belongs to the technical field of plant genetic engineering and molecular breeding. The tomato gene SlCIPK7 is knocked out through a CRISPR/Cas9 gene editing technology, a Cas9 sequence can be screened out in offspring, the problem of exogenous gene insertion caused by a transgenic technology is avoided, and normal expression of other genes cannot be affected. The homozygous mutant with the knockout SlCIPK7 is obtained, and a series of experiments prove that compared with a wild type, the drought stress tolerance of an SlCIPK7 gene knockout mutant plant is remarkably enhanced, the growth and development of the plant are not interfered, and the SlCIPK7 gene knockout mutant plant is an ideal drought-resistant germplasm resource.(ZH) 本发明公开了一种番茄基因SlCIPK7在调控植物抗旱性中的应用，属于植物基因工程和分子育种技术领域。本发明通过CRISPR/Cas9基因编辑技术敲除番茄基因SlCIPK7，能够在后代中筛除Cas9序列，避免了转基因技术造成的外源基因插入的问题，不会影响其它基因的正常表达。本发明获得了敲除SlCIPK7的纯合突变体，通过一系列实验证明：与野生型相比，SlCIPK7基因敲除突变体植株的干旱胁迫耐受性显著增强，且不干扰植株的生长发育，是一种理想的抗旱种质资源。",,China,23.04.2021,B,,,,,
EP335385731,19797277,3874048,08.09.2021,"C12N 15/82
					








C12N 15/82
					






View less classifications","C12N 15/8213
					






C12N 2310/20
					






C12N 9/22
					






C12N 15/111
					








C12N 15/8213
					






C12N 2310/20
					






C12N 9/22
					






C12N 15/111
					






View less classifications",KEYGENE NV,LHUISSIER FRANCK GEORGES PAUL,,18203919 01.11.2018 EP,,(DE) DUAL-GUIDE-RNA ZUR CRISPR/CAS-GENOMÄNDERUNG IN PFLANZENZELLEN(EN) DUAL GUIDE RNA FOR CRISPR/CAS GENOME EDITING IN PLANTS CELLS(FR) ARN GUIDE DOUBLE POUR ÉDITION DE GÉNOME CRISPR/CAS DANS DES CELLULES VÉGÉTALES,"(EN) The invention pertains to a method for targeted modification of DNA in a plant cell, comprising a step of contacting the DNA with an RNA-guided CRISPR-system nuclease complex, wherein the complex comprises a crRNA anda tracrRNA as separate molecules. The invention further pertains to said RNA-guided CRISPR-system nuclease complex for targeting of DNA in a plant cell and kits comprising the RNA-guided CRISPR-system nuclease complex or constructs encoding the same.(FR) Procédé de modification ciblée d'ADN dans une cellule végétale, comprenant une étape de mise en contact de l'ADN avec un complexe de nucléase à système CRISPR guidé par ARN, ledit complexe comprenant un ARNcr et un ARNtracr en tant que molécules distinctes. L'invention concerne en outre ledit complexe de nucléase à système CRISPR guidé par ARN pour le ciblage d'ADN dans une cellule végétale, et des kits comprenant le complexe de nucléase à système CRISPR guidé par ARN ou des constructions codant pour ledit complexe.","WO/2020/089448

US20220010321

JP2022505440",European Patent Office,01.11.2019,A1,111718945,,"View all
							



AL, AT, BA, BE, BG, CH, CY, CZ, DE, DK, EE, ES, FI, FR, GB, GR, HR, HU, IE, IS, IT, LI, LT, LU, LV, MC, ME, MK, MT, NL, NO, PL, PT, RO, RS, SE, SI, SK, SM, TR
				

Hide all",,
CN431524734,202410421381,118166030,11.06.2024,"C12N 15/82
					






C12N 15/29
					






A01H 5/08
					






A01H 6/82
					






C12Q 1/6895
					






C12N 15/11
					








C12N 15/82
					






C12N 15/29
					






A01H 5/08
					






A01H 6/82
					






C12Q 1/6895
					






C12N 15/11
					






View less classifications","C12N 15/825
					






C12N 15/8205
					






C12N 15/8218
					






C12N 15/8209
					






C07K 14/415
					






C12Q 1/6895
					






View more classifications
							






C12N 15/825
					






C12N 15/8205
					






C12N 15/8218
					






C12N 15/8209
					






C07K 14/415
					






C12Q 1/6895
					






C12Q 2600/156
					






C12Q 2600/13
					






View less classifications",HORTICULTURE INSTITUTE OF XINJIANG ACADEMY OF AGRICULTURAL SCIENCE新疆农业科学院园艺作物研究所,YANG HAITAO杨海涛JIA CHUNPING贾春平WANG BAIKE王柏柯WANG JUAN王娟YANG TAO杨涛LIANG KUN梁坤YU QINGHUI余庆辉,北京卓胜佰达知识产权代理有限公司 16026,,,(EN) Method for increasing lycopene content of tomato fruits(ZH) 一种提高番茄果实番茄红素含量的方法,"(EN) The invention belongs to the field of gene engineering, and particularly relates to a method for increasing the lycopene content of tomato fruits. The method comprises the following steps: respectively designing editing target sites of an SlSGR1 gene and an SlNAC1 gene, respectively constructing pCGR1301-CRISPR/Cas9-gRNA expression vectors, respectively transforming the pCGR1301-CRISPR/Cas9-gRNA expression vectors into tomato materials with low lycopene content in fruits by using an agrobacterium-mediated method, and screening by using antibiotics to obtain positive T0-generation transgenic tomato plants; carrying out selfing on the T0 generation to obtain T1 generation plants, and screening plants which do not contain exogenous transgenic components, have homozygous mutation of the SlSGR1 gene or the SlNAC1 gene and have high lycopene content in fruits from the T1 generation; and then carrying out hybridization and selfing on the T1 generation Slsgr1 and Slnac1 to obtain a single plant with polymerized and homozygous mutation sites of the sgr1 and the nac1.(ZH) 本发明属于基因工程领域，具体涉及一种提高番茄果实番茄红素含量的方法。本发明通过分别设计SlSGR1基因和SlNAC1基因的编辑靶位点，分别构建pCGR1301‑CRISPR/Cas9‑gRNA表达载体，利用农杆菌介导法分别转化到果实低番茄红素含量的番茄材料中，通过抗生素筛选获得阳性T0代转基因番茄植株；T0代自交获得T1代植株，从T1代中筛选不含有外源转基因成份但SlSGR1基因或SlNAC1基因发生纯合突变且果实番茄红素含量较高的植株；再将T1代Slsgr1和Slnac1进行杂交、自交，获得sgr1和nac1突变位点聚合且纯合的单株。",,China,09.04.2024,A,,,,,
CN308318674,202010634292,111718945,29.09.2020,"C12N 15/53
					






C12N 15/11
					






C12N 15/82
					






A01H 5/00
					






A01H 6/00
					








C12N 15/53
					






C12N 15/11
					






C12N 15/82
					






A01H 5/00
					






A01H 6/00
					






View less classifications","C12N 9/0061
					






C12N 15/8218
					






C12N 15/8255
					






C12Y 110/03002
					








C12N 9/0061
					






C12N 15/8218
					






C12N 15/8255
					






C12Y 110/03002
					






View less classifications",SOUTHWEST UNIVERSITY西南大学,FAN CHUNFEN范春芬LUO KEMING罗克明QIN SHIFEI秦士飞,成都方圆聿联专利代理事务所(普通合伙) 51241,,,(EN) Method for regulating proportion of S/G type lignin and improving degradation and conversion efficiency of cell walls by using laccase PtoLAC14(ZH) 利用漆酶PtoLAC14调控S/G型木质素比例并提高细胞壁降解转化效率的方法,"(EN) The invention discloses a method for regulating the proportion of S/G type lignin and improving the degradation and conversion efficiency of cell walls by using laccase PtoLAC14, and belongs to the technical field of plant genetic engineering. The CDS sequence of the PtoLAC14 is shown as SEQ ID No. 1. It is discovered for the first time that the populus tomentosa PtoLAC14 can specifically regulateand control polymerization of G-type lignin monomers, and the PtoLAC14 is edited by using a CRISPR/Cas9 technology, so that transgenic plants with reduced total lignin content, reduced G-type lignincontent and increased lignin S/G ratio are obtained; the cell wall degradability of the transgenic plants is obviously improved, so that the removal cost of lignin during biological energy source production and papermaking is reduced. The invention lays a foundation for lignin genetic improvement and directed molecular breeding of plants, provides a new gene resource for plant genetic engineering,and has a wide application prospect.(ZH) 本发明公开了一种利用漆酶PtoLAC14调控S/G型木质素比例并提高细胞壁降解转化效率的方法，属于植物基因工程技术领域。所述PtoLAC14的CDS序列如SEQ ID No.1所示。本发明首次发现毛白杨PtoLAC14可以特异性调控G型木质素单体聚合，并利用CRISPR/Cas9技术对PtoLAC14进行编辑，得到木质素总含量降低、G型木质素含量降低、木质素S/G比例增加的转基因植株，且转基因植株的细胞壁可降解性显著提高，从而降低了在生物能源生产和造纸时木质素的去除成本。本发明为植物的木质素遗传改良和定向分子育种奠定了基础，为植物基因工程提供了新的基因资源，具有广泛的应用前景。",,China,02.07.2020,B,,,,,
CN371004696,202210465278,114807311,29.07.2022,"C12Q 1/6816
					






C12Q 1/6895
					






C12R 1/77
					








C12Q 1/6816
					






C12Q 1/6895
					






C12R 1/77
					






View less classifications","C12Q 1/6816
					






C12Q 1/6895
					








C12Q 1/6816
					






C12Q 1/6895
					






View less classifications",NANJING FORESTRY UNIVERSITY南京林业大学,DAI TINGTING戴婷婷CHEN ZHENPENG陈贞鹏WU CUIPING吴翠萍JIAO BINBIN焦彬彬GUO YUFANG郭玉芳XIA HONGMING夏宏明,镇江至睿专利代理事务所(普通合伙) 32529,,,(EN) CRISPR-Cas12a-based method for detecting pine canker pathogenic bacteria and application of CRISPR-Cas12a-based method(ZH) 基于CRISPR-Cas12a检测松树脂溃疡病原菌的方法及应用,"(EN) The invention discloses a CRISPR-Cas12a (clustered regularly interspaced short palindromic repeats/CRISPR-Cas12a) system-based detection method for visually detecting the pathogenic bacteria of the pine canker, which comprises the following steps of: through a target DNA (deoxyribonucleic acid) fragment amplified by recombinase polymerase, guiding the CRISPR-Cas12a system to recognize and combine an amplification product and cut target double-stranded DNA to activate a non-specific nuclease function under the mediation of a crRNA (complementary Ribonucleic Acid) sequence; then randomly cutting the single-stranded DNA fluorescent probe in the system to obtain a cracking product, and finally judging through color development detection of the cracking product. According to the detection platform, the pathogenic bacteria of the pine canker can be subjected to dual-specificity detection through recombinase polymerase amplification and crRNA recognition, the specificity and the visualization are high, the sensitivity can be as low as 1 pg.mu L <-1>, and the pathogenic bacteria of the pine canker carried on imported plants of a port can be detected and prevented immediately.(ZH) 本发明公开了一种基于CRISPR‑Cas12a体系可视化检测松树脂溃疡病病原菌(Fusarium circinatum)的检测方法，该方法通过重组酶聚合酶扩增后的目的DNA片段，再在crRNA序列介导下，引导CRISPR‑Cas12a体系对扩增产物进行识别结合并切割目标双链DNA激活非特异性核酸酶功能，然后任意切割体系中的单链DNA荧光探针得到裂解产物，最后通过裂解产物的显色检测进行判断。该检测平台通过重组酶聚合酶扩增及crRNA识别可双重特异地对松树脂溃疡病病原菌进行检测，特异性强，可视化强，且在灵敏度上可低至1 pg·μL‑1，对于港口的进境植物上携带的松树脂溃疡病病原菌实现即检即防。",,China,29.04.2022,A,105821075,,,,
CN242436818,201910151375,109735563,10.05.2019,"C12N 15/82
					






C12N 9/22
					






A01H 5/00
					






A01H 6/82
					








C12N 15/82
					






C12N 9/22
					






A01H 5/00
					






A01H 6/82
					






View less classifications",,NORTHWEST A&F UNIVERSITY西北农林科技大学,WANG XIAOFENG王晓峰LIU JIANWEI刘建伟WANG SHUFEN汪淑芬LUO BOTE罗伯特,北京方圆嘉禾知识产权代理有限公司 11385,,,(EN) Method for establishing tomato nuclear male sterile line with green stem marker(ZH) 一种带绿茎标记的番茄核雄性不育系的创建方法,"(EN) The invention discloses a method for establishing a tomato nuclear male sterile line with a green stem marker, which comprises the following steps: simultaneously editing a fertility gene SlMs1035 ina receptor tomato genome and a linked marker gene SlF3H thereof by using a CRISPR/Cas9 system so as to cause the two genes to lose functions, and the tomato material obtained with the SlMs1035 and theSlF3H simultaneously losing function through ridding the transgene structure by carrying out selfing or hybridization is the tomato nuclear male sterile line with the green stem mark; wherein the marker gene SlF3H is an anthocyanin synthesis gene. As the stem of the sterile plants is green at the seedling stage, the sterile plants can be selected before the plants blossom. The method for establishing tomato nuclear male sterile line with the green stem marker adopts a molecular design breeding method to obtain a tomato nuclear male sterile line with a non-transgenic seedling stage marker character, and can be applied to transforming a tomato hybrid female parent into a nuclear sterile line with a green stem marker for tomato seed production through hybrid.(ZH) 本发明公开了一种带绿茎标记的番茄核雄性不育系的创建方法。所述方法包括：利用CRISPR/Cas9系统对受体番茄基因组中的育性基因SlMs1035及其连锁的标记基因SlF3H同时进行编辑，使这两个基因丧失功能，通过自交或杂交剔除转基因构建，得到的SlMs1035及SlF3H同时丧失功能的番茄材料即为所述带绿茎标记的番茄核雄性不育系；其中，所述标记基因SlF3H为花青素合成基因。由于不育植株在幼苗期茎秆呈绿色，能够在植株未开花之前将不育植株挑选出来。本发明采用分子设计育种方法，获得非转基因带苗期标记性状的番茄核雄性不育系，可应用于将番茄杂交种母本改造成带绿茎标记的核不育系以应用于番茄杂交制种。",,China,28.02.2019,A,106939316,,,,
CN177033898,102016000254568,105821075,03.08.2016,"C12N 15/82
					






C12N 15/66
					








C12N 15/82
					






C12N 15/66
					






View less classifications","C12N 15/66
					






C12N 15/82
					






C12N 2800/80
					








C12N 15/66
					






C12N 15/82
					






C12N 2800/80
					






View less classifications",湖南农业大学,刘硕谦唐雨薇田娜刘丽萍王若娴梁恒,长沙正奇专利事务所有限责任公司 43113长沙正奇专利事务所有限责任公司 43113,,,(EN) Establishment method of caffeine synthetase CRISPR/Cas9 genome editing vector(ZH) 一种茶树咖啡因合成酶CRISPR/Cas9基因组编辑载体的构建方法,"(EN) The invention relates to an establishment method of a caffeine synthetase CRISPR/Cas9 genome editing vector. The method comprises the following steps: designing two target sequences T1 and T2 on the basis of tea tree caffeine synthetase genes; respectively establishing sgRNA expression cassettes of the target sequences T1 and T2; and carrying out enzyme digestion-coupling reaction on a double-element expression vector pYLCRISPR/Cas9P35S-H, the T1sgRNA expression cassette and the T2sgRNA expression cassette so that the T1sgRNA expression cassette and the T2sgRNA expression cassette are connected and inserted into the double-element expression vector, thereby obtaining the CRISPR/Cas9 genome editing vector. By taking the tea tree caffeine synthetase as the example, conventional PCR (polymerase chain reaction), Overlapping PCR and Golden Gate Cloning techniques are combined to establish the CRISPR/Cas9 gene editing vector comprising the tea tree caffeine synthetase double targets, thereby laying a solid foundation for application of the CRISPR/Cas9 gene editing technique in tea trees, and providing technical supports for the establishment of CRISPR/Cas9 gene editing vectors of other plants.(ZH) 一种茶树咖啡因合成酶CRISPR/Cas9基因组编辑载体的构建方法，是以茶树咖啡因合成酶基因为基础设计两条靶序列T1和T2；再分别构建靶序列T1和和T2的sgRNA表达盒；再将双元表达载体pYLCRISPR/Cas9P35S‑H与上述T1sgRNA表达盒及T2sgRNA表达盒进行酶切‑连接反应，使T1sgRNA表达盒与T2sgRNA表达盒连接后插入该双元表达载体中，从而获得CRISPR/Cas9基因组编辑载体。本发明以茶树咖啡因合成酶为例，联合采用常规PCR、Overlapping PCR和Golden Gate Cloning技术，构建了包含茶树咖啡因合成酶双靶点的CRISPR/Cas9基因编辑载体，为CRISPR/Cas9基因编辑技术在茶树中的应用奠定了坚实基础，同时对其它植物CRISPR/Cas9基因编辑载体的构建提供了技术支撑。",,China,22.04.2016,B,,,,,
CN202653160,102016000004499,106939316,11.07.2017,"C12N 15/82
					






A01H 5/00
					






A01H 6/46
					








C12N 15/82
					






A01H 5/00
					






A01H 6/46
					






View less classifications","C07K 14/415
					






C12N 15/8216
					






C12N 15/8261
					








C07K 14/415
					






C12N 15/8216
					






C12N 15/8261
					






View less classifications",FUDAN UNIVERSITY复旦大学,LUO XIAOJIN罗小金DONG XIANXIN董贤欣YANG JINSHUI杨金水SUN FAN孙凡JIANG LING姜玲,上海元一成知识产权代理事务所(普通合伙) 31268,,,(EN) Method for fixed point knock-out of second exon of rice OsPDCD5 gene by using CRISPR/Cas9 system(ZH) 利用CRISPR/Cas9系统定点敲除水稻OsPDCD5基因第二外显子的方法,"(EN) The invention discloses a method for fixed point knock-out of the second exon of rice OsPDCD5 gene by using a CRISPR/Cas9 system. The method comprises the following steps: selecting a target fragment in the second exon region of the rice OsPDCD5 gene, constructing a plant CRISPR/Cas9 recombinant vector, introducing the plant CRISPR/Cas9 recombinant vector to rice calluses through an Agrobacterium infection technology, carrying out regeneration to form seedlings, shearing double strands of the second exon of the OsPDCD5 gene under the combined action of guide RNA and Cas9 nuclease, and realizing random insertion or random deletion of the target gene fragment through the self DNA repairing function of cells. Nine strains with the target fragment having point mutation are obtained through a PCR amplification sequencing technology, and pass phenotype identification, so the purpose of the increase of the plant height and the yield of rice is realized. The method provides an efficient breeding way for cultivating high-yield and high-quality rice varieties.(ZH) 本发明公开了一种利用CRISPR/Cas9系统定点敲除水稻OsPDCD5基因第二外显子的方法：在水稻OsPDCD5基因第二外显子区域选取靶标片段并构建植物CRISPR/Cas9重组载体，通过农杆菌侵染方法导入到水稻愈伤并再生成苗，在向导RNA和Cas9核酸酶共同作用下，OsPDCD5基因第二外显子的双链被剪切，再通过细胞自身DNA修复功能，最终实现靶标基因片段上的随机插入或随机缺失，通过PCR扩增测序的方法，本发明共获取9株目的片段出现点突变的株系，经过表型鉴定，实现了增加水稻株高和产量的目的。本发明为培育高产优质水稻品种提供了一种高效的育种方式。",,China,05.01.2016,B,113061615,,,,
CN401501620,202310296451,116286710,23.06.2023,"C12N 9/10
					






C12N 15/54
					






C12N 15/82
					






A01H 5/04
					






A01H 5/12
					






A01H 6/82
					








C12N 9/10
					






C12N 15/54
					






C12N 15/82
					






A01H 5/04
					






A01H 5/12
					






A01H 6/82
					






View less classifications","C12N 9/1051
					






C12Y 204/01207
					






C12N 15/8261
					






C12N 15/8251
					






C12N 15/8218
					








C12N 9/1051
					






C12Y 204/01207
					






C12N 15/8261
					






C12N 15/8251
					






C12N 15/8218
					






View less classifications","CHINA TOBACCO YUNNAN INDUSTRIAL CO., LTD.云南中烟工业有限责任公司",XU LI许力XU YONG许永GAO QIAN高茜JIANG JIARUI蒋佳芮XU GUOYUN徐国云XIANG HAIYING向海英MI QILI米其利YANG WENWU杨文武LI XUEMEI李雪梅ZENG WANLI曾婉俐LI JING李晶XING JIAXIN邢佳鑫,北京维澳知识产权代理有限公司 11252,,,(EN) Tobacco xyloglucan endotransglucosylase/hydrolase protein gene NtXTH8 and application thereof(ZH) 一种烟草木葡聚糖内转葡糖基酶/水解酶蛋白基因NtXTH8及其应用,"(EN) The invention discloses a tobacco xyloglucan endoglucanase/hydrolase protein gene NtXTH8 and application thereof, the tobacco xyloglucan endoglucanase/hydrolase protein gene NtXTH8 is derived from tobacco, the nucleotide sequence of the tobacco xyloglucan endoglucanase/hydrolase protein gene NtXTH8 is shown as SEQ ID NO.1, and the tobacco xyloglucan endoglucanase/hydrolase protein gene NtXTH8 comprises 894bp basic groups. The CRISPR/Cas9 editing vector for knocking out the NtXTH8 gene is constructed through a CRISPR/Cas9 mediated gene editing technology, and an NtXTH8 gene editing mutant plant is obtained after genetic transformation. Agronomic traits of the NtXTH8 gene edited plant and a control plant are investigated in the squaring stage and the mature stage, and the agronomic traits such as the plant height, the waist leaf length and the waist leaf width in the NtXTH8 gene edited plant are measured and are all lower than those of the control plant; the arginine content is measured, and it is found that the arginine content in the gene editing plant in the mature period is remarkably lower than that in a control group.(ZH) 本发明公开了一种烟草木葡聚糖内转葡糖基酶/水解酶蛋白基因NtXTH8及其应用，该烟草木葡聚糖内转葡糖基酶/水解酶蛋白基因NtXTH8来源于烟草，其核苷酸序列如SEQ ID NO.1所示，包括894bp个碱基。本发明通过CRISPR/Cas9介导的基因编辑技术，构建了用于敲除NtXTH8基因的CRISPR/Cas9编辑载体，经遗传转化后获得了NtXTH8基因发生编辑突变体植株。在现蕾期、成熟期进行NtXTH8基因编辑植株与对照植株农艺性状调查，NtXTH8基因编辑植株中株高、腰叶长、腰叶宽等农艺性状进行测定，均低于对照；对精氨酸含量进行测定，发现成熟期基因编辑植株中精氨酸含量显著低于对照。",,China,24.03.2023,A,,,,,
CN330942577,202110363245,113061615,02.07.2021,"C12N 15/29
					






C07K 14/415
					






C12N 15/84
					






C12N 1/21
					






A01H 5/10
					






A01H 6/20
					






View more classifications
							






C12N 15/29
					






C07K 14/415
					






C12N 15/84
					






C12N 1/21
					






A01H 5/10
					






A01H 6/20
					






C12R 1/01
					






View less classifications","C07K 14/415
					






C12N 15/8218
					






C12N 15/8243
					






C12N 15/8205
					








C07K 14/415
					






C12N 15/8218
					






C12N 15/8243
					






C12N 15/8205
					






View less classifications","OIL CROPS RESEARCH INSTITUTE, CHINESE ACADEMY OF AGRICULTURAL SCIENCES中国农业科学院油料作物研究所",ZHANG YUANYUAN张园园HE YIZHOU何贻洲LIU SHENGYI刘胜毅LIU YUEYING刘越英HUANG JUNYAN黄军艳CHENG XIAOHUI程晓辉,深圳智趣知识产权代理事务所(普通合伙) 44486,,,(EN) Brassica napus BnaA06.GTR2 gene related to thioglycoside transport and application thereof(ZH) 硫苷转运相关的甘蓝型油菜BnaA06.GTR2基因及其应用,"(EN) The invention discloses a glucosinolate transport-related brassica napus BnaA06.GTR2 gene and application thereof. A plurality of copies of a glucosinolate transport gene BnGTR in allotetraploid brassica napus are edited by using a CRISPR/Cas9 gene editing technology to obtain a homozygous mutant of the BnaA06.GTR2 gene, and the total glucosinolate content in mature seeds of the BnaA06.GTR2 gene knockout mutant is remarkably reduced, which proves that the BnaA06.GTR2 gene is a key gene for regulating and controlling thioglycoside to be transferred into seeds from a synthesis part, can be used for improving the character of thioglycoside in rape seeds, provides a theoretical basis for the improvement and development of the character of low thioglycoside in brassica napus seeds, and provides a new way for rape breeding work with improvement of the character of low thioglycoside as a target.(ZH) 本发明公开了硫苷转运相关的甘蓝型油菜BnaA06.GTR2基因及其应用，利用CRISPR/Cas9基因编辑技术对异源四倍体甘蓝型油菜中硫苷转运基因BnGTR的多个拷贝进行编辑，获得了BnaA06.GTR2基因的纯合突变体，所述BnaA06.GTR2基因敲除突变体成熟种子中总硫苷含量极显著降低，证明BnaA06.GTR2基因是调控硫苷从合成部位转运到种子中的关键基因，能够用于油菜种子中硫苷性状的改良，为甘蓝型油菜种子低硫苷性状的改良开发提供了理论依据，为以低硫苷性状改良为目标的油菜育种工作提供了一种新的途径。",,China,02.04.2021,B,,,,,
CA393795561,3192195,3192195,03.03.2022,"C07K 14/195
					






C07K 14/315
					






C12N 9/22
					






C12N 15/10
					








C07K 14/195
					






C07K 14/315
					






C12N 9/22
					






C12N 15/10
					






View less classifications","C12N 9/22
					






C07K 14/315
					






C07K 2319/00
					






C07K 2319/85
					






C07K 14/195
					






C07K 2319/80
					






View more classifications
							






C12N 9/22
					






C07K 14/315
					






C07K 2319/00
					






C07K 2319/85
					






C07K 14/195
					






C07K 2319/80
					






C12N 15/102
					






C12N 2310/20
					






C12N 15/11
					






C12N 15/70
					






C12N 15/907
					






C12N 15/111
					






C12N 15/113
					






View less classifications","PAIRWISE PLANTS SERVICES, INC.","GUFFY, SHARON LEIGHWATTS, JOSEPH MATTHEW",,"63/071,734 28.08.2020 US",,(EN) ENGINEERED PROTEINS AND METHODS OF USE THEREOF(FR) PROTEINES CRISPR-CAS INGENIERISEES ET LEURS PROCEDES D'UTILISATION,"(EN) Described herein are engineered CRISPR-Cas proteins and methods of use of such proteins. In particular Type V CRISPR-Cas nucleases, like Cas12a, having a nuclease or nickase domain from a non-type V CRISPR-Cas nuclease inserted in the interdomain linker region between the Rec1 and Rec2 domains. Also described herein are complexes, compositions, and systems including engineered proteins of the present invention, each of which may be used for modifying or editing a target nucleic acid. An engineered protein of the present invention may be an enzyme and/or may be an RNA-guided DNA-binding protein.(FR) La présente invention concerne des protéines CRISPR-Cas ingéniérisées et leurs procédés d'utilisation. L'invention concerne en particulier des nucléases CRISPR-Cas de type V, telles que la nucléase Cas12a, ayant un domaine nucléase ou nickase provenant d'une nucléase CRISPR-Cas qui n'est pas de type V inséré dans la région de liaison interdomaine entre les domaines Rec1 et Rec2. L'invention concerne également des complexes, des compositions et des systèmes comprenant des protéines ingéniérisées de la présente invention, chacune desquelles pouvant être utilisée pour modifier ou éditer un acide nucléique cible. Une protéine ingéniérisée de la présente invention peut être une enzyme et/ou peut être une protéine de liaison à l'ADN guidée par ARN.",,Canada,27.08.2021,A1,113801871,,,,
CN331406512,202110487855,113073112,06.07.2021,"C12N 15/82
					






C12N 15/113
					






A01H 4/00
					






A01H 5/12
					






A01H 6/82
					








C12N 15/82
					






C12N 15/113
					






A01H 4/00
					






A01H 5/12
					






A01H 6/82
					






View less classifications","C12N 15/8218
					






C12N 15/8281
					






C12N 15/1137
					






C12N 9/1051
					






A01H 4/005
					






C12Y 204/01128
					






View more classifications
							






C12N 15/8218
					






C12N 15/8281
					






C12N 15/1137
					






C12N 9/1051
					






A01H 4/005
					






C12Y 204/01128
					






C12N 2310/20
					






View less classifications",HUAZHONG AGRICULTURAL UNIVERSITY华中农业大学,JIN SHUANGXIA金双侠ZHANG XIANLONG张献龙CAO JINGLIN曹景林SUN YIWEN孙艺文SI HUAN斯欢,北京国坤专利代理事务所(普通合伙) 11491,,,(EN) Method for mining tobacco bacterial wilt resistance gene by using plant-mediated CRISPR technology(ZH) 一种用植物介导CRISPR技术挖掘烟草青枯病抗性基因的方法,"(EN) The invention relates to the technical field of plant genetic engineering, and discloses a method for mining tobacco bacterial wilt resistance genes by using a plant-mediated CRISPR technology, which comprises the following steps: 1), 2) and 3). According to the method for mining the tobacco bacterial wilt resistance gene by using the plant-mediated CRISPR technology, an NtTOGT gene sequence is used as a target sequence to construct a CRISPR carrier, the NtTOGT gene target sequence is successfully introduced into a tobacco variety rock tobacco 97 by using an agrobacterium-mediated genetic transformation method to obtain an NtTOGT gene editing mutant material, the transgenic tobacco is placed in a greenhouse, the mutant material is detected by using a high-throughput detection method to obtain a gene editing condition, a strain with a relatively high editing rate is subjected to an inoculation test; an inoculation test result shows that tobacco subjected to gene editing can cause down-regulation of the expression quantity of the NtTOGT gene, so that the bacterial wilt resistance of a tobacco plant is influenced, the disease resistance of the plant is reduced, and the result shows that the NtTOGT gene is possibly related to the bacterial wilt resistance of the tobacco.(ZH) 本发明涉及植物基因工程技术领域，且公开了一种用植物介导CRISPR技术挖掘烟草青枯病抗性基因的方法，包括以下步骤：1)、2)和3)。该用植物介导CRISPR技术挖掘烟草青枯病抗性基因的方法，以NtTOGT基因序列作为靶序列构建了CRISPR载体，利用农杆菌介导的遗传转化方法将所述的NtTOGT基因靶标序列成功导入烟草品种岩烟97中，得到了NtTOGT基因编辑突变体材料，将该转基因烟草于温室中，用高通量的检测方法对突变体材料进行检测获得基因编辑情况，针对编辑率较高的株系进行接菌试验，通过接菌实验结果，表明经过基因编辑的烟草可以导致NtTOGT基因的表达量下调，进而影响烟草植株抗青枯病的能力，导致植株抗病性降低，说明NtTOGT基因可能与烟草抗青枯病相关。",,China,30.04.2021,A,,,,,
CN345741375,202111177101,113801871,17.12.2021,"C12N 9/90
					






C12N 15/61
					






C12N 15/84
					






C12N 15/55
					






C12N 1/21
					






C12N 5/10
					






View more classifications
							






C12N 9/90
					






C12N 15/61
					






C12N 15/84
					






C12N 15/55
					






C12N 1/21
					






C12N 5/10
					






A01H 5/10
					






A01H 6/46
					






View less classifications","C12N 9/90
					






C12N 15/8218
					






C12N 15/8247
					






C12N 15/825
					






C12N 15/8205
					






C12N 9/22
					






View more classifications
							






C12N 9/90
					






C12N 15/8218
					






C12N 15/8247
					






C12N 15/825
					






C12N 15/8205
					






C12N 9/22
					






C12Y 505/01018
					






View less classifications","INSTITUTE OF CROP SCIENCE, CHINESE ACADEMY OF AGRICULTURAL SCIENCES中国农业科学院作物科学研究所BIOTECHNOLOGY RESEARCH INSTITUTE, CAAS中国农业科学院生物技术研究所",LIU JUN刘君GAO YING高英WANG HUAN王欢SHI TIANTIAN石添添WANG JINGXIN王竞馨WANG RUI王芮CHENG XILIU程溪柳ZHU MENGYUAN朱梦圆WEI YU魏钰LI SHA李莎LIU YUANHANG刘远航,北京纪凯知识产权代理有限公司 11245,,,(EN) Function and application of SiLCYE in regulating and controlling anabolism of millet carotenoids such as zeaxanthin(ZH) SiLCYE调控玉米黄质等谷子类胡萝卜素合成代谢的功能及应用,"(EN) The invention discloses a method for increasing the content of zeaxanthin or/and lutein stearate or/and antheraxanthin in millet. The method comprises the following steps of inhibiting or reducing the expression quantity of a protein coding gene in the millet, and/or inhibiting or reducing the activity and/or content of the protein in the millet, so as to increase the content of the zeaxanthin or/and the lutein stearate or/and the antheraxanthin in the millet, wherein the protein is SiLCYE protein. SiLCYE is cloned through a homologous cloning technology. An amino acid sequence of the SiLCYE is as shown in SEQ ID NO. 1, and a coding sequence of the SiLCYE is as shown in SEQ ID NO. 2. An edited strain of SiLCYE genes is obtained through a CRISPR-Cas9 editing technology, and the regulation and control effects of the two genes in the metabolic reaction of the millet carotenoids are determined through metabonomics analysis. An experimental basis and gene resources are provided for revealing a metabolic pathway regulation and control mechanism of the millet carotenoids and cultivating new germplasm of the millet which is rich in carotenoid and high in nutritional quality.(ZH) 本发明公开了提高谷子玉米黄质或/和叶黄素硬脂酸酯或/和花药黄质含量的方法，所述方法包括通过抑制或降低谷子中蛋白质编码基因的表达量，和/或，抑制或降低谷子中所述的蛋白质的活性和/或含量，来提高谷子中玉米黄质或/和叶黄素硬脂酸酯或/和花药黄质的含量；所述蛋白质为SiLCYE蛋白。通过同源克隆技术克隆了SiLCYE。SiLCYE氨基酸序列如SEQ ID NO.1所示，其编码序列如SEQ ID NO.2所示。通过CRISPR‑Cas9编辑技术获得SiLCYE基因的编辑株系，通过代谢组学分析明确了这两个基因在谷子类胡萝卜素代谢反应中的调控作用，为揭示谷子类胡萝卜素代谢途径调控机制及培育富含类胡萝卜素高营养品质的谷子新种质提供了实验基础和基因资源。",,China,09.10.2021,B,106086028,,,,
CN427324067,202311870432,117802121,02.04.2024,"C12N 15/53
					






C12N 9/04
					






C12N 15/82
					






C12N 15/11
					






C12Q 1/6895
					






A01H 5/00
					






View more classifications
							






C12N 15/53
					






C12N 9/04
					






C12N 15/82
					






C12N 15/11
					






C12Q 1/6895
					






A01H 5/00
					






A01H 6/46
					






View less classifications","C12N 9/0006
					






C12N 15/8286
					






C12Q 1/6895
					






C12Y 101/011
					






C12Q 2600/13
					






C12Q 2600/156
					






View more classifications
							






C12N 9/0006
					






C12N 15/8286
					






C12Q 1/6895
					






C12Y 101/011
					






C12Q 2600/13
					






C12Q 2600/156
					






Y02A 40/146
					






View less classifications",HENAN UNIVERSITY河南大学SANYA RESEARCH INSTITUTE OF HENAN UNIVERSITY河南大学三亚研究院,ZHANG QIAN张茜LIU JIONG刘炯ZHOU SHUTANG周树堂LI LU李璐XIONG ZHILONG熊志隆LI BAOZHU李保珠,河南豫龙律师事务所 41177,202211704065.5 29.12.2022 CN,,(EN) Application of corn Zm00001d017111 gene mutant gl8 in insect resistance(ZH) 玉米Zm00001d017111基因的突变体gl8在抗虫中的应用,"(EN) The invention belongs to the technical field of pest control, particularly discloses an application of a mutant gl8 of a corn Zm00001d017111 gene in insect resistance, and further discloses a protein coded by the mutant gene gl8 of the corn Zm00001d017111 gene and an application of the mutant gl8 in the aspect of improving the resistance of corn to spodoptera frugiperda larvae. The SNP marker is used for identifying a corn Zm00001d017111 gene or a mutant gl8 related to resistance to spodoptera frugiperda larva, and the primer is used for detecting the SNP marker of the corn mutant gene gl8. The invention further discloses a specific technical scheme for obtaining the gl8 mutant through a CRISPR-Cas9 gene editing technology. The invention further specifically discloses a series of experiments, which reveals that when the corn Zm00001d017111 gene is mutated into gl8, the change of corn lipid metabolism and the up-regulation of a series of insect-resistant defense reactions such as jasmonic acid induced by insect pests can be caused, so that the growth of spodoptera frugiperda larvae is inhibited. The invention has important economic value and wide application prospect in crop breeding, especially in corn germplasm resource improvement and the like.(ZH) 本发明属于病虫害防治技术领域，具体公开了玉米Zm00001d017111基因的突变体gl8在抗虫中的应用，还公开了玉米Zm00001d017111基因的突变基因gl8编码的蛋白，突变体gl8在提高玉米抗草地贪夜蛾幼虫方面的应用，用于鉴定与抗草地贪夜蛾幼虫相关的玉米Zm00001d017111基因或突变体gl8的SNP标记、用于检测玉米突变基因gl8的SNP标记的引物。本发明还公开了通过CRISPR‑Cas9基因编辑技术获得gl8突变体的具体技术方案。本发明进一步地具体公开了一系列实验，揭示了玉米Zm00001d017111基因突变为gl8会引起玉米脂质代谢的改变以及虫害诱导茉莉酸等一系列抗虫防御反应的上调，进而抑制草地贪夜蛾幼虫的生长。本发明在作物育种尤其在玉米种质资源改良等方面的应用，具有重要的经济价值和广阔的应用前景。",,China,29.12.2023,A,112126710,,,,
CN179612627,102016000705816,106086028,09.11.2016,"C12N 15/113
					






C12N 15/82
					






C12N 15/29
					






C07K 14/415
					






A01H 5/00
					






A01H 6/46
					








C12N 15/113
					






C12N 15/82
					






C12N 15/29
					






C07K 14/415
					






A01H 5/00
					






A01H 6/46
					






View less classifications","C07K 14/415
					






C12N 15/113
					






C12N 15/8245
					






C12N 2310/10
					






C12N 2800/80
					








C07K 14/415
					






C12N 15/113
					






C12N 15/8245
					






C12N 2310/10
					






C12N 2800/80
					






View less classifications","INSTITUTE OF CROP SCIENCE, CHINESE ACADEMY OF AGRICULTURAL SCIENCES中国农业科学院作物科学研究所",XIA LANQIN夏兰琴SUN YONGWEI孙永伟,北京纪凯知识产权代理有限公司 11245北京纪凯知识产权代理有限公司 11245,,,(EN) Method of increasing content of resistant starch in rice through genome editing and sgRNA special for same(ZH) 一种通过基因组编辑提高水稻抗性淀粉含量的方法及其专用sgRNA,"(EN) The invention discloses a method of increasing the content of resistant starch in rice through genome editing and sgRNA special for the same. The method provides a method of increasing the content of resistant starch and/or amylase in rice seeds. The method includes the following steps that expression of SBEIIb genes in the rice is inhibited; the SBEIIb genes are genes of encoding SBEIIb protein. The invention further provides a method of increasing the content of resistant starch in rice and includes the step of inhibiting the activity of the SBEIIb protein in the rice. By using the CRISPR/Cas9 technology, the rice SBEIIb genes are edited at fixed points, the rice SBEIIb genes are knocked off by causing frameshift mutation, and the new generation of new rice germplasm with the content of amylase and resistant starch obviously increased is obtained.(ZH) 本发明公开了一种通过基因组编辑提高水稻抗性淀粉含量的方法及其专用sgRNA。本发明提供了一种提高水稻种子中的抗性淀粉含量和/或直链淀粉含量的方法，包括如下步骤：抑制水稻中SBEIIb基因的表达；所述SBEIIb基因为编码SBEIIb蛋白的基因。本发明还保护一种提高水稻抗性淀粉含量的方法，包括如下步骤：抑制水稻中所述SBEIIb蛋白的活性。本研究利用CRISPR/Cas9技术，定点编辑水稻SBEIIb基因，通过造成移码突变，敲除了水稻SBEIIb基因，获得了直链淀粉及抗性淀粉含量明显提高的新一代水稻新种质。",,China,23.08.2016,B,110699369,,,,
CN314501580,202011224100,112126710,25.12.2020,"C12Q 1/6895
					






C12Q 1/686
					






C12Q 1/6816
					






C12N 15/11
					








C12Q 1/6895
					






C12Q 1/686
					






C12Q 1/6816
					






C12N 15/11
					






View less classifications","C12Q 1/6895
					






C12Q 1/686
					






C12Q 1/6816
					






C12Q 2600/13
					






C12Q 2600/156
					






Y02A 40/146
					








C12Q 1/6895
					






C12Q 1/686
					






C12Q 1/6816
					






C12Q 2600/13
					






C12Q 2600/156
					






Y02A 40/146
					






View less classifications",ZHEJIANG UNIVERSITY浙江大学,LOU YONGGEN娄永根KUAI PENG蒯鹏YE MIAOFEN叶苗芬CHEN SHUTING陈舒婷LIN NA林娜YE MENG叶萌HU LINGFEI胡凌飞,杭州求是专利事务所有限公司 33200,,,(EN) Rice-derived insect-resistant related gene OsLRR6 as well as encoding product and application thereof(ZH) 水稻源抗虫相关基因OsLRR6及其编码产物与应用,"(EN) The invention discloses a rice-derived insect-resistant related gene OsLRR6 as well as an encoding product and application thereof. The insect-resistant gene is a DNA sequence shown in SEQ ID No. 1. Acomplete coding frame of the gene is base sequences from 42nd to 794th in SEQ ID No. 1, and a small molecular weight protein for coding 250 amino acid residues is shown in SEQ ID No. 2. Research finds that DNA fragments from 200th to 219th in a full-length DNA sequence as shown in the SEQ ID No.1 of the gene are closely related to the insect resistance of rice, the DNA fragments are mutated by utilizing a CRISPR/Cas9 technology, and the resistance of the rice to rice planthoppers can be enhanced by reducing the expression level of the gene. The method can be widely applied to crop breeding, especially to insect-resistant breeding of rice.(ZH) 本发明公开了一种水稻源抗虫相关基因OsLRR6及其编码产物与应用，该抗虫基因为SEQ ID No.1的DNA序列。该基因完整编码框为SEQ ID No.1中的第42到第794的碱基序列，编码250个氨基酸残基的小分子量蛋白，见SEQ ID No.2。研究发现该基因全长DNA序列SEQ ID No.1中的第200到第219的DNA片段与水稻的抗虫性密切相关，利用CRISPR/Cas9技术突变该DNA片段、降低该基因的表达水平能增强水稻对稻飞虱的抗性。本发明将在作物育种，特别是在水稻抗虫育种中得到广泛应用。",,China,05.11.2020,B,111961684,,,,
CN282838520,201910994534,110699369,17.01.2020,"C12N 15/54
					






C12N 9/12
					






C12N 15/84
					






A01H 5/00
					






A01H 6/46
					








C12N 15/54
					






C12N 9/12
					






C12N 15/84
					






A01H 5/00
					






A01H 6/46
					






View less classifications","C12N 9/12
					






C12N 15/8205
					






C12N 15/8281
					








C12N 9/12
					






C12N 15/8205
					






C12N 15/8281
					






View less classifications","INSTITUTE OF CROP SCIENCE, CHINESE ACADEMY OF AGRICULTURAL SCIENCES中国农业科学院作物科学研究所",ZHOU YONGLI周永力LI QUANLIN李全林SHI XIAORONG史晓荣,北京路浩知识产权代理有限公司 11002,,,"(EN) Rice receptor kinase gene OsRLCK21, protein encoded by rice receptor kinase gene OsRLCK21and application(ZH) 水稻受体激酶基因OsRLCK21及其编码的蛋白和应用","(EN) The invention relates to a rice receptor kinase gene OsRLCK21, a protein encoded by the rice receptor kinase gene OsRLCK21 and application. A nucleotide sequence of the rice receptor kinase gene OsRLCK21 is shown as SEQ ID NO.2, and a protein sequence encoded by the gene is shown as SEQ ID NO.1. The OsRLCK21 gene in rice is knocked out through CRISPR/Cpf1 technology in a fixed-point mode to perform a function study of the gene, a result shows that the rice knocked out of the OsRLCK21 gene has significantly improved resistance to Xanthomonas oryzae IV and GD1358, IV lesion length is shortened by 26.4%-48.8%, C5 lesion length is shortened by 43%-52.3%, rice gene mutations can be caused by inserting or deleting a 503 position to a 508 position in a sequence shown SEQ ID NO.2, and a trait of increased resistance to Xanthomonas oryzae is shown.(ZH) 本发明涉及水稻受体激酶基因OsRLCK21及其编码的蛋白和应用。所述水稻受体激酶基因OsRLCK21核苷酸序列如SEQ ID NO.2所示，该基因编码的蛋白序列如SEQ ID NO.1所示。本发明通过CRISPR/Cpf1技术定点敲除水稻中的OsRLCK21基因进行该基因的功能研究，结果显示敲除了OsRLCK21基因的水稻对白叶枯病菌IV、GD1358的抗病性显著提升，IV病斑长度缩短26.4％～48.8％，C5病斑长度缩短43％～52.3％，并且在SEQ ID NO.2所示序列的第503位至第508位发生插入或缺失均会导致水稻基因突变，表现出白叶枯病抗性水平提高的性状。",,China,18.10.2019,B,,,,,
CN312390782,202010895137,111961684,20.11.2020,"C12N 15/82
					






C12N 15/29
					






C07K 14/415
					






A01H 5/00
					






A01H 5/10
					






A01H 6/46
					








C12N 15/82
					






C12N 15/29
					






C07K 14/415
					






A01H 5/00
					






A01H 5/10
					






A01H 6/46
					






View less classifications","C12N 15/8218
					






C12N 15/8282
					






C07K 14/415
					








C12N 15/8218
					






C12N 15/8282
					






C07K 14/415
					






View less classifications","INSTITUTE OF CROP SCIENCE, CHINESE ACADEMY OF AGRICULTURAL SCIENCES中国农业科学院作物科学研究所",XIA LANQIN夏兰琴TIAN JINFU田金福LI SHAOYA李少雅,北京纪凯知识产权代理有限公司 11245,,,(EN) Method for improving wheat disease resistance by inhibiting expression of TaVQ5 gene in wheat(ZH) 通过抑制小麦中TaVQ5基因的表达提高小麦抗病性的方法,"(EN) The invention discloses a method for improving wheat disease resistance by inhibiting the expression of a TaVQ5 gene in wheat. A CRISPR/Cas9 technology is adopted to edit the TaVQ5 gene at a fixed point, and by causing frameshift mutations, the wheat TaVQ5 gene is knocked out, and a new wheat germplasm with significantly improved resistance to powdery mildew and sheath blight is obtained. The method improves the ability of wheat to resist powdery mildew and sheath blight, innovates wheat disease-resistant germplasm resources, has important significance for new variety cultivation, environmental sanitation and food safety, and has great application and promotion value.(ZH) 本发明公开了一种通过抑制小麦中TaVQ5基因的表达提高小麦抗病性的方法。本发明采用CRISPR/Cas9技术，定点编辑TaVQ5基因，通过造成移码突变，敲除了小麦TaVQ5基因，获得了白粉病和纹枯病抗性明显提高的小麦新种质。本发明提高了小麦抗白粉病和纹枯病的能力，创新了小麦抗病种质资源，对新品种培育、环境卫生和粮食安全具有重要意义，具有重大的应用推广价值。",,China,31.08.2020,B,,,,,
CN374079414,202210687826,114989284,02.09.2022,"C07K 14/415
					






C12N 15/29
					






C12N 15/84
					






A01H 5/10
					






A01H 6/46
					








C07K 14/415
					






C12N 15/29
					






C12N 15/84
					






A01H 5/10
					






A01H 6/46
					






View less classifications","C07K 14/415
					






C12N 15/8218
					






C12N 15/825
					








C07K 14/415
					






C12N 15/8218
					






C12N 15/825
					






View less classifications","INSTITUTE OF CROP SCIENCE, CHINESE ACADEMY OF AGRICULTURAL SCIENCES中国农业科学院作物科学研究所",DIAO XIANMIN刁现民ZHANG YANYAN张艳艳JIA GUANQING贾冠清ZUO RONGJUN左荣俊ZHI HUI智慧WANG CHUNFANG王春芳,北京纪凯知识产权代理有限公司 11245,,,(EN) Application of SiPSI1 protein and related biological materials thereof in regulation and control of synthesis of millet carotenoid(ZH) SiPSY1蛋白质及其相关生物材料在调控谷子类胡萝卜素合成中的应用,"(EN) The invention discloses application of SiPSI1 protein and related biological materials thereof in regulation and control of synthesis of millet carotenoid. A CRISPR/Cas9 gene editing technology and a transgenic technology are utilized to verify and find that the loss of SiPSI1 gene functions can cause the reduction of the content of uranidin or carotenoid in millet grains and the whitening of the grains; the overexpression of the SiPSI1 gene can cause the increase of the content of yellow pigment or carotenoid in millet grains, the color of the grains is yellowed and darkened, and the transparency is increased. It is found for the first time that change of functions of the SiPSI1 gene can cause change of the content of uranidin or carotenoid in millet grains, then the SiPSI1 gene can be used for regulating the millet color, and the specific expression technology of the SiPSI1 is enhanced so as to improve the millet color. The method disclosed by the invention has very important application in millet breeding, variety improvement and new germplasm creation.(ZH) 本发明公开了SiPSY1蛋白质及其相关生物材料在调控谷子类胡萝卜素合成中的应用。本发明利用CRISPR/Cas9基因编辑技术和转基因技术在谷子中验证发现：SiPSY1基因功能的缺失会导致谷子籽粒中的黄色素或类胡萝卜素含量降低，籽粒颜色变白；SiPSY1基因超表达会导致谷子籽粒中的黄色素或类胡萝卜素含量提高，籽粒颜色变黄加深且透明度增加。本发明首次发现SiPSY1基因功能的改变会导致谷子籽粒中黄色素或类胡萝卜素含量的改变，进而可利用本发明的SiPSY1基因调控小米米色，加强SiPSY1的特异性表达技术以改善谷子米色。本发明将在谷子育种、品种改良和新种质创制上具有十分重要的应用。",,China,17.06.2022,A,,,,,
CN436074892,202410267432,118324883,12.07.2024,"C07K 14/415
					






C12N 15/82
					






C12N 15/29
					






A01H 5/10
					






A01H 6/46
					








C07K 14/415
					






C12N 15/82
					






C12N 15/29
					






A01H 5/10
					






A01H 6/46
					






View less classifications","C07K 14/415
					






C12N 15/8218
					






C12N 15/825
					






C12N 15/8261
					








C07K 14/415
					






C12N 15/8218
					






C12N 15/825
					






C12N 15/8261
					






View less classifications",CROP RESEARCH INSTITUTE OF THE SICHUAN ACADEMY OF AGRICULTURAL SCIENCES四川省农业科学院作物研究所,LIU SONG刘松GAO FANGYUAN高方远TANG SHAOQING唐绍清HU PEISONG胡培松REN GUANGJUN任光俊SHAO GAONENG邵高能BAO JINGSONG包劲松YAN MENG闫萌,北京众合诚成知识产权代理有限公司 11246,,,"(EN) Transcription factor Osmyb2 for regulating and controlling grain thickness, grain weight and pericarp color of rice seeds and application of transcription factor Osmyb2(ZH) 一种调控水稻种子粒厚粒重和果皮颜色的转录因子Osmyb2及其应用","(EN) The invention discloses a transcription factor Osmyb2 for regulating and controlling grain thickness, grain weight and pericarp color of rice seeds and application of the transcription factor Osmyb2. The amino acid sequence of the transcription factor Osmyb2 is as shown in SEQ ID NO.3, and the nucleotide sequence of a coding gene of the transcription factor Osmyb2 is as shown in SEQ ID NO.2. A rice constitutive expression transcription factor Osmyb2 is knocked out by utilizing a CRISPR/Cas9 gene editing technology, two different mutation types of homozygous mutants myb2-25 and myb2-29 are brown in mature seed peel, the grain thickness and thousand grain weight are remarkably reduced, the molecular regulation and control mechanism of rice grain thickness and grain weight and colored rice formation is favorably clarified, and the molecular regulation and control mechanism of the rice grain thickness and grain weight is improved. New important gene reserve, germplasm resources and theoretical basis are provided for rice yield and quality genetic improvement and nutritional and healthy rice development, and meanwhile, the biological function of a rice MYB structural domain transcription factor family is expanded.(ZH) 本发明公开了一种调控水稻种子粒厚粒重和果皮颜色的转录因子Osmyb2及其应用，该转录因子Osmyb2的氨基酸序列如SEQ ID NO.3所示，其编码基因的核苷酸序列如SEQ ID NO.2所示。本发明利用CRISPR/Cas9基因编辑技术敲除水稻组成性表达转录因子Osmyb2，两个不同突变类型纯合突变体myb2‑25和myb2‑29成熟种子果皮呈棕色，粒厚和千粒重均极显著降低，本发明有助于阐明水稻粒厚粒重、有色稻形成的分子调控机理，为水稻产量及品质遗传改良、营养健康稻米开发提供新的重要基因储备、种质资源和理论基础，同时拓展水稻MYB结构域转录因子家族生物学功能。",,China,08.03.2024,A,,,,,
CN428112185,202311740984,117887752,16.04.2024,"C12N 15/82
					






C07K 14/415
					






C12N 15/29
					






A01H 5/00
					






A01H 6/54
					








C12N 15/82
					






C07K 14/415
					






C12N 15/29
					






A01H 5/00
					






A01H 6/54
					






View less classifications","C12N 15/8261
					






C12N 15/827
					






C12N 15/8218
					






C07K 14/415
					






Y02A 40/146
					








C12N 15/8261
					






C12N 15/827
					






C12N 15/8218
					






C07K 14/415
					






Y02A 40/146
					






View less classifications",GUANGZHOU UNIVERSITY广州大学,KONG FANJIANG孔凡江WANG FAN王璠LIN XIAOYA林晓雅LIU BAOHUI刘宝辉FANG SIJIA方思佳,广州粤高专利商标代理有限公司 44102,,,(EN) Application of ZTL2 gene in construction of high-yield soybean and method for constructing high-yield soybean by using CRISPR/Cas9(ZH) ZTL2基因在构建高产大豆中的应用及利用CRISPR/Cas9构建高产大豆的方法,"(EN) The invention belongs to the field of plant genetic engineering, and particularly relates to application of a ZTL2 gene in construction of high-yield soybeans and a method for constructing the high-yield soybeans by utilizing CRISPR/Cas9. According to the research of the invention, the soybean plant with the ZTL2 inhibition gene knocked out shows obvious phenotypes of delayed flowering period and mature period, and the yield is obviously improved. A homozygous ztl2 mutant soybean plant can be obtained through the CRISPR/Cas9 knockout technology, compared with a control soybean plant, the homozygous ztl2 mutant plant shows an obvious phenotype of delayed flowering period and mature period, the soybean yield and the regional adaptability of varieties are remarkably improved, the homozygous ztl2 mutant plant can be applied to creation of high-yield and high-adaptability soybean germplasm resources, and the application prospect is wide. And the method has very high application value.(ZH) 本发明属于植物基因工程领域，具体涉及ZTL2基因在构建高产大豆中的应用及一种利用CRISPR/Cas9构建高产大豆的方法。根据本发明研究，敲除抑制ZTL2基因的大豆植株表现出明显的开花期和成熟期延迟的表型，产量得到显著提升。本发明构建的CRISPR/Cas9敲除技术可获得纯合ztl2突变体大豆植株，与对照大豆植株相比，纯合ztl2突变体植株表现出明显的开花期和成熟期延迟的表型，显著提高了大豆产量和品种的区域适应性，可应用于创制高产、适应性强的大豆种质资源，具有很高的应用价值。",,China,15.12.2023,A,,,,,
CN251465576,201910468784,110184294,30.08.2019,"C12N 15/82
					






C12N 15/66
					






A01H 5/00
					






A01H 6/34
					






A01H 1/02
					








C12N 15/82
					






C12N 15/66
					






A01H 5/00
					






A01H 6/34
					






A01H 1/02
					






View less classifications","A01H 1/02
					






C12N 15/66
					






C12N 15/8213
					






C12N 15/8287
					








A01H 1/02
					






C12N 15/66
					






C12N 15/8213
					






C12N 15/8287
					






View less classifications","BEIJING ACADEMY OF AGRICULTURE AND FORESTRY SCIENCES北京市农林科学院JINGYAN YINONG (BEIJING) SEED SCI-TECH CO., LTD.京研益农（北京）种业科技有限公司",XU YONG许勇ZHANG JIE张洁TIAN SHOUWEI田守蔚ZHANG HAIYING张海英GONG GUOYI宫国义GUO SHAOGUI郭绍贵REN YI任毅LI MAOYING李茂营,北京五洲洋和知识产权代理事务所(普通合伙) 11387北京五洲洋和知识产权代理事务所(普通合伙) 11387,201910187316.9 13.03.2019 CN,,"(EN) Method for obtaining watermelon female strains, and application thereof(ZH) 一种西瓜雌性株的获得方法及应用","(EN) The present invention belongs to the field of molecular breeding and provides a method for obtaining watermelon female strains. The method comprises the following steps: target spots on a Gy gene areselected, then primers are designed according to the selected target spots and vectors, a CRISPR/Cas9 vector is constructed, and the constructed CRISPR/Cas9 vector is used to transform watermelon tissues to obtain operations of obtaining the watermelon female strains. The present invention also provides an application of watermelon female materials obtained by the method for obtaining the watermelon female strains in watermelon trans-breeding. The provided method for obtaining the watermelon female strains can obtain the watermelon female strains efficiently and quickly, saves time and labor,can greatly improve breeding efficiency of excellent watermelon varieties and reduces breeding costs.(ZH) 本发明属于分子育种领域领域，提供了一种西瓜雌性株的获得方法，所述方法包括在Gy基因上选择靶点，然后根据选择的靶点和载体设计引物，构建CRISPR/Cas9载体，并利用构建的CRISPR/Cas9载体转化西瓜组织，从而获得西瓜雌性株的操作。本发明还提供了一种利用西瓜雌性株的获得方法获得的西瓜雌性材料在西瓜转育方面的应用。本发明提供的西瓜雌性株的获得方法可以高效快速地获得西瓜雌性株，整个方法省时省工，可以大大提高西瓜优良品种的育种效率，降低育种成本。",,China,31.05.2019,A,,,,,
KR243443517,1020180144185,1020190058358,29.05.2019,"C12N 15/79
					






C12N 15/10
					






C12N 15/113
					






C12N 15/90
					






C12N 9/22
					








C12N 15/79
					






C12N 15/10
					






C12N 15/113
					






C12N 15/90
					






C12N 9/22
					






View less classifications","C12N 15/79
					






C12N 15/102
					






C12N 15/113
					






C12N 15/907
					






C12N 9/22
					






C12N 2310/10
					








C12N 15/79
					






C12N 15/102
					






C12N 15/113
					






C12N 15/907
					






C12N 9/22
					






C12N 2310/10
					






View less classifications",한국생명공학연구원KOREA RESEARCH INSTITUTE OF BIOSCIENCE AND BIOTECHNOLOGY,KIM YONG SAMKO JEONG HEONLEE JEONG MI김용삼MOON SU BIN고정헌이정미문수빈,특허법인 피씨알,1020170155927 21.11.2017 KR,,(EN) COMPOSITION FOR EDITING GENOME USING CRISPR/Cpf1 SYSTEM AND USES THEREOF(KO) CRISPR/Cpf1 시스템을 이용한 유전체 편집용 조성물 및 이의 용도,"(EN) The present invention relates to a composition for editing genome using a CRISPR/Cpf1 system, and uses thereof and, more specifically, to: a composition for editing genome which includes CRISPR RNA (crRNA) that includes a target nucleotide sequence, a hybridizable guide sequence, and a uridine (U) repeat sequence linked to the 3	prime;-end of the guide sequence or DNA encoding the same, and a Cpf1 protein or DNA encoding the same; a genome editing method using the composition; a transformant making method; and a transformant made thereby. The present invention is able to increase indel effectiveness and reduce off-target activation when performing the genetic edition of eukaryotic cells by using the CRISPR/Cpf1 system, and is able to easily produce transformant cells, transformant animals, or transformant plants in which desired genes are knocked in or knocked out. COPYRIGHT KIPO 2019(KO) 본 발명은 CRISPR/Cpf1 시스템을 이용한 유전체 편집용 조성물 및 이의 용도에 관한 것으로서, 보다 상세하게 본 발명은 표적 뉴클레오티드(target nucleotide) 서열과 혼성화 가능한 가이드 서열(guide sequence) 및 상기 가이드 서열의 3'-말단에 연결된 유리딘(U, uridine) 반복 서열을 포함하는 crRNA(CRISPR RNA) 또는 이를 암호화하는 DNA; 및 Cpf1 단백질 또는 이를 암호화하는 DNA을 포함하는 유전체 편집용 조성물, 이를 이용한 유전체 편집 방법, 형질 전환체 제조 방법 및 형질 전환체에 관한 것이다. 본 발명은 CRISPR/Cpf1 시스템을 이용하여 진핵 세포의 유전제 교정을 수행함에 있어서 인델 효율을 높이고 오프-타겟 활성을 줄일 수 있고, 원하는 유전자가 삽입(knock-in) 또는 결실(knock-out)된 형질 전환 세포, 형질 전환 동물 또는 형질 전환 식물을 용이하게 제조할 수 있다.",,Republic of Korea,21.11.2018,A,102168489,22.10.2020,,,
KR375101491,1020220027564,1020220124652,14.09.2022,"C12N 15/63
					






C12N 15/10
					






C12N 15/113
					






C12N 9/22
					








C12N 15/63
					






C12N 15/10
					






C12N 15/113
					






C12N 9/22
					






View less classifications","C12N 15/63
					






C12N 15/102
					






C12N 15/113
					






C12N 9/22
					






C12N 2310/20
					








C12N 15/63
					






C12N 15/102
					






C12N 15/113
					






C12N 9/22
					






C12N 2310/20
					






View less classifications",중앙대학교 산학협력단CHUNG ANG UNIVERSITY INDUSTRY ACADEMIC COOPERATION FOUNDATION,LEE SANG JUNLEE HO JOUNGKIM HYUN JU이상준이호중김현주,김순웅,1020210028176 03.03.2021 KR,,(EN) METHOD FOR SINGLE-BASE GENOME EDITING USING CRISPR/Cas9 SYSTEM AND USES THEREOF(KO) CRISPR/Cas9 시스템을 이용한 유전체 단일염기 편집 방법 및 이의 용도,"(EN) The present invention relates to a genome editing method based on the CRISPR/Cas9 system and uses thereof. The CRISPR system using oligonucleotide-induced mutations and 5'-truncated sgRNA according to the present invention has a significant genome editing effect on the target DNA, so that the CRISPR system of the present invention can be used in a wide range of fields, such as compositions for gene editing using genetic scissors, screening at the genome level, therapeutic agents of various diseases including cancer, development of compositions for disease diagnosis or imaging, and development of transgenic animals and plants. COPYRIGHT KIPO 2023(KO) 본 발명은 CRISPR/Cas9 시스템을 기반으로 한 유전체 편집 방법 및 이의 용도에 관한 것으로, 본 발명에 따른 올리고뉴클레오타이드-유도 돌연변이 및 5’-절단(truncated) sgRNA를 이용한 CRISPR 시스템은 표적 DNA에 유의적인 유전체 편집 효과를 달성하는 바, 본 발명의 CRISPR 시스템은 유전자 가위를 이용한 유전자 교정용 조성물, 유전체 수준의 스크리닝, 암을 비롯한 다양한 질병의 치료제, 질병 진단 또는 이미징용 조성물 개발, 형질전환동식물 개발 등의 폭넓은 분야에 이용될 수 있을 것으로 기대된다.",,Republic of Korea,03.03.2022,B1,,,,,
KR377463280,1020220049739,1020220145784,31.10.2022,"C12N 15/10
					






C12N 15/63
					






C12N 9/22
					








C12N 15/10
					






C12N 15/63
					






C12N 9/22
					






View less classifications","C12N 15/102
					






C12N 15/63
					






C12N 9/22
					






C12N 2310/20
					








C12N 15/102
					






C12N 15/63
					






C12N 9/22
					






C12N 2310/20
					






View less classifications",중앙대학교 산학협력단CHUNG ANG UNIVERSITY INDUSTRY ACADEMIC COOPERATION FOUNDATION,LEE SANG JUNKIM HYUN JULEE HO JOUNG이상준김현주이호중,김순웅,1020210052619 22.04.2021 KR,,(EN) METHOD FOR SINGLE-BASE GENOME EDITING USING CRISPR/CPF1 SYSTEM AND USE THEREOF(KO) CRISPR/Cpf1 시스템을 이용한 유전체 단일염기 편집 방법 및 이의 용도,"(EN) The present invention relates to a method for genome editing based on a CRISPR/Cpf1 system and a use thereof. The CRISPR system using an oligonucleotide-induced mutation and a 3'-truncated crRNA system according to the present invention gives an effect of a significant genome editing effect to a target DNA. The CRISPR system of the present invention is expected to be useful in wide fields such as a composition for correcting a gene by using gene scissors, genom-based screening, a therapeutic agent of various diseases including cancer, development of a composition for diagnosing or imaging a disease, development of transgenic animals and plants. COPYRIGHT KIPO 2023(KO) 본 발명은 CRISPR/Cpf1 시스템을 기반으로 한 유전체 편집 방법 및 이의 용도에 관한 것으로, 본 발명에 따른 올리고뉴클레오타이드-유도 돌연변이 및 3'-절단(truncated) crRNA를 이용한 CRISPR 시스템은 표적 DNA에 유의적인 유전체 편집 효과를 달성하는 바, 본 발명의 CRISPR 시스템은 유전자 가위를 이용한 유전자 교정용 조성물, 유전체 수준의 스크리닝, 암을 비롯한 다양한 질병의 치료제, 질병 진단 또는 이미징용 조성물 개발, 형질전환동식물 개발 등의 폭넓은 분야에 이용될 수 있을 것으로 기대된다.",,Republic of Korea,21.04.2022,A,,,,,
CN337668581,202110768472,113402594,17.09.2021,"C07K 14/415
					






C12N 15/29
					






C12N 15/113
					






C12N 15/82
					






C12N 5/10
					






A01H 5/12
					






View more classifications
							






C07K 14/415
					






C12N 15/29
					






C12N 15/113
					






C12N 15/82
					






C12N 5/10
					






A01H 5/12
					






A01H 6/46
					






View less classifications","C07K 14/415
					






C12N 15/113
					






C12N 15/8218
					






C12N 15/8261
					






C12N 2310/20
					








C07K 14/415
					






C12N 15/113
					






C12N 15/8218
					






C12N 15/8261
					






C12N 2310/20
					






View less classifications",CHINA AGRICULTURAL UNIVERSITY中国农业大学,HE YAN贺岩WANG QI王琪XIA AI'AI夏嫒嫒CUI ZHENHAI崔震海WANG ZI王淄,北京纪凯知识产权代理有限公司 11245,,,(EN) Protein for regulating and controlling corn bracts and related biological material and application thereof(ZH) 一种调控玉米苞叶的蛋白质及其相关生物材料与应用,"(EN) The invention discloses a protein for regulating and controlling corn bracts and a related biological material and application thereof. The protein for regulating and controlling the corn bracts, which is disclosed by the invention, is a PCD2C protein of which the amino acid sequence is a sequence 3. According to the invention, a deletion mutant (crispr-pcd2c) of a corn PCD2C gene is obtained by adopting a CRISPR-Cas9 gene knockout method, and 244 nucleotides are deleted from the PCD2C gene in the mutant to cause the protein coding missense mutation. Phenotypic statistics of the bract width is carried out on the crispr-pcd2c mutant and a wild type, and the following case is found that compared with the wild type, the crispr-pcd2c mutant has the advantages that the corn bract width is reduced by 16.58%, and phenotypes of plants in other aspects do not have any significant change. Therefore, the PCD2C and the coding gene thereof can be used for regulating and controlling the growth of the corn bracts.(ZH) 本发明公开了一种调控玉米苞叶的蛋白质及其相关生物材料与应用。本发明公开的调控玉米苞叶的蛋白质为氨基酸序列是序列3的PCD2C蛋白质。本发明采用CRISPR‑Cas9基因敲除方法，获得了一个玉米PCD2C基因的缺失突变体(crispr‑pcd2c)，该突变体中PCD2C基因缺失244个核苷酸，引起了蛋白编码错义突变。对crispr‑pcd2c突变体及野生型进行苞叶宽度的表型统计，发现与野生型相比，crispr‑pcd2c突变体降低了16.58％的玉米苞叶宽度，而植株其他方面表型没有任何显著变化。说明，PCD2C及其编码基因可以用于调控玉米苞叶的生长。",,China,07.07.2021,A,,,,,
CN394511457,202211053478,115820695,21.03.2023,"C12N 15/61
					






C12N 9/92
					






C12N 15/82
					






A01H 5/10
					






A01H 6/46
					








C12N 15/61
					






C12N 9/92
					






C12N 15/82
					






A01H 5/10
					






A01H 6/46
					






View less classifications",,"SICHUAN AGRICULTURAL UNIVERSITY四川农业大学CHENGDU CHUANNONGNIU TECHNOLOGY CO., LTD.成都川农牛科技有限公司",TU BIN涂斌LI JIALIAN李佳莲LUO XIA罗霞LI SHIGUI李仕贵QIN PENG钦鹏YUAN HUA袁华YUAN BIN袁斌LI TING李婷CHEN WEILAN陈薇兰WANG YUPING王玉平MA BINGTIAN马炳田TANG SHIWEN唐诗闻KANG LIANGZHU康亮珠LI XINZI李辛梓,北京正华智诚专利代理事务所(普通合伙) 11870,,,(EN) Gene PGI1 and PGI2 for regulating and controlling chalkiness of rice as well as encoding protein and application of gene PGI1 and PGI2(ZH) 一种调控稻米垩白的基因PGI1、PGI2及其编码蛋白和应用,"(EN) The invention discloses genes PGI1 and PGI2 for regulating and controlling chalkiness of rice as well as encoding protein and application of the genes PGI1 and PGI2. The gene is PGI1 or PGI2, and the nucleotide sequences of the gene are respectively shown as SEQ ID NO.1 and SEQ ID NO.2. The amino acid sequences of proteins coded by the gene are shown as SEQ ID NO.3 and SEQ ID NO.4. Two genes for controlling rice chalkiness are cloned, after PGI1 and PGI2 in a wild type are knocked out through a crispr/cas9 gene editing technology, the knockout strain shows that the rice chalkiness grain rate is increased, and it is indicated that the two genes have the rice chalkiness regulating and controlling function and can be used for breeding high-yield and high-quality varieties of cereal crops such as rice, and the rice chalkiness regulating and controlling function is achieved. And reference is provided for cloning and research of homologous genes in other species.(ZH) 本发明公开了一种调控稻米垩白的基因PGI1、PGI2及其编码蛋白和应用。该基因为PGI1或PGI2，其核苷酸序列分别如SEQ ID NO.1和2所示。该基因编码的蛋白的氨基酸序列如SEQ ID NO.3和4所示。本发明克隆了两个控制水稻垩白的基因，通过crispr/cas9基因编辑技术分别对野生型中的PGI1和PGI2进行敲除后，敲除株系表现出稻米垩白粒率升高，说明这两个基因具有调控水稻垩白的功能，能够用于水稻等禾谷类作物的高产优质品种培育，并且也为其他物种中同源基因的克隆和研究提供了参考。",,China,31.08.2022,A,115820695,26.03.2024,,,
EP373276376,20880833,4051788,07.09.2022,"C12N 9/22
					






C12N 15/11
					






C12N 15/113
					






C12N 15/55
					






C12N 15/63
					






C12N 15/82
					






View more classifications
							






C12N 9/22
					






C12N 15/11
					






C12N 15/113
					






C12N 15/55
					






C12N 15/63
					






C12N 15/82
					






C12N 15/90
					






View less classifications","C12N 9/22
					






C12Y 305/04002
					






C12N 2310/20
					






C07K 2319/70
					






C07K 2319/85
					






C07K 2319/80
					






View more classifications
							






C12N 9/22
					






C12Y 305/04002
					






C12N 2310/20
					






C07K 2319/70
					






C07K 2319/85
					






C07K 2319/80
					






C07K 2319/40
					






C12N 15/8213
					






C12N 15/102
					






C12N 9/78
					






C12N 15/113
					






View less classifications",PAIRWISE PLANTS SERVICES INC,KIM YONGJOO,,201962927914 30.10.2019 US,,(DE) TYP-V-CRISPR-CAS-BASIS-EDITOREN UND VERWENDUNGSVERFAHREN DAFÜR(EN) TYPE V CRISPR-CAS BASE EDITORS AND METHODS OF USE THEREOF(FR) ÉDITEURS À BASE DE CRISPR-CAS DE TYPE V ET MÉTHODES D'UTILISATION DE CEUX-CI,"(EN) This invention relates to Type V CRISPR-Cas effector proteins, deaminases, and fusion and recruiting nucleic acid constructs thereof. The invention further relates methods of targeted nucleic acid modification utilizing the same. One aspect of the invention provides a method of modifying a target nucleic acid, the method comprising contacting the target nucleic acid with: (a) a Type V CRISPR-Cas effector protein; (b) a deaminase, optionally wherein the target nucleic acid is contacted with two or more deaminase; and(c) a guide nucleic acid, wherein the deaminase is recruited to the Type V CRISPR-Cas effector protein (e.g., recruited via a protein to protein interaction, RNA to protein interaction, and/or chemical interaction), thereby modifying the target nucleic acid, optionally wherein the Type V CRISPR-Cas effector protein, the deaminase and guide nucleic acid are co-expressed.(FR) L'invention concerne des protéines effectrices CRISPR-Cas de type V, des désaminases et des constructions d'acides nucléiques de fusion et de recrutement de celles-ci. L'invention concerne en outre des procédés de modification ciblée d'acide nucléique l'utilisant. Un aspect de l'invention concerne un procédé de modification d'un acide nucléique cible, le procédé comprenant la mise en contact de l'acide nucléique cible avec : (A) une protéine effectrice CRISPR-Cas de type V; (b) une désaminase, l'acide nucléique cible étant mis éventuellement en contact avec deux désaminase ou plus; et (c) un acide nucléique de guidage, la désaminase étant recrutée à la protéine effectrice CRISPR-Cas de type V (par exemple, recrutée par l'intermédiaire d'une interaction protéine-protéine, d'une interaction ARN-protéine et/ou d'une interaction chimique), modifiant ainsi l'acide nucléique cible, la protéine effectrice CRISPR-Cas de type V, la désaminase et l'acide nucléique de guidage étant éventuellement co-exprimées.",,European Patent Office,30.10.2020,B,,,"View all
							



AL, AT, BA, BE, BG, CH, CY, CZ, DE, DK, EE, ES, FI, FR, GB, GR, HR, HU, IE, IS, IT, LI, LT, LU, LV, MC, ME, MK, MT, NL, NO, PL, PT, RO, RS, SE, SI, SK, SM, TR
				

Hide all",,
CN295349933,201911380897,111139262,12.05.2020,"C12N 15/83
					






A01H 5/10
					








C12N 15/83
					






A01H 5/10
					






View less classifications","C07K 14/415
					






C12N 15/8218
					








C07K 14/415
					






C12N 15/8218
					






View less classifications",HORTICULTURE INSTITUTE OF XINJIANG ACADEMY OF AGRICULTURAL SCIENCE新疆农业科学院园艺作物研究所,TANG YAPING唐亚萍YANG TAO杨涛WANG BAIKE王柏柯YANG SHENGBAO杨生保LI NING李宁WANG JUAN王娟ZHANG GUORU张国儒PATIGULI AISIMUTUOLA帕提古丽·艾斯木托拉YU QINGHUI余庆辉,广州嘉权专利商标事务所有限公司 44205,,,(EN) CRISPR-mediated system for rapidly detecting function of plant gene(ZH) 一种CRISPR介导的快速检测植物基因功能的系统,"(EN) The invention discloses a CRISPR-mediated system for rapidly detecting the function of a plant gene. The system is characterized in that a recombinant virus vector containing a target gene gRNA sequence is transferred into a Cas protein transgenic plant. The invention overcomes the technical defect that at least two to three generations of plant growth cycle are needed to obtain a homozygous mutant by adopting a CRISPR/Cas system in the prior plant research field, and provides a system capable of rapidly researching the function of a plant gene. A recombinant virus vector containing a gRNA sequence is transferred into a transgenic plant into which a Cas gene is transferred, so that the function of a target gene can be detected at the current generation. In addition, the recombinant virus vector containing the gRNA sequence is transferred, an sgRNA is formed in an infected plant, the Cas9 is guided to cut the target gene, and the seed subjected to gene mutation can be obtained, so thatexperiment time consumption and probability of miss failure are greatly shortened.(ZH) 本发明公开了一种CRISPR介导的快速检测植物基因功能的系统，其特征在于，在Cas蛋白转基因植株中转入含有目的基因gRNA序列的重组病毒载体。本发明克服了现有植物研究领域中采用CRISPR/Cas系统要得到纯合突变体至少需要通过两到三代的植物生长周期的技术缺陷，提供了一种可以快速研究植物基因功能的系统，通过在已经转入Cas基因的转基因植株中转入含有gRNA序列的重组病毒载体，可以于当代检测目的基因的功能；并且由于转入了含有gRNA序列的重组病毒载体，在受感染植株体内形成sgRNA，引导Cas9对目标基因进行切割，有机会获得基因突变的种子，大大缩短了实验耗时和脱靶失败的概率。",,China,27.12.2019,A4,,,,,
CN193003211,201610197563,106434737,22.02.2017,"C12N 15/82
					








C12N 15/82
					






View less classifications","C12N 15/8216
					






C12N 2800/80
					






C12N 2810/10
					








C12N 15/8216
					






C12N 2800/80
					






C12N 2810/10
					






View less classifications","INNER MONGOLIA ZHONGKE ZHENGBIAO BIOTECHNOLOGY CO., LTD.",ZHANG YESHENGZHANG RUHAO ZHIQIANGLI ZHEN,,2015101560575 03.04.2015 CN,,(EN) CRISPR/Cas9 technology-based monocotyledon gene knockout vector and application thereof(ZH) 基于CRISPR/Cas9技术的单子叶植物基因敲除载体及其应用,"(EN) The invention discloses a CRISPR/Cas9 technology-based plant gene knockout vector and an application thereof. The plant gene knockout vector is monocotyledon CRISPR/Cas9 knockout vector pCAMBIA1300DM-OsU3(BspQ I)-Cas9, and contains a BspQ I insertion site. The CRISPR/Cas9 plant knockout binary vector pCAMBIA1300DM-OsU3(BspQ I)-Cas9 commonly constructed by an sgRNA-OsU3 sequence composed of the BspQ I insertion site and a 2x35s-hSpCas9-ter sequence can realize high-efficiency rapid construction of the monocotyledon gene knockout vector through a one-step restriction and ligation method; and the CRISPR/Cas9 knockout vector pCAMBIA1300DM-OsU3(BspQ I)-Cas9 has the characteristics of high targeting efficiency and low off-target efficiency, and can be applied to plant target gene knockout or applied to plant gene editing in a kit form.(ZH) 本发明公开了一种基于CRISPR/Cas9技术的植物基因敲除载体及其应用，该植物基因敲除载体为单子叶植物CRISPR/Cas9敲除载体pCAMBIA1300DM‑OsU3(BspQ I)‑Cas9，其中含有BspQ I的插入位点。本发明的有益效果在于：由BspQ I插入位点组成的sgRNA‑OsU3结构序列与2x35s‑hSpCas9‑ter序列共同构建的CRISPR/Cas9植物敲除的双元载体pCAMBIA1300DM‑OsU3(BspQ I)‑Cas9，能够通过一步酶切连接的方法来实现高效、快速构建单子叶植物基因敲除载体的目的；本发明提供的CRISPR/Cas9敲除载体pCAMBIA1300DM‑OsU3(BspQ I)‑Cas9，具有打靶效率高、脱靶效率低的特点，能够应用于植物靶基因的敲除或者以试剂盒的形式应用于植物基因编辑。",,China,31.03.2016,A,,,,,
CN238462212,201811452765,109354615,19.02.2019,"C07K 14/415
					






C12N 15/29
					






C12N 15/82
					






C12N 15/113
					






A01H 5/00
					






A01H 6/46
					








C07K 14/415
					






C12N 15/29
					






C12N 15/82
					






C12N 15/113
					






A01H 5/00
					






A01H 6/46
					






View less classifications","C07K 14/415
					






C12N 15/8218
					






C12N 15/8289
					






C12N 2310/10
					






C12N 2310/20
					








C07K 14/415
					






C12N 15/8218
					






C12N 15/8289
					






C12N 2310/10
					






C12N 2310/20
					






View less classifications","INSTITUTE OF GENETICS AND DEVELOPMENTAL BIOLOGY, CHINESE ACADEMY OF SCIENCES中国科学院遗传与发育生物学研究所",CHENG ZHUKUAN程祝宽ZHAO TINGTING赵婷婷LI YAFEI李亚非TANG DING唐丁SHEN YI沈懿DU GUIJIE杜桂杰,北京纪凯知识产权代理有限公司 11245北京纪凯知识产权代理有限公司 11245,,,(EN) Application of LEPTO1 and encoded protein thereof in rice fertility control(ZH) LEPTO1及其编码蛋白在水稻育性控制中的应用,"(EN) The invention discloses an application of LEPTO1 protein and the encoded gene thereof in regulating and controlling male fertility of plants. The present invention provides the use of a substance which inhibits the activity and/or level of LEPTO1 protein in the cultivation of male sterile plants, or a substance for inhibiting or reducing the expression of the LEPTO1 protein coding gene in the cultivation of male sterile plants. The inventors of the present invention apply a genetic editing technology to knock out the CRISPR-Cas9 gene in wild-type rice, which causes the development of pollen mother cells to stagnate in the pre-filament line stage and lead to chromosome degradation and final pollen abortion. The site-specific mutation LEPTO1 protein coding gene can be used for rice fertilitycontrol and hybrid seed production in combination with a tissue-specific gene knock-out technology, so that the method has important significance in rice breeding and can provide important biologicalresources for increasing rice yield and improving rice quality.(ZH) 本发明公开了LEPTO1蛋白及其编码基因在调控植物雄性育性中的应用。本发明提供了抑制LEPTO1蛋白活性和/或水平的物质在培育雄性不育植物中的应用；或抑制或降低LEPTO1蛋白编码基因表达的物质在培育雄性不育植物中的应用。本发明的发明人，通过CRISPR‑Cas9基因编辑技术在野生型水稻中敲除该基因可以造成花粉母细胞的发育停滞在前细线期，并导致染色体降解及最终的花粉败育。结合采用组织特异性基因敲除技术定点突变LEPTO1蛋白编码基因可以用于水稻育性控制和杂交种子生产，因此本发明在水稻育种上具有重要意义，可以为增加水稻产量、提高水稻品质提供重要生物资源。",,China,30.11.2018,A,109354615,03.11.2020,,,
US176141970,15025690,20160237451,18.08.2016,"C12N 15/82
					






C12N 15/11
					






C12N 9/22
					








C12N 15/82
					






C12N 15/11
					






C12N 9/22
					






View less classifications","C12N 15/8283
					








C12N 15/8283
					






View less classifications",REGENTS OF THE UNIVERSITY OF MINNESOTA,Daniel F. VoytasNicholas J. BaltesAaron W. Hummel,,,,(EN) CONFERRING RESISTANCE TO GEMINIVIRUSES IN PLANTS USING CRISPR/CAS SYSTEMS,"(EN) 
Materials and methods for conferring geminivirus resistance to plants, and particularly to materials and methods for using CRISPR/Cas systems to confer resistance to geminiviruses to plants.",,United States of America,30.09.2014,B,,,,,
KR414658869,1020230059159,1020230156665,14.11.2023,"C12N 15/10
					






C12N 15/113
					






C12N 15/63
					






C12N 9/22
					








C12N 15/10
					






C12N 15/113
					






C12N 15/63
					






C12N 9/22
					






View less classifications","C12N 15/102
					






C12N 15/113
					






C12N 15/63
					






C12N 9/22
					






C12N 2310/20
					








C12N 15/102
					






C12N 15/113
					






C12N 15/63
					






C12N 9/22
					






C12N 2310/20
					






View less classifications",중앙대학교 산학협력단CHUNG ANG UNIVERSITY INDUSTRY ACADEMIC COOPERATION FOUNDATION,LEE SANG JUNKIM HYUN JULIM SE RA이상준LEE HO JOUNG김현주임세라이호중,특허법인정진,1020220056271 06.05.2022 KR,,(EN) SOPHISTICATED MULTIPLEX GENOME EDITING METHOD USING CRISPR-CAS9 AND USES THEREOF(KO) CRISPR-Cas9을 이용한 정교한 다중 유전체 편집 방법 및 이의 용도,"(EN) The present invention relates to a single nucleotide-level multiplex genome editing method based on the CRISPR-Cas9 system and uses thereof. The CRISPR system using oligonucleotide-induced mutation and 5'-terminal truncated sgRNA, according to the present invention, achieves a significant genome editing effect on target DNA of up to three different genes in the same genome. Thus, the CRISPR system of the present invention is expected to be used in a wide range of fields such as a composition for gene correction using gene scissors, screening at the genome level, development of a composition for the treatment of various diseases including cancer, disease diagnosis or imaging, development of transgenic plants, and the like. COPYRIGHT KIPO 2024(KO) 본 발명은 CRISPR-Cas9 시스템을 기반으로 한 단일 뉴클레오타이드 수준의 다중 유전체 편집 방법과 그 용도에 관한 것으로, 본 발명에 따른 올리고뉴클레오타이드-유도 돌연변이 및 5′-말단 절단(truncated) sgRNA를 이용한 CRISPR 시스템은 동일한 유전체에서 서로 다른 최대 3개 유전자의 표적 DNA에 유의적인 유전체 편집 효과를 달성하는 바, 본 발명의 CRISPR 시스템은 유전자 가위를 이용한 유전자 교정용 조성물, 유전체 수준의 스크리닝, 암을 비롯한 다양한 질병의 치료제, 질병 진단 또는 이미징용 조성물 개발, 형질전환동식물 개발 등의 폭넓은 분야에 이용될 수 있을 것으로 기대된다.",,Republic of Korea,08.05.2023,A1,,,,,
CA361444529,3158897,3158897,06.05.2021,"C12N 9/22
					






C12N 15/11
					






C12N 15/113
					






C12N 15/55
					






C12N 15/63
					






C12N 15/90
					








C12N 9/22
					






C12N 15/11
					






C12N 15/113
					






C12N 15/55
					






C12N 15/63
					






C12N 15/90
					






View less classifications","C12N 9/22
					






C12Y 305/04002
					






C12N 2310/20
					






C07K 2319/70
					






C07K 2319/85
					






C07K 2319/80
					






View more classifications
							






C12N 9/22
					






C12Y 305/04002
					






C12N 2310/20
					






C07K 2319/70
					






C07K 2319/85
					






C07K 2319/80
					






C07K 2319/40
					






C12N 15/8213
					






C12N 15/102
					






C12N 9/78
					






C12N 15/113
					






View less classifications","PAIRWISE PLANTS SERVICES, INC.","KIM, YONGJOO",,"62/927,914 30.10.2019 US",,(EN) TYPE V CRISPR-CAS BASE EDITORS AND METHODS OF USE THEREOF(FR) EDITEURS A BASE DE CRISPR-CAS DE TYPE V ET METHODES D'UTILISATION DE CEUX-CI,"(EN) This invention relates to Type V CRISPR-Cas effector proteins, deaminases, and fusion and recruiting nucleic acid constructs thereof. The invention further relates methods of targeted nucleic acid modification utilizing the same. One aspect of the invention provides a method of modifying a target nucleic acid, the method comprising contacting the target nucleic acid with: (a) a Type V CRISPR-Cas effector protein; (b) a deaminase, optionally wherein the target nucleic acid is contacted with two or more deaminase; and(c) a guide nucleic acid, wherein the deaminase is recruited to the Type V CRISPR-Cas effector protein (e.g., recruited via a protein to protein interaction, RNA to protein interaction, and/or chemical interaction), thereby modifying the target nucleic acid, optionally wherein the Type V CRISPR-Cas effector protein, the deaminase and guide nucleic acid are co-expressed.(FR) L'invention concerne des protéines effectrices CRISPR-Cas de type V, des désaminases et des constructions d'acides nucléiques de fusion et de recrutement de celles-ci. L'invention concerne en outre des procédés de modification ciblée d'acide nucléique l'utilisant. Un aspect de l'invention concerne un procédé de modification d'un acide nucléique cible, le procédé comprenant la mise en contact de l'acide nucléique cible avec : (A) une protéine effectrice CRISPR-Cas de type V; (b) une désaminase, l'acide nucléique cible étant mis éventuellement en contact avec deux désaminase ou plus; et (c) un acide nucléique de guidage, la désaminase étant recrutée à la protéine effectrice CRISPR-Cas de type V (par exemple, recrutée par l'intermédiaire d'une interaction protéine-protéine, d'une interaction ARN-protéine et/ou d'une interaction chimique), modifiant ainsi l'acide nucléique cible, la protéine effectrice CRISPR-Cas de type V, la désaminase et l'acide nucléique de guidage étant éventuellement co-exprimées.",,Canada,,A,,,,,
CN426766716,202311761728,117737215,22.03.2024,"C12Q 1/6869
					






C12Q 1/6895
					






C12N 15/82
					






A01H 6/26
					






A01H 5/00
					






G16B 20/20
					








C12Q 1/6869
					






C12Q 1/6895
					






C12N 15/82
					






A01H 6/26
					






A01H 5/00
					






G16B 20/20
					






View less classifications",,BEIJING FORESTRY UNIVERSITY北京林业大学,ZHANG DEQIANG张德强HUANG WEIXIONG黄伟雄QI WEINA齐薇娜QUAN MINGYANG权明洋,北京瑞盛铭杰知识产权代理事务所(普通合伙) 11617,,,(EN) Method for rapidly evaluating plant CRISPR/Cas9 target editing efficiency(ZH) 一种快速评价植物CRISPR/Cas9靶点编辑效率的方法,"(EN) The invention discloses a method for rapidly evaluating plant CRISPR/Cas9 target editing efficiency, and belongs to the technical field of gene editing. The invention provides a method for calculating plant whole genome CRISPR/Cas9 target editing efficiency. The method comprises the following steps: 1) selecting a reference genome; screening out an optimal gene editing target spot in a CDS range of a target gene, and scanning a potential target site of each target spot in a whole genome; (2) preparing a protoplast sample, carrying out gene editing protoplast transient transfection, and carrying out high-throughput sequencing on a DNA library of the protoplast sample; 3) comparing the sequencing data to a reference genome, and extracting a target area and a potential off-target site area; 4) carrying out typing on each read, and carrying out statistics; and 5) calculating the target point editing efficiency. The method disclosed by the invention can be used for rapidly and efficiently detecting the gene editing efficiency of each target spot at the whole genome level, and has practical value and wide application prospect.(ZH) 本发明公开了一种快速评价植物CRISPR/Cas9靶点编辑效率的方法，属于基因编辑技术领域。本发明提供了一种计算植物全基因组CRISPR/Cas9靶点编辑效率的方法，包括：1)选择参考基因组；在目标基因的CDS范围内筛选出最佳基因编辑靶点，并全基因组扫描每个靶点的潜在靶向位点；2)制备原生质体样品，开展基因编辑原生质体瞬时转染，对其DNA文库进行高通量测序；3)将测序数据比对到参考基因组上，提取出靶点区域及潜在脱靶位点区域；4)对每条reads进行分型，并进行统计；5)计算靶点编辑效率。本发明方法可以快速高效地在全基因组水平检测每个靶点的基因编辑效率，具有实用价值和广泛的应用前景。",,China,20.12.2023,A1,,,,,
CN326420259,202110155143,112852874,28.05.2021,"C12N 15/85
					






C12N 15/55
					






C12N 5/10
					






C12N 7/00
					






C12Q 1/70
					






C12Q 1/6851
					






View more classifications
							






C12N 15/85
					






C12N 15/55
					






C12N 5/10
					






C12N 7/00
					






C12Q 1/70
					






C12Q 1/6851
					






G01N 33/569
					






C12R 1/91
					






View less classifications","C12N 15/85
					






C12N 9/80
					






C12N 9/22
					






C12N 5/0686
					






C12N 7/00
					






C12Q 1/701
					






View more classifications
							






C12N 15/85
					






C12N 9/80
					






C12N 9/22
					






C12N 5/0686
					






C12N 7/00
					






C12Q 1/701
					






C12Q 1/6851
					






G01N 33/56983
					






C12Y 305/01098
					






C12N 2800/107
					






C12N 2510/00
					






C12N 2770/32152
					






G01N 2333/09
					






G01N 2469/10
					






View less classifications","LANZHOU VETERINARY RESEARCH INSTITUTE, CHINESE ACADEMY OF AGRICULTURE SCIENCES中国农业科学院兰州兽医研究所",SUN YUEFENG孙跃峰GONG QING龚青HOU SHITONG侯石桐ZHAO SHUAIYANG赵帅阳YIN XIANGPING殷相平WANG XIANGWEI王相伟WANG GUANGXIANG王光祥,北京兴智翔达知识产权代理有限公司 11768,,,(EN) HDAC5 gene knockout BHK-21 cell line as well as construction method and application thereof(ZH) HDAC5基因敲除的BHK-21细胞系及其构建方法和应用,"(EN) The invention discloses a construction method of an HDAC5 gene knockout BHK-21 cell line, which comprises the following steps: carrying out gene knockout on HDAC5 in a cell line BHK-21 for foot-and-mouth disease vaccine production by utilizing a CRISPR/Cas9 technology, transfecting BHK-21 cells by utilizing CRISPR plasmids for knocking out the HDAC5, and separating the cells to obtain a plurality of cell clones by utilizing antibiotic screening in combination with gradient dilution and a cloning ring method; extracting the genome DNA, performing PCR amplification and sequencing and successfully identifying the cell cloning of which one HDAC5 gene is subjected to homozygous frameshift mutation, wherein the HDAC5-KO-A2 has deletion of 13 basic groups at a Cas9 predetermined cutting position. In the HDAC5 knockout BHK-21 cell line, the replication rate of foot-and-mouth disease virus is obviously accelerated, the final virus titer is obviously improved, and the HDAC5 knockout has no obvious influence on the cell growth rate, so that the HDAC5 knockout BHK-21 cell line has the prospect of being used for foot-and-mouth disease vaccine production. Therefore, the foundation is laid for further knocking out HDAC5 from suspension culture type BHK-21 cells and directly applying HDAC5 to production of foot-and-mouth disease vaccines.(ZH) 本发明公开了HDAC5基因敲除的BHK‑21细胞系的构建方法，利用CRISPR/Cas9技术对口蹄疫疫苗生产用细胞系BHK‑21中的HDAC5进行基因敲除，将用于敲除HDAC5的CRISPR质粒转染BHK‑21细胞后，利用抗生素筛选结合梯度稀释，用克隆环法分离到了多个细胞克隆。提取基因组DNA后进行PCR扩增、测序，成功鉴定到了1个HDAC5基因发生纯合移码突变的细胞克隆，其中HDAC5‑KO‑A2在Cas9预定切割位置处有13个碱基的缺失。HDAC5敲除的BHK‑21细胞系中口蹄病毒复制速率明显加快，最终病毒滴度有显著提高，且HDAC5敲除后对细胞生长速率无显著影响，说明其有用于口蹄疫疫苗生产的前景。为进一步在悬浮培养型BHK‑21细胞中敲除HDAC5，直接用于口蹄疫疫苗生产奠定了基础。",,China,04.02.2021,A,112852874,23.05.2023,,,
CN371148518,202210359548.X,114836430,02.08.2022,"C12N 15/29
					






C12N 15/82
					






C12N 15/113
					






C12N 15/55
					






C07K 14/415
					






A01H 5/00
					






View more classifications
							






C12N 15/29
					






C12N 15/82
					






C12N 15/113
					






C12N 15/55
					






C07K 14/415
					






A01H 5/00
					






A01H 5/12
					






A01H 6/82
					






View less classifications","C07K 14/415
					






C12N 15/8218
					






C12N 15/8261
					






C12N 15/8243
					






C12N 15/8205
					






C12N 15/113
					






View more classifications
							






C07K 14/415
					






C12N 15/8218
					






C12N 15/8261
					






C12N 15/8243
					






C12N 15/8205
					






C12N 15/113
					






C12N 9/22
					






C12N 2310/20
					






Y02A 50/30
					






View less classifications","CHINA TOBACCO YUNNAN INDUSTRIAL CO., LTD.云南中烟工业有限责任公司",LIU XIN刘欣XING JIAXIN邢佳鑫MA XIAOWEI马晓伟GAO XI高茜MI QILI米其利MENG XIAOJUAN孟啸娟XU LI许力XU YONG许永HUANG HAITAO黄海涛JIANG JIARUI蒋佳芮,北京维澳知识产权代理有限公司 11252,,,(EN) Application of tobacco ABA receptor protein gene NtPYL6 in regulation and control of tobacco plant height and leaf rutin content(ZH) 一种烟草ABA受体蛋白基因NtPYL6在调控烟草株高和叶片芸香苷含量中的应用,"(EN) The invention discloses an application of a tobacco ABA receptor protein gene NtPYL6 in regulation and control of tobacco plant height and leaf rutin content. The nucleotide sequence of the NtPYL6 gene is shown as SEQ ID NO. 1. According to the invention, a CRISPR/Cas9 editing vector for knocking out the NtPYL6 gene is constructed through a CRISPR/Cas9 mediated gene editing technology, and a tobacco plant with the NtPYL6 gene knocked out is obtained after editing material creation and molecular detection and identification. Compared with a control tobacco plant, the NtPYL6 gene knockout edited tobacco plant obtained by the invention has the advantages that the average plant height in a squaring stage and a mature stage is obviously increased, and the content of rutin in leaves is obviously reduced, so that a theoretical basis is provided for further clarification of tobacco maturing and rutin regulation and control mechanisms; and a new genetic material is provided for cultivating tobacco varieties with obviously changed plant heights and rutin contents.(ZH) 本发明公开了一种烟草ABA受体蛋白基因NtPYL6在调控烟草株高和叶片芸香苷含量中的应用，该NtPYL6基因的核苷酸序列如SEQ ID NO.1所示。本发明通过CRISPR/Cas9介导的基因编辑技术，构建了用于敲除NtPYL6基因的CRISPR/Cas9编辑载体，经编辑素材创制和分子检测鉴定后获得了NtPYL6基因敲除的烟草植株。本发明获得的NtPYL6基因敲除的编辑烟草植株，相比于对照烟草植株，现蕾期和成熟期的平均株高显著增高，叶片芸香苷含量显著降低，这为进一步阐明烟草成熟及芸香苷调控机理提供了理论依据，为培育株高和芸香苷含量显著改变的烟草品种提供了新的遗传材料。",,China,06.04.2022,B,114836430,23.06.2023,,,
CN422262973,202311360017,117467617,30.01.2024,"C12N 5/10
					






C12N 15/113
					






C12N 15/12
					






C12N 15/87
					






A61K 35/22
					






A61K 31/7105
					






View more classifications
							






C12N 5/10
					






C12N 15/113
					






C12N 15/12
					






C12N 15/87
					






A61K 35/22
					






A61K 31/7105
					






A61P 31/20
					






View less classifications","C12N 5/0686
					






C12N 15/113
					






C07K 14/47
					






C12N 15/87
					






A61K 35/22
					






A61K 31/7105
					






View more classifications
							






C12N 5/0686
					






C12N 15/113
					






C07K 14/47
					






C12N 15/87
					






A61K 35/22
					






A61K 31/7105
					






A61P 31/20
					






C12N 2510/00
					






C12N 2310/20
					






View less classifications","LANZHOU VETERINARY RESEARCH INSTITUTE, CHINESE ACADEMY OF AGRICULTURE SCIENCES中国农业科学院兰州兽医研究所",ZHANG KESHAN张克山ZHENG HAIXUE郑海学CHEN LINGLING陈玲玲TIAN HONG田宏ZHU ZIXIANG朱紫祥YANG FAN杨帆CAO WEIJUN曹伟军MA XUSHENG马旭升RU YI茹毅FENG TAO冯涛GUO JIANHONG郭建宏,郑州大通专利商标代理有限公司 41111,,,(EN) MA-104 cell line with vimentin gene knocked out as well as construction method and application of MA-104 cell line(ZH) 敲除vimentin基因的MA-104细胞系及其构建方法和应用,"(EN) The invention belongs to the technical field of biology, and particularly relates to an MA-104 cell line MA-104-KO-vimentin with a vimentin gene knocked out as well as a construction method and application of the MA-104 cell line MA-104-KO-vimentin. The preservation number of the cell line MA-104-KO-vimentin is CCTCC (China Center For Type Culture Collection): C2023142 or CCTCC: C2023229, and the preservation number of the cell line MA-104-KO-vimentin is The construction method of the cell line MA-104-KO-vimentin comprises the following steps: (1) designing gRNA (guide Ribonucleic Acid); and (2) transfecting the gRNA into the cell through transient transfection, analyzing the cutting efficiency through CAT Tool, and selecting the gRNA with the highest cutting efficiency for producing the KO cell line. And (3) culturing monoclonal cells. And (4) screening monoclonal cells. According to the invention, a CRISPR-Cas9 (clustered regularly interspaced short palindromic repeats/CRISPR-Cas9) system is utilized to construct an MA-104 cell line for stably knocking out a vimentin gene.(ZH) 本发明属于生物技术领域，具体涉及一种敲除vimentin基因的MA‑104细胞系MA‑104‑KO‑vimentin及其构建方法和应用。细胞系MA‑104‑KO‑vimentin的保藏编号为CCTCC:C2023142或CCTCC:C2023229。细胞系MA‑104‑KO‑vimentin的构建方法，包括：（1）gRNA设计。（2）将gRNA通过瞬时转染到细胞中，通过CAT Tool分析切割效率，选择切割效率最高的gRNA用于生产KO细胞系。（3）单克隆细胞培养。（4）单克隆细胞筛选。本发明利用CRISPR‑Cas9系统构建了稳敲除vimentin基因的MA‑104细胞系。",,China,20.10.2023,B,117467617,09.08.2024,,,
CN297232635,201811229714,111154767,15.05.2020,"C12N 15/29
					






C12N 15/82
					






A01H 5/06
					






A01H 6/46
					






C12Q 1/6895
					








C12N 15/29
					






C12N 15/82
					






A01H 5/06
					






A01H 6/46
					






C12Q 1/6895
					






View less classifications","C07K 14/415
					






C12N 15/8261
					






C12Q 1/6895
					






C12Q 2600/13
					






C12Q 2600/158
					






Y02A 40/146
					








C07K 14/415
					






C12N 15/8261
					






C12Q 1/6895
					






C12Q 2600/13
					






C12Q 2600/158
					






Y02A 40/146
					






View less classifications","SINOBIOWAY BIOAGRICULTURE GROUP CO., LTD.未名生物农业集团有限公司PIONEER OVERSEAS CORPORATION先锋海外公司",GAO YANG高阳LYU GUIHUA吕贵华MAO GUANFAN毛冠凡WANG CHANGGUI王昌贵WANG GUOKUI王国奎,永新专利商标代理有限公司 72002永新专利商标代理有限公司 72002,,,"(EN) Root length regulation and control gene LOGL5, corresponding construct, and application of gene(ZH) 根长调控基因LOGL5及相应的构建体和其应用","(EN) The invention discloses separated polynucleotide and polypeptide, a recombinant DNA (deoxyribonucleic acid) construct and CRISPR (Clustered Regularly Interspaced Short Palindromic Repeats)-Cas construct used for regulating and controlling the root length of a plant, a composition (for example, a plant or a seed) containing the recombinant DNA construct or a modified LOGL5 gene or a regulation andcontrol element of the modified LOGL5 gene, and a method capable of utilizing the recombinant DNA construct and the CRISPR-Cas construct. The recombinant DNA construct comprises the LOGL5 gene and a functional promoter in the plant, wherein the functional promoter in the plant is operationally connected with the LOGL5 gene, the CRISPR-Cas construct targets the LOGL5 gene or the regulation and control element of the LOGL5 gene, and the LOGL5 gene encodes root length regulation and control polypeptide.(ZH) 本发明公开了分离的多核苷酸和多肽、和用于调控植物根长度的重组DNA构建体和CRISPR‑Cas构建体，含有这些重组DNA构建体或修饰的LOGL5基因或其调控元件的组合物(例如植物或种子)，和利用这些重组DNA构建体和CRISPR‑Cas构建体的方法。重组DNA构建体包含LOGL5基因和与之可操作连接的植物中有功能的启动子，CRISPR‑Cas构建体靶向LOGL5基因或其调控元件，其中所述LOGL5基因编码根长度调控多肽。",,China,22.10.2018,B,111154767,18.04.2023,,,
CN289610797,201911058388,110819654,21.02.2020,"C12N 15/82
					






C12N 15/29
					






A01H 5/00
					






A01H 5/10
					






A01H 6/46
					








C12N 15/82
					






C12N 15/29
					






A01H 5/00
					






A01H 5/10
					






A01H 6/46
					






View less classifications","C07K 14/415
					






C12N 15/8218
					






C12N 15/8245
					








C07K 14/415
					






C12N 15/8218
					






C12N 15/8245
					






View less classifications","INSTITUTE OF CROP SCIENCE, CHINESE ACADEMY OF AGRICULTURAL SCIENCES中国农业科学院作物科学研究所",XIA LANQIN夏兰琴LI JINGYING李晶莹MA YOUZHI马有志SUN YONGWEI孙永伟CHEN JUN陈隽,北京纪凯知识产权代理有限公司 11245,,,(EN) Method and technical system for increasing content of resistant starch in triticum aestivum by genome editing(ZH) 一种通过基因组编辑提高小麦抗性淀粉含量的方法及其技术体系,"(EN) The invention discloses a method and a technical system for increasing the content of resistant starch in triticum aestivum by genome editing. The invention provides a method for improving the contentof the resistant starch and/or amylose and/or total pentosan in triticum aestivum, including the following step: lowering the abundance of SBEIIa protein in triticum aestivum. More specifically, thestep of ""lowering the abundance of SBEIIa protein in triticum aestivum"" can be realized by genome editing of SBEIIa gene. The inventor of the method and the technical system utilizes a CRISPR/Cas9 technology, the SBEIIa gene in triticum aestivum is site-edited and knocked out by causing a code shift mutation, so that a new generation of new triticum aestivum germplasm with amylose, resistant starch and total pentosan (healthy fiber) contents significantly increased is obtained. The method and technical system have significant application promotion values to triticum aestivum breeding.(ZH) 本发明公开了一种通过基因组编辑提高小麦抗性淀粉含量的方法及其技术体系。本发明提供了一种通过基因编辑技术提高小麦种子中的抗性淀粉含量和/或直链淀粉含量和/或总戊聚糖含量的方法，包括如下步骤：降低小麦中SBEIIa蛋白的丰度。所述“降低小麦中SBEIIa蛋白的丰度”具体可通过对SBEIIa基因进行基因编辑实现。本发明的发明人利用CRISPR/Cas9技术，定点编辑小麦SBEIIa基因，通过造成移码突变，敲除了小麦SBEIIa基因，获得了直链淀粉、抗性淀粉以及总戊聚糖(健康纤维)含量明显提高的新一代小麦新种质。本发明对于小麦育种具有重大的应用推广价值。",,China,01.11.2019,B,110819654,20.08.2021,,,
CN416013989,202310898502.X,117106818,24.11.2023,"C12N 15/82
					






C12N 15/113
					






C12N 9/22
					








C12N 15/82
					






C12N 15/113
					






C12N 9/22
					






View less classifications","C12N 15/8207
					






C12N 15/113
					






C12N 9/22
					








C12N 15/8207
					






C12N 15/113
					






C12N 9/22
					






View less classifications",SOUTH CHINA AGRICULTURAL UNIVERSITY华南农业大学,SHEN RENJIA沈任佳GUO TAO郭涛WANG JIAFENG王加峰ZHAO LIN赵琳CHEN CHUN陈淳WANG HUI王慧HUANG CUIHONG黄翠红LIU YONGZHU刘永柱HUANG MING黄明,广州市华学知识产权代理有限公司 44245,,,(EN) Nanoparticle-mediated rice genome oriented editing technology(ZH) 一种纳米粒子介导的水稻基因组定向编辑技术,"(EN) The invention discloses a nanoparticle-mediated rice genome oriented editing technology, and belongs to the technical field of crop breeding and genetic transformation. According to the invention, genetic transformation is carried out by using the carbon quantum dot CDs loaded plasmid, the loading effect is good, preparation is carried out according to needs, and the material cost is low. The CRISPR/Cas9 simplified vector pUC19-C developed by the invention does not contain a T-DNA fragment, so that effective editing of a target gene can be realized, uncontrollable biological potential safety hazards caused by random insertion of the plasmid T-DNA fragment into a rice genome are avoided, and a new technical system is provided for obtaining a DNA-free excellent rice variety with high biological safety. The genetic transformation technology developed by the invention is a living body transformation method, transformation can be realized by directly injecting rice young ears, and the operation is quick, simple and convenient.(ZH) 本发明公开了一种纳米粒子介导的水稻基因组定向编辑技术，属于作物育种及遗传转化技术领域。本发明利用碳量子点CDs负载质粒进行遗传转化，负载效果较好，按需制备，材料成本低。本发明开发的CRISPR/Cas9简化载体pUC19‑C，不含有T‑DNA片段，既可实现对目的基因的有效编辑，又避免质粒T‑DNA片段随机插入水稻基因组、造成不可控的生物安全隐患，为获取生物安全性高的DNA‑free优良水稻品种提供了新的技术体系。本发明开发的遗传转化技术为活体转化法，直接注射水稻幼穗即可实现转化，操作快捷简便。",,China,21.07.2023,B,111118005,,,,
CN399753900,202211424394,116218866,06.06.2023,"C12N 15/29
					






C12N 15/113
					






C12N 15/84
					






A01H 5/00
					






A01H 6/82
					








C12N 15/29
					






C12N 15/113
					






C12N 15/84
					






A01H 5/00
					






A01H 6/82
					






View less classifications","C07K 14/415
					






C12N 15/113
					






C12N 15/8273
					






Y02A 50/30
					








C07K 14/415
					






C12N 15/113
					






C12N 15/8273
					






Y02A 50/30
					






View less classifications",HENAN AGRICULTURAL UNIVERSITY河南农业大学,LI YING李营XIA SHAOYING夏少颖LI LILI李丽丽GAO YANNA高艳娜JIA ZHIQI贾芝琪ZHANG SHIWEN张世文LI JISUO李纪锁LI JIDE李继德QIANG XIN强昕CHEN BIN陈斌LI GUOWEN李国文ZHANG YONGXIN张泳鑫LI YAN李艳,郑州三阳专利代理事务所(普通合伙) 41175,,,(EN) Cloning and application of tomato transcription factor SlBT1(ZH) 一种番茄转录因子SlBT1的克隆及其应用,"(EN) The invention discloses clone of a tomato transcription factor SlBT1 and application of the clone. The clone of the tomato transcription factor SlBT1 can be applied to cultivation of salt-tolerant tomatoes. The cloning of the tomato transcription factor SlBT1 comprises the following steps: firstly, obtaining an sgRNA target sequence of an SlBT1 gene; then constructing a CRISPR/Cas9 carrier, namely designing an sgRNA amplification primer and constructing the carrier according to the selected target spot sequence; carrying out tomato transformation; identifying the regenerated plant and measuring the salt tolerance; experimental results show that leaves of the wild type are yellowed under the salt stress condition, leaves from the first leaf to the fourth leaf fall off, and the SlBT1-5-23 strain and the SlBT1-1-3 strain show better salt tolerance; the gene editing SlBT1 disclosed by the invention can obviously improve the tolerance of tomatoes to salt stress, can be used for preparing saline-alkali soil resistant materials of the tomatoes, and has a relatively high application value.(ZH) 本发明公开了一种番茄转录因子SlBT1的克隆及其应用，番茄转录因子SlBT1的克隆可用于耐盐番茄的培育中；番茄转录因子SlBT1的克隆先通过SlBT1基因的sgRNA靶点序列的获得；然后进行CRISPR/Cas9载体的构建，包括根据选定的靶点序列，设计sgRNA扩增引物和载体构建；再进行番茄转化；经过再生植株的鉴定和耐盐性测定；通过实验结果表明野生型受盐胁迫条件下出现叶片黄化，第一片到第四片的叶片有脱落现象，而SlBT1‑5‑23和SlBT1‑1‑3株系，表现更具有耐盐性；本发明基因编辑SlBT1能显著提高番茄对盐胁迫的耐受性，可制备番茄抗盐碱地的材料，具有较高的应用价值。",,China,14.11.2022,A,,,,,
CN295337151,201911366075,111118005,08.05.2020,"C12N 15/113
					






C12N 15/82
					






A01H 5/00
					






A01H 6/46
					








C12N 15/113
					






C12N 15/82
					






A01H 5/00
					






A01H 6/46
					






View less classifications","C12N 15/113
					






C12N 15/8218
					






C12N 15/8282
					








C12N 15/113
					






C12N 15/8218
					






C12N 15/8282
					






View less classifications",SOUTH CHINA AGRICULTURAL UNIVERSITY华南农业大学,WANG JIAFENG王加峰CHEN CHUN陈淳HUANG MING黄明WANG HUI王慧LIU YONGZHU刘永柱GUO TAO郭涛CHEN ZHIQIANG陈志强,广州市华学知识产权代理有限公司 44245,,,"(EN) MiRNA related to resistance to rice blast, corresponding precursor related to resistance to rice blast and application(ZH) 一种与稻瘟病抗性相关的miRNA、相应的前体与应用","(EN) The invention discloses miRNA related to resistance to rice blast, a corresponding precursor related to resistance to rice blast and application, and belongs to the technical field of plant genetic engineering. A nucleotide sequence of the miRNA is shown in SEQ ID NO: 1 as shown in the description. According to the miRNA related to resistance to rice blast, the corresponding precursor related to resistance to rice blast and application, the inventor identifies and proves that miRNA-T21 can regulate synthesis of cysteine and accumulation of H2O2 by inhibiting expression of OsCYS1 and OsPAO4, sothat the resistance to rice blast is subjected to negative regulation. By combining and using a CRISPR/Cas9 gene editing technology for knocking out the miRNA-T21, the resistance of rice to rice blast can be significantly improved, so that the miRNA related to resistance to rice blast and the corresponding precursor related to resistance to rice blast have good application prospects.(ZH) 本发明公开了一种与稻瘟病抗性相关的miRNA、相应的前体与应用，属于植物基因工程技术领域。本发明miRNA的核苷酸序列如SEQ ID NO:1所示。本发明发明人鉴定并证实了miRNA‑T21可以通过抑制OsCYS1及OsPAO4的表达以调控半胱氨酸的合成和H2O2的积累，从而负调控稻瘟病抗性。结合利用CRISPR/Cas9基因编辑技术敲除miRNA‑T21，可以显著提高水稻对稻瘟病的抗性，具有较好的应用前景。",,China,26.12.2019,B,,,,,
CN426579422,202311794028,117701735,15.03.2024,"C12Q 1/6888
					






C12N 15/113
					






C12Q 1/6844
					






C12N 15/11
					








C12Q 1/6888
					






C12N 15/113
					






C12Q 1/6844
					






C12N 15/11
					






View less classifications","C12Q 1/6888
					






C12N 15/113
					






C12Q 1/6844
					






C12Q 2600/178
					






Y02A 50/30
					








C12Q 1/6888
					






C12N 15/113
					






C12Q 1/6844
					






C12Q 2600/178
					






Y02A 50/30
					






View less classifications","INSTITUTE OF PLANT PROTECTION, FAAS福建省农业科学院植物保护研究所",CHEN YANTING陈燕婷LI JIANYU李建宇SHI MENGZHU史梦竹CHEN YAN陈彦RUAN FEI阮菲,北京慕达星云知识产权代理事务所(特殊普通合伙) 11465,,,"(EN) Primer group, kit and identification method for rapid detection of mealybug gluteus(ZH) 一种大洋臀纹粉蚧快速检测引物组、试剂盒和鉴定方法","(EN) The invention discloses a primer group, a kit and an identification method for rapidly detecting mealybug gluteus. Belongs to the technical field of molecular biology. Comprising DY-RPA-F and DY-RPA-R. The invention also provides a related kit and an identification method. According to the rapid crude DNA extraction method provided by the invention, the DNA extraction time is greatly shortened, the target sequence is amplified at constant temperature by using the RPA technology, the enzyme digestion target sequence is identified by combining the CRISPR-Cas12a technology, the detection result is visualized by depending on the fluorescent reporter molecule/lateral flow chromatography test strip reporter molecule, and compared with the traditional method, the whole method realizes efficient, accurate and visual identification, and has the advantages of high efficiency, high accuracy, high efficiency and high efficiency. The method is more suitable for popularization and application.(ZH) 本发明公开了一种大洋臀纹粉蚧快速检测引物组、试剂盒和鉴定方法。属于分子生物学技术领域。包括：DY‑RPA‑F、DY‑RPA‑R并提供了相关试剂盒与鉴定方法。本发明提供的快速粗提DNA方法极大缩短了DNA提取时间，使用RPA技术恒温扩增靶标序列，联用CRISPR‑Cas12a技术鉴定酶切标靶序列并依赖荧光报告分子/侧向流层析试纸条报告分子使检测结果可视化，整体方法较传统方法实现了高效、精准、可视鉴定，更适合推广和应用。",,China,25.12.2023,A,7047014,,,,
CN436470661,202410562145,118360317,19.07.2024,"C12N 15/82
					






C12N 15/29
					






C07K 14/415
					






A01H 5/10
					






A01H 6/46
					








C12N 15/82
					






C12N 15/29
					






C07K 14/415
					






A01H 5/10
					






A01H 6/46
					






View less classifications","C12N 15/8261
					






C12N 15/8205
					






C07K 14/415
					








C12N 15/8261
					






C12N 15/8205
					






C07K 14/415
					






View less classifications",HUAZHONG AGRICULTURAL UNIVERSITY华中农业大学,ZHANG ZUXIN张祖新LIU LEI刘磊LI NAN李楠ZHANG QIAN张茜,武汉宇晨专利事务所(普通合伙) 42001,,,(EN) Application of corn gene ZmEREB147 and homologous gene ZmEREB83 thereof in control of corn ear grain number(ZH) 玉米基因ZmEREB147及其同源基因ZmEREB83在控制玉米穗粒数中的应用,"(EN) The invention belongs to the technical field of plant genetic engineering, and discloses an application of a corn gene ZmEREB147 and a homologous gene ZmEREB83 thereof in control of the number of corn grains per ear, a protein encoded by the ZmEREB147 gene is shown as SEQ ID NO.3, and a protein encoded by the ZmEREB147 gene is shown as SEQ ID NO.4. The invention further discloses an application of the ZmEREB147 gene and the homologous gene ZmEREB83 thereof in control of the number of corn grains per ear. The ZmEREB147 gene is located at the third chromosome of the corn, the ZmEREB83 gene is located at the eighth chromosome of the corn, and the number of grains per ear of the corn is controlled. ZmEREB147 and a homologous gene ZmEREB83 thereof are knocked out by using a CRISPR/Cas9 technology, and the number of grains in each row of a corn inbred line is reduced in a normal environment; through overexpression of the ZmEREB147 gene, the number of grains in each row of a corn inbred line in a normal environment is remarkably increased.(ZH) 本发明属于植物基因工程技术领域，公开了玉米基因ZmEREB147及其同源基因ZmEREB83在控制玉米穗粒数中的应用，所述ZmEREB147基因编码的蛋白为SEQ ID NO.3所示，ZmEREB147基因编码的蛋白为SEQ ID NO.4所示。ZmEREB147基因位于玉米第3染色体，ZmEREB83基因位于玉米第8染色体，控制玉米每穗籽粒数。利用CRISPR/Cas9技术敲除ZmEREB147及其同源基因ZmEREB83，正常环境下玉米自交系的每行籽粒数减少；过表达ZmEREB147基因，正常环境下玉米自交系的每行籽粒数显著增加。",,China,08.05.2024,A,,,,,
JP312752503,2020095870,2020188773,26.11.2020,"A01H 6/00
					






C12N 15/09
					








A01H 6/00
					






C12N 15/09
					






View less classifications","C12N 15/8213
					






C12N 2310/344
					






C12N 2310/346
					






C12N 2310/3181
					






C12N 2310/3231
					






C12N 2310/321
					






View more classifications
							






C12N 15/8213
					






C12N 2310/344
					






C12N 2310/346
					






C12N 2310/3181
					






C12N 2310/3231
					






C12N 2310/321
					






C12N 2310/345
					






C12N 2310/315
					






C12N 15/113
					






C12N 2310/20
					






C12N 9/22
					






View less classifications",CIBUS US LLCサイバス　ユーエス　エルエルシーCIBUS EUROP B Vサイバス　オイローペ　ベスローテン　ヴェンノーツハップ,PETER R BEETHAMビーサム，ピーター　アール．GREGORY F W GOCALゴカル，グレゴリー　エフ．ダブリュ．CHRISTIAN SCHOPKEショープク，クリスティアンNOEL JOY SAUERサウアー，ノエルJAMES PEARCEピアース，ジェイムズROSA E SEGAMIセガミ，ローサ　イー．JERRY MOZORUKモゾルク，ジェリー,大野　聖二松任谷　優子梅田　慎介森田　裕,"61/953,333 14.03.2014 US62/051,579 17.09.2014 US62/075,811 05.11.2014 US62/075,816 05.11.2014 US62/133,129 13.03.2015 US",,(EN) METHODS AND COMPOSITIONS FOR INCREASING EFFICIENCY OF TARGETED GENE MODIFICATION USING OLIGONUCLEOTIDE-MEDIATED GENE REPAIR(JA) オリゴヌクレオチド仲介型遺伝子修復を使用した標的遺伝子修飾の効率を高めるための方法および組成物,"(EN) PROBLEM TO BE SOLVED: To provide methods and compositions for producing a targeted change to a DNA sequence.SOLUTION: Provided is a method of causing one or more targeted genetic changes within a plant cell, which method comprises delivering, to the plant cell, a CRISPR nuclease for introducing single- or double-stranded cutting into the plant cell genome and a gene repair oligonucleobase (GRON) configured to mediate the introduction of the one or more targeted genetic changes into an endogenous target gene in the plant cell genome, the GRON including, at the 3' end, one or more selected from the group consisting of a 3'-dimethoxytrityl nucleotide and a 2'-O-methyl nucleotide and, at the 5' end, one or more selected from the group consisting of a reverse base, a 3'-dimethoxytrityl nucleotide, and a 2'-O-methyl nucleotides, and the plant cell being non-transgenic with respect to the targeted genetic change.SELECTED DRAWING: Figure 1COPYRIGHT: (C)2021,JPO&INPIT(JA) 
【課題】ＤＮＡ配列に対する標的化された変化を作製するための方法および組成物を提供する。【解決手段】植物細胞において１つまたは複数の標的遺伝子変化を引き起こす方法であって、植物細胞ゲノム中に一本鎖切断または二本鎖切断を導入するＣＲＩＳＰＲヌクレアーゼと、植物細胞ゲノム中の内在性標的遺伝子内への前記１つまたは複数の標的遺伝子変化の導入を仲介するよう構成された遺伝子修復オリゴ核酸塩基（ＧＲＯＮ）との前記植物細胞への送達を含み、前記ＧＲＯＮが、３’末端に、３’−ジメトキシトリチルヌクレオチドおよび２’−Ｏ−メチルヌクレオチドからなる群より選択される１つまたは複数、および、５’末端に、逆向き塩基、３’−ジメトキシトリチルヌクレオチドおよび２’−Ｏ−メチルヌクレオチドからなる群より選択される１つまたは複数、を含み、前記植物細胞が、前記標的遺伝子変化に関して非トランスジェニックである、方法。【選択図】図１",,Japan,02.06.2020,B1,110144366,,"A01H 6/00
                 


C12N 15/09,110
                 




A01H 6/00
                 


C12N 15/09,110
                 



View less classifications","2B030AA02
                 


2B030AB03
                 


2B030CA14
                 


4B065AA88X
                 


4B065AB01
                 


4B065BA05
                 



View more classifications
							





2B030AA02
                 


2B030AB03
                 


2B030CA14
                 


4B065AA88X
                 


4B065AB01
                 


4B065BA05
                 


4B065CA53
                 



View less classifications","A01H 6/00 C12N 15/09,110"
US222923389,15557306,20180195084,12.07.2018,"C12N 15/82
					








C12N 15/82
					






View less classifications","C12N 15/8213
					






C12N 15/8283
					








C12N 15/8213
					






C12N 15/8283
					






View less classifications",INSTITUTE OF GENETICS AND DEVELOPMENTAL BIOLOGY CHINESE ACADEMY OF SCIENCES,Caixia GAOXiang JiHuawei Zhang,,201510107492.9 12.03.2015 CN,,(EN) METHOD FOR INCREASING ABILITY OF A PLANT TO RESIST AN INVADING DNA VIRUS,"(EN) 
The present invention discloses a method for improving the ability to resist against an intrusive DNA virus of a plant. The present invention provides a method for making a plant with improved ability to resist against a DNA virus, specifically can comprising the following steps: 1) selecting a sequence comply with 5′-NX-NGG-3′ or 5′-CCN-NX-3′ from the genomic sequence of the DNA virus as the target sequence; designing a DNA sequence reverse-complementary to said target sequence; 2) constructing said DNA sequence to a vector for expressing CRISPR/Cas9 nuclease so as to obtain a recombinant vector capable of transcribing a guide RNA and expressing a Cas9 protein; the crRNA in said guide RNA contains a RNA fragment transcribed from said DNA fragment; 3) introducing said recombinant vector into a recipient plant so as to obtain a plant with improved ability to resist against said DNA virus. The method of the invention merely depends on the genomic sequence of the virus, without the need of knowing specific functions of the viral genes. Therefore, the method can be widely used for resisting against various known double-stranded DNA virus or single-stranded virus with double-stranded DNA as an intermediate.",,United States of America,14.03.2016,A1,,,,,
CN251212750,201910467470,110144366,20.08.2019,"C12N 15/82
					






A01H 5/00
					






A01H 6/46
					








C12N 15/82
					






A01H 5/00
					






A01H 6/46
					






View less classifications","C07K 14/415
					






C12N 15/8245
					






C12N 15/8218
					






Y02A 40/146
					








C07K 14/415
					






C12N 15/8245
					






C12N 15/8218
					






Y02A 40/146
					






View less classifications",CHEN CHAO陈超,CHEN CHAO陈超REN-GUO ZIJUN任郭子君HUANG RUIPENG黄瑞鹏,,,,(EN) Experimental method for improving corn amylose content by knocking out SIP1 gene(ZH) 一种敲除SIP1基因提升玉米直链淀粉含量的实验方法,"(EN) The invention discloses an experimental method for improving the corn amylose content by knocking out an SIP1 gene, and belongs to the field of genetic engineering.The method mainly comprises the following steps: constructing a CRISPR/Cas9-SIP1 gene knockout vector; and transforming target corn by agrobacterium to obtain a corn plant with the SIP1 gene knockout. According to the genetic engineering method, the content of amylose in corn kernels is improved by interfering the starch branching action of SIP1 in the participation of the main gene ZmSBEII. The realization of the method has important practical guiding significance for developing a new high-amylose corn variety by utilizing ZmSBEII interaction protein.(ZH) 本发明公开了一种敲除SIP1基因提升玉米直链淀粉含量的实验方法，属于基因工程领域，主要包括：构建CRISPR/Cas9‑SIP1基因敲除载体，通过农杆菌转化目的玉米获得SIP1基因敲除的玉米植株。该基因工程方法通过干预SIP1对主基因ZmSBEII参与的淀粉分支作用，提升玉米籽粒中直链淀粉的含量。该方法的实现对利用ZmSBEII互作蛋白开发高直链淀粉玉米新品种具有重要的实践指导意义。",,China,31.05.2019,B,,,,,
CN441683932,202410885218,118773329,15.10.2024,"C12Q 1/6888
					






C12Q 1/6844
					






C12N 15/11
					








C12Q 1/6888
					






C12Q 1/6844
					






C12N 15/11
					






View less classifications","C12Q 1/6888
					






C12Q 1/6844
					








C12Q 1/6888
					






C12Q 1/6844
					






View less classifications","INSTITUTE OF PLANT PROTECTION, FAAS福建省农业科学院植物保护研究所",LI JIANYU李建宇ZHAO JIANWEI赵建伟CHEN YAN陈彦CHEN YANTING陈燕婷SHI MENGZHU史梦竹,北京慕达星云知识产权代理事务所(特殊普通合伙) 11465,,,"(EN) Rapid detection primer group, kit and identification method for Pseudococcus Jackbeeli G.Jackbeeli G.Jackbeeli(ZH) 一种杰克贝尔氏粉蚧快速检测引物组、试剂盒和鉴定方法","(EN) The invention discloses a primer group, a kit and an identification method for rapid detection of Pseudococcus Jracbeli. Relates to the technical field of molecular biology. Comprising JKB-RPA-F and JKB-RPA-R. The invention also provides a related kit and an identification method. According to the invention, a rapid detection system combining rapid crude extraction of DNA and RPA (recombinase polymerase isothermal amplification technology) with CRISPR-Cas12a is established, the system can complete detection of target insects within 1.2 h under the condition of constant temperature of 37 DEG C, the system has the characteristics of short time, high sensitivity and strong specificity, and an efficient method is provided for on-site rapid detection of Pseudococcus Jackbelianus. Compared with a traditional PCR technology and other rapid detection methods, the method is more suitable for field detection and is suitable for popularization and application.(ZH) 本发明公开了一种杰克贝尔氏粉蚧快速检测引物组、试剂盒和鉴定方法。涉及分子生物学技术领域。包括：JKB‑RPA‑F、JKB‑RPA‑R并提供了相关试剂盒与鉴定方法。本发明建立了快速粗提DNA、RPA(重组酶聚合酶等温扩增技术)结合CRISPR‑Cas12a的快速检测体系，该体系在37℃恒温条件下，1.2h内可完成对目标昆虫的检测，具有时间短、灵敏度高、特异性强的特点，为现场快速检测杰克贝尔氏粉蚧提供一种高效方法。相较于传统的PCR技术及其他快速检测方法，更适合实地现场检测、适合推广和应用。",,China,03.07.2024,A,,,,,
CN409112885,202310078501,116751807,15.09.2023,"C12N 15/82
					






C12N 15/29
					






C12N 15/113
					






A01H 5/10
					






A01H 5/00
					






A01H 6/00
					








C12N 15/82
					






C12N 15/29
					






C12N 15/113
					






A01H 5/10
					






A01H 5/00
					






A01H 6/00
					






View less classifications","C12N 15/8241
					






C12N 15/8218
					






C12N 15/8216
					






C07K 14/415
					








C12N 15/8241
					






C12N 15/8218
					






C12N 15/8216
					






C07K 14/415
					






View less classifications",NANJING FORESTRY UNIVERSITY南京林业大学,ZHOU FANGWEI周芳伟LI SHUXIAN李淑娴YIN TONGMING尹佟明,南京智转慧移知识产权代理有限公司 32649,,,(EN) Method for cultivating catkin-free poplar and sgRNA adopted by method(ZH) 一种培育无絮杨树的方法及其采用的sgRNA,"(EN) The invention discloses a method for cultivating a catkin-free poplar and sgRNA adopted by the method, and belongs to the technical field of biotechnology and plant genetic engineering. According to the method disclosed by the invention, three MIXTA genes (MIXTA02, 03 and 04) are determined to be specifically expressed in a poplar catkin development process by analyzing gene expression modes at different poplar catkin development time points. Whole genome analysis is carried out on populus trichocarpa, populus sutchuenensis, populus americana and populus 717, homologous genes of the three genes in different poplar trees are found out, general sgRNAs for targeted simultaneous knockout of three MIXTAs of different poplar trees are designed according to conserved sequences of the homologous genes, and the three MIXTA genes can be effectively edited in different poplar trees at the same time through a CRISPR technology. And a new floc-free phenotype variety is created. The invention provides an effective tool for creating a new variety of poplar without catkins by using a gene editing technical means and overcoming poplar catkins flying pollution, and has a wide application prospect.(ZH) 本发明公开了一种培育无絮杨树的方法及其采用的sgRNA，属于生物技术和植物基因工程技术领域。本发明通过对杨絮发育不同时间点的基因表达模式分析，确定了在杨絮发育过程中特异表达三个MIXTA基因(MIXTA02、03、04)。对毛果杨，山新杨，美洲黑杨和717杨进行全基因组分析，找出了这三个基因在不同杨树中的同源基因，根据同源基因的保守序列，设计了靶向同时敲除不同杨树三个MIXTA的通用sgRNAs，通过CRISPR技术，能够在不同杨树中实现对三个MIXTA基因同时进行有效编辑，创制无絮表型新品种。本发明为利用基因编辑技术手段创制无絮杨树新品种，克服杨树飞絮污染提供了有效工具，具有广阔的应用前景。",,China,07.02.2023,A,,,,,
CN411749951,202310640390,116875618,13.10.2023,"C12N 15/54
					






C12N 9/10
					






C12N 15/82
					






A01H 5/00
					






A01H 6/46
					








C12N 15/54
					






C12N 9/10
					






C12N 15/82
					






A01H 5/00
					






A01H 6/46
					






View less classifications","C12N 9/1029
					






C12N 15/8282
					






C12Y 203/01048
					








C12N 9/1029
					






C12N 15/8282
					






C12Y 203/01048
					






View less classifications",HUBEI UNIVERSITY湖北大学,DU XUEZHU杜雪竹SHENG FENG盛锋WU YANFEI巫燕飞ZHU ZHONGLIN朱忠林ZHANG YAN张岩FU YUQUAN傅玉全,,,,(EN) Extension factor complex subunit OsELP3 gene for regulating and controlling resistance of rice to rice blast and application of extension factor complex subunit OsELP3 gene(ZH) 调控水稻对稻瘟病抗性的延伸因子复合体亚基OsELP3基因及应用,"(EN) The invention belongs to the technical field of plant genetic engineering, and particularly relates to an elongation factor subunit OsELP3 gene for regulating and controlling resistance of rice to rice blast and application of the elongation factor subunit OsELP3 gene. The elongation factor subunit OsELP3 gene induced to express by magnaporthe oryzae is screened, and the nucleotide sequence of the elongation factor subunit OsELP3 gene is shown as SEQ ID NO: 1; the sequence of the protein coded by the gene is as shown in SEQ ID NO: 2. By means of agrobacterium tumefaciens-mediated transformation, an OsELP3 over-expression transgenic strain and a CRISPR/Cas9 mutant strain are obtained. The rice blast inoculation identification on the transgenic material finds that the resistance of the OsELP3 over-expression strain to the rice blast is enhanced, and the mutant strain is more susceptible to the rice blast bacteria, which indicates that the OsELP3 is a positive regulation factor of the rice to the rice blast resistance. The OsELP3 gene plays a positive regulation role in the rice blast resistance, and the resistance of rice to the rice blast can be remarkably improved by over-expression of the gene.(ZH) 本发明属于植物基因工程技术领域，具体涉及调控水稻对稻瘟病抗性的延伸因子亚基OsELP3基因及应用。筛选到一种受稻瘟病菌诱导表达的延伸因子亚基OsELP3基因，其核苷酸序列如SEQ ID NO:1所示；该基因编码的蛋白质序列如SEQ ID NO:2所示。利用农杆菌介导的转化，获得OsELP3超量表达转基因株系和CRISPR/Cas9突变株系。对转基因材料进行稻瘟病接种鉴定发现，OsELP3超量表达株系对稻瘟病抗性增强，而突变株系更感稻瘟病菌，表明OsELP3是水稻对稻瘟病抗性的正调控因子。OsELP3基因在水稻稻瘟病抗性中起正向调控作用，超量表达该基因，能显著提高水稻对稻瘟病的抗性。",,China,29.05.2023,A,,,,,
CN432885763,202410452686,118222620,21.06.2024,"C12N 15/84
					






C12N 15/11
					






C12N 15/29
					






A01H 5/00
					






A01H 6/34
					








C12N 15/84
					






C12N 15/11
					






C12N 15/29
					






A01H 5/00
					






A01H 6/34
					






View less classifications","C12N 15/8289
					






C12N 15/8218
					






C07K 14/415
					








C12N 15/8289
					






C12N 15/8218
					






C07K 14/415
					






View less classifications",NORTHWEST A&F UNIVERSITY西北农林科技大学,YUAN LI袁黎LIU MAN刘曼TIAN SHUJUAN田树娟ZHANG QIHUI张琪辉WANG JIAFA王家发ZHANG XIAN张显YOU XINGHAI游兴海LI WENXIN李文鑫,北京首捷专利代理有限公司 11873,,,(EN) Method for creating watermelon male sterility germplasm through gene editing ClTDM1(ZH) 一种通过基因编辑ClTDM1创制西瓜雄性不育种质的方法,"(EN) The invention discloses a method for creating watermelon male sterility germplasm through gene editing ClTDM1, and belongs to the technical field of plant gene engineering. According to the method for creating the watermelon male sterility germplasm through gene editing ClTDM1, gene editing is performed on the watermelon ClTDM1 through a CRISPR/Cas9 gene editing technology, so that the gene function is deleted, and the phenotype of recessive nuclear male sterility is generated. Compared with a normal material, the watermelon male sterile line created by the method disclosed by the invention has the advantages that the fertility of male flowers is changed, and other tissues such as roots, stems, leaves, tendrils, female flowers, fruits, seeds, growth vigor and the like have no visible phenotypic change. If the created male sterile new germplasm is used for hybrid seed production, the labor cost is greatly reduced, the seed production efficiency is improved, and the important production and application potential is achieved.(ZH) 本发明公开了一种通过基因编辑ClTDM1创制西瓜雄性不育种质的方法，属于植物基因工程技术领域。本发明公开的一种通过基因编辑ClTDM1创制西瓜雄性不育种质的方法，通过CRISPR/Cas9基因编辑技术对西瓜ClTDM1进行基因编辑，使该基因功能缺失，从而产生隐性细胞核雄性不育的表型。通过本发明方法创制的西瓜雄性不育系与正常的材料相比，除了雄花育性发生改变外，其他组织如根、茎、叶、卷须、雌花、果实、种子、生长势等都无可见表型变化。如果将创制的雄性不育新种质用于杂交种子生产将大幅度降低人工成本，提高制种效率，具有重要的生产应用潜力。",,China,16.04.2024,A,111518181,,,,
KR418625513,1020220073398,1020230172786,26.12.2023,"C12N 15/113
					






A01K 67/027
					






C12N 15/10
					






C12N 15/85
					








C12N 15/113
					






A01K 67/027
					






C12N 15/10
					






C12N 15/85
					






View less classifications","C12N 15/1138
					






A01K 67/0275
					






C12N 15/102
					






C12N 15/8509
					






A01K 2227/101
					






A01K 2227/102
					






View more classifications
							






C12N 15/1138
					






A01K 67/0275
					






C12N 15/102
					






C12N 15/8509
					






A01K 2227/101
					






A01K 2227/102
					






A01K 2227/103
					






A01K 2227/108
					






C12N 2310/20
					






View less classifications",대한민국(농촌진흥청장)대한민국(농림축산식품부 농림축산검역본부장)REPUBLIC OF KOREA(MANAGEMENT : RURAL DEVELOPMENT ADMINISTRATION)REPUBLIC OF KOREA(ANIMAL AND PLANT QUARANTINE AGENCY),CHAI HAN HALIM DAJEONGKIM TAE HUNPARK MI RIM채한화NOH YUN JEONG임다정LEE HAE SUN김태헌LEE MIN JA박미림노윤정이해선이민자,이원희,,,(EN) ITGB8 GENE EDITING CELL HAVING RESISTANCE TO FOOT-AND-MOUTH DISEASE VIRUS AND USE THEREOF(KO) 구제역 바이러스에 저항성을 갖는 ITGB8 유전자 편집 세포 및 이의 용도,"(EN) The present invention relates to an ITGB8 gene editing cell having resistance to foot-and-mouth disease virus and a use thereof and, more specifically, to an ITGB8 gene editing cell which edits a functional part of ITGB8 by applying a gene editing technology (CRISPR-Cas9) to a foot-and-mouth disease sensitive cell, and confirming resistance to foot-and-mouth disease virus, thereby being used for selecting a disease resistant individual or developing a disease resistant animal. COPYRIGHT KIPO 2024(KO) 본 발명은 구제역 바이러스에 저항성을 갖는 ITGB8 유전자 편집 세포 및 이의 용도에 관한 것으로, 구체적으로 구제역 감수성 세포에 유전자 편집기술 (CRISPR-Cas9)을 적용하여 ITGB8의 기능 부위를 편집한 유전자 편집 세포가 구제역 바이러스에 대한 저항능이 있음을 확인한 바, 질병저항성 개체 선발 또는 질병 저항성 동물 개발에 이용될 수 있다.",,Republic of Korea,16.06.2022,A,,,,,
CN302977965,201910107278,111518181,11.08.2020,"C07K 14/415
					






C12N 15/29
					






C12N 15/82
					






A01H 5/00
					






A01H 5/10
					






A01H 6/46
					








C07K 14/415
					






C12N 15/29
					






C12N 15/82
					






A01H 5/00
					






A01H 5/10
					






A01H 6/46
					






View less classifications","C07K 14/415
					






C12N 15/8213
					






C12N 15/8261
					






C12N 2810/10
					








C07K 14/415
					






C12N 15/8213
					






C12N 15/8261
					






C12N 2810/10
					






View less classifications",HUNAN HYBRID RICE RESEARCH CENTER湖南杂交水稻研究中心,LI LI李莉LI YIXING李懿星ZHANG DABING张大兵QIU MUDAN邱牡丹WANG TIANKANG王天抗SONG SHUFENG宋书锋,北京纪凯知识产权代理有限公司 11245,,,(EN) Method for increasing yield of rice and protein used in method(ZH) 提高水稻产量的方法及其所用蛋白质,"(EN) The invention discloses a method for increasing the yield of rice and protein used in the method. The invention provides a method for cultivating target rice. The method comprises the following stepsof inhibiting the activity of RAY1 protein in starting rice to obtain the target rice. Compared with the starting rice, the target rice shows yield increase and/or grain enlargement and/or plant height increase and/or stem internode lengthening; and the RAY1 protein is protein composed of an amino acid sequence as shown in SEQ ID No.1 in a sequence table. A rice RAY1 gene is edited at a fixed point by utilizing a CRISPR/Cas9 technology, and the rice RAY1 gene is knocked out through frame shift mutation, so that the protein RAY1 is inactivated, and a new generation of new rice germplasm with obviously improved yield is obtained.(ZH) 本发明公开了一种提高水稻产量的方法及其所用蛋白质。本发明提供了一种培育目的水稻的方法，包括如下步骤：抑制出发水稻中RAY1蛋白的活性，得到目的水稻；所述目的水稻与所述出发水稻相比，表现出产量增加和/或籽粒变大和/或植株株高增加和/或茎节间变长；所述RAY1蛋白为序列表中SEQ ID No.1所示的氨基酸序列组成的蛋白质。本发明利用CRISPR/Cas9技术，定点编辑水稻RAY1基因，通过移码突变，敲除了水稻了RAY1基因，使蛋白RAY1失活，获得了产量明显提高的新一代水稻新种质。",,China,02.02.2019,B,109097346,,,,
CN403548598,202310408542,116463355,21.07.2023,"C12N 15/29
					






C12N 15/82
					






C12N 15/11
					






C07K 14/415
					






C12Q 1/6895
					






A01H 5/00
					






View more classifications
							






C12N 15/29
					






C12N 15/82
					






C12N 15/11
					






C07K 14/415
					






C12Q 1/6895
					






A01H 5/00
					






A01H 5/12
					






A01H 6/14
					






View less classifications","C07K 14/415
					






C12N 15/8218
					






C12N 15/8261
					






C12Q 1/6895
					






C12Q 2600/13
					






C12Q 2600/156
					






View more classifications
							






C07K 14/415
					






C12N 15/8218
					






C12N 15/8261
					






C12Q 1/6895
					






C12Q 2600/13
					






C12Q 2600/156
					






Y02A 40/146
					






View less classifications",HENAN AGRICULTURAL UNIVERSITY河南农业大学,TANG JIHUA汤继华FU ZHIYUAN付志远YANG HUILI杨慧丽CHEN YONGQIANG陈永强ZHANG XUEHAI张雪海DING DONG丁冬GAO JINGJING高晶晶,郑州盈派知识产权代理事务所(普通合伙) 41196郑州盈派知识产权代理事务所(普通合伙) 41196,,,"(EN) Lettuce yield regulation gene LOC111907799 as well as encoding protein, expression vector and application of lettuce yield regulation gene LOC111907799(ZH) 生菜产量调控基因LOC111907799、其编码蛋白、表达载体及其应用","(EN) The invention discloses a lettuce yield regulation gene LOC111907799 as well as an encoding protein, an expression vector and an application of the lettuce yield regulation gene LOC111907799. According to the application, CRISPR/Cas9 knockout is carried out on the lettuce gene LOC111907799, and the influence of the gene on the leaf number, the leaf size, the plant height and the like of lettuce is defined; the effect of improving the yield of the lettuce is verified; therefore, a solid technical support is provided for improving the yield of the lettuce by using the LOC111907799 gene.(ZH) 本申请公开了一种生菜产量调控基因LOC111907799、其编码蛋白、表达载体及其应用；本申请对生菜基因LOC111907799进行CRISPR/Cas9敲除，明确了该基因对生菜叶片数、叶片大小、株高等性状表现的影响；验证了其对生菜产量的提高作用；从而为利用LOC111907799基因提高生菜产量提供了坚实的技术支撑。",,China,17.04.2023,A,,,,,
CN235944865,201811038026,109097346,28.12.2018,"C12N 9/10
					






C12N 15/54
					






C12N 15/82
					






A01H 5/00
					






A01H 6/46
					








C12N 9/10
					






C12N 15/54
					






C12N 15/82
					






A01H 5/00
					






A01H 6/46
					






View less classifications","C12N 9/1022
					






C12N 15/8274
					






C12Y 202/01006
					






C12Q 1/6895
					






C12Q 2600/13
					






C12N 9/10
					






View more classifications
							






C12N 9/1022
					






C12N 15/8274
					






C12Y 202/01006
					






C12Q 1/6895
					






C12Q 2600/13
					






C12N 9/10
					






C07K 14/415
					






C12N 15/8213
					






C12N 2310/20
					






C12N 2800/80
					






View less classifications",JIANGSU ACADEMY OF AGRICULTURAL SCIENCES江苏省农业科学院,YANG JIE杨杰WANG FANGQUAN王芳权,南京苏高专利商标事务所(普通合伙) 32204,,,(EN) Applications of ALS (acetolactate synthase) mutant type protein based on gene editing technology and ALS mutant type protein gene in plant breeding(ZH) 基于基因编辑技术的ALS突变型蛋白及其基因在植物育种中的应用,"(EN) The invention discloses a rice ALS (acetolactate synthase) mutant type protein, a mutant type gene and applications of the rice ALS mutant type protein and the mutant type gene. The amino acid sequence of the ALS mutant type protein has following mutation: the 628-poisiton amino acid corresponding to the amino acid sequence of rice ALS has the mutation. The invention further discloses a breeding method of creating herbicide-resistant rice by gene editing. The CRISPR/Cas9 gene editing technology is used for editing the ALS gene for the first time, a T-DNA-knockout new material with the stably inherited herbicide resistant characteristic can be obtained in the T2 generation through offspring screening, and basic agronomic traits of the new material have no obvious change. Compared with breeding based on chemical mutagenesis, hybrid transform breeding and the like, the orderly improved molecular breeding technology based on gene editing has the advantages of being rapid, accurate, efficient and the like, and by means of combination with gene function marked genotype selection, breeding efficiency can be greatly increased and breeding progress is substantially accelerated.(ZH) 本发明公开了水稻ALS突变型蛋白、突变型基因及其应用，所述ALS突变型蛋白的氨基酸序列存在以下突变：其对应于水稻ALS的氨基酸序列的第628位氨基酸发生突变，本发明还公开了利用基因编辑创制抗除草剂水稻的育种方法。本发明首次利用CRISPR/Cas9基因编辑技术，对ALS基因进行编辑，通过后代的筛选，在T2代就可以获得剔除T‑DNA、抗除草剂特性稳定遗传的新材料，而新材料的基本农艺性状无明显改变。相对于化学诱变、杂交转育等育种，基因编辑定向改良分子育种技术具有快速、精准、高效等优点，结合基因功能标记基因型选择，将会极大提高育种效率，大大加快育种进程。",,China,06.09.2018,B,,,,,
CN431139463,202211540566,118127030,04.06.2024,"C12N 15/29
					






C07K 14/415
					






C12N 15/82
					






A01H 5/00
					






A01H 6/46
					








C12N 15/29
					






C07K 14/415
					






C12N 15/82
					






A01H 5/00
					






A01H 6/46
					






View less classifications","C07K 14/415
					






C12N 15/8216
					






C12N 15/8271
					








C07K 14/415
					






C12N 15/8216
					






C12N 15/8271
					






View less classifications","BIOTECHNOLOGY RESEARCH INSTITUTE, CAAS中国农业科学院生物技术研究所",YANG LIWEN杨立文GU XIAOFENG谷晓峰LIU CHAOFAN刘超凡,北京纪凯知识产权代理有限公司 11245,,,(EN) Application of heat stress resistance related protein OsALKBHL1 or substance for regulating expression of heat stress resistance related protein OsALKBHL1(ZH) 热胁迫抗性相关蛋白OsALKBHL1或调控其表达的物质的应用,"(EN) The invention discloses application of a heat stress resistance related protein OsALKBHL1 or a substance for regulating and controlling expression of the heat stress resistance related protein OsALKBHL1. The invention belongs to the technical field of biology, and provides a protein which is OsALKBHL1 protein and can be as follows: A1) a protein with an amino acid sequence of SEQ ID No.1; a2) a protein which is obtained by substitution and/or deletion and/or addition of amino acid residues on the protein of A1), has 80% or more of identity with the protein of A1) and has a function of regulating and controlling plant stress resistance; and A3) a fusion protein obtained by connecting a protein tag to one end of A1) or A2). The CRISPR/Cas9 mediated gene editing technology is used for carrying out specific target site-directed mutagenesis or knockout on the rice heat stress resistance coding gene Osalkbhl1, a new material is provided for breeding of rice varieties with heat stress resistance, and a positive effect is achieved on accelerating improvement of the rice varieties.(ZH) 本发明公开了热胁迫抗性相关蛋白OsALKBHL1或调控其表达的物质的应用。本发明属于生物技术领域，本发明提供的蛋白质为OsALKBHL1蛋白，可为如下：A1)氨基酸序列是SEQ ID No.1的蛋白质；A2)将A1)的蛋白质经过氨基酸残基的取代和/或缺失和/或添加得到的与A1)的蛋白质具有80％以上的同一性且具有调控植物抗胁迫功能的蛋白质；A3)在A1)或A2)的一端连接蛋白质标签得到的融合蛋白质。利用CRISPR/Cas9介导的基因编辑技术对水稻热胁迫抗性编码基因Osalkbhl1进行特定靶点的定点突变或敲除，为热胁迫抗性的水稻品种选育提供新材料，对加快改良水稻品种具有积极的作用。",,China,01.12.2022,A,,,,,
CN440776604,202410777352,118726388,01.10.2024,"C12N 15/29
					






C07K 14/415
					






C12N 15/82
					






A01H 5/00
					






A01H 6/54
					








C12N 15/29
					






C07K 14/415
					






C12N 15/82
					






A01H 5/00
					






A01H 6/54
					






View less classifications","C07K 14/415
					






C12N 15/8261
					






Y02A 40/146
					








C07K 14/415
					






C12N 15/8261
					






Y02A 40/146
					






View less classifications",NORTHWEST A&F UNIVERSITY西北农林科技大学,WANG YOUNING王幼宁TAI YUYING邰玉莹FAN YUANYUAN范圆圆CHEN GONG陈功YE JUNJIE叶俊杰LI XIA李霞,石家庄轻拓知识产权代理事务所(普通合伙) 13128,,,(EN) Soybean root nodule related gene GmWAK2a and application thereof(ZH) 大豆根瘤相关基因GmWAK2a及其应用,"(EN) The invention discloses a soybean root nodule related gene GmWAK2a and application thereof, a CRISPR-Cas9 gene editing system is used for performing expression control on a target gene GmWAK2a so as to regulate and control the number of soybean root nodules, and the expression quantity of the gene is regulated and controlled through molecular biology operation, so that a transgenic plant of which the number of root nodules is increased or reduced compared with a blank control is obtained. Based on experimental research and scientific research that GmWAK2a in soybean participates in regulation and control of soybean nodules, a technical path for improving the number of soybean nodules through gene editing of GmWAK2a is created, and the method has important value in theory and application double aspects.(ZH) 本发明公开了大豆根瘤相关基因GmWAK2a及其应用，使用CRISPR‑Cas9基因编辑系统对目的基因GmWAK2a进行表达控制以调控大豆根瘤数目，通过分子生物学操作调控所述基因的表达量，由此得到与空白对照相比根瘤数目增加或降低的转基因植株。本发明基于大豆中GmWAK2a参与调控大豆结瘤的试验研究和科研发现，创制通过基因编辑GmWAK2a以提高大豆结瘤数目的技术路径，具有理论和应用双层面的重要价值。",,China,17.06.2024,A,,,,,
CN407961461,202310752230,116716305,08.09.2023,"C12N 15/12
					






C07K 14/435
					






C12N 15/87
					






A01K 67/033
					








C12N 15/12
					






C07K 14/435
					






C12N 15/87
					






A01K 67/033
					






View less classifications","C07K 14/43563
					






C12N 15/87
					






A01K 2267/03
					






A01K 2227/706
					






A01K 67/68
					








C07K 14/43563
					






C12N 15/87
					






A01K 2267/03
					






A01K 2227/706
					






A01K 67/68
					






View less classifications","INSTITUTE OF PLANT PROTECTION, CHINESE ACADEMY OF AGRICULTURAL SCIENCES中国农业科学院植物保护研究所",LYU ZHICHUANG吕志创TANG YANHONG唐艳红LIU WANXUE刘万学GUO JIANYANG郭建洋YANG NIANWAN杨念婉HUANG CONG黄聪MA DONGFANG马东方ZHANG GUIFEN张桂芬WAN FANGHAO万方浩,北京法信智言知识产权代理事务所(特殊普通合伙) 11737,,,(EN) Tomato leaf miner LW2 gene and application thereof in regulation and control of phototaxis and color taxis selection of Tomato leaf miner(ZH) 番茄潜叶蛾LW2基因及其用于调控番茄潜叶蛾趋光和趋色选择中的应用,"(EN) The invention relates to the technical field of agricultural biology, in particular to a tomato leaf miner LW2 gene and application of the tomato leaf miner LW2 gene to regulation and control of phototaxis and color taxis behavior selection of tomato leaf miners. According to the invention, the long-wavelength sensitive opsin protein LW2 gene is cloned from an important invasive pest tomato leaf miner for the first time, and an LW2 gene mutation homozygous strain is constructed based on a CRISPR/Cas technology. The phototaxis and color taxis selection behaviors of the target gene mutation homozygous strain are significantly changed. The obtained result provides a new way for research and development of an efficient, safe and environment-friendly novel prevention and control technology.(ZH) 本发明涉及农业生物技术领域，具体的涉及番茄潜叶蛾LW2基因及其用于调控番茄潜叶蛾趋光和趋色行为选择中的应用。本发明首次从重要入侵害虫番茄潜叶蛾中克隆获得长波长敏感视蛋白LW2基因，基于CRISPR/Cas技术构建了LW2基因突变纯合品系。靶基因突变纯合品系的趋光和趋色选择行为发生了显著性变化。所取得的结果为研发高效安全环保的新型防控技术提供新的途径。",,China,26.06.2023,A,,,,,
CN324149975,202110239257,112760304,07.05.2021,"C12N 9/10
					






C12N 15/54
					






C12N 15/84
					






C12N 15/55
					






A01H 5/10
					






A01H 6/46
					








C12N 9/10
					






C12N 15/54
					






C12N 15/84
					






C12N 15/55
					






A01H 5/10
					






A01H 6/46
					






View less classifications","C12N 9/1051
					






C12N 15/8218
					






C12N 15/8245
					






C12N 15/8205
					






C12N 9/22
					






C12Y 204/01021
					








C12N 9/1051
					






C12N 15/8218
					






C12N 15/8245
					






C12N 15/8205
					






C12N 9/22
					






C12Y 204/01021
					






View less classifications",SHANGHAI NORMAL UNIVERSITY上海师范大学,ZHANG HUI张辉WANG CHONG汪冲WEI CHUANG魏闯JIA MENG贾萌,浙江千克知识产权代理有限公司 33246,,,(EN) GBSSI mutant protein based on gene editing technology and application thereof in plant breeding(ZH) 基于基因编辑技术的GBSSI突变型蛋白及其在植物育种中的应用,"(EN) The invention discloses a rice amylose synthase GBSSI mutant protein, a coding gene thereof and an application of the GBSSI mutant protein in breeding. An amino acid sequence of the GBSSI mutant protein has the following mutations that the 178th amino acid of the corresponding rice GBSSI amino acid sequence is mutated. The invention also discloses a breeding method for creating rice with amylose content of about 5% by gene editing. A CRISPR/Cas9 gene editing technology is utilized to carry out site-directed mutagenesis on a Waxy gene, a new material without a Cas9 element can be obtained in a T1 generation through offspring screening, and basic agronomic characters of the new material are not obviously changed compared with those of a wild type. Compared with traditional chemical mutation breeding, cross breeding and other means, a gene editing oriented improved molecular breeding technology has the advantages of high efficiency, accuracy and the like, the breeding efficiency is greatly improved, and the breeding process is accelerated.(ZH) 本发明公开了水稻直链淀粉合成酶GBSSI突变型蛋白、其编码基因及在育种中的应用，所述GBSSI突变型蛋白的氨基酸序列存在以下突变：其对应的水稻GBSSI氨基酸序列的第178位氨基酸发生突变，本发明还公开了利用基因编辑创制直链淀粉含量5％左右水稻的育种方法。本发明利用CRISPR/Cas9基因编辑技术，对Waxy基因进行定点突变，通过后代筛选，在T1代可以获得剔除Cas9元件的新材料，而新材料的基本农艺性状与野生型相比无明显改变。相对于传统的化学诱变育种和杂交育种等手段，基因编辑定向改良分子育种技术具有高效、精准等优点，极大提高育种效率、加快育种进程。",,China,04.03.2021,A,,,,,
,,,,,,,,,,,,,,,,A,,,,,