Application Id,Application Number,Office,Application Date,Publication Number,Publication Date,Publication Kind,IPC,CPC,Applicants,Inventors,Agents,Title,Designated States,Abstract,Grant Number,Grant Date,Related Patent Documents,Priority Data
CN405925555,202310197438,China,04.03.2021,116514934,01.08.2023,B,"C07K 14/31
					






C12N 9/22
					








C07K 14/31
					






C12N 9/22
					






View less classifications","C07K 14/31
					






C12N 9/22
					






Y02A 50/30
					








C07K 14/31
					






C12N 9/22
					






Y02A 50/30
					






View less classifications",WEST (CHONGQING) SCIENCE CITY GERMPLASM CREATION AND SYSTEM BIG SCIENCE CENTER西部（重庆）科学城种质创制大科学中心CHINESE PEOPLE'S LIBERATION ARMY ARMY SPECIALIZED MEDICAL CENTER中国人民解放军陆军特色医学中心,LIN PING林平JIANG JIANXIN蒋建新WU MIN吴敏,北京同恒源知识产权代理有限公司 11275,(EN) Anti-CRISPR-Cas protein AcrIIIA1IME1367 and application thereof(ZH) 抗CRISPR-Cas蛋白AcrIIIA1IME1367及其应用,,"(EN) The invention belongs to the technical field of RNA (Ribonucleic Acid) editing, and in particular relates to a CRISPR (Clustered Regularly Interspaced Short Palindromic Repeats)-Cas (Clustered Regularly Interspaced Short Palindromic Repeats) system inhibitor AcrIII1IME1367 from Staphylocccus phage IME1367 and application of the CRISPR-Cas system inhibitor AcrIII1IME1367. The homologous protein AcrIII1IME1367 of the AcrIIIA1 is obtained by screening, the fact that the AcrIII1IME1367 inhibits the editing activity of III-A type CRISPR-Cas genes is identified, the fact that the AcrIII1IME1367 in bacteria controls'closing 'of the editing ability of the The AcrIIIA1IME1367 inhibitor can control the editing efficiency of the III-A type CRISPR-CasRNA in time or space, and the safety and practicability of the III-A type CRISPR-CasRNA editing technology in the fields of biological treatment, biotechnology, agriculture and the like are improved.(ZH) 本发明属于RNA编辑技术领域，具体为一种来自于StaphylococcusphageIME1367的CRISPR‑Cas系统抑制剂AcrIIIA1<subgt;IME1367</subgt;及其应用，本发明筛选得到了AcrIIIA1的同源性蛋白AcrIIIA1<subgt;IME1367</subgt;，并鉴定了AcrIIIA1<subgt;IME1367</subgt;抑制III‑A型CRISPR‑Cas基因编辑活性，在细菌中AcrIIIA1<subgt;IME1367</subgt;控制III‑A型CRISPR‑Cas基因编辑能力的“关闭”，丰富了III‑A型CRISPR‑Cas系统抑制剂的种类。AcrIIIA1<subgt;IME1367</subgt;抑制剂可以在时间或空间上控制III‑A型CRISPR‑CasRNA编辑效率，提高III‑A型CRISPR‑Cas编辑技术在生物治疗、生物技术和农业等领域的安全性和实用性。",116514934,30.04.2024,,
CN329006380,202110240048.X,China,04.03.2021,112979771,18.06.2021,B,"C07K 14/31
					






C12N 9/22
					






C12N 15/113
					








C07K 14/31
					






C12N 9/22
					






C12N 15/113
					






View less classifications","C07K 14/31
					






C12N 9/22
					






Y02A 50/30
					








C07K 14/31
					






C12N 9/22
					






Y02A 50/30
					






View less classifications",CHINESE PEOPLE'S LIBERATION ARMY ARMY SPECIALIZED MEDICAL CENTER西部（重庆）科学城种质创制大科学中心中国人民解放军陆军特色医学中心,LIN PING林平JIANG JIANXIN蒋建新WU MIN吴敏,北京同恒源知识产权代理有限公司 11275,(EN) III-A type CRISPR-Cas system inhibitor AcrIIIA2 and application thereof(ZH) III-A型CRISPR-Cas系统抑制剂AcrIIIA2及其应用,,"(EN) The invention belongs to the technical field of RNA editing, and particularly relates to a III-A type CRISPR-Cas system inhibitor AcrIIIA2 and application thereof. According to the invention, the III-A type CRISPR-Cas system inhibitor AcrIIIA2 for inhibiting the editing activity of a III-A type CRISPR-Cas gene is screened from a Staphyloccus argenteus 3688STDY6125118 bacterial gene sequence, and in bacteria andmammalian cells, the AcrIIIA2 controls ""closing"" of the III-A type CRISPR-Cas gene editing ability. In addition, the invention further provides a homologous protein of the AcrIIIA2. The homologous protein has the same inhibition effect, and the variety of III-A type CRISPR-Cas system inhibitors is enriched. The AcrIIIA2 inhibitor and the homologous protein thereof can control the III-A type CRISPR-Cas RNA editing efficiency in time or space, and the safety and practicability of the III-A type CRISPR-Cas editing technology in the fields of biological treatment, biotechnology, agriculture and the like are improved.(ZH) 本发明属于RNA编辑技术领域，具体为一种III‑A型CRISPR‑Cas系统抑制剂AcrIIIA2及其应用，本发明从Staphylococcus argenteus 3688STDY6125118细菌基因序列中筛选出抑制III‑A型CRISPR‑Cas基因编辑活性的III型抗CRISPR抑制剂AcrIIIA2，在细菌和哺乳细胞中AcrIIIA2控制III‑A型CRISPR‑Cas基因编辑能力的“关闭”。此外，本发明还提供了AcrIIIA2的同源性蛋白，并具有相同抑制效果，丰富了III‑A型CRISPR‑Cas系统抑制剂的种类。AcrIIIA2抑制剂及其同源蛋白可以在时间或空间上控制III‑A型CRISPR‑Cas RNA编辑效率，提高III‑A型CRISPR‑Cas编辑技术在生物治疗、生物技术和农业等领域的安全性和实用性。",112979771,02.05.2023,,
CN405937557,202310197452,China,04.03.2021,116514935,01.08.2023,B,"C07K 14/31
					






C12N 9/22
					








C07K 14/31
					






C12N 9/22
					






View less classifications","C07K 14/31
					






C12N 9/22
					






Y02A 50/30
					








C07K 14/31
					






C12N 9/22
					






Y02A 50/30
					






View less classifications",WEST (CHONGQING) SCIENCE CITY GERMPLASM CREATION AND SYSTEM BIG SCIENCE CENTER西部（重庆）科学城种质创制大科学中心CHINESE PEOPLE'S LIBERATION ARMY ARMY SPECIALIZED MEDICAL CENTER中国人民解放军陆军特色医学中心,LIN PING林平JIANG JIANXIN蒋建新WU MIN吴敏,北京同恒源知识产权代理有限公司 11275,(EN) Inhibitor AcrIIIA1IPLA35 of RNA editing system and application of inhibitor AcrIIIA1IPLA35(ZH) RNA编辑系统的抑制剂AcrIIIA1IPLA35及其应用,,"(EN) The invention belongs to the technical field of RNA editing, and particularly relates to a III-A type CRISPR-Cas system inhibitor AcrIII1IPLA35 and application of the III-A type CRISPR-Cas system inhibitor AcrIII1IPLA35. The homologous protein AcrIII1IPLA35 of the screened AcrIIIA1 is from Staphyloccusvirus IPLA35, it is identified that the AcrIII1IPLA35 inhibits the gene editing activity of the III-A type CRISPR-Cas, the AcrIII1IPLA35 controls closing of the gene editing ability of the III-A type CRISPR-Cas in bacteria, and the variety of the III-A type CRISPR-Cas system inhibitor is enriched. The AcrIIIA1IPLA35 inhibitor can control the editing efficiency of the III-A type CRISPR-CasRNA in time or space, and the safety and practicability of the III-A type CRISPR-CasRNA editing technology in the fields of biological treatment, biotechnology, agriculture and the like are improved.(ZH) 本发明属于RNA编辑技术领域，具体为一种III‑A型CRISPR‑Cas系统抑制剂AcrIIIA1<subgt;IPLA35</subgt;及其应用，本发明筛选的AcrIIIA1的同源性蛋白AcrIIIA1<subgt;IPLA35</subgt;来自于StaphylococcusvirusIPLA35噬菌体病毒，本发明鉴定了AcrIIIA1<subgt;IPLA35</subgt;抑制III‑A型CRISPR‑Cas基因编辑活性，在细菌中AcrIIIA1<subgt;IPLA35</subgt;控制III‑A型CRISPR‑Cas基因编辑能力的“关闭”，丰富了III‑A型CRISPR‑Cas系统抑制剂的种类。AcrIIIA1<subgt;IPLA35</subgt;抑制剂可以在时间或空间上控制III‑A型CRISPR‑CasRNA编辑效率，提高III‑A型CRISPR‑Cas编辑技术在生物治疗、生物技术和农业等领域的安全性和实用性。",116514935,30.04.2024,,
CN333878095,202110510546,China,11.05.2021,113215156,06.08.2021,B,"C12N 15/113
					






C12N 9/22
					






C12N 15/82
					






C12N 15/29
					






A01H 5/10
					






A01H 6/46
					








C12N 15/113
					






C12N 9/22
					






C12N 15/82
					






C12N 15/29
					






A01H 5/10
					






A01H 6/46
					






View less classifications","C12N 15/113
					






C12N 9/22
					






C12N 15/8261
					






C07K 14/415
					






C12N 2310/20
					








C12N 15/113
					






C12N 9/22
					






C12N 15/8261
					






C07K 14/415
					






C12N 2310/20
					






View less classifications",BEIJING ACADEMY OF AGRICULTURE AND FORESTRY SCIENCES北京市农林科学院,ZHAO JIURAN赵久然YANG JINXIAO杨进孝ZHANG XIANG张翔SHI YAXING史亚兴LU BAISHAN卢柏山WU YING武莹LIU YA刘亚WANG YUANDONG王元东,北京纪凯知识产权代理有限公司 11245,(EN) Method for efficiently creating fragrant corn by using CRISPR/Cas9 technology(ZH) 一种利用CRISPR/Cas9技术高效创制香味玉米的方法,,"(EN) The invention discloses a method for efficiently creating fragrant corn by utilizing a CRISPR/Cas9 technology. According to the method, targets are designed for exon regions of a corn ZmBADH2-1 gene and a ZmBADH2-2 gene and a CRISPR/Cas9 gene editing carrier is constructed, and a double-gene knockout mutant is obtained through genetic transformation. Experiments prove that in grains of four T1-generation double-gene knockout mutants, the highest content of 2-AP is 438.29 [mu]g.kg <-1>, the lowest content of the 2-AP is 161.82 [mu]g.kg <-1>, and the 2-AP is not detected in Jing 724 which is not edited. According to the method, the aroma trait of the corn is directionally improved efficiently from a molecular genetics level by using a CRISPR/Cas9 technology, new germplasms of backbone parents of corn with different aroma gradients is efficiently created, and a new breeding material is provided for development of an aromatic corn variety and improvement of the taste quality of the corn.(ZH) 本发明公开了一种利用CRISPR/Cas9技术高效创制香味玉米的方法。本发明对玉米ZmBADH2‑1基因和ZmBADH2‑2基因的外显子区域设计靶点并构建CRISPR/Cas9基因编辑载体，通过遗传转化获得双基因敲除突变体。通过实验证明：4个T1代双基因敲除突变体的籽粒中，2‑AP含量最高为438.29μg·kg‑1、最低为161.82μg·kg‑1，而未经过编辑的京724中未检测到2‑AP。本发明利用CRISPR/Cas9技术从分子遗传学层面定向、高效地改良玉米香味性状，高效创制出不同香味梯度的玉米骨干亲本新种质，为香型玉米品种的开发和玉米食味品质的提升提供了新的育种材料。",113215156,22.07.2022,,
CN326420260,202110155151,China,04.02.2021,112852745,28.05.2021,B,"C12N 5/10
					






C12N 15/113
					






C12N 15/85
					






C12Q 1/70
					






C12Q 1/6851
					






G01N 33/569
					






View more classifications
							






C12N 5/10
					






C12N 15/113
					






C12N 15/85
					






C12Q 1/70
					






C12Q 1/6851
					






G01N 33/569
					






G01N 21/31
					






C12R 1/91
					






View less classifications","C12N 15/1137
					






C12N 15/85
					






C12N 9/80
					






C12Q 1/701
					






C12Q 1/6851
					






G01N 33/56983
					






View more classifications
							






C12N 15/1137
					






C12N 15/85
					






C12N 9/80
					






C12Q 1/701
					






C12Q 1/6851
					






G01N 33/56983
					






G01N 21/31
					






C12Y 305/01098
					






C12N 2310/20
					






C12Q 2600/166
					






G01N 2333/09
					






Y02A 50/30
					






View less classifications","LANZHOU VETERINARY RESEARCH INSTITUTE, CHINESE ACADEMY OF AGRICULTURE SCIENCES中国农业科学院兰州兽医研究所",HOU SHITONG侯石桐SUN YUEFENG孙跃峰WANG XIANGWEI王相伟YIN XIANGPING殷相平MAO RUOQING毛箬青ZHAO SHUAIYANG赵帅阳,北京兴智翔达知识产权代理有限公司 11768,(EN) HDAC3 gene knockout BHK-21 cell line as well as construction method and application thereof(ZH) HDAC3基因敲除的BHK-21细胞系及其构建方法和应用,,"(EN) The invention discloses a construction method of an HDAC3 gene knockout BHK-21 cell line, which comprises the following steps: carrying out gene knockout on HDAC3 in a cell line BHK-21 for foot-and-mouth disease vaccine production by utilizing a CRISPR/Cas9 technology, transfecting BHK-21 cells by utilizing CRISPR plasmids for knocking out the HDAC3, and separating the cells to obtain a plurality of cell clones by utilizing antibiotic screening in combination with gradient dilution and a cloning ring method; extracting the genome DNA, performing PCR amplification and sequencing, and successfully identifying the cell clones of which two HDAC3 genes are subjected to homozygous frameshift mutation. In the HDAC3 knockout BHK-21 cell line, the replication rate of foot-and-mouth disease virus is obviously accelerated, the final virus titer is obviously improved, and the HDAC3 knockout has no obvious influence on the cell growth rate, so that the HDAC3 knockout BHK-21 cell line has the prospect of being used for foot-and-mouth disease vaccine production. Therefore, the foundation is laid for further knocking out HDAC3 from suspension culture type BHK-21 cells and directly applying HDAC3 to foot-and-mouth disease vaccine production.(ZH) 本发明公开了HDAC3基因敲除的BHK‑21细胞系的构建方法，利用CRISPR/Cas9技术对口蹄疫疫苗生产用细胞系BHK‑21中的HDAC3进行基因敲除，将用于敲除HDAC3的CRISPR质粒转染BHK‑21细胞后，利用抗生素筛选结合梯度稀释，用克隆环法分离到了多个细胞克隆。提取基因组DNA后进行PCR扩增、测序，成功鉴定到了2个HDAC3基因发生纯合移码突变的细胞克隆。HDAC3敲除的BHK‑21细胞系中口蹄病毒复制速率明显加快，最终病毒滴度有显著提高，且HDAC3敲除后对细胞生长速率无显著影响，说明其有用于口蹄疫疫苗生产的前景。为进一步在悬浮培养型BHK‑21细胞中敲除HDAC3，直接用于口蹄疫疫苗生产奠定了基础。",112852745,23.05.2023,,
CN349499155,202111388007,China,22.11.2021,113957087,21.01.2022,B,"C12N 15/57
					






C12N 9/50
					






C12N 15/113
					






C12N 15/82
					






A01H 5/00
					






A01H 6/46
					








C12N 15/57
					






C12N 9/50
					






C12N 15/113
					






C12N 15/82
					






A01H 5/00
					






A01H 6/46
					






View less classifications","C12N 9/63
					






C12N 15/1137
					






C12N 15/8218
					






C12N 15/8273
					






C12Y 304/21062
					






C12N 2800/22
					






View more classifications
							






C12N 9/63
					






C12N 15/1137
					






C12N 15/8218
					






C12N 15/8273
					






C12Y 304/21062
					






C12N 2800/22
					






C12N 2310/20
					






View less classifications",TIANJIN ACADEMY OF AGRICULTURAL SCIENCES天津市农业科学院,LIU JINGYAN刘静妍LIU XUEJUN刘学军CHEN ZHICAI陈志材ZHANG RONGXUE张融雪GUO YANLI郭彦丽LU XIN路信TONG HUI佟卉LIU YANQING刘燕清YAN SHUANGYONG闫双勇PAN YANG潘洋CAI YUMENG蔡昱萌HE FEI何飞WANG YING汪颖LI JUNLING李军玲SUN YUE孙玥,天津心知意达知识产权代理事务所(普通合伙) 12260,(EN) Application of Sub gene in regulation and control of cold resistance of rice(ZH) Sub基因在调控水稻耐寒性中的应用,,"(EN) The invention provides an application of a Sub gene in regulation and control of cold resistance of plants. A nucleotide sequence of the Sub gene is shown as SEQ ID No.1. According to the invention, cold-resistant transgenic plants are obtained by knocking out the Sub gene in the plants with CRISPR technology. The Sub gene is applied to improve cold resistance of rice, and has very important significance on the cultivation of a new variety of stress-resistant rice and even the genetic improvement of the stress resistance of the plants.(ZH) 本发明提供了Sub基因在调控植物耐寒性中的应用，Sub基因的核苷酸序列SEQ ID No.1所示。本发明通过在植物中利用CRISPR技术敲除Sub基因，获得耐寒的转基因植物，并将Sub基因应用于水稻耐寒性的提高，对于培育抗逆境水稻新品种乃至植物抵抗逆境的遗传改良都将具有非常重要的意义。",113957087,28.04.2023,,
CN318550213,202011151685,China,23.10.2020,112359057,12.02.2021,B,"C12N 15/84
					






A01H 5/00
					






A01H 6/00
					








C12N 15/84
					






A01H 5/00
					






A01H 6/00
					






View less classifications","C12N 15/8216
					






C12N 15/825
					






C12N 9/001
					






C12Y 103/99
					








C12N 15/8216
					






C12N 15/825
					






C12N 9/001
					






C12Y 103/99
					






View less classifications",ZHEJIANG UNIVERSITY浙江大学,DU JUAN杜娟WANG YAO王瑶AN YI安轶LU MENGZHU卢孟柱,北京市广友专利事务所有限责任公司 11237,(EN) Application of CRISPR/Cas12a gene editing system in 84K poplar gene editing(ZH) CRISPR/Cas12a基因编辑系统在84K杨树基因编辑中的应用,,"(EN) The invention relates to application of a CRISPR/Cas12a gene editing system in 84K poplar gene editing, and belongs to the technical field of plant gene engineering. The application comprises the following steps: selecting a PagPDS gene target site; constructing a vector; carrying out genetic transformation of poplars; obtaining a transgenic plant; and analyzing the directional editing condition of the poplar gene by the CRISPR system. According to the application of the CRISPR/Cas12a gene editing system in 84K poplar gene editing, hybrid poplar 84K is used for evaluating targeted mutation ofthe CRISPR/Cas12a system; and three kinds of Cas12a nuclease AsCas12a, LbCas12a and FnCas12a are used, and finally a simple and effective tool capable of editing a plurality of woody plant genes is provided.(ZH) 本发明涉及一种CRISPR/Cas12a基因编辑系统在84K杨树基因编辑中的应用，属于植物基因工程技术领域。包括PagPDS基因靶位点的选择；载体的构建；杨树的遗传转化；转基因植株的获得；CRISPR系统对杨树基因的定向编辑情况分析。本发明的CRISPR/Cas12a基因编辑系统在84K杨树基因编辑中的应用，使用杂种杨‘84K’来评估CRISPR/Cas12a系统的靶向突变；本发明使用了三种Cas12a核酸酶AsCas12a、LbCas12a和FnCas12a，最终提供了一种简单、有效的可编辑多个木本植物基因的工具。",112359057,22.11.2022,,
CN198413651,201710014871,China,09.01.2017,106701818,24.05.2017,B,"C12N 15/82
					






A01H 5/00
					






A01H 1/02
					






A01H 6/46
					








C12N 15/82
					






A01H 5/00
					






A01H 1/02
					






A01H 6/46
					






View less classifications","A01H 1/02
					






C07K 14/415
					






C12N 15/8205
					






C12N 15/8287
					






C12N 2800/80
					








A01H 1/02
					






C07K 14/415
					






C12N 15/8205
					






C12N 15/8287
					






C12N 2800/80
					






View less classifications",HUNAN HYBRID RICE RESEARCH CENTER湖南杂交水稻研究中心,YUAN DINGYANG袁定阳DUAN MEIJUAN段美娟YU DONG余东SUN ZHIZHONG孙志忠TAN YANNING谭炎宁SUN XUEWU孙学武YUAN GUANGJIE袁光杰YUAN GUILONG袁贵龙ZHAO BINGRAN赵炳然MAO BIGANG毛毕刚SHAO YE韶也LI XINQI李新奇YUAN LONGPING袁隆平,湖南兆弘专利事务所(普通合伙) 43008湖南兆弘专利事务所(普通合伙) 43008,(EN) Method for cultivating rice common nuclear sterile lines(ZH) 一种培育水稻普通核不育系的方法,,"(EN) The invention discloses a method for cultivating rice common nuclear sterile lines, wherein the method comprises the following steps: using a CRISPR/Cas9 system, designing a target site sequence according to a rice common nuclear sterile gene; constructing a pCRISPR/Cas9 recombinant vector containing a target site sequence fragment; introducing the obtained pCRISPR/Cas9 recombinant vector into an embryonic callus of a maintainer line, to obtain transgenic seedlings; screening transgenic positive plants in the transgenic seedlings; and screening mutant plants in the transgenic positive plants; breeding the mutant plants, and separating common nuclear sterile lines containing no transgenic ingredients in later generation plants. The purpose of rapid culture of the common nuclear sterile lines is realized by editing the common nuclear sterile gene, and the method has the advantages of short breeding cycle, low cost and high practicability.(ZH) 本发明公开了一种培育水稻普通核不育系的方法，包括以下步骤：利用CRISPR/Cas9系统，根据水稻普通核不育基因设计靶位点序列；构建含靶位点序列片段的pCRISPR/Cas9重组载体；将所获得的pCRISPR/Cas9重组载体导入保持系的胚性愈伤组织中得到转基因苗；筛选转基因苗中的转基因阳性植株；筛选转基因阳性植株中的突变植株；将突变植株进行繁种，于后代植株中分离不含转基因成分的普通核不育系。本发明通过编辑普通核不育基因，实现快速培育普通核不育系的目标，育种周期短、成本低且实用性强。",106701818,24.04.2020,,
CN398440715,202211382050,China,07.11.2022,116083442,09.05.2023,B,"C12N 15/29
					






C07K 14/415
					






C12N 15/84
					






C12N 15/113
					






A01H 5/00
					






A01H 6/46
					








C12N 15/29
					






C07K 14/415
					






C12N 15/84
					






C12N 15/113
					






A01H 5/00
					






A01H 6/46
					






View less classifications","C07K 14/415
					






C12N 15/8218
					






C12N 15/8287
					






C12N 15/113
					






C12N 2310/20
					








C07K 14/415
					






C12N 15/8218
					






C12N 15/8287
					






C12N 15/113
					






C12N 2310/20
					






View less classifications","NANFAN SEED INSTITUTE, GUANGDONG ACADEMY OF SCIENCES广东省科学院南繁种业研究所",GUO YUQIANG郭育强WANG QINNAN王勤南LIU ZHUANG刘壮ZHANG WEI张伟CHANG HAILONG常海龙QIN YUANXIA秦元霞,广东南北知识产权代理事务所(普通合伙) 44918,(EN) Sugarcane parthenogenesis haploid induction gene SaMTL and application thereof(ZH) 甘蔗孤雌生殖单倍体诱导基因SaMTL及其应用,,"(EN) The invention belongs to the technical field of crop genetic engineering, and particularly relates to a sugarcane parthenogenesis haploid induction gene SaMTL and application thereof. In order to obtain a homologous gene of a corn MTL/ZmPLA1/NLD gene through cloning in sugarcane, CRISPR-Cas9 is utilized for mediating sugarcane SaMTL gene mutation for the first time, and it is successfully proved that after mutation occurs in a coding region, the sugarcane SaMTL gene can generate parthenogenesis haploid induction capacity in the process of hybridization with other sugarcane materials as a male parent. The haploid induction gene SaMTL has important significance for cultivating a sugarcane high-frequency parthenogenesis haploid induction system and promoting the application of a haploid technology in sugarcane breeding.(ZH) 本发明属于作物基因工程技术领域，具体涉及甘蔗孤雌生殖单倍体诱导基因SaMTL及其应用。为了在甘蔗中克隆得到玉米MTL/ZmPLA1/NLD基因的同源基因，本发明首次利用CRISPR‑Cas9介导甘蔗SaMTL基因突变，成功证明甘蔗SaMTL基因在编码区发生突变后，在作为父本与其他甘蔗材料杂交过程中能够产生孤雌生殖单倍体诱导能力。本发明的单倍体诱导基因SaMTL对于培育甘蔗高频孤雌生殖单倍体诱导系及促进单倍体技术在甘蔗育种中的应用具有重要意义。",116083442,29.10.2024,,
KR394570161,1020230023709,Republic of Korea,22.02.2023,1020230041978,27.03.2023,B1,"C12N 15/82
					






C12N 15/10
					






C12N 15/113
					






C12N 9/22
					








C12N 15/82
					






C12N 15/10
					






C12N 15/113
					






C12N 9/22
					






View less classifications","C12N 15/8205
					






C12N 15/102
					






C12N 15/113
					






C12N 9/22
					






C12N 2310/20
					








C12N 15/8205
					






C12N 15/102
					






C12N 15/113
					






C12N 9/22
					






C12N 2310/20
					






View less classifications",명지대학교 산학협력단MYONGJI UNIVERSITY INDUSTRY AND ACADEMIA COOPERATION FOUNDATION가톨릭대학교 산학협력단THE CATHOLIC UNIVERSITY OF KOREA INDUSTRY-ACADEMIC COOPERATION FOUNDATION,KIM GOON BOMUN JEONG HWANYU HEE JU김군보문정환유희주,임상엽권정기,(EN) NOVEL U6 PROMOTER SEPARATED FROM VITIS PLANTS AND USE THEREOF(KO) 포도에서 분리된 신규 U6 프로모터 및 이의 용도,,"(EN) The present invention relates to a novel U6 promoter isolated from Vitis plants and having high guide RNA (gRNA) transcriptional activity. According to the present invention, the novel U6 promoter isolated from Vitis plants has significantly superior target gRNA transcriptional activity in Vitis plants in comparison with an AtU6-26 promoter isolated from Arabidopsis. Accordingly, the novel U6 promoter isolated from Vitis plants can increase efficiency and ease of genome editing of Vitis plants using a clustered regularly interspaced short palindromic repeats (CRISPR) system. In addition, when the novel U6 promoter isolated from Vitis plants provided in the present invention and a recombinant vector system containing the same are used, it is possible to easily perform gene function research or development of new varieties of grapes, which are hybrid varieties. The U6 promoter consists of a base sequence of SEQ ID NO: 5. COPYRIGHT KIPO 2024(KO) 본 발명은 포도속 식물에서 분리되고 가이드 RNA(gRNA)의 전사 활성이 높은 신규 U6 프로모터를 제공한다. 본 발명에서 제공하는 포도속 식물에서 분리된 신규한 U6 프로모터는 애기장대에서 분리된 AtU6-26 프로모터에 비해 포도 식물체에서 표적 가이드 RNA(gRNA) 전사 활성이 현저하게 우수하다. 따라서, 본 발명에서 제공하는 포도속 식물에서 분리된 신규한 U6 프로모터는 CRISPR 체계를 이용한 포도속 식물 유전체 편집의 효율성과 용이성을 높일 수 있다. 나아가, 본 발명에서 제공하는 포도속 식물에서 분리된 신규한 U6 프로모터 및 이를 포함하는 재조합 벡터 시스템을 사용하면 잡종 품종인 포도의 유전자 기능 연구나 신품종 개발을 용이하게 수행할 수 있다.",102551064,05.07.2023,,
CN214579669,201711153431,China,20.11.2017,107880099,06.04.2018,B,"C07K 14/415
					






C12N 15/29
					






C12N 15/84
					






A01H 5/10
					






A01H 6/46
					








C07K 14/415
					






C12N 15/29
					






C12N 15/84
					






A01H 5/10
					






A01H 6/46
					






View less classifications","C07K 14/415
					






C12N 15/8267
					








C07K 14/415
					






C12N 15/8267
					






View less classifications",RICE RESEARCH INSTITUTE OF GUANGDONG ACADEMY OF AGRICULTURAL SCIENCES广东省农业科学院水稻研究所,MAO XINGXUE毛兴学LIU BIN刘斌WANG FENG王丰ZHANG JIANJUN张建军LIU WUGE柳武革,广州容大知识产权代理事务所(普通合伙) 44326,(EN) Paddy rice seed dormancy controlling gene OsMPK7 and applications thereof(ZH) 水稻种子休眠性调控基因OsMPK7及其应用,,"(EN) The invention discloses a paddy rice seed dormancy controlling gene OsMPK7 and applications thereof, and belongs to the technical fields of biological technology and crop gene engineering. The disclosed paddy rice seed dormancy controlling gene OsMPK7 plays an important role in improving the paddy rice seed dormancy. The sequence of the gene OsMPK7 is represented by SEQ ID No.2. The coding amino acid sequence is represented by SEQ ID No.1. By editing, interfering, or knocking out OsMPK7 gene by a CRISPR/Cas9 system, the biological function of OsMPK7 gene is destroyed, and a pre-harvest sprouting resistant paddy rice line is obtained. The provided gene OsMPK7 editing method can knock out OsMPK7 gene of a conventional material, the knock-out offspring is screened, paddy rice lines with enhanced dormancy are obtained, and the pre-harvest sprouting resistance is effectively improved.(ZH) 本发明公开了一种水稻种子休眠性调控基因OsMPK7及其应用，属于生物技术和作物基因工程技术领域。本发明所公开的水稻种子休眠性调控基因OsMPK7在提高水稻种子休眠性中起到重要作用，其序列如SEQ ID NO.2所示，编码氨基酸序列如SEQ ID NO.1所示的蛋白质。该应用具体是通过CRISPR/Cas9系统编辑、干扰或敲除OsMPK7基因，破坏OsMPK7基因的生物学功能，获得抗穗发芽水稻株系。通过本发明提供的基因OsMPK7编辑方法可敲除现有材料的OsMPK7基因，筛选敲除后代，可获得休眠性增强的水稻株系，能够有效改良其穗发芽抗性。",107880099,06.04.2021,,
CN312390784,202010895148,China,31.08.2020,111961126,20.11.2020,B,"C07K 14/415
					






C12N 15/29
					






C12N 15/82
					






A01H 5/00
					






A01H 5/10
					






A01H 6/46
					








C07K 14/415
					






C12N 15/29
					






C12N 15/82
					






A01H 5/00
					






A01H 5/10
					






A01H 6/46
					






View less classifications","C07K 14/415
					






C12N 15/8218
					






C12N 15/8282
					








C07K 14/415
					






C12N 15/8218
					






C12N 15/8282
					






View less classifications","INSTITUTE OF CROP SCIENCE, CHINESE ACADEMY OF AGRICULTURAL SCIENCES中国农业科学院作物科学研究所",XIA LANQIN夏兰琴TIAN JINFU田金福LI SHAOYA李少雅,北京纪凯知识产权代理有限公司 11245,(EN) Application of TaVQ25 gene to regulation of resistance of wheat to powdery mildew and sheath blight disease(ZH) TaVQ25基因在调控小麦对白粉病和纹枯病抗性中的应用,,"(EN) The invention discloses application of a TaVQ25 gene to regulation of resistance of wheat to powdery mildew and a sheath blight disease. The gene is the gene TaVQ25 related to jasmonic acid signal transduction, and the gene encodes TaVQ25 protein. According to the invention, a CRISPR/Cas9 technology is employed to knock out a wheat TaVQ25 gene to obtain a new wheat germplasm with significantly improved resistance to the powdery mildew and the sheath blight disease. The invention improves the ability of the wheat to resist the powdery mildew and sheath blight disease, innovates wheat disease-resistant germplasm resources, has important significance for new cultivar cultivation, environmental sanitation and food safety, and has great application and promotion value.(ZH) 本发明公开了TaVQ25基因在调控小麦对白粉病和纹枯病抗性中的应用，所述基因为茉莉酸信号传导相关的基因TaVQ25，编码TaVQ25蛋白。本发明采用CRISPR/Cas9技术敲除了小麦TaVQ25基因，获得了白粉病和纹枯病抗性明显提高的小麦新种质。本发明提高了小麦抗白粉病和纹枯病的能力，创新了小麦抗病种质资源，对新品种培育、环境卫生和粮食安全具有重要意义，具有重大的应用推广价值。",111961126,08.04.2022,,
CN254016789,201811511143,China,11.12.2018,110272915,24.09.2019,B,"C12N 15/82
					






A01H 5/00
					






A01H 6/46
					








C12N 15/82
					






A01H 5/00
					






A01H 6/46
					






View less classifications","C12N 15/8213
					






C12N 2310/20
					








C12N 15/8213
					






C12N 2310/20
					






View less classifications","INSTITUTE OF CROP SCIENCE, CHINESE ACADEMY OF AGRICULTURAL SCIENCES中国农业科学院作物科学研究所",ZHAO KAIJUN赵开军WEI ZHENG卫正WANG CHUNLIAN王春连GAO YING高英JI ZHIYUAN纪志远,北京知本村知识产权代理事务所(普通合伙) 11039,(EN) Method for cultivating bacterial blight-resistant rice through gene editing technology(ZH) 一种通过基因编辑技术培育抗白叶枯病水稻的方法,,"(EN) The invention discloses a method for cultivating bacterial blight-resistant rice through gene editing. Gene editing technologies of CRISPR, Cas9 and the like are utilized to introduce an EBE sequence of a bacterial blight-resistant gene Xa23 promoter into an upstream promoter region of a rice xa23 locus, so that the xa23 obtains the ability of inducing expression of xanthomonas oryzae, and the bacterial blight resistance of the rice is improved. The xa23 locus is an allele of Xa23, contains the Xa23 coding region, but cannot be transcribed and expressed due to the absence of the EBE sequence in the promoter region. The method can be widely applied to rice disease-resistant breeding and has great application prospect in rice genetic breeding and production.(ZH) 本发明公开一种通过基因编辑培育抗白叶枯病水稻的方法。其是利用CRISPR/Cas9等基因编辑技术，将抗白叶枯病基因Xa23启动子的EBEAvrXa23序列引入水稻xa23位点的上游启动子区，使xa23获得白叶枯病菌诱导表达的能力，从而提高水稻的白叶枯病抗性。所述xa23位点是Xa23的等位基因，其含有Xa23编码区但因其启动子区缺乏EBEAvrXa23序列而不能转录表达。所述方法可以广泛应用于水稻抗病育种，对水稻遗传育种和生产具有重大应用前景。",110272915,30.10.2020,,
CN297246081,202010098740,China,18.02.2020,111154764,15.05.2020,B,"C12N 15/113
					






C12N 15/82
					






A01H 5/00
					






A01H 6/46
					






A01H 1/02
					








C12N 15/113
					






C12N 15/82
					






A01H 5/00
					






A01H 6/46
					






A01H 1/02
					






View less classifications","A01H 1/02
					






C12N 15/113
					






C12N 15/8218
					






C12N 15/8281
					






C12N 15/8282
					






C12N 2310/20
					








A01H 1/02
					






C12N 15/113
					






C12N 15/8218
					






C12N 15/8281
					






C12N 15/8282
					






C12N 2310/20
					






View less classifications","INSTITUTE OF CROP SCIENCE, CHINESE ACADEMY OF AGRICULTURAL SCIENCES中国农业科学院作物科学研究所",XIA LANQIN夏兰琴TIAN JINFU田金福HAO ZEYUN郝泽芸NING YUESE宁约瑟WANG GUOLIANG,北京纪凯知识产权代理有限公司 11245,(EN) Method for improving disease resistance of rice through genome editing and sgRNA used in method(ZH) 一种通过基因组编辑提高水稻抗病性的方法及其使用的sgRNA,,"(EN) The invention discloses a method for improving the disease resistance of rice through genome editing and sgRNA used in the method. The method for improving the disease resistance of rice through genome editing aims at reducing the activity and/or expression quantity of OsVQ25 protein in rice. 'Reducing the activity and/or expression quantity of OsVQ25 protein in rice' can be realized by gene editing on the OsVQ25. Designated edition of the OsVQ25 gene is achieved by utilizing the CRISPR/Cas9 technology, and the OsVQ25 gene in rice is knocked out by causing frameshift mutation to obtain a ricenew germplasm with remarkably improved resistance for rice blast and xanthomonas oryzae. The method has a great application and popularization value for rice breeding.(ZH) 本发明公开了一种通过基因组编辑提高水稻抗病性的方法及其使用的sgRNA。本发明提供了一种通过基因编辑技术提高水稻抗病性的方法，为降低水稻中OsVQ25蛋白活性和/或表达量。“降低水稻中OsVQ25蛋白活性和/或表达量”具体可通过对OsVQ25基因进行基因编辑实现。本发明的发明人利用CRISPR/Cas9技术，定点编辑OsVQ25基因，通过造成移码突变，敲除了水稻OsVQ25基因，获得了稻瘟病和白叶枯病抗性明显提高的水稻新种质。本发明对于水稻育种具有重大的应用推广价值。",111154764,20.08.2021,,
CN350474495,202111321460,China,09.11.2021,113999856,01.02.2022,B,"C12N 15/29
					






C12N 15/113
					






C12N 15/82
					






A01H 5/10
					






A01H 6/54
					








C12N 15/29
					






C12N 15/113
					






C12N 15/82
					






A01H 5/10
					






A01H 6/54
					






View less classifications","C07K 14/415
					






C12N 15/113
					






C12N 15/8267
					






C12N 15/8218
					






C12N 2310/20
					








C07K 14/415
					






C12N 15/113
					






C12N 15/8267
					






C12N 15/8218
					






C12N 2310/20
					






View less classifications",JIANGSU ACADEMY OF AGRICULTURAL SCIENCES江苏省农业科学院,ZHANG WEI张威CHEN HUATAO陈华涛XU WENJING许文静ZHANG HONGMEI张红梅CUI XIAOYAN崔晓艳LIU XIAOQING刘晓庆WANG QIONG王琼CHEN XIN陈新,南京经纬专利商标代理有限公司 32200,(EN) Soybean seed vigor regulation gene GmSV1 and application thereof(ZH) 大豆种子活力调控基因GmSV1及其应用,,"(EN) The invention discloses a soybean seed vigor regulation gene GmSV1 and application thereof, and belongs to the field of biotechnology and crop genetic engineering. The soybean seed vigor regulation gene GmSV1 disclosed by the invention plays an important role in improving the vigor of soybean seeds. Specifically, GmSV1 genes are edited and knocked out through a CRISPR/Cas9 system, the biological function of the GmSV1 genes is destroyed, GmSV1 soybean mutants are obtained, compared with receptor Kefeng No.1, gmsv1-1 and gmsv1-2 mutants are remarkably increased in progeny germination rate, on the second day of germination, the germination rates of the gmsv1-1 and the gmsv1-2 are increased by 54.84% (p < 0.01) and 61.29% (p < 0.01) respectively, and the seed activity of the mutants is remarkably improved. The invention plays an important role in understanding a soybean seed germination mechanism and promoting a soybean breeding process with high seed vigor.(ZH) 本发明公开了一种大豆种子活力调控基因GmSV1及其应用，属于生物技术和作物基因工程领域。本发明所公开的大豆种子活力调控基因GmSV1在提高大豆种子活力中起到重要作用。具体是通过CRISPR/Cas9系统编辑敲除GmSV1基因，破坏GmSV1基因的生物学功能，获得GmSV1大豆突变体，相对于受体科丰1号，gmsv1‑1和gmsv1‑2突变体后代发芽速率得到显著提高，在萌发第2天，gmsv1‑1和gmsv1‑2发芽率分别提高54.84％(p<0.01)和61.29％(p<0.01)，突变体表现为种子活力显著提高。本发明对于理解大豆种子萌发机制，促进高种子活力的大豆育种进程具有重要作用。",113999856,16.04.2024,,
CN280387332,201911017260,China,24.10.2019,110627888,31.12.2019,B,"C07K 14/415
					






C12N 15/29
					






C12N 15/82
					






C12N 15/113
					






C12N 9/22
					






A01H 5/04
					






View more classifications
							






C07K 14/415
					






C12N 15/29
					






C12N 15/82
					






C12N 15/113
					






C12N 9/22
					






A01H 5/04
					






A01H 6/46
					






View less classifications","C07K 14/415
					






C12N 15/113
					






C12N 9/22
					






C12N 15/8261
					






C12N 15/8255
					






C12N 15/8243
					






View more classifications
							






C07K 14/415
					






C12N 15/113
					






C12N 9/22
					






C12N 15/8261
					






C12N 15/8255
					






C12N 15/8243
					






C12N 15/8218
					






C12N 2310/20
					






View less classifications",CHINA AGRICULTURAL UNIVERSITY中国农业大学,LIN ZHONGWEI林中伟ZHANG ZHIHAI张志海ZHANG XUAN张旋,北京纪凯知识产权代理有限公司 11245,(EN) Stiff1 gene for regulating maize stalk strength and application of encoded protein of Stiff1 gene(ZH) 一种调控玉米茎秆强度的Stiff1基因及其编码蛋白的应用,,"(EN) The invention discloses a Stiff1 gene for regulating maize stalk strength and application of encoded protein of the Stiff1 gene. The invention provides protein shown in a sequence 2 or a sequence 4 ina sequence listing. Experiments prove that the protein Stiff1 can regulate the stalk bending strength, stalk cellulose content and/or stalk lignin content of plants so as to influence lodging resistance of plants. The Stiff1 gene for regulating maize stalk strength and application of encoded protein of Stiff1 gene can be improved through mutation of the gene in maize by a CRISPR system, so that the lodging resistance of plants can be improved.(ZH) 本发明公开了一种调控玉米茎秆强度的Stiff1基因及其编码蛋白的应用。本发明提供了一种蛋白质，为序列表中序列2所示的蛋白质或序列表中序列4所示的蛋白质。本发明的实验证明，蛋白Stiff1可以调控植物的茎秆弯曲强度、茎秆纤维素含量和/或茎秆木质素含量，从而影响植物的抗倒伏性。用CRISPR系统突变玉米中该基因，可以提高植物茎秆弯曲强度、茎秆纤维素含量和/或茎秆木质素含量，从而提高植物的抗倒伏性。",110627888,16.04.2021,,
CN401510636,202310237362,China,13.03.2023,116286742,23.06.2023,B,"C12N 9/22
					






C12N 15/55
					






C07K 19/00
					






C12N 15/62
					






C12N 15/84
					






C12N 15/29
					






View more classifications
							






C12N 9/22
					






C12N 15/55
					






C07K 19/00
					






C12N 15/62
					






C12N 15/84
					






C12N 15/29
					






A01H 5/00
					






A01H 6/20
					






A01H 6/46
					






View less classifications","C12N 9/22
					






C12N 15/8216
					






C12N 15/8243
					






C12N 15/8205
					






C07K 14/415
					






C07K 2319/09
					








C12N 9/22
					






C12N 15/8216
					






C12N 15/8243
					






C12N 15/8205
					






C07K 14/415
					






C07K 2319/09
					






View less classifications","LONGPING BIOTECHNOLOGY (HAINAN) CO., LTD.隆平生物技术（海南）有限公司",LYU YUPING吕玉平LIN MIN林敏ZUO KAIJING左开井JIA ZHIWEI贾志伟ZHANG NIAN张念LI XIAOJIAO李晓娇WANG JIN王劲YAN YONGLIANG燕永亮,北京知汇林知识产权代理事务所(普通合伙) 11794,"(EN) CasD protein, CRISPR/CasD gene editing system and application of CRISPR/CasD gene editing system in plant gene editing(ZH) CasD蛋白、CRISPR/CasD基因编辑系统及其在植物基因编辑中的应用",,"(EN) The invention belongs to the technical field of plant gene editing, and particularly relates to CasD protein, a CRISPR/CasD gene editing system and application of the CRISPR/CasD gene editing system. The Cas gene of the gene editing system comes from deinococcus radiodurans and extreme archaea, the Cas gene is artificially modified to form a nucleic acid nucleoprotein complex formed by encoding CasD protein and gRNA, a target gene sequence can be accurately targeted and cut, so that double-strand breakage (DSB) of the target gene DNA sequence occurs, and the DSB activates an endogenous repair pathway of plant cells, so that the gene editing efficiency is improved. The change of a target gene sequence is caused, so that gene editing is caused. The CasD protein provided by the invention has a specific amino acid sequence, and the CRISPR/CasD gene editing system provided by the invention can identify a wider PAM sequence, is high in cutting efficiency and low in off-target property, and has a wide application prospect in the field of gene editing.(ZH) 本发明属于植物基因编辑技术领域，具体涉及CasD蛋白、CRISPR/CasD基因编辑系统及其应用。本发明基因编辑系统的Cas基因来自耐辐射奇球菌与极端古菌，经过人工改造形成编码CasD蛋白，与gRNA形成的核酸核蛋白复合体，能精确靶向目标基因序列并产生切割，使所述靶基因DNA序列发生双链断裂(DSB)，DSB激活植物细胞的内源修复途径，造成靶标基因序列的改变，从而造成基因编辑。本发明的CasD蛋白具有特定的氨基酸序列，并且本发明的CRISPR/CasD基因编辑系统能够识别更广泛的PAM序列，且切割效率高、脱靶性低，在基因编辑领域中具有广泛的应用前景。",116286742,17.11.2023,,2022112017563 29.09.2022 CN
CN376170672,202210650148,China,10.06.2022,115109796,27.09.2022,B,"C12N 15/82
					






C12N 15/29
					






A01H 1/02
					






A01H 1/04
					






A01H 5/00
					






A01H 6/46
					








C12N 15/82
					






C12N 15/29
					






A01H 1/02
					






A01H 1/04
					






A01H 5/00
					






A01H 6/46
					






View less classifications","C07K 14/415
					






C12N 15/8216
					






C12N 15/8287
					






A01H 1/02
					






A01H 1/045
					






A01H 1/12
					








C07K 14/415
					






C12N 15/8216
					






C12N 15/8287
					






A01H 1/02
					






A01H 1/045
					






A01H 1/12
					






View less classifications",ANHUI ACADEMY OF AGRICULTURAL SCIENCES安徽省农业科学院水稻研究所NANJING AGRICULTURAL UNIVERSITY南京农业大学,ZHOU KUNNENG周坤能LI ZEFU李泽福LIU FENG刘峰XIA JIAFA夏加发YANG HUITING杨慧婷YUN PENG云鹏WANG YUANLEI王元垒MA TINGCHEN马廷臣ZHANG CAIJUAN张彩娟,合肥中谷知识产权代理事务所(普通合伙) 34146,(EN) Construction method and application of recessive genic male sterility rice germplasm(ZH) 一种隐性核不育水稻种质的构建方法及其应用,,"(EN) The invention discloses a construction method and application of recessive genic male sterility rice germplasm, and relates to the technical field of rice breeding. A rice OsTKPR1 gene sequence shown in SEQ ID NO.3 is used as a template, the 3434th site of the sequence is used as a target site according to CRISPR-Cas9 technical requirements, and an sgRNA sequence is designed according to the target site and upstream and downstream sequences of the target site; and connecting a DNA (Deoxyribose Nucleic Acid) fragment containing the encoded sgRNA sequence to a CRISPR-Cas9 (Clustered Regularly Interspaced Short Palindromic Repeats-CRISPR-Cas9) gene According to the invention, a conventional CRISPR-Cas9 gene site-directed mutagenesis technology is utilized to carry out directed transformation on the rice OsTKPR1 gene, an obtained mutant plant is used as a rice recessive genic male sterility plant, and the rice recessive genic male sterility plant can be utilized to complete rapid breeding of a high-coordination rice three-line sterile line and rapid creation of excellent rice germplasm; the construction period of excellent rice varieties is greatly accelerated, and the method has important application value in the aspect of breeding.(ZH) 本发明公开了一种隐性核不育水稻种质的构建方法及其应用，涉及水稻育种技术领域，以如SEQIDNO.3所示的水稻OsTKPR1基因序列为模板，根据CRISPR‑Cas9技术要求，以所述序列的第3434位点为靶位点，根据该靶位点及其上下游序列设计sgRNA序列，将含有编码所述sgRNA序列的DNA片段连接至CRISPR‑Cas9基因编辑载体上，获得重组载体。本发明利用常规CRISPR‑Cas9基因定点突变技术对水稻OsTKPR1基因进行定向改造，获得突变体植株作为水稻隐性核不育植株，利用该水稻隐性核不育植株可以完成高配合水稻三系不育系的快速选育和优异水稻种质的快速创制，大大加速优异水稻品种的构建周期，在育种方面具有重要应用价值。",115109796,16.01.2024,,
US240619102,15575749,United States of America,18.05.2016,20190106706,11.04.2019,B2,"C12N 15/82
					








C12N 15/82
					






View less classifications","C12N 15/8218
					






C12N 15/8283
					








C12N 15/8218
					






C12N 15/8283
					






View less classifications",King Abdullah University of Science and Technology,Magdy Mahmoud MahfouzZahir Ali,Billion & ArmitageLisbeth C. Robinson,(EN) Method of inhibiting plant virus pathogen infections by CRISPR/Cas9-mediated interference,,"(EN) 
A genetically modified tobacco plant or tomato plant resistant to at least one pathogenic geminiviridae virus species is provided. The plant comprises a heterologous CRISPR/Cas9 system and at least one heterologous nucleotide sequence that is capable of hybridizing to a nucleotide sequence of the pathogenic virus and that directs inactivation of the pathogenic virus species or plurality of viral species by the CRISPR/Cas9 system. The heterologous nucleotide sequence can be complementary to, but not limited to an Intergenic Region (IR) of the Tomato Yellow Leaf Curl Virus (TYLCV). Further provided are methods of generating a genetically modified plant that is resistant to a virus pathogen by a heterologous CRISPR/Cas9 system and expression of a gRNA specifically targeting the virus.",10662437,26.05.2020,"EP3298149

WO/2016/185411",
CN334871680,202110508398,China,10.05.2021,113265418,17.08.2021,B,"C12N 15/82
					






C12N 15/55
					






C12N 15/29
					






A01H 5/02
					






A01H 5/04
					






A01H 5/00
					






View more classifications
							






C12N 15/82
					






C12N 15/55
					






C12N 15/29
					






A01H 5/02
					






A01H 5/04
					






A01H 5/00
					






A01H 6/54
					






C12Q 1/6895
					






C12N 15/11
					






View less classifications","C12N 15/8218
					






C12N 15/827
					






C12N 15/8261
					






C12N 15/8205
					






C12N 9/22
					






C07K 14/415
					






View more classifications
							






C12N 15/8218
					






C12N 15/827
					






C12N 15/8261
					






C12N 15/8205
					






C12N 9/22
					






C07K 14/415
					






C12Q 1/6895
					






C12Q 2600/156
					






C12Q 2600/13
					






View less classifications",GUANGZHOU UNIVERSITY广州大学,KONG FANJIANG孔凡江YANG HUI杨慧KOU KUN寇坤,广州三环专利商标代理有限公司 44202,(EN) Method for specifically knocking out soybean SOC1 gene by CRISPR/Cas9 and application of method(ZH) 一种CRISPR/Cas9特异性敲除大豆SOC1基因的方法及其应用,,"(EN) The invention belongs to the field of plant genetic engineering, and particularly relates to a method for specifically knocking out a soybean SOC1 gene through CRISPR/Cas9 and application of the method. The CRISPR/Cas9 knockout vector capable of simultaneously performing targeted editing on coding regions of homologous genes SOC1a and SOC1b in the soybean is obtained through construction, and the knockout vector is subjected to stable genetic transformation by utilizing an agrobacterium-mediated method to obtain a homozygous soc1a1b double-mutant soybean plant. Compared with a control soybean plant, the soc1a1b double mutant plant shows obvious phenotypes of delayed flowering period and mature period and increased node number, and the soybean yield and the regional adaptability of varieties are remarkably improved.(ZH) 本发明属于植物基因工程领域，具体涉及一种CRISPR/Cas9特异性敲除大豆SOC1基因的方法及其应用。通过构建得到同时靶向编辑大豆中同源基因SOC1a和SOC1b编码区的CRISPR/Cas9敲除载体，将该敲除载体利用农杆菌介导法进行稳定遗传转化，获得纯合soc1a1b双突变体大豆植株。与对照大豆植株相比，soc1a1b双突变体植株表现出明显的开花期和成熟期延迟、节数增加的表型，显著提高了大豆产量和品种的区域适应性。",113265418,07.03.2023,,
CN346893609,202110885203,China,03.08.2021,113832180,24.12.2021,B,"C12N 15/84
					






C12N 15/29
					






A01H 5/00
					






A01H 6/60
					








C12N 15/84
					






C12N 15/29
					






A01H 5/00
					






A01H 6/60
					






View less classifications","C12N 15/8216
					






C12N 15/8203
					






C07K 14/415
					








C12N 15/8216
					






C12N 15/8203
					






C07K 14/415
					






View less classifications",HUAZHONG AGRICULTURAL UNIVERSITY华中农业大学,JIN SHUANGXIA金双侠ZHANG XIANLONG张献龙ZOU JIAWEI邹佳威,北京国坤专利代理事务所(普通合伙) 11491,(EN) CRISPR/Cas13b-mediated cotton RNA transcription regulation method(ZH) CRISPR/Cas13b介导的棉花RNA转录调控方法,,"(EN) The invention belongs to the technical field of plant genetic engineering, and discloses a CRISPR/Cas13b-mediated cotton RNA transcription regulation method. The method comprises the following steps: modifying a carrier containing a cotton endogenous promoter, replacing original nCas9+Tad protein with a PbuCas13b protein, and constructing a carrier CRISPR/PbuCas13b with RNA editing ability in cotton; selecting ghCLA and GhPGF as target genes to verify the application of the CRISPR/PbuCas13b to the cotton; and designing a target, introducing a single base editing system into a cotton genome by utilizing agrobacterium-mediated genetic transformation, performing qRT-PCR on a transgenic plant, and detecting the editing efficiency of CRISPR/PbuCas13b in an allotetraploid cotton genome by taking jin668 as a contrast. The transformation carrier can be applied to upland cotton genome editing.(ZH) 本发明属于植物基因工程技术领域，公开了一种CRISPR/Cas13b介导的棉花RNA转录调控方法，对含有棉花内源启动子载体进行改造，以PbuCas13b蛋白取代原有的nCas9+Tad蛋白，构建在棉花中具有RNA编辑能力的载体CRISPR/PbuCas13b；选取GhCLA和GhPGF为目标基因验证CRISPR/PbuCas13b在棉花中的应用；设计靶标，利用农杆菌介导的遗传转化将单碱基编辑系统导入棉花基因组，对转基因植株进行qRT‑PCR，以jin668为对照，检测CRISPR/PbuCas13b在异源四倍体棉花基因组中的编辑效率。本发明的转化载体可在陆地棉基因组编辑中应用。",113832180,28.06.2024,,
CN431136860,202410468499,China,18.04.2024,118126981,04.06.2024,B,"C12N 9/12
					






C12N 15/82
					






A01H 5/00
					






A01H 6/78
					






C12Q 1/6895
					






C12Q 1/6869
					






View more classifications
							






C12N 9/12
					






C12N 15/82
					






A01H 5/00
					






A01H 6/78
					






C12Q 1/6895
					






C12Q 1/6869
					






C12N 15/113
					






View less classifications","C12N 9/1205
					






C12Y 207/01
					






C12N 15/8281
					






C12N 15/8218
					






C12Q 1/6895
					






C12Q 1/6869
					






View more classifications
							






C12N 9/1205
					






C12Y 207/01
					






C12N 15/8281
					






C12N 15/8218
					






C12Q 1/6895
					






C12Q 1/6869
					






C12N 15/113
					






C12Q 2600/13
					






View less classifications",WEST (CHONGQING) SCIENCE CITY GERMPLASM CREATION AND SYSTEM BIG SCIENCE CENTER西部（重庆）科学城种质创制大科学中心,ZOU XIUPING邹修平DONG LITING董丽婷SHANG LANYUE商兰月MO KAIQIN莫凯琴DU MEIXIA杜美霞XU LANZHEN许兰珍LONG QIN龙琴LI QIANG李强HE YONGRUI何永睿,成都行之专利代理有限公司 51220,(EN) Method for improving citrus liberobacter asiaticum resistance by using CsMEKK1-2 gene(ZH) 一种利用CsMEKK1-2基因提高柑橘耐黄龙病的方法,,"(EN) The invention discloses a method for improving citrus liberobacter asiaticum resistance by using a CsMEKK1-2 gene, which comprises the following steps: down-regulating the expression level of the CsMEKK1-2 gene in citrus cells by using an RNAi interference vector or carrying out site-directed mutagenesis on the CsMEKK1-2 gene by using a CRISPR/Cas9 technology so as to lose the function of protein encoded by the CsMEKK1-2 gene, and comprises the following specific steps: cloning a citrus CsMEKK1-2 gene sequence; the method comprises the following steps: constructing an RNAi interference vector and a CRISPR/Cas9 mutation vector; the plant expression vector transforms citrus to obtain a transgenic plant. The citrus CsMEKK1-2 gene coding sequence is cloned, an RNAi interference vector or a CRISPR/Cas9 mutant vector is constructed, and then citrus is transformed, so that the attack degree of the obtained transgenic plant hairy root huanglongbing is remarkably reduced, the resistance of the citrus to the huanglongbing can be remarkably improved, the phenotype of the transgenic plant is not influenced, and the application of the citrus CsMEKK1-2 gene to the field of genetic engineering is facilitated. The gene has a great application value in citrus liberobacter asiaticum-resistant breeding, and can be used as a candidate gene for liberobacter asiaticum-resistant breeding with a plurality of liberobacter asiaticum-resistant and susceptible genes.(ZH) 本发明公开了一种利用CsMEKK1‑2基因提高柑橘耐黄龙病的方法，包括采用RNAi干扰载体下调CsMEKK1‑2基因在柑橘细胞中的表达水平或者利用CRISPR/Cas9技术定点突变CsMEKK1‑2基因，使由CsMEKK1‑2基因编码的蛋白功能丧失，具体步骤为：克隆柑橘CsMEKK1‑2基因序列；构建RNAi干扰载体和CRISPR/Cas9突变载体；植物表达载体转化柑橘，得到转基因植株。本发明通过克隆柑橘CsMEKK1‑2基因编码序列，构建RNAi干扰载体或者CRISPR/Cas9突变载体，然后转化柑橘，得到的转基因植株毛状根黄龙病的发病程度显著减轻，能够显著提高柑橘对黄龙病的抗性，并且不影响转基因植株的表型，在柑橘抗黄龙病育种中具有重大的应用价值，可以作为候选基因同多个黄龙病抗、感病基因进行黄龙病抗性育种。",118126981,12.11.2024,,
CN276929866,201910659379.X,China,22.07.2019,110423751,08.11.2019,B,"C12N 15/113
					






C12N 15/82
					






A01H 5/02
					






A01H 6/46
					








C12N 15/113
					






C12N 15/82
					






A01H 5/02
					






A01H 6/46
					






View less classifications","C07K 14/415
					






C12N 15/113
					






C12N 15/8213
					






C12N 15/827
					






C12N 2310/10
					






C12N 2310/20
					








C07K 14/415
					






C12N 15/113
					






C12N 15/8213
					






C12N 15/827
					






C12N 2310/10
					






C12N 2310/20
					






View less classifications",JIANGHAN UNIVERSITY江汉大学,LI TIANTIAN李甜甜HUA MENGTING花梦婷GAO LIFEN高利芬CHEN LIHONG陈利红PENG HAI彭海ZHOU JUNFEI周俊飞LI LUN李论FANG ZHIWEI方治伟,武汉科皓知识产权代理事务所(特殊普通合伙) 42222,(EN) Method and kit for promoting flowering time of rice and mutation genotypes(ZH) 用于提早水稻开花时间的方法、试剂盒、突变基因型,,"(EN) The invention discloses a method and a kit for promoting flowering time of rice and mutation genotypes. The invention provides a method for achieving early flowering of rice by editing OsFBO14 gene sequences with CRISPR-Cas9 method and discloses genotype sequences having early flowering traits of rice after editing. The method of the invention mutates F-box protein-encoding genes OsFBO14 of rice with CRISPR/Cas9 method and discovers the regulation effect of the OsFBO14 genes on flowering time of rice. By CRISPR/Cas9 gene editing method, the rice can flower in advance, thereby shortening growthperiod of rice, reducing planting cost and improving ecological adaptability of rice. The invention also provides the OsFBO14 mutation genotypes of gene-edited plants with early flowering time, and these mutation genotype sequences can promote rice to flower in advance, and be used to improve flowering traits of rice.(ZH) 本发明公开了一种提早水稻开花时间的方法、试剂盒、突变基因型。本发明提供了利用CRISPR‑Cas9方法编辑OsFBO14基因序列，实现水稻提早开花的方法，同时公开了编辑后具有水稻早花性状的基因型序列。本发明通过利用CRISPR/Cas9方法突变水稻F‑box蛋白编码基因OsFBO14，发现了OsFBO14基因对水稻开花时间的调控作用。利用CRISPR/Cas9基因编辑的方法，可以提早水稻的开花时间，从而可以缩短水稻生育期，减少种植成本，提高水稻的生态适应性。本发明还提供了开花时间提早的基因编辑植株的OsFBO14突变基因型，这些突变基因型序列能够造成水稻开花时间的提早，可以用来改良水稻开花期性状。",110423751,18.05.2021,,
CN344455101,202110996362,China,27.08.2021,113717960,30.11.2021,B,"C12N 9/22
					






C12N 15/55
					






C12N 15/84
					






A01H 5/00
					






A01H 6/46
					








C12N 9/22
					






C12N 15/55
					






C12N 15/84
					






A01H 5/00
					






A01H 6/46
					






View less classifications","C12N 9/22
					






C12N 15/8216
					






Y02A 50/30
					








C12N 9/22
					






C12N 15/8216
					






Y02A 50/30
					






View less classifications",UNIVERSITY OF ELECTRONIC SCIENCE AND TECHNOLOGY OF CHINA电子科技大学,ZHANG YONG张勇ZHONG ZHAOHUI仲昭辉ZHOU JIANPING周建平ZHENG XUELIAN郑雪莲TANG XU唐旭,成都极纬知识产权代理有限公司 51320成都极纬知识产权代理有限公司 51320,"(EN) Novel Cas9 protein, CRISPR-Cas9 genome directed editing vector and genome editing method(ZH) 一种新Cas9蛋白、CRISPR-Cas9基因组定向编辑载体及基因组编辑方法",,"(EN) The invention belongs to the field of gene engineering and particularly relates to a novel Cas9 protein, a CRISPR-Cas9 genome directed editing vector and a genome editing method. The technical problem to be solved by the invention is that the number of developed CRISPR-Cas systems is still small at present. The technical scheme for solving the technical problem is to provide a novel Cas9 nuclease protein which has the capability of recognizing a 5'-NGAA-3' PAM site. Simple, rapid and efficient genome directed modification can be carried out on plants, even genome editing, directed modification and expression regulation and control on various positions (particularly non-coding sequences) in a genome can be achieved, and thus, the application prospect is relatively good.(ZH) 本发明属于基因工程领域，具体涉及一种新的Cas9蛋白、CRISPR‑Cas9基因组定向编辑载体和基因组编辑方法。本发明要解决的技术问题是目前已经开发的CRISPR‑Cas系统仍然较少。本发明解决上述技术问题的技术方案是提供一种新的Cas9核酸酶蛋白，其具有识别5’‑NGAAA‑3’PAM位点的能力。可以针对植物进行简单、快捷、高效的基因组定向修饰，甚至可以实现针对基因组中的多样位置(特别是非编码序列)实现基因组编辑、定向修饰及表达调控，具有较好的应用前景。",113717960,18.07.2023,,
CN243509537,201910159312.X,China,04.03.2019,109825532,31.05.2019,B,"C12N 15/90
					






C12N 15/82
					






A01H 5/00
					








C12N 15/90
					






C12N 15/82
					






A01H 5/00
					






View less classifications","C12N 9/22
					






C12N 2310/20
					






C12N 15/8213
					






C12N 15/8202
					






C12N 15/11
					








C12N 9/22
					






C12N 2310/20
					






C12N 15/8213
					






C12N 15/8202
					






C12N 15/11
					






View less classifications","KUNMING INSTITUTE OF BOTANY, CHINESE ACADEMY OF SCIENCES中国科学院昆明植物研究所",LIU LI刘莉PU XIAOJUN普晓俊LIU LINA刘丽娜LI PING李萍YANG HONG杨红,北京高沃律师事务所 11569,(EN) Application of CRISPR/Cas12a gene editing system in physcomitrella patens gene editing(ZH) CRISPR/Cas12a基因编辑系统在小立碗藓基因编辑中的应用,,"(EN) The invention provides application of a CRISPR/Cas12a gene editing system in physcomitrella patens gene editing, and belongs to the technical field of gene engineering. The application comprises the following steps that 1, a Cas12a protease expression vector is constructed; 2, a gRNA expression vector is constructed; 3, the Cas12a protease expression vector, the gRNA expression vector and resistance expression plasmids are used for converting physcomitrella patens, and resistance screening is carried out to obtain mutant plants. The CRISPR/Cas12a gene editing system applied to physcomitrella patens gene editing has the advantages of being high in gene editing efficiency, small in target missing probability and especially capable of achieving efficient editing of multiple targets.(ZH) 本发明提供了CRISPR/Cas12a基因编辑系统在小立碗藓基因编辑中的应用，属于基因工程技术领域，所述应用包括以下步骤：1)构建Cas12a蛋白酶表达载体；2)构建gRNA表达载体；3)采用Cas12a蛋白酶表达载体、gRNA表达载体和表达抗性的质粒对小立碗藓进行转化，经过抗性筛选得到突变体植株。本发明应用于小立碗藓基因编辑的CRISPR/Cas12a基因编辑系统具有基因编辑效率高、脱靶概率小、尤其能够高效编辑多靶标的优点。",109825532,10.12.2019,US20200283744,
CN374856635,202210631019,China,06.06.2022,115011609,06.09.2022,B,"C12N 15/29
					






C12N 1/21
					






C07K 14/415
					






C12N 15/84
					






A01H 5/00
					






A01H 6/20
					






View more classifications
							






C12N 15/29
					






C12N 1/21
					






C07K 14/415
					






C12N 15/84
					






A01H 5/00
					






A01H 6/20
					






C12R 1/01
					






View less classifications","C12N 15/8289
					






C12N 15/8218
					






C12N 15/8205
					






C07K 14/415
					








C12N 15/8289
					






C12N 15/8218
					






C12N 15/8205
					






C07K 14/415
					






View less classifications",JIANGSU UNIVERSITY江苏大学,ZHU KEMING朱克明DING PENG丁鹏GAO YUE高月JIANG TING姜婷TAN XIAOLI谭小力,南京智造力知识产权代理有限公司 32382,"(EN) BnaFANCM gene, application and method for obtaining rape male sterility mutant(ZH) BnaFANCM基因、应用及获得油菜雄性不育突变体的方法",,"(EN) The invention provides a BnaFANCM gene, application and a method for obtaining a rape male sterility mutant, and relates to the technical field of plant gene editing and plant breeding. The method comprises the following steps: firstly, obtaining two homologous sequences BnaFANCM-C05 and BnaFANCM-A05 of the FANCM; the method comprises the following steps: designing target spots Target1 and Target2 of CRISPR (Clustered Regularly Interspaced Short Palindromic Repeats)/Cas9 according to a sequence of a BnaFANCM-C05 gene; then, a recombinant vector pKSE401-BnaFANCM-CRISPR obtained by fusing the Target1 and the sgRNA and a recombinant vector pKSE401-BnaFANCM-CRISPR obtained by fusing the Target2 and the sgRNA respectively are constructed; and infecting the rape with the GV3101 containing the pKSE401-BnaFANCM-CRISPR vector, so as to obtain a transgenic plant. According to the invention, the brassica napus BnaFANCM gene is edited by utilizing a CRISPR/Cas9 system, so that a new male sterile rape germplasm resource is created, and the method not only has a wide application prospect in the utilization of hybrid vigor of the rape, but also has a wide application prospect in the creation of new germplasm.(ZH) 本发明提供BnaFANCM基因、应用及获得油菜雄性不育突变体的方法，涉及植物基因编辑和植物育种技术领域；本发明首先获得2个FANCM的同源序列BnaFANCM‑C05和BnaFANCM‑A05；根据BnaFANCM‑C05基因的序列设计CRISSPR/Cas9的靶点Target1和Target2；然后构建Target1和Target2分别与sgRNA融合的重组载体pKSE401‑BnaFANCM‑CRISPR；含有pKSE401‑BnaFANCM‑CRISPR载体的GV3101侵染油菜，获得转基因植株。本发明利用CRISPR/Cas9系统对甘蓝型油菜BnaFANCM基因进行编辑，进而创制新的雄性不育的油菜种质资源，其不仅在油菜杂种优势利用中具有广阔的应用前景，而且在新种质创制方面也有广阔的应用前景。",115011609,19.03.2024,,
KR320320753,1020190175479,Republic of Korea,26.12.2019,1020210023645,04.03.2021,B1,"A24B 15/18
					






C12N 15/82
					






C12N 9/10
					








A24B 15/18
					






C12N 15/82
					






C12N 9/10
					






View less classifications","A24B 15/18
					






C12N 15/8243
					






C12N 9/1007
					






C12Y 201/01053
					








A24B 15/18
					






C12N 15/8243
					






C12N 9/1007
					






C12Y 201/01053
					






View less classifications",주식회사 케이티앤지KT & G CORPORATION,SEO HYO SEOKLEE YOUNG GILEE JEONG HEON서효석KIM KWANG CHUL이영기NA WOONG HYUN이정헌OH KYOUNG HWAN김광철JEON EUN YOUNG나웅현LEE JANG MI오경환전은영이장미,리앤목특허법인,(EN) PLANT CELL WITH MANIPULATED PUTRESCINE N-METHYLTRANSFERASE GENE AND USING METHOD THEREOF(KO) PMT 유전자가 조작된 식물 세포 및 이의 이용 방법,,"(EN) The present invention relates to a plant cell manipulated by using a clustered regularly interspaced short palindromic repeats (CRISPR)/ CRISPR associated protein 9 (Cas9) system to decrease expression or activity of a putrescine n-methyltransferase (PMT) gene or PMT protein in comparison with a mother cell, plant including the same, a composition for inhibiting nicotine biosynthesis, a composition for PMT gene manipulation, a method for producing a plant cell in which nicotine biosynthesis is inhibited, and a method for manipulating a PMT gene in a plant cell. According to one aspect of the present invention, when the CRISPR/Cas9 system is used, a PMT gene in a plant cell can be manipulated to inhibit biosynthesis of nicotine, so that low-nicotine tobacco varieties according to international trends can be produced, thereby contributing to the domestic and foreign tobacco industry. The CRISPR/Cas9 system comprises at least one first polynucleotide and a second polynucleotide. COPYRIGHT KIPO 2022(KO) CRISPR/Cas9 시스템을 이용하여 모세포에 비해 PMT(putrescine N-methyltransferase) 유전자 또는 PMT 단백질의 발현 또는 활성이 감소되도록 유전적으로 조작된 식물 세포, 이를 포함하는 식물, 니코틴 생합성 억제용 조성물, PMT 유전자 조작용 조성물, 니코틴 생합성이 억제된 식물 세포 제조 방법 및 식물 세포의 PMT 유전자를 조작하는 방법에 관한 것이다.
일 양상에 따른 CRISPR/Cas9 시스템을 이용하면 식물 세포 내 PMT 유전자가 조작되어 니코틴의 생합성이 억제될 수 있어, 국제 추세에 따른 저니코틴 담배 품종을 생산할 수 있어, 국내외 담배 업계에 이바지할 수 있다.",102395185,10.05.2022,KR1020210023646,1020190103310 22.08.2019 KR
CN370167585,202011535209.X,China,23.12.2020,114736919,12.07.2022,B,"C12N 15/84
					






C12N 9/88
					






C12N 15/60
					






A01H 5/00
					






A01H 5/12
					






A01H 6/46
					








C12N 15/84
					






C12N 9/88
					






C12N 15/60
					






A01H 5/00
					






A01H 5/12
					






A01H 6/46
					






View less classifications","C12N 15/8273
					






C12N 15/8218
					






C12N 9/88
					






C12Y 402/01001
					








C12N 15/8273
					






C12N 15/8218
					






C12N 9/88
					






C12Y 402/01001
					






View less classifications",CHINA AGRICULTURAL UNIVERSITY中国农业大学,WANG YU王瑜GONG ZHIZHONG巩志忠YANG XINXIN杨欣欣,北京纪凯知识产权代理有限公司 11245,(EN) Method for cultivating drought-resistant corn by editing carbonic anhydrase gene and application thereof(ZH) 通过编辑碳酸酐酶基因培育抗旱玉米的方法及其应用,,"(EN) The invention discloses a method for cultivating drought-resistant corn, which comprises the step of knocking out carbonic anhydrase genes in target corn to obtain the drought-resistant corn of which the drought resistance is higher than that of the target corn. After the carbonic anhydrase gene provided by the invention is mutated by a CRISPR-Cas9 gene editing technology, the growth of a mutant plant under a drought treatment condition is obviously superior to that of a control plant, which shows that the carbonic anhydrase gene mutation can obviously improve the drought resistance of the plant. In the embodiment of the invention, a drought-resistant plant is obtained by adopting a CRISPR-Cas9 gene editing technology, compared with a traditional breeding mode, the time is short, the purposiveness is strong, a gene resource is provided for cultivating and improving a new variety of the drought-resistant plant, and a theoretical basis is provided for illuminating a molecular mechanism of the carbonic anhydrase gene in plant drought stress signal response.(ZH) 本发明公开了一种培育抗旱玉米的方法，包括敲除目的玉米中碳酸酐酶基因，得到抗旱能力高于所述目的玉米的抗旱玉米。本发明提供的碳酸酐酶基因经CRISPR‑Cas9基因编辑技术突变后，干旱处理条件下突变体植株生长明显优于对照植株，说明碳酸酐酶基因突变能够显著提高植物抗旱性。本发明实例中采用CRISPR‑Cas9基因编辑技术获得了抗旱的植株，与传统育种方式相比时间短，目的性强，为培育和改良抗旱植物新品种提供了基因资源，为阐明碳酸酐酶基因在植物干旱逆境信号应答中的分子机制提供了理论依据。",114736919,11.08.2023,,
CN314067486,201911304476,China,17.12.2019,112094862,18.12.2020,B,"C12N 15/82
					






A01H 5/00
					






A01H 6/60
					






A01H 1/02
					








C12N 15/82
					






A01H 5/00
					






A01H 6/60
					






A01H 1/02
					






View less classifications","C12N 15/8213
					






C12N 15/8289
					






A01H 1/02
					








C12N 15/8213
					






C12N 15/8289
					






A01H 1/02
					






View less classifications",HUAZHONG AGRICULTURAL UNIVERSITY华中农业大学,MIN LING闵玲ZHANG JUN张军XU XIAOLAN徐孝兰LI NING李宁ZHANG XIANLONG张献龙GUO XIAOPING郭小平,深圳泛航知识产权代理事务所(普通合伙) 44867,(EN) Method for creating marked male sterile line of cotton(ZH) 一种带有标记的棉花雄性不育系的创制方法,,"(EN) The invention belongs to the technical field of botanical genetic engineering and particularly relates to a method for creating a marked male sterile line of cotton. According to the method provided by the invention, the male sterile line of cotton with novel marks is created by utilizing a system CRISPR-Cas9. The method is characterized in that target loci sgRNA1 and sgRNA2 specifically aimed ata gene GhEMS1 are selected and are stably expressed in the cotton with a protein Cas9, thereby obtaining the male sterile line of cotton with the novel marks. Surfaces of anthers of transgenic regenerated plants are accompanied with black spot phenotypes which can be stably inherited to next generation, and sterility is stable. The method has the advantages that the defect of the traditional hybridizing by an artificial castration method that time and labor are consumed is overcome, and sterile plants are accompanied with black spot marks, so that early determining of the sterile plants is facilitated.(ZH) 本发明属于植物基因工程技术领域，具体涉及一种带有标记的棉花雄性不育系的创制方法。本发明提供利用CRISPR‑Cas9系统创造带有新型标记的棉花雄性不育系。本发明的特征在于，选取特异针对GhEMS1基因的靶位点sgRNA1、sgRNA2，与Cas9蛋白在棉花内稳定表达，获得带有新型标记的棉花雄性不育系。转基因再生植株的花药表面带有黑斑表型可稳定地遗传至下一代，且不育性稳定。本发明的优点在于克服了传统人工去雄方法做杂交费时费力的缺陷，并且不育株带有黑斑标记，便于早期确定不育株。",112094862,19.04.2022,,
KR329301569,1020200113810,Republic of Korea,07.09.2020,1020210077585,25.06.2021,B1,"A01H 1/02
					






A01H 5/10
					






C12N 15/113
					






C12N 15/82
					






C12N 9/22
					








A01H 1/02
					






A01H 5/10
					






C12N 15/113
					






C12N 15/82
					






C12N 9/22
					






View less classifications","A01H 1/02
					






A01H 5/10
					






C12N 15/113
					






C12N 15/8212
					






C12N 15/8216
					






C12N 15/8289
					






View more classifications
							






A01H 1/02
					






A01H 5/10
					






C12N 15/113
					






C12N 15/8212
					






C12N 15/8216
					






C12N 15/8289
					






C12N 9/22
					






C12N 2310/20
					






View less classifications",경희대학교 산학협력단UNIVERSITY-INDUSTRY COOPERATION GROUP OF KYUNG HEE UNIVERSITY,JEON JONG SEONGLEE SANG KYUSHIM SU HYEON전종성이상규심수현,위병갑,(EN) METHOD FOR PREPARING LOSS-OF-FUNCTION MUTANT IN F1 HYBRID USING CRISPR/Cas SYSTEM(KO) CRISPR/Cas 시스템을 이용한 일대잡종에서 기능상실 돌연변이체 제조 방법,,"(EN) The present invention relates to: a method for preparing a homozygous mutant or heterozygous mutant of a target gene in an F1 hybrid by preparing a transgenic plant in which a mutation for a target gene is induced, by using a CRISPR/Cas system, and crossing the transgenic plant with a wild-type plant; and a method for preparing a male sterile maintainer line or non-GMO plant that can be classified through fluorescence, by using a recombinant vector to which a fluorescently labeled gene is added. COPYRIGHT KIPO 2022(KO) 본 발명은 CRISPR/Cas 시스템을 이용하여 표적 유전자에 대한 돌연변이가 유발된 형질전환 식물체를 제조하고, 상기 형질전환 식물체와 야생형 식물체를 교배하여 일대잡종(F1)에서 표적 유전자에 대한 동형접합 돌연변이체 또는 이대립인자성 돌연변이체를 제조하는 방법; 및 형광표지 유전자가 추가된 재조합 벡터를 이용하여 형광을 통해 분류가 가능한 웅성불임 유지친 또는 Non-GMO 식물체를 제조하는 방법에 관한 것이다.",102544413,16.06.2023,WO/2021/125503,1020190168711 17.12.2019 KR
CN238918594,201811406322,China,23.11.2018,109371040,22.02.2019,B,"C12N 15/29
					






C12N 15/82
					






A01H 5/10
					






A01H 6/46
					








C12N 15/29
					






C12N 15/82
					






A01H 5/10
					






A01H 6/46
					






View less classifications","C12N 9/22
					






C12N 15/8213
					






C12N 15/8261
					






C07K 14/415
					








C12N 9/22
					






C12N 15/8213
					






C12N 15/8261
					






C07K 14/415
					






View less classifications",ZHEJIANG UNIVERSITY浙江大学,QI YANHUA齐艳华WANG MEI王梅QIAO JIYUE乔继月,杭州天勤知识产权代理有限公司 33224,(EN) Application of rice OsARF6 gene to regulation of rice seed grain shapes(ZH) 水稻OsARF6基因在调控水稻种子粒型中的应用,,"(EN) The invention discloses an application of a rice OsARF6 gene to regulation of rice seed grain shapes, and belongs to the technical field of biological chemistry. The invention further provides a breeding method of long-grain seed rice. The method includes the step: editing target sites of the rice OsARF6 gene by the aid of a CRISPR/Cas9 technique in a fixed site manner. Sequences of the target sites are GACGCTGCAGCCACTCAGCC and ACCACTGGCTAAATATGTAA. By the aid of a CRISPR/Cas9 system, a plant recombinant expression vector knocked out by specificities of the target sites of the rice OsARF6 geneis built, and an OsARF6 homozygous and stable mutant plant is acquired by the aid of transgenosis and can be used for analyzing a biological function of the OsARF6 gene in rice. The invention furtherprovides a novel direction of the rice OsARF6 mutant plant to research of the rice seed grain shapes. The rice OsARF6 mutant plant has a potential application value in agricultural development.(ZH) 本发明公开了水稻OsARF6基因在调控水稻种子粒型中的应用，属于生物化学技术领域。本发明还提供了一种长粒型种子水稻的育种方法，包括：利用CRISPR/Cas9技术定点编辑所述水稻OsARF6基因的靶位点，所述靶位点的序列分别为：GACGCTGCAGCCACTCAGCC，ACCACTGGCTAAATATGTAA。本发明利用CRISPR/Cas9系统构建水稻OsARF6基因靶位点特异性敲除的植物重组表达载体，利用转基因获得OsARF6纯合稳定的突变体植株，可用于分析OsARF6基因在水稻中的生物学功能；本发明还提供了水稻OsARF6突变体植株在水稻粒型研究的新方向，在农业开发方面具有潜在的应用价值。",109371040,27.04.2021,,
CN419379188,202311616319,China,30.11.2023,117305512,29.12.2023,B,"C12Q 1/6895
					






C12Q 1/6844
					






C12N 15/11
					








C12Q 1/6895
					






C12Q 1/6844
					






C12N 15/11
					






View less classifications","Y02A 50/30
					








Y02A 50/30
					






View less classifications",CHINA AGRICULTURAL UNIVERSITY中国农业大学,CHENG NAN程楠HE XIAOYUN贺晓云YANG ZHANSEN杨湛森WANG XIN王鑫WANG SU王素ZHANG CHEN张宸PANG XIAOXU庞晓旭HUANG KUNLUN黄昆仑,北京领科知识产权代理事务所(特殊普通合伙) 11690,(EN) Nucleic acid detection method for detecting soybean plant MON87705(ZH) 一种用于检测大豆植物MON87705的核酸检测方法,,"(EN) The invention relates to a nucleic acid detection method for detecting soybean plant MON87705, which comprises the following steps of: constructing a lateral flow chromatography sensor by using a dual loop-mediated isothermal amplification technology, a strand displacement reaction and CRISPR/Cas12a, designing an SD reaction sequence according to an LAMP product of a soybean reference gene Lectin, designing crRNA according to an LAMP product of a specific sequence of a transformant of transgenic soybean MON87705, and detecting the transgenic soybean MON87705. The logic detection of the specific sequences of the soybean reference gene Lectin and the transgenic soybean MON87705 transformant can be realized only by respectively reading the detection results of the LFB twice in one detection process by utilizing the trans-cleavage activity of the reaction of the base complementation principle and CRISPR/Cas12a (Clustered Regularly Interspaced Short Palindromic Repeats/CRISPR/CRISPR/CRISPR/CRISPR/CRISPR/CRISPR/CRISPR/Cas12a).(ZH) 本发明涉及一种用于检测大豆植物MON87705的核酸检测方法，以双重环介导等温扩增技术、链置换反应、CRISPR/Cas12a构建侧流层析传感器，根据大豆内参基因Lectin的LAMP产物设计SD反应序列，根据转基因大豆MON87705转化体特异性序列的LAMP产物设计crRNA，利用碱基互补原理与CRISPR/Cas12a反应的反式切割活性，只需在一次检测流程中分别读取两次LFB的检测结果，即可实现大豆内参基因Lectin与转基因大豆MON87705转化体特异性序列的逻辑化检测。",117305512,05.03.2024,,
CN219499720,201711153389,China,20.11.2017,108047319,18.05.2018,B,"C07K 14/415
					






C12N 15/29
					






C12N 15/82
					






A01H 5/10
					






A01H 6/46
					








C07K 14/415
					






C12N 15/29
					






C12N 15/82
					






A01H 5/10
					






A01H 6/46
					






View less classifications","C07K 14/415
					






C12N 15/8267
					








C07K 14/415
					






C12N 15/8267
					






View less classifications",RICE RESEARCH INSTITUTE OF GUANGDONG ACADEMY OF AGRICULTURAL SCIENCES广东省农业科学院水稻研究所,MAO XINGXUE毛兴学LIU BIN刘斌WANG FENG王丰ZHANG JIANJUN张建军LIU WUGE柳武革,广州容大知识产权代理事务所(普通合伙) 44326,(EN) Rice seed dormancy regulation gene OsMPK14 and application thereof(ZH) 水稻种子休眠性调控基因OsMPK14及其应用,,"(EN) Belonging to the field of biotechnology and crop genetic engineering technology, the invention discloses a rice seed dormancy regulation gene OsMPK14 and application thereof. The rice seed dormancy regulation gene OsMPK14 disclosed by the invention plays an important role in improving rice seed dormancy, has a sequence shown as SEQ ID NO.2, and encodes a protein with amino acid sequence shown as SEQ ID NO.1. The application specifically includes CRISPR/Cas9 systematic editing, interference or knockout of OsMPK14 gene and destruction of the biological functions of OsMPK14 gene so as to obtain apreharvest sprouting resistant rice strain. The gene OsMPK14 knockout method provided by the invention can knock out the OsMPK14 gene of the existing material, by screening the knockout offspring, adormancy enhanced rice strain can be obtained, and the preharvest sprouting resistance can be effectively improved.(ZH) 本发明公开了一种水稻种子休眠性调控基因OsMPK14及其应用，属于生物技术和作物基因工程技术领域。本发明所公开的水稻种子休眠性调控基因OsMPK14在提高水稻种子休眠性中起到重要作用，其序列如SEQ ID NO.2所示，编码氨基酸序列如SEQ ID NO.1所示的蛋白质。该应用具体是通过CRISPR/Cas9系统编辑、干扰或敲除OsMPK14基因，破坏OsMPK14基因的生物学功能，获得抗穗发芽水稻株系。通过本发明提供的基因OsMPK14敲除方法可敲除现有材料的OsMPK14基因，筛选敲除后代，可获得休眠性增强的水稻株系，能够有效改良其穗发芽抗性。",108047319,06.04.2021,,
CN430695943,202410212457,China,27.02.2024,118086296,28.05.2024,B,"C12N 15/113
					






C12N 15/82
					






C12N 9/22
					








C12N 15/113
					






C12N 15/82
					






C12N 9/22
					






View less classifications","C07K 14/415
					






C12N 15/8216
					






C12N 15/113
					






C12N 9/22
					






C12N 2800/80
					






Y02A 50/30
					








C07K 14/415
					






C12N 15/8216
					






C12N 15/113
					






C12N 9/22
					






C12N 2800/80
					






Y02A 50/30
					






View less classifications","INSTITUTE OF CHINESE MATERIA MEDICA, CHINA ACADEMY OF CHINESE MEDICAL SCIENCES中国中医科学院中药研究所",HUANG LUQI黄璐琦ZHENG HAN郑汉LI CHENYI李辰意GAO XIAOKAI高晓凯YU MUYAO虞慕瑶,北京睿智保诚专利代理事务所(普通合伙) 11732,"(EN) Promoter for improving gene editing efficiency of CRISPR/Cas9 system, gene editing vector and application(ZH) 一种用于提高CRISPR/Cas9系统基因编辑效率的启动子、基因编辑载体与应用",,"(EN) The invention provides a promoter for improving gene editing efficiency of a CRISPR/Cas9 system, a gene editing vector and application, and belongs to the technical field of gene engineering, the promoter is a salvia miltiorrhiza SmRPS5A, SmEF1 alpha or SmUBi promoter, the nucleotide sequence of the salvia miltiorrhiza SmRPS5A promoter is as shown in SEQ ID No.1, the nucleotide sequence of the salvia miltiorrhiza SmEF1 alpha promoter is as shown in SEQ ID No.2, and the nucleotide sequence of the salvia miltiorrhiza SmEF1 alpha promoter is as shown in SEQ ID No.2. The nucleotide sequence of the SmUBi promoter of the radix salviae miltiorrhizae is as shown in SEQ ID No. 3. Researches show that the gene editing efficiency of the salvia miltiorrhiza SmRPS5A promoter on three sgRNA targets reaches 91% or above, the gene editing efficiency of the SmEF1 alpha and the SmUBi on the sgRNA3 target also reaches 87.50% or above, and an important basis can be provided for screening gene editing positive plants in the later period.(ZH) 本发明提供了一种用于提高CRISPR/Cas9系统基因编辑效率的启动子、基因编辑载体与应用，属于基因工程技术领域，所述启动子为丹参SmRPS5A、SmEF1α或SmUBi启动子，所述丹参SmRPS5A启动子的核苷酸序列如SEQ IDNo.1所示，所述丹参SmEF1α启动子的核苷酸序列如SEQ ID No.2所示，所述丹参SmUBi启动子的核苷酸序列如SEQ ID No.3所示。研究表明，丹参SmRPS5A启动子对3个sgRNA靶点的基因编辑效率均达到了91％以上，SmEF1α和SmUBi对sgRNA3靶点的基因编辑效率也达到了87.50％以上，能够为后期筛选基因编辑阳性植株提供重要依据。",118086296,21.01.2025,,
CN368366138,202011572744,China,24.12.2020,114672493,28.06.2022,B,"C12N 15/29
					






C12N 15/84
					






C12N 15/113
					






C07K 14/415
					






A01H 4/00
					






A01H 5/00
					






View more classifications
							






C12N 15/29
					






C12N 15/84
					






C12N 15/113
					






C07K 14/415
					






A01H 4/00
					






A01H 5/00
					






A01H 6/56
					






View less classifications","C07K 14/415
					






C12N 15/113
					






C12N 15/8218
					






C12N 15/8273
					






C12N 2310/20
					








C07K 14/415
					






C12N 15/113
					






C12N 15/8218
					






C12N 15/8273
					






C12N 2310/20
					






View less classifications",CHINESE AGRICULTURAL UNIVERSITY中国农业大学,GONG ZHIZHONG巩志忠WANG YU王瑜HU XIAOYING胡晓莹,北京纪凯知识产权代理有限公司 11245,(EN) The invention relates to a method using ZmPHT1; method for cultivating drought-resistant plant by using 7 protein or coding gene thereof(ZH) 一种用ZmPHT1;7蛋白或其编码基因培育抗旱植物的方法,,"(EN) The invention discloses a preparation method of a ZmPHT1; 7 protein or a coding gene thereof is used for cultivating a drought-resistant plant. The invention provides a method for cultivating a drought-resistant transgenic plant. The method comprises the following steps: identifying ZmPHT1 in a target plant; carrying out gene editing on the target plant 7 gene to terminate the protein translation in advance to obtain a transgenic plant with drought resistance higher than that of the target plant; in the embodiment of the invention, the drought-sensitive plant is obtained by adopting a CRISPR-Cas9 gene editing technology, compared with a traditional breeding mode, the time is short, the purposiveness is strong, a gene resource is provided for cultivating and improving a new variety of the drought-resistant plant, and a theoretical basis is provided for illuminating a molecular mechanism of a WRKY transcription factor in plant drought stress signal response.(ZH) 本发明公开了一种用ZmPHT1；7蛋白或其编码基因培育抗旱植物的方法。本发明提供一种培育抗旱转基因植物的方法，对目的植物中ZmPHT1；7基因进行基因编辑，使所述蛋白质翻译提前终止，得到抗旱性高于所述目的植物的转基因植物；本发明实例中采用CRISPR‑Cas9基因编辑技术获得了旱敏感的植株，与传统育种方式相比时间短，目的性强，为培育和改良抗旱植物新品种提供了基因资源，为阐明WRKY转录因子在植物干旱逆境信号应答中的分子机制提供了理论依据。",114672493,21.07.2023,,
CN436449858,202410126892,China,30.01.2024,118345100,16.07.2024,B,"C12N 15/61
					






C12N 9/90
					






C12N 15/82
					






A01H 5/00
					






A01H 6/46
					






C12N 15/11
					






View more classifications
							






C12N 15/61
					






C12N 9/90
					






C12N 15/82
					






A01H 5/00
					






A01H 6/46
					






C12N 15/11
					






C12Q 1/6895
					






View less classifications","C12N 9/90
					






C12N 15/8261
					






C12N 15/8218
					






C12Q 1/6895
					






C12Y 503/01008
					






Y02A 40/146
					








C12N 9/90
					






C12N 15/8261
					






C12N 15/8218
					






C12Q 1/6895
					






C12Y 503/01008
					






Y02A 40/146
					






View less classifications",GUIZHOU DROUGHT GRAIN SORGHUM RESEARCH INSTITUTE贵州省旱粮研究所,JIANG YULIN蒋喻林WU XUN吴迅TU LIANG涂亮LIU PENGFEI刘鹏飞GUO XIANGYANG郭向阳WANG ANGUI王安贵ZHU YUNFANG祝云芳CHEN ZEHUI陈泽辉LU XUEFENG陆雪峰,北京博识智信专利代理事务所(普通合伙) 16067,(EN) Application of ZmPMI1L gene or encoded protein thereof in regulation and control of corn plant height(ZH) ZmPMI1L基因或其编码蛋白在调控玉米株高中的应用,,"(EN) The invention discloses an application of a ZmPMI1L gene or an encoded protein thereof in regulating and controlling the plant height of corn, and provides the ZmPMI1L gene for regulating and controlling the plant height of the corn and the encoded protein thereof, which can provide a new target gene resource for the cultivation of dwarf corn varieties. According to the application of the ZmPMI1L gene and the encoded protein thereof in regulation and control of the plant height of the corn, specifically, the plant height of the corn can be reduced by interfering expression and translation of the PMI1L gene in the corn or knocking out the PMI1L gene by using a gene editing technology, and through verification, the plant height of a corn strain obtained by targeted knockout of the PMI1L gene through a CRISPR/Cas9 method is remarkably reduced, so that the plant height of the corn strain is remarkably reduced, and the application of the ZmPMI1L gene and the encoded protein thereof in regulation and control of the plant height of the corn is improved. However, the method has little influence on other characters related to yield, such as ear length, ear thickness and the like, is beneficial to yield increase, and provides a new direction for genetic improvement of plant height and dwarf corn cultivation.(ZH) 本发明公开ZmPMI1L基因或其编码蛋白在调控玉米株高中的应用，本发明提供了一种调控玉米株高的ZmPMI1L基因及其编码蛋白，可为矮杆玉米品种的培育提供新的目标基因资源；并且通过将ZmPMI1L基因及其编码蛋白在调控玉米株高的应用，具体可通过利用基因编辑技术干扰PMI1L基因在玉米中的表达与翻译或敲除PMI1L基因来实现降低玉米株高，并且通过验证，通过CRISPR/Cas9方法靶向敲除PMI1L基因获得的玉米株系，株高显著降低，但是对其他与产量相关的性状，例如穗长、穗粗等，影响不大，有利于产量的提升，为株高的遗传改良及矮化玉米培育提供新的方向。",118345100,13.09.2024,,
CN288644961,201911128275,China,18.11.2019,110760538,07.02.2020,B,"C12N 15/82
					






C12N 15/29
					






A01H 5/00
					






A01H 5/10
					






A01H 6/34
					








C12N 15/82
					






C12N 15/29
					






A01H 5/00
					






A01H 5/10
					






A01H 6/34
					






View less classifications","C12N 15/8213
					






C12N 15/8282
					






C07K 14/415
					








C12N 15/8213
					






C12N 15/8282
					






C07K 14/415
					






View less classifications",JIANGSU ACADEMY OF AGRICULTURAL SCIENCES江苏省农业科学院,ZHANG MAN张曼YANG XINGPING羊杏平XU JINHUA徐锦华LIU GUANG刘广YAO XIEFENG姚协丰REN RUNSHENG任润生XU JIAN徐建LOU LINA娄丽娜,北京惠科金知识产权代理有限公司 11981,(EN) Method for creating blight resistant citrullus lanatus germplasm material(ZH) 一种创制枯萎病抗性西瓜种质材料的方法,,"(EN) The invention relates to a method for creating a blight resistant citrullus lanatus germplasm material, and belongs to the technical field of molecular breeding. Firstly, in accordance with the firstexon of a Clpsk1 gene of citrullus lanatus, an sgRNA sequence based on CRISPR/Cas9 is designed, and a pRGEB32 CAS9 gRNA Clpsk1 carrier containing a DNA fragment coding the sgRNA sequence is constructed. An agrobacterium-mediated method is utilized to enable a gene editing carrier to be transmitted into acceptor citrullus lanatus variety namely Sumi No.1, and transformation plants are obtained. A transformant is used for performing Clpsk1 gene editing detection and blight resistance identification, the obtained positive plants are the citrullus lanatus germplasm material having blight resistance. The method can quickly and efficiently obtain a new citrullus lanatus germplasm for resisting disease, the breeding period can be greatly shortened, the breeding efficiency is improved, the obtained material is free from any exogenous gene, and other economical characters are not influenced except the capacity for resisting blight of the citrullus lanatus.(ZH) 本发明涉及一种创制枯萎病抗性西瓜种质材料的方法，属于分子育种技术领域，首先针对西瓜的Clpsk1基因的第一个外显子，设计基于CRISPR/Cas9的sgRNA序列，然后构建含有编码所述sgRNA序列的DNA片段的pRGEB32‑CAS9‑gRNA‑Clpsk1载体；利用农杆菌介导法将基因编辑载体导入受体西瓜品种苏蜜1号，获得转化植株；对转化植株进行Clpsk1基因编辑检测和枯萎病抗性鉴定，所得阳性植株即为具有枯萎病抗性的西瓜种质材料。本发明方法可快速高效地获得西瓜抗病新种质，极大地缩短了育种周期，提高了育种效率，获得的材料不含有任何外源基因，除提高了西瓜抗枯萎病的能力，其他农艺性状不受影响。",110760538,02.12.2022,,
KR393118857,1020210104894,Republic of Korea,09.08.2021,1020230022748,16.02.2023,B1,"C12N 15/10
					






A01H 1/06
					






A01H 5/10
					






C07K 14/415
					






C12N 15/113
					






C12N 15/82
					






View more classifications
							






C12N 15/10
					






A01H 1/06
					






A01H 5/10
					






C07K 14/415
					






C12N 15/113
					






C12N 15/82
					






C12N 9/22
					






View less classifications","C12N 15/102
					






A01H 1/06
					






A01H 5/10
					






C07K 14/415
					






C12N 15/113
					






C12N 15/8242
					






View more classifications
							






C12N 15/102
					






A01H 1/06
					






A01H 5/10
					






C07K 14/415
					






C12N 15/113
					






C12N 15/8242
					






C12N 9/22
					






C12N 2310/20
					






View less classifications",경상국립대학교산학협력단INDUSTRY-ACADEMIC COOPERATION FOUNDATION GYEONGSANG NATIONAL UNIVERSITY,KIM MIN CHULCHUN HYUN JINLEE SUHYEON김민철PARK MI SUK전현진CHUNG CHUN HEE이수현박미숙정춘희,최규환,"(EN) SYSTEM FOR SIMULTANEOUS TARGET GENE EDITING OF E2 AND HOMOLOGOUS CHROMOSOME THEREOF, AND USE THEREOF(KO) E2와 이의 상동체 동시 타겟 유전자교정 시스템 및 이의 용도",,"(EN) According to the present invention, a CRISPR/Cas system for simultaneously editing E2 genes (GmGI2) and a homologous chromosome thereof (GmGI3), delaying the flowering and ripening periods of soybeans is established, and soybean transformants with the accelerated flowering and ripening periods are developed by gene editing-based technology using the CRISPR/Cas system. The CRISPR/Cas-based soybean gene-editing system or a vector, or a composition including the same for editing soybean genes according to the present invention simultaneously inhibits the expression of E2 protein present in soybeans and homologous chromosome protein having high homology with the E2 protein (97.4 % of an amino acid homology). According to the present invention, the E2 (GmGI2) gene and the GmGI3 gene, the homolog of the E2 gene, in the soybean plant are simultaneously edited, thereby providing a new plant with the promoted flowering and ripening periods. The soybean with improved flowering and ripening periods is grown to enhance the availability and value of soybeans for food and feed. Accordingly, the safety and availability of soybeans, an important resource as food, can be greatly enhanced and the composition can be variously utilized as raw materials for food, feed, and processed food of which raw materials are soybeans. Therefore, the business feasibility and marketability of the present invention are quite large. COPYRIGHT KIPO 2023(KO) 본 발명은 콩에서 개화 및 등숙기간을 지연시키는 (2) 유전자 및 이의 상동체(homolog) 3 유전자를 동시에 교정시키는 CRISPR/Cas 시스템을 구축하였고, 이를 이용한 유전자교정 기반 기술을 통해 개화기 및 등숙기가 촉진된 콩 형질전환체를 개발하였다. 본 발명에 따른 CRISPR/Cas 기반의 콩 유전자교정 시스템 또는 벡터, 이를 포함하는 콩 유전자교정용 조성물은 콩에 존재하는 E2 단백질과 이와 상동성이 높은 상동체 단백질(97.4% 아미노산 상동성)의 발현을 동시에 억제하는 효과를 가진다.  
본 발명은 콩 식물체에서 (2) 유전자 및 이의 상동체(homolog) 3 유전자를 동시에 교정함으로써 개화기 및 등숙기가 촉진된 새로운 식물체를 제공할 수 있으며, 개화기 및 등숙기가 촉진된 콩을 육성함으로써 식용 및 사료용으로써의 콩의 이용성 및 가치를 증진시킬 수 있다. 이는 식품으로써 중요한 자원인 콩의 안전성 및 이용성을 증진시키는데 크게 기여할 뿐만 아니라, 콩을 원료로 하는 식품, 사료, 가공식품의 원료로 다양하게 활용가능하므로, 이로 인한 사업성 및 시장성은 상당히 크다.
        E2
        GmGI
        GmGI
        E2
        GmGI
        GmGI",102573952,01.09.2023,,
CN206674365,201710674531,China,09.08.2017,107312785,03.11.2017,B,"C12N 15/55
					






C12N 15/113
					






C12N 15/82
					






A01H 5/00
					






A01H 6/46
					








C12N 15/55
					






C12N 15/113
					






C12N 15/82
					






A01H 5/00
					






A01H 6/46
					






View less classifications","C12N 9/14
					






C12N 15/113
					






C12N 15/8213
					






C12N 15/8261
					






C12N 2310/10
					








C12N 9/14
					






C12N 15/113
					






C12N 15/8213
					






C12N 15/8261
					






C12N 2310/10
					






View less classifications",SICHUAN AGRICULTURAL UNIVERSITY四川农业大学,QIN PENG钦鹏HU BINHUA胡彬华LI SHIGUI李仕贵ZHANG GUOHUA张国华CHEN WEILAN陈微兰TU BIN涂斌WANG YUPING王玉平MA BINGTIAN马炳田,北京修典盛世知识产权代理事务所(特殊普通合伙) 11424,(EN) Application of OsKTN80b gene in terms of reducing rice plant height(ZH) OsKTN80b基因在降低水稻株高方面的应用,,"(EN) The invention discloses application of an OsKTN80b gene in terms of reducing rice plant height, belonging to the field of rice gene engineering. A plant with reduced plant height is finally obtained mainly by performing gene editing on the OsKTN80b gene through a CRISPR/Cas9 system, so as to obtain a transgenic plant subjected to OsKTN80b gene knockout, and selecting a homozygous mutant. The invention further discloses two target spot sequences SG1 or SG2 used for the OsKTN80b gene knockout; the target spot sequences are respectively formed by nucleotide sequences shown as SEQ ID No. 4 and SEQ ID No. 5. Compared with wild type rice, the plant height of the transgenic plant subjected to the OsKTN80b gene knockout is reduced by 13.56 to 16.33 percent, and the effect of reducing the rice plant height is good; secondly, a method provided by the invention is not limited to a genetic background, and the problems linked with mal-characters do not exist.(ZH) 本发明公开了OsKTN80b基因在降低水稻株高方面的应用，属于水稻基因工程领域。本发明主要是通过CRISPR/Cas9系统对OsKTN80b基因进行基因编辑，获得OsKTN80b基因敲除的转基因植株，从中选择纯合突变体，最终获得株高降低的植株。本发明还公开了用于OsKTN80b基因敲除的2个靶点序列SG1或SG2，分别由SEQ ID No.4和SEQ ID No.5所示的核苷酸序列组成。与野生型水稻相比，本发明OskTN80b基因敲除的转基因植株的株高降低了13.56％‑16.33％，其降低水稻株高的效果好；其次，本发明方法不受遗传背景限制，也不存在与不良性状连锁的问题。",107312785,06.12.2019,,
KR356034458,1020200114891,Republic of Korea,08.09.2020,1020220032937,15.03.2022,B1,"A01H 1/06
					






A01H 6/82
					






C12N 15/10
					






C12N 15/82
					






C12N 9/10
					






C12N 9/22
					








A01H 1/06
					






A01H 6/82
					






C12N 15/10
					






C12N 15/82
					






C12N 9/10
					






C12N 9/22
					






View less classifications","A01H 1/06
					






A01H 6/823
					






C12N 15/102
					






C12N 15/8205
					






C12N 15/8271
					






C12N 9/104
					






View more classifications
							






A01H 1/06
					






A01H 6/823
					






C12N 15/102
					






C12N 15/8205
					






C12N 15/8271
					






C12N 9/104
					






C12N 9/22
					






C12Y 203/02015
					






C12N 2310/20
					






View less classifications",주식회사 케이티앤지KT & G CORPORATION,SEO HYO SEOKLEE YOUNG GILEE JEONG HEON서효석KIM KWANG CHUL이영기NA WOONG HYUN이정헌OH KYOUNG HWAN김광철JEON EUN YOUNG나웅현오경환전은영,리앤목특허법인,(EN) PLANT WITH REDUCED HEAVY METALS AND MANUFACTURING METHOD THEREOF(KO) 중금속 저감된 식물체 및 이의 제조방법,,"(EN) The present invention relates to plant cells which reduce expression or activity of phytochelatin synthase (PCS) gene or protein coded by the PCS gene compared to mother cells; a plant with a reduce absorption amount of heavy metals including the plant cells; a method for reducing the heavy metals in the plant which includes a step of reducing the expression or the activity of the phytochelatin synthase (PCS) gene or the protein coded by the PCS gene compared to the mother cells of the plant; a CRISPR-Cas9 recombinant vector containing a single guide RNA targeting the PCS gene; and a method for manufacturing the plant with reduced heavy metals which includes a step of transforming the plant cells with the recombinant vector. COPYRIGHT KIPO 2023(KO) 모세포에 비하여 PCS (Phytochelatin synthase) 유전자 또는 상기 PCS 유전자에 의해 코딩되는 단백질의 발현 또는 활성이 감소된 식물 세포, 상기 식물 세포를 포함하는 중금속 흡수량이 저감된 식물, 식물체의 모세포에 비하여 PCS 유전자 또는 상기 PCS 유전자에 의해 코딩되는 단백질의 발현 또는 활성을 감소시키는 단계를 포함하는 식물체 내 중금속을 저감시키는 방법, PCS 유전자를 표적으로 하는 단일 가이드 RNA를 포함하는 크리스퍼-카스9 (CRISPR-Cas9) 재조합 벡터, 및 상기 재조합 벡터로 식물 세포를 형질전환시키는 단계를 포함하는 중금속이 저감된 식물체를 제조하는 방법에 관한 것이다.",102522125,14.04.2023,"WO/2022/055144

US20240052360",
CN340512517,202110618335,China,03.06.2021,113549617,26.10.2021,B,"C12N 15/113
					






C12N 15/82
					






C12N 15/55
					






C12N 15/29
					






A01H 5/02
					






A01H 5/00
					






View more classifications
							






C12N 15/113
					






C12N 15/82
					






C12N 15/55
					






C12N 15/29
					






A01H 5/02
					






A01H 5/00
					






A01H 6/20
					






View less classifications","C12N 15/8218
					






C12N 15/8207
					






C12N 15/8287
					






C07K 14/415
					






C12N 9/22
					








C12N 15/8218
					






C12N 15/8207
					






C12N 15/8287
					






C07K 14/415
					






C12N 9/22
					






View less classifications",NANJING AGRICULTURAL UNIVERSITY南京农业大学,ZHANG CHANGWEI张昌伟PAN YAOHUA潘尧铧XIAO DONG肖栋REN YIMING任一鸣LIU TONGKUN刘同坤HOU XILIN侯喜林LI YING李英HU CHUNMEI胡春梅WANG JIANJUN王建军,南京天华专利代理有限责任公司 32218南京天华专利代理有限责任公司 32218,(EN) SgRNA for editing non-heading Chinese cabbage CENH3 gene and CRISPR/Cas9 vector and application thereof(ZH) 编辑不结球白菜CENH3基因的sgRNA及其CRISPR/Cas9载体和应用,,"(EN) The invention discloses sgRNA for editing a non-heading Chinese cabbage CENH3 gene and a CRISPR/Cas9 vector and application thereof. According to the invention, the sgRNA of the non-heading Chinese cabbage CENH3 gene is designed, the CRISPR/Cas9 gene editing vector is constructed, the CRISPR/Cas9 vector connected with a target DNA fragment is transferred into a non-heading Chinese cabbage genome, and site-directed mutation of the non-heading Chinese cabbage CENH3 gene is achieved through gene editing. According to the invention, the endogenous gene CENH3 of the non-heading Chinese cabbage is edited by combining a pollen nano magnetic transformation technology with a CRISPR/Cas9 technology, a CENH3 haploid induction system is obtained through plant resistance screening, PCR detection and gene sequencing screening, and a foundation is laid for obtaining haploids by utilizing a CENH3-mediated chromosome elimination mechanism in non-heading Chinese cabbage double haploid breeding.(ZH) 本发明公开编辑不结球白菜CENH3基因的sgRNA及其CRISPR/Cas9载体和应用，本发明设计了不结球白菜CENH3基因的sg RNA，构建CRISPR/Cas9基因编辑载体，将连接了目的DNA片段的CRISPR/Cas9载体转入不结球白菜基因组中，通过基因编辑实现对不结球白菜CENH3基因的定点突变。本发明使用花粉纳米磁转化技术结合CRISPR/Cas9技术对不结球白菜内源基因CENH3进行编辑，通过植株抗性筛选、PCR检测、基因测序筛选得到CENH3单倍体诱导系，为在不结球白菜双单倍体育种中利用CENH3介导的染色体消除机制获得单倍体奠定基础。",113549617,30.06.2023,,
CN415089875,202310785469,China,29.06.2023,117025627,10.11.2023,B,"C12N 15/29
					






C07K 14/415
					






C12N 15/84
					






A01H 5/00
					






A01H 6/82
					








C12N 15/29
					






C07K 14/415
					






C12N 15/84
					






A01H 5/00
					






A01H 6/82
					






View less classifications","C07K 14/415
					






C12N 15/8243
					






Y02A 50/30
					








C07K 14/415
					






C12N 15/8243
					






Y02A 50/30
					






View less classifications",ZHENGZHOU TOBACCO RESEARCH INSTITUTE OF CNTC中国烟草总公司郑州烟草研究院,ZHANG HUI张慧XU GUOYUN徐国云LIU PINGPING刘萍萍ZHAI NIU翟妞ZHENG QINGXIA郑庆霞JIN LIFENG金立锋ZHOU HUINA周会娜,郑州睿信知识产权代理有限公司 41119,(EN) Tobacco chloride channel protein NtCLC13 as well as coding gene and application thereof(ZH) 烟草氯离子通道蛋白NtCLC13及其编码基因和应用,,"(EN) The invention discloses a tobacco chloride channel protein NtCLC13 as well as a coding gene and application thereof, and belongs to the technical field of plant genetic engineering. According to the invention, the coding gene NtCLC13 of the tobacco chloride channel protein NtCLC13 is obtained through cloning, and subcellular localization analysis finds that the tobacco chloride channel protein NtCLC13 is localized in cytoplasm. By utilizing a CRISPR/Cas9 technology, the constructed gene editing vector is transferred into a tobacco plant through an agrobacterium transformation method, and the NtCLC13 gene knockout tobacco plant is successfully constructed. The chlorine ion content of the knockout plant leaves is obviously reduced, so that the cultivation of a new variety of low-chlorine tobacco becomes possible, and a new direction is provided for improving the situation that the chlorine content of flue-cured tobacco in part of tobacco areas in China is high. Meanwhile, a gene network for regulating and controlling the chloride ions in the tobacco is enriched, and important significance is achieved for regulating and controlling the content of the chloride ions in the tobacco and further understanding molecular regulation and control of chloride ion transport.(ZH) 本发明公开了烟草氯离子通道蛋白NtCLC13及其编码基因和应用，属于植物基因工程技术领域。本发明克隆获得烟草氯离子通道蛋白NtCLC13的编码基因NtCLC13基因，而且利用亚细胞定位分析发现，烟草氯离子通道蛋白NtCLC13定位在细胞质中。利用CRISPR/Cas9技术，通过农杆菌转化法将构建的基因编辑载体转入烟草植株中，成功构建了NtCLC13基因敲除烟草植株。敲除株叶片氯离子含量显著降低，这使培育低氯烟草新品种成为可能，为改善我国部分烟区烤烟氯含量偏高的情况提供一个新的方向。同时丰富了烟草中氯离子调控的基因网络，对调控烟草中氯离子含量、进一步了解氯离子转运的分子调控有重要意义。",117025627,01.11.2024,,
CN409115559,202310699899,China,14.06.2023,116751272,15.09.2023,B,"C07K 14/415
					






C12N 15/29
					






C12N 15/113
					






C12N 15/84
					






A01H 5/00
					






A01H 6/46
					








C07K 14/415
					






C12N 15/29
					






C12N 15/113
					






C12N 15/84
					






A01H 5/00
					






A01H 6/46
					






View less classifications","C07K 14/415
					






C12N 15/8282
					






C12N 15/8216
					






C12N 15/8205
					








C07K 14/415
					






C12N 15/8282
					






C12N 15/8216
					






C12N 15/8205
					






View less classifications",NANKAI UNIVERSITY南开大学,BIAN QIANG边强LI ZHUO李卓YUAN DEPENG苑德鹏XUAN YUANHU玄元虎YU SHUJING于淑晶,北京高沃律师事务所 11569,(EN) Application of NAC079 gene in regulation and control of rice sheath blight resistance(ZH) NAC079基因在调控水稻抗纹枯病中的应用,,"(EN) The invention relates to the technical field of gene engineering, in particular to application of an NAC079 gene in regulation and control of rice sheath blight resistance. According to the invention, an NAC079 gene in receptor rice is edited by virtue of a CRISPR/Cas9 gene editing technology, so that a transgenic plant nac079 of which the NAC079 is knocked out is obtained. Meanwhile, an overexpression transgenic plant NAC079OX of the NAC079 is obtained through an overexpression transgenic technology. According to the technical regulations for identifying the resistance of the rice sheath blight disease, resistance identification is carried out by inoculating rhizoctonia solani AG1-IA, and it is found that compared with wild rice, a nac079 plant is more resistant to diseases, and an NAC079OX plant is more susceptible to diseases. It is proved that the NAC079 gene is related to the resistance of rice to the sheath blight disease and can be used for creating new germplasm resistant to the rice sheath blight disease.(ZH) 本发明涉及基因工程技术领域，特别是涉及NAC079基因在调控水稻抗纹枯病中的应用。本发明通过CRISPR/Cas9基因编辑技术，对受体水稻中的NAC079基因进行编辑，获得NAC079敲除的转基因植株nac079。同时通过过表达转基因技术获得NAC079过表达转基因植株NAC079OX。按照水稻纹枯病抗性活体叶鞘鉴定技术规程，通过接种纹枯病菌(Rhizoctoniasolani)AG1‑IA进行抗性鉴定发现，与野生型水稻相比，nac079植株更加抗病，NAC079OX植株则更加感病。证实了NAC079基因与水稻对纹枯病的抗性相关，可用于创制水稻纹枯病抗性新种质。",116751272,06.02.2024,,
CN217719882,201810059521,China,22.01.2018,107988252,04.05.2018,B,"C12N 15/82
					






C12N 15/29
					






C07K 14/415
					






A01H 5/00
					






A01H 6/46
					








C12N 15/82
					






C12N 15/29
					






C07K 14/415
					






A01H 5/00
					






A01H 6/46
					






View less classifications","C07K 14/415
					






C12N 15/8213
					






C12N 15/8218
					






C12N 15/8261
					








C07K 14/415
					






C12N 15/8213
					






C12N 15/8218
					






C12N 15/8261
					






View less classifications","INSTITUTE OF GENETICS AND DEVELOPMENTAL BIOLOGY, CHINESE ACADEMY OF SCIENCES中国科学院遗传与发育生物学研究所",ZHOU YIHUA周奕华ZHANG BAOCAI张保才WANG SHAOGAN王少干,北京纪凯知识产权代理有限公司 11245北京纪凯知识产权代理有限公司 11245,(EN) Application of bHLH73 protein to regulation and control of plant height(ZH) bHLH73蛋白在调控植物株高中的应用,,"(EN) The invention discloses a method for culturing plant with height reduction. The method comprises the following step of inhibiting the expression of a bHLH73 gene in a starting plant so as to reduce the plant height, wherein the bHLH73 gene is nucleic acid for coding bHLH73 protein, and the bHLH73 protein is protein shown by a sequence 1 in a sequence table. The condition that after the partial fragments of the bHLH73 gene is knocked out by a CRISPR/Cas9 technology, the rice adult plant height is obviously reduced is discovered and proved, so that the method provided by the invention can be used for enhancing the rice lodging-resistant performance and culturing the short-stalk rice variety; important effects can be achieved in the rice breeding work; the yield and the quality of the rice can be favorably improved; important economic values are realized.(ZH) 本发明公开了一种培育株高降低的植物的方法，包括如下步骤：抑制出发植物中bHLH73基因的表达，从而使植物的株高降低；所述bHLH73基因为编码bHLH73蛋白的核酸；所述bHLH73蛋白为序列表的序列1所示的蛋白质。本发明中发现并证实了，通过CRISPR/Cas9技术敲除bHLH73基因的部分区段后，水稻成株株高显著降低，因此本发明可用于增加水稻抗倒伏性，培育矮杆水稻品种，将在水稻育种工作中发挥重大作用，有助于提高稻米产量和品质，具有重要经济价值。",107988252,26.05.2020,,
CN420582339,202311209620,China,18.09.2023,117385076,12.01.2024,B,"C12Q 1/6895
					






C12Q 1/6844
					






C12N 15/11
					






C12R 1/77
					








C12Q 1/6895
					






C12Q 1/6844
					






C12N 15/11
					






C12R 1/77
					






View less classifications","C12Q 1/6895
					






C12Q 1/6844
					






C12R 2001/77
					








C12Q 1/6895
					






C12Q 1/6844
					






C12R 2001/77
					






View less classifications",INSTITUTE OF PLANT PROTECTION OF XINJIANG ACADEMY OF AGRICULTURAL SCIENCES新疆农业科学院植物保护研究所CHINESE ACADEMY OF INSPECTION AND QUARANTINE中国检验检疫科学研究院,DING XINHUA丁新华JIANG FAN姜帆FU KAIYUN付开赟WANG XIAOWU王小武JIA ZUNZUN贾尊尊GUO WENCHAO郭文超YANG JIE杨杰,北京百欧知识产权代理事务所(普通合伙) 11930北京百欧知识产权代理事务所(普通合伙) 11930,(EN) Kit and detection method for detecting fusarium verticillium based on RPA-CRISPR/Cas system(ZH) 基于RPA-CRISPR/Cas系统检测拟轮枝镰孢菌的试剂盒和检测方法,,"(EN) The invention discloses a kit for detecting fusarium verticillioides based on an RPA-CRISPR/Cas system and application of the kit, Cas protein is Cas12, the kit comprises an RPA primer and crRNA, the fusarium verticillioides comprises the fusarium verticillioides, and the RPA primer and the crRNA of the fusarium verticillioides are respectively a primer combination FverF1/FverR1 and Fv-crRNA. Aiming at the corn stalk rot pathogenic bacteria with wide distribution, high separation frequency and strong pathogenicity, the invention develops a corn stalk rot pathogenic bacteria on-site visual rapid detection technology based on combination of a recombinase polymerase amplification technology and CRISPR/Cas12a (Clustered Regularly Interspaced Short Palindromic Repeats/CRISPR/CRISPR/CRISPR/Cas12a). According to the technology, reaction can be carried out under the constant temperature condition of 37-42 DEG C, complex instruments and equipment are not needed, and CRISPR/Cas12a can recognize and cut a specific nucleic acid sequence, so that the detection specificity and sensitivity are further improved on the basis of RPA.(ZH) 本发明公开了一种基于RPA‑CRISPR/Cas系统检测拟轮枝镰孢菌的试剂盒及其应用，其中Cas蛋白为Cas12，所述试剂盒包括RPA引物和crRNA，所述镰孢菌包括拟轮枝镰孢菌，拟轮枝镰孢菌的RPA引物和crRNA分别为引物组合FverF1/FverR1、Fv‑crRNA。本发明针对分布广、分离频率高、致病性强的玉米茎腐病病原菌，开发基于重组酶聚合酶扩增技术结合CRISPR/Cas12a的玉米茎腐病病原菌现场可视化快速检测技术。该技术可在37‑42℃恒温条件下进行反应，无需复杂的仪器设备，CRISPR/Cas12a可识别并切割特定核酸序列，从而在RPA基础上进一步增加了检测的特异性和灵敏度。",117385076,21.02.2025,,
CN326427672,202110442352,China,23.04.2021,112852980,28.05.2021,B,"C12Q 1/6888
					






C12Q 1/6844
					






C12N 15/113
					








C12Q 1/6888
					






C12Q 1/6844
					






C12N 15/113
					






View less classifications","C12N 15/113
					






C12Q 1/6844
					






C12Q 1/6888
					






C12N 2310/20
					








C12N 15/113
					






C12Q 1/6844
					






C12Q 1/6888
					






C12N 2310/20
					






View less classifications","SHANGHAI CUSTOMS ANIMAL, PLANT AND FOOD INSPECTION AND QUARANTINE TECHNOLOGY CENTER上海海关动植物与食品检验检疫技术中心上海科技大学",CAI YICUN蔡一村WANG XINJIE王鑫杰PAN LIANGWEN潘良文XIONG WEI熊炜WANG QIANG王强LIN YINGZHENG林颖铮,上海华工专利事务所(普通合伙) 31104上海华工专利事务所(普通合伙) 31104,(EN) Detection method for detecting nucleic acid of Atlantic salmon based on CRISPR fluorescence method and detection kit(ZH) 基于CRISPR荧光法检测大西洋鲑核酸的检测方法及其检测试剂盒,,"(EN) The invention discloses a detection kit for detecting nucleic acid of Atlantic salmon based on a CRISPR fluorescence method. The detection kit comprises a CRISPR fluorescence detection system suitable for rapid nucleic acid detection of Atlantic salmon, wherein the CRISPR fluorescence detection system comprises specific crRNA aiming at a mitochondrial target sequence of Atlantic salmon, an efficient isothermal amplification primer combination, CRISPR protein and an ssDNA report system. The invention further discloses a rapid detection method for detecting the nucleic acid of the Atlantic salmon based on the CRISPR fluorescence method, and the detection kit for detecting the nucleic acid of the Atlantic salmon based on the CRISPR fluorescence method is adopted for detection. The detection kit disclosed by the invention not only can be used for fluorescence detection by using a microplate reader, but also can be used for naked eye detection by using fluorescence, and has good sensitivity and specificity.(ZH) 本发明公开了一种基于CRISPR荧光法检测大西洋鲑核酸的检测试剂盒，包括适用于大西洋鲑快速核酸检测的CRISPR的荧光检测体系，所述CRISPR的荧光检测体系包括：针对大西洋鲑线粒体靶序列的特异性crRNA、高效等温扩增引物组合、CRISPR蛋白和ssDNA报告系统。本发明还公开一种基于CRISPR荧光法检测大西洋鲑核酸的快速检测方法，其是采用所述的基于CRISPR荧光法检测大西洋鲑核酸的检测试剂盒进行检测。本发明的检测试剂盒，既可利用酶标仪荧光检测，也可以利用荧光肉眼检测，具有良好的灵敏性和特异性。",112852980,26.11.2021,,
KR393118858,1020210104895,Republic of Korea,09.08.2021,1020230022749,16.02.2023,B1,"C12N 15/10
					






A01H 1/06
					






A01H 5/10
					






C07K 14/415
					






C12N 15/113
					






C12N 15/82
					






View more classifications
							






C12N 15/10
					






A01H 1/06
					






A01H 5/10
					






C07K 14/415
					






C12N 15/113
					






C12N 15/82
					






C12N 9/22
					






View less classifications","C12N 15/102
					






A01H 1/06
					






A01H 5/10
					






C07K 14/415
					






C12N 15/113
					






C12N 15/8242
					






View more classifications
							






C12N 15/102
					






A01H 1/06
					






A01H 5/10
					






C07K 14/415
					






C12N 15/113
					






C12N 15/8242
					






C12N 9/22
					






C12N 2310/20
					






View less classifications",경상국립대학교산학협력단INDUSTRY-ACADEMIC COOPERATION FOUNDATION GYEONGSANG NATIONAL UNIVERSITY,KIM MIN CHULCHUN HYUN JINCHO HYUN MIN김민철PARK MI SUK전현진CHUNG CHUN HEE조현민박미숙정춘희,최규환,(EN) GMIKP1 GENE EDITING SYSTEM AND USE THEREOF(KO) GmIPK1 유전자교정 시스템 및 이의 용도,,"(EN) According to the present invention, a CRISPR/Cas system for simultaneously editing GmIPK1, which regulates phytic acid biosynthesis in soybeans, and homolog genes thereof is constructed and a gene-corrected soybean transformant with low phytic acid content is developed through gene editing-based technology using the same. A CRISPR/Cas-based soybean gene editing system or vector according to the present invention and a soybean gene editing composition containing the same have the effect of simultaneously suppressing the expression of the IPK1 protein present in soybeans. The present invention may provide a new plant that produces soybeans with reduced content of phytic acid, which is an anti-nutritional factor, by specifically editing a GmIPK1 gene in a soybean plant and may increase the usability and value of soybeans and at the same time, contribute to preserving a clean agricultural ecosystem by cultivating soybeans with reduced phytic acid content from soybean seeds. COPYRIGHT KIPO 2023(KO) 본 발명은 콩에서 피틴산 생합성을 조절하는  및 이의 상동체 유전자를 동시에 교정시키는 CRISPR/Cas 시스템을 구축하였고, 이를 이용한 유전자교정 기반 기술을 통해 피틴산 함량이 낮은 유전자교정 콩 형질전환체 개발하였다. 본 발명에 따른 CRISPR/Cas 기반의 콩 유전자교정 시스템 또는 벡터, 이를 포함하는 콩 유전자교정용 조성물은 콩에 존재하는 IPK1 단백질의 발현을 동시에 억제하는 효과를 가진다. 
본 발명은 콩 식물체에서  유전자를 특이적으로 교정함으로써, 항영양인자인 피틴산 함량이 감소된 콩을 생산하는 새로운 식물체를 제공할 수 있으며, 콩 종자에서 피틴산 함량이 감소된 콩을 육성함으로써 식용 및 사료용으로써의 콩의 이용성 및 가치를 증진시키고, 동시에 깨끗한 농업생태계를 보존하는데 기여할 수 있을 것이다.
        GmIPK1
        GmIPK1",102584891,04.10.2023,,
CN314570137,201910582527,China,28.06.2019,112143730,29.12.2020,B,"C12N 15/113
					






C12N 15/82
					






A01H 6/54
					








C12N 15/113
					






C12N 15/82
					






A01H 6/54
					






View less classifications","C12N 15/113
					






C12N 15/8213
					






C07K 14/415
					






C12N 2310/10
					






C12N 2310/20
					








C12N 15/113
					






C12N 15/8213
					






C07K 14/415
					






C12N 2310/10
					






C12N 2310/20
					






View less classifications",NORTHEAST AGRICULTURAL UNIVERSITY东北农业大学,ZOU JIANAN邹佳男,哈尔滨市阳光惠远知识产权代理有限公司 23211,(EN) Soybean GmEF1B gene mutant plant as well as preparation method and application thereof(ZH) 一种大豆GmEF1B基因突变体植株及其制备方法及应用,,"(EN) The invention discloses a soybean GmEF1B gene mutant plant as well as a preparation method and application thereof, and belongs to the technical field of plant biology. The soybean GmEF1B gene mutantplant is provided to clarify the disease-resistant function of soybean genes resistant to sclerotinia sclerotiorum and accelerate the breeding process of soybean varieties resistant to sclerotinia sclerotiorum, and contains a mutant soybean GmEF1B gene. The mutation means base substitution or deletion occurring to a 5'-GCTTCCCCGGCAATGCTCAA-3' nucleotide sequence in a GmEF1B gene coding region so as to change the coded amino acid sequence, and the mutant plant is prepared by a CRISPR/Cas9 gene editing method, and can be used for breeding soybean varieties resistant to sclerotinia sclerotiorum.(ZH) 一种大豆GmEF1B基因突变体植株及其制备方法及应用,属于植物生物技术领域。为了明确大豆抗核盘菌相关基因的抗病功能，加快大豆抗菌核病品种选育的进程，本发明提供了一种大豆GmEF1B基因突变体植株，所述突变体植株含有突变的大豆GmEF1B基因，所述突变是指GmEF1B基因编码区中5’‑GCTTCCCCGGCAATGCTCAA‑3’核苷酸序列发生碱基取代或缺失，使其编码的氨基酸序列发生改变。所述突变体植株通过CRISPR/Cas9基因编辑方法制备获得。本发明可用于大豆抗菌核病品种的选育。",112143730,30.09.2022,,
CN321339029,202011490419,China,16.12.2020,112538486,23.03.2021,B,"C12N 15/29
					






C12N 15/113
					






C12N 15/82
					






C07K 14/415
					






A01H 5/00
					






A01H 6/46
					








C12N 15/29
					






C12N 15/113
					






C12N 15/82
					






C07K 14/415
					






A01H 5/00
					






A01H 6/46
					






View less classifications","C07K 14/415
					






C12N 15/113
					






C12N 15/8218
					






C12N 15/8261
					






C12N 2310/20
					








C07K 14/415
					






C12N 15/113
					






C12N 15/8218
					






C12N 15/8261
					






C12N 2310/20
					






View less classifications",HENAN AGRICULTURAL UNIVERSITY河南农业大学,GOU MINGYUE苟明月JING TENG荆腾WU YUYING武玉莹FAN TIANYUAN范田源LI JIANKUN李见坤,西安铭泽知识产权代理事务所(普通合伙) 61223,"(EN) Gene for controlling maize plant height, protein encoded by gene and application of gene(ZH) 控制玉米株高的基因、其编码的蛋白质以及应用",,"(EN) The invention relates to the field of biotechnology and genetic breeding, in particular to a gene for controlling the maize plant height, protein encoded by the gene and application of the gene. The gene is ZmBON1, and the nucleotide sequence of the gene is as shown in SEQ ID NO.1; the application refers to application in maize dwarf material breeding, and a CRISPR/Cas9 gene editing means is utilized to perform site-specific mutagenesis on the maize ZmBON1 gene, so that the function of the maize ZmBON1 gene is lost, and the genetic improvement of the maize plant height is realized. The research provides a new dwarf breeding gene resource, the plant type of an important maize inbred line can be improved through the gene in the future, and the gene is popularized and applied in production.(ZH) 本发明涉及生物技术和遗传育种领域，具体地说，涉及控制玉米株高的基因、其编码的蛋白质以及应用。所述基因为ZmBON1，其核苷酸序列如SEQ ID NO.1所示，所述应用是指在玉米矮化材料育种的应用，其是利用CRISPR/Cas9基因编辑手段，对玉米ZmBON1基因进行定点突变，使得玉米ZmBON1基因功能缺失，来实现对玉米株高的遗传改良。研究提供了新的矮化育种基因资源，未来可通过该基因改良重要玉米自交系的株型，在生产上得以推广应用。",112538486,15.02.2022,,
CN350464637,202010731015,China,27.07.2020,113999871,01.02.2022,B,"C12N 15/82
					






C12N 15/113
					






A01H 5/10
					






A01H 6/46
					








C12N 15/82
					






C12N 15/113
					






A01H 5/10
					






A01H 6/46
					






View less classifications","C12N 15/8218
					






C12N 15/8261
					






C12N 15/113
					






C07K 14/415
					






C12N 2310/20
					








C12N 15/8218
					






C12N 15/8261
					






C12N 15/113
					






C07K 14/415
					






C12N 2310/20
					






View less classifications","CHINA NATIONAL SEED GROUP CO., LTD.中国种子集团有限公司",LI HONGJING李弘婧CHEN YA陈雅CHENG XIONGFENG成雄峰WANG WENSHU王文舒TAN CHAO谭超XU NIAN徐念ZHANG ZIQI张子琦DING QI丁琦MA CHONGLIE马崇烈,北京英赛嘉华知识产权代理有限责任公司 11204北京英赛嘉华知识产权代理有限责任公司 11204,(EN) Method for creating dwarf upright plant type rice germplasm and application of dwarf upright plant type rice germplasm(ZH) 创制矮杆直立株型的水稻种质的方法及其应用,,"(EN) The invention discloses a method for creating dwarf upright plant type rice germplasm, which comprises the step of modifying an OsSMG1 (OsMKK4) gene in rice to weaken or lose the function of the OsSMG1 (OsMKK4) gene. The invention further discloses an application of the rice created by the method to breeding or germplasm resource improvement, sgRNA capable of targeting the rice OsSMG1 (OsMKK4) gene, and a CRISPR/Cas9 editing vector capable of targeting the rice OsSMG1 (OsMKK4) gene. The invention provides a new method for rice breeding improvement, and particularly provides a convenient and efficient improvement strategy for other varieties which have good characters and need to be improved in plant type and grain type yield. According to the OsSMG1 (OsMKK4) gene and the method for targeting the OsMKK4 gene, an available gene resource and an improvement strategy are provided for rice seed production.(ZH) 本申请公开了创制矮杆直立株型的水稻种质的方法，其包括修饰水稻中的OsSMG1(OsMKK4)基因，使其功能减弱或丧失。本申请还公开了通过所述方法创制的水稻用于育种或改良种质资源的用途，能够靶向水稻OsSMG1(OsMKK4)基因的sgRNA，以及能够靶向水稻OsSMG1(OsMKK4)基因的CRISPR/Cas9编辑载体。本申请为水稻育种改良提供了一种新的方法，特别是对于一些其它性状良好，株型和粒型产量尚需改良的品种，提供了一种便捷高效的改良策略。本申请所述的OsSMG1(OsMKK4)基因及靶向该基因的方法为水稻制种提供了一个可利用的基因资源和改良策略。",113999871,19.01.2024,,
CN340397319,202010321801,China,22.04.2020,113528515,22.10.2021,B,"C12N 15/113
					






C12N 15/79
					






C12N 15/65
					






C12N 15/90
					






C12N 15/81
					








C12N 15/113
					






C12N 15/79
					






C12N 15/65
					






C12N 15/90
					






C12N 15/81
					






View less classifications","C12N 15/113
					






C12N 15/79
					






C12N 15/65
					






C12N 15/815
					






C12N 15/902
					






C12N 2310/20
					








C12N 15/113
					






C12N 15/79
					






C12N 15/65
					






C12N 15/815
					






C12N 15/902
					






C12N 2310/20
					






View less classifications",CAS CENTER FOR EXCELLENCE IN MOLECULAR PLANT SCIENCES中国科学院分子植物科学卓越创新中心,LI XUAN李轩JING XINYUN荆新云ZHANG NIUBING张牛冰ZHU YAN朱艳,上海专利商标事务所有限公司 31100,(EN) Technology for intervening and blocking virus reverse transcription transposition based on CRISPR-Cas13a(ZH) 基于CRISPR-Cas13a干预阻断病毒逆转录转座的技术,,"(EN) The invention provides a technology for intervening and blocking reverse transcription transposition of a reverse transcription organism based on CRISPR-Cas13a. The invention discloses a technology for intervening and blocking reverse transcription transposition of the reverse transcription organism based on CRISPR-Cas13a, a system for blocking reverse transcription transposition of the reverse transcription organism in eukaryotic cells and application of the system. In the invention, research and demonstration are carried out on the basis of the model system of the retrovirus Tf1. According to the technical scheme, Cas13a is used for inhibiting reverse transcription transposition for the first time, and the reverse transcription transposition blocking efficiency of Cas13a is ideal.(ZH) 本发明提供了一种基于CRISPR‑Cas13a干预阻断逆转录生物体的逆转录转座的技术。本发明揭示了一种基于CRISPR‑Cas13a干预阻断逆转录生物体逆转录转座的技术，以及用于阻断逆转录生物体在真核细胞内逆转录转座的体系及其应用。本发明中以Tf1这一逆转录病毒的模型体系进行了研究和论证。本发明的技术方案不仅首次利用Cas13a实现对逆转录转座的抑制，而且其阻断逆转录转座的效率较为理想。",113528515,05.05.2023,,
CN361405908,202210151250,China,16.02.2022,114438119,06.05.2022,B,"C12N 15/82
					






C12N 15/65
					






C12N 15/29
					






A01H 5/00
					






A01H 6/46
					








C12N 15/82
					






C12N 15/65
					






C12N 15/29
					






A01H 5/00
					






A01H 6/46
					






View less classifications","C12N 15/8218
					






C12N 15/8212
					






C07K 14/415
					






Y02A 40/146
					








C12N 15/8218
					






C12N 15/8212
					






C07K 14/415
					






Y02A 40/146
					






View less classifications",GUANGXI UNIVERSITY广西大学,XIA JIXING夏继星WANG ZHIGANG王志刚ZHANG BAOLEI张宝磊PENG LIYUN彭丽云XIN YAFENG辛亚峰,广西汇佳知识产权代理事务所(普通合伙) 45125,(EN) Preparation method and application of polygene mutant rice plant carrying marker(ZH) 一种携带标记的多基因突变体水稻植株的制备方法及其应用,,"(EN) The invention discloses a preparation method of a polygene mutant rice plant carrying a marker, which comprises the following steps: combining a CRISPR/Cas9 gene editing technology with other tag genes for use, respectively constructing OsMYB36a/b/c-sgRNA expression cassettes, and connecting the OsMYB36a/b/c-sgRNA expression cassettes with a tagged target gene segment through an enzyme digestion-connection reaction to obtain the polygene mutant rice plant carrying the marker. The OsMYB36a/b/c three-gene knockout three-knockout vector carries a gene to be researched and an expression tag, and a polygene mutant rice plant carrying the tag is obtained through transformation. According to the invention, the mutation of a knockout target gene can be caused, and the expression of a tagged gene can be started, so that the research on the influence of polygene mutation on other genes is visualized. In addition, the method is simple and convenient to operate and high in universality. The research time can be saved, and the research progress can be accelerated.(ZH) 本发明公开了一种携带标记的多基因突变体水稻植株的制备方法，将CRISPR/Cas9基因编辑技术和其它标签基因联合使用，分别构建OsMYB36a/b/c‑sgRNA表达盒，再通过酶切‑连接反应将它们与带标签的目的基因片段连接起来，得到OsMYB36a/b/c三基因敲除且携带待研究基因和表达标签的三敲载体，转化得到携带标记的多基因突变体水稻植株。本发明既能造成敲除靶点基因的突变又能启动带标签基因的表达，使多基因突变对其它基因影响的研究可视化。并且，该方法操作简单方便，通用性强。有助于节省研究时间、加快研究进度。",114438119,13.10.2023,,
CN398216770,202211496128,China,25.11.2022,116064963,05.05.2023,B,"C12Q 1/70
					






C12Q 1/6844
					






C12N 15/11
					






C12R 1/93
					








C12Q 1/70
					






C12Q 1/6844
					






C12N 15/11
					






C12R 1/93
					






View less classifications","C12Q 1/701
					






C12Q 1/6844
					






Y02A 50/30
					








C12Q 1/701
					






C12Q 1/6844
					






Y02A 50/30
					






View less classifications",SHENZHEN CUSTOMS ANIMAL AND PLANT INSPECTION AND QUARANTINE TECHNOLOGY CENTER深圳海关动植物检验检疫技术中心,HUANG CHAOHUA黄超华HUA QUNYI花群义CAO CHENFU曹琛福ZHOU HUALIANG周华亮RUAN ZHOUXI阮周曦LIN YANXING林彦星SHI WEIJUN史卫军WU JIANG吴江,北京蕙识同联专利代理事务所(特殊普通合伙) 11966,(EN) CRISPR-Cas12a-based African horse pestivirus visual rapid detection method and kit thereof(ZH) 一种基于CRISPR-Cas12a的非洲马瘟病毒可视化快速检测方法及其试剂盒,,"(EN) The invention belongs to the technical field of biological detection, and particularly relates to a CRISPR-Cas12a (clustered regularly interspaced short palindromic repeats-CRISPR-Cas12a)-based African horse pestivirus visual rapid detection method and a kit. According to the application, a multi-enzyme constant-temperature rapid amplification technology is combined with a CRISPR-Cas12a system, so that the nucleic acid of the African horse pestivirus can be visually and rapidly detected in a reaction tube. Compared with a fluorescent PCR (Polymerase Chain Reaction) method and other constant-temperature expansion methods, the method provided by the invention has the advantages of rapid reaction, high sensitivity, high specificity, convenience in use and important clinical application value.(ZH) 本申请属于生物检测技术领域，具体涉及一种基于CRISPR‑Cas12a的非洲马瘟病毒可视化快速检测方法及试剂盒。本申请将多酶恒温快速扩增技术与CRISPR‑Cas12a系统相结合，实现一个反应管中可视化快速检测非洲马瘟病毒核酸。与荧光PCR方法和其他恒温扩展方法相比，本申请反应快速，且具有高灵敏性和高特异性，使用方便，具有重要临床应用价值。",116064963,19.09.2023,,
CN437268318,202410661836.X,China,27.05.2024,118440980,06.08.2024,B,"C12N 15/82
					






C12N 15/113
					






A01H 5/00
					






A01H 6/46
					






C12Q 1/6895
					








C12N 15/82
					






C12N 15/113
					






A01H 5/00
					






A01H 6/46
					






C12Q 1/6895
					






View less classifications","C12N 15/8261
					






C12N 15/8218
					






C12N 15/113
					






C12Q 1/6895
					






C12Q 2600/13
					






C12Q 2600/158
					






View more classifications
							






C12N 15/8261
					






C12N 15/8218
					






C12N 15/113
					






C12Q 1/6895
					






C12Q 2600/13
					






C12Q 2600/158
					






C12Q 2600/178
					






Y02A 40/146
					






View less classifications","INSTITUTE OF BOTANY, THE CHINESE ACADEMY OF SCIENCES中国科学院植物研究所",ZHANG CUI张翠WANG TAO王涛HU BINBIN胡滨滨LI XIANCHONG李先冲JIANG QING姜庆,北京路浩知识产权代理有限公司 11002,(EN) Application of corn miRNA172 and precursor sequence Zma-MIR172c thereof in change of corn plant height(ZH) 玉米miRNA172及其前体序列Zma-MIR172c在改变玉米株高中的应用,,"(EN) The invention relates to the technical field of molecular biology and molecular breeding, and particularly discloses application of corn miRNA172 and a precursor sequence Zma-MIR172c of the corn miRNA172 in changing the height of a corn plant. The invention discovers that after Zma-MIR172c or miRNA172 is knocked out through a CRISPR (clustered regularly interspaced short palindromic repeats) technology and an STTM (short time transverse motif) technology in corn, the plant height of the corn can be reduced, and the plant height of the corn can be increased through overexpression of the Zma-MIR172c gene. The invention further provides application of the corn miRNA172, a precursor sequence Zma-MIR172c of the corn miRNA172 or a biological material containing the encoding gene of the corn miRNA172 in changing the plant height of the corn, and the sequence of the Zma-MIR172c is shown as SEQ ID NO. 1. The Zma-MIR172c or miRNA172 disclosed by the invention can be used for culturing short-stalk/high-stalk corn varieties, and has a good market application prospect.(ZH) 本发明涉及分子生物学和分子育种技术领域，具体公开了玉米miRNA172及其前体序列Zma‑MIR172c在改变玉米株高中的应用。本发明发现在玉米中通过CRISPR技术和STTM技术敲除Zma‑MIR172c或miRNA172后能够降低玉米的株高，而过表达Zma‑MIR172c基因能够增加玉米的株高。进而提出玉米miRNA172、玉米miRNA172的前体序列Zma‑MIR172c或含有其编码基因的生物材料在改变玉米株高中的应用，所述Zma‑MIR172c的序列如SEQ ID NO.1所示。本发明的Zma‑MIR172c或miRNA172可用于培育矮杆/高杆玉米品种，具有良好的市场应用前景。",118440980,10.01.2025,,
CN323175816,201910989836,China,17.10.2019,112680472,20.04.2021,B,"C12N 15/82
					






C12N 15/29
					






A01H 5/06
					






A01H 6/46
					








C12N 15/82
					






C12N 15/29
					






A01H 5/06
					






A01H 6/46
					






View less classifications","Y02A 40/146
					








Y02A 40/146
					






View less classifications",SOUTH CHINA AGRICULTURAL UNIVERSITY华南农业大学,WANG HAIYANG王海洋WEI HONGBIN魏洪彬KONG DEXIN孔德鑫XIE YURONG谢钰容GOU YAJUN苟亚军ZHAO YONGPING赵永平WANG BAOBAO王宝宝LIU YANG刘扬ZHAO BINBIN赵斌斌JING YIFENG景艺峰SHEN RONGXIN沈荣鑫,北京思元知识产权代理事务所(普通合伙) 11598北京思元知识产权代理事务所(普通合伙) 11598,(EN) Application of ZmSPL gene to regulation and control of development of crown roots or aerial roots of corn(ZH) ZmSPL基因在调控玉米冠根或气生根发育中的应用,,"(EN) The invention discloses an application of a ZmSPL gene to regulation and control of development of crown roots or aerial roots of corn. A corn Zmsbp20Zmsbp25Zmsbp27 three-mutant plant is obtained after a ZmSBP20 gene, a ZmSBP25 gene and a ZmSBP27 gene in corn are knocked out by utilizing a CRISPR/Cas9 transgenic technology, and phenotypic investigation shows that development of the crown roots of a three-mutant seedling plant is advanced and the number of layers of the aerial roots is increased, and indicates that after the ZmSBP20 gene, the ZmSBP25 gene and the ZmSBP27 gene are knocked out, the corn plant can generate more aerial roots. The method has application prospects in the aspects of promoting development of the crown roots of the corn or increasing the number or the layers of the aerial roots of the corn, cultivating lodging-resistant new corn varieties and the like.(ZH) 本发明公开了ZmSPL基因在调控玉米冠根或气生根发育中的应用。本发明利用CRISPR/Cas9转基因技术将玉米中ZmSBP20基因，ZmSBP25基因和ZmSBP27基因敲除后，获得玉米Zmsbp20Zmsbp25Zmsbp27三突变体突变体植株，表型调查显示，三突变体幼苗植株的冠根发育提早并且气生根层数增加，表明敲除ZmSBP20基因，ZmSBP25基因和ZmSBP27基因后可使玉米植株产生更多的气生根。本发明在促进玉米冠根发育或增加玉米气生根数量或层数以及在培育抗倒伏玉米新品种等方面有应用前景。",112680472,01.08.2023,,
CN310797673,201880085616.X,China,21.11.2018,111836894,27.10.2020,B,"C12N 15/79
					






C12N 15/10
					






C12N 15/113
					






C12N 9/22
					






C12N 15/90
					








C12N 15/79
					






C12N 15/10
					






C12N 15/113
					






C12N 9/22
					






C12N 15/90
					






View less classifications","C12N 9/22
					






C12N 15/79
					






C12N 15/90
					






C12N 15/111
					






C12N 2310/20
					






C12N 2310/3519
					






View more classifications
							






C12N 9/22
					






C12N 15/79
					






C12N 15/90
					






C12N 15/111
					






C12N 2310/20
					






C12N 2310/3519
					






C12N 2320/52
					






C12N 2320/53
					






C12N 15/102
					






C12N 15/113
					






C12N 15/907
					






C12N 2310/10
					






C12N 15/8201
					






C12N 15/8509
					






C12N 9/96
					






View less classifications",KOREA RESEARCH INSTITUTE OF BIOSCIENCE & BIOTECHNOLOGY基恩科雷有限责任公司,KIM YONG SAM金龙三KO JEONG HEON高正宪LEE JEONG MI李姃美MOON SU BIN文秀彬,北京集佳知识产权代理有限公司 11227北京集佳知识产权代理有限公司 11227,(EN) Genome editing composition using CRISPR/CPF1 SYSTEM AND USE THEREOF(ZH) 用于使用CRISPR/Cpf1系统进行基因组编辑的组合物及其用途,,"(EN) The present invention relates to a genome editing composition using a CRISPR/Cpf1 system and a use thereof and, more particularly, to a genome editing composition comprising: a CRISPR RNA (crRNA) including a guide sequence capable of hybridizing with a target nucleotide sequence, and a uridine repeat sequence connected to the 3'-terminus of the guide sequence, or a DNA coding therefor; and a Cpf1protein or a DNA coding therefor, a genome editing method using the same, a method for construction of a transgenic entity, and a transgenic entity. Utilizing the CRIPSPR/Cpf1 system, the present invention can increase an indel efficiency and decrease off-target activity in genome editing and thus can easily construct a transformed cell or transgenic animal or plant having a desired gene insertedthereinto (knock-in) or deleted therefrom (knock-out).(ZH) 本发明涉及使用CRISPR/Cpf1系统的基因组编辑组合物及其用途，并且更具体地，涉及基因组编辑组合物，其包含：包含能够与靶核苷酸序列杂交的指导序列和连接至所述指导序列的3’末端的尿苷重复序列的CRISPR RNA(crRNA)或其编码DNA；以及Cpf1蛋白或其编码DNA，使用所述组合物的基因组编辑方法、转基因实体的构建方法以及转基因实体。使用CRIPSPR/Cpf1系统，本发明可以在基因组编辑中提高插失效率并降低脱靶活性，并且因此可以容易地构建具有插入其中(敲入)或从其中缺失(敲除)的期望基因的转化细胞或者转基因动物或植物。",111836894,10.11.2023,"KR1020190058358

AU2018370588

US20200308583

EP3715461

WO/2019/103442",10-2017-0155927 21.11.2017 KR
CN395072962,202180026003,China,14.12.2021,115843318,24.03.2023,B,"C12Q 1/6895
					






C12Q 1/686
					






C12Q 1/6816
					








C12Q 1/6895
					






C12Q 1/686
					






C12Q 1/6816
					






View less classifications","C12N 15/8213
					






C12N 15/82
					






Y02A 50/30
					






C12N 2310/20
					






G16B 30/00
					






G16B 99/00
					






View more classifications
							






C12N 15/8213
					






C12N 15/82
					






Y02A 50/30
					






C12N 2310/20
					






G16B 30/00
					






G16B 99/00
					






C12Q 1/6895
					






G16B 35/20
					






View less classifications","INSTITUTE OF MEDICINAL PLANT DEVELOPMENT, CHINESE ACADEMY OF MEDICAL SCIENCES中国医学科学院药用植物研究所",SONG KYOUNG-WON宋经元HAO LIJUN郝利军XU WENJIE许文杰XIN TIANYI辛天怡QI GUIHONG齐桂红,北京风雅颂专利代理有限公司 11403,(EN) Plant species identification method based on whole genome analysis and genome editing and application(ZH) 基于全基因组分析与基因组编辑的植物物种鉴定方法与应用,,"(EN) The invention discloses a plant species identification method based on whole genome analysis and genome editing and application, namely a GAGE method (Genome Analysis and Genome Editing), the method specifically comprises the following steps: screening a sequence with PAM (Polyacrylamide) in a whole genome of a plant to be identified; the method comprises the following steps of: comparing the Cas protein with genomes of adulterants and closely related species, selecting a sequence only existing in a plant genome to be identified as a target sequence, introducing the target sequence into a genome editing system to detect the target sequence, designing and synthesizing crRNA (CRISPR RNA) according to the selected target sequence, guiding the Cas protein to be combined with the target sequence to form a complex by the crRNA, and detecting the Cas protein by using the target sequence. Then, the trans-cleavage activity of the Cas protein is activated, the single-stranded DNA with the fluorescence signal group is cleaved, and the plant species are identified by detecting the fluorescence signal.(ZH) 本发明公开了一种基于全基因组分析与基因组编辑的植物物种鉴定方法与应用，即GAGE法(Genome Analysis and Genome Editing)，所述方法具体包括：筛选待鉴定植物全基因组中带有PAM的序列，将其与混伪品及密切相关物种的基因组比对后选择仅存在于待鉴定植物基因组中的序列作为靶标序列，引入基因组编辑系统对其进行检测，根据所选靶标序列设计并合成crRNA(CRISPR RNA)，crRNA引导Cas蛋白与靶标序列结合形成复合体，之后Cas蛋白反式切割活性被激活并切割带有荧光信号基团的单链DNA，通过检测荧光信号鉴定植物物种。",115843318,18.07.2023,WO/2023/108430,
CN329308485,202110179863.X,China,08.02.2021,113005127,22.06.2021,B,"C12N 15/29
					






C07K 14/415
					






C12N 15/84
					






A01H 5/00
					






A01H 6/82
					








C12N 15/29
					






C07K 14/415
					






C12N 15/84
					






A01H 5/00
					






A01H 6/82
					






View less classifications","C07K 14/415
					






C12N 15/8218
					






C12N 15/8205
					






C12N 15/8241
					






Y02A 50/30
					








C07K 14/415
					






C12N 15/8218
					






C12N 15/8205
					






C12N 15/8241
					






Y02A 50/30
					






View less classifications",HENAN AGRICULTURAL UNIVERSITY河南农业大学,CUI HONG崔红ZHANG HONGYING张洪映WANG ZHAOJUN王召军YAN XIAOXIAO闫筱筱,郑州盈派知识产权代理事务所(普通合伙) 41196郑州盈派知识产权代理事务所(普通合伙) 41196,(EN) Plant glandular hair specific expression gene HD-9 as well as expression vector and application thereof(ZH) 植物腺毛特异表达基因HD-9、其表达载体及应用,,"(EN) The invention discloses a plant glandular hair specific expression gene HD-9 as well as an expression vector and application thereof, and aims to solve the technical problem of lack of plant glandular hair head secretory cell development regulation means at present. The gene HD-9 capable of regulating and controlling development of glandular hair cells is identified, an overexpression vector and a CRISPR/Cas9 vector of the gene are constructed, and a corresponding overexpression strain and a gene knockout strain are obtained through conversion respectively. Phenotype and physiological feature identification and detection show that: the HD-9 gene can regulate and control the development of glandular head cells of plant long-stem glandular hair, and has important application value in the aspects of regulating and increasing the content of glandular hair secretions, directionally improving glandular hair types and the like.(ZH) 本发明公开了一种植物腺毛特异表达基因HD‑9、其表达载体及应用，旨在解决当前缺乏植物腺毛头部分泌细胞发育调控手段的技术问题。本发明鉴定出一个可调控腺毛细胞发育的基因HD‑9，构建了该基因的过表达载体和CRISPR/Cas9载体，并分别转化获得对应过表达株系和基因敲除株系；经表型和生理特征鉴定、检测表明，HD‑9基因能够调控植物长柄腺毛腺头细胞的发育，其在调控增加腺毛分泌物含量、定向改良腺毛类型等方面具有重要的应用价值。",113005127,08.07.2022,,
CN365436733,202210365241,China,08.04.2022,114591979,07.06.2022,B,"C12N 15/54
					






C12N 9/10
					






C12N 15/84
					






A01H 5/12
					






A01H 6/82
					








C12N 15/54
					






C12N 9/10
					






C12N 15/84
					






A01H 5/12
					






A01H 6/82
					






View less classifications","C12N 9/104
					






C12N 15/8243
					






C12N 15/8218
					








C12N 9/104
					






C12N 15/8243
					






C12N 15/8218
					






View less classifications",LIMITED RESPONSIBILITY COMPANY OF YUNNAN CHINESE TOBACCO INDUSTRY云南中烟工业有限责任公司,MI QILI米其利YANG WENWU杨文武HUANG HAITAO黄海涛GAO XI高茜SHAN QIUFU单秋甫XIANG HAIYING向海英LI XUEMEI李雪梅LIU XIN刘欣KONG WEISONG孔维松,浙江千克知识产权代理有限公司 33246,(EN) Tobacco ubiquitin-binding enzyme NtE2 gene and application thereof(ZH) 一种烟草泛素结合酶NtE2基因及其应用,,"(EN) The invention relates to a tobacco ubiquitin-binding enzyme NtE2 gene and application thereof in regulating and controlling the content of nitrogen-containing components in tobacco leaves, and belongs to the technical field of plant genetic engineering. According to the tobacco ubiquitin-binding enzyme related gene NtE2 provided by the invention, a gene editing plant of the NtE2 gene is knocked out by utilizing a CRISPR/Cas9 mediated gene editing technology; the total plant alkaloid content and the total nitrogen content in the NtE2 gene knockout edited plant leaves are remarkably reduced, and genetic materials and references are provided for regulation and control of the content of tobacco nitrogen-containing components.(ZH) 本发明涉及一种烟草泛素结合酶NtE2基因及其在调控烟草叶片含氮组分含量中的应用，属于植物基因工程技术领域。本发明提供的烟草泛素结合酶相关的基因NtE2，利用CRISPR/Cas9介导的基因编辑技术敲除NtE2基因的基因编辑植株；NtE2基因敲除编辑植株叶片中总植物碱和总氮含量显著降低，为烟草含氮组分含量调控提供遗传材料和参考借鉴。",114591979,15.03.2024,,
US208148744,15533164,United States of America,07.12.2015,20170362611,21.12.2017,B2,"C12N 15/22
					






C12N 15/11
					






C12N 15/90
					






C12N 9/22
					






C12N 9/12
					








C12N 15/22
					






C12N 15/11
					






C12N 15/90
					






C12N 9/22
					






C12N 9/12
					






View less classifications","C12N 9/1241
					






C12N 15/907
					






C12N 9/22
					






C12N 15/11
					






C07K 2319/85
					






C12N 2310/20
					








C12N 9/1241
					






C12N 15/907
					






C12N 9/22
					






C12N 15/11
					






C07K 2319/85
					






C12N 2310/20
					






View less classifications",ABCAM PLC,Ruby Yanru Tsai,"Wenderoth, Lind & Ponack, L.L.P.",(EN) Site-directed CRISPR/recombinase compositions and methods of integrating transgenes,,"(EN) 
Disclosed herein are targeted chimeric polypeptides, compositions thereof, expression vectors, and methods of use thereof, for the generation of transgenic cells, tissues, plants, and animals. The compositions, vectors, and methods of the present invention are also useful in gene therapy and cell therapy techniques. The chimeric polypeptide includes a CRISPR-Cas domain and a recombinase domain.",10975392,13.04.2021,,"CN107208079

WO/2016/090385"
CN348116833,202111174297,China,08.10.2021,113897372,07.01.2022,B,"C12N 15/29
					






C12N 15/113
					






C12N 15/84
					






A01H 5/10
					






A01H 6/46
					








C12N 15/29
					






C12N 15/113
					






C12N 15/84
					






A01H 5/10
					






A01H 6/46
					






View less classifications","C07K 14/415
					






C12N 15/113
					






C12N 15/8205
					






C12N 15/8218
					






C12N 15/8243
					






C12N 2310/20
					








C07K 14/415
					






C12N 15/113
					






C12N 15/8205
					






C12N 15/8218
					






C12N 15/8243
					






C12N 2310/20
					






View less classifications",HUAIYIN NORMAL UNIVERSITY淮阴师范学院,ZHAO XIANGXIANG赵祥祥GAO QINGSONG高清松MIN YU闵煜GU XUANXUAN古炫炫,南京申云知识产权代理事务所(普通合伙) 32274,(EN) Application of OsFWL7 gene in increasing content of metal trace elements in rice grains(ZH) OsFWL7基因在增加水稻籽粒金属微量元素含量中的应用,,"(EN) The invention discloses application of an OsFWL7 gene in increasing the content of metal trace elements in rice grains, and belongs to the technical field of molecular biology and genetic engineering. According to the application, a gene knockout target site in a rice OsFWL7 gene coding region is designed, a gene knockout mutant is constructed by using a CRISPR/Cas9 technology, and the OsFWL7 gene in rice is knocked out. Through progeny separation and detection, a homozygous mutant without transgenic insertion is obtained. The yield of different mutant single plants has no significant difference compared with that of a wild type, but the content of metal trace elements manganese and copper in brown rice is significantly increased compared with that of a control group, and the brown rice has better nutritional quality. Therefore, a method for knocking out the rice OsFWL7 gene to strengthen the metal trace elements in the grains has important application value and can produce good economic benefits.(ZH) 本发明公开了OsFWL7基因在增加水稻籽粒金属微量元素含量中的应用，属于分子生物学及基因工程技术领域。本发明通过设计水稻OsFWL7基因编码区基因敲除靶标位点，利用CRISPR/Cas9技术构建基因敲除突变体，敲除水稻中的OsFWL7基因。通过后代分离和检测，获得了无转基因插入的纯合突变体。不同突变体单株产量与野生型相比无显著差异，但糙米中金属微量元素锰和铜的含量与对照相比显著增加，具有更好的营养品质。因此，本发明提供的敲除水稻OsFWL7基因以强化籽粒金属微量元素的方法，具有重要的应用价值，能产生良好的经济效益。",113897372,08.03.2022,,
CN236292956,201810903450.X,China,09.08.2018,109161480,08.01.2019,B,"C12N 1/14
					






C12N 15/80
					






C12N 15/90
					






C12N 15/54
					






C12N 15/60
					






C12R 1/645
					








C12N 1/14
					






C12N 15/80
					






C12N 15/90
					






C12N 15/54
					






C12N 15/60
					






C12R 1/645
					






View less classifications","C12N 1/14
					






C12N 9/12
					






C12N 9/88
					






C12N 15/80
					






C12N 15/902
					






C12Y 207/11024
					






View more classifications
							






C12N 1/14
					






C12N 9/12
					






C12N 9/88
					






C12N 15/80
					






C12N 15/902
					






C12Y 207/11024
					






C12Y 401/01023
					






C12N 2810/10
					






View less classifications",NANJING NORMAL UNIVERSITY南京师范大学,MEI YANZHEN梅艳珍DAI CHUANCHAO戴传超HUANG PENGWEI黄鹏伟ZHOU JUN周骏,南京经纬专利商标代理有限公司 32200,(EN) Protoplast preparation method and gene knock-out method of Phomopsis(ZH) 拟茎点霉的原生质体制备方法及基因敲除方法,,"(EN) The invention discloses a protoplast preparation method and a gene knock-out method of Phomopsis. Protoplast is prepared from sweetgum Phomopsis mycelia, CRISPR-Cas9 carriers are constructed through fusing PCR and homologous recombination, and the technology is applied to knock-out of sweetgum Phomopsis orotic acid deoxynucleoside 5'-phosphate decarboxylase (ura) and mitogen activated protein kinase (MAPK1) key genes. The invention provides an application of the technology to research on sweetgum Phomopsis gene functions and provides an effective technical method and a new idea for mechanism research on symbiosis of sweetgum Phomopsis and plants for promotion of disease resistance, yield increasing and the like.(ZH) 本申请公开一种拟茎点霉的原生质体制备方法及基因敲除方法，从枫香拟茎点霉菌丝体中制备原生质体，利用融合PCR和同源重组构建CRISPR‑Cas9载体，并将该技术应用于枫香拟茎点霉乳清酸脱氧核苷5'‑磷酸脱羧酶ura和丝裂原活化蛋白激酶MAPK1关键基因的敲除，本申请提供了该技术在枫香拟茎点霉基因功能研究中的应用，并为枫香拟茎点霉与植物共生，促其抗病、增产等机制研究提供了有效的技术方法和新的思路。",109161480,11.01.2022,,
CN274828112,201910698528,China,31.07.2019,110317828,11.10.2019,B,"C12N 15/82
					






C07K 14/415
					






C12N 15/90
					






A01H 5/00
					






A01H 6/46
					








C12N 15/82
					






C07K 14/415
					






C12N 15/90
					






A01H 5/00
					






A01H 6/46
					






View less classifications","C07K 14/415
					






C12N 15/8281
					






C12N 15/902
					








C07K 14/415
					






C12N 15/8281
					






C12N 15/902
					






View less classifications",SHANGHAI JIAO TONG UNIVERSITY上海交通大学,CHEN GONGYOU陈功友XU ZHENGYIN徐正银WANG SAI王赛LIU LONGYU刘龙宇MA WENXIU马文秀LIU LINLIN刘琳琳ZOU LIFANG邹丽芳,上海科盛知识产权代理有限公司 31225,(EN) Method for cultivating broad-spectrum anti-bacterial-blight oryza sativa Indica by modifying OsSWEET gene promoters of oryza sativa Indica(ZH) 修饰水稻OsSWEET基因启动子培育广谱抗白叶枯病水稻的方法,,"(EN) The invention relates to a method for cultivating broad-spectrum anti-bacterial-blight oryza sativa Indica by modifying OsSWEET gene promoters of oryza sativa Indica. Nucleotide sequences TACTGTACACCACCAAAAGT, ATATAAAAGCACCACAACTC and CCTCCAACCAGGTGCTAAGC are simultaneously constructed into a CRISPR/Cas9 system, with the assistance of an agrobacterium-mediated transgene system, genes OsSWEET11, OsSWEET13 and OsSWEET14 are subjected to site-directed mutagenesis in rice Huazhan, the oryza sativa material MS134HZ in which the OsSWEET11, OsSWEET13 and OsSWEET14 gene promoters are mutated simultaneously is obtained, and the oryza sativa material has a broad spectrum and is resistant to rice bacterial blight. The EBEs of the promoters of the susceptible genes OsSWEET11, OsSWEET13 and OsSWEET14 of MS134HZ are simultaneously modified, the capacity of resisting the bacterial blight is improved, and the spectrum is broader. In practical application, through the hybridization of mutant MS134HZ plants and other oryza sativa varieties, disease-resistant strains are bred.(ZH) 本发明涉及修饰水稻OsSWEET基因启动子培育广谱抗白叶枯病水稻的方法。将核苷酸序列TACTGTACACCACCAAAAGT、ATATAAAAGCACCACAACTC和CCTCCAACCAGGTGCTAAGC同时构建于CRISPR/Cas9系统中，借助农杆菌介导的转基因体系，在水稻华占中定点突变OsSWEET11、OsSWEET13和OsSWEET14基因，获得了OsSWEET11、OsSWEET13和OsSWEET14基因启动子同时突变的水稻材料MS134HZ，广谱抗水稻白叶枯病。MS134HZ的感病基因OsSWEET11、OsSWEET13和OsSWEET14启动子EBE同时被修饰，抗白叶枯病能力提高且更广谱。在实际应用中可通过突变的MS134HZ植株与其它水稻品种杂交，培育抗病品系。",110317828,23.03.2021,,
CN295060774,201911411234,China,31.12.2019,111088277,01.05.2020,B,"C12N 15/82
					






C12N 15/66
					






A01H 5/00
					






A01H 6/82
					








C12N 15/82
					






C12N 15/66
					






A01H 5/00
					






A01H 6/82
					






View less classifications","C12N 15/8203
					






C12N 15/8213
					






C12N 15/66
					








C12N 15/8203
					






C12N 15/8213
					






C12N 15/66
					






View less classifications","INSTITUTE OF PLANT PROTECTION, CHINESE ACADEMY OF AGRICULTURAL SCIENCES中国农业科学院植物保护研究所",LI FANGFANG李方方LI HAO李浩GONG PAN龚攀ZHOU XUEPING周雪平,北京东方尚禾专利代理事务所(特殊普通合伙) 11844,"(EN) CRISPR/Cas9 SunTag system based vector for inhibiting geminivirus infection, and construction and applications thereof(ZH) 基于CRISPR/Cas9 SunTag系统抑制双生病毒侵染的载体及其构建和应用",,"(EN) The invention discloses a CRISPR/Cas9 SunTag system based vector for inhibiting geminivirus infection, and construction and applications thereof. A method is to utilize a CRISPR/dCas9 Sun Tag system carrying methyltransferase DRM2 to construct sgRNAs for TYLCCNV and TYLCCNB specific areas, so that the TYLCCNV and TYLCCNB specific areas can be identified and methylated by the DRM2. In order to enhance identification and methylation effects, the methylation sensitive areas of three sgRNAs (g16/g17/g9A) targeting TYLCCNV and three sgRNAs (g1/g14/g9B) targeting TYLCCNB are respectively designed, so that the vector pEG302-A capable of performing fixed targeting and methylation modification on the TYLCCNV and the vector pEG302-beta capable of performing fixed targeting and methylation modification on the TYLCCNB can be obtained to inhibit geminivirus infection.(ZH) 本发明公开了一种基于CRISPR/Cas9 SunTag系统抑制双生病毒侵染的载体及其构建和应用，该方法利用搭载甲基转移酶DRM2的CRISPR/dCas9 Sun Tag系统，构建针对TYLCCNV和TYLCCNB特定区域的sgRNA，从而使得TYLCCNV和TYLCCNB特定区域被DRM2识别并被甲基化。为了增强识别和甲基化的效果，分别设计了三个sgRNA(g16/g17/g9A)靶标TYLCCNV和三个sgRNA(g1/g14/g9B)靶标TYLCCNB的甲基化敏感区域，并将三个sgRNA依次插入pEG302载体，从而得到可以定点靶标并进行甲基化修饰TYLCCNV的pEG302‑A和定点靶标并进行甲基化修饰TYLCCNB的pEG302‑β的抑制双生病毒侵染的载体。",111088277,18.01.2022,,
CN235940715,201810895852.X,China,08.08.2018,109097387,28.12.2018,B,"C12N 15/82
					






C12N 15/29
					






A01H 5/08
					






A01H 6/82
					








C12N 15/82
					






C12N 15/29
					






A01H 5/08
					






A01H 6/82
					






View less classifications","C07K 14/415
					






C12N 15/825
					






C12N 2310/10
					






C12N 2310/20
					








C07K 14/415
					






C12N 15/825
					






C12N 2310/10
					






C12N 2310/20
					






View less classifications",SOUTH CHINA AGRICULTURAL UNIVERSITY华南农业大学,QIU ZHENGKUN邱正坤CAO BIHAO曹必好HOU JUNXIAO侯军晓HUANG ZEJUN黄泽军CUI XIA崔霞,广州市华学知识产权代理有限公司 44245,(EN) Method and application for creating purple fruit tomato mutant using CRISPR/Cas9 gene editing system(ZH) 一种运用CRISPR/Cas9基因编辑系统创制紫果番茄突变体的方法和应用,,"(EN) The invention discloses a method and application for creating a purple fruit tomato mutant using a CRISPR/Cas9 gene editing system, and relates to the field of tomato biotechnology and transgenic technology. The method includes constructing a CRISPR/Cas9-gRNA (pHSE401-gRNA) expression vector by designing a mutant target site of SlMYBATV, introducing a cultivated tomato LA1996 containing an Aft site by an agrobacterium-mediated method and conducting kanamycin resistance marker screening to obtain a positive transgenic plant. A strain with homozygous mutation determined by gene sequencing and phenotypic observation and containing no foreign aid gene insertion is a tomato mutant that completely loses the SlMYBATV function and has purple fruit. According to the method and application, the content of anthocyanins in tomato peels can be significantly improved. The method and application have good application prospects in high quality molecular breeding of tomatoes.(ZH) 本发明公开一种运用CRISPR/Cas9基因编辑系统创制紫果番茄突变体的方法和应用，涉及番茄生物技术和转基因技术领域。本发明通过设计SlMYBATV突变靶位点，构建CRISPR/Cas9‑gRNA(pHSE401‑gRNA)表达载体，利用农杆菌介导法导入含有Aft位点的栽培番茄LA1996，以卡纳霉素抗性标记筛选获得阳性转基因植物；经基因测序和表型观察确定的纯合突变且不含外援基因插入的株系，即为完全丧失SlMYBATV功能、果实呈紫色的番茄突变体。本发明可以极显著提高番茄果皮中花青素的含量，在番茄高品质分子育种中具有良好的应用前景。",109097387,23.07.2021,,
CN355401695,202111297087,China,04.11.2021,114164229,11.03.2022,B,"C12N 15/84
					






A01H 5/00
					






A01H 6/74
					








C12N 15/84
					






A01H 5/00
					






A01H 6/74
					






View less classifications","C12N 15/8218
					






C12N 15/8294
					






C07K 14/415
					








C12N 15/8218
					






C12N 15/8294
					






C07K 14/415
					






View less classifications",NANJING AGRICULTURAL UNIVERSITY南京农业大学,GU TINGTING顾婷婷JIAN BAOXIA菅宝霞LI XIANYANG李宪杨WU XUTING吴旭婷LIU DECAI刘德才DING JING丁静,南京纵横知识产权代理有限公司 32224,(EN) Method for obtaining new strawberry germplasm with high regeneration efficiency by utilizing CRISPR/Cas9 gene editing vector and application(ZH) 利用FvePILS5基因的CRISPR/Cas9基因敲除载体获得再生效率高的草莓新种质的方法及应用,,"(EN) The invention relates to a method for obtaining a new strawberry germplasm with high regeneration efficiency by using a CRISPR/Cas9 gene editing vector of an FvePILS5 gene and application, and the method comprises the following steps: designing and synthesizing an sgRNA sequence containing a target gene target according to a DNA sequence of strawberry FvePILS5; the method comprises the following steps: connecting a synthesized sgRNA sequence containing a target gene target to a pYLCRISPR/Cas9Pubi-H vector by using a Bsa I enzyme; agrobacterium tumefaciens is utilized to transform forest strawberry leaf explants, sequencing is carried out to verify a regenerated plant mutation sequence, and pis5-1 forest strawberry mutant germplasm with high frequency of callus formation and in-vitro bud regeneration is obtained. According to the present invention, the CRISPR/Cas9 gene editing vector is constructed, and the agrobacterium tumefaciens conversion method is used to obtain the pis5-1 mutant with high regeneration efficiency, such that the new germplasm is created, and the efficient method is provided for obtaining the strawberry regeneration seedling.(ZH) 本发明涉及一种利用FvePILS5基因的CRISPR/Cas9基因编辑载体获得再生效率高的草莓新种质的方法及应用，包括：根据草莓FvePILS5的DNA序列，设计并合成包含目的基因靶点的sgRNA序列；用Bsa I酶将合成的包含目的基因靶点的sgRNA序列连接到pYLCRISPR/Cas9Pubi‑H载体；并利用农杆菌转化森林草莓叶片外植体，测序验证再生植株突变序列，得到愈伤形成和离体芽再生频率较高的pils5‑1森林草莓突变体种质。本发明通过构建CRISPR/Cas9基因编辑载体，并用农杆菌转化法，获得了再生效率较高的pils5‑1突变体，创造了新种质，为草莓再生苗的获得提供了一种高效的方法。",114164229,03.11.2023,,
CN223042911,201611188402,China,20.12.2016,108203714,26.06.2018,B,"C12N 15/82
					






C12N 15/66
					






C12N 15/113
					








C12N 15/82
					






C12N 15/66
					






C12N 15/113
					






View less classifications","C12N 9/1247
					






C12N 15/66
					






C12N 15/8205
					






C12Y 207/07006
					








C12N 9/1247
					






C12N 15/66
					






C12N 15/8205
					






C12Y 207/07006
					






View less classifications",HUAZHONG AGRICULTURAL UNIVERSITY华中农业大学,JIN SHUANGXIA金双侠ZHANG XIANLONG张献龙ZHANG JUN张军WANG PENGCHENG王鹏程TU LILI涂礼莉LIANG SIJIA梁思佳SUN LIN孙琳,武汉宇晨专利事务所 42001,(EN) Method for editing cotton genes(ZH) 一种棉花基因的编辑方法,,"(EN) The invention belongs to the technical field of plant genetic engineering, and particularly relates to a method for editing cotton genes. A CRISPR-Cas9 system for cotton genome editing and a construction method thereof are disclosed. According to the method, two upland cotton U6 promoters pGhU6-7 and pGhU6-9 are obtained by cloning, and Bsa I restriction site is mutated. Two vectors pRGEB32-GhU6.7-NPTII and pRGEB32-GhU6.9-NPT II of the CRISPR-Cas9 vector with editing capability in cotton are constructed using an optimized promoter. A cotton endogenous gene GhCLA is selected as a target gene, and four sgRNAs targeting the gene are designed to guide the Cas9 protein to cleave at the specific site of GhCLA. The whitening phenotype, enzymatic map and sequencing of cotton showed that a CRISPR/Cas9 gene editing system driven by pGhU6-7I and pGhU6-9I has editing capability in cotton.(ZH) 本发明属于植物基因工程技术领域，具体涉及一种棉花基因的编辑方法。公开了用于棉花基因组编辑的CRISPR‑Cas9系统及其构建方法。本发明克隆得到两个陆地棉U6启动子pGhU6‑7和pGhU6‑9，并突变了Bsa Ⅰ酶切位点。利用优化后的启动子构建了在棉花中具有编辑能力的CRISPR‑Cas9载体的两个载体pRGEB32‑GhU6.7‑NPT Ⅱ、pRGEB32‑GhU6.9‑NPT Ⅱ。选取1个棉花内源基因GhCLA为目标基因，设计四个靶向该基因的sgRNA，引导Cas9蛋白在GhCLA的特异位点进行切割。通过棉花的白化表型、酶切图、测序验证，表明pGhU6‑7I和pGhU6‑9I驱动的CRISPR‑Cas9基因编辑系统在棉花内具有编辑能力。",108203714,02.03.2021,,
,,,,,,,,,,,,,,,,,,
CN414616758,202310380213,China,11.04.2023,117004751,07.11.2023,B,"C12Q 1/6895
					






C12Q 1/6844
					






C07K 14/37
					






C12N 15/31
					






C12N 15/11
					






C12R 1/77
					








C12Q 1/6895
					






C12Q 1/6844
					






C07K 14/37
					






C12N 15/31
					






C12N 15/11
					






C12R 1/77
					






View less classifications","C12Q 1/6895
					






C12Q 1/6844
					






C07K 14/37
					






C12R 2001/77
					






Y02A 50/30
					








C12Q 1/6895
					






C12Q 1/6844
					






C07K 14/37
					






C12R 2001/77
					






Y02A 50/30
					






View less classifications",NANJING FORESTRY UNIVERSITY南京林业大学,DAI TINGTING戴婷婷XU TINGYAN徐婷妍JIAO BINBIN焦彬彬GAO DEXIN皋德馨LU XIANSHUN陆咸顺HUAN TAO还涛,镇江至睿专利代理事务所(普通合伙) 32529,(EN) Molecular detection target g7594 of fusarium solani and application thereof(ZH) 一种茄镰孢菌(Fusarium solani)的分子检测靶标g7594及其应用,,"(EN) The invention discloses a novel detection target g7594 of fusarium solani as well as a detection primer, a detection method and a detection kit of the novel detection target g7594, the protein sequence of the detection target g7594 is shown as SEQ ID NO: 1, and the DNA sequence for coding the protein is shown as SEQ ID NO: 2. Meanwhile, the invention further discloses a primer and probe combination for specifically detecting the target g7594, the sequence of a forward primer Fsg7594RPA-F1 of the primer and probe combination is shown as SEQ ID NO: 3, the sequence of a reverse primer Fsg7594RPA-R1 of the primer and probe combination is shown as SEQ ID NO: 4, the sequence of ssDNArepoter of the primer and probe combination is shown as SEQ ID NO: 5, and FsCrRNA of the primer and probe combination is shown as SEQ ID NO: 6. CRISPR-Cas12a fluorescence detection is established, the specificity is high, the sensitivity is high, and it is proved that g7594 is suitable for being used as a detection target of fusarium solani, so that molecular detection of the harmful pathogen fusarium solani F.solani carried on plants is achieved.(ZH) 本发明公开了一种茄镰孢菌(Fusariumsolani)的检测新靶标g7594及其检测引物、检测方法和检测试剂盒，该检测靶标g7594的蛋白序列如SEQ ID NO：1所示，编码该蛋白的DNA序列如SEQ ID NO：2所示。同时，本发明还公开了特异性检测靶标g7594的引物及探针组合，其正向引物Fsg7594RPA‑F1序列如SEQ ID NO：3所示，其反向引物Fsg7594RPA‑R1序列如SEQ ID NO：4所示，ssDNArepoter序列如SEQ ID NO：5所示，FsCrRNA如SEQ ID NO：6所示。建立CRISPR‑Cas12a荧光检测，其特异性强，灵敏度高，证明g7594适合作为茄镰孢菌(Fusariumsolani)的检测靶标，从而实现对于植物上携带的有害病原茄镰孢菌F.solani实现分子检测。",117004751,01.03.2024,,
CN318108166,202010917117,China,03.09.2020,112322627,05.02.2021,B,"C12N 15/29
					






C07K 14/415
					






C12N 15/82
					






A01H 5/00
					






A01H 6/46
					








C12N 15/29
					






C07K 14/415
					






C12N 15/82
					






A01H 5/00
					






A01H 6/46
					






View less classifications","C07K 14/415
					






C12N 15/8273
					








C07K 14/415
					






C12N 15/8273
					






View less classifications",HUAZHONG AGRICULTURAL UNIVERSITY华中农业大学,XIONG LIZHONG熊立仲WANG HUAIJUN王怀军,武汉宇晨专利事务所(普通合伙) 42001,(EN) Application of OsZFP1 gene in control of oryza sativa L. drought resistance(ZH) OsZFP1基因在控制水稻抗旱性中的应用,,"(EN) The invention belongs to the technical field of the plant genetic engineering, and particularly relates to application of an OsZFP1 gene in control of oryza sativa L. drought resistance. The OsZFP1 gene cloned and verified by the invention can be applied to oryza sativa L. drought resistance genetic improvement. A CRISPR mutant and an overexpression material of the OsZFP1 are subjected to droughtphenotype authentication, the gene OsZFP1 which participates in oryza sativa L. drought response is cloned, and a drought stress experiment of a seedling stage and an adult plant stage indicates thatthe OsZFP1 is a positive regulation and control factor of the oryza sativa L. drought response so as to prove the function and the application approach of the gene.(ZH) 本发明属于植物基因工程技术领域。具体涉及OsZFP1基因在控制水稻抗旱性中的应用。本发明克隆和验证的OsZFP1基因可在水稻抗旱遗传改良中的应用。本发明通过对OsZFP1的CRISPR突变体及超量表达材料进行干旱表型鉴定，克隆到一个参与水稻干旱应答的基因OsZFP1，苗期以及成株期的干旱胁迫试验表明，OsZFP1是水稻干旱应答的正调控因子，证实了该基因的功能及应用途径。",112322627,12.04.2022,,
CN382198213,202210620278,China,01.06.2022,115433722,06.12.2022,B,"C12N 9/12
					






C12N 15/54
					






C12N 15/82
					






A01H 5/00
					






A01H 6/46
					








C12N 9/12
					






C12N 15/54
					






C12N 15/82
					






A01H 5/00
					






A01H 6/46
					






View less classifications","C12N 9/12
					






C12N 15/8273
					






C12N 15/8218
					






C12Y 207/10002
					








C12N 9/12
					






C12N 15/8273
					






C12N 15/8218
					






C12Y 207/10002
					






View less classifications",HUNAN UNIVERSITY湖南大学,LIU XUANMING刘选明LIN JIANZHONG林建中YAN LU燕璐TANG DONGYING唐冬英,北京知文通达知识产权代理事务所(普通合伙) 16051北京知文通达知识产权代理事务所(普通合伙) 16051,"(EN) Receptor-like protein kinase STRK2 protein for regulating and controlling salt tolerance of rice, gene and application(ZH) 调控水稻耐盐性的类受体蛋白激酶STRK2蛋白、基因及应用",,"(EN) The invention belongs to the field of plant genetic engineering, and discloses a coding gene capable of regulating and controlling rice receptor cytoplasm kinase STRK2 and application of the coding gene in regulation and control of plant salt stress response and salt-tolerant breeding, and the coding gene is STRK2. The research finds that the STRK2 responds to a salt stress signal, and the STRK2 overexpression rice strain is more sensitive to salt stress; the STRK2 knockout strain strk2 constructed by utilizing the CRISPR/Cas9 gene editing system shows very strong salt tolerance on salt stress. The STRK2 gene encodes the receptor-like kinase STRK2 protein, the interaction protein LRRK1 of the STRK2 gene can be phosphorylated, ascorbic acid synthesis is negatively regulated to influence accumulation of active oxygen, and finally the salt tolerance of rice is negatively regulated. Therefore, the STRK2 gene and the knockout mutant thereof have important application value in the aspects of rice salt-tolerant variety breeding, rice agronomic character improvement and the like.(ZH) 本发明属于植物基因工程领域，公开一种能调控水稻类受体胞质激酶STRK2的编码基因，及其在调控植物盐胁迫响应和耐盐育种中的应用，所述编码基因为STRK2。研究发现，STRK2响应盐胁迫信号，STRK2过表达水稻株系对盐胁迫更敏感；利用CRISPR/Cas9基因编辑系统构建的STRK2敲除株系strk2对盐胁迫表现出很强的耐盐性。本发明中STRK2基因编码类受体激酶STRK2蛋白，能够通过磷酸化其互作蛋白LRRK1，负调控抗坏血酸合成而影响活性氧的积累，最终负调控水稻的耐盐性。因此，STRK2基因及其敲除突变体在水稻耐盐品种选育及水稻农艺性状改善等方面具有重要的应用价值。",115433722,24.12.2024,,
CN276475341,201910675935,China,25.07.2019,110408649,05.11.2019,B,"C12N 15/82
					






C12N 15/29
					






A01H 5/08
					






A01H 6/82
					








C12N 15/82
					






C12N 15/29
					






A01H 5/08
					






A01H 6/82
					






View less classifications","C12N 15/8213
					






C12N 15/8243
					






C07K 14/415
					








C12N 15/8213
					






C12N 15/8243
					






C07K 14/415
					






View less classifications",CHINA AGRICULTURAL UNIVERSITY中国农业大学,FU DAQI傅达奇LUO YUNBO罗云波GAO YING高颖ZHU HONGLIANG朱鸿亮,北京纪凯知识产权代理有限公司 11245,(EN) Application of NOR gene and encoded protein thereof in regulating synthesis of flavonoids in tomato fruits(ZH) NOR基因及其编码的蛋白质在调控番茄果实中类黄酮化合物合成中的应用,,"(EN) The invention discloses an application of an NOR gene and an encoded protein thereof in regulating synthesis of flavonoids in tomato fruits. The protein encoded by the NOR gene is a protein having theamino acid sequence of a sequence 3. The NOR gene in plants is knocked out by a CRISPR/cas9 method, and an NOR gene mutant is obtained. One part of the fruits of the mutant has significant increase in the content of flavonoids, and the other parts have significant decrease in the content of flavonoids. The results suggest that the NOR gene participates in regulation of synthesis of flavonoids inplant fruits.(ZH) 本发明公开了NOR基因及其编码的蛋白质在调控番茄果实中类黄酮化合物合成中的应用。本发明公开的NOR基因编码的蛋白质为氨基酸序列是序列3的蛋白质。本发明利用CRISPR/Cas9方法敲除了植物中的NOR基因，得到了NOR基因突变体，该突变体的果实中的一部分类黄酮化合物含量显著增加，另一部分类黄酮化合物含量显著下降。以上结果说明NOR基因参与调控植物果实类黄酮化合物的合成。",110408649,27.04.2021,,
CN399507194,202310437675,China,23.04.2023,116179568,30.05.2023,B,"C12N 15/29
					






C12N 15/82
					






A01H 5/00
					






A01H 6/46
					








C12N 15/29
					






C12N 15/82
					






A01H 5/00
					






A01H 6/46
					






View less classifications","C07K 14/415
					






C12N 15/8216
					






C12N 15/8271
					






Y02A 40/146
					








C07K 14/415
					






C12N 15/8216
					






C12N 15/8271
					






Y02A 40/146
					






View less classifications",SANYA RESEARCH INSTITUTE OF HENAN UNIVERSITY河南大学三亚研究院HENAN UNIVERSITY河南大学,XU XIUMEI徐秀美LI CHENXI李辰曦LYU DANDAN吕丹丹ZHANG LIXIN张立新,北京华际知识产权代理有限公司 11676,(EN) Application of inhibition of expression of ZmP5H1 and ZmP5H2 genes in improvement of heat resistance of corn(ZH) 抑制ZmP5H1和ZmP5H2基因的表达在提高玉米耐热性中的应用,,"(EN) The invention discloses application of inhibition of expression of ZmP5H1 and ZmP5H2 genes in improvement of heat resistance of corn. According to the invention, a corn ZmP5H1 and ZmP5H2 double knockout mutant strain (zmp5h1/2) is obtained by constructing a CRISPR-Cas9 carrier and utilizing an agrobacterium tumefaciens-mediated transformation method. The inventor discloses the effect of the ZmP5H1 and ZmP5H2 genes in the aspect of improving the temperature tolerance of plants through a culture temperature raising simulation experiment. Through the method, gene resources are provided for corn high-temperature-resistant molecular breeding. The corn can survive and grow in a temperature range beyond the original adaptive temperature range, and gene resources are provided for molecular breeding and genetic improvement of the corn.(ZH) 本发明公开了抑制ZmP5H1和ZmP5H2基因的表达在提高玉米耐热性中的应用，本发明通过构建CRISPR‑Cas9载体，利用农杆菌介导转化的方法获得玉米ZmP5H1和ZmP5H2双敲除突变体株系(zmp5h1/2)。发明人通过提高培养温度模拟实验，揭示了ZmP5H1和ZmP5H2基因在提高植株温度耐受性方面的作用。通过该方法，为玉米耐高温分子育种提供基因资源。可使玉米能够在超出其原本适应的温度范围内存活和生长，为玉米分子育种和遗传改良提供基因资源。",116179568,23.06.2023,,
CN251686813,201910501859,China,11.06.2019,110205327,06.09.2019,B,"C12N 15/29
					






C12N 15/11
					






C12N 15/82
					






C07K 14/415
					






C12Q 1/6895
					






A01H 5/00
					






View more classifications
							






C12N 15/29
					






C12N 15/11
					






C12N 15/82
					






C07K 14/415
					






C12Q 1/6895
					






A01H 5/00
					






A01H 6/46
					






View less classifications","C07K 14/415
					






C12N 15/8289
					






C12Q 1/6895
					






C12Q 2600/13
					








C07K 14/415
					






C12N 15/8289
					






C12Q 1/6895
					






C12Q 2600/13
					






View less classifications",HUAZHONG AGRICULTURAL UNIVERSITY华中农业大学,YU SIBIN余四斌YUAN ZHIYANG袁志阳CAI XINGXING蔡星星FAN KAI凡凯TIAN LI田莉QIU XIANJIN邱先进,北京路浩知识产权代理有限公司 11002北京路浩知识产权代理有限公司 11002,(EN) Rice temperature-sensitive nuclear sterility gene tms3 mutant and its molecular marker and application thereof(ZH) 一种水稻温敏核不育基因tms3突变体及其分子标记与应用,,"(EN) The invention provides a rice temperature-sensitive nuclear sterility gene tms3 mutant and its molecular marker and an application thereof. The rice temperature-sensitive nuclear sterility gene tms3 is subjected to map-based cloning, and the function of the gene is verified by genetic transformation. The nucleotide sequence of the temperature-sensitive male fertility gene tms3 mutant provided by the present invention is shown as SEQ ID NO.1, and the amino acid sequence of the encoded protein is shown as SEQ ID NO. 2. A Crispr technology is used to induce the loss of tms3 gene function in normal rice varieties to obtain mutant plants, and a thermosensitive male sterility line can be cultivated, which proves that the gene has important application value. The invention also provides the molecular marker closely linked to the tms3 gene, and the molecular marker can be used to detect tms3, and the application in the cultivation of the temperature-sensitive nuclear sterility and the rice two-line sterile line can be realized.(ZH) 本发明提供了一种水稻温敏核不育基因tms3突变体及其分子标记与应用，本发明图位克隆了水稻温敏核不育基因tms3，并通过遗传转化验证了该基因的功能。本发明提供的温敏雄性育性基因tms3突变体的核苷酸序列如SEQ ID NO.1所示，其编码蛋白质的氨基酸序列如SEQ ID NO.2所示。本发明利用Crispr技术诱导正常水稻品种中tms3基因功能丧失得到突变体植株，可以培育温敏雄性不育性系，证实了该基因具有重要的应用价值。本发明还提供了与tms3基因紧密连锁的分子标记，利用该分子标记可以检测tms3，实现在培育温敏雄性不育系和水稻两系不育系中的应用。",110205327,01.09.2020,,
CN376481993,202210669512,China,14.06.2022,115125219,30.09.2022,B,"C12N 9/02
					






C12N 15/53
					






C12N 15/82
					






A01H 5/10
					






A01H 6/46
					








C12N 9/02
					






C12N 15/53
					






C12N 15/82
					






A01H 5/10
					






A01H 6/46
					






View less classifications","C12N 9/0071
					






C12N 15/8218
					






C12N 15/8261
					






C12Y 114/11
					






Y02A 40/146
					








C12N 9/0071
					






C12N 15/8218
					






C12N 15/8261
					






C12Y 114/11
					






Y02A 40/146
					






View less classifications",GUANGDONG ACADEMY OF AGRICULTURAL SCIENCES-AGRICULTURAL BIOLOGICAL GENE RESEARCH CENTER广东省农业科学院农业生物基因研究中心,LIU JUN刘军JIA JUNTING贾俊婷OH JI-WON吴志媛WU ROUXIAN吴柔贤,广州粤高专利商标代理有限公司 44102,(EN) Application of OsJMJ718 gene and encoded protein thereof in regulation and control of rice grain shape(ZH) OsJMJ718基因及其编码蛋白在调控水稻粒型中的应用,,"(EN) The invention discloses an application of a rice gene OsJMJ718 and an encoding protein thereof in regulation and control of a rice grain shape. According to the invention, a CRISPR/Cas9 knockout expression vector of OsJMJ718 is constructed, a receptor plant callus is transformed, and an OsJMJ718 gene mutation rice plant is obtained through culture; the result shows that the grain length of the OsJMJ718 gene mutated rice plant (grain) is increased, the grain width is reduced and the grain thickness is reduced compared with that of a wild type seed; the result shows that the OsJMJ718 negatively regulates and controls the grain width of the rice seeds and positively regulates and controls the grain length of the seeds. The OsJMJ718 gene disclosed by the invention can be used for increasing the length-width ratio of rice, so that breeding of high-quality rice varieties is facilitated.(ZH) 本发明公开了一种水稻基因OsJMJ718及其编码蛋白在调控水稻粒型中的应用。本发明构建了OsJMJ718的CRISPR/Cas9敲除表达载体并转化受体植株愈伤组织，培养得到OsJMJ718基因突变的水稻植株；结果显示OsJMJ718基因突变的水稻植株(谷粒)比野生型种子粒长增加，粒宽减少，粒厚减少；表明OsJMJ718负调控水稻种子的粒宽，正调控种子粒长。本发明OsJMJ718基因可用于提高稻米长宽比，从而有助于优质水稻品种选育。",115125219,24.11.2023,,
CN297071312,202010078896,China,03.02.2020,111254163,09.06.2020,B,"C12N 15/89
					






C12N 15/82
					






C12N 15/113
					






C12N 9/02
					






A01H 5/00
					






A01H 6/46
					








C12N 15/89
					






C12N 15/82
					






C12N 15/113
					






C12N 9/02
					






A01H 5/00
					






A01H 6/46
					






View less classifications","C12N 15/895
					






C12N 15/8218
					






C07K 14/415
					






C12N 15/113
					






C12N 9/22
					








C12N 15/895
					






C12N 15/8218
					






C07K 14/415
					






C12N 15/113
					






C12N 9/22
					






View less classifications",BEIJING FORESTRY UNIVERSITY北京林业大学,GAO YANAN高娅楠XU LIXIN许立新ZHANG NA张娜LI LIJING李丽菁ZHANG ZHIWEI张智韦,北京路浩知识产权代理有限公司 11002,(EN) Gene gun mediated efficient gene editing method for zoysia japonica(ZH) 基因枪介导的日本结缕草高效基因编辑方法,,"(EN) The invention provides a gene gun mediated efficient gene editing method for zoysia japonica. An sgRNA sequence based on CRISPR/Cas9 is designed for a target gene ZjSGR in the zoysia japonica, a DNA segment containing an encoded sgRNA sequence is linked to a carrier carrying CRISPR/Cas9, the zoysia japonica is converted with a gene gun mediated conversion method, or the zoysia japonica is jointlyconverted with the gene gun mediated conversion method with the adoption of a carrier of the DNA segment containing the encoded sgRNA sequence, the carrier carrying the CRISPR/Cas9 and a carrier containing a screening marker gene, site-directed mutagenesis for the zoysia japonica gene ZjSGR is realized, and a genetically modified zoysia japonica plant without a gene function is further obtained. The gene gun mediated efficient gene editing method for the zoysia japonica serves as a tool for directed editing of the zoysia japonica, and the editing efficiency is up to 37.5%.(ZH) 本发明提供一种基因枪介导的日本结缕草高效基因编辑方法，针对日本结缕草中的目标基因ZjSGR设计基于CRISPR/Cas9的sgRNA序列，将含有编码sgRNA序列的DNA片段连接到携带CRISPR/Cas9的载体中，采用基因枪介导转化法转化日本结缕草，或者，将含有编码sgRNA序列的DNA片段的载体、携带CRISPR/Cas9的载体以及含筛选标记基因的载体，采用基因枪介导转化法共同转化日本结缕草，实现对日本结缕草基因ZjSGR的定点突变，进而获得该基因功能缺失的转基因日本结缕草植株。本发明提供基因枪介导的日本结缕草高效基因编辑方法，作为一种定向编辑日本结缕草基因的工具，编辑效率高达37.5％。",111254163,24.12.2021,,
CN275774272,201910608224,China,08.07.2019,110358772,22.10.2019,B,"C12N 15/29
					






C12N 15/113
					






C12N 15/82
					






A01H 4/00
					






A01H 5/00
					






A01H 6/46
					








C12N 15/29
					






C12N 15/113
					






C12N 15/82
					






A01H 4/00
					






A01H 5/00
					






A01H 6/46
					






View less classifications","C07K 14/415
					






C12N 15/113
					






C12N 15/8213
					






C12N 15/8273
					






C12N 15/8271
					






C12N 15/8293
					






View more classifications
							






C07K 14/415
					






C12N 15/113
					






C12N 15/8213
					






C12N 15/8273
					






C12N 15/8271
					






C12N 15/8293
					






C12N 2310/10
					






C12N 2310/20
					






View less classifications",SHANGHAI AGROBIOLOGICAL GENE CENTER上海市农业生物基因中心,ZHANG YU张余YU SHUNWU余舜武LI JIA李佳CHEN CHEN陈晨YANG YUNAN杨堉楠ZOU YUQIAO邹玉巧LUO LIJUN罗利军,上海智力专利商标事务所(普通合伙) 31105,(EN) OsEBP89 gene for enhancing abiotic stress resistance of rice and preparation method and application thereof(ZH) 提高水稻非生物胁迫抗性的OsEBP89基因及制备方法与应用,,"(EN) The invention utilizes a Crispr/Cas9 gene editing technology to edit a rice transcription factor OsEBP89 gene to cause early termination of gene translation, such as SEQ ID NO.3/4/5, which improves the abiotic stress resistance of rice. An OsEBP89 functional deletion mutant can improve the flooding resistance of the rice at a germination stage, improve the permeability resistance of the rice at abud stage and at a seedling stage, and also improve the drought resistance of the rice at a booting stage. It is shown that the OsEBP89 gene function deletion of the rice can improve the resistance ofthe rice to abiotic stress, and can be applied to plant breeding for stress resistance, and improves the resistance of the rice to direct seeding and drought.(ZH) 本发明利用Crispr/Cas9基因编辑技术对水稻转录因子OsEBP89基因进行编辑造成基因翻译提前终止，如SEQ ID NO.3/4/5，提高水稻抗非生物胁迫能力。OsEBP89功能缺失突变体能够在萌发期提高水稻耐淹能力，在芽期、苗期提高水稻的抗渗透能力，在孕穗期也显著提高植物的抗旱性。本发明所述表明水稻OsEBP89基因功能的缺失能够提高水稻对非生物逆境抗性，可应用于在植物抗逆育种，提高水稻的耐直播抗旱能力。",110358772,23.06.2023,,
CN334792244,202110346271,China,31.03.2021,113249403,13.08.2021,B,"C12N 15/84
					






C12N 15/55
					






A01H 5/00
					






A01H 6/00
					








C12N 15/84
					






C12N 15/55
					






A01H 5/00
					






A01H 6/00
					






View less classifications","C12N 15/8283
					






C12N 15/8216
					






C12N 9/22
					








C12N 15/8283
					






C12N 15/8216
					






C12N 9/22
					






View less classifications",JIANGSU NORMAL UNIVERSITY江苏师范大学,YU YICHENG余益成SUN JIAN孙健LI YANJUAN李艳娟LI ZONGYUN李宗芸,江苏斐多律师事务所 32332,(EN) Breeding method of sweet potatoes with SPVD resistance(ZH) 一种具有SPVD抗性甘薯的育种方法,,"(EN) The invention belongs to the field of biotechnology and plant protection science, and particularly relates to a breeding method of sweet potatoes with SPVD resistance. According to a construction method provided by the invention, the breeding method of sweet potatoes with SPVD resistance is provided, a corresponding CRISPR/Cas13 vector is constructed based on the method, sweet potato calluses are infected by an agrobacterium strain EHA105 and induced differentiation is carried out, a transgenic sweet potato strain with SPVD resistance is obtained, and resistance of the transgenic sweet potatoes is systematically verified through methods such as material interplanting, poison source grafting experiment and poison insect infection. Experimental results show that transgenic sweet potatoes with SPVD sweet potato compound virus disease resistance can be created by using the method, and the method can also be used for creating new germplasms with SPVD resistance for other varieties and types of cultivated sweet potatoes.(ZH) 本发明属于生物技术及植物保护学领域，更具体的说属于一种具有SPVD抗性甘薯的育种方法。本申请通过提交的构建方法，提供了一种用于培育SPVD抗性甘薯的育种方法，基于上述方法构建对应的CRISPR/Cas13载体及利用农杆菌株系EHA105侵染甘薯愈伤并诱导分化，获得了具有SPVD抗性的转基因甘薯株系，通过材料混种、毒源嫁接实验、带毒昆虫侵染等方法对转基因甘薯的抗性进行了系统验证。实验结果表明，利用该种方法可以创制出具有SPVD甘薯复合病毒病抗性的转基因甘薯，该技术也可用于其他品种、类型的栽培种甘薯用于创制具有SPVD抗性的新种质。",113249403,04.08.2023,,
CN289090126,201911264947,China,10.12.2019,110791525,14.02.2020,B,"C12N 15/84
					






A01H 5/00
					






A01H 6/46
					








C12N 15/84
					






A01H 5/00
					






A01H 6/46
					






View less classifications","C12N 15/8218
					






C12N 15/8261
					








C12N 15/8218
					






C12N 15/8261
					






View less classifications",HUAIYIN NORMAL UNIVERSITY淮阴师范学院,GAO QINGSONG高清松ZHAO XIANGXIANG赵祥祥WANG HUANHUAN王欢欢LI GANG李刚JI JIANHUI纪剑辉ZHANG WENXIA张雯霞CUI WENXING崔文星,南京申云知识产权代理事务所(普通合伙) 32274,(EN) Method for knocking out rice tiller number regulation gene OsFWL4 to increase rice tiller number and yield(ZH) 一种敲除水稻分蘖数调控基因OsFWL4以增加水稻分蘖数和产量的方法,,"(EN) The invention discloses a method for knocking out a rice tiller number regulation gene OsFWL4 to increase the rice tiller number and yield, and belongs to the technical field of molecular biology andgene engineering. By designing a gene knock-out target site in a coding region of the rice tiller number regulation gene OsFWL4 and by utilizing a CRISPR/Cas9 technology to construct a gene knock-outmutant, the gene OsFWL4 in rice is knocked out. Through progeny separation and detection, the homozygous mutant without transgenic insertion or detectable off-target effect is obtained. The tiller number and the single plant yield of different mutants are remarkably increased compared with those of a control group. Therefore, the method for knocking out the rice tiller number regulation gene OsFWL4 to increase the rice tiller number and yield has important application value and can generate good economic benefits.(ZH) 本发明公开了一种敲除水稻分蘖数调控基因OsFWL4以增加水稻分蘖数和产量的方法，属于分子生物学及基因工程技术领域。本发明通过设计水稻分蘖数调控基因OsFWL4编码区基因敲除靶标位点，利用CRISPR/Cas9技术构建基因敲除突变体，敲除水稻中的基因OsFWL4。通过后代分离和检测，获得了无转基因插入、无可检测脱靶效应的纯合突变体。不同突变体的分蘖数和单株产量与对照相比均显著增加。因此，本发明提供的敲除水稻分蘖数调控基因OsFWL4以增加水稻分蘖数和产量的方法，具有重要的应用价值，能产生良好的经济效益。",110791525,14.07.2020,,
CN321705340,201910850907,China,10.09.2019,112553250,26.03.2021,B,"C12N 15/85
					






A01K 67/033
					








C12N 15/85
					






A01K 67/033
					






View less classifications","C12N 15/8509
					






A01K 2227/706
					






A01K 2267/02
					






A01K 2217/075
					






A01K 67/68
					








C12N 15/8509
					






A01K 2227/706
					






A01K 2267/02
					






A01K 2217/075
					






A01K 67/68
					






View less classifications",CAS CENTER FOR EXCELLENCE IN MOLECULAR PLANT SCIENCES中国科学院分子植物科学卓越创新中心,HUANG YONGPING黄勇平XU XIA徐霞BI HONGLUN毕洪论LI KAI李恺HE LIN何琳XU JUN许军WANG YAOHUI王耀辉LIU ZULIAN刘祖莲,上海恒慧知识产权代理事务所(特殊普通合伙) 31317,(EN) Method for preparing female sterile lepidoptera insects and nucleic acid construct by method(ZH) 一种制备雌性不育的鳞翅目昆虫的方法及其核酸构建物,,"(EN) The invention discloses a method for preparing female sterile lepidoptera insects and a nucleic acid construct by the method. The method comprises the following steps: 1) constructing an Osp gene knockout nucleic acid construct which comprises the following operably linked elements from 5' end to 3' end: a U6 promoter, a first Osp gene target and polyA; a U6 promoter, a second Osp gene target andpolyA; 2) co-transforming the construct and PHA3PIG plasmids capable of expressing Piggybac transposase into lepidoptera fresh insect eggs to obtain a G0 generation, and performing selfing to obtain aG1 generation; and (3) mating the G1 generation with the transgenic lepidoptera insects expressing a Cas9 protein to obtain a G2 generation, thereby obtaining the construct. According to the method,a CRISPR/Cas9 technology based on the piggyBac transposon is used for successfully constructing the lepidoptera insects with female sterility on the premise of not influencing normal mating behaviors,and the method has important value in the aspect of prevention and treatment of the lepidoptera insects through a female sterility technology.(ZH) 本发明公开了一种制备雌性不育的鳞翅目昆虫的方法及其核酸构建物。该方法包括：1)构建Osp基因敲除核酸构建物，其包括从5’端到3’端的以下可操作性连接的元件：U6启动子，第一Osp基因靶点和polyA；U6启动子，第二Osp基因靶点和polyA；2)将所述构建物和可表达Piggybac转座酶的PHA3PIG质粒共转鳞翅目新鲜昆虫卵，得G0代，自交得G1代；和，3)将所述G1代与表达Cas9蛋白的转基因鳞翅目昆虫交配得G2代，即得。本发明利用基于piggyBac转座子的CRISPR/Cas9技术成功构建了在不影响正常交配行为的前提下雌性不育的鳞翅目昆虫，在鳞翅目害虫通过雌性不育技术进行防治方面具有重要的价值。",112553250,26.01.2024,,
CN436457609,202410225449,China,29.02.2024,118360289,19.07.2024,B,"C12N 15/29
					






C07K 14/415
					






C12N 15/82
					






A01H 5/00
					






A01H 6/46
					








C12N 15/29
					






C07K 14/415
					






C12N 15/82
					






A01H 5/00
					






A01H 6/46
					






View less classifications","C07K 14/415
					






C12N 15/8273
					








C07K 14/415
					






C12N 15/8273
					






View less classifications","INSTITUTE OF BOTANY, THE CHINESE ACADEMY OF SCIENCES中国科学院植物研究所",WANG LEI王雷XU HANG徐航ZUO YI左毅XIANG HAOXIN向浩鑫,北京鼎德宝专利代理事务所(特殊普通合伙) 11823,(EN) Rice salt stress regulation gene OsEra1 and application thereof(ZH) 水稻盐胁迫调控基因OsEra1及其应用,,"(EN) The invention relates to the technical field of plant genes, in particular to a rice salt stress regulation gene OsEra1 and application thereof. The invention provides an OsEra1 gene for regulating and controlling the salt tolerance of rice. The OsEra1 gene is any one of the following genes: A1) an OsEra1 gene genome sequence of which the coding sequence is SEQ ID NO: 1 in a sequence table or an OsEra1 gene CDS sequence of which the coding sequence is SEQ ID NO: 2; a2) nucleotide is an OsEra1 gene genome sequence of SEQ ID NO: 1 in the sequence table or an OsEra1 gene CDS sequence of SEQ ID NO: 2 in the sequence table. The invention finds that after the OsEra1 gene is subjected to CRISPR (clustered regularly interspaced short palindromic repeats) gene editing and knockout, compared with a receptor rice Nipponbare, two different strains of osera1 knockout mutants after salt stress treatment present a salt sensitive phenotype, which proves that the OsEra1 gene plays an important role in the process of mediating RNA (Ribonucleic Acid) m6A modification and further responding to rice salt stress. The subsequent research on the OsEra1 and the m6A modification research on the downstream regulation and control gene of the OsEra1 have important significance in regulating and controlling the rice salt stress response through m6A modification.(ZH) 本发明涉及植物基因技术领域，尤其涉及水稻盐胁迫调控基因OsEra1及其应用。本发明提供了一种调控水稻耐盐性的OsEra1基因，所述OsEra1基因是如下任一种：A1)编码序列是序列表中SEQ ID NO:1的OsEra1基因基因组序列或SEQ ID NO:2的OsEra1基因CDS序列；A2)核苷酸是序列表中SEQ ID NO:1的OsEra1基因基因组序列或SEQ ID NO:2的OsEra1基因CDS序列。本发明发现将OsEra1基因进行CRISPR基因编辑敲除后，与受体水稻日本晴(Nipponbare)相比，盐胁迫处理后osera1敲除突变体的两个不同株系呈现盐敏感表型，证明OsEra1基因在介导RNA m6A修饰进而响应水稻盐胁迫的过程中发挥重要作用，后续对于OsEra1的研究以及对其下游调控基因的m6A修饰研究将对m6A修饰调控水稻盐胁迫响应有着重要意义。",118360289,18.02.2025,,
US238103315,15752514,United States of America,15.08.2016,20190062779,28.02.2019,B2,"C12N 15/82
					






C12N 5/14
					






C12N 15/66
					






C12N 9/10
					








C12N 15/82
					






C12N 5/14
					






C12N 15/66
					






C12N 9/10
					






View less classifications","C12N 5/14
					






C12N 15/8275
					






C12N 9/1092
					






C12N 15/66
					






C12N 15/8213
					






C12N 2310/20
					






View more classifications
							






C12N 5/14
					






C12N 15/8275
					






C12N 9/1092
					






C12N 15/66
					






C12N 15/8213
					






C12N 2310/20
					






C12Y 205/01019
					






View less classifications","Institute of Genetics and Developmental Biology, Chinese Academy of Sciences",Caixia GaoJun Li,Troutman Pepper Hamilton Sanders LLP,(EN) Method for obtaining glyphosate-resistant rice by site-directed nucleotide substitution,,"(EN) 
The present invention discloses a method for obtaining glyphosate-resistant rice by a site-directed nucleotide substitution, and also relates to a method capable of generating a site-directed nucleotide substitution and a fragment substitution. The method for obtaining a glyphosate-resistant plant provided by the present invention comprises the following steps: only substituting threonine (T) at position 8 of the amino acid sequence of a conserved region of endogenous EPSPS protein of a target plant with isoleucine (I), and substituting proline (P) at position 12 with serine (S) to obtain a plant, i.e., a glyphosate-resistant plant. The method provided by the present invention is of great significance in breeding new herbicide-resistant plant varieties. The present invention also discloses a method for utilizing a CRISPR-mediated NHEJ pathway to substitute a region between two gRNA sites by designing the two gRNA sites, thereby realizing a site-directed mutation of a target nucleotide and site-directed substitution of a fragment.",11767536,26.09.2023,201510500930.8 14.08.2015 CN,"CN106467909

AU2016309392

KR1020180031765

EP3334832

BR112018002026

EA201890492

JP2018527920

KR1020200078685

WO/2017/028768

AR105713

CA2994883

UAa201802118This application is not viewable in PATENTSCOPE because the national phase entry has not been published yet or the national entry is issued from a country that does not share data with WIPO or there is a formatting issue or an unavailability of the application."
CN298604086,202010175242,China,13.03.2020,111321165,23.06.2020,B,"C12N 15/82
					






C12N 15/84
					






A01H 5/00
					






A01H 5/10
					






A01H 6/82
					








C12N 15/82
					






C12N 15/84
					






A01H 5/00
					






A01H 5/10
					






A01H 6/82
					






View less classifications","C12N 15/8218
					






C12N 15/8261
					






C12N 15/8267
					








C12N 15/8218
					






C12N 15/8261
					






C12N 15/8267
					






View less classifications",ZHEJIANG UNIVERSITY浙江大学,ZHOU JIE周杰WANG KAIXIN王开心PAN YANTING潘燕婷YU JINGQUAN喻景权,杭州天勤知识产权代理有限公司 33224,(EN) Method for promoting growth and development of solanum lycopersicum(ZH) 一种促进番茄生长发育的方法,,"(EN) The invention discloses a method for promoting growth and development of solanum lycopersicum. According to the method, expression of an miR171b gene of which the base sequence is shown in SEQ ID NO:1is inhibited. By inhibiting expression of miR171b of solanum lycopersicum by using a CRISPR/Cas9 (clustered regularly interspaced short palindromic repeat/Cas9) technology, an miR171b mutant plant can be generated, growth and development of the solanum lycopersicum can be promoted, and the specific performance is that germination of seeds of the solanum lycopersicum can be promoted, growth at seedling stages can be promoted, and yields and quality of the solanum lycopersicum can be improved.(ZH) 本发明公开了一种促进番茄生长发育的方法，在番茄中抑制表达碱基序列如SEQ ID NO：1所示的miR171b基因。本发明通过CRISPR/Cas9技术抑制番茄miR171b的表达，产生miR171b突变体植株，可促进番茄生长发育，具体表现有促进番茄种子萌发，促进苗期生长，提高番茄产量及品质。",111321165,25.06.2021,,
CN313726735,202010913903,China,03.09.2020,112048011,08.12.2020,B,"C07K 14/415
					






C12N 15/29
					






C12N 15/82
					






A01H 5/00
					






A01H 6/46
					








C07K 14/415
					






C12N 15/29
					






C12N 15/82
					






A01H 5/00
					






A01H 6/46
					






View less classifications","C07K 14/415
					






C12N 15/8273
					






C12N 15/8216
					








C07K 14/415
					






C12N 15/8273
					






C12N 15/8216
					






View less classifications",NANCHANG UNIVERSITY南昌大学,LIAO PENGFEI廖鹏飞WANG LEQUAN王乐权LI HUI李惠LI SHAOBO李绍波WANG XIN王鑫ZHU YOULIN朱友林,北京众合诚成知识产权代理有限公司 11246,(EN) Application of rice gene OsNF-YC5 in improving salt tolerance of rice(ZH) 一种提高水稻耐盐能力的方法,,"(EN) The invention relates to the technical field of plant genetic engineering and rice molecular breeding, and particularly relates to application of a rice gene OsNF-YC5 in improving salt tolerance of rice. The rice gene OsNF-YC5 is knocked out or the expression of the rice gene OsNF-YC5 is down-regulated, so that the salt tolerance of the rice is improved, or a rice variety with high salt toleranceis bred; and the genomic DNA sequence of the rice gene OsNF-YC5 is shown as SEQ ID NO. 1. According to the application, the gene OsNF-YC5 can be knocked out or the expression of the gene OsNF-YC5 is down-regulated by genetic engineering means such as a CRISPR gene targeting editing technology, and a rice mutant with the down-regulated expression or function deletion of the gene is obtained, so that the tolerance of high salt stress is remarkably improved, and as a result, the gene can be applied to breeding of salt-tolerant rice varieties.(ZH) 本发明涉及植物基因工程技术和水稻分子育种技术领域；具体涉及水稻基因OsNF‑YC5在提高水稻耐盐能力中的应用。对水稻基因OsNF‑YC5进行敲除或下调其表达，提高水稻的耐盐能力，或者选育耐盐能力高的水稻品种；水稻基因OsNF‑YC5基因组DNA序列如SEQ ID NO.1所示。本发明可通过CRISPR等基因靶向编辑技术等基因工程手段对OsNF‑YC5基因进行基因敲除或下调表达，获得该基因下调表达或功能缺失水稻突变体显著提高了高盐胁迫的耐受能力，因此，该基因可以应用于培育耐盐水稻品种。",112048011,22.03.2022,,
CN301616801,202010256963,China,03.04.2020,111440819,24.07.2020,B,"C12N 15/82
					






A01H 5/00
					






A01H 6/46
					








C12N 15/82
					






A01H 5/00
					






A01H 6/46
					






View less classifications","C12N 15/8218
					






C12N 15/8213
					






C12N 15/8261
					








C12N 15/8218
					






C12N 15/8213
					






C12N 15/8261
					






View less classifications","BAOSHAN HUADA WISDOM AGRICULTURAL TECHNOLOGY CO., LTD.保山华大智慧农业科技股份有限公司",ZHANG YESHENG张业胜LI YANXIA李艳霞HUANG LIYU黄立钰WANG WEN王文HU FENGYI胡凤益,昆明普发诺拉知识产权代理事务所(特殊普通合伙) 53209,(EN) Application of polygene knockout mutant in dry rice breeding(ZH) 多基因敲除突变体在旱稻育种中的应用,,"(EN) The invention discloses an application of a multi-gene knockout mutant in dry rice breeding. A base A, located in a 2087th site of a genome, of a fourth exon of a gene GW2 of the multi-gene knockout mutant deletes, and the base sequence is shown as SEQ ID NO.1; and meanwhile, a base A is inserted between a 359th-360th site of a genome, of a first exon of a gene SD1 of the multi-gene knockout mutant, 384bp of the 377th-760th site is replaced with A, and the base sequence is shown as SEQ ID NO.2. The multi-gene mutant is successfully obtained through a CRISPR/Cas9 multi-gene technology, and compared with wild type dry rice, the multi-gene mutant has the advantages that the ear number and thousand seed weight are increased, the plant height is reduced, the yield of the dry rice is remarkablyincreased, lodging resistance is achieved, and the multi-gene mutant has great application value in dry rice breeding.(ZH) 本发明公开了一种多基因敲除突变体在早稻育种中的应用，所述多基因敲除突变体的基因GW2第4外显子位于基因组第2087位碱基A缺失，碱基序列如SEQ ID NO.1；同时多基因敲除突变体的基因SD1第1外显子位于基因组第359‑360位间插入碱基A，第377‑760位384bp替换为A，碱基序列如SEQ ID NO.2。本发明通过CRISPR/Cas9多基因技术成功获得了多基因突变体，所述多基因突变体与野生型早稻相比，穗数和千粒重增加，株高降低，显著提高了早稻的产量，而且抗倒伏，在早稻育种中有很大的应用价值。",111440819,13.06.2023,,
CN400153460,202211627899,China,16.12.2022,116253785,13.06.2023,B,"C07K 14/415
					






C12N 15/29
					






C12N 15/84
					






A01H 5/00
					






A01H 6/88
					








C07K 14/415
					






C12N 15/29
					






C12N 15/84
					






A01H 5/00
					






A01H 6/88
					






View less classifications","C07K 14/415
					






C12N 15/8273
					






C12N 15/8218
					






C12N 15/8205
					








C07K 14/415
					






C12N 15/8273
					






C12N 15/8218
					






C12N 15/8205
					






View less classifications",NORTHWEST A&F UNIVERSITY西北农林科技大学,WEN YINGQIANG文颖强YU XUENA余雪娜LU MENGJIAO卢梦娇,北京汇知杰知识产权代理有限公司 11587北京汇知杰知识产权代理有限公司 11587,(EN) Separated negative regulation drought-resistant grape MYB transcription factor VviMYB30 and application thereof(ZH) 分离的负调控抗旱的葡萄MYB转录因子VviMYB30及其应用,,"(EN) The invention discloses a separated grape MYB transcription factor VviMYB30 capable of realizing negative regulation and drought resistance and application of the separated grape MYB transcription factor VviMYB30. The invention relates to the field of gene engineering, in particular to the field of drought-resistant breeding of grapes. VviMYB30 is separated from drought-intolerant European grape cabernet sauvignon through a gene cloning technology, a VviMYB30 transcription factor in the cabernet sauvignon grape is knocked out through a CRISPR/Cas9 gene editing technology, a drought-resistant gene editing grape plant is obtained, and the drought resistance of the grape is improved.(ZH) 本发明专利申请公开了分离的负调控抗旱的葡萄MYB转录因子因VviMYB30及其应用。本申请涉及基因工程领域，尤其是涉及葡萄抗旱育种领域。通过基因克隆技术从不耐旱的欧洲葡萄‘赤霞珠’中分离获得了VviMYB30，利用CRISPR/Cas9基因编辑技术敲除‘赤霞珠’葡萄中的VviMYB30转录因子，获得了抗旱的基因编辑葡萄植株，提高了葡萄的抗旱能力。",116253785,13.09.2024,,
CN364597141,202210178199,China,25.02.2022,114540411,27.05.2022,B,"C12N 15/84
					






C12N 15/65
					






A01H 5/02
					






A01H 5/00
					






A01H 6/34
					






C12N 15/29
					






View more classifications
							






C12N 15/84
					






C12N 15/65
					






A01H 5/02
					






A01H 5/00
					






A01H 6/34
					






C12N 15/29
					






A01H 1/02
					






View less classifications","C12N 15/8218
					






C12N 15/8261
					






C12N 15/827
					






C12N 15/65
					






C07K 14/415
					






A01H 1/021
					








C12N 15/8218
					






C12N 15/8261
					






C12N 15/827
					






C12N 15/65
					






C07K 14/415
					






A01H 1/021
					






View less classifications",AGRICULTURAL UNIVERSITY IN CHINA华中农业大学,YANG LI杨丽MA MINGRU马明茹ZHAO XIN赵欣ZHANG MIN张敏HE QIUYU何秋雨BIE ZHILONG别之龙,武汉蓝宝石专利代理事务所(特殊普通合伙) 42242,(EN) Application of CsMLO gene in increasing petal number and ventricle number of cucumber(ZH) CsMLO基因在提高黄瓜花瓣数和心室数中的应用,,"(EN) The invention relates to an application of a CsMLO gene in increasing the petal number and the ventricle number of cucumbers. The invention aims to provide a method for obtaining a transgenic plant through an agrobacterium-mediated genetic transformation method by editing CsMLO genes of the number of petals and the number of ventricles of cucumber through a CRISPR/Cas9 gene editing technology. The CsMLO gene can be used for synthesizing CsMLO, then mlo multi-mutants without Cas9 are obtained through separation through two continuous generations of selfing, and phenotypes of T2-generation mutants are investigated to find that the CsMLO gene can influence the number of cucumber petals and the number of ventricles. The number of petals in the CsMLO multi-mutant is increased, and the number of fruit ventricles is increased.(ZH) 本发明涉及CsMLO基因在提高黄瓜花瓣数和心室数中的应用。目的是提供一种通过CRISPR/Cas9基因编辑技术编辑黄瓜花瓣数和心室数CsMLO基因，通过农杆菌介导的遗传转化的方法获得转基因植株的方法。随后通过连续两代自交，分离获得不含Cas9的mlo多突变体，对T2代突变体调查表型，发现CsMLO基因可以影响黄瓜花瓣数目以及心室数。CsMLO多突变体中花瓣数目增加，果实心室数目增多。",114540411,14.11.2023,,